player_id,name,position,team,x,y,event_type
8464989,Matt Cullen,C,PIT,-74,4,block_hd
8464989,Matt Cullen,C,PIT,-70,-7,block_hd
8464989,Matt Cullen,C,PIT,75,3,block_hd
8464989,Matt Cullen,C,PIT,73,16,block_hd
8464989,Matt Cullen,C,PIT,-71,8,block_hd
8464989,Matt Cullen,C,PIT,-75,-20,block_non_hd
8464989,Matt Cullen,C,PIT,63,7,block_non_hd
8464989,Matt Cullen,C,PIT,-44,-26,block_non_hd
8464989,Matt Cullen,C,PIT,51,-4,block_non_hd
8464989,Matt Cullen,C,PIT,38,6,block_non_hd
8464989,Matt Cullen,C,PIT,60,25,block_non_hd
8464989,Matt Cullen,C,PIT,-64,-14,block_non_hd
8464989,Matt Cullen,C,PIT,-44,-26,block_non_hd
8464989,Matt Cullen,C,PIT,-78,-1,crease_goal
8464989,Matt Cullen,C,PIT,-69,22,dz_faceoff_win
8464989,Matt Cullen,C,PIT,-69,-22,dz_faceoff_win
8464989,Matt Cullen,C,PIT,69,-22,dz_faceoff_win
8464989,Matt Cullen,C,PIT,-69,22,dz_faceoff_win
8464989,Matt Cullen,C,PIT,-69,-21,dz_faceoff_win
8464989,Matt Cullen,C,PIT,-69,21,dz_faceoff_win
8464989,Matt Cullen,C,PIT,-69,-22,dz_faceoff_win
8464989,Matt Cullen,C,PIT,69,22,dz_faceoff_win
8464989,Matt Cullen,C,PIT,69,22,dz_faceoff_win
8464989,Matt Cullen,C,PIT,69,-38,dz_faceoff_win
8464989,Matt Cullen,C,PIT,69,38,dz_faceoff_win
8464989,Matt Cullen,C,PIT,-69,38,dz_faceoff_win
8464989,Matt Cullen,C,PIT,-69,39,dz_faceoff_win
8464989,Matt Cullen,C,PIT,-80,28,dz_faceoff_win
8464989,Matt Cullen,C,PIT,69,40,dz_faceoff_win
8464989,Matt Cullen,C,PIT,-71,-20,dz_faceoff_win
8464989,Matt Cullen,C,PIT,68,23,dz_faceoff_win
8464989,Matt Cullen,C,PIT,-69,22,dz_faceoff_win
8464989,Matt Cullen,C,PIT,-69,-22,dz_faceoff_win
8464989,Matt Cullen,C,PIT,-69,-23,dz_faceoff_win
8464989,Matt Cullen,C,PIT,-69,21,dz_faceoff_win
8464989,Matt Cullen,C,PIT,69,-22,dz_faceoff_win
8464989,Matt Cullen,C,PIT,-69,-22,dz_faceoff_win
8464989,Matt Cullen,C,PIT,-69,22,dz_faceoff_win
8464989,Matt Cullen,C,PIT,-70,22,dz_faceoff_win
8464989,Matt Cullen,C,PIT,-69,-23,dz_faceoff_win
8464989,Matt Cullen,C,PIT,-70,21,dz_faceoff_win
8464989,Matt Cullen,C,PIT,-69,-22,dz_faceoff_win
8464989,Matt Cullen,C,PIT,-69,-22,dz_faceoff_win
8464989,Matt Cullen,C,PIT,69,22,dz_faceoff_win
8464989,Matt Cullen,C,PIT,70,-23,dz_faceoff_win
8464989,Matt Cullen,C,PIT,-69,22,dz_faceoff_win
8464989,Matt Cullen,C,PIT,69,-22,dz_faceoff_win
8464989,Matt Cullen,C,PIT,69,-22,dz_faceoff_win
8464989,Matt Cullen,C,PIT,-69,22,dz_faceoff_win
8464989,Matt Cullen,C,PIT,-69,22,dz_faceoff_win
8464989,Matt Cullen,C,PIT,-69,-21,dz_faceoff_win
8464989,Matt Cullen,C,PIT,69,22,dz_faceoff_win
8464989,Matt Cullen,C,PIT,-69,21,dz_faceoff_win
8464989,Matt Cullen,C,PIT,-69,22,dz_faceoff_win
8464989,Matt Cullen,C,PIT,-68,21,dz_faceoff_win
8464989,Matt Cullen,C,PIT,-69,22,dz_faceoff_win
8464989,Matt Cullen,C,PIT,-69,22,dz_faceoff_win
8464989,Matt Cullen,C,PIT,69,-22,dz_faceoff_win
8464989,Matt Cullen,C,PIT,-68,21,dz_faceoff_win
8464989,Matt Cullen,C,PIT,-70,22,dz_faceoff_win
8464989,Matt Cullen,C,PIT,-69,-22,dz_faceoff_win
8464989,Matt Cullen,C,PIT,-69,22,dz_faceoff_win
8464989,Matt Cullen,C,PIT,-69,-22,dz_faceoff_win
8464989,Matt Cullen,C,PIT,-69,-22,dz_faceoff_win
8464989,Matt Cullen,C,PIT,-69,-22,dz_faceoff_win
8464989,Matt Cullen,C,PIT,-69,22,dz_faceoff_win
8464989,Matt Cullen,C,PIT,69,22,dz_faceoff_win
8464989,Matt Cullen,C,PIT,-69,-22,dz_faceoff_win
8464989,Matt Cullen,C,PIT,69,-22,dz_faceoff_win
8464989,Matt Cullen,C,PIT,-69,22,dz_faceoff_win
8464989,Matt Cullen,C,PIT,-69,21,dz_faceoff_win
8464989,Matt Cullen,C,PIT,70,-23,dz_faceoff_win
8464989,Matt Cullen,C,PIT,-69,-22,dz_faceoff_win
8464989,Matt Cullen,C,PIT,69,22,dz_faceoff_win
8464989,Matt Cullen,C,PIT,69,-22,dz_faceoff_win
8464989,Matt Cullen,C,PIT,69,22,dz_faceoff_win
8464989,Matt Cullen,C,PIT,-69,-21,dz_faceoff_win
8464989,Matt Cullen,C,PIT,68,22,dz_faceoff_win
8464989,Matt Cullen,C,PIT,-68,21,dz_faceoff_win
8464989,Matt Cullen,C,PIT,69,22,dz_faceoff_win
8464989,Matt Cullen,C,PIT,69,-22,dz_faceoff_win
8464989,Matt Cullen,C,PIT,69,-22,dz_faceoff_win
8464989,Matt Cullen,C,PIT,69,-22,dz_faceoff_win
8464989,Matt Cullen,C,PIT,69,-23,dz_faceoff_win
8464989,Matt Cullen,C,PIT,-69,-22,dz_faceoff_win
8464989,Matt Cullen,C,PIT,-69,-22,dz_faceoff_win
8464989,Matt Cullen,C,PIT,-69,21,dz_faceoff_win
8464989,Matt Cullen,C,PIT,-69,22,dz_faceoff_win
8464989,Matt Cullen,C,PIT,-69,21,dz_faceoff_win
8464989,Matt Cullen,C,PIT,70,22,dz_faceoff_win
8464989,Matt Cullen,C,PIT,70,22,dz_faceoff_win
8464989,Matt Cullen,C,PIT,70,22,dz_faceoff_win
8464989,Matt Cullen,C,PIT,70,-22,dz_faceoff_win
8464989,Matt Cullen,C,PIT,69,21,dz_faceoff_win
8464989,Matt Cullen,C,PIT,-67,-22,dz_faceoff_win
8464989,Matt Cullen,C,PIT,-73,-22,dz_faceoff_win
8464989,Matt Cullen,C,PIT,-69,21,dz_faceoff_win
8464989,Matt Cullen,C,PIT,-69,-23,dz_faceoff_win
8464989,Matt Cullen,C,PIT,70,21,dz_faceoff_win
8464989,Matt Cullen,C,PIT,70,22,dz_faceoff_win
8464989,Matt Cullen,C,PIT,70,-22,dz_faceoff_win
8464989,Matt Cullen,C,PIT,70,-22,dz_faceoff_win
8464989,Matt Cullen,C,PIT,69,-22,dz_faceoff_win
8464989,Matt Cullen,C,PIT,69,22,dz_faceoff_win
8464989,Matt Cullen,C,PIT,-69,-23,dz_faceoff_win
8464989,Matt Cullen,C,PIT,-69,21,dz_faceoff_win
8464989,Matt Cullen,C,PIT,70,-21,dz_faceoff_win
8464989,Matt Cullen,C,PIT,69,22,dz_faceoff_win
8464989,Matt Cullen,C,PIT,69,-22,dz_faceoff_win
8464989,Matt Cullen,C,PIT,-69,22,dz_faceoff_win
8464989,Matt Cullen,C,PIT,69,-23,dz_faceoff_win
8464989,Matt Cullen,C,PIT,69,22,dz_faceoff_win
8464989,Matt Cullen,C,PIT,69,-22,dz_faceoff_win
8464989,Matt Cullen,C,PIT,69,-22,dz_faceoff_win
8464989,Matt Cullen,C,PIT,-69,21,dz_faceoff_win
8464989,Matt Cullen,C,PIT,-69,21,dz_faceoff_win
8464989,Matt Cullen,C,PIT,-68,21,dz_faceoff_win
8464989,Matt Cullen,C,PIT,69,21,dz_faceoff_win
8464989,Matt Cullen,C,PIT,72,21,dz_faceoff_win
8464989,Matt Cullen,C,PIT,-68,-23,dz_faceoff_win
8464989,Matt Cullen,C,PIT,69,22,dz_faceoff_win
8464989,Matt Cullen,C,PIT,69,22,dz_faceoff_win
8464989,Matt Cullen,C,PIT,69,-21,dz_faceoff_win
8464989,Matt Cullen,C,PIT,97,-8,hit_taken
8464989,Matt Cullen,C,PIT,97,14,hit_taken
8464989,Matt Cullen,C,PIT,82,40,hit_taken
8464989,Matt Cullen,C,PIT,-45,-38,hit_taken
8464989,Matt Cullen,C,PIT,99,-12,hit_taken
8464989,Matt Cullen,C,PIT,98,-8,hit_taken
8464989,Matt Cullen,C,PIT,45,39,hit_taken
8464989,Matt Cullen,C,PIT,-40,38,hit_taken
8464989,Matt Cullen,C,PIT,-90,37,hit_taken
8464989,Matt Cullen,C,PIT,99,-25,hit_taken
8464989,Matt Cullen,C,PIT,-27,-40,hit_taken
8464989,Matt Cullen,C,PIT,-96,16,hit_taken
8464989,Matt Cullen,C,PIT,32,30,hit_taken
8464989,Matt Cullen,C,PIT,98,-8,hit_taken
8464989,Matt Cullen,C,PIT,-98,8,hit_taken
8464989,Matt Cullen,C,PIT,96,11,hit_taken
8464989,Matt Cullen,C,PIT,-14,40,hit_taken
8464989,Matt Cullen,C,PIT,-32,40,hit_taken
8464989,Matt Cullen,C,PIT,-49,39,hit_taken
8464989,Matt Cullen,C,PIT,79,40,hit_taken
8464989,Matt Cullen,C,PIT,67,20,hit_taken
8464989,Matt Cullen,C,PIT,4,29,hit_taken
8464989,Matt Cullen,C,PIT,99,7,hit_taken
8464989,Matt Cullen,C,PIT,5,-27,hit_taken
8464989,Matt Cullen,C,PIT,5,-38,hit_taken
8464989,Matt Cullen,C,PIT,83,-40,hit_taken
8464989,Matt Cullen,C,PIT,95,-35,hit_taken
8464989,Matt Cullen,C,PIT,39,38,hit_taken
8464989,Matt Cullen,C,PIT,-93,8,hit_taken
8464989,Matt Cullen,C,PIT,-98,29,hit_taken
8464989,Matt Cullen,C,PIT,-72,41,hit_taken
8464989,Matt Cullen,C,PIT,-94,-8,hit_taken
8464989,Matt Cullen,C,PIT,98,-21,hit_thrown
8464989,Matt Cullen,C,PIT,-64,39,hit_thrown
8464989,Matt Cullen,C,PIT,-94,21,hit_thrown
8464989,Matt Cullen,C,PIT,97,8,hit_thrown
8464989,Matt Cullen,C,PIT,-54,40,hit_thrown
8464989,Matt Cullen,C,PIT,-10,-40,hit_thrown
8464989,Matt Cullen,C,PIT,93,37,hit_thrown
8464989,Matt Cullen,C,PIT,-97,18,hit_thrown
8464989,Matt Cullen,C,PIT,-5,40,hit_thrown
8464989,Matt Cullen,C,PIT,80,40,hit_thrown
8464989,Matt Cullen,C,PIT,-97,-10,hit_thrown
8464989,Matt Cullen,C,PIT,-81,41,hit_thrown
8464989,Matt Cullen,C,PIT,-76,-40,hit_thrown
8464989,Matt Cullen,C,PIT,-85,37,hit_thrown
8464989,Matt Cullen,C,PIT,-58,39,hit_thrown
8464989,Matt Cullen,C,PIT,-66,15,hit_thrown
8464989,Matt Cullen,C,PIT,96,10,hit_thrown
8464989,Matt Cullen,C,PIT,-41,2,hit_thrown
8464989,Matt Cullen,C,PIT,-60,-38,hit_thrown
8464989,Matt Cullen,C,PIT,-97,27,hit_thrown
8464989,Matt Cullen,C,PIT,73,-2,takeaway_hd
8464989,Matt Cullen,C,PIT,17,29,takeaway_other
8464989,Matt Cullen,C,PIT,57,-30,takeaway_other
8464989,Matt Cullen,C,PIT,-67,31,takeaway_other
8465009,Zdeno Chara,D,BOS,-79,18,block_hd
8465009,Zdeno Chara,D,BOS,74,-8,block_hd
8465009,Zdeno Chara,D,BOS,-63,23,block_non_hd
8465009,Zdeno Chara,D,BOS,58,0,block_non_hd
8465009,Zdeno Chara,D,BOS,52,5,block_non_hd
8465009,Zdeno Chara,D,BOS,58,-6,block_non_hd
8465009,Zdeno Chara,D,BOS,-63,9,block_non_hd
8465009,Zdeno Chara,D,BOS,-67,12,block_non_hd
8465009,Zdeno Chara,D,BOS,-67,7,block_non_hd
8465009,Zdeno Chara,D,BOS,96,-8,hit_taken
8465009,Zdeno Chara,D,BOS,-8,-40,hit_taken
8465009,Zdeno Chara,D,BOS,-93,38,hit_taken
8465009,Zdeno Chara,D,BOS,49,40,hit_taken
8465009,Zdeno Chara,D,BOS,-78,39,hit_taken
8465009,Zdeno Chara,D,BOS,97,13,hit_taken
8465009,Zdeno Chara,D,BOS,-89,-33,hit_taken
8465009,Zdeno Chara,D,BOS,-79,39,hit_taken
8465009,Zdeno Chara,D,BOS,95,-20,hit_taken
8465009,Zdeno Chara,D,BOS,-91,-8,hit_taken
8465009,Zdeno Chara,D,BOS,96,-27,hit_taken
8465009,Zdeno Chara,D,BOS,-94,-25,hit_taken
8465009,Zdeno Chara,D,BOS,-64,-39,hit_taken
8465009,Zdeno Chara,D,BOS,23,-37,hit_taken
8465009,Zdeno Chara,D,BOS,-90,28,hit_taken
8465009,Zdeno Chara,D,BOS,-13,-38,hit_taken
8465009,Zdeno Chara,D,BOS,-76,36,hit_taken
8465009,Zdeno Chara,D,BOS,93,-31,hit_thrown
8465009,Zdeno Chara,D,BOS,97,-8,hit_thrown
8465009,Zdeno Chara,D,BOS,-94,34,hit_thrown
8465009,Zdeno Chara,D,BOS,70,-39,hit_thrown
8465009,Zdeno Chara,D,BOS,91,-36,hit_thrown
8465009,Zdeno Chara,D,BOS,6,40,hit_thrown
8465009,Zdeno Chara,D,BOS,56,-40,hit_thrown
8465009,Zdeno Chara,D,BOS,-68,-41,hit_thrown
8465009,Zdeno Chara,D,BOS,75,-41,hit_thrown
8465009,Zdeno Chara,D,BOS,-80,38,hit_thrown
8465009,Zdeno Chara,D,BOS,-69,32,hit_thrown
8465009,Zdeno Chara,D,BOS,-82,-37,hit_thrown
8465009,Zdeno Chara,D,BOS,-17,38,hit_thrown
8465009,Zdeno Chara,D,BOS,-77,34,hit_thrown
8465009,Zdeno Chara,D,BOS,95,30,hit_thrown
8465009,Zdeno Chara,D,BOS,50,-37,hit_thrown
8465009,Zdeno Chara,D,BOS,-82,36,hit_thrown
8465009,Zdeno Chara,D,BOS,53,-37,hit_thrown
8465009,Zdeno Chara,D,BOS,57,-38,hit_thrown
8465009,Zdeno Chara,D,BOS,-70,12,hit_thrown
8465009,Zdeno Chara,D,BOS,23,-29,hit_thrown
8465009,Zdeno Chara,D,BOS,-82,36,hit_thrown
8465009,Zdeno Chara,D,BOS,-87,37,hit_thrown
8465009,Zdeno Chara,D,BOS,95,-26,hit_thrown
8465009,Zdeno Chara,D,BOS,-4,-35,hit_thrown
8465009,Zdeno Chara,D,BOS,95,31,hit_thrown
8465009,Zdeno Chara,D,BOS,-34,-36,hit_thrown
8465009,Zdeno Chara,D,BOS,42,-38,hit_thrown
8465009,Zdeno Chara,D,BOS,96,-26,hit_thrown
8465009,Zdeno Chara,D,BOS,-85,39,hit_thrown
8465009,Zdeno Chara,D,BOS,-94,11,hit_thrown
8465009,Zdeno Chara,D,BOS,-97,-1,hit_thrown
8465009,Zdeno Chara,D,BOS,-82,-37,hit_thrown
8465009,Zdeno Chara,D,BOS,55,-39,hit_thrown
8465009,Zdeno Chara,D,BOS,-31,39,hit_thrown
8465009,Zdeno Chara,D,BOS,-93,30,hit_thrown
8465009,Zdeno Chara,D,BOS,-97,6,takeaway_hd
8465009,Zdeno Chara,D,BOS,-72,29,takeaway_other
8466138,Joe Thornton,C,SJS,-77,22,block_non_hd
8466138,Joe Thornton,C,SJS,58,5,block_non_hd
8466138,Joe Thornton,C,SJS,69,-23,dz_faceoff_win
8466138,Joe Thornton,C,SJS,70,-22,dz_faceoff_win
8466138,Joe Thornton,C,SJS,-69,22,dz_faceoff_win
8466138,Joe Thornton,C,SJS,69,-22,dz_faceoff_win
8466138,Joe Thornton,C,SJS,-68,21,dz_faceoff_win
8466138,Joe Thornton,C,SJS,-69,23,dz_faceoff_win
8466138,Joe Thornton,C,SJS,69,-22,dz_faceoff_win
8466138,Joe Thornton,C,SJS,71,-23,dz_faceoff_win
8466138,Joe Thornton,C,SJS,70,-23,dz_faceoff_win
8466138,Joe Thornton,C,SJS,-69,23,dz_faceoff_win
8466138,Joe Thornton,C,SJS,69,-23,dz_faceoff_win
8466138,Joe Thornton,C,SJS,22,-39,hit_taken
8466138,Joe Thornton,C,SJS,-21,-36,hit_taken
8466138,Joe Thornton,C,SJS,8,-39,hit_taken
8466138,Joe Thornton,C,SJS,-71,40,hit_thrown
8466138,Joe Thornton,C,SJS,19,41,hit_thrown
8466138,Joe Thornton,C,SJS,79,-38,hit_thrown
8466138,Joe Thornton,C,SJS,35,42,hit_thrown
8466138,Joe Thornton,C,SJS,87,-40,hit_thrown
8466138,Joe Thornton,C,SJS,-98,4,takeaway_hd
8466139,Patrick Marleau,C,SJS,-85,3,crease_goal
8466139,Patrick Marleau,C,SJS,-84,-8,crease_goal
8466139,Patrick Marleau,C,SJS,-93,-8,hit_taken
8466139,Patrick Marleau,C,SJS,5,40,hit_taken
8466139,Patrick Marleau,C,SJS,1,40,hit_taken
8466139,Patrick Marleau,C,SJS,-90,-34,hit_taken
8466139,Patrick Marleau,C,SJS,-20,40,hit_taken
8466139,Patrick Marleau,C,SJS,-45,42,hit_taken
8466139,Patrick Marleau,C,SJS,-94,-35,hit_taken
8466139,Patrick Marleau,C,SJS,-98,-2,hit_taken
8466139,Patrick Marleau,C,SJS,-52,-40,hit_taken
8466139,Patrick Marleau,C,SJS,78,-22,hit_thrown
8466139,Patrick Marleau,C,SJS,-96,-9,hit_thrown
8466139,Patrick Marleau,C,SJS,9,40,hit_thrown
8466139,Patrick Marleau,C,SJS,17,-38,hit_thrown
8466139,Patrick Marleau,C,SJS,85,41,hit_thrown
8466139,Patrick Marleau,C,SJS,-54,39,hit_thrown
8466139,Patrick Marleau,C,SJS,96,-9,hit_thrown
8466139,Patrick Marleau,C,SJS,-94,35,hit_thrown
8466139,Patrick Marleau,C,SJS,-98,28,hit_thrown
8466139,Patrick Marleau,C,SJS,6,40,hit_thrown
8466139,Patrick Marleau,C,SJS,-81,24,hit_thrown
8466139,Patrick Marleau,C,SJS,-17,-39,hit_thrown
8466139,Patrick Marleau,C,SJS,73,40,hit_thrown
8466139,Patrick Marleau,C,SJS,97,-7,hit_thrown
8466139,Patrick Marleau,C,SJS,93,23,hit_thrown
8466139,Patrick Marleau,C,SJS,79,42,hit_thrown
8466139,Patrick Marleau,C,SJS,-94,36,hit_thrown
8466139,Patrick Marleau,C,SJS,23,16,takeaway_other
8466139,Patrick Marleau,C,SJS,70,33,takeaway_other
8466148,Marian Hossa,R,CHI,70,-5,block_hd
8466148,Marian Hossa,R,CHI,49,-1,block_non_hd
8466148,Marian Hossa,R,CHI,60,2,block_non_hd
8466148,Marian Hossa,R,CHI,-49,-2,block_non_hd
8466148,Marian Hossa,R,CHI,-89,38,hit_taken
8466148,Marian Hossa,R,CHI,95,25,hit_taken
8466148,Marian Hossa,R,CHI,-51,38,hit_taken
8466148,Marian Hossa,R,CHI,95,23,hit_taken
8466148,Marian Hossa,R,CHI,-84,11,hit_taken
8466148,Marian Hossa,R,CHI,33,-38,hit_taken
8466148,Marian Hossa,R,CHI,-88,36,hit_thrown
8466148,Marian Hossa,R,CHI,-94,26,hit_thrown
8466148,Marian Hossa,R,CHI,-80,39,hit_thrown
8466148,Marian Hossa,R,CHI,66,39,takeaway_other
8466148,Marian Hossa,R,CHI,-9,-36,takeaway_other
8466148,Marian Hossa,R,CHI,-42,37,takeaway_other
8466285,Brian Campbell,D,CHI,-84,-6,block_hd
8466285,Brian Campbell,D,CHI,71,-14,block_hd
8466285,Brian Campbell,D,CHI,75,5,block_hd
8466285,Brian Campbell,D,CHI,80,-8,block_hd
8466285,Brian Campbell,D,CHI,74,1,block_hd
8466285,Brian Campbell,D,CHI,61,-10,block_non_hd
8466285,Brian Campbell,D,CHI,-45,9,block_non_hd
8466285,Brian Campbell,D,CHI,39,-39,hit_taken
8466285,Brian Campbell,D,CHI,97,-14,hit_taken
8466285,Brian Campbell,D,CHI,57,37,hit_taken
8466285,Brian Campbell,D,CHI,57,36,hit_taken
8466285,Brian Campbell,D,CHI,92,-38,hit_taken
8466285,Brian Campbell,D,CHI,77,-37,hit_taken
8466285,Brian Campbell,D,CHI,6,40,hit_taken
8466285,Brian Campbell,D,CHI,86,-39,hit_taken
8466285,Brian Campbell,D,CHI,39,37,hit_taken
8466285,Brian Campbell,D,CHI,85,38,hit_taken
8466285,Brian Campbell,D,CHI,-8,-39,hit_taken
8466285,Brian Campbell,D,CHI,95,-28,hit_taken
8466285,Brian Campbell,D,CHI,-31,-39,hit_taken
8466285,Brian Campbell,D,CHI,-83,-40,hit_thrown
8467370,Mike Fisher,C,NSH,73,-15,block_hd
8467370,Mike Fisher,C,NSH,73,-10,block_hd
8467370,Mike Fisher,C,NSH,-83,-6,block_hd
8467370,Mike Fisher,C,NSH,71,-9,block_hd
8467370,Mike Fisher,C,NSH,74,-10,block_hd
8467370,Mike Fisher,C,NSH,74,-14,block_hd
8467370,Mike Fisher,C,NSH,80,-6,block_hd
8467370,Mike Fisher,C,NSH,75,-10,block_hd
8467370,Mike Fisher,C,NSH,76,-10,block_hd
8467370,Mike Fisher,C,NSH,-73,-10,block_hd
8467370,Mike Fisher,C,NSH,-77,3,block_hd
8467370,Mike Fisher,C,NSH,-42,-21,block_non_hd
8467370,Mike Fisher,C,NSH,57,10,block_non_hd
8467370,Mike Fisher,C,NSH,-52,-15,block_non_hd
8467370,Mike Fisher,C,NSH,76,22,block_non_hd
8467370,Mike Fisher,C,NSH,-57,-19,block_non_hd
8467370,Mike Fisher,C,NSH,62,15,block_non_hd
8467370,Mike Fisher,C,NSH,46,-19,block_non_hd
8467370,Mike Fisher,C,NSH,67,20,block_non_hd
8467370,Mike Fisher,C,NSH,-52,-21,block_non_hd
8467370,Mike Fisher,C,NSH,63,-12,block_non_hd
8467370,Mike Fisher,C,NSH,63,4,block_non_hd
8467370,Mike Fisher,C,NSH,-67,20,dz_faceoff_win
8467370,Mike Fisher,C,NSH,-69,22,dz_faceoff_win
8467370,Mike Fisher,C,NSH,70,22,dz_faceoff_win
8467370,Mike Fisher,C,NSH,-69,-22,dz_faceoff_win
8467370,Mike Fisher,C,NSH,-70,20,dz_faceoff_win
8467370,Mike Fisher,C,NSH,-67,22,dz_faceoff_win
8467370,Mike Fisher,C,NSH,-71,-22,dz_faceoff_win
8467370,Mike Fisher,C,NSH,-66,21,dz_faceoff_win
8467370,Mike Fisher,C,NSH,70,22,dz_faceoff_win
8467370,Mike Fisher,C,NSH,69,-23,dz_faceoff_win
8467370,Mike Fisher,C,NSH,-67,21,dz_faceoff_win
8467370,Mike Fisher,C,NSH,-68,-21,dz_faceoff_win
8467370,Mike Fisher,C,NSH,-68,-20,dz_faceoff_win
8467370,Mike Fisher,C,NSH,-68,-22,dz_faceoff_win
8467370,Mike Fisher,C,NSH,-68,-22,dz_faceoff_win
8467370,Mike Fisher,C,NSH,-68,21,dz_faceoff_win
8467370,Mike Fisher,C,NSH,-69,-22,dz_faceoff_win
8467370,Mike Fisher,C,NSH,-68,-23,dz_faceoff_win
8467370,Mike Fisher,C,NSH,69,-23,dz_faceoff_win
8467370,Mike Fisher,C,NSH,-68,21,dz_faceoff_win
8467370,Mike Fisher,C,NSH,-69,22,dz_faceoff_win
8467370,Mike Fisher,C,NSH,-68,-23,dz_faceoff_win
8467370,Mike Fisher,C,NSH,-70,21,dz_faceoff_win
8467370,Mike Fisher,C,NSH,-67,21,dz_faceoff_win
8467370,Mike Fisher,C,NSH,69,21,dz_faceoff_win
8467370,Mike Fisher,C,NSH,70,22,dz_faceoff_win
8467370,Mike Fisher,C,NSH,70,-23,dz_faceoff_win
8467370,Mike Fisher,C,NSH,77,-29,dz_faceoff_win
8467370,Mike Fisher,C,NSH,-69,17,dz_faceoff_win
8467370,Mike Fisher,C,NSH,69,21,dz_faceoff_win
8467370,Mike Fisher,C,NSH,69,22,dz_faceoff_win
8467370,Mike Fisher,C,NSH,69,22,dz_faceoff_win
8467370,Mike Fisher,C,NSH,69,22,dz_faceoff_win
8467370,Mike Fisher,C,NSH,69,21,dz_faceoff_win
8467370,Mike Fisher,C,NSH,69,-22,dz_faceoff_win
8467370,Mike Fisher,C,NSH,69,22,dz_faceoff_win
8467370,Mike Fisher,C,NSH,-69,-23,dz_faceoff_win
8467370,Mike Fisher,C,NSH,70,-23,dz_faceoff_win
8467370,Mike Fisher,C,NSH,69,-23,dz_faceoff_win
8467370,Mike Fisher,C,NSH,-69,-23,dz_faceoff_win
8467370,Mike Fisher,C,NSH,70,-23,dz_faceoff_win
8467370,Mike Fisher,C,NSH,70,-23,dz_faceoff_win
8467370,Mike Fisher,C,NSH,70,22,dz_faceoff_win
8467370,Mike Fisher,C,NSH,69,-22,dz_faceoff_win
8467370,Mike Fisher,C,NSH,69,-23,dz_faceoff_win
8467370,Mike Fisher,C,NSH,69,-23,dz_faceoff_win
8467370,Mike Fisher,C,NSH,-69,21,dz_faceoff_win
8467370,Mike Fisher,C,NSH,70,21,dz_faceoff_win
8467370,Mike Fisher,C,NSH,69,22,dz_faceoff_win
8467370,Mike Fisher,C,NSH,69,21,dz_faceoff_win
8467370,Mike Fisher,C,NSH,-69,22,dz_faceoff_win
8467370,Mike Fisher,C,NSH,-68,-23,dz_faceoff_win
8467370,Mike Fisher,C,NSH,70,20,dz_faceoff_win
8467370,Mike Fisher,C,NSH,71,22,dz_faceoff_win
8467370,Mike Fisher,C,NSH,-69,-23,dz_faceoff_win
8467370,Mike Fisher,C,NSH,-69,-23,dz_faceoff_win
8467370,Mike Fisher,C,NSH,-68,21,dz_faceoff_win
8467370,Mike Fisher,C,NSH,69,-22,dz_faceoff_win
8467370,Mike Fisher,C,NSH,-68,21,dz_faceoff_win
8467370,Mike Fisher,C,NSH,66,26,dz_faceoff_win
8467370,Mike Fisher,C,NSH,67,-22,dz_faceoff_win
8467370,Mike Fisher,C,NSH,-71,-23,dz_faceoff_win
8467370,Mike Fisher,C,NSH,68,-22,dz_faceoff_win
8467370,Mike Fisher,C,NSH,-69,-21,dz_faceoff_win
8467370,Mike Fisher,C,NSH,-69,22,dz_faceoff_win
8467370,Mike Fisher,C,NSH,-67,-22,dz_faceoff_win
8467370,Mike Fisher,C,NSH,-68,-23,dz_faceoff_win
8467370,Mike Fisher,C,NSH,70,21,dz_faceoff_win
8467370,Mike Fisher,C,NSH,69,-21,dz_faceoff_win
8467370,Mike Fisher,C,NSH,-69,-22,dz_faceoff_win
8467370,Mike Fisher,C,NSH,-69,22,dz_faceoff_win
8467370,Mike Fisher,C,NSH,72,-22,dz_faceoff_win
8467370,Mike Fisher,C,NSH,68,-22,dz_faceoff_win
8467370,Mike Fisher,C,NSH,70,-22,dz_faceoff_win
8467370,Mike Fisher,C,NSH,-69,-22,dz_faceoff_win
8467370,Mike Fisher,C,NSH,69,-22,dz_faceoff_win
8467370,Mike Fisher,C,NSH,69,22,dz_faceoff_win
8467370,Mike Fisher,C,NSH,-69,-22,dz_faceoff_win
8467370,Mike Fisher,C,NSH,-69,-22,dz_faceoff_win
8467370,Mike Fisher,C,NSH,70,21,dz_faceoff_win
8467370,Mike Fisher,C,NSH,-68,22,dz_faceoff_win
8467370,Mike Fisher,C,NSH,-68,-21,dz_faceoff_win
8467370,Mike Fisher,C,NSH,68,-23,dz_faceoff_win
8467370,Mike Fisher,C,NSH,-68,21,dz_faceoff_win
8467370,Mike Fisher,C,NSH,-68,-24,dz_faceoff_win
8467370,Mike Fisher,C,NSH,-74,19,dz_faceoff_win
8467370,Mike Fisher,C,NSH,69,-21,dz_faceoff_win
8467370,Mike Fisher,C,NSH,-69,-22,dz_faceoff_win
8467370,Mike Fisher,C,NSH,-68,22,dz_faceoff_win
8467370,Mike Fisher,C,NSH,-68,-21,dz_faceoff_win
8467370,Mike Fisher,C,NSH,-69,21,dz_faceoff_win
8467370,Mike Fisher,C,NSH,-91,36,hit_taken
8467370,Mike Fisher,C,NSH,23,-36,hit_taken
8467370,Mike Fisher,C,NSH,8,35,hit_taken
8467370,Mike Fisher,C,NSH,20,40,hit_taken
8467370,Mike Fisher,C,NSH,90,38,hit_taken
8467370,Mike Fisher,C,NSH,94,-38,hit_taken
8467370,Mike Fisher,C,NSH,5,4,hit_taken
8467370,Mike Fisher,C,NSH,14,37,hit_taken
8467370,Mike Fisher,C,NSH,-56,-38,hit_taken
8467370,Mike Fisher,C,NSH,-49,38,hit_taken
8467370,Mike Fisher,C,NSH,85,40,hit_taken
8467370,Mike Fisher,C,NSH,66,-39,hit_taken
8467370,Mike Fisher,C,NSH,85,31,hit_taken
8467370,Mike Fisher,C,NSH,96,-30,hit_taken
8467370,Mike Fisher,C,NSH,-49,39,hit_taken
8467370,Mike Fisher,C,NSH,37,-40,hit_taken
8467370,Mike Fisher,C,NSH,11,39,hit_taken
8467370,Mike Fisher,C,NSH,-40,-39,hit_thrown
8467370,Mike Fisher,C,NSH,94,30,hit_thrown
8467370,Mike Fisher,C,NSH,94,28,hit_thrown
8467370,Mike Fisher,C,NSH,59,37,hit_thrown
8467370,Mike Fisher,C,NSH,-76,35,hit_thrown
8467370,Mike Fisher,C,NSH,-45,-39,hit_thrown
8467370,Mike Fisher,C,NSH,-51,38,hit_thrown
8467370,Mike Fisher,C,NSH,-95,-10,hit_thrown
8467370,Mike Fisher,C,NSH,95,-28,hit_thrown
8467370,Mike Fisher,C,NSH,98,-5,hit_thrown
8467370,Mike Fisher,C,NSH,-81,-40,hit_thrown
8467370,Mike Fisher,C,NSH,-96,8,hit_thrown
8467370,Mike Fisher,C,NSH,-92,-37,hit_thrown
8467370,Mike Fisher,C,NSH,-93,-38,hit_thrown
8467370,Mike Fisher,C,NSH,64,-41,hit_thrown
8467370,Mike Fisher,C,NSH,91,-39,hit_thrown
8467370,Mike Fisher,C,NSH,89,-40,hit_thrown
8467370,Mike Fisher,C,NSH,-92,-38,hit_thrown
8467370,Mike Fisher,C,NSH,92,34,hit_thrown
8467370,Mike Fisher,C,NSH,1,-41,hit_thrown
8467370,Mike Fisher,C,NSH,99,11,hit_thrown
8467370,Mike Fisher,C,NSH,51,-41,hit_thrown
8467370,Mike Fisher,C,NSH,99,28,hit_thrown
8467370,Mike Fisher,C,NSH,94,-30,hit_thrown
8467370,Mike Fisher,C,NSH,69,38,hit_thrown
8467370,Mike Fisher,C,NSH,-83,36,hit_thrown
8467370,Mike Fisher,C,NSH,-93,-35,hit_thrown
8467370,Mike Fisher,C,NSH,31,5,hit_thrown
8467370,Mike Fisher,C,NSH,83,-40,hit_thrown
8467370,Mike Fisher,C,NSH,96,-23,hit_thrown
8467370,Mike Fisher,C,NSH,62,38,hit_thrown
8467370,Mike Fisher,C,NSH,14,-23,hit_thrown
8467370,Mike Fisher,C,NSH,74,38,hit_thrown
8467370,Mike Fisher,C,NSH,-90,-39,hit_thrown
8467370,Mike Fisher,C,NSH,56,39,hit_thrown
8467370,Mike Fisher,C,NSH,-91,38,hit_thrown
8467370,Mike Fisher,C,NSH,97,22,hit_thrown
8467370,Mike Fisher,C,NSH,88,40,hit_thrown
8467370,Mike Fisher,C,NSH,39,-31,hit_thrown
8467370,Mike Fisher,C,NSH,95,-35,hit_thrown
8467370,Mike Fisher,C,NSH,99,25,hit_thrown
8467370,Mike Fisher,C,NSH,-39,41,hit_thrown
8467370,Mike Fisher,C,NSH,69,39,hit_thrown
8467370,Mike Fisher,C,NSH,97,-18,hit_thrown
8467370,Mike Fisher,C,NSH,-27,39,hit_thrown
8467370,Mike Fisher,C,NSH,-60,-36,hit_thrown
8467370,Mike Fisher,C,NSH,94,-20,hit_thrown
8467370,Mike Fisher,C,NSH,-93,32,hit_thrown
8467370,Mike Fisher,C,NSH,47,-40,hit_thrown
8467370,Mike Fisher,C,NSH,-34,-34,hit_thrown
8467370,Mike Fisher,C,NSH,95,-25,hit_thrown
8467370,Mike Fisher,C,NSH,12,39,hit_thrown
8467370,Mike Fisher,C,NSH,96,6,takeaway_hd
8467370,Mike Fisher,C,NSH,-67,38,takeaway_other
8467370,Mike Fisher,C,NSH,14,30,takeaway_other
8467370,Mike Fisher,C,NSH,95,-25,takeaway_other
8467370,Mike Fisher,C,NSH,-54,32,takeaway_other
8467370,Mike Fisher,C,NSH,2,0,takeaway_other
8467493,Chris Neil,R,OTT,20,6,hit_thrown
8467493,Chris Neil,R,OTT,-4,-37,hit_thrown
8467496,Andrei Markov,D,MTL,-76,14,block_hd
8467496,Andrei Markov,D,MTL,75,6,block_hd
8467496,Andrei Markov,D,MTL,-72,6,block_hd
8467496,Andrei Markov,D,MTL,81,11,block_hd
8467496,Andrei Markov,D,MTL,-61,33,block_non_hd
8467496,Andrei Markov,D,MTL,67,-1,block_non_hd
8467496,Andrei Markov,D,MTL,-64,10,block_non_hd
8467496,Andrei Markov,D,MTL,46,-23,block_non_hd
8467496,Andrei Markov,D,MTL,-53,4,block_non_hd
8467496,Andrei Markov,D,MTL,-57,31,block_non_hd
8467496,Andrei Markov,D,MTL,98,0,hit_taken
8467496,Andrei Markov,D,MTL,-15,-34,hit_taken
8467496,Andrei Markov,D,MTL,-97,19,hit_taken
8467496,Andrei Markov,D,MTL,90,-40,hit_taken
8467496,Andrei Markov,D,MTL,-65,-39,hit_taken
8467496,Andrei Markov,D,MTL,68,40,hit_taken
8467496,Andrei Markov,D,MTL,7,25,hit_taken
8467496,Andrei Markov,D,MTL,96,-1,hit_taken
8467496,Andrei Markov,D,MTL,-96,7,hit_taken
8467496,Andrei Markov,D,MTL,-80,39,hit_taken
8467496,Andrei Markov,D,MTL,-90,-19,hit_taken
8467496,Andrei Markov,D,MTL,-95,33,hit_taken
8467496,Andrei Markov,D,MTL,-96,-8,hit_taken
8467496,Andrei Markov,D,MTL,95,-3,hit_taken
8467496,Andrei Markov,D,MTL,-87,38,hit_thrown
8467496,Andrei Markov,D,MTL,97,-17,hit_thrown
8467496,Andrei Markov,D,MTL,-64,-38,hit_thrown
8467496,Andrei Markov,D,MTL,39,-40,hit_thrown
8467496,Andrei Markov,D,MTL,-94,12,takeaway_hd
8467496,Andrei Markov,D,MTL,-82,-18,takeaway_hd
8467496,Andrei Markov,D,MTL,-28,-14,takeaway_other
8467496,Andrei Markov,D,MTL,51,17,takeaway_other
8467496,Andrei Markov,D,MTL,-94,36,takeaway_other
8467967,Chris Kelly,C,OTT,53,9,block_non_hd
8467967,Chris Kelly,C,OTT,69,22,dz_faceoff_win
8467967,Chris Kelly,C,OTT,15,-38,hit_taken
8467967,Chris Kelly,C,OTT,87,-36,hit_thrown
8468208,Joel Ward,R,SJS,50,25,block_non_hd
8468208,Joel Ward,R,SJS,46,19,block_non_hd
8468208,Joel Ward,R,SJS,53,-14,block_non_hd
8468208,Joel Ward,R,SJS,63,7,block_non_hd
8468208,Joel Ward,R,SJS,69,22,dz_faceoff_win
8468208,Joel Ward,R,SJS,69,23,dz_faceoff_win
8468208,Joel Ward,R,SJS,70,22,dz_faceoff_win
8468208,Joel Ward,R,SJS,69,21,dz_faceoff_win
8468208,Joel Ward,R,SJS,69,22,dz_faceoff_win
8468208,Joel Ward,R,SJS,70,21,dz_faceoff_win
8468208,Joel Ward,R,SJS,-69,-23,dz_faceoff_win
8468208,Joel Ward,R,SJS,-68,-21,dz_faceoff_win
8468208,Joel Ward,R,SJS,-69,-21,dz_faceoff_win
8468208,Joel Ward,R,SJS,69,22,dz_faceoff_win
8468208,Joel Ward,R,SJS,-39,-37,hit_taken
8468208,Joel Ward,R,SJS,-78,-36,hit_taken
8468208,Joel Ward,R,SJS,-10,-34,hit_taken
8468208,Joel Ward,R,SJS,86,-41,hit_taken
8468208,Joel Ward,R,SJS,-96,24,hit_taken
8468208,Joel Ward,R,SJS,-35,40,hit_taken
8468208,Joel Ward,R,SJS,-28,40,hit_taken
8468208,Joel Ward,R,SJS,57,-41,hit_taken
8468208,Joel Ward,R,SJS,-97,29,hit_taken
8468208,Joel Ward,R,SJS,-96,-4,hit_thrown
8468208,Joel Ward,R,SJS,29,35,hit_thrown
8468208,Joel Ward,R,SJS,43,-35,hit_thrown
8468208,Joel Ward,R,SJS,71,-35,hit_thrown
8468208,Joel Ward,R,SJS,74,40,hit_thrown
8468208,Joel Ward,R,SJS,91,-39,hit_thrown
8468208,Joel Ward,R,SJS,97,8,hit_thrown
8468208,Joel Ward,R,SJS,60,-37,hit_thrown
8468208,Joel Ward,R,SJS,-92,-38,hit_thrown
8468208,Joel Ward,R,SJS,96,-30,hit_thrown
8468208,Joel Ward,R,SJS,-53,0,takeaway_other
8468208,Joel Ward,R,SJS,6,36,takeaway_other
8468309,Mark Streit,D,PIT,73,1,block_hd
8468309,Mark Streit,D,PIT,76,6,block_hd
8468309,Mark Streit,D,PIT,-74,13,block_hd
8468309,Mark Streit,D,PIT,70,-9,block_hd
8468309,Mark Streit,D,PIT,92,-32,hit_taken
8468309,Mark Streit,D,PIT,-97,19,hit_taken
8468309,Mark Streit,D,PIT,-5,-37,hit_taken
8468309,Mark Streit,D,PIT,86,39,hit_taken
8468309,Mark Streit,D,PIT,-16,-20,hit_taken
8468309,Mark Streit,D,PIT,-96,15,hit_taken
8468309,Mark Streit,D,PIT,-88,-9,hit_thrown
8468309,Mark Streit,D,PIT,96,-10,hit_thrown
8468309,Mark Streit,D,PIT,94,-38,hit_thrown
8468486,Scott Hartnell,L,CBJ,8,40,hit_taken
8468486,Scott Hartnell,L,CBJ,63,-39,hit_taken
8468486,Scott Hartnell,L,CBJ,97,20,hit_taken
8468486,Scott Hartnell,L,CBJ,-17,-37,hit_taken
8468486,Scott Hartnell,L,CBJ,-5,27,hit_thrown
8468486,Scott Hartnell,L,CBJ,-43,-40,hit_thrown
8468486,Scott Hartnell,L,CBJ,-91,-40,hit_thrown
8468486,Scott Hartnell,L,CBJ,-71,-40,hit_thrown
8468486,Scott Hartnell,L,CBJ,-1,-40,hit_thrown
8468486,Scott Hartnell,L,CBJ,-57,37,hit_thrown
8468486,Scott Hartnell,L,CBJ,-91,-37,hit_thrown
8468486,Scott Hartnell,L,CBJ,97,-5,hit_thrown
8468493,Ron Hainsey,D,PIT,71,-8,block_hd
8468493,Ron Hainsey,D,PIT,-72,-1,block_hd
8468493,Ron Hainsey,D,PIT,76,8,block_hd
8468493,Ron Hainsey,D,PIT,77,5,block_hd
8468493,Ron Hainsey,D,PIT,-78,11,block_hd
8468493,Ron Hainsey,D,PIT,73,12,block_hd
8468493,Ron Hainsey,D,PIT,-81,-10,block_hd
8468493,Ron Hainsey,D,PIT,79,1,block_hd
8468493,Ron Hainsey,D,PIT,78,-1,block_hd
8468493,Ron Hainsey,D,PIT,79,4,block_hd
8468493,Ron Hainsey,D,PIT,-75,5,block_hd
8468493,Ron Hainsey,D,PIT,-73,9,block_hd
8468493,Ron Hainsey,D,PIT,70,3,block_hd
8468493,Ron Hainsey,D,PIT,-75,-3,block_hd
8468493,Ron Hainsey,D,PIT,77,8,block_hd
8468493,Ron Hainsey,D,PIT,-76,-13,block_hd
8468493,Ron Hainsey,D,PIT,-73,-4,block_hd
8468493,Ron Hainsey,D,PIT,75,-4,block_hd
8468493,Ron Hainsey,D,PIT,83,7,block_hd
8468493,Ron Hainsey,D,PIT,80,15,block_hd
8468493,Ron Hainsey,D,PIT,74,6,block_hd
8468493,Ron Hainsey,D,PIT,-62,-7,block_non_hd
8468493,Ron Hainsey,D,PIT,-58,-7,block_non_hd
8468493,Ron Hainsey,D,PIT,69,7,block_non_hd
8468493,Ron Hainsey,D,PIT,63,2,block_non_hd
8468493,Ron Hainsey,D,PIT,-47,-18,block_non_hd
8468493,Ron Hainsey,D,PIT,-84,-20,block_non_hd
8468493,Ron Hainsey,D,PIT,-68,-16,block_non_hd
8468493,Ron Hainsey,D,PIT,-66,-17,block_non_hd
8468493,Ron Hainsey,D,PIT,64,4,block_non_hd
8468493,Ron Hainsey,D,PIT,-69,-6,block_non_hd
8468493,Ron Hainsey,D,PIT,61,8,block_non_hd
8468493,Ron Hainsey,D,PIT,-62,-16,block_non_hd
8468493,Ron Hainsey,D,PIT,-68,12,block_non_hd
8468493,Ron Hainsey,D,PIT,-78,-19,block_non_hd
8468493,Ron Hainsey,D,PIT,-56,-18,block_non_hd
8468493,Ron Hainsey,D,PIT,-65,-9,block_non_hd
8468493,Ron Hainsey,D,PIT,-57,-16,block_non_hd
8468493,Ron Hainsey,D,PIT,65,10,block_non_hd
8468493,Ron Hainsey,D,PIT,65,18,block_non_hd
8468493,Ron Hainsey,D,PIT,-75,-21,block_non_hd
8468493,Ron Hainsey,D,PIT,-67,-11,block_non_hd
8468493,Ron Hainsey,D,PIT,73,20,block_non_hd
8468493,Ron Hainsey,D,PIT,-65,-7,block_non_hd
8468493,Ron Hainsey,D,PIT,-80,-3,crease_goal
8468493,Ron Hainsey,D,PIT,-94,-36,hit_taken
8468493,Ron Hainsey,D,PIT,80,41,hit_taken
8468493,Ron Hainsey,D,PIT,-85,39,hit_taken
8468493,Ron Hainsey,D,PIT,-84,40,hit_taken
8468493,Ron Hainsey,D,PIT,-96,-24,hit_taken
8468493,Ron Hainsey,D,PIT,98,18,hit_taken
8468493,Ron Hainsey,D,PIT,77,36,hit_taken
8468493,Ron Hainsey,D,PIT,-25,-40,hit_taken
8468493,Ron Hainsey,D,PIT,97,-5,hit_taken
8468493,Ron Hainsey,D,PIT,93,-38,hit_taken
8468493,Ron Hainsey,D,PIT,-98,-26,hit_taken
8468493,Ron Hainsey,D,PIT,-95,-29,hit_taken
8468493,Ron Hainsey,D,PIT,-88,-29,hit_taken
8468493,Ron Hainsey,D,PIT,97,4,hit_taken
8468493,Ron Hainsey,D,PIT,32,-41,hit_taken
8468493,Ron Hainsey,D,PIT,-97,-28,hit_taken
8468493,Ron Hainsey,D,PIT,96,33,hit_taken
8468493,Ron Hainsey,D,PIT,-97,28,hit_taken
8468493,Ron Hainsey,D,PIT,-96,10,hit_taken
8468493,Ron Hainsey,D,PIT,96,-2,hit_taken
8468493,Ron Hainsey,D,PIT,-98,-17,hit_taken
8468493,Ron Hainsey,D,PIT,57,39,hit_taken
8468493,Ron Hainsey,D,PIT,96,28,hit_taken
8468493,Ron Hainsey,D,PIT,-88,-38,hit_taken
8468493,Ron Hainsey,D,PIT,-96,28,hit_taken
8468493,Ron Hainsey,D,PIT,97,-28,hit_taken
8468493,Ron Hainsey,D,PIT,-95,17,hit_taken
8468493,Ron Hainsey,D,PIT,97,-28,hit_taken
8468493,Ron Hainsey,D,PIT,94,-37,hit_taken
8468493,Ron Hainsey,D,PIT,95,-29,hit_taken
8468493,Ron Hainsey,D,PIT,-84,-31,hit_taken
8468493,Ron Hainsey,D,PIT,-12,-39,hit_taken
8468493,Ron Hainsey,D,PIT,-97,-18,hit_taken
8468493,Ron Hainsey,D,PIT,99,-21,hit_taken
8468493,Ron Hainsey,D,PIT,99,-23,hit_taken
8468493,Ron Hainsey,D,PIT,99,25,hit_taken
8468493,Ron Hainsey,D,PIT,-35,-39,hit_taken
8468493,Ron Hainsey,D,PIT,-83,38,hit_taken
8468493,Ron Hainsey,D,PIT,-60,38,hit_taken
8468493,Ron Hainsey,D,PIT,97,3,hit_taken
8468493,Ron Hainsey,D,PIT,91,-39,hit_taken
8468493,Ron Hainsey,D,PIT,-94,0,hit_taken
8468493,Ron Hainsey,D,PIT,-26,41,hit_thrown
8468493,Ron Hainsey,D,PIT,-43,-39,hit_thrown
8468493,Ron Hainsey,D,PIT,97,21,hit_thrown
8468493,Ron Hainsey,D,PIT,-96,30,hit_thrown
8468493,Ron Hainsey,D,PIT,-80,-41,hit_thrown
8468493,Ron Hainsey,D,PIT,-90,-31,hit_thrown
8468493,Ron Hainsey,D,PIT,-44,-39,hit_thrown
8468493,Ron Hainsey,D,PIT,16,36,hit_thrown
8468493,Ron Hainsey,D,PIT,24,-40,hit_thrown
8468493,Ron Hainsey,D,PIT,-22,-40,hit_thrown
8468493,Ron Hainsey,D,PIT,-72,-40,hit_thrown
8468493,Ron Hainsey,D,PIT,-96,-16,hit_thrown
8468493,Ron Hainsey,D,PIT,-55,-39,hit_thrown
8468493,Ron Hainsey,D,PIT,-75,-4,hit_thrown
8468493,Ron Hainsey,D,PIT,67,-37,hit_thrown
8468493,Ron Hainsey,D,PIT,-91,-33,hit_thrown
8468493,Ron Hainsey,D,PIT,-42,-42,hit_thrown
8468493,Ron Hainsey,D,PIT,26,38,hit_thrown
8468493,Ron Hainsey,D,PIT,98,-8,hit_thrown
8468493,Ron Hainsey,D,PIT,-49,39,hit_thrown
8468493,Ron Hainsey,D,PIT,-21,-41,hit_thrown
8468493,Ron Hainsey,D,PIT,33,-39,hit_thrown
8468493,Ron Hainsey,D,PIT,26,-38,hit_thrown
8468493,Ron Hainsey,D,PIT,77,38,hit_thrown
8468493,Ron Hainsey,D,PIT,-96,13,hit_thrown
8468493,Ron Hainsey,D,PIT,-36,-39,hit_thrown
8468493,Ron Hainsey,D,PIT,-28,-40,hit_thrown
8468493,Ron Hainsey,D,PIT,4,-40,hit_thrown
8468493,Ron Hainsey,D,PIT,97,-8,hit_thrown
8468493,Ron Hainsey,D,PIT,-81,-39,hit_thrown
8468493,Ron Hainsey,D,PIT,18,24,hit_thrown
8468493,Ron Hainsey,D,PIT,-66,39,hit_thrown
8468493,Ron Hainsey,D,PIT,-85,-40,hit_thrown
8468493,Ron Hainsey,D,PIT,31,38,hit_thrown
8468493,Ron Hainsey,D,PIT,28,23,hit_thrown
8468493,Ron Hainsey,D,PIT,96,0,hit_thrown
8468493,Ron Hainsey,D,PIT,11,39,hit_thrown
8468493,Ron Hainsey,D,PIT,6,-1,takeaway_other
8468498,Brooks Orpik,D,WSH,76,-1,block_hd
8468498,Brooks Orpik,D,WSH,-80,-12,block_hd
8468498,Brooks Orpik,D,WSH,-73,14,block_hd
8468498,Brooks Orpik,D,WSH,-76,-9,block_hd
8468498,Brooks Orpik,D,WSH,71,-10,block_hd
8468498,Brooks Orpik,D,WSH,-78,-2,block_hd
8468498,Brooks Orpik,D,WSH,-72,-6,block_hd
8468498,Brooks Orpik,D,WSH,-78,9,block_hd
8468498,Brooks Orpik,D,WSH,-73,7,block_hd
8468498,Brooks Orpik,D,WSH,70,-1,block_hd
8468498,Brooks Orpik,D,WSH,-75,-3,block_hd
8468498,Brooks Orpik,D,WSH,69,-12,block_non_hd
8468498,Brooks Orpik,D,WSH,-66,4,block_non_hd
8468498,Brooks Orpik,D,WSH,-69,-8,block_non_hd
8468498,Brooks Orpik,D,WSH,-70,-27,block_non_hd
8468498,Brooks Orpik,D,WSH,58,-19,block_non_hd
8468498,Brooks Orpik,D,WSH,66,-8,block_non_hd
8468498,Brooks Orpik,D,WSH,62,-11,block_non_hd
8468498,Brooks Orpik,D,WSH,51,-6,block_non_hd
8468498,Brooks Orpik,D,WSH,54,6,block_non_hd
8468498,Brooks Orpik,D,WSH,67,-9,block_non_hd
8468498,Brooks Orpik,D,WSH,63,-12,block_non_hd
8468498,Brooks Orpik,D,WSH,94,13,hit_taken
8468498,Brooks Orpik,D,WSH,-8,-34,hit_taken
8468498,Brooks Orpik,D,WSH,90,-32,hit_taken
8468498,Brooks Orpik,D,WSH,-5,-38,hit_taken
8468498,Brooks Orpik,D,WSH,-32,-34,hit_taken
8468498,Brooks Orpik,D,WSH,90,-30,hit_taken
8468498,Brooks Orpik,D,WSH,-60,-36,hit_taken
8468498,Brooks Orpik,D,WSH,-95,-3,hit_taken
8468498,Brooks Orpik,D,WSH,-94,-6,hit_taken
8468498,Brooks Orpik,D,WSH,-88,35,hit_taken
8468498,Brooks Orpik,D,WSH,72,-37,hit_taken
8468498,Brooks Orpik,D,WSH,96,7,hit_taken
8468498,Brooks Orpik,D,WSH,96,3,hit_taken
8468498,Brooks Orpik,D,WSH,96,-10,hit_taken
8468498,Brooks Orpik,D,WSH,-94,18,hit_taken
8468498,Brooks Orpik,D,WSH,-91,34,hit_taken
8468498,Brooks Orpik,D,WSH,-87,-38,hit_taken
8468498,Brooks Orpik,D,WSH,32,40,hit_taken
8468498,Brooks Orpik,D,WSH,-95,-10,hit_taken
8468498,Brooks Orpik,D,WSH,97,-9,hit_taken
8468498,Brooks Orpik,D,WSH,-10,-40,hit_taken
8468498,Brooks Orpik,D,WSH,-97,29,hit_taken
8468498,Brooks Orpik,D,WSH,-96,27,hit_taken
8468498,Brooks Orpik,D,WSH,70,-42,hit_taken
8468498,Brooks Orpik,D,WSH,-58,39,hit_taken
8468498,Brooks Orpik,D,WSH,91,-39,hit_taken
8468498,Brooks Orpik,D,WSH,98,-27,hit_taken
8468498,Brooks Orpik,D,WSH,78,-38,hit_taken
8468498,Brooks Orpik,D,WSH,-29,-18,hit_taken
8468498,Brooks Orpik,D,WSH,-60,-5,hit_thrown
8468498,Brooks Orpik,D,WSH,85,-33,hit_thrown
8468498,Brooks Orpik,D,WSH,-52,-36,hit_thrown
8468498,Brooks Orpik,D,WSH,31,-35,hit_thrown
8468498,Brooks Orpik,D,WSH,97,-34,hit_thrown
8468498,Brooks Orpik,D,WSH,-38,35,hit_thrown
8468498,Brooks Orpik,D,WSH,-57,-37,hit_thrown
8468498,Brooks Orpik,D,WSH,-30,-13,hit_thrown
8468498,Brooks Orpik,D,WSH,-32,-34,hit_thrown
8468498,Brooks Orpik,D,WSH,-29,36,hit_thrown
8468498,Brooks Orpik,D,WSH,-93,-20,hit_thrown
8468498,Brooks Orpik,D,WSH,-79,14,hit_thrown
8468498,Brooks Orpik,D,WSH,-36,31,hit_thrown
8468498,Brooks Orpik,D,WSH,-43,28,hit_thrown
8468498,Brooks Orpik,D,WSH,-31,35,hit_thrown
8468498,Brooks Orpik,D,WSH,-95,11,hit_thrown
8468498,Brooks Orpik,D,WSH,48,-18,hit_thrown
8468498,Brooks Orpik,D,WSH,94,11,hit_thrown
8468498,Brooks Orpik,D,WSH,92,-37,hit_thrown
8468498,Brooks Orpik,D,WSH,92,-35,hit_thrown
8468498,Brooks Orpik,D,WSH,-61,-40,hit_thrown
8468498,Brooks Orpik,D,WSH,19,-39,hit_thrown
8468498,Brooks Orpik,D,WSH,-45,-36,hit_thrown
8468498,Brooks Orpik,D,WSH,-96,-5,hit_thrown
8468498,Brooks Orpik,D,WSH,-98,23,hit_thrown
8468498,Brooks Orpik,D,WSH,96,30,hit_thrown
8468498,Brooks Orpik,D,WSH,-23,-30,hit_thrown
8468498,Brooks Orpik,D,WSH,96,30,hit_thrown
8468498,Brooks Orpik,D,WSH,97,-8,hit_thrown
8468498,Brooks Orpik,D,WSH,99,-25,hit_thrown
8468498,Brooks Orpik,D,WSH,-96,23,hit_thrown
8468498,Brooks Orpik,D,WSH,37,-40,hit_thrown
8468498,Brooks Orpik,D,WSH,96,-34,hit_thrown
8468498,Brooks Orpik,D,WSH,39,-39,hit_thrown
8468498,Brooks Orpik,D,WSH,29,-39,hit_thrown
8468498,Brooks Orpik,D,WSH,21,-40,hit_thrown
8468498,Brooks Orpik,D,WSH,72,-9,hit_thrown
8468498,Brooks Orpik,D,WSH,38,-39,hit_thrown
8468498,Brooks Orpik,D,WSH,-96,-12,hit_thrown
8468498,Brooks Orpik,D,WSH,20,-13,hit_thrown
8468498,Brooks Orpik,D,WSH,30,-38,takeaway_other
8468498,Brooks Orpik,D,WSH,-21,37,takeaway_other
8468505,Steve Ott,C,MTL,42,-7,block_non_hd
8468505,Steve Ott,C,MTL,-57,20,block_non_hd
8468505,Steve Ott,C,MTL,-68,22,dz_faceoff_win
8468505,Steve Ott,C,MTL,-68,22,dz_faceoff_win
8468505,Steve Ott,C,MTL,-68,21,dz_faceoff_win
8468505,Steve Ott,C,MTL,-69,21,dz_faceoff_win
8468505,Steve Ott,C,MTL,-69,22,dz_faceoff_win
8468505,Steve Ott,C,MTL,-69,21,dz_faceoff_win
8468505,Steve Ott,C,MTL,-69,21,dz_faceoff_win
8468505,Steve Ott,C,MTL,-94,7,hit_taken
8468505,Steve Ott,C,MTL,-63,41,hit_taken
8468505,Steve Ott,C,MTL,-95,18,hit_taken
8468505,Steve Ott,C,MTL,-90,-40,hit_taken
8468505,Steve Ott,C,MTL,21,30,hit_taken
8468505,Steve Ott,C,MTL,94,-20,hit_taken
8468505,Steve Ott,C,MTL,-28,36,hit_taken
8468505,Steve Ott,C,MTL,-12,-19,hit_taken
8468505,Steve Ott,C,MTL,-9,-40,hit_taken
8468505,Steve Ott,C,MTL,-95,35,hit_taken
8468505,Steve Ott,C,MTL,-69,38,hit_taken
8468505,Steve Ott,C,MTL,-36,-40,hit_thrown
8468505,Steve Ott,C,MTL,-29,41,hit_thrown
8468505,Steve Ott,C,MTL,-95,-34,hit_thrown
8468505,Steve Ott,C,MTL,51,-9,hit_thrown
8468505,Steve Ott,C,MTL,-96,3,hit_thrown
8468505,Steve Ott,C,MTL,-36,38,hit_thrown
8468505,Steve Ott,C,MTL,-91,32,hit_thrown
8468505,Steve Ott,C,MTL,97,19,hit_thrown
8468505,Steve Ott,C,MTL,54,-39,hit_thrown
8468505,Steve Ott,C,MTL,50,38,hit_thrown
8468505,Steve Ott,C,MTL,-97,-19,hit_thrown
8468505,Steve Ott,C,MTL,-84,-38,hit_thrown
8468505,Steve Ott,C,MTL,-18,37,hit_thrown
8468505,Steve Ott,C,MTL,10,40,hit_thrown
8468505,Steve Ott,C,MTL,-78,23,hit_thrown
8468505,Steve Ott,C,MTL,-53,-40,hit_thrown
8468505,Steve Ott,C,MTL,-36,-21,hit_thrown
8468505,Steve Ott,C,MTL,-92,39,hit_thrown
8468505,Steve Ott,C,MTL,98,-11,hit_thrown
8468505,Steve Ott,C,MTL,-96,10,hit_thrown
8468505,Steve Ott,C,MTL,-22,35,hit_thrown
8468505,Steve Ott,C,MTL,46,39,hit_thrown
8468505,Steve Ott,C,MTL,-91,-36,hit_thrown
8468505,Steve Ott,C,MTL,81,-39,hit_thrown
8468505,Steve Ott,C,MTL,-95,29,hit_thrown
8468505,Steve Ott,C,MTL,-98,-9,takeaway_hd
8468508,Justin Williams,R,WSH,85,-13,block_hd
8468508,Justin Williams,R,WSH,-81,12,block_hd
8468508,Justin Williams,R,WSH,66,-16,block_non_hd
8468508,Justin Williams,R,WSH,67,-5,block_non_hd
8468508,Justin Williams,R,WSH,67,14,block_non_hd
8468508,Justin Williams,R,WSH,58,22,block_non_hd
8468508,Justin Williams,R,WSH,-70,21,block_non_hd
8468508,Justin Williams,R,WSH,-59,-30,block_non_hd
8468508,Justin Williams,R,WSH,-40,-4,block_non_hd
8468508,Justin Williams,R,WSH,44,14,block_non_hd
8468508,Justin Williams,R,WSH,79,3,crease_goal
8468508,Justin Williams,R,WSH,-93,10,hit_taken
8468508,Justin Williams,R,WSH,-76,-35,hit_taken
8468508,Justin Williams,R,WSH,92,-34,hit_taken
8468508,Justin Williams,R,WSH,-64,36,hit_taken
8468508,Justin Williams,R,WSH,-78,10,hit_taken
8468508,Justin Williams,R,WSH,87,38,hit_taken
8468508,Justin Williams,R,WSH,85,-38,hit_taken
8468508,Justin Williams,R,WSH,98,-28,hit_taken
8468508,Justin Williams,R,WSH,-36,37,hit_taken
8468508,Justin Williams,R,WSH,-43,-38,hit_taken
8468508,Justin Williams,R,WSH,-5,40,hit_taken
8468508,Justin Williams,R,WSH,38,42,hit_taken
8468508,Justin Williams,R,WSH,3,-15,hit_taken
8468508,Justin Williams,R,WSH,-79,-40,hit_taken
8468508,Justin Williams,R,WSH,80,39,hit_taken
8468508,Justin Williams,R,WSH,-46,-40,hit_taken
8468508,Justin Williams,R,WSH,-30,29,hit_taken
8468508,Justin Williams,R,WSH,-73,41,hit_taken
8468508,Justin Williams,R,WSH,98,-10,hit_taken
8468508,Justin Williams,R,WSH,-56,36,hit_thrown
8468508,Justin Williams,R,WSH,93,-10,hit_thrown
8468508,Justin Williams,R,WSH,-84,36,hit_thrown
8468508,Justin Williams,R,WSH,-89,34,hit_thrown
8468508,Justin Williams,R,WSH,-75,38,hit_thrown
8468508,Justin Williams,R,WSH,-55,37,hit_thrown
8468508,Justin Williams,R,WSH,-19,-40,hit_thrown
8468508,Justin Williams,R,WSH,65,41,hit_thrown
8468508,Justin Williams,R,WSH,86,39,hit_thrown
8468508,Justin Williams,R,WSH,-98,-25,hit_thrown
8468508,Justin Williams,R,WSH,95,38,hit_thrown
8468508,Justin Williams,R,WSH,-88,-38,hit_thrown
8468508,Justin Williams,R,WSH,-98,-25,hit_thrown
8468508,Justin Williams,R,WSH,96,-27,hit_thrown
8468508,Justin Williams,R,WSH,96,-9,takeaway_hd
8468508,Justin Williams,R,WSH,-96,-3,takeaway_hd
8468508,Justin Williams,R,WSH,-52,23,takeaway_other
8468508,Justin Williams,R,WSH,-62,39,takeaway_other
8468508,Justin Williams,R,WSH,-4,37,takeaway_other
8468508,Justin Williams,R,WSH,14,-36,takeaway_other
8468535,Antoine Vermette,C,ANA,-73,4,block_hd
8468535,Antoine Vermette,C,ANA,72,-8,block_hd
8468535,Antoine Vermette,C,ANA,-52,16,block_non_hd
8468535,Antoine Vermette,C,ANA,-35,-22,block_non_hd
8468535,Antoine Vermette,C,ANA,-61,5,block_non_hd
8468535,Antoine Vermette,C,ANA,66,14,block_non_hd
8468535,Antoine Vermette,C,ANA,71,22,dz_faceoff_win
8468535,Antoine Vermette,C,ANA,67,21,dz_faceoff_win
8468535,Antoine Vermette,C,ANA,-69,22,dz_faceoff_win
8468535,Antoine Vermette,C,ANA,-72,22,dz_faceoff_win
8468535,Antoine Vermette,C,ANA,69,-23,dz_faceoff_win
8468535,Antoine Vermette,C,ANA,69,-22,dz_faceoff_win
8468535,Antoine Vermette,C,ANA,-69,-22,dz_faceoff_win
8468535,Antoine Vermette,C,ANA,-69,21,dz_faceoff_win
8468535,Antoine Vermette,C,ANA,-68,21,dz_faceoff_win
8468535,Antoine Vermette,C,ANA,69,-22,dz_faceoff_win
8468535,Antoine Vermette,C,ANA,-66,22,dz_faceoff_win
8468535,Antoine Vermette,C,ANA,-68,21,dz_faceoff_win
8468535,Antoine Vermette,C,ANA,-70,24,dz_faceoff_win
8468535,Antoine Vermette,C,ANA,67,-20,dz_faceoff_win
8468535,Antoine Vermette,C,ANA,73,25,dz_faceoff_win
8468535,Antoine Vermette,C,ANA,72,22,dz_faceoff_win
8468535,Antoine Vermette,C,ANA,-70,21,dz_faceoff_win
8468535,Antoine Vermette,C,ANA,-69,23,dz_faceoff_win
8468535,Antoine Vermette,C,ANA,70,-23,dz_faceoff_win
8468535,Antoine Vermette,C,ANA,69,-23,dz_faceoff_win
8468535,Antoine Vermette,C,ANA,70,-23,dz_faceoff_win
8468535,Antoine Vermette,C,ANA,-69,22,dz_faceoff_win
8468535,Antoine Vermette,C,ANA,-69,21,dz_faceoff_win
8468535,Antoine Vermette,C,ANA,70,-23,dz_faceoff_win
8468535,Antoine Vermette,C,ANA,69,-21,dz_faceoff_win
8468535,Antoine Vermette,C,ANA,-69,22,dz_faceoff_win
8468535,Antoine Vermette,C,ANA,69,-21,dz_faceoff_win
8468535,Antoine Vermette,C,ANA,69,-22,dz_faceoff_win
8468535,Antoine Vermette,C,ANA,-66,22,dz_faceoff_win
8468535,Antoine Vermette,C,ANA,-69,22,dz_faceoff_win
8468535,Antoine Vermette,C,ANA,73,-21,dz_faceoff_win
8468535,Antoine Vermette,C,ANA,71,-23,dz_faceoff_win
8468535,Antoine Vermette,C,ANA,70,-22,dz_faceoff_win
8468535,Antoine Vermette,C,ANA,-68,21,dz_faceoff_win
8468535,Antoine Vermette,C,ANA,69,-23,dz_faceoff_win
8468535,Antoine Vermette,C,ANA,70,-23,dz_faceoff_win
8468535,Antoine Vermette,C,ANA,-68,22,dz_faceoff_win
8468535,Antoine Vermette,C,ANA,69,23,dz_faceoff_win
8468535,Antoine Vermette,C,ANA,-68,21,dz_faceoff_win
8468535,Antoine Vermette,C,ANA,-68,22,dz_faceoff_win
8468535,Antoine Vermette,C,ANA,-67,22,dz_faceoff_win
8468535,Antoine Vermette,C,ANA,-72,20,dz_faceoff_win
8468535,Antoine Vermette,C,ANA,-67,23,dz_faceoff_win
8468535,Antoine Vermette,C,ANA,-70,23,dz_faceoff_win
8468535,Antoine Vermette,C,ANA,-69,21,dz_faceoff_win
8468535,Antoine Vermette,C,ANA,69,-23,dz_faceoff_win
8468535,Antoine Vermette,C,ANA,70,-22,dz_faceoff_win
8468535,Antoine Vermette,C,ANA,-67,21,dz_faceoff_win
8468535,Antoine Vermette,C,ANA,-69,22,dz_faceoff_win
8468535,Antoine Vermette,C,ANA,-68,21,dz_faceoff_win
8468535,Antoine Vermette,C,ANA,-68,22,dz_faceoff_win
8468535,Antoine Vermette,C,ANA,-68,21,dz_faceoff_win
8468535,Antoine Vermette,C,ANA,71,-23,dz_faceoff_win
8468535,Antoine Vermette,C,ANA,70,-23,dz_faceoff_win
8468535,Antoine Vermette,C,ANA,-68,21,dz_faceoff_win
8468535,Antoine Vermette,C,ANA,-69,21,dz_faceoff_win
8468535,Antoine Vermette,C,ANA,70,-22,dz_faceoff_win
8468535,Antoine Vermette,C,ANA,70,-22,dz_faceoff_win
8468535,Antoine Vermette,C,ANA,-67,23,dz_faceoff_win
8468535,Antoine Vermette,C,ANA,-67,25,dz_faceoff_win
8468535,Antoine Vermette,C,ANA,-63,23,dz_faceoff_win
8468535,Antoine Vermette,C,ANA,69,-23,dz_faceoff_win
8468535,Antoine Vermette,C,ANA,-68,-22,dz_faceoff_win
8468535,Antoine Vermette,C,ANA,-70,21,dz_faceoff_win
8468535,Antoine Vermette,C,ANA,-69,24,dz_faceoff_win
8468535,Antoine Vermette,C,ANA,70,22,dz_faceoff_win
8468535,Antoine Vermette,C,ANA,69,-22,dz_faceoff_win
8468535,Antoine Vermette,C,ANA,98,29,hit_taken
8468535,Antoine Vermette,C,ANA,-98,20,hit_taken
8468535,Antoine Vermette,C,ANA,86,-40,hit_taken
8468535,Antoine Vermette,C,ANA,81,38,hit_taken
8468535,Antoine Vermette,C,ANA,91,-36,hit_taken
8468535,Antoine Vermette,C,ANA,73,40,hit_taken
8468535,Antoine Vermette,C,ANA,-76,-41,hit_taken
8468535,Antoine Vermette,C,ANA,43,-40,hit_taken
8468535,Antoine Vermette,C,ANA,50,-40,hit_taken
8468535,Antoine Vermette,C,ANA,-94,-10,hit_taken
8468535,Antoine Vermette,C,ANA,-57,-36,hit_taken
8468535,Antoine Vermette,C,ANA,91,-38,hit_taken
8468535,Antoine Vermette,C,ANA,-92,38,hit_taken
8468535,Antoine Vermette,C,ANA,-93,-10,hit_taken
8468535,Antoine Vermette,C,ANA,-91,-33,hit_taken
8468535,Antoine Vermette,C,ANA,-18,-8,hit_taken
8468535,Antoine Vermette,C,ANA,-96,-8,hit_taken
8468535,Antoine Vermette,C,ANA,-94,-27,hit_taken
8468535,Antoine Vermette,C,ANA,97,16,hit_thrown
8468535,Antoine Vermette,C,ANA,90,-38,hit_thrown
8468535,Antoine Vermette,C,ANA,-22,40,hit_thrown
8468535,Antoine Vermette,C,ANA,-97,-23,hit_thrown
8468535,Antoine Vermette,C,ANA,20,41,hit_thrown
8468535,Antoine Vermette,C,ANA,97,-23,hit_thrown
8468535,Antoine Vermette,C,ANA,57,-38,hit_thrown
8468535,Antoine Vermette,C,ANA,44,42,hit_thrown
8468535,Antoine Vermette,C,ANA,-94,-5,hit_thrown
8468535,Antoine Vermette,C,ANA,-51,-37,hit_thrown
8468535,Antoine Vermette,C,ANA,43,-40,hit_thrown
8468535,Antoine Vermette,C,ANA,76,-39,hit_thrown
8468535,Antoine Vermette,C,ANA,-29,40,hit_thrown
8468535,Antoine Vermette,C,ANA,97,33,hit_thrown
8468535,Antoine Vermette,C,ANA,89,-36,hit_thrown
8468535,Antoine Vermette,C,ANA,-99,27,hit_thrown
8468535,Antoine Vermette,C,ANA,98,-2,hit_thrown
8468535,Antoine Vermette,C,ANA,55,-20,hit_thrown
8468535,Antoine Vermette,C,ANA,93,38,hit_thrown
8468535,Antoine Vermette,C,ANA,12,-40,hit_thrown
8468535,Antoine Vermette,C,ANA,-90,-10,takeaway_hd
8468535,Antoine Vermette,C,ANA,-91,-23,takeaway_other
8468535,Antoine Vermette,C,ANA,-70,40,takeaway_other
8468535,Antoine Vermette,C,ANA,-82,34,takeaway_other
8468542,Paul Martin,D,SJS,-74,-2,block_hd
8468542,Paul Martin,D,SJS,70,-8,block_hd
8468542,Paul Martin,D,SJS,-83,-8,block_hd
8468542,Paul Martin,D,SJS,79,9,block_hd
8468542,Paul Martin,D,SJS,74,-17,block_hd
8468542,Paul Martin,D,SJS,50,16,block_non_hd
8468542,Paul Martin,D,SJS,68,-3,block_non_hd
8468542,Paul Martin,D,SJS,67,-16,block_non_hd
8468542,Paul Martin,D,SJS,76,-20,block_non_hd
8468542,Paul Martin,D,SJS,62,6,block_non_hd
8468542,Paul Martin,D,SJS,66,-20,block_non_hd
8468542,Paul Martin,D,SJS,-66,18,block_non_hd
8468542,Paul Martin,D,SJS,61,-2,block_non_hd
8468542,Paul Martin,D,SJS,61,-21,block_non_hd
8468542,Paul Martin,D,SJS,61,3,block_non_hd
8468542,Paul Martin,D,SJS,-80,4,crease_goal
8468542,Paul Martin,D,SJS,76,-37,hit_taken
8468542,Paul Martin,D,SJS,96,15,hit_taken
8468542,Paul Martin,D,SJS,47,39,hit_taken
8468542,Paul Martin,D,SJS,80,-38,hit_taken
8468542,Paul Martin,D,SJS,88,-36,hit_taken
8468542,Paul Martin,D,SJS,97,-23,hit_taken
8468542,Paul Martin,D,SJS,95,-16,hit_taken
8468542,Paul Martin,D,SJS,-96,27,hit_taken
8468542,Paul Martin,D,SJS,97,20,hit_taken
8468542,Paul Martin,D,SJS,98,-21,hit_taken
8468542,Paul Martin,D,SJS,96,-18,hit_taken
8468542,Paul Martin,D,SJS,97,-14,hit_taken
8468542,Paul Martin,D,SJS,96,14,hit_taken
8468542,Paul Martin,D,SJS,97,27,hit_taken
8468542,Paul Martin,D,SJS,30,-38,hit_thrown
8468542,Paul Martin,D,SJS,-51,-37,hit_thrown
8468542,Paul Martin,D,SJS,53,-36,hit_thrown
8468542,Paul Martin,D,SJS,-90,-36,hit_thrown
8468542,Paul Martin,D,SJS,-94,-24,hit_thrown
8468542,Paul Martin,D,SJS,99,-12,hit_thrown
8468542,Paul Martin,D,SJS,-39,39,hit_thrown
8468542,Paul Martin,D,SJS,-19,41,hit_thrown
8468542,Paul Martin,D,SJS,98,-26,hit_thrown
8468542,Paul Martin,D,SJS,-69,40,hit_thrown
8468542,Paul Martin,D,SJS,-81,36,hit_thrown
8468542,Paul Martin,D,SJS,96,-25,takeaway_other
8468542,Paul Martin,D,SJS,-83,32,takeaway_other
8468542,Paul Martin,D,SJS,-30,-24,takeaway_other
8468542,Paul Martin,D,SJS,-86,-31,takeaway_other
8468575,Dominic Moore,C,BOS,65,-6,block_non_hd
8468575,Dominic Moore,C,BOS,61,17,block_non_hd
8468575,Dominic Moore,C,BOS,-46,-2,block_non_hd
8468575,Dominic Moore,C,BOS,-58,-10,block_non_hd
8468575,Dominic Moore,C,BOS,69,-22,dz_faceoff_win
8468575,Dominic Moore,C,BOS,68,-22,dz_faceoff_win
8468575,Dominic Moore,C,BOS,-69,22,dz_faceoff_win
8468575,Dominic Moore,C,BOS,-69,22,dz_faceoff_win
8468575,Dominic Moore,C,BOS,-69,22,dz_faceoff_win
8468575,Dominic Moore,C,BOS,-70,20,dz_faceoff_win
8468575,Dominic Moore,C,BOS,69,-23,dz_faceoff_win
8468575,Dominic Moore,C,BOS,68,-21,dz_faceoff_win
8468575,Dominic Moore,C,BOS,69,-23,dz_faceoff_win
8468575,Dominic Moore,C,BOS,70,-23,dz_faceoff_win
8468575,Dominic Moore,C,BOS,69,-22,dz_faceoff_win
8468575,Dominic Moore,C,BOS,69,-22,dz_faceoff_win
8468575,Dominic Moore,C,BOS,-68,21,dz_faceoff_win
8468575,Dominic Moore,C,BOS,-68,21,dz_faceoff_win
8468575,Dominic Moore,C,BOS,-69,21,dz_faceoff_win
8468575,Dominic Moore,C,BOS,-69,21,dz_faceoff_win
8468575,Dominic Moore,C,BOS,69,-22,dz_faceoff_win
8468575,Dominic Moore,C,BOS,-13,-36,hit_taken
8468575,Dominic Moore,C,BOS,-34,40,hit_taken
8468575,Dominic Moore,C,BOS,-65,-4,hit_taken
8468575,Dominic Moore,C,BOS,19,41,hit_taken
8468575,Dominic Moore,C,BOS,-96,10,hit_taken
8468575,Dominic Moore,C,BOS,-69,40,hit_taken
8468575,Dominic Moore,C,BOS,-61,38,hit_taken
8468575,Dominic Moore,C,BOS,93,16,hit_taken
8468575,Dominic Moore,C,BOS,63,-35,hit_taken
8468575,Dominic Moore,C,BOS,96,13,hit_taken
8468575,Dominic Moore,C,BOS,-90,-34,hit_taken
8468575,Dominic Moore,C,BOS,38,-39,hit_thrown
8468575,Dominic Moore,C,BOS,97,26,hit_thrown
8468575,Dominic Moore,C,BOS,65,-30,hit_thrown
8468575,Dominic Moore,C,BOS,93,21,hit_thrown
8468575,Dominic Moore,C,BOS,-73,-37,hit_thrown
8468575,Dominic Moore,C,BOS,96,-10,hit_thrown
8468575,Dominic Moore,C,BOS,93,-30,hit_thrown
8468575,Dominic Moore,C,BOS,-16,41,hit_thrown
8468575,Dominic Moore,C,BOS,95,17,hit_thrown
8468575,Dominic Moore,C,BOS,98,-11,hit_thrown
8468575,Dominic Moore,C,BOS,70,-36,hit_thrown
8468575,Dominic Moore,C,BOS,-32,38,takeaway_other
8468575,Dominic Moore,C,BOS,12,-1,takeaway_other
8468575,Dominic Moore,C,BOS,59,-20,takeaway_other
8468639,John-Michael Liles,D,BOS,80,-6,block_hd
8468639,John-Michael Liles,D,BOS,67,-1,block_non_hd
8468639,John-Michael Liles,D,BOS,69,10,block_non_hd
8468639,John-Michael Liles,D,BOS,68,-40,hit_taken
8468639,John-Michael Liles,D,BOS,98,28,hit_taken
8468639,John-Michael Liles,D,BOS,-76,-41,hit_taken
8468639,John-Michael Liles,D,BOS,-84,-33,hit_taken
8468639,John-Michael Liles,D,BOS,91,26,hit_taken
8468639,John-Michael Liles,D,BOS,96,-9,hit_taken
8468639,John-Michael Liles,D,BOS,-95,-9,hit_taken
8468639,John-Michael Liles,D,BOS,93,-27,hit_taken
8468639,John-Michael Liles,D,BOS,87,-36,hit_taken
8468639,John-Michael Liles,D,BOS,99,-16,hit_thrown
8468639,John-Michael Liles,D,BOS,-13,-38,hit_thrown
8468639,John-Michael Liles,D,BOS,90,-29,hit_thrown
8468639,John-Michael Liles,D,BOS,-12,-21,hit_thrown
8468639,John-Michael Liles,D,BOS,64,-33,hit_thrown
8468639,John-Michael Liles,D,BOS,-4,-27,takeaway_other
8468639,John-Michael Liles,D,BOS,-34,-18,takeaway_other
8468639,John-Michael Liles,D,BOS,-37,-5,takeaway_other
8468674,Deryk Engelland,D,CGY,78,12,block_hd
8468674,Deryk Engelland,D,CGY,-82,13,block_hd
8468674,Deryk Engelland,D,CGY,83,4,block_hd
8468674,Deryk Engelland,D,CGY,70,-6,block_hd
8468674,Deryk Engelland,D,CGY,-82,-10,block_hd
8468674,Deryk Engelland,D,CGY,82,-18,block_hd
8468674,Deryk Engelland,D,CGY,63,10,block_non_hd
8468674,Deryk Engelland,D,CGY,64,2,block_non_hd
8468674,Deryk Engelland,D,CGY,-54,39,hit_taken
8468674,Deryk Engelland,D,CGY,-45,41,hit_taken
8468674,Deryk Engelland,D,CGY,85,-39,hit_taken
8468674,Deryk Engelland,D,CGY,-90,-33,hit_taken
8468674,Deryk Engelland,D,CGY,-88,-38,hit_taken
8468674,Deryk Engelland,D,CGY,-54,-41,hit_thrown
8468674,Deryk Engelland,D,CGY,57,41,hit_thrown
8468674,Deryk Engelland,D,CGY,-36,40,hit_thrown
8468674,Deryk Engelland,D,CGY,-29,38,hit_thrown
8468674,Deryk Engelland,D,CGY,73,40,hit_thrown
8468674,Deryk Engelland,D,CGY,-76,-41,hit_thrown
8468674,Deryk Engelland,D,CGY,-52,-40,hit_thrown
8468674,Deryk Engelland,D,CGY,-6,-41,hit_thrown
8469459,Mikko Koivu,C,MIN,-75,5,block_hd
8469459,Mikko Koivu,C,MIN,72,6,block_hd
8469459,Mikko Koivu,C,MIN,-45,-26,block_non_hd
8469459,Mikko Koivu,C,MIN,73,-20,block_non_hd
8469459,Mikko Koivu,C,MIN,-84,5,crease_goal
8469459,Mikko Koivu,C,MIN,69,22,dz_faceoff_win
8469459,Mikko Koivu,C,MIN,69,22,dz_faceoff_win
8469459,Mikko Koivu,C,MIN,-68,21,dz_faceoff_win
8469459,Mikko Koivu,C,MIN,69,23,dz_faceoff_win
8469459,Mikko Koivu,C,MIN,-69,-23,dz_faceoff_win
8469459,Mikko Koivu,C,MIN,-68,21,dz_faceoff_win
8469459,Mikko Koivu,C,MIN,69,21,dz_faceoff_win
8469459,Mikko Koivu,C,MIN,69,22,dz_faceoff_win
8469459,Mikko Koivu,C,MIN,69,-23,dz_faceoff_win
8469459,Mikko Koivu,C,MIN,-69,-22,dz_faceoff_win
8469459,Mikko Koivu,C,MIN,69,-22,dz_faceoff_win
8469459,Mikko Koivu,C,MIN,69,22,dz_faceoff_win
8469459,Mikko Koivu,C,MIN,69,21,dz_faceoff_win
8469459,Mikko Koivu,C,MIN,69,22,dz_faceoff_win
8469459,Mikko Koivu,C,MIN,69,-22,dz_faceoff_win
8469459,Mikko Koivu,C,MIN,69,22,dz_faceoff_win
8469459,Mikko Koivu,C,MIN,70,-23,dz_faceoff_win
8469459,Mikko Koivu,C,MIN,69,-22,dz_faceoff_win
8469459,Mikko Koivu,C,MIN,70,22,dz_faceoff_win
8469459,Mikko Koivu,C,MIN,93,-34,dz_faceoff_win
8469459,Mikko Koivu,C,MIN,92,-30,dz_faceoff_win
8469459,Mikko Koivu,C,MIN,-88,34,dz_faceoff_win
8469459,Mikko Koivu,C,MIN,48,-39,hit_taken
8469459,Mikko Koivu,C,MIN,11,-10,hit_taken
8469459,Mikko Koivu,C,MIN,-66,-40,hit_taken
8469459,Mikko Koivu,C,MIN,99,31,hit_taken
8469459,Mikko Koivu,C,MIN,82,40,hit_thrown
8469459,Mikko Koivu,C,MIN,96,25,hit_thrown
8469459,Mikko Koivu,C,MIN,-49,-38,hit_thrown
8469459,Mikko Koivu,C,MIN,77,41,hit_thrown
8469459,Mikko Koivu,C,MIN,99,-20,hit_thrown
8469459,Mikko Koivu,C,MIN,-96,-7,takeaway_hd
8469459,Mikko Koivu,C,MIN,52,39,takeaway_other
8469459,Mikko Koivu,C,MIN,53,33,takeaway_other
8469459,Mikko Koivu,C,MIN,62,15,takeaway_other
8469506,Jason Pominville,R,MIN,-61,-3,block_non_hd
8469506,Jason Pominville,R,MIN,-39,-2,block_non_hd
8469506,Jason Pominville,R,MIN,48,21,block_non_hd
8469506,Jason Pominville,R,MIN,-39,-25,block_non_hd
8469506,Jason Pominville,R,MIN,69,22,dz_faceoff_win
8469506,Jason Pominville,R,MIN,86,41,hit_taken
8469506,Jason Pominville,R,MIN,-48,40,hit_taken
8469506,Jason Pominville,R,MIN,-99,-20,hit_thrown
8469506,Jason Pominville,R,MIN,-96,18,hit_thrown
8469506,Jason Pominville,R,MIN,-45,36,takeaway_other
8469521,Tomas Plekanec,C,MTL,74,10,block_hd
8469521,Tomas Plekanec,C,MTL,-85,-10,block_hd
8469521,Tomas Plekanec,C,MTL,71,-12,block_hd
8469521,Tomas Plekanec,C,MTL,-75,16,block_hd
8469521,Tomas Plekanec,C,MTL,-74,-13,block_hd
8469521,Tomas Plekanec,C,MTL,-61,-4,block_non_hd
8469521,Tomas Plekanec,C,MTL,58,-13,block_non_hd
8469521,Tomas Plekanec,C,MTL,-80,1,crease_goal
8469521,Tomas Plekanec,C,MTL,69,-21,dz_faceoff_win
8469521,Tomas Plekanec,C,MTL,-68,-22,dz_faceoff_win
8469521,Tomas Plekanec,C,MTL,69,22,dz_faceoff_win
8469521,Tomas Plekanec,C,MTL,69,-22,dz_faceoff_win
8469521,Tomas Plekanec,C,MTL,69,-21,dz_faceoff_win
8469521,Tomas Plekanec,C,MTL,69,-22,dz_faceoff_win
8469521,Tomas Plekanec,C,MTL,69,-22,dz_faceoff_win
8469521,Tomas Plekanec,C,MTL,-69,-22,dz_faceoff_win
8469521,Tomas Plekanec,C,MTL,-69,22,dz_faceoff_win
8469521,Tomas Plekanec,C,MTL,-68,-23,dz_faceoff_win
8469521,Tomas Plekanec,C,MTL,-69,22,dz_faceoff_win
8469521,Tomas Plekanec,C,MTL,-69,21,dz_faceoff_win
8469521,Tomas Plekanec,C,MTL,-69,20,dz_faceoff_win
8469521,Tomas Plekanec,C,MTL,69,23,dz_faceoff_win
8469521,Tomas Plekanec,C,MTL,70,-23,dz_faceoff_win
8469521,Tomas Plekanec,C,MTL,-68,21,dz_faceoff_win
8469521,Tomas Plekanec,C,MTL,-68,21,dz_faceoff_win
8469521,Tomas Plekanec,C,MTL,-68,22,dz_faceoff_win
8469521,Tomas Plekanec,C,MTL,-69,-22,dz_faceoff_win
8469521,Tomas Plekanec,C,MTL,69,-23,dz_faceoff_win
8469521,Tomas Plekanec,C,MTL,69,21,dz_faceoff_win
8469521,Tomas Plekanec,C,MTL,69,21,dz_faceoff_win
8469521,Tomas Plekanec,C,MTL,-69,22,dz_faceoff_win
8469521,Tomas Plekanec,C,MTL,-69,21,dz_faceoff_win
8469521,Tomas Plekanec,C,MTL,-69,22,dz_faceoff_win
8469521,Tomas Plekanec,C,MTL,70,22,dz_faceoff_win
8469521,Tomas Plekanec,C,MTL,-69,-23,dz_faceoff_win
8469521,Tomas Plekanec,C,MTL,69,22,dz_faceoff_win
8469521,Tomas Plekanec,C,MTL,69,22,dz_faceoff_win
8469521,Tomas Plekanec,C,MTL,70,21,dz_faceoff_win
8469521,Tomas Plekanec,C,MTL,-68,-23,dz_faceoff_win
8469521,Tomas Plekanec,C,MTL,-68,-23,dz_faceoff_win
8469521,Tomas Plekanec,C,MTL,-69,22,dz_faceoff_win
8469521,Tomas Plekanec,C,MTL,-69,21,dz_faceoff_win
8469521,Tomas Plekanec,C,MTL,70,-23,dz_faceoff_win
8469521,Tomas Plekanec,C,MTL,96,35,hit_taken
8469521,Tomas Plekanec,C,MTL,-82,38,hit_taken
8469521,Tomas Plekanec,C,MTL,71,-39,hit_taken
8469521,Tomas Plekanec,C,MTL,44,-38,hit_taken
8469521,Tomas Plekanec,C,MTL,-30,-12,hit_taken
8469521,Tomas Plekanec,C,MTL,8,36,hit_taken
8469521,Tomas Plekanec,C,MTL,19,-20,hit_taken
8469521,Tomas Plekanec,C,MTL,-78,-39,hit_taken
8469521,Tomas Plekanec,C,MTL,97,10,hit_taken
8469521,Tomas Plekanec,C,MTL,-37,-38,hit_taken
8469521,Tomas Plekanec,C,MTL,-97,30,hit_thrown
8469521,Tomas Plekanec,C,MTL,-98,-31,hit_thrown
8469521,Tomas Plekanec,C,MTL,23,41,hit_thrown
8469521,Tomas Plekanec,C,MTL,-74,-41,hit_thrown
8469521,Tomas Plekanec,C,MTL,96,-26,hit_thrown
8469521,Tomas Plekanec,C,MTL,-73,-39,hit_thrown
8469521,Tomas Plekanec,C,MTL,98,-14,hit_thrown
8469521,Tomas Plekanec,C,MTL,-96,33,hit_thrown
8469521,Tomas Plekanec,C,MTL,97,15,takeaway_hd
8469521,Tomas Plekanec,C,MTL,-2,-13,takeaway_other
8469547,Jordin Tootoo,R,CHI,-41,-21,block_non_hd
8469547,Jordin Tootoo,R,CHI,56,10,block_non_hd
8469547,Jordin Tootoo,R,CHI,9,38,hit_taken
8469547,Jordin Tootoo,R,CHI,-13,37,hit_taken
8469547,Jordin Tootoo,R,CHI,-39,37,hit_taken
8469547,Jordin Tootoo,R,CHI,-92,35,hit_thrown
8469547,Jordin Tootoo,R,CHI,-40,40,hit_thrown
8469547,Jordin Tootoo,R,CHI,-93,28,hit_thrown
8469598,Kevin Bieksa,D,ANA,71,7,block_hd
8469598,Kevin Bieksa,D,ANA,73,14,block_hd
8469598,Kevin Bieksa,D,ANA,78,-4,block_hd
8469598,Kevin Bieksa,D,ANA,-77,14,block_hd
8469598,Kevin Bieksa,D,ANA,-77,-14,block_hd
8469598,Kevin Bieksa,D,ANA,72,3,block_hd
8469598,Kevin Bieksa,D,ANA,-46,-23,block_non_hd
8469598,Kevin Bieksa,D,ANA,-61,-15,block_non_hd
8469598,Kevin Bieksa,D,ANA,-65,-2,block_non_hd
8469598,Kevin Bieksa,D,ANA,-97,-27,hit_taken
8469598,Kevin Bieksa,D,ANA,97,25,hit_taken
8469598,Kevin Bieksa,D,ANA,25,-38,hit_taken
8469598,Kevin Bieksa,D,ANA,95,31,hit_taken
8469598,Kevin Bieksa,D,ANA,-6,-37,hit_taken
8469598,Kevin Bieksa,D,ANA,-49,37,hit_taken
8469598,Kevin Bieksa,D,ANA,-73,40,hit_taken
8469598,Kevin Bieksa,D,ANA,-91,39,hit_taken
8469598,Kevin Bieksa,D,ANA,98,28,hit_taken
8469598,Kevin Bieksa,D,ANA,27,-41,hit_thrown
8469598,Kevin Bieksa,D,ANA,-87,-40,hit_thrown
8469598,Kevin Bieksa,D,ANA,34,37,hit_thrown
8469598,Kevin Bieksa,D,ANA,-29,-40,hit_thrown
8469598,Kevin Bieksa,D,ANA,37,38,hit_thrown
8469598,Kevin Bieksa,D,ANA,-36,41,hit_thrown
8469598,Kevin Bieksa,D,ANA,58,40,hit_thrown
8469598,Kevin Bieksa,D,ANA,92,35,hit_thrown
8469598,Kevin Bieksa,D,ANA,95,-14,hit_thrown
8469598,Kevin Bieksa,D,ANA,19,39,hit_thrown
8469598,Kevin Bieksa,D,ANA,75,-42,hit_thrown
8469598,Kevin Bieksa,D,ANA,-29,-40,hit_thrown
8469598,Kevin Bieksa,D,ANA,60,40,hit_thrown
8469598,Kevin Bieksa,D,ANA,96,-23,hit_thrown
8469598,Kevin Bieksa,D,ANA,82,39,hit_thrown
8469598,Kevin Bieksa,D,ANA,88,-12,hit_thrown
8469598,Kevin Bieksa,D,ANA,31,38,hit_thrown
8469598,Kevin Bieksa,D,ANA,-94,28,hit_thrown
8469598,Kevin Bieksa,D,ANA,7,-25,takeaway_other
8469598,Kevin Bieksa,D,ANA,97,-30,takeaway_other
8469665,Johnny Oduya,D,CHI,70,-6,block_hd
8469665,Johnny Oduya,D,CHI,82,-11,block_hd
8469665,Johnny Oduya,D,CHI,70,-13,block_hd
8469665,Johnny Oduya,D,CHI,77,-14,block_hd
8469665,Johnny Oduya,D,CHI,69,-3,block_non_hd
8469665,Johnny Oduya,D,CHI,-48,7,block_non_hd
8469665,Johnny Oduya,D,CHI,-79,22,block_non_hd
8469665,Johnny Oduya,D,CHI,47,-38,hit_taken
8469665,Johnny Oduya,D,CHI,97,-28,hit_taken
8469665,Johnny Oduya,D,CHI,98,10,hit_taken
8469665,Johnny Oduya,D,CHI,95,-34,hit_taken
8469665,Johnny Oduya,D,CHI,90,-37,hit_taken
8469665,Johnny Oduya,D,CHI,-90,-37,hit_taken
8469665,Johnny Oduya,D,CHI,94,-21,hit_taken
8469665,Johnny Oduya,D,CHI,95,26,hit_taken
8469665,Johnny Oduya,D,CHI,-82,38,hit_taken
8469665,Johnny Oduya,D,CHI,51,-38,hit_thrown
8469665,Johnny Oduya,D,CHI,-94,31,hit_thrown
8469665,Johnny Oduya,D,CHI,76,-10,takeaway_hd
8469707,PA Parenteau,R,NSH,33,-30,block_non_hd
8469707,PA Parenteau,R,NSH,-52,-26,block_non_hd
8469707,PA Parenteau,R,NSH,45,22,block_non_hd
8469707,PA Parenteau,R,NSH,69,2,block_non_hd
8469707,PA Parenteau,R,NSH,-67,40,hit_taken
8469707,PA Parenteau,R,NSH,-96,6,hit_taken
8469707,PA Parenteau,R,NSH,84,-38,hit_thrown
8469707,PA Parenteau,R,NSH,-97,22,hit_thrown
8469707,PA Parenteau,R,NSH,-9,-38,hit_thrown
8469759,Vernon Fiddler,L,NSH,84,-18,block_hd
8469759,Vernon Fiddler,L,NSH,-72,29,block_non_hd
8469759,Vernon Fiddler,L,NSH,-63,11,block_non_hd
8469759,Vernon Fiddler,L,NSH,69,-22,dz_faceoff_win
8469759,Vernon Fiddler,L,NSH,-69,-23,dz_faceoff_win
8469759,Vernon Fiddler,L,NSH,70,-23,dz_faceoff_win
8469759,Vernon Fiddler,L,NSH,69,22,dz_faceoff_win
8469759,Vernon Fiddler,L,NSH,69,22,dz_faceoff_win
8469759,Vernon Fiddler,L,NSH,70,-24,dz_faceoff_win
8469759,Vernon Fiddler,L,NSH,70,21,dz_faceoff_win
8469759,Vernon Fiddler,L,NSH,71,-23,dz_faceoff_win
8469759,Vernon Fiddler,L,NSH,-67,24,dz_faceoff_win
8469759,Vernon Fiddler,L,NSH,72,-23,dz_faceoff_win
8469759,Vernon Fiddler,L,NSH,71,-23,dz_faceoff_win
8469759,Vernon Fiddler,L,NSH,68,-23,dz_faceoff_win
8469759,Vernon Fiddler,L,NSH,72,-21,dz_faceoff_win
8469759,Vernon Fiddler,L,NSH,69,-22,dz_faceoff_win
8469759,Vernon Fiddler,L,NSH,-69,21,dz_faceoff_win
8469759,Vernon Fiddler,L,NSH,-69,22,dz_faceoff_win
8469759,Vernon Fiddler,L,NSH,-79,-42,hit_taken
8469759,Vernon Fiddler,L,NSH,-97,25,hit_taken
8469759,Vernon Fiddler,L,NSH,-9,-38,hit_taken
8469759,Vernon Fiddler,L,NSH,-54,-40,hit_taken
8469759,Vernon Fiddler,L,NSH,72,-39,hit_taken
8469759,Vernon Fiddler,L,NSH,-96,1,hit_taken
8469759,Vernon Fiddler,L,NSH,75,-42,hit_taken
8469759,Vernon Fiddler,L,NSH,82,5,hit_taken
8469759,Vernon Fiddler,L,NSH,45,-40,hit_taken
8469759,Vernon Fiddler,L,NSH,83,41,hit_taken
8469759,Vernon Fiddler,L,NSH,-90,-39,hit_taken
8469759,Vernon Fiddler,L,NSH,-98,-22,hit_thrown
8469759,Vernon Fiddler,L,NSH,7,-24,hit_thrown
8469759,Vernon Fiddler,L,NSH,-15,-39,hit_thrown
8469759,Vernon Fiddler,L,NSH,-91,39,hit_thrown
8469759,Vernon Fiddler,L,NSH,-18,-32,hit_thrown
8469759,Vernon Fiddler,L,NSH,-57,-39,hit_thrown
8469759,Vernon Fiddler,L,NSH,5,-38,hit_thrown
8469759,Vernon Fiddler,L,NSH,98,-12,hit_thrown
8469759,Vernon Fiddler,L,NSH,34,-19,takeaway_other
8470041,Rick Nash,L,NYR,72,9,block_hd
8470041,Rick Nash,L,NYR,46,-17,block_non_hd
8470041,Rick Nash,L,NYR,47,8,block_non_hd
8470041,Rick Nash,L,NYR,65,-4,block_non_hd
8470041,Rick Nash,L,NYR,52,25,block_non_hd
8470041,Rick Nash,L,NYR,-58,24,block_non_hd
8470041,Rick Nash,L,NYR,59,4,block_non_hd
8470041,Rick Nash,L,NYR,-44,1,block_non_hd
8470041,Rick Nash,L,NYR,79,1,crease_goal
8470041,Rick Nash,L,NYR,96,28,hit_taken
8470041,Rick Nash,L,NYR,-88,-36,hit_taken
8470041,Rick Nash,L,NYR,-73,2,hit_taken
8470041,Rick Nash,L,NYR,60,-39,hit_taken
8470041,Rick Nash,L,NYR,14,39,hit_taken
8470041,Rick Nash,L,NYR,22,39,hit_taken
8470041,Rick Nash,L,NYR,97,-17,hit_taken
8470041,Rick Nash,L,NYR,-96,19,hit_taken
8470041,Rick Nash,L,NYR,-79,38,hit_taken
8470041,Rick Nash,L,NYR,-36,-42,hit_taken
8470041,Rick Nash,L,NYR,21,-40,hit_taken
8470041,Rick Nash,L,NYR,-31,-39,hit_taken
8470041,Rick Nash,L,NYR,99,-5,hit_taken
8470041,Rick Nash,L,NYR,40,-27,hit_taken
8470041,Rick Nash,L,NYR,-36,-40,hit_thrown
8470041,Rick Nash,L,NYR,-95,33,hit_thrown
8470041,Rick Nash,L,NYR,7,25,hit_thrown
8470041,Rick Nash,L,NYR,97,-8,hit_thrown
8470041,Rick Nash,L,NYR,82,39,hit_thrown
8470041,Rick Nash,L,NYR,93,-38,hit_thrown
8470041,Rick Nash,L,NYR,-80,39,hit_thrown
8470041,Rick Nash,L,NYR,-89,-38,hit_thrown
8470041,Rick Nash,L,NYR,-90,-19,hit_thrown
8470041,Rick Nash,L,NYR,41,37,hit_thrown
8470041,Rick Nash,L,NYR,99,25,hit_thrown
8470041,Rick Nash,L,NYR,-45,-31,hit_thrown
8470041,Rick Nash,L,NYR,-94,-22,hit_thrown
8470041,Rick Nash,L,NYR,-96,9,hit_thrown
8470041,Rick Nash,L,NYR,-27,-40,hit_thrown
8470041,Rick Nash,L,NYR,61,-38,hit_thrown
8470041,Rick Nash,L,NYR,97,-27,hit_thrown
8470041,Rick Nash,L,NYR,95,-15,takeaway_hd
8470041,Rick Nash,L,NYR,-94,-8,takeaway_hd
8470041,Rick Nash,L,NYR,-95,1,takeaway_hd
8470041,Rick Nash,L,NYR,37,-24,takeaway_other
8470041,Rick Nash,L,NYR,23,18,takeaway_other
8470041,Rick Nash,L,NYR,-54,-40,takeaway_other
8470041,Rick Nash,L,NYR,-70,-36,takeaway_other
8470041,Rick Nash,L,NYR,-61,38,takeaway_other
8470041,Rick Nash,L,NYR,49,30,takeaway_other
8470041,Rick Nash,L,NYR,-57,-39,takeaway_other
8470105,Scottie Upshall,R,STL,-52,20,block_non_hd
8470105,Scottie Upshall,R,STL,66,-18,block_non_hd
8470105,Scottie Upshall,R,STL,-57,-15,block_non_hd
8470105,Scottie Upshall,R,STL,46,-23,block_non_hd
8470105,Scottie Upshall,R,STL,-60,9,block_non_hd
8470105,Scottie Upshall,R,STL,54,12,block_non_hd
8470105,Scottie Upshall,R,STL,82,39,hit_taken
8470105,Scottie Upshall,R,STL,82,40,hit_taken
8470105,Scottie Upshall,R,STL,17,-38,hit_taken
8470105,Scottie Upshall,R,STL,36,-40,hit_taken
8470105,Scottie Upshall,R,STL,-47,37,hit_taken
8470105,Scottie Upshall,R,STL,-97,-30,hit_taken
8470105,Scottie Upshall,R,STL,-67,-40,hit_taken
8470105,Scottie Upshall,R,STL,86,40,hit_taken
8470105,Scottie Upshall,R,STL,-81,-40,hit_taken
8470105,Scottie Upshall,R,STL,-94,36,hit_taken
8470105,Scottie Upshall,R,STL,91,6,hit_taken
8470105,Scottie Upshall,R,STL,-71,41,hit_taken
8470105,Scottie Upshall,R,STL,84,38,hit_taken
8470105,Scottie Upshall,R,STL,9,-6,hit_taken
8470105,Scottie Upshall,R,STL,21,36,hit_taken
8470105,Scottie Upshall,R,STL,17,-40,hit_taken
8470105,Scottie Upshall,R,STL,-96,-14,hit_thrown
8470105,Scottie Upshall,R,STL,-49,37,hit_thrown
8470105,Scottie Upshall,R,STL,-68,-39,hit_thrown
8470105,Scottie Upshall,R,STL,47,40,hit_thrown
8470105,Scottie Upshall,R,STL,96,-10,hit_thrown
8470105,Scottie Upshall,R,STL,40,36,hit_thrown
8470105,Scottie Upshall,R,STL,39,-41,hit_thrown
8470105,Scottie Upshall,R,STL,19,-41,hit_thrown
8470105,Scottie Upshall,R,STL,97,-16,hit_thrown
8470105,Scottie Upshall,R,STL,45,41,hit_thrown
8470105,Scottie Upshall,R,STL,41,40,hit_thrown
8470105,Scottie Upshall,R,STL,45,-41,hit_thrown
8470105,Scottie Upshall,R,STL,69,-40,hit_thrown
8470105,Scottie Upshall,R,STL,99,24,hit_thrown
8470105,Scottie Upshall,R,STL,49,41,hit_thrown
8470105,Scottie Upshall,R,STL,90,-38,hit_thrown
8470105,Scottie Upshall,R,STL,90,-40,hit_thrown
8470105,Scottie Upshall,R,STL,38,40,hit_thrown
8470105,Scottie Upshall,R,STL,-53,40,hit_thrown
8470105,Scottie Upshall,R,STL,-66,-39,hit_thrown
8470105,Scottie Upshall,R,STL,-13,-39,hit_thrown
8470105,Scottie Upshall,R,STL,14,37,hit_thrown
8470105,Scottie Upshall,R,STL,-96,7,hit_thrown
8470105,Scottie Upshall,R,STL,-39,-37,hit_thrown
8470105,Scottie Upshall,R,STL,-37,-39,hit_thrown
8470105,Scottie Upshall,R,STL,-32,35,hit_thrown
8470105,Scottie Upshall,R,STL,53,40,hit_thrown
8470105,Scottie Upshall,R,STL,98,6,hit_thrown
8470105,Scottie Upshall,R,STL,-95,-13,hit_thrown
8470105,Scottie Upshall,R,STL,-96,26,hit_thrown
8470105,Scottie Upshall,R,STL,96,-11,takeaway_hd
8470110,Trevor Daley,D,PIT,-79,2,block_hd
8470110,Trevor Daley,D,PIT,74,7,block_hd
8470110,Trevor Daley,D,PIT,-80,-16,block_hd
8470110,Trevor Daley,D,PIT,72,-5,block_hd
8470110,Trevor Daley,D,PIT,-72,14,block_hd
8470110,Trevor Daley,D,PIT,81,14,block_hd
8470110,Trevor Daley,D,PIT,-76,16,block_hd
8470110,Trevor Daley,D,PIT,70,15,block_hd
8470110,Trevor Daley,D,PIT,-71,-10,block_hd
8470110,Trevor Daley,D,PIT,78,-12,block_hd
8470110,Trevor Daley,D,PIT,78,2,block_hd
8470110,Trevor Daley,D,PIT,74,-14,block_hd
8470110,Trevor Daley,D,PIT,-71,18,block_hd
8470110,Trevor Daley,D,PIT,73,5,block_hd
8470110,Trevor Daley,D,PIT,-61,-14,block_non_hd
8470110,Trevor Daley,D,PIT,-64,-2,block_non_hd
8470110,Trevor Daley,D,PIT,66,-2,block_non_hd
8470110,Trevor Daley,D,PIT,69,7,block_non_hd
8470110,Trevor Daley,D,PIT,66,14,block_non_hd
8470110,Trevor Daley,D,PIT,79,25,block_non_hd
8470110,Trevor Daley,D,PIT,64,12,block_non_hd
8470110,Trevor Daley,D,PIT,84,22,block_non_hd
8470110,Trevor Daley,D,PIT,-56,2,block_non_hd
8470110,Trevor Daley,D,PIT,-66,-8,block_non_hd
8470110,Trevor Daley,D,PIT,-62,12,block_non_hd
8470110,Trevor Daley,D,PIT,67,-10,block_non_hd
8470110,Trevor Daley,D,PIT,-63,-9,block_non_hd
8470110,Trevor Daley,D,PIT,-62,-9,block_non_hd
8470110,Trevor Daley,D,PIT,-66,-34,block_non_hd
8470110,Trevor Daley,D,PIT,60,-12,block_non_hd
8470110,Trevor Daley,D,PIT,-60,25,block_non_hd
8470110,Trevor Daley,D,PIT,-98,8,hit_taken
8470110,Trevor Daley,D,PIT,-27,-40,hit_taken
8470110,Trevor Daley,D,PIT,75,38,hit_taken
8470110,Trevor Daley,D,PIT,-97,-8,hit_taken
8470110,Trevor Daley,D,PIT,-94,-14,hit_taken
8470110,Trevor Daley,D,PIT,61,-40,hit_taken
8470110,Trevor Daley,D,PIT,-83,-39,hit_taken
8470110,Trevor Daley,D,PIT,-95,-17,hit_taken
8470110,Trevor Daley,D,PIT,97,-15,hit_taken
8470110,Trevor Daley,D,PIT,96,27,hit_taken
8470110,Trevor Daley,D,PIT,-84,40,hit_taken
8470110,Trevor Daley,D,PIT,93,-39,hit_taken
8470110,Trevor Daley,D,PIT,97,7,hit_taken
8470110,Trevor Daley,D,PIT,87,40,hit_taken
8470110,Trevor Daley,D,PIT,99,-23,hit_taken
8470110,Trevor Daley,D,PIT,98,6,hit_taken
8470110,Trevor Daley,D,PIT,-94,-25,hit_taken
8470110,Trevor Daley,D,PIT,97,16,hit_taken
8470110,Trevor Daley,D,PIT,14,-11,hit_taken
8470110,Trevor Daley,D,PIT,87,35,hit_taken
8470110,Trevor Daley,D,PIT,97,22,hit_taken
8470110,Trevor Daley,D,PIT,-92,-38,hit_taken
8470110,Trevor Daley,D,PIT,32,39,hit_taken
8470110,Trevor Daley,D,PIT,87,-40,hit_taken
8470110,Trevor Daley,D,PIT,-97,3,hit_taken
8470110,Trevor Daley,D,PIT,95,-25,hit_taken
8470110,Trevor Daley,D,PIT,-58,-42,hit_thrown
8470110,Trevor Daley,D,PIT,95,-36,hit_thrown
8470110,Trevor Daley,D,PIT,23,37,hit_thrown
8470110,Trevor Daley,D,PIT,99,5,hit_thrown
8470110,Trevor Daley,D,PIT,97,-32,hit_thrown
8470110,Trevor Daley,D,PIT,29,3,hit_thrown
8470110,Trevor Daley,D,PIT,-91,-34,hit_thrown
8470110,Trevor Daley,D,PIT,-97,-8,hit_thrown
8470110,Trevor Daley,D,PIT,-97,-16,hit_thrown
8470110,Trevor Daley,D,PIT,96,34,hit_thrown
8470110,Trevor Daley,D,PIT,-94,36,hit_thrown
8470110,Trevor Daley,D,PIT,-96,6,hit_thrown
8470110,Trevor Daley,D,PIT,37,40,hit_thrown
8470110,Trevor Daley,D,PIT,-98,-26,hit_thrown
8470110,Trevor Daley,D,PIT,90,36,hit_thrown
8470110,Trevor Daley,D,PIT,-16,28,takeaway_other
8470110,Trevor Daley,D,PIT,-48,38,takeaway_other
8470110,Trevor Daley,D,PIT,-45,23,takeaway_other
8470151,Jay Bouwmeester,D,STL,80,3,block_hd
8470151,Jay Bouwmeester,D,STL,-79,-4,block_hd
8470151,Jay Bouwmeester,D,STL,-72,-2,block_hd
8470151,Jay Bouwmeester,D,STL,-73,10,block_hd
8470151,Jay Bouwmeester,D,STL,70,-5,block_hd
8470151,Jay Bouwmeester,D,STL,-72,7,block_hd
8470151,Jay Bouwmeester,D,STL,72,-11,block_hd
8470151,Jay Bouwmeester,D,STL,-76,15,block_hd
8470151,Jay Bouwmeester,D,STL,-70,2,block_hd
8470151,Jay Bouwmeester,D,STL,-72,1,block_hd
8470151,Jay Bouwmeester,D,STL,72,-16,block_hd
8470151,Jay Bouwmeester,D,STL,-84,-5,block_hd
8470151,Jay Bouwmeester,D,STL,79,-17,block_hd
8470151,Jay Bouwmeester,D,STL,78,6,block_hd
8470151,Jay Bouwmeester,D,STL,-67,-7,block_non_hd
8470151,Jay Bouwmeester,D,STL,-60,-7,block_non_hd
8470151,Jay Bouwmeester,D,STL,-70,-20,block_non_hd
8470151,Jay Bouwmeester,D,STL,-68,-9,block_non_hd
8470151,Jay Bouwmeester,D,STL,53,-33,block_non_hd
8470151,Jay Bouwmeester,D,STL,35,-35,hit_taken
8470151,Jay Bouwmeester,D,STL,-97,-12,hit_taken
8470151,Jay Bouwmeester,D,STL,-96,30,hit_taken
8470151,Jay Bouwmeester,D,STL,-76,40,hit_taken
8470151,Jay Bouwmeester,D,STL,-95,-13,hit_taken
8470151,Jay Bouwmeester,D,STL,-8,41,hit_taken
8470151,Jay Bouwmeester,D,STL,30,-40,hit_taken
8470151,Jay Bouwmeester,D,STL,-91,-38,hit_taken
8470151,Jay Bouwmeester,D,STL,-99,-11,hit_taken
8470151,Jay Bouwmeester,D,STL,57,-38,hit_taken
8470151,Jay Bouwmeester,D,STL,-95,-17,hit_taken
8470151,Jay Bouwmeester,D,STL,-26,-39,hit_taken
8470151,Jay Bouwmeester,D,STL,80,40,hit_taken
8470151,Jay Bouwmeester,D,STL,76,41,hit_taken
8470151,Jay Bouwmeester,D,STL,91,-39,hit_taken
8470151,Jay Bouwmeester,D,STL,89,-40,hit_taken
8470151,Jay Bouwmeester,D,STL,-99,-1,hit_taken
8470151,Jay Bouwmeester,D,STL,-83,39,hit_taken
8470151,Jay Bouwmeester,D,STL,14,-38,hit_taken
8470151,Jay Bouwmeester,D,STL,-26,-37,hit_taken
8470151,Jay Bouwmeester,D,STL,95,-23,hit_taken
8470151,Jay Bouwmeester,D,STL,35,-36,hit_taken
8470151,Jay Bouwmeester,D,STL,-92,36,hit_taken
8470151,Jay Bouwmeester,D,STL,60,-42,hit_taken
8470151,Jay Bouwmeester,D,STL,70,-38,hit_taken
8470151,Jay Bouwmeester,D,STL,-83,-38,hit_taken
8470151,Jay Bouwmeester,D,STL,97,-3,hit_thrown
8470151,Jay Bouwmeester,D,STL,-57,41,hit_thrown
8470151,Jay Bouwmeester,D,STL,-86,-42,hit_thrown
8470151,Jay Bouwmeester,D,STL,66,-40,hit_thrown
8470151,Jay Bouwmeester,D,STL,63,-41,hit_thrown
8470151,Jay Bouwmeester,D,STL,-46,38,hit_thrown
8470151,Jay Bouwmeester,D,STL,52,-40,hit_thrown
8470151,Jay Bouwmeester,D,STL,-88,40,hit_thrown
8470151,Jay Bouwmeester,D,STL,74,-12,hit_thrown
8470151,Jay Bouwmeester,D,STL,-77,-40,hit_thrown
8470151,Jay Bouwmeester,D,STL,46,-37,hit_thrown
8470151,Jay Bouwmeester,D,STL,96,-3,takeaway_hd
8470151,Jay Bouwmeester,D,STL,95,-7,takeaway_hd
8470151,Jay Bouwmeester,D,STL,88,-29,takeaway_other
8470151,Jay Bouwmeester,D,STL,-16,30,takeaway_other
8470151,Jay Bouwmeester,D,STL,45,3,takeaway_other
8470162,Matt Stajan,C,CGY,71,23,dz_faceoff_win
8470162,Matt Stajan,C,CGY,-72,21,dz_faceoff_win
8470162,Matt Stajan,C,CGY,-70,21,dz_faceoff_win
8470162,Matt Stajan,C,CGY,-66,23,dz_faceoff_win
8470162,Matt Stajan,C,CGY,72,-23,dz_faceoff_win
8470162,Matt Stajan,C,CGY,87,-31,dz_faceoff_win
8470162,Matt Stajan,C,CGY,17,-38,hit_taken
8470162,Matt Stajan,C,CGY,-97,-25,hit_taken
8470162,Matt Stajan,C,CGY,-41,-38,hit_taken
8470162,Matt Stajan,C,CGY,-96,6,hit_taken
8470162,Matt Stajan,C,CGY,-10,13,hit_taken
8470162,Matt Stajan,C,CGY,-63,39,hit_thrown
8470162,Matt Stajan,C,CGY,51,-42,hit_thrown
8470162,Matt Stajan,C,CGY,-55,40,hit_thrown
8470162,Matt Stajan,C,CGY,-5,26,takeaway_other
8470162,Matt Stajan,C,CGY,53,-26,takeaway_other
8470257,Alexander Steen,L,STL,81,-8,block_hd
8470257,Alexander Steen,L,STL,-80,10,block_hd
8470257,Alexander Steen,L,STL,66,-6,block_non_hd
8470257,Alexander Steen,L,STL,45,-3,block_non_hd
8470257,Alexander Steen,L,STL,-70,21,block_non_hd
8470257,Alexander Steen,L,STL,-50,3,block_non_hd
8470257,Alexander Steen,L,STL,-32,-12,block_non_hd
8470257,Alexander Steen,L,STL,38,6,block_non_hd
8470257,Alexander Steen,L,STL,86,-5,crease_goal
8470257,Alexander Steen,L,STL,69,-23,dz_faceoff_win
8470257,Alexander Steen,L,STL,-69,21,dz_faceoff_win
8470257,Alexander Steen,L,STL,-69,-22,dz_faceoff_win
8470257,Alexander Steen,L,STL,70,-22,dz_faceoff_win
8470257,Alexander Steen,L,STL,-37,-38,hit_taken
8470257,Alexander Steen,L,STL,69,38,hit_taken
8470257,Alexander Steen,L,STL,-99,-7,hit_taken
8470257,Alexander Steen,L,STL,-75,40,hit_taken
8470257,Alexander Steen,L,STL,-96,-12,hit_taken
8470257,Alexander Steen,L,STL,-57,-37,hit_taken
8470257,Alexander Steen,L,STL,31,-40,hit_taken
8470257,Alexander Steen,L,STL,-61,38,hit_taken
8470257,Alexander Steen,L,STL,-38,-36,hit_taken
8470257,Alexander Steen,L,STL,-92,34,hit_taken
8470257,Alexander Steen,L,STL,-23,18,hit_taken
8470257,Alexander Steen,L,STL,-93,-35,hit_taken
8470257,Alexander Steen,L,STL,-18,-40,hit_thrown
8470257,Alexander Steen,L,STL,98,-13,hit_thrown
8470257,Alexander Steen,L,STL,-47,-42,hit_thrown
8470257,Alexander Steen,L,STL,-91,-35,hit_thrown
8470257,Alexander Steen,L,STL,58,38,hit_thrown
8470257,Alexander Steen,L,STL,-10,31,hit_thrown
8470257,Alexander Steen,L,STL,-79,2,hit_thrown
8470257,Alexander Steen,L,STL,-94,31,hit_thrown
8470257,Alexander Steen,L,STL,-51,-37,takeaway_other
8470257,Alexander Steen,L,STL,49,-38,takeaway_other
8470257,Alexander Steen,L,STL,-58,39,takeaway_other
8470257,Alexander Steen,L,STL,8,-3,takeaway_other
8470281,Duncan Keith,D,CHI,82,-17,block_hd
8470281,Duncan Keith,D,CHI,74,-14,block_hd
8470281,Duncan Keith,D,CHI,80,0,block_hd
8470281,Duncan Keith,D,CHI,69,-4,block_non_hd
8470281,Duncan Keith,D,CHI,-20,41,hit_taken
8470281,Duncan Keith,D,CHI,76,-38,hit_taken
8470281,Duncan Keith,D,CHI,-9,-39,hit_thrown
8470281,Duncan Keith,D,CHI,96,-38,hit_thrown
8470281,Duncan Keith,D,CHI,38,-8,hit_thrown
8470281,Duncan Keith,D,CHI,72,-31,hit_thrown
8470281,Duncan Keith,D,CHI,-34,-38,hit_thrown
8470281,Duncan Keith,D,CHI,-31,5,takeaway_other
8470358,Alexandre Burrows,L,OTT,75,12,block_hd
8470358,Alexandre Burrows,L,OTT,78,10,block_hd
8470358,Alexandre Burrows,L,OTT,-41,-32,block_non_hd
8470358,Alexandre Burrows,L,OTT,50,-13,block_non_hd
8470358,Alexandre Burrows,L,OTT,55,-12,block_non_hd
8470358,Alexandre Burrows,L,OTT,-52,-22,block_non_hd
8470358,Alexandre Burrows,L,OTT,63,3,block_non_hd
8470358,Alexandre Burrows,L,OTT,-50,-3,block_non_hd
8470358,Alexandre Burrows,L,OTT,50,15,block_non_hd
8470358,Alexandre Burrows,L,OTT,-59,-17,block_non_hd
8470358,Alexandre Burrows,L,OTT,48,-22,block_non_hd
8470358,Alexandre Burrows,L,OTT,-43,-23,block_non_hd
8470358,Alexandre Burrows,L,OTT,-32,-40,hit_taken
8470358,Alexandre Burrows,L,OTT,-16,-36,hit_taken
8470358,Alexandre Burrows,L,OTT,92,-34,hit_taken
8470358,Alexandre Burrows,L,OTT,-89,-40,hit_taken
8470358,Alexandre Burrows,L,OTT,-37,39,hit_taken
8470358,Alexandre Burrows,L,OTT,-87,37,hit_taken
8470358,Alexandre Burrows,L,OTT,-4,-35,hit_taken
8470358,Alexandre Burrows,L,OTT,43,-36,hit_taken
8470358,Alexandre Burrows,L,OTT,-56,-40,hit_taken
8470358,Alexandre Burrows,L,OTT,-68,41,hit_taken
8470358,Alexandre Burrows,L,OTT,-5,36,hit_taken
8470358,Alexandre Burrows,L,OTT,94,-35,hit_taken
8470358,Alexandre Burrows,L,OTT,-52,39,hit_taken
8470358,Alexandre Burrows,L,OTT,-28,-35,hit_taken
8470358,Alexandre Burrows,L,OTT,68,-38,hit_taken
8470358,Alexandre Burrows,L,OTT,25,38,hit_taken
8470358,Alexandre Burrows,L,OTT,-50,36,hit_taken
8470358,Alexandre Burrows,L,OTT,-14,-39,hit_taken
8470358,Alexandre Burrows,L,OTT,-87,-38,hit_taken
8470358,Alexandre Burrows,L,OTT,67,24,hit_taken
8470358,Alexandre Burrows,L,OTT,98,1,hit_taken
8470358,Alexandre Burrows,L,OTT,28,-34,hit_taken
8470358,Alexandre Burrows,L,OTT,-96,9,hit_taken
8470358,Alexandre Burrows,L,OTT,13,39,hit_taken
8470358,Alexandre Burrows,L,OTT,-96,-22,hit_taken
8470358,Alexandre Burrows,L,OTT,98,10,hit_taken
8470358,Alexandre Burrows,L,OTT,95,-37,hit_taken
8470358,Alexandre Burrows,L,OTT,52,38,hit_taken
8470358,Alexandre Burrows,L,OTT,70,38,hit_taken
8470358,Alexandre Burrows,L,OTT,68,40,hit_taken
8470358,Alexandre Burrows,L,OTT,-76,-40,hit_taken
8470358,Alexandre Burrows,L,OTT,97,-23,hit_taken
8470358,Alexandre Burrows,L,OTT,92,38,hit_taken
8470358,Alexandre Burrows,L,OTT,85,40,hit_taken
8470358,Alexandre Burrows,L,OTT,-93,-29,hit_taken
8470358,Alexandre Burrows,L,OTT,-94,13,hit_taken
8470358,Alexandre Burrows,L,OTT,98,28,hit_thrown
8470358,Alexandre Burrows,L,OTT,-91,-37,hit_thrown
8470358,Alexandre Burrows,L,OTT,93,-38,hit_thrown
8470358,Alexandre Burrows,L,OTT,81,40,hit_thrown
8470358,Alexandre Burrows,L,OTT,98,25,hit_thrown
8470358,Alexandre Burrows,L,OTT,-91,25,hit_thrown
8470358,Alexandre Burrows,L,OTT,96,-27,hit_thrown
8470358,Alexandre Burrows,L,OTT,-28,-37,hit_thrown
8470358,Alexandre Burrows,L,OTT,10,38,hit_thrown
8470358,Alexandre Burrows,L,OTT,-96,-9,hit_thrown
8470358,Alexandre Burrows,L,OTT,97,11,hit_thrown
8470358,Alexandre Burrows,L,OTT,-34,38,hit_thrown
8470358,Alexandre Burrows,L,OTT,-30,41,hit_thrown
8470358,Alexandre Burrows,L,OTT,75,38,hit_thrown
8470358,Alexandre Burrows,L,OTT,98,3,hit_thrown
8470358,Alexandre Burrows,L,OTT,80,38,hit_thrown
8470358,Alexandre Burrows,L,OTT,97,-13,hit_thrown
8470358,Alexandre Burrows,L,OTT,-8,40,hit_thrown
8470358,Alexandre Burrows,L,OTT,98,-14,hit_thrown
8470358,Alexandre Burrows,L,OTT,81,39,hit_thrown
8470358,Alexandre Burrows,L,OTT,96,-28,hit_thrown
8470358,Alexandre Burrows,L,OTT,92,38,hit_thrown
8470358,Alexandre Burrows,L,OTT,94,36,hit_thrown
8470358,Alexandre Burrows,L,OTT,91,39,hit_thrown
8470358,Alexandre Burrows,L,OTT,97,33,hit_thrown
8470358,Alexandre Burrows,L,OTT,87,12,takeaway_hd
8470358,Alexandre Burrows,L,OTT,80,5,takeaway_hd
8470358,Alexandre Burrows,L,OTT,89,18,takeaway_hd
8470358,Alexandre Burrows,L,OTT,11,25,takeaway_other
8470358,Alexandre Burrows,L,OTT,-57,-37,takeaway_other
8470358,Alexandre Burrows,L,OTT,54,-10,takeaway_other
8470358,Alexandre Burrows,L,OTT,43,36,takeaway_other
8470358,Alexandre Burrows,L,OTT,16,-33,takeaway_other
8470543,Chris Kunitz,L,PIT,-73,17,block_hd
8470543,Chris Kunitz,L,PIT,-78,18,block_hd
8470543,Chris Kunitz,L,PIT,83,-8,block_hd
8470543,Chris Kunitz,L,PIT,-62,-9,block_non_hd
8470543,Chris Kunitz,L,PIT,61,-18,block_non_hd
8470543,Chris Kunitz,L,PIT,61,-14,block_non_hd
8470543,Chris Kunitz,L,PIT,-51,6,block_non_hd
8470543,Chris Kunitz,L,PIT,40,-5,block_non_hd
8470543,Chris Kunitz,L,PIT,-80,-3,crease_goal
8470543,Chris Kunitz,L,PIT,-90,37,hit_taken
8470543,Chris Kunitz,L,PIT,-98,23,hit_taken
8470543,Chris Kunitz,L,PIT,-94,-34,hit_taken
8470543,Chris Kunitz,L,PIT,96,30,hit_taken
8470543,Chris Kunitz,L,PIT,-71,-41,hit_taken
8470543,Chris Kunitz,L,PIT,14,-39,hit_taken
8470543,Chris Kunitz,L,PIT,10,-39,hit_taken
8470543,Chris Kunitz,L,PIT,-54,39,hit_taken
8470543,Chris Kunitz,L,PIT,-96,-31,hit_taken
8470543,Chris Kunitz,L,PIT,98,23,hit_taken
8470543,Chris Kunitz,L,PIT,27,40,hit_taken
8470543,Chris Kunitz,L,PIT,78,-36,hit_taken
8470543,Chris Kunitz,L,PIT,79,40,hit_taken
8470543,Chris Kunitz,L,PIT,98,18,hit_taken
8470543,Chris Kunitz,L,PIT,48,-39,hit_taken
8470543,Chris Kunitz,L,PIT,-64,-38,hit_taken
8470543,Chris Kunitz,L,PIT,-94,23,hit_taken
8470543,Chris Kunitz,L,PIT,92,-5,hit_taken
8470543,Chris Kunitz,L,PIT,88,38,hit_taken
8470543,Chris Kunitz,L,PIT,45,-39,hit_taken
8470543,Chris Kunitz,L,PIT,-57,41,hit_taken
8470543,Chris Kunitz,L,PIT,19,40,hit_taken
8470543,Chris Kunitz,L,PIT,46,40,hit_taken
8470543,Chris Kunitz,L,PIT,97,-18,hit_taken
8470543,Chris Kunitz,L,PIT,-56,40,hit_taken
8470543,Chris Kunitz,L,PIT,81,41,hit_taken
8470543,Chris Kunitz,L,PIT,79,-38,hit_taken
8470543,Chris Kunitz,L,PIT,64,40,hit_taken
8470543,Chris Kunitz,L,PIT,43,-39,hit_taken
8470543,Chris Kunitz,L,PIT,12,-21,hit_taken
8470543,Chris Kunitz,L,PIT,-51,35,hit_taken
8470543,Chris Kunitz,L,PIT,-1,-37,hit_taken
8470543,Chris Kunitz,L,PIT,25,-36,hit_taken
8470543,Chris Kunitz,L,PIT,-12,41,hit_thrown
8470543,Chris Kunitz,L,PIT,-22,18,hit_thrown
8470543,Chris Kunitz,L,PIT,32,40,hit_thrown
8470543,Chris Kunitz,L,PIT,-8,-38,hit_thrown
8470543,Chris Kunitz,L,PIT,98,-16,hit_thrown
8470543,Chris Kunitz,L,PIT,-58,40,hit_thrown
8470543,Chris Kunitz,L,PIT,-90,-26,hit_thrown
8470543,Chris Kunitz,L,PIT,43,5,hit_thrown
8470543,Chris Kunitz,L,PIT,-40,30,hit_thrown
8470543,Chris Kunitz,L,PIT,98,3,hit_thrown
8470543,Chris Kunitz,L,PIT,88,36,hit_thrown
8470543,Chris Kunitz,L,PIT,97,-13,hit_thrown
8470543,Chris Kunitz,L,PIT,22,39,hit_thrown
8470543,Chris Kunitz,L,PIT,98,-11,hit_thrown
8470543,Chris Kunitz,L,PIT,-79,-40,hit_thrown
8470543,Chris Kunitz,L,PIT,-73,41,hit_thrown
8470543,Chris Kunitz,L,PIT,-69,41,hit_thrown
8470543,Chris Kunitz,L,PIT,-10,-40,hit_thrown
8470543,Chris Kunitz,L,PIT,46,40,hit_thrown
8470543,Chris Kunitz,L,PIT,25,-39,hit_thrown
8470543,Chris Kunitz,L,PIT,76,36,hit_thrown
8470543,Chris Kunitz,L,PIT,72,-25,hit_thrown
8470543,Chris Kunitz,L,PIT,95,25,hit_thrown
8470543,Chris Kunitz,L,PIT,19,41,hit_thrown
8470543,Chris Kunitz,L,PIT,98,-10,hit_thrown
8470543,Chris Kunitz,L,PIT,97,17,hit_thrown
8470543,Chris Kunitz,L,PIT,82,-41,hit_thrown
8470543,Chris Kunitz,L,PIT,87,41,hit_thrown
8470543,Chris Kunitz,L,PIT,-50,-38,hit_thrown
8470543,Chris Kunitz,L,PIT,-83,41,hit_thrown
8470543,Chris Kunitz,L,PIT,10,-40,hit_thrown
8470543,Chris Kunitz,L,PIT,89,20,hit_thrown
8470543,Chris Kunitz,L,PIT,44,-39,hit_thrown
8470543,Chris Kunitz,L,PIT,-92,23,hit_thrown
8470543,Chris Kunitz,L,PIT,-44,-37,hit_thrown
8470543,Chris Kunitz,L,PIT,75,40,hit_thrown
8470543,Chris Kunitz,L,PIT,-97,0,hit_thrown
8470543,Chris Kunitz,L,PIT,-93,37,hit_thrown
8470543,Chris Kunitz,L,PIT,-97,22,hit_thrown
8470543,Chris Kunitz,L,PIT,47,1,hit_thrown
8470543,Chris Kunitz,L,PIT,97,27,hit_thrown
8470543,Chris Kunitz,L,PIT,98,-23,hit_thrown
8470543,Chris Kunitz,L,PIT,-97,11,hit_thrown
8470543,Chris Kunitz,L,PIT,11,-40,hit_thrown
8470543,Chris Kunitz,L,PIT,5,39,hit_thrown
8470543,Chris Kunitz,L,PIT,97,21,hit_thrown
8470543,Chris Kunitz,L,PIT,97,-30,hit_thrown
8470543,Chris Kunitz,L,PIT,-69,-41,hit_thrown
8470543,Chris Kunitz,L,PIT,-76,40,hit_thrown
8470543,Chris Kunitz,L,PIT,50,-1,hit_thrown
8470543,Chris Kunitz,L,PIT,84,39,hit_thrown
8470543,Chris Kunitz,L,PIT,47,39,hit_thrown
8470543,Chris Kunitz,L,PIT,14,-38,hit_thrown
8470543,Chris Kunitz,L,PIT,92,-33,hit_thrown
8470543,Chris Kunitz,L,PIT,39,-37,hit_thrown
8470543,Chris Kunitz,L,PIT,-99,21,hit_thrown
8470543,Chris Kunitz,L,PIT,41,40,hit_thrown
8470543,Chris Kunitz,L,PIT,-97,0,hit_thrown
8470543,Chris Kunitz,L,PIT,39,38,hit_thrown
8470543,Chris Kunitz,L,PIT,37,-40,hit_thrown
8470543,Chris Kunitz,L,PIT,53,-40,hit_thrown
8470543,Chris Kunitz,L,PIT,-60,-3,takeaway_other
8470543,Chris Kunitz,L,PIT,-14,29,takeaway_other
8470543,Chris Kunitz,L,PIT,29,17,takeaway_other
8470543,Chris Kunitz,L,PIT,-72,-36,takeaway_other
8470595,Eric Staal,C,MIN,50,0,block_non_hd
8470595,Eric Staal,C,MIN,-58,15,block_non_hd
8470595,Eric Staal,C,MIN,63,10,block_non_hd
8470595,Eric Staal,C,MIN,69,-4,block_non_hd
8470595,Eric Staal,C,MIN,-68,21,dz_faceoff_win
8470595,Eric Staal,C,MIN,69,-22,dz_faceoff_win
8470595,Eric Staal,C,MIN,-69,21,dz_faceoff_win
8470595,Eric Staal,C,MIN,69,22,dz_faceoff_win
8470595,Eric Staal,C,MIN,-82,35,dz_faceoff_win
8470595,Eric Staal,C,MIN,56,39,hit_taken
8470595,Eric Staal,C,MIN,89,38,hit_taken
8470595,Eric Staal,C,MIN,-49,37,hit_taken
8470595,Eric Staal,C,MIN,-97,-10,hit_taken
8470595,Eric Staal,C,MIN,44,41,hit_taken
8470595,Eric Staal,C,MIN,-71,-40,hit_taken
8470595,Eric Staal,C,MIN,45,41,hit_taken
8470595,Eric Staal,C,MIN,-29,-41,hit_taken
8470595,Eric Staal,C,MIN,-33,34,hit_thrown
8470595,Eric Staal,C,MIN,87,39,hit_thrown
8470595,Eric Staal,C,MIN,98,23,hit_thrown
8470595,Eric Staal,C,MIN,-96,-17,hit_thrown
8470595,Eric Staal,C,MIN,98,31,hit_thrown
8470595,Eric Staal,C,MIN,30,-40,hit_thrown
8470595,Eric Staal,C,MIN,-97,-22,hit_thrown
8470595,Eric Staal,C,MIN,-98,15,hit_thrown
8470595,Eric Staal,C,MIN,99,17,hit_thrown
8470595,Eric Staal,C,MIN,-94,12,takeaway_hd
8470600,Ryan Suter,D,MIN,-73,-2,block_hd
8470600,Ryan Suter,D,MIN,72,-14,block_hd
8470600,Ryan Suter,D,MIN,-74,9,block_hd
8470600,Ryan Suter,D,MIN,83,-8,block_hd
8470600,Ryan Suter,D,MIN,55,-4,block_non_hd
8470600,Ryan Suter,D,MIN,63,11,block_non_hd
8470600,Ryan Suter,D,MIN,69,-17,block_non_hd
8470600,Ryan Suter,D,MIN,-41,39,hit_taken
8470600,Ryan Suter,D,MIN,-98,-18,hit_taken
8470600,Ryan Suter,D,MIN,88,-39,hit_taken
8470600,Ryan Suter,D,MIN,68,-18,hit_thrown
8470600,Ryan Suter,D,MIN,91,-40,hit_thrown
8470600,Ryan Suter,D,MIN,36,-40,hit_thrown
8470600,Ryan Suter,D,MIN,97,31,hit_thrown
8470600,Ryan Suter,D,MIN,-95,-9,hit_thrown
8470600,Ryan Suter,D,MIN,97,21,hit_thrown
8470602,Dion Phaneuf,D,OTT,-85,8,block_hd
8470602,Dion Phaneuf,D,OTT,-77,-7,block_hd
8470602,Dion Phaneuf,D,OTT,-73,-13,block_hd
8470602,Dion Phaneuf,D,OTT,-76,8,block_hd
8470602,Dion Phaneuf,D,OTT,78,-2,block_hd
8470602,Dion Phaneuf,D,OTT,-78,-5,block_hd
8470602,Dion Phaneuf,D,OTT,-75,-4,block_hd
8470602,Dion Phaneuf,D,OTT,-79,-3,block_hd
8470602,Dion Phaneuf,D,OTT,82,-8,block_hd
8470602,Dion Phaneuf,D,OTT,80,0,block_hd
8470602,Dion Phaneuf,D,OTT,74,2,block_hd
8470602,Dion Phaneuf,D,OTT,72,-3,block_hd
8470602,Dion Phaneuf,D,OTT,-72,-7,block_hd
8470602,Dion Phaneuf,D,OTT,-75,3,block_hd
8470602,Dion Phaneuf,D,OTT,-82,12,block_hd
8470602,Dion Phaneuf,D,OTT,-72,11,block_hd
8470602,Dion Phaneuf,D,OTT,-46,30,block_non_hd
8470602,Dion Phaneuf,D,OTT,-69,0,block_non_hd
8470602,Dion Phaneuf,D,OTT,-57,3,block_non_hd
8470602,Dion Phaneuf,D,OTT,-68,12,block_non_hd
8470602,Dion Phaneuf,D,OTT,64,7,block_non_hd
8470602,Dion Phaneuf,D,OTT,-73,20,block_non_hd
8470602,Dion Phaneuf,D,OTT,-72,32,block_non_hd
8470602,Dion Phaneuf,D,OTT,-64,-1,block_non_hd
8470602,Dion Phaneuf,D,OTT,-60,-10,block_non_hd
8470602,Dion Phaneuf,D,OTT,-63,1,block_non_hd
8470602,Dion Phaneuf,D,OTT,-66,-14,block_non_hd
8470602,Dion Phaneuf,D,OTT,66,-14,block_non_hd
8470602,Dion Phaneuf,D,OTT,-93,25,hit_taken
8470602,Dion Phaneuf,D,OTT,-97,26,hit_taken
8470602,Dion Phaneuf,D,OTT,-53,39,hit_taken
8470602,Dion Phaneuf,D,OTT,5,40,hit_taken
8470602,Dion Phaneuf,D,OTT,-95,7,hit_taken
8470602,Dion Phaneuf,D,OTT,53,-36,hit_taken
8470602,Dion Phaneuf,D,OTT,38,-23,hit_taken
8470602,Dion Phaneuf,D,OTT,80,-25,hit_taken
8470602,Dion Phaneuf,D,OTT,79,37,hit_taken
8470602,Dion Phaneuf,D,OTT,-81,38,hit_taken
8470602,Dion Phaneuf,D,OTT,97,-26,hit_taken
8470602,Dion Phaneuf,D,OTT,-92,-10,hit_taken
8470602,Dion Phaneuf,D,OTT,97,14,hit_taken
8470602,Dion Phaneuf,D,OTT,33,-39,hit_taken
8470602,Dion Phaneuf,D,OTT,87,37,hit_taken
8470602,Dion Phaneuf,D,OTT,-89,39,hit_taken
8470602,Dion Phaneuf,D,OTT,-32,-29,hit_taken
8470602,Dion Phaneuf,D,OTT,83,-27,hit_taken
8470602,Dion Phaneuf,D,OTT,-96,22,hit_taken
8470602,Dion Phaneuf,D,OTT,-95,10,hit_taken
8470602,Dion Phaneuf,D,OTT,-38,35,hit_taken
8470602,Dion Phaneuf,D,OTT,-95,-24,hit_taken
8470602,Dion Phaneuf,D,OTT,-92,36,hit_taken
8470602,Dion Phaneuf,D,OTT,98,30,hit_taken
8470602,Dion Phaneuf,D,OTT,-46,-41,hit_taken
8470602,Dion Phaneuf,D,OTT,45,-29,hit_taken
8470602,Dion Phaneuf,D,OTT,70,-40,hit_taken
8470602,Dion Phaneuf,D,OTT,89,20,hit_taken
8470602,Dion Phaneuf,D,OTT,-92,25,hit_taken
8470602,Dion Phaneuf,D,OTT,-96,28,hit_taken
8470602,Dion Phaneuf,D,OTT,73,37,hit_taken
8470602,Dion Phaneuf,D,OTT,-32,-36,hit_taken
8470602,Dion Phaneuf,D,OTT,98,-23,hit_taken
8470602,Dion Phaneuf,D,OTT,-97,33,hit_taken
8470602,Dion Phaneuf,D,OTT,-95,36,hit_taken
8470602,Dion Phaneuf,D,OTT,-25,36,hit_thrown
8470602,Dion Phaneuf,D,OTT,91,33,hit_thrown
8470602,Dion Phaneuf,D,OTT,93,-19,hit_thrown
8470602,Dion Phaneuf,D,OTT,-95,31,hit_thrown
8470602,Dion Phaneuf,D,OTT,-20,16,hit_thrown
8470602,Dion Phaneuf,D,OTT,-4,40,hit_thrown
8470602,Dion Phaneuf,D,OTT,-14,35,hit_thrown
8470602,Dion Phaneuf,D,OTT,13,38,hit_thrown
8470602,Dion Phaneuf,D,OTT,83,-42,hit_thrown
8470602,Dion Phaneuf,D,OTT,-88,-28,hit_thrown
8470602,Dion Phaneuf,D,OTT,-90,38,hit_thrown
8470602,Dion Phaneuf,D,OTT,95,-14,hit_thrown
8470602,Dion Phaneuf,D,OTT,-82,37,hit_thrown
8470602,Dion Phaneuf,D,OTT,-86,38,hit_thrown
8470602,Dion Phaneuf,D,OTT,91,-20,hit_thrown
8470602,Dion Phaneuf,D,OTT,-95,20,hit_thrown
8470602,Dion Phaneuf,D,OTT,-13,30,hit_thrown
8470602,Dion Phaneuf,D,OTT,-86,40,hit_thrown
8470602,Dion Phaneuf,D,OTT,44,-39,hit_thrown
8470602,Dion Phaneuf,D,OTT,-4,40,hit_thrown
8470602,Dion Phaneuf,D,OTT,-11,42,hit_thrown
8470602,Dion Phaneuf,D,OTT,37,32,hit_thrown
8470602,Dion Phaneuf,D,OTT,-15,29,hit_thrown
8470602,Dion Phaneuf,D,OTT,-70,38,hit_thrown
8470602,Dion Phaneuf,D,OTT,98,-8,hit_thrown
8470602,Dion Phaneuf,D,OTT,-6,38,hit_thrown
8470602,Dion Phaneuf,D,OTT,98,18,hit_thrown
8470602,Dion Phaneuf,D,OTT,97,25,hit_thrown
8470602,Dion Phaneuf,D,OTT,81,-40,hit_thrown
8470602,Dion Phaneuf,D,OTT,63,-1,hit_thrown
8470602,Dion Phaneuf,D,OTT,-48,4,hit_thrown
8470602,Dion Phaneuf,D,OTT,-49,40,hit_thrown
8470602,Dion Phaneuf,D,OTT,-32,34,hit_thrown
8470602,Dion Phaneuf,D,OTT,-59,-36,hit_thrown
8470602,Dion Phaneuf,D,OTT,-94,37,hit_thrown
8470602,Dion Phaneuf,D,OTT,-14,40,hit_thrown
8470602,Dion Phaneuf,D,OTT,-32,40,hit_thrown
8470602,Dion Phaneuf,D,OTT,64,40,hit_thrown
8470602,Dion Phaneuf,D,OTT,-5,-39,hit_thrown
8470602,Dion Phaneuf,D,OTT,-96,-20,hit_thrown
8470602,Dion Phaneuf,D,OTT,-96,-24,hit_thrown
8470602,Dion Phaneuf,D,OTT,86,-36,hit_thrown
8470602,Dion Phaneuf,D,OTT,-32,-36,hit_thrown
8470602,Dion Phaneuf,D,OTT,14,-11,hit_thrown
8470602,Dion Phaneuf,D,OTT,19,40,hit_thrown
8470602,Dion Phaneuf,D,OTT,-99,19,hit_thrown
8470602,Dion Phaneuf,D,OTT,-18,-41,takeaway_other
8470602,Dion Phaneuf,D,OTT,39,-27,takeaway_other
8470602,Dion Phaneuf,D,OTT,-89,40,takeaway_other
8470602,Dion Phaneuf,D,OTT,-36,-39,takeaway_other
8470602,Dion Phaneuf,D,OTT,70,-30,takeaway_other
8470607,Brent Seabrook,D,CHI,85,10,block_hd
8470607,Brent Seabrook,D,CHI,-79,-16,block_hd
8470607,Brent Seabrook,D,CHI,72,2,block_hd
8470607,Brent Seabrook,D,CHI,71,-2,block_hd
8470607,Brent Seabrook,D,CHI,-70,-9,block_hd
8470607,Brent Seabrook,D,CHI,78,1,block_hd
8470607,Brent Seabrook,D,CHI,75,12,block_hd
8470607,Brent Seabrook,D,CHI,-51,-14,block_non_hd
8470607,Brent Seabrook,D,CHI,-63,1,block_non_hd
8470607,Brent Seabrook,D,CHI,85,33,block_non_hd
8470607,Brent Seabrook,D,CHI,-67,-2,block_non_hd
8470607,Brent Seabrook,D,CHI,-62,12,block_non_hd
8470607,Brent Seabrook,D,CHI,79,23,block_non_hd
8470607,Brent Seabrook,D,CHI,71,30,block_non_hd
8470607,Brent Seabrook,D,CHI,-55,-8,block_non_hd
8470607,Brent Seabrook,D,CHI,57,40,hit_taken
8470607,Brent Seabrook,D,CHI,59,37,hit_taken
8470607,Brent Seabrook,D,CHI,-21,-30,hit_taken
8470607,Brent Seabrook,D,CHI,43,40,hit_taken
8470607,Brent Seabrook,D,CHI,96,9,hit_taken
8470607,Brent Seabrook,D,CHI,-95,-10,hit_taken
8470607,Brent Seabrook,D,CHI,-92,-23,hit_taken
8470607,Brent Seabrook,D,CHI,-94,-27,hit_taken
8470607,Brent Seabrook,D,CHI,-44,37,hit_taken
8470607,Brent Seabrook,D,CHI,77,39,hit_thrown
8470607,Brent Seabrook,D,CHI,-48,-40,hit_thrown
8470607,Brent Seabrook,D,CHI,75,38,hit_thrown
8470607,Brent Seabrook,D,CHI,23,-36,hit_thrown
8470607,Brent Seabrook,D,CHI,-73,-39,hit_thrown
8470607,Brent Seabrook,D,CHI,-93,-23,hit_thrown
8470607,Brent Seabrook,D,CHI,65,38,hit_thrown
8470607,Brent Seabrook,D,CHI,85,37,hit_thrown
8470607,Brent Seabrook,D,CHI,87,40,hit_thrown
8470607,Brent Seabrook,D,CHI,-39,-39,hit_thrown
8470607,Brent Seabrook,D,CHI,93,34,hit_thrown
8470607,Brent Seabrook,D,CHI,38,38,hit_thrown
8470607,Brent Seabrook,D,CHI,-49,-38,hit_thrown
8470607,Brent Seabrook,D,CHI,14,33,takeaway_other
8470610,Zach Parise,L,MIN,49,-24,block_non_hd
8470610,Zach Parise,L,MIN,52,-2,block_non_hd
8470610,Zach Parise,L,MIN,52,-8,block_non_hd
8470610,Zach Parise,L,MIN,-80,7,crease_goal
8470610,Zach Parise,L,MIN,81,0,crease_goal
8470610,Zach Parise,L,MIN,-93,-14,hit_taken
8470610,Zach Parise,L,MIN,84,40,hit_taken
8470610,Zach Parise,L,MIN,-45,-41,hit_taken
8470610,Zach Parise,L,MIN,44,-38,hit_taken
8470610,Zach Parise,L,MIN,69,38,hit_thrown
8470610,Zach Parise,L,MIN,-58,-38,hit_thrown
8470610,Zach Parise,L,MIN,78,39,hit_thrown
8470610,Zach Parise,L,MIN,-96,-31,hit_thrown
8470610,Zach Parise,L,MIN,-95,23,hit_thrown
8470610,Zach Parise,L,MIN,39,31,takeaway_other
8470610,Zach Parise,L,MIN,36,35,takeaway_other
8470612,Ryan Getzlaf,C,ANA,-74,10,block_hd
8470612,Ryan Getzlaf,C,ANA,74,9,block_hd
8470612,Ryan Getzlaf,C,ANA,-77,-8,block_hd
8470612,Ryan Getzlaf,C,ANA,72,10,block_hd
8470612,Ryan Getzlaf,C,ANA,-71,3,block_hd
8470612,Ryan Getzlaf,C,ANA,73,4,block_hd
8470612,Ryan Getzlaf,C,ANA,-72,-6,block_hd
8470612,Ryan Getzlaf,C,ANA,75,4,block_hd
8470612,Ryan Getzlaf,C,ANA,75,1,block_hd
8470612,Ryan Getzlaf,C,ANA,75,-7,block_hd
8470612,Ryan Getzlaf,C,ANA,75,-2,block_hd
8470612,Ryan Getzlaf,C,ANA,48,27,block_non_hd
8470612,Ryan Getzlaf,C,ANA,48,0,block_non_hd
8470612,Ryan Getzlaf,C,ANA,-59,-12,block_non_hd
8470612,Ryan Getzlaf,C,ANA,-60,8,block_non_hd
8470612,Ryan Getzlaf,C,ANA,38,-25,block_non_hd
8470612,Ryan Getzlaf,C,ANA,-58,-1,block_non_hd
8470612,Ryan Getzlaf,C,ANA,-42,-1,block_non_hd
8470612,Ryan Getzlaf,C,ANA,46,-16,block_non_hd
8470612,Ryan Getzlaf,C,ANA,66,-20,block_non_hd
8470612,Ryan Getzlaf,C,ANA,82,4,crease_goal
8470612,Ryan Getzlaf,C,ANA,70,-22,dz_faceoff_win
8470612,Ryan Getzlaf,C,ANA,70,-22,dz_faceoff_win
8470612,Ryan Getzlaf,C,ANA,69,22,dz_faceoff_win
8470612,Ryan Getzlaf,C,ANA,-69,-23,dz_faceoff_win
8470612,Ryan Getzlaf,C,ANA,-70,22,dz_faceoff_win
8470612,Ryan Getzlaf,C,ANA,-70,21,dz_faceoff_win
8470612,Ryan Getzlaf,C,ANA,72,21,dz_faceoff_win
8470612,Ryan Getzlaf,C,ANA,72,-23,dz_faceoff_win
8470612,Ryan Getzlaf,C,ANA,72,22,dz_faceoff_win
8470612,Ryan Getzlaf,C,ANA,-66,21,dz_faceoff_win
8470612,Ryan Getzlaf,C,ANA,-87,-35,dz_faceoff_win
8470612,Ryan Getzlaf,C,ANA,83,39,dz_faceoff_win
8470612,Ryan Getzlaf,C,ANA,70,23,dz_faceoff_win
8470612,Ryan Getzlaf,C,ANA,69,22,dz_faceoff_win
8470612,Ryan Getzlaf,C,ANA,69,-22,dz_faceoff_win
8470612,Ryan Getzlaf,C,ANA,69,22,dz_faceoff_win
8470612,Ryan Getzlaf,C,ANA,-67,-23,dz_faceoff_win
8470612,Ryan Getzlaf,C,ANA,68,-23,dz_faceoff_win
8470612,Ryan Getzlaf,C,ANA,71,22,dz_faceoff_win
8470612,Ryan Getzlaf,C,ANA,-70,-22,dz_faceoff_win
8470612,Ryan Getzlaf,C,ANA,71,-23,dz_faceoff_win
8470612,Ryan Getzlaf,C,ANA,69,21,dz_faceoff_win
8470612,Ryan Getzlaf,C,ANA,-68,-23,dz_faceoff_win
8470612,Ryan Getzlaf,C,ANA,-68,-23,dz_faceoff_win
8470612,Ryan Getzlaf,C,ANA,69,-21,dz_faceoff_win
8470612,Ryan Getzlaf,C,ANA,-69,22,dz_faceoff_win
8470612,Ryan Getzlaf,C,ANA,69,22,dz_faceoff_win
8470612,Ryan Getzlaf,C,ANA,69,-23,dz_faceoff_win
8470612,Ryan Getzlaf,C,ANA,70,22,dz_faceoff_win
8470612,Ryan Getzlaf,C,ANA,-71,-22,dz_faceoff_win
8470612,Ryan Getzlaf,C,ANA,-79,28,dz_faceoff_win
8470612,Ryan Getzlaf,C,ANA,66,-22,dz_faceoff_win
8470612,Ryan Getzlaf,C,ANA,68,-21,dz_faceoff_win
8470612,Ryan Getzlaf,C,ANA,-69,-23,dz_faceoff_win
8470612,Ryan Getzlaf,C,ANA,72,-21,dz_faceoff_win
8470612,Ryan Getzlaf,C,ANA,70,-21,dz_faceoff_win
8470612,Ryan Getzlaf,C,ANA,-70,21,dz_faceoff_win
8470612,Ryan Getzlaf,C,ANA,-68,-22,dz_faceoff_win
8470612,Ryan Getzlaf,C,ANA,-67,-23,dz_faceoff_win
8470612,Ryan Getzlaf,C,ANA,69,-23,dz_faceoff_win
8470612,Ryan Getzlaf,C,ANA,-69,-23,dz_faceoff_win
8470612,Ryan Getzlaf,C,ANA,70,-23,dz_faceoff_win
8470612,Ryan Getzlaf,C,ANA,-69,-23,dz_faceoff_win
8470612,Ryan Getzlaf,C,ANA,69,21,dz_faceoff_win
8470612,Ryan Getzlaf,C,ANA,-69,-21,dz_faceoff_win
8470612,Ryan Getzlaf,C,ANA,71,-21,dz_faceoff_win
8470612,Ryan Getzlaf,C,ANA,71,22,dz_faceoff_win
8470612,Ryan Getzlaf,C,ANA,69,21,dz_faceoff_win
8470612,Ryan Getzlaf,C,ANA,58,-30,hit_taken
8470612,Ryan Getzlaf,C,ANA,-55,40,hit_taken
8470612,Ryan Getzlaf,C,ANA,-52,-40,hit_taken
8470612,Ryan Getzlaf,C,ANA,-97,-9,hit_taken
8470612,Ryan Getzlaf,C,ANA,-12,-35,hit_taken
8470612,Ryan Getzlaf,C,ANA,-97,-5,hit_taken
8470612,Ryan Getzlaf,C,ANA,65,40,hit_taken
8470612,Ryan Getzlaf,C,ANA,-87,39,hit_taken
8470612,Ryan Getzlaf,C,ANA,96,33,hit_taken
8470612,Ryan Getzlaf,C,ANA,-42,-35,hit_taken
8470612,Ryan Getzlaf,C,ANA,56,-37,hit_taken
8470612,Ryan Getzlaf,C,ANA,-17,-36,hit_taken
8470612,Ryan Getzlaf,C,ANA,43,39,hit_taken
8470612,Ryan Getzlaf,C,ANA,97,13,hit_taken
8470612,Ryan Getzlaf,C,ANA,-51,37,hit_taken
8470612,Ryan Getzlaf,C,ANA,-36,-33,hit_taken
8470612,Ryan Getzlaf,C,ANA,-94,19,hit_taken
8470612,Ryan Getzlaf,C,ANA,97,26,hit_taken
8470612,Ryan Getzlaf,C,ANA,-37,-41,hit_taken
8470612,Ryan Getzlaf,C,ANA,-49,40,hit_taken
8470612,Ryan Getzlaf,C,ANA,83,-40,hit_taken
8470612,Ryan Getzlaf,C,ANA,19,-40,hit_taken
8470612,Ryan Getzlaf,C,ANA,-12,19,hit_taken
8470612,Ryan Getzlaf,C,ANA,10,-41,hit_taken
8470612,Ryan Getzlaf,C,ANA,-18,-39,hit_taken
8470612,Ryan Getzlaf,C,ANA,17,-39,hit_taken
8470612,Ryan Getzlaf,C,ANA,44,-36,hit_taken
8470612,Ryan Getzlaf,C,ANA,-99,1,hit_taken
8470612,Ryan Getzlaf,C,ANA,96,-2,hit_thrown
8470612,Ryan Getzlaf,C,ANA,-42,-39,hit_thrown
8470612,Ryan Getzlaf,C,ANA,-72,-40,hit_thrown
8470612,Ryan Getzlaf,C,ANA,57,-26,hit_thrown
8470612,Ryan Getzlaf,C,ANA,-95,1,hit_thrown
8470612,Ryan Getzlaf,C,ANA,-77,-5,hit_thrown
8470612,Ryan Getzlaf,C,ANA,88,8,hit_thrown
8470612,Ryan Getzlaf,C,ANA,-5,-40,hit_thrown
8470612,Ryan Getzlaf,C,ANA,88,-39,hit_thrown
8470612,Ryan Getzlaf,C,ANA,-96,33,hit_thrown
8470612,Ryan Getzlaf,C,ANA,94,-38,hit_thrown
8470612,Ryan Getzlaf,C,ANA,98,9,hit_thrown
8470612,Ryan Getzlaf,C,ANA,-92,-36,hit_thrown
8470612,Ryan Getzlaf,C,ANA,-50,-37,hit_thrown
8470612,Ryan Getzlaf,C,ANA,74,-40,hit_thrown
8470612,Ryan Getzlaf,C,ANA,-94,27,hit_thrown
8470612,Ryan Getzlaf,C,ANA,-94,30,hit_thrown
8470612,Ryan Getzlaf,C,ANA,-58,38,hit_thrown
8470612,Ryan Getzlaf,C,ANA,91,36,hit_thrown
8470612,Ryan Getzlaf,C,ANA,-95,-9,hit_thrown
8470612,Ryan Getzlaf,C,ANA,81,38,hit_thrown
8470612,Ryan Getzlaf,C,ANA,-2,-39,hit_thrown
8470612,Ryan Getzlaf,C,ANA,96,-34,hit_thrown
8470612,Ryan Getzlaf,C,ANA,-42,-35,hit_thrown
8470612,Ryan Getzlaf,C,ANA,93,10,hit_thrown
8470612,Ryan Getzlaf,C,ANA,-76,-38,hit_thrown
8470612,Ryan Getzlaf,C,ANA,88,-35,hit_thrown
8470612,Ryan Getzlaf,C,ANA,10,-39,hit_thrown
8470612,Ryan Getzlaf,C,ANA,-80,-37,hit_thrown
8470612,Ryan Getzlaf,C,ANA,71,-41,hit_thrown
8470612,Ryan Getzlaf,C,ANA,-57,40,hit_thrown
8470612,Ryan Getzlaf,C,ANA,75,39,hit_thrown
8470612,Ryan Getzlaf,C,ANA,7,40,hit_thrown
8470612,Ryan Getzlaf,C,ANA,84,41,hit_thrown
8470612,Ryan Getzlaf,C,ANA,-95,-26,hit_thrown
8470612,Ryan Getzlaf,C,ANA,52,-40,hit_thrown
8470612,Ryan Getzlaf,C,ANA,65,-37,hit_thrown
8470612,Ryan Getzlaf,C,ANA,14,-38,hit_thrown
8470612,Ryan Getzlaf,C,ANA,-94,-7,hit_thrown
8470612,Ryan Getzlaf,C,ANA,-54,38,hit_thrown
8470612,Ryan Getzlaf,C,ANA,54,-38,hit_thrown
8470612,Ryan Getzlaf,C,ANA,-34,35,hit_thrown
8470612,Ryan Getzlaf,C,ANA,72,-1,takeaway_hd
8470612,Ryan Getzlaf,C,ANA,88,12,takeaway_hd
8470612,Ryan Getzlaf,C,ANA,-83,8,takeaway_hd
8470612,Ryan Getzlaf,C,ANA,15,-27,takeaway_other
8470612,Ryan Getzlaf,C,ANA,-3,20,takeaway_other
8470612,Ryan Getzlaf,C,ANA,58,35,takeaway_other
8470612,Ryan Getzlaf,C,ANA,-35,-28,takeaway_other
8470612,Ryan Getzlaf,C,ANA,37,-7,takeaway_other
8470612,Ryan Getzlaf,C,ANA,13,-10,takeaway_other
8470612,Ryan Getzlaf,C,ANA,82,38,takeaway_other
8470612,Ryan Getzlaf,C,ANA,21,24,takeaway_other
8470612,Ryan Getzlaf,C,ANA,34,15,takeaway_other
8470612,Ryan Getzlaf,C,ANA,8,20,takeaway_other
8470612,Ryan Getzlaf,C,ANA,-69,17,takeaway_other
8470613,Brent Burns,D,SJS,-74,12,block_hd
8470613,Brent Burns,D,SJS,-85,3,block_hd
8470613,Brent Burns,D,SJS,-85,-17,block_hd
8470613,Brent Burns,D,SJS,-73,-16,block_hd
8470613,Brent Burns,D,SJS,78,24,block_non_hd
8470613,Brent Burns,D,SJS,63,-15,block_non_hd
8470613,Brent Burns,D,SJS,69,11,block_non_hd
8470613,Brent Burns,D,SJS,-67,6,block_non_hd
8470613,Brent Burns,D,SJS,67,1,block_non_hd
8470613,Brent Burns,D,SJS,-63,2,block_non_hd
8470613,Brent Burns,D,SJS,60,14,block_non_hd
8470613,Brent Burns,D,SJS,-41,17,block_non_hd
8470613,Brent Burns,D,SJS,96,14,hit_taken
8470613,Brent Burns,D,SJS,94,-33,hit_taken
8470613,Brent Burns,D,SJS,94,10,hit_taken
8470613,Brent Burns,D,SJS,-98,6,hit_taken
8470613,Brent Burns,D,SJS,-92,-29,hit_taken
8470613,Brent Burns,D,SJS,84,40,hit_taken
8470613,Brent Burns,D,SJS,97,-6,hit_taken
8470613,Brent Burns,D,SJS,-97,-17,hit_taken
8470613,Brent Burns,D,SJS,-96,17,hit_taken
8470613,Brent Burns,D,SJS,-72,-39,hit_taken
8470613,Brent Burns,D,SJS,-82,38,hit_taken
8470613,Brent Burns,D,SJS,46,-37,hit_taken
8470613,Brent Burns,D,SJS,96,-23,hit_taken
8470613,Brent Burns,D,SJS,-97,-13,hit_taken
8470613,Brent Burns,D,SJS,97,12,hit_thrown
8470613,Brent Burns,D,SJS,94,28,hit_thrown
8470613,Brent Burns,D,SJS,40,-39,hit_thrown
8470613,Brent Burns,D,SJS,-96,-4,hit_thrown
8470613,Brent Burns,D,SJS,-18,36,hit_thrown
8470613,Brent Burns,D,SJS,97,-7,hit_thrown
8470613,Brent Burns,D,SJS,91,-40,hit_thrown
8470613,Brent Burns,D,SJS,-78,41,hit_thrown
8470613,Brent Burns,D,SJS,99,11,hit_thrown
8470613,Brent Burns,D,SJS,-93,13,hit_thrown
8470613,Brent Burns,D,SJS,96,-10,takeaway_hd
8470613,Brent Burns,D,SJS,33,-26,takeaway_other
8470613,Brent Burns,D,SJS,65,-23,takeaway_other
8470613,Brent Burns,D,SJS,18,30,takeaway_other
8470613,Brent Burns,D,SJS,65,39,takeaway_other
8470613,Brent Burns,D,SJS,-29,40,takeaway_other
8470616,Ryan Kesler,C,ANA,78,-9,block_hd
8470616,Ryan Kesler,C,ANA,76,-15,block_hd
8470616,Ryan Kesler,C,ANA,74,-5,block_hd
8470616,Ryan Kesler,C,ANA,-77,3,block_hd
8470616,Ryan Kesler,C,ANA,-84,8,block_hd
8470616,Ryan Kesler,C,ANA,-71,11,block_hd
8470616,Ryan Kesler,C,ANA,-35,-18,block_non_hd
8470616,Ryan Kesler,C,ANA,-66,9,block_non_hd
8470616,Ryan Kesler,C,ANA,47,7,block_non_hd
8470616,Ryan Kesler,C,ANA,-54,-1,block_non_hd
8470616,Ryan Kesler,C,ANA,53,7,block_non_hd
8470616,Ryan Kesler,C,ANA,-65,5,block_non_hd
8470616,Ryan Kesler,C,ANA,60,-1,block_non_hd
8470616,Ryan Kesler,C,ANA,-51,-18,block_non_hd
8470616,Ryan Kesler,C,ANA,-59,-18,block_non_hd
8470616,Ryan Kesler,C,ANA,80,24,block_non_hd
8470616,Ryan Kesler,C,ANA,61,-3,block_non_hd
8470616,Ryan Kesler,C,ANA,-59,-15,block_non_hd
8470616,Ryan Kesler,C,ANA,-64,-5,block_non_hd
8470616,Ryan Kesler,C,ANA,-48,7,block_non_hd
8470616,Ryan Kesler,C,ANA,47,25,block_non_hd
8470616,Ryan Kesler,C,ANA,-67,-21,dz_faceoff_win
8470616,Ryan Kesler,C,ANA,70,-23,dz_faceoff_win
8470616,Ryan Kesler,C,ANA,72,23,dz_faceoff_win
8470616,Ryan Kesler,C,ANA,-67,-23,dz_faceoff_win
8470616,Ryan Kesler,C,ANA,-68,-20,dz_faceoff_win
8470616,Ryan Kesler,C,ANA,-68,-23,dz_faceoff_win
8470616,Ryan Kesler,C,ANA,67,24,dz_faceoff_win
8470616,Ryan Kesler,C,ANA,-67,-21,dz_faceoff_win
8470616,Ryan Kesler,C,ANA,81,33,dz_faceoff_win
8470616,Ryan Kesler,C,ANA,84,35,dz_faceoff_win
8470616,Ryan Kesler,C,ANA,77,-28,dz_faceoff_win
8470616,Ryan Kesler,C,ANA,-90,-19,dz_faceoff_win
8470616,Ryan Kesler,C,ANA,76,39,dz_faceoff_win
8470616,Ryan Kesler,C,ANA,81,-34,dz_faceoff_win
8470616,Ryan Kesler,C,ANA,82,-36,dz_faceoff_win
8470616,Ryan Kesler,C,ANA,69,22,dz_faceoff_win
8470616,Ryan Kesler,C,ANA,69,-23,dz_faceoff_win
8470616,Ryan Kesler,C,ANA,-70,-22,dz_faceoff_win
8470616,Ryan Kesler,C,ANA,-69,-21,dz_faceoff_win
8470616,Ryan Kesler,C,ANA,68,21,dz_faceoff_win
8470616,Ryan Kesler,C,ANA,70,20,dz_faceoff_win
8470616,Ryan Kesler,C,ANA,70,21,dz_faceoff_win
8470616,Ryan Kesler,C,ANA,-71,-24,dz_faceoff_win
8470616,Ryan Kesler,C,ANA,-68,-21,dz_faceoff_win
8470616,Ryan Kesler,C,ANA,69,23,dz_faceoff_win
8470616,Ryan Kesler,C,ANA,69,21,dz_faceoff_win
8470616,Ryan Kesler,C,ANA,69,21,dz_faceoff_win
8470616,Ryan Kesler,C,ANA,70,-23,dz_faceoff_win
8470616,Ryan Kesler,C,ANA,69,22,dz_faceoff_win
8470616,Ryan Kesler,C,ANA,69,22,dz_faceoff_win
8470616,Ryan Kesler,C,ANA,68,22,dz_faceoff_win
8470616,Ryan Kesler,C,ANA,69,23,dz_faceoff_win
8470616,Ryan Kesler,C,ANA,69,22,dz_faceoff_win
8470616,Ryan Kesler,C,ANA,69,23,dz_faceoff_win
8470616,Ryan Kesler,C,ANA,69,-23,dz_faceoff_win
8470616,Ryan Kesler,C,ANA,70,23,dz_faceoff_win
8470616,Ryan Kesler,C,ANA,-68,-24,dz_faceoff_win
8470616,Ryan Kesler,C,ANA,69,-20,dz_faceoff_win
8470616,Ryan Kesler,C,ANA,69,23,dz_faceoff_win
8470616,Ryan Kesler,C,ANA,-66,-21,dz_faceoff_win
8470616,Ryan Kesler,C,ANA,-67,-24,dz_faceoff_win
8470616,Ryan Kesler,C,ANA,70,22,dz_faceoff_win
8470616,Ryan Kesler,C,ANA,71,22,dz_faceoff_win
8470616,Ryan Kesler,C,ANA,-68,-22,dz_faceoff_win
8470616,Ryan Kesler,C,ANA,-66,-21,dz_faceoff_win
8470616,Ryan Kesler,C,ANA,-69,21,dz_faceoff_win
8470616,Ryan Kesler,C,ANA,-67,-24,dz_faceoff_win
8470616,Ryan Kesler,C,ANA,-68,22,dz_faceoff_win
8470616,Ryan Kesler,C,ANA,-68,-25,dz_faceoff_win
8470616,Ryan Kesler,C,ANA,73,23,dz_faceoff_win
8470616,Ryan Kesler,C,ANA,-71,-24,dz_faceoff_win
8470616,Ryan Kesler,C,ANA,-65,-21,dz_faceoff_win
8470616,Ryan Kesler,C,ANA,77,-16,dz_faceoff_win
8470616,Ryan Kesler,C,ANA,70,21,dz_faceoff_win
8470616,Ryan Kesler,C,ANA,-68,-21,dz_faceoff_win
8470616,Ryan Kesler,C,ANA,-71,-21,dz_faceoff_win
8470616,Ryan Kesler,C,ANA,-69,-18,dz_faceoff_win
8470616,Ryan Kesler,C,ANA,68,23,dz_faceoff_win
8470616,Ryan Kesler,C,ANA,69,22,dz_faceoff_win
8470616,Ryan Kesler,C,ANA,-67,-23,dz_faceoff_win
8470616,Ryan Kesler,C,ANA,-67,-22,dz_faceoff_win
8470616,Ryan Kesler,C,ANA,-69,-22,dz_faceoff_win
8470616,Ryan Kesler,C,ANA,71,21,dz_faceoff_win
8470616,Ryan Kesler,C,ANA,70,23,dz_faceoff_win
8470616,Ryan Kesler,C,ANA,70,-22,dz_faceoff_win
8470616,Ryan Kesler,C,ANA,70,22,dz_faceoff_win
8470616,Ryan Kesler,C,ANA,69,22,dz_faceoff_win
8470616,Ryan Kesler,C,ANA,70,20,dz_faceoff_win
8470616,Ryan Kesler,C,ANA,70,21,dz_faceoff_win
8470616,Ryan Kesler,C,ANA,70,20,dz_faceoff_win
8470616,Ryan Kesler,C,ANA,-69,-22,dz_faceoff_win
8470616,Ryan Kesler,C,ANA,-68,-23,dz_faceoff_win
8470616,Ryan Kesler,C,ANA,69,21,dz_faceoff_win
8470616,Ryan Kesler,C,ANA,69,20,dz_faceoff_win
8470616,Ryan Kesler,C,ANA,69,22,dz_faceoff_win
8470616,Ryan Kesler,C,ANA,70,-23,dz_faceoff_win
8470616,Ryan Kesler,C,ANA,70,22,dz_faceoff_win
8470616,Ryan Kesler,C,ANA,69,23,dz_faceoff_win
8470616,Ryan Kesler,C,ANA,70,21,dz_faceoff_win
8470616,Ryan Kesler,C,ANA,62,-5,hit_taken
8470616,Ryan Kesler,C,ANA,96,27,hit_taken
8470616,Ryan Kesler,C,ANA,96,-35,hit_taken
8470616,Ryan Kesler,C,ANA,-48,-37,hit_taken
8470616,Ryan Kesler,C,ANA,77,-1,hit_taken
8470616,Ryan Kesler,C,ANA,86,41,hit_taken
8470616,Ryan Kesler,C,ANA,-1,40,hit_taken
8470616,Ryan Kesler,C,ANA,96,14,hit_taken
8470616,Ryan Kesler,C,ANA,-87,39,hit_taken
8470616,Ryan Kesler,C,ANA,97,5,hit_taken
8470616,Ryan Kesler,C,ANA,15,32,hit_taken
8470616,Ryan Kesler,C,ANA,-46,38,hit_taken
8470616,Ryan Kesler,C,ANA,-85,-35,hit_taken
8470616,Ryan Kesler,C,ANA,99,2,hit_taken
8470616,Ryan Kesler,C,ANA,-78,-39,hit_taken
8470616,Ryan Kesler,C,ANA,53,-39,hit_taken
8470616,Ryan Kesler,C,ANA,-74,-39,hit_taken
8470616,Ryan Kesler,C,ANA,16,-39,hit_taken
8470616,Ryan Kesler,C,ANA,-91,36,hit_taken
8470616,Ryan Kesler,C,ANA,-3,29,hit_taken
8470616,Ryan Kesler,C,ANA,93,-38,hit_taken
8470616,Ryan Kesler,C,ANA,7,-36,hit_taken
8470616,Ryan Kesler,C,ANA,-35,36,hit_taken
8470616,Ryan Kesler,C,ANA,-85,38,hit_taken
8470616,Ryan Kesler,C,ANA,-25,39,hit_taken
8470616,Ryan Kesler,C,ANA,-41,-26,hit_taken
8470616,Ryan Kesler,C,ANA,-61,36,hit_taken
8470616,Ryan Kesler,C,ANA,5,40,hit_thrown
8470616,Ryan Kesler,C,ANA,-11,-27,hit_thrown
8470616,Ryan Kesler,C,ANA,34,41,hit_thrown
8470616,Ryan Kesler,C,ANA,-90,36,hit_thrown
8470616,Ryan Kesler,C,ANA,90,40,hit_thrown
8470616,Ryan Kesler,C,ANA,99,-6,hit_thrown
8470616,Ryan Kesler,C,ANA,-52,-35,hit_thrown
8470616,Ryan Kesler,C,ANA,-92,-24,hit_thrown
8470616,Ryan Kesler,C,ANA,-94,8,hit_thrown
8470616,Ryan Kesler,C,ANA,-37,35,hit_thrown
8470616,Ryan Kesler,C,ANA,-94,29,hit_thrown
8470616,Ryan Kesler,C,ANA,-96,16,hit_thrown
8470616,Ryan Kesler,C,ANA,97,-7,hit_thrown
8470616,Ryan Kesler,C,ANA,-51,-38,hit_thrown
8470616,Ryan Kesler,C,ANA,-17,-37,hit_thrown
8470616,Ryan Kesler,C,ANA,-16,38,hit_thrown
8470616,Ryan Kesler,C,ANA,95,-15,hit_thrown
8470616,Ryan Kesler,C,ANA,-67,36,hit_thrown
8470616,Ryan Kesler,C,ANA,-96,35,hit_thrown
8470616,Ryan Kesler,C,ANA,87,-39,hit_thrown
8470616,Ryan Kesler,C,ANA,-17,-25,hit_thrown
8470616,Ryan Kesler,C,ANA,-97,-36,hit_thrown
8470616,Ryan Kesler,C,ANA,-8,-36,hit_thrown
8470616,Ryan Kesler,C,ANA,8,-37,hit_thrown
8470616,Ryan Kesler,C,ANA,-35,37,hit_thrown
8470616,Ryan Kesler,C,ANA,54,40,hit_thrown
8470616,Ryan Kesler,C,ANA,-89,-39,hit_thrown
8470616,Ryan Kesler,C,ANA,-46,-40,hit_thrown
8470616,Ryan Kesler,C,ANA,86,38,hit_thrown
8470616,Ryan Kesler,C,ANA,79,38,hit_thrown
8470616,Ryan Kesler,C,ANA,13,38,hit_thrown
8470616,Ryan Kesler,C,ANA,4,-19,takeaway_other
8470616,Ryan Kesler,C,ANA,65,-1,takeaway_other
8470616,Ryan Kesler,C,ANA,46,-19,takeaway_other
8470616,Ryan Kesler,C,ANA,-41,-27,takeaway_other
8470616,Ryan Kesler,C,ANA,38,-15,takeaway_other
8470616,Ryan Kesler,C,ANA,-77,-36,takeaway_other
8470616,Ryan Kesler,C,ANA,64,-36,takeaway_other
8470616,Ryan Kesler,C,ANA,-66,-36,takeaway_other
8470616,Ryan Kesler,C,ANA,-44,-35,takeaway_other
8470616,Ryan Kesler,C,ANA,-72,37,takeaway_other
8470619,Brian Boyle,C,TOR,-78,4,block_hd
8470619,Brian Boyle,C,TOR,-80,-4,block_hd
8470619,Brian Boyle,C,TOR,-68,-22,dz_faceoff_win
8470619,Brian Boyle,C,TOR,-69,21,dz_faceoff_win
8470619,Brian Boyle,C,TOR,-68,21,dz_faceoff_win
8470619,Brian Boyle,C,TOR,-69,22,dz_faceoff_win
8470619,Brian Boyle,C,TOR,-69,22,dz_faceoff_win
8470619,Brian Boyle,C,TOR,-69,22,dz_faceoff_win
8470619,Brian Boyle,C,TOR,-69,22,dz_faceoff_win
8470619,Brian Boyle,C,TOR,69,-22,dz_faceoff_win
8470619,Brian Boyle,C,TOR,69,-33,dz_faceoff_win
8470619,Brian Boyle,C,TOR,69,-22,dz_faceoff_win
8470619,Brian Boyle,C,TOR,69,-22,dz_faceoff_win
8470619,Brian Boyle,C,TOR,69,-22,dz_faceoff_win
8470619,Brian Boyle,C,TOR,-68,21,dz_faceoff_win
8470619,Brian Boyle,C,TOR,-68,22,dz_faceoff_win
8470619,Brian Boyle,C,TOR,-68,-22,dz_faceoff_win
8470619,Brian Boyle,C,TOR,69,-21,dz_faceoff_win
8470619,Brian Boyle,C,TOR,-68,-23,dz_faceoff_win
8470619,Brian Boyle,C,TOR,-68,-22,dz_faceoff_win
8470619,Brian Boyle,C,TOR,-68,22,dz_faceoff_win
8470619,Brian Boyle,C,TOR,-69,22,dz_faceoff_win
8470619,Brian Boyle,C,TOR,69,-23,dz_faceoff_win
8470619,Brian Boyle,C,TOR,-69,22,dz_faceoff_win
8470619,Brian Boyle,C,TOR,69,-22,dz_faceoff_win
8470619,Brian Boyle,C,TOR,-46,-35,hit_taken
8470619,Brian Boyle,C,TOR,-48,37,hit_taken
8470619,Brian Boyle,C,TOR,9,-35,hit_taken
8470619,Brian Boyle,C,TOR,-20,27,hit_taken
8470619,Brian Boyle,C,TOR,-31,31,hit_taken
8470619,Brian Boyle,C,TOR,94,-9,hit_taken
8470619,Brian Boyle,C,TOR,95,27,hit_taken
8470619,Brian Boyle,C,TOR,-96,-23,hit_thrown
8470619,Brian Boyle,C,TOR,-5,-38,hit_thrown
8470619,Brian Boyle,C,TOR,-95,-27,hit_thrown
8470619,Brian Boyle,C,TOR,-58,-38,hit_thrown
8470619,Brian Boyle,C,TOR,35,-37,hit_thrown
8470619,Brian Boyle,C,TOR,93,-35,hit_thrown
8470619,Brian Boyle,C,TOR,72,-37,hit_thrown
8470619,Brian Boyle,C,TOR,87,38,hit_thrown
8470619,Brian Boyle,C,TOR,31,-15,hit_thrown
8470619,Brian Boyle,C,TOR,14,-39,hit_thrown
8470619,Brian Boyle,C,TOR,-29,37,hit_thrown
8470619,Brian Boyle,C,TOR,11,-36,hit_thrown
8470619,Brian Boyle,C,TOR,-53,40,hit_thrown
8470619,Brian Boyle,C,TOR,97,-7,hit_thrown
8470619,Brian Boyle,C,TOR,96,-9,hit_thrown
8470619,Brian Boyle,C,TOR,49,-39,hit_thrown
8470619,Brian Boyle,C,TOR,96,29,hit_thrown
8470619,Brian Boyle,C,TOR,80,-38,hit_thrown
8470619,Brian Boyle,C,TOR,15,3,takeaway_other
8470621,Corey Perry,R,ANA,71,8,block_hd
8470621,Corey Perry,R,ANA,81,-15,block_hd
8470621,Corey Perry,R,ANA,76,-7,block_hd
8470621,Corey Perry,R,ANA,55,23,block_non_hd
8470621,Corey Perry,R,ANA,64,18,block_non_hd
8470621,Corey Perry,R,ANA,-51,22,block_non_hd
8470621,Corey Perry,R,ANA,-57,-8,block_non_hd
8470621,Corey Perry,R,ANA,60,-15,block_non_hd
8470621,Corey Perry,R,ANA,-57,-7,block_non_hd
8470621,Corey Perry,R,ANA,39,1,block_non_hd
8470621,Corey Perry,R,ANA,78,-28,block_non_hd
8470621,Corey Perry,R,ANA,81,-7,crease_goal
8470621,Corey Perry,R,ANA,85,-3,crease_goal
8470621,Corey Perry,R,ANA,77,-40,hit_taken
8470621,Corey Perry,R,ANA,-10,-27,hit_taken
8470621,Corey Perry,R,ANA,98,0,hit_taken
8470621,Corey Perry,R,ANA,99,1,hit_taken
8470621,Corey Perry,R,ANA,-97,12,hit_taken
8470621,Corey Perry,R,ANA,98,15,hit_taken
8470621,Corey Perry,R,ANA,-70,39,hit_taken
8470621,Corey Perry,R,ANA,8,40,hit_taken
8470621,Corey Perry,R,ANA,3,33,hit_taken
8470621,Corey Perry,R,ANA,-67,41,hit_taken
8470621,Corey Perry,R,ANA,23,-40,hit_taken
8470621,Corey Perry,R,ANA,35,-41,hit_taken
8470621,Corey Perry,R,ANA,-8,-36,hit_taken
8470621,Corey Perry,R,ANA,-95,15,hit_taken
8470621,Corey Perry,R,ANA,-48,-31,hit_taken
8470621,Corey Perry,R,ANA,37,38,hit_taken
8470621,Corey Perry,R,ANA,74,-39,hit_taken
8470621,Corey Perry,R,ANA,92,-39,hit_taken
8470621,Corey Perry,R,ANA,84,40,hit_taken
8470621,Corey Perry,R,ANA,-78,42,hit_taken
8470621,Corey Perry,R,ANA,99,24,hit_taken
8470621,Corey Perry,R,ANA,-94,27,hit_taken
8470621,Corey Perry,R,ANA,35,-35,hit_taken
8470621,Corey Perry,R,ANA,35,20,hit_taken
8470621,Corey Perry,R,ANA,-81,40,hit_taken
8470621,Corey Perry,R,ANA,99,-20,hit_taken
8470621,Corey Perry,R,ANA,-31,-39,hit_taken
8470621,Corey Perry,R,ANA,39,-40,hit_taken
8470621,Corey Perry,R,ANA,96,-1,hit_taken
8470621,Corey Perry,R,ANA,78,-39,hit_taken
8470621,Corey Perry,R,ANA,97,-16,hit_taken
8470621,Corey Perry,R,ANA,31,40,hit_taken
8470621,Corey Perry,R,ANA,96,-23,hit_taken
8470621,Corey Perry,R,ANA,-56,38,hit_taken
8470621,Corey Perry,R,ANA,-15,-39,hit_taken
8470621,Corey Perry,R,ANA,2,1,hit_taken
8470621,Corey Perry,R,ANA,43,-38,hit_thrown
8470621,Corey Perry,R,ANA,75,39,hit_thrown
8470621,Corey Perry,R,ANA,-38,-38,hit_thrown
8470621,Corey Perry,R,ANA,87,-38,hit_thrown
8470621,Corey Perry,R,ANA,97,26,hit_thrown
8470621,Corey Perry,R,ANA,-23,-41,hit_thrown
8470621,Corey Perry,R,ANA,13,-40,hit_thrown
8470621,Corey Perry,R,ANA,96,-36,hit_thrown
8470621,Corey Perry,R,ANA,-94,35,hit_thrown
8470621,Corey Perry,R,ANA,-55,-36,hit_thrown
8470621,Corey Perry,R,ANA,89,34,hit_thrown
8470621,Corey Perry,R,ANA,96,7,hit_thrown
8470621,Corey Perry,R,ANA,-96,23,hit_thrown
8470621,Corey Perry,R,ANA,93,-36,hit_thrown
8470621,Corey Perry,R,ANA,-84,29,hit_thrown
8470621,Corey Perry,R,ANA,-75,-37,hit_thrown
8470621,Corey Perry,R,ANA,84,38,hit_thrown
8470621,Corey Perry,R,ANA,96,3,hit_thrown
8470621,Corey Perry,R,ANA,-87,40,hit_thrown
8470621,Corey Perry,R,ANA,60,40,hit_thrown
8470621,Corey Perry,R,ANA,-28,36,hit_thrown
8470621,Corey Perry,R,ANA,96,0,takeaway_hd
8470621,Corey Perry,R,ANA,-95,-8,takeaway_hd
8470621,Corey Perry,R,ANA,-86,35,takeaway_other
8470621,Corey Perry,R,ANA,2,17,takeaway_other
8470621,Corey Perry,R,ANA,-93,33,takeaway_other
8470621,Corey Perry,R,ANA,-52,39,takeaway_other
8470621,Corey Perry,R,ANA,-7,28,takeaway_other
8470621,Corey Perry,R,ANA,61,0,takeaway_other
8470621,Corey Perry,R,ANA,-84,36,takeaway_other
8470621,Corey Perry,R,ANA,-61,40,takeaway_other
8470621,Corey Perry,R,ANA,89,-37,takeaway_other
8470621,Corey Perry,R,ANA,33,7,takeaway_other
8470621,Corey Perry,R,ANA,-33,21,takeaway_other
8470622,Patrick Eaves,R,ANA,-42,-14,block_non_hd
8470622,Patrick Eaves,R,ANA,49,13,block_non_hd
8470622,Patrick Eaves,R,ANA,64,6,block_non_hd
8470622,Patrick Eaves,R,ANA,-65,-13,block_non_hd
8470622,Patrick Eaves,R,ANA,80,-3,crease_goal
8470622,Patrick Eaves,R,ANA,98,31,hit_taken
8470622,Patrick Eaves,R,ANA,93,39,hit_taken
8470622,Patrick Eaves,R,ANA,17,-38,hit_taken
8470622,Patrick Eaves,R,ANA,-29,40,hit_taken
8470622,Patrick Eaves,R,ANA,13,40,hit_taken
8470622,Patrick Eaves,R,ANA,97,-20,hit_taken
8470622,Patrick Eaves,R,ANA,94,36,hit_taken
8470622,Patrick Eaves,R,ANA,-96,28,hit_taken
8470622,Patrick Eaves,R,ANA,95,-33,hit_taken
8470622,Patrick Eaves,R,ANA,-93,-39,hit_taken
8470622,Patrick Eaves,R,ANA,7,40,hit_taken
8470622,Patrick Eaves,R,ANA,56,-39,hit_taken
8470622,Patrick Eaves,R,ANA,1,-8,hit_taken
8470622,Patrick Eaves,R,ANA,-50,-40,hit_thrown
8470622,Patrick Eaves,R,ANA,-96,-9,hit_thrown
8470622,Patrick Eaves,R,ANA,-73,41,hit_thrown
8470622,Patrick Eaves,R,ANA,71,40,hit_thrown
8470622,Patrick Eaves,R,ANA,78,-42,hit_thrown
8470622,Patrick Eaves,R,ANA,31,-18,hit_thrown
8470622,Patrick Eaves,R,ANA,-3,-39,hit_thrown
8470622,Patrick Eaves,R,ANA,96,-24,hit_thrown
8470622,Patrick Eaves,R,ANA,72,41,hit_thrown
8470622,Patrick Eaves,R,ANA,99,1,hit_thrown
8470622,Patrick Eaves,R,ANA,-27,-39,hit_thrown
8470622,Patrick Eaves,R,ANA,-72,39,hit_thrown
8470622,Patrick Eaves,R,ANA,-91,-37,hit_thrown
8470622,Patrick Eaves,R,ANA,51,-39,hit_thrown
8470622,Patrick Eaves,R,ANA,-93,-38,hit_thrown
8470622,Patrick Eaves,R,ANA,87,-4,hit_thrown
8470622,Patrick Eaves,R,ANA,98,-5,hit_thrown
8470622,Patrick Eaves,R,ANA,99,-8,hit_thrown
8470622,Patrick Eaves,R,ANA,-35,4,takeaway_other
8470630,Kevin Klein,D,NYR,77,-7,block_hd
8470630,Kevin Klein,D,NYR,-77,14,block_hd
8470630,Kevin Klein,D,NYR,65,-16,block_non_hd
8470630,Kevin Klein,D,NYR,98,-22,hit_taken
8470630,Kevin Klein,D,NYR,-27,-25,hit_thrown
8470630,Kevin Klein,D,NYR,34,-29,hit_thrown
8470630,Kevin Klein,D,NYR,-91,-37,hit_thrown
8470630,Kevin Klein,D,NYR,2,37,hit_thrown
8470638,Patrice Bergeron,C,BOS,79,0,block_hd
8470638,Patrice Bergeron,C,BOS,55,-18,block_non_hd
8470638,Patrice Bergeron,C,BOS,-69,-12,block_non_hd
8470638,Patrice Bergeron,C,BOS,64,11,block_non_hd
8470638,Patrice Bergeron,C,BOS,58,0,block_non_hd
8470638,Patrice Bergeron,C,BOS,48,0,block_non_hd
8470638,Patrice Bergeron,C,BOS,61,-11,block_non_hd
8470638,Patrice Bergeron,C,BOS,85,5,crease_goal
8470638,Patrice Bergeron,C,BOS,69,-22,dz_faceoff_win
8470638,Patrice Bergeron,C,BOS,-69,-21,dz_faceoff_win
8470638,Patrice Bergeron,C,BOS,-68,-23,dz_faceoff_win
8470638,Patrice Bergeron,C,BOS,-69,21,dz_faceoff_win
8470638,Patrice Bergeron,C,BOS,69,-22,dz_faceoff_win
8470638,Patrice Bergeron,C,BOS,69,22,dz_faceoff_win
8470638,Patrice Bergeron,C,BOS,70,-23,dz_faceoff_win
8470638,Patrice Bergeron,C,BOS,70,22,dz_faceoff_win
8470638,Patrice Bergeron,C,BOS,-68,-23,dz_faceoff_win
8470638,Patrice Bergeron,C,BOS,-68,-23,dz_faceoff_win
8470638,Patrice Bergeron,C,BOS,-68,-23,dz_faceoff_win
8470638,Patrice Bergeron,C,BOS,-68,-21,dz_faceoff_win
8470638,Patrice Bergeron,C,BOS,-68,-23,dz_faceoff_win
8470638,Patrice Bergeron,C,BOS,-69,22,dz_faceoff_win
8470638,Patrice Bergeron,C,BOS,-68,-21,dz_faceoff_win
8470638,Patrice Bergeron,C,BOS,-68,21,dz_faceoff_win
8470638,Patrice Bergeron,C,BOS,69,21,dz_faceoff_win
8470638,Patrice Bergeron,C,BOS,-68,22,dz_faceoff_win
8470638,Patrice Bergeron,C,BOS,70,-22,dz_faceoff_win
8470638,Patrice Bergeron,C,BOS,70,23,dz_faceoff_win
8470638,Patrice Bergeron,C,BOS,70,21,dz_faceoff_win
8470638,Patrice Bergeron,C,BOS,-68,-22,dz_faceoff_win
8470638,Patrice Bergeron,C,BOS,69,23,dz_faceoff_win
8470638,Patrice Bergeron,C,BOS,69,-22,dz_faceoff_win
8470638,Patrice Bergeron,C,BOS,69,22,dz_faceoff_win
8470638,Patrice Bergeron,C,BOS,69,-23,dz_faceoff_win
8470638,Patrice Bergeron,C,BOS,-68,-21,dz_faceoff_win
8470638,Patrice Bergeron,C,BOS,69,-21,dz_faceoff_win
8470638,Patrice Bergeron,C,BOS,-68,23,dz_faceoff_win
8470638,Patrice Bergeron,C,BOS,-67,22,dz_faceoff_win
8470638,Patrice Bergeron,C,BOS,-69,-22,dz_faceoff_win
8470638,Patrice Bergeron,C,BOS,-69,22,dz_faceoff_win
8470638,Patrice Bergeron,C,BOS,67,22,dz_faceoff_win
8470638,Patrice Bergeron,C,BOS,69,-23,dz_faceoff_win
8470638,Patrice Bergeron,C,BOS,69,-23,dz_faceoff_win
8470638,Patrice Bergeron,C,BOS,79,-11,hit_taken
8470638,Patrice Bergeron,C,BOS,-78,-39,hit_taken
8470638,Patrice Bergeron,C,BOS,-96,-27,hit_taken
8470638,Patrice Bergeron,C,BOS,-4,40,hit_taken
8470638,Patrice Bergeron,C,BOS,-37,-38,hit_taken
8470638,Patrice Bergeron,C,BOS,72,-33,hit_taken
8470638,Patrice Bergeron,C,BOS,-15,-40,hit_taken
8470638,Patrice Bergeron,C,BOS,32,-32,hit_taken
8470638,Patrice Bergeron,C,BOS,-31,-37,hit_taken
8470638,Patrice Bergeron,C,BOS,-82,37,hit_taken
8470638,Patrice Bergeron,C,BOS,62,-36,hit_taken
8470638,Patrice Bergeron,C,BOS,-93,25,hit_thrown
8470638,Patrice Bergeron,C,BOS,80,41,hit_thrown
8470638,Patrice Bergeron,C,BOS,-41,39,hit_thrown
8470638,Patrice Bergeron,C,BOS,-65,-37,hit_thrown
8470638,Patrice Bergeron,C,BOS,75,38,hit_thrown
8470638,Patrice Bergeron,C,BOS,-92,35,hit_thrown
8470638,Patrice Bergeron,C,BOS,7,37,hit_thrown
8470638,Patrice Bergeron,C,BOS,82,40,hit_thrown
8470638,Patrice Bergeron,C,BOS,-91,-31,hit_thrown
8470638,Patrice Bergeron,C,BOS,40,36,hit_thrown
8470638,Patrice Bergeron,C,BOS,97,-26,hit_thrown
8470638,Patrice Bergeron,C,BOS,40,37,hit_thrown
8470638,Patrice Bergeron,C,BOS,35,-36,hit_thrown
8470638,Patrice Bergeron,C,BOS,67,36,hit_thrown
8470638,Patrice Bergeron,C,BOS,-95,-8,hit_thrown
8470638,Patrice Bergeron,C,BOS,-6,29,takeaway_other
8470638,Patrice Bergeron,C,BOS,66,-24,takeaway_other
8470638,Patrice Bergeron,C,BOS,-7,8,takeaway_other
8470642,Shea Weber,D,MTL,-79,1,block_hd
8470642,Shea Weber,D,MTL,-79,0,block_hd
8470642,Shea Weber,D,MTL,-80,1,block_hd
8470642,Shea Weber,D,MTL,79,-2,block_hd
8470642,Shea Weber,D,MTL,-82,-14,block_hd
8470642,Shea Weber,D,MTL,-73,14,block_hd
8470642,Shea Weber,D,MTL,78,14,block_hd
8470642,Shea Weber,D,MTL,83,1,block_hd
8470642,Shea Weber,D,MTL,-86,-7,block_hd
8470642,Shea Weber,D,MTL,-70,4,block_hd
8470642,Shea Weber,D,MTL,-61,7,block_non_hd
8470642,Shea Weber,D,MTL,56,-22,block_non_hd
8470642,Shea Weber,D,MTL,-58,-24,block_non_hd
8470642,Shea Weber,D,MTL,-60,-6,block_non_hd
8470642,Shea Weber,D,MTL,-54,-32,block_non_hd
8470642,Shea Weber,D,MTL,-37,-33,block_non_hd
8470642,Shea Weber,D,MTL,-69,-15,block_non_hd
8470642,Shea Weber,D,MTL,-60,-27,block_non_hd
8470642,Shea Weber,D,MTL,-67,0,block_non_hd
8470642,Shea Weber,D,MTL,-67,-15,block_non_hd
8470642,Shea Weber,D,MTL,90,39,hit_taken
8470642,Shea Weber,D,MTL,79,40,hit_taken
8470642,Shea Weber,D,MTL,96,-33,hit_taken
8470642,Shea Weber,D,MTL,-82,39,hit_taken
8470642,Shea Weber,D,MTL,96,-7,hit_taken
8470642,Shea Weber,D,MTL,96,17,hit_taken
8470642,Shea Weber,D,MTL,-97,15,hit_taken
8470642,Shea Weber,D,MTL,98,16,hit_taken
8470642,Shea Weber,D,MTL,12,-20,hit_taken
8470642,Shea Weber,D,MTL,-59,39,hit_taken
8470642,Shea Weber,D,MTL,97,-9,hit_taken
8470642,Shea Weber,D,MTL,97,-8,hit_taken
8470642,Shea Weber,D,MTL,-96,6,hit_taken
8470642,Shea Weber,D,MTL,-96,-13,hit_taken
8470642,Shea Weber,D,MTL,-94,6,hit_taken
8470642,Shea Weber,D,MTL,-95,-21,hit_taken
8470642,Shea Weber,D,MTL,-96,-9,hit_taken
8470642,Shea Weber,D,MTL,-95,-26,hit_taken
8470642,Shea Weber,D,MTL,-94,36,hit_thrown
8470642,Shea Weber,D,MTL,-16,-42,hit_thrown
8470642,Shea Weber,D,MTL,93,36,hit_thrown
8470642,Shea Weber,D,MTL,97,-12,hit_thrown
8470642,Shea Weber,D,MTL,-94,-32,hit_thrown
8470642,Shea Weber,D,MTL,-71,-38,hit_thrown
8470642,Shea Weber,D,MTL,-93,-32,hit_thrown
8470642,Shea Weber,D,MTL,90,38,hit_thrown
8470642,Shea Weber,D,MTL,-96,-7,hit_thrown
8470642,Shea Weber,D,MTL,64,35,hit_thrown
8470642,Shea Weber,D,MTL,-91,-38,hit_thrown
8470642,Shea Weber,D,MTL,74,-40,hit_thrown
8470642,Shea Weber,D,MTL,-96,-14,hit_thrown
8470642,Shea Weber,D,MTL,-96,19,hit_thrown
8470642,Shea Weber,D,MTL,96,5,hit_thrown
8470642,Shea Weber,D,MTL,-87,38,hit_thrown
8470642,Shea Weber,D,MTL,-45,41,takeaway_other
8470655,David Backes,R,BOS,-75,7,block_hd
8470655,David Backes,R,BOS,-43,26,block_non_hd
8470655,David Backes,R,BOS,67,8,block_non_hd
8470655,David Backes,R,BOS,50,21,block_non_hd
8470655,David Backes,R,BOS,-63,-4,block_non_hd
8470655,David Backes,R,BOS,-69,-21,dz_faceoff_win
8470655,David Backes,R,BOS,69,22,dz_faceoff_win
8470655,David Backes,R,BOS,70,21,dz_faceoff_win
8470655,David Backes,R,BOS,-69,-22,dz_faceoff_win
8470655,David Backes,R,BOS,-68,-22,dz_faceoff_win
8470655,David Backes,R,BOS,-68,21,dz_faceoff_win
8470655,David Backes,R,BOS,-29,-38,hit_taken
8470655,David Backes,R,BOS,96,30,hit_taken
8470655,David Backes,R,BOS,54,-38,hit_taken
8470655,David Backes,R,BOS,18,-36,hit_taken
8470655,David Backes,R,BOS,96,18,hit_taken
8470655,David Backes,R,BOS,-93,25,hit_taken
8470655,David Backes,R,BOS,94,30,hit_taken
8470655,David Backes,R,BOS,-18,-40,hit_taken
8470655,David Backes,R,BOS,-97,13,hit_taken
8470655,David Backes,R,BOS,94,-18,hit_taken
8470655,David Backes,R,BOS,55,36,hit_taken
8470655,David Backes,R,BOS,31,-35,hit_taken
8470655,David Backes,R,BOS,62,38,hit_taken
8470655,David Backes,R,BOS,-81,35,hit_taken
8470655,David Backes,R,BOS,96,-23,hit_taken
8470655,David Backes,R,BOS,-92,33,hit_taken
8470655,David Backes,R,BOS,-93,29,hit_thrown
8470655,David Backes,R,BOS,-91,35,hit_thrown
8470655,David Backes,R,BOS,-5,-37,hit_thrown
8470655,David Backes,R,BOS,21,-37,hit_thrown
8470655,David Backes,R,BOS,-17,21,hit_thrown
8470655,David Backes,R,BOS,46,-40,hit_thrown
8470655,David Backes,R,BOS,5,-16,hit_thrown
8470655,David Backes,R,BOS,98,11,hit_thrown
8470655,David Backes,R,BOS,18,-37,hit_thrown
8470655,David Backes,R,BOS,-53,39,hit_thrown
8470655,David Backes,R,BOS,-96,7,hit_thrown
8470655,David Backes,R,BOS,-95,7,hit_thrown
8470655,David Backes,R,BOS,-31,-17,hit_thrown
8470655,David Backes,R,BOS,38,-23,hit_thrown
8470655,David Backes,R,BOS,-76,35,hit_thrown
8470655,David Backes,R,BOS,-95,-25,hit_thrown
8470655,David Backes,R,BOS,35,-32,hit_thrown
8470655,David Backes,R,BOS,-35,-34,hit_thrown
8470655,David Backes,R,BOS,-16,-29,hit_thrown
8470655,David Backes,R,BOS,-81,38,hit_thrown
8470655,David Backes,R,BOS,-94,12,hit_thrown
8470655,David Backes,R,BOS,10,38,hit_thrown
8470655,David Backes,R,BOS,31,20,hit_thrown
8470655,David Backes,R,BOS,6,-38,hit_thrown
8470655,David Backes,R,BOS,-94,30,hit_thrown
8470655,David Backes,R,BOS,63,-1,hit_thrown
8470655,David Backes,R,BOS,29,37,hit_thrown
8470655,David Backes,R,BOS,-35,38,hit_thrown
8470655,David Backes,R,BOS,96,18,hit_thrown
8470655,David Backes,R,BOS,20,21,takeaway_other
8470667,Clarke MacArthur,L,OTT,-73,0,block_hd
8470667,Clarke MacArthur,L,OTT,51,-12,block_non_hd
8470667,Clarke MacArthur,L,OTT,52,2,block_non_hd
8470667,Clarke MacArthur,L,OTT,64,1,block_non_hd
8470667,Clarke MacArthur,L,OTT,51,-14,block_non_hd
8470667,Clarke MacArthur,L,OTT,53,3,block_non_hd
8470667,Clarke MacArthur,L,OTT,-68,4,block_non_hd
8470667,Clarke MacArthur,L,OTT,-43,23,block_non_hd
8470667,Clarke MacArthur,L,OTT,60,0,block_non_hd
8470667,Clarke MacArthur,L,OTT,-80,-3,crease_goal
8470667,Clarke MacArthur,L,OTT,5,-16,hit_taken
8470667,Clarke MacArthur,L,OTT,-97,24,hit_taken
8470667,Clarke MacArthur,L,OTT,15,-33,hit_taken
8470667,Clarke MacArthur,L,OTT,-67,-33,hit_taken
8470667,Clarke MacArthur,L,OTT,-52,38,hit_taken
8470667,Clarke MacArthur,L,OTT,95,30,hit_taken
8470667,Clarke MacArthur,L,OTT,57,40,hit_taken
8470667,Clarke MacArthur,L,OTT,50,-37,hit_taken
8470667,Clarke MacArthur,L,OTT,19,33,hit_taken
8470667,Clarke MacArthur,L,OTT,57,-38,hit_taken
8470667,Clarke MacArthur,L,OTT,-82,36,hit_taken
8470667,Clarke MacArthur,L,OTT,94,-24,hit_taken
8470667,Clarke MacArthur,L,OTT,99,12,hit_taken
8470667,Clarke MacArthur,L,OTT,-79,-39,hit_taken
8470667,Clarke MacArthur,L,OTT,32,-40,hit_taken
8470667,Clarke MacArthur,L,OTT,77,-39,hit_taken
8470667,Clarke MacArthur,L,OTT,52,22,hit_taken
8470667,Clarke MacArthur,L,OTT,-51,-39,hit_taken
8470667,Clarke MacArthur,L,OTT,87,-39,hit_taken
8470667,Clarke MacArthur,L,OTT,-21,-39,hit_taken
8470667,Clarke MacArthur,L,OTT,97,-35,hit_taken
8470667,Clarke MacArthur,L,OTT,99,7,hit_taken
8470667,Clarke MacArthur,L,OTT,-48,-27,hit_taken
8470667,Clarke MacArthur,L,OTT,-91,-33,hit_taken
8470667,Clarke MacArthur,L,OTT,67,-39,hit_taken
8470667,Clarke MacArthur,L,OTT,-67,-41,hit_taken
8470667,Clarke MacArthur,L,OTT,-96,9,hit_taken
8470667,Clarke MacArthur,L,OTT,72,-41,hit_taken
8470667,Clarke MacArthur,L,OTT,55,-40,hit_taken
8470667,Clarke MacArthur,L,OTT,-40,-5,hit_taken
8470667,Clarke MacArthur,L,OTT,98,-8,hit_taken
8470667,Clarke MacArthur,L,OTT,-52,-27,hit_taken
8470667,Clarke MacArthur,L,OTT,56,-40,hit_taken
8470667,Clarke MacArthur,L,OTT,33,-39,hit_taken
8470667,Clarke MacArthur,L,OTT,-54,41,hit_taken
8470667,Clarke MacArthur,L,OTT,-44,-22,hit_taken
8470667,Clarke MacArthur,L,OTT,-89,33,hit_thrown
8470667,Clarke MacArthur,L,OTT,96,-20,hit_thrown
8470667,Clarke MacArthur,L,OTT,1,-40,hit_thrown
8470667,Clarke MacArthur,L,OTT,86,-6,hit_thrown
8470667,Clarke MacArthur,L,OTT,49,39,hit_thrown
8470667,Clarke MacArthur,L,OTT,-73,36,hit_thrown
8470667,Clarke MacArthur,L,OTT,81,-33,hit_thrown
8470667,Clarke MacArthur,L,OTT,-94,-33,hit_thrown
8470667,Clarke MacArthur,L,OTT,-36,-42,hit_thrown
8470667,Clarke MacArthur,L,OTT,97,-9,hit_thrown
8470667,Clarke MacArthur,L,OTT,97,-11,hit_thrown
8470667,Clarke MacArthur,L,OTT,-94,31,hit_thrown
8470667,Clarke MacArthur,L,OTT,-84,-38,hit_thrown
8470667,Clarke MacArthur,L,OTT,-95,9,hit_thrown
8470667,Clarke MacArthur,L,OTT,97,17,hit_thrown
8470667,Clarke MacArthur,L,OTT,97,-27,hit_thrown
8470667,Clarke MacArthur,L,OTT,58,-38,hit_thrown
8470667,Clarke MacArthur,L,OTT,99,-3,hit_thrown
8470667,Clarke MacArthur,L,OTT,22,40,hit_thrown
8470667,Clarke MacArthur,L,OTT,95,-35,hit_thrown
8470667,Clarke MacArthur,L,OTT,-49,39,hit_thrown
8470667,Clarke MacArthur,L,OTT,97,7,hit_thrown
8470667,Clarke MacArthur,L,OTT,99,-23,hit_thrown
8470667,Clarke MacArthur,L,OTT,76,40,hit_thrown
8470667,Clarke MacArthur,L,OTT,98,-5,hit_thrown
8470667,Clarke MacArthur,L,OTT,57,39,hit_thrown
8470667,Clarke MacArthur,L,OTT,20,40,hit_thrown
8470667,Clarke MacArthur,L,OTT,95,-29,hit_thrown
8470667,Clarke MacArthur,L,OTT,43,-39,takeaway_other
8470667,Clarke MacArthur,L,OTT,79,-35,takeaway_other
8470667,Clarke MacArthur,L,OTT,3,-35,takeaway_other
8470667,Clarke MacArthur,L,OTT,55,36,takeaway_other
8470667,Clarke MacArthur,L,OTT,66,28,takeaway_other
8470724,Kyle Quincey,D,CBJ,-79,-5,block_hd
8470724,Kyle Quincey,D,CBJ,-80,3,block_hd
8470724,Kyle Quincey,D,CBJ,-72,9,block_hd
8470724,Kyle Quincey,D,CBJ,70,-20,block_non_hd
8470724,Kyle Quincey,D,CBJ,-97,-3,hit_taken
8470724,Kyle Quincey,D,CBJ,-75,40,hit_taken
8470724,Kyle Quincey,D,CBJ,-97,-17,hit_taken
8470724,Kyle Quincey,D,CBJ,-64,39,hit_taken
8470724,Kyle Quincey,D,CBJ,97,8,hit_taken
8470724,Kyle Quincey,D,CBJ,-16,-40,hit_taken
8470724,Kyle Quincey,D,CBJ,-97,25,hit_thrown
8470724,Kyle Quincey,D,CBJ,-91,32,hit_thrown
8470724,Kyle Quincey,D,CBJ,-73,-40,hit_thrown
8470724,Kyle Quincey,D,CBJ,-94,15,hit_thrown
8470724,Kyle Quincey,D,CBJ,99,-12,hit_thrown
8470724,Kyle Quincey,D,CBJ,-97,1,hit_thrown
8470760,Marc Methot,D,OTT,-76,0,block_hd
8470760,Marc Methot,D,OTT,-75,-6,block_hd
8470760,Marc Methot,D,OTT,70,-5,block_hd
8470760,Marc Methot,D,OTT,76,-5,block_hd
8470760,Marc Methot,D,OTT,84,-9,block_hd
8470760,Marc Methot,D,OTT,-79,6,block_hd
8470760,Marc Methot,D,OTT,-76,7,block_hd
8470760,Marc Methot,D,OTT,70,2,block_hd
8470760,Marc Methot,D,OTT,-71,14,block_hd
8470760,Marc Methot,D,OTT,81,-11,block_hd
8470760,Marc Methot,D,OTT,-74,5,block_hd
8470760,Marc Methot,D,OTT,78,-9,block_hd
8470760,Marc Methot,D,OTT,64,8,block_non_hd
8470760,Marc Methot,D,OTT,62,-14,block_non_hd
8470760,Marc Methot,D,OTT,-65,-12,block_non_hd
8470760,Marc Methot,D,OTT,-60,14,block_non_hd
8470760,Marc Methot,D,OTT,-76,21,block_non_hd
8470760,Marc Methot,D,OTT,54,5,block_non_hd
8470760,Marc Methot,D,OTT,63,0,block_non_hd
8470760,Marc Methot,D,OTT,54,-17,block_non_hd
8470760,Marc Methot,D,OTT,-61,22,block_non_hd
8470760,Marc Methot,D,OTT,74,-23,block_non_hd
8470760,Marc Methot,D,OTT,-68,-3,block_non_hd
8470760,Marc Methot,D,OTT,63,-10,block_non_hd
8470760,Marc Methot,D,OTT,-63,37,block_non_hd
8470760,Marc Methot,D,OTT,51,-20,block_non_hd
8470760,Marc Methot,D,OTT,-81,-4,crease_goal
8470760,Marc Methot,D,OTT,80,41,hit_taken
8470760,Marc Methot,D,OTT,80,40,hit_taken
8470760,Marc Methot,D,OTT,-31,-17,hit_taken
8470760,Marc Methot,D,OTT,-92,35,hit_taken
8470760,Marc Methot,D,OTT,83,-35,hit_taken
8470760,Marc Methot,D,OTT,83,-36,hit_taken
8470760,Marc Methot,D,OTT,10,38,hit_taken
8470760,Marc Methot,D,OTT,-30,-23,hit_taken
8470760,Marc Methot,D,OTT,-3,37,hit_taken
8470760,Marc Methot,D,OTT,42,-38,hit_taken
8470760,Marc Methot,D,OTT,-95,24,hit_taken
8470760,Marc Methot,D,OTT,-95,30,hit_taken
8470760,Marc Methot,D,OTT,-85,-39,hit_taken
8470760,Marc Methot,D,OTT,26,-40,hit_taken
8470760,Marc Methot,D,OTT,-97,-9,hit_taken
8470760,Marc Methot,D,OTT,-91,39,hit_taken
8470760,Marc Methot,D,OTT,81,-41,hit_taken
8470760,Marc Methot,D,OTT,83,-40,hit_taken
8470760,Marc Methot,D,OTT,86,-40,hit_taken
8470760,Marc Methot,D,OTT,66,-38,hit_taken
8470760,Marc Methot,D,OTT,-94,-10,hit_taken
8470760,Marc Methot,D,OTT,-97,-31,hit_taken
8470760,Marc Methot,D,OTT,74,40,hit_taken
8470760,Marc Methot,D,OTT,-87,39,hit_taken
8470760,Marc Methot,D,OTT,90,40,hit_thrown
8470760,Marc Methot,D,OTT,-30,40,hit_thrown
8470760,Marc Methot,D,OTT,60,-41,hit_thrown
8470760,Marc Methot,D,OTT,94,30,hit_thrown
8470760,Marc Methot,D,OTT,-18,-40,hit_thrown
8470760,Marc Methot,D,OTT,97,-12,hit_thrown
8470760,Marc Methot,D,OTT,-61,38,hit_thrown
8470760,Marc Methot,D,OTT,31,-31,hit_thrown
8470760,Marc Methot,D,OTT,12,37,hit_thrown
8470760,Marc Methot,D,OTT,94,-26,hit_thrown
8470760,Marc Methot,D,OTT,-7,-38,hit_thrown
8470760,Marc Methot,D,OTT,95,-21,hit_thrown
8470760,Marc Methot,D,OTT,96,-5,hit_thrown
8470760,Marc Methot,D,OTT,95,25,hit_thrown
8470760,Marc Methot,D,OTT,-64,38,hit_thrown
8470760,Marc Methot,D,OTT,-95,-22,hit_thrown
8470760,Marc Methot,D,OTT,-33,-39,hit_thrown
8470760,Marc Methot,D,OTT,-83,-7,hit_thrown
8470760,Marc Methot,D,OTT,93,-27,hit_thrown
8470760,Marc Methot,D,OTT,-38,41,hit_thrown
8470760,Marc Methot,D,OTT,97,14,hit_thrown
8470760,Marc Methot,D,OTT,-10,-32,hit_thrown
8470760,Marc Methot,D,OTT,-92,33,hit_thrown
8470760,Marc Methot,D,OTT,92,32,hit_thrown
8470760,Marc Methot,D,OTT,96,-6,hit_thrown
8470760,Marc Methot,D,OTT,98,-4,hit_thrown
8470760,Marc Methot,D,OTT,47,-39,hit_thrown
8470760,Marc Methot,D,OTT,17,39,hit_thrown
8470760,Marc Methot,D,OTT,-90,39,hit_thrown
8470760,Marc Methot,D,OTT,-95,12,hit_thrown
8470760,Marc Methot,D,OTT,-62,38,hit_thrown
8470760,Marc Methot,D,OTT,-78,-37,hit_thrown
8470760,Marc Methot,D,OTT,28,-34,hit_thrown
8470760,Marc Methot,D,OTT,-96,17,hit_thrown
8470760,Marc Methot,D,OTT,-79,38,hit_thrown
8470760,Marc Methot,D,OTT,-2,38,hit_thrown
8470760,Marc Methot,D,OTT,46,28,hit_thrown
8470760,Marc Methot,D,OTT,-87,37,hit_thrown
8470760,Marc Methot,D,OTT,-85,40,hit_thrown
8470760,Marc Methot,D,OTT,-92,38,hit_thrown
8470760,Marc Methot,D,OTT,61,40,hit_thrown
8470760,Marc Methot,D,OTT,71,-41,hit_thrown
8470760,Marc Methot,D,OTT,-17,-40,hit_thrown
8470760,Marc Methot,D,OTT,23,-20,hit_thrown
8470760,Marc Methot,D,OTT,-84,37,hit_thrown
8470760,Marc Methot,D,OTT,12,-38,hit_thrown
8470760,Marc Methot,D,OTT,-14,-37,hit_thrown
8470760,Marc Methot,D,OTT,-97,-7,hit_thrown
8470760,Marc Methot,D,OTT,-40,-36,hit_thrown
8470760,Marc Methot,D,OTT,96,-34,hit_thrown
8470760,Marc Methot,D,OTT,97,-28,hit_thrown
8470760,Marc Methot,D,OTT,35,37,hit_thrown
8470760,Marc Methot,D,OTT,72,38,hit_thrown
8470760,Marc Methot,D,OTT,-34,-33,hit_thrown
8470760,Marc Methot,D,OTT,-98,8,hit_thrown
8470760,Marc Methot,D,OTT,99,10,hit_thrown
8470760,Marc Methot,D,OTT,27,39,hit_thrown
8470760,Marc Methot,D,OTT,94,-32,hit_thrown
8470760,Marc Methot,D,OTT,-94,-4,hit_thrown
8470760,Marc Methot,D,OTT,-94,23,hit_thrown
8470760,Marc Methot,D,OTT,-91,38,hit_thrown
8470760,Marc Methot,D,OTT,97,8,hit_thrown
8470760,Marc Methot,D,OTT,-74,40,hit_thrown
8470760,Marc Methot,D,OTT,3,38,hit_thrown
8470760,Marc Methot,D,OTT,85,-41,hit_thrown
8470760,Marc Methot,D,OTT,30,41,hit_thrown
8470760,Marc Methot,D,OTT,-80,36,hit_thrown
8470760,Marc Methot,D,OTT,-88,-14,hit_thrown
8470760,Marc Methot,D,OTT,-19,-38,hit_thrown
8470760,Marc Methot,D,OTT,-14,36,hit_thrown
8470760,Marc Methot,D,OTT,67,20,hit_thrown
8470760,Marc Methot,D,OTT,86,40,hit_thrown
8470760,Marc Methot,D,OTT,-73,40,hit_thrown
8470760,Marc Methot,D,OTT,84,-39,hit_thrown
8470760,Marc Methot,D,OTT,-97,11,hit_thrown
8470760,Marc Methot,D,OTT,-73,39,hit_thrown
8470760,Marc Methot,D,OTT,-81,35,hit_thrown
8470760,Marc Methot,D,OTT,66,-39,hit_thrown
8470760,Marc Methot,D,OTT,84,40,hit_thrown
8470760,Marc Methot,D,OTT,4,29,hit_thrown
8470760,Marc Methot,D,OTT,-92,10,takeaway_hd
8470760,Marc Methot,D,OTT,-71,16,takeaway_hd
8470760,Marc Methot,D,OTT,-94,11,takeaway_hd
8470760,Marc Methot,D,OTT,65,-5,takeaway_other
8470775,Nate Thompson,C,ANA,-76,-12,block_hd
8470775,Nate Thompson,C,ANA,76,8,block_hd
8470775,Nate Thompson,C,ANA,70,11,block_hd
8470775,Nate Thompson,C,ANA,58,1,block_non_hd
8470775,Nate Thompson,C,ANA,-62,21,block_non_hd
8470775,Nate Thompson,C,ANA,-63,4,block_non_hd
8470775,Nate Thompson,C,ANA,-40,14,block_non_hd
8470775,Nate Thompson,C,ANA,61,1,block_non_hd
8470775,Nate Thompson,C,ANA,69,-8,block_non_hd
8470775,Nate Thompson,C,ANA,53,-1,block_non_hd
8470775,Nate Thompson,C,ANA,41,16,block_non_hd
8470775,Nate Thompson,C,ANA,-51,-17,block_non_hd
8470775,Nate Thompson,C,ANA,36,13,block_non_hd
8470775,Nate Thompson,C,ANA,-79,0,crease_goal
8470775,Nate Thompson,C,ANA,-68,23,dz_faceoff_win
8470775,Nate Thompson,C,ANA,-65,24,dz_faceoff_win
8470775,Nate Thompson,C,ANA,-62,21,dz_faceoff_win
8470775,Nate Thompson,C,ANA,67,-21,dz_faceoff_win
8470775,Nate Thompson,C,ANA,82,-35,dz_faceoff_win
8470775,Nate Thompson,C,ANA,86,-35,dz_faceoff_win
8470775,Nate Thompson,C,ANA,-85,35,dz_faceoff_win
8470775,Nate Thompson,C,ANA,-69,22,dz_faceoff_win
8470775,Nate Thompson,C,ANA,70,-22,dz_faceoff_win
8470775,Nate Thompson,C,ANA,70,20,dz_faceoff_win
8470775,Nate Thompson,C,ANA,69,-23,dz_faceoff_win
8470775,Nate Thompson,C,ANA,72,-22,dz_faceoff_win
8470775,Nate Thompson,C,ANA,-70,21,dz_faceoff_win
8470775,Nate Thompson,C,ANA,-69,21,dz_faceoff_win
8470775,Nate Thompson,C,ANA,70,23,dz_faceoff_win
8470775,Nate Thompson,C,ANA,73,-20,dz_faceoff_win
8470775,Nate Thompson,C,ANA,69,-22,dz_faceoff_win
8470775,Nate Thompson,C,ANA,-54,-41,hit_taken
8470775,Nate Thompson,C,ANA,60,-39,hit_taken
8470775,Nate Thompson,C,ANA,41,-39,hit_taken
8470775,Nate Thompson,C,ANA,83,42,hit_taken
8470775,Nate Thompson,C,ANA,33,41,hit_taken
8470775,Nate Thompson,C,ANA,51,-42,hit_taken
8470775,Nate Thompson,C,ANA,97,31,hit_taken
8470775,Nate Thompson,C,ANA,-97,-12,hit_taken
8470775,Nate Thompson,C,ANA,96,11,hit_taken
8470775,Nate Thompson,C,ANA,-87,-35,hit_taken
8470775,Nate Thompson,C,ANA,91,28,hit_taken
8470775,Nate Thompson,C,ANA,97,10,hit_taken
8470775,Nate Thompson,C,ANA,62,38,hit_taken
8470775,Nate Thompson,C,ANA,-20,39,hit_taken
8470775,Nate Thompson,C,ANA,30,-40,hit_taken
8470775,Nate Thompson,C,ANA,-93,-37,hit_taken
8470775,Nate Thompson,C,ANA,98,27,hit_taken
8470775,Nate Thompson,C,ANA,92,-11,hit_thrown
8470775,Nate Thompson,C,ANA,-93,35,hit_thrown
8470775,Nate Thompson,C,ANA,-97,-25,hit_thrown
8470775,Nate Thompson,C,ANA,48,-38,hit_thrown
8470775,Nate Thompson,C,ANA,-89,37,hit_thrown
8470775,Nate Thompson,C,ANA,-90,-33,hit_thrown
8470775,Nate Thompson,C,ANA,98,9,hit_thrown
8470775,Nate Thompson,C,ANA,-10,13,hit_thrown
8470775,Nate Thompson,C,ANA,10,23,hit_thrown
8470775,Nate Thompson,C,ANA,-98,25,hit_thrown
8470775,Nate Thompson,C,ANA,1,-40,hit_thrown
8470775,Nate Thompson,C,ANA,-96,3,hit_thrown
8470775,Nate Thompson,C,ANA,-43,3,hit_thrown
8470775,Nate Thompson,C,ANA,-90,38,hit_thrown
8470775,Nate Thompson,C,ANA,-93,-38,hit_thrown
8470775,Nate Thompson,C,ANA,-8,31,hit_thrown
8470775,Nate Thompson,C,ANA,97,-29,hit_thrown
8470775,Nate Thompson,C,ANA,-96,26,hit_thrown
8470775,Nate Thompson,C,ANA,-93,31,hit_thrown
8470775,Nate Thompson,C,ANA,-29,-30,hit_thrown
8470775,Nate Thompson,C,ANA,98,-3,hit_thrown
8470775,Nate Thompson,C,ANA,-29,-40,hit_thrown
8470775,Nate Thompson,C,ANA,96,-35,hit_thrown
8470775,Nate Thompson,C,ANA,-86,-36,hit_thrown
8470775,Nate Thompson,C,ANA,-9,38,hit_thrown
8470775,Nate Thompson,C,ANA,83,40,hit_thrown
8470775,Nate Thompson,C,ANA,96,37,hit_thrown
8470775,Nate Thompson,C,ANA,31,-39,hit_thrown
8470775,Nate Thompson,C,ANA,-9,-40,hit_thrown
8470775,Nate Thompson,C,ANA,-5,-37,hit_thrown
8470775,Nate Thompson,C,ANA,-97,31,hit_thrown
8470775,Nate Thompson,C,ANA,64,-40,hit_thrown
8470775,Nate Thompson,C,ANA,42,30,hit_thrown
8470775,Nate Thompson,C,ANA,95,-26,hit_thrown
8470775,Nate Thompson,C,ANA,-10,37,hit_thrown
8470775,Nate Thompson,C,ANA,-79,37,hit_thrown
8470775,Nate Thompson,C,ANA,13,36,hit_thrown
8470775,Nate Thompson,C,ANA,61,-39,hit_thrown
8470775,Nate Thompson,C,ANA,51,-40,hit_thrown
8470775,Nate Thompson,C,ANA,8,-39,hit_thrown
8470775,Nate Thompson,C,ANA,-40,-38,hit_thrown
8470775,Nate Thompson,C,ANA,-69,26,takeaway_other
8470775,Nate Thompson,C,ANA,65,36,takeaway_other
8470775,Nate Thompson,C,ANA,-32,-3,takeaway_other
8470775,Nate Thompson,C,ANA,95,19,takeaway_other
8470794,Joe Pavelski,C,SJS,-81,10,block_hd
8470794,Joe Pavelski,C,SJS,-49,-24,block_non_hd
8470794,Joe Pavelski,C,SJS,-61,-4,block_non_hd
8470794,Joe Pavelski,C,SJS,54,-10,block_non_hd
8470794,Joe Pavelski,C,SJS,81,5,crease_goal
8470794,Joe Pavelski,C,SJS,-69,-23,dz_faceoff_win
8470794,Joe Pavelski,C,SJS,-68,-22,dz_faceoff_win
8470794,Joe Pavelski,C,SJS,69,21,dz_faceoff_win
8470794,Joe Pavelski,C,SJS,-69,-21,dz_faceoff_win
8470794,Joe Pavelski,C,SJS,69,21,dz_faceoff_win
8470794,Joe Pavelski,C,SJS,69,22,dz_faceoff_win
8470794,Joe Pavelski,C,SJS,70,22,dz_faceoff_win
8470794,Joe Pavelski,C,SJS,70,21,dz_faceoff_win
8470794,Joe Pavelski,C,SJS,73,37,hit_taken
8470794,Joe Pavelski,C,SJS,-96,20,hit_taken
8470794,Joe Pavelski,C,SJS,-26,23,hit_taken
8470794,Joe Pavelski,C,SJS,-77,41,hit_taken
8470794,Joe Pavelski,C,SJS,-12,36,hit_taken
8470794,Joe Pavelski,C,SJS,-82,41,hit_taken
8470794,Joe Pavelski,C,SJS,85,40,hit_taken
8470794,Joe Pavelski,C,SJS,74,-39,hit_taken
8470794,Joe Pavelski,C,SJS,98,-13,hit_taken
8470794,Joe Pavelski,C,SJS,-93,29,hit_thrown
8470794,Joe Pavelski,C,SJS,1,12,hit_thrown
8470794,Joe Pavelski,C,SJS,97,-7,hit_thrown
8470794,Joe Pavelski,C,SJS,-93,-14,hit_thrown
8470794,Joe Pavelski,C,SJS,-97,23,hit_thrown
8470794,Joe Pavelski,C,SJS,-18,-40,hit_thrown
8470794,Joe Pavelski,C,SJS,69,-40,hit_thrown
8470794,Joe Pavelski,C,SJS,64,-39,hit_thrown
8470794,Joe Pavelski,C,SJS,57,37,hit_thrown
8470794,Joe Pavelski,C,SJS,-38,36,hit_thrown
8470794,Joe Pavelski,C,SJS,-94,-15,hit_thrown
8470794,Joe Pavelski,C,SJS,97,-17,hit_thrown
8470794,Joe Pavelski,C,SJS,-98,21,hit_thrown
8470794,Joe Pavelski,C,SJS,-98,-5,hit_thrown
8470794,Joe Pavelski,C,SJS,-55,-33,takeaway_other
8470794,Joe Pavelski,C,SJS,26,10,takeaway_other
8470794,Joe Pavelski,C,SJS,-82,-23,takeaway_other
8470794,Joe Pavelski,C,SJS,80,-36,takeaway_other
8470794,Joe Pavelski,C,SJS,-17,-15,takeaway_other
8470794,Joe Pavelski,C,SJS,-97,22,takeaway_other
8470794,Joe Pavelski,C,SJS,22,-17,takeaway_other
8470794,Joe Pavelski,C,SJS,-66,-16,takeaway_other
8470794,Joe Pavelski,C,SJS,-50,40,takeaway_other
8470803,Kyle Brodziak,C,STL,-72,2,block_hd
8470803,Kyle Brodziak,C,STL,-39,13,block_non_hd
8470803,Kyle Brodziak,C,STL,47,20,block_non_hd
8470803,Kyle Brodziak,C,STL,72,19,block_non_hd
8470803,Kyle Brodziak,C,STL,-73,-27,block_non_hd
8470803,Kyle Brodziak,C,STL,69,10,block_non_hd
8470803,Kyle Brodziak,C,STL,64,-1,block_non_hd
8470803,Kyle Brodziak,C,STL,-69,-23,dz_faceoff_win
8470803,Kyle Brodziak,C,STL,-69,-23,dz_faceoff_win
8470803,Kyle Brodziak,C,STL,-68,-23,dz_faceoff_win
8470803,Kyle Brodziak,C,STL,89,23,dz_faceoff_win
8470803,Kyle Brodziak,C,STL,69,23,dz_faceoff_win
8470803,Kyle Brodziak,C,STL,-69,22,dz_faceoff_win
8470803,Kyle Brodziak,C,STL,-69,-21,dz_faceoff_win
8470803,Kyle Brodziak,C,STL,-69,-22,dz_faceoff_win
8470803,Kyle Brodziak,C,STL,-69,-23,dz_faceoff_win
8470803,Kyle Brodziak,C,STL,-69,21,dz_faceoff_win
8470803,Kyle Brodziak,C,STL,-69,21,dz_faceoff_win
8470803,Kyle Brodziak,C,STL,69,-22,dz_faceoff_win
8470803,Kyle Brodziak,C,STL,69,22,dz_faceoff_win
8470803,Kyle Brodziak,C,STL,-69,-22,dz_faceoff_win
8470803,Kyle Brodziak,C,STL,-69,-22,dz_faceoff_win
8470803,Kyle Brodziak,C,STL,-69,-22,dz_faceoff_win
8470803,Kyle Brodziak,C,STL,-68,21,dz_faceoff_win
8470803,Kyle Brodziak,C,STL,-69,-23,dz_faceoff_win
8470803,Kyle Brodziak,C,STL,69,22,dz_faceoff_win
8470803,Kyle Brodziak,C,STL,69,22,dz_faceoff_win
8470803,Kyle Brodziak,C,STL,69,22,dz_faceoff_win
8470803,Kyle Brodziak,C,STL,-68,21,dz_faceoff_win
8470803,Kyle Brodziak,C,STL,-81,34,dz_faceoff_win
8470803,Kyle Brodziak,C,STL,-90,-29,dz_faceoff_win
8470803,Kyle Brodziak,C,STL,87,36,dz_faceoff_win
8470803,Kyle Brodziak,C,STL,-82,-31,dz_faceoff_win
8470803,Kyle Brodziak,C,STL,-80,-29,dz_faceoff_win
8470803,Kyle Brodziak,C,STL,84,34,dz_faceoff_win
8470803,Kyle Brodziak,C,STL,69,-22,dz_faceoff_win
8470803,Kyle Brodziak,C,STL,-69,-22,dz_faceoff_win
8470803,Kyle Brodziak,C,STL,-69,21,dz_faceoff_win
8470803,Kyle Brodziak,C,STL,69,20,dz_faceoff_win
8470803,Kyle Brodziak,C,STL,-68,-23,dz_faceoff_win
8470803,Kyle Brodziak,C,STL,-68,-21,dz_faceoff_win
8470803,Kyle Brodziak,C,STL,-68,-23,dz_faceoff_win
8470803,Kyle Brodziak,C,STL,-69,22,dz_faceoff_win
8470803,Kyle Brodziak,C,STL,-69,-23,dz_faceoff_win
8470803,Kyle Brodziak,C,STL,-68,21,dz_faceoff_win
8470803,Kyle Brodziak,C,STL,70,22,dz_faceoff_win
8470803,Kyle Brodziak,C,STL,-67,-22,dz_faceoff_win
8470803,Kyle Brodziak,C,STL,70,-23,dz_faceoff_win
8470803,Kyle Brodziak,C,STL,70,-24,dz_faceoff_win
8470803,Kyle Brodziak,C,STL,96,25,hit_taken
8470803,Kyle Brodziak,C,STL,99,-9,hit_taken
8470803,Kyle Brodziak,C,STL,-91,32,hit_taken
8470803,Kyle Brodziak,C,STL,-92,-21,hit_taken
8470803,Kyle Brodziak,C,STL,-92,-38,hit_taken
8470803,Kyle Brodziak,C,STL,-64,-40,hit_taken
8470803,Kyle Brodziak,C,STL,99,-22,hit_taken
8470803,Kyle Brodziak,C,STL,73,40,hit_taken
8470803,Kyle Brodziak,C,STL,-97,10,hit_taken
8470803,Kyle Brodziak,C,STL,-98,20,hit_taken
8470803,Kyle Brodziak,C,STL,-3,40,hit_taken
8470803,Kyle Brodziak,C,STL,-39,-25,hit_taken
8470803,Kyle Brodziak,C,STL,61,40,hit_thrown
8470803,Kyle Brodziak,C,STL,96,-38,hit_thrown
8470803,Kyle Brodziak,C,STL,-98,-18,hit_thrown
8470803,Kyle Brodziak,C,STL,-75,39,hit_thrown
8470803,Kyle Brodziak,C,STL,-29,-41,hit_thrown
8470803,Kyle Brodziak,C,STL,-97,-7,takeaway_hd
8470803,Kyle Brodziak,C,STL,-29,-14,takeaway_other
8470803,Kyle Brodziak,C,STL,54,37,takeaway_other
8470803,Kyle Brodziak,C,STL,16,-22,takeaway_other
8470803,Kyle Brodziak,C,STL,-38,-16,takeaway_other
8470803,Kyle Brodziak,C,STL,78,-26,takeaway_other
8470803,Kyle Brodziak,C,STL,-52,35,takeaway_other
8470803,Kyle Brodziak,C,STL,-57,9,takeaway_other
8470854,Tanner Glass,L,NYR,-81,-7,block_hd
8470854,Tanner Glass,L,NYR,58,1,block_non_hd
8470854,Tanner Glass,L,NYR,51,4,block_non_hd
8470854,Tanner Glass,L,NYR,43,-26,block_non_hd
8470854,Tanner Glass,L,NYR,42,-23,block_non_hd
8470854,Tanner Glass,L,NYR,98,-27,hit_taken
8470854,Tanner Glass,L,NYR,1,-39,hit_taken
8470854,Tanner Glass,L,NYR,22,-39,hit_taken
8470854,Tanner Glass,L,NYR,91,40,hit_taken
8470854,Tanner Glass,L,NYR,94,35,hit_taken
8470854,Tanner Glass,L,NYR,49,42,hit_taken
8470854,Tanner Glass,L,NYR,-96,-21,hit_taken
8470854,Tanner Glass,L,NYR,35,38,hit_taken
8470854,Tanner Glass,L,NYR,97,28,hit_taken
8470854,Tanner Glass,L,NYR,-96,30,hit_taken
8470854,Tanner Glass,L,NYR,20,6,hit_taken
8470854,Tanner Glass,L,NYR,-96,19,hit_taken
8470854,Tanner Glass,L,NYR,25,-40,hit_taken
8470854,Tanner Glass,L,NYR,-81,39,hit_taken
8470854,Tanner Glass,L,NYR,4,39,hit_taken
8470854,Tanner Glass,L,NYR,-17,38,hit_taken
8470854,Tanner Glass,L,NYR,64,40,hit_thrown
8470854,Tanner Glass,L,NYR,54,40,hit_thrown
8470854,Tanner Glass,L,NYR,97,20,hit_thrown
8470854,Tanner Glass,L,NYR,88,36,hit_thrown
8470854,Tanner Glass,L,NYR,97,21,hit_thrown
8470854,Tanner Glass,L,NYR,-94,5,hit_thrown
8470854,Tanner Glass,L,NYR,-97,15,hit_thrown
8470854,Tanner Glass,L,NYR,98,16,hit_thrown
8470854,Tanner Glass,L,NYR,-65,-39,hit_thrown
8470854,Tanner Glass,L,NYR,12,-20,hit_thrown
8470854,Tanner Glass,L,NYR,-73,41,hit_thrown
8470854,Tanner Glass,L,NYR,-96,14,hit_thrown
8470854,Tanner Glass,L,NYR,-95,9,hit_thrown
8470854,Tanner Glass,L,NYR,97,-9,hit_thrown
8470854,Tanner Glass,L,NYR,83,-39,hit_thrown
8470854,Tanner Glass,L,NYR,-53,38,hit_thrown
8470854,Tanner Glass,L,NYR,96,19,hit_thrown
8470854,Tanner Glass,L,NYR,-87,-38,hit_thrown
8470854,Tanner Glass,L,NYR,1,35,hit_thrown
8470854,Tanner Glass,L,NYR,-96,3,hit_thrown
8470854,Tanner Glass,L,NYR,-94,-33,hit_thrown
8470854,Tanner Glass,L,NYR,-95,10,hit_thrown
8470854,Tanner Glass,L,NYR,4,-37,hit_thrown
8470854,Tanner Glass,L,NYR,-21,-39,hit_thrown
8470854,Tanner Glass,L,NYR,13,39,hit_thrown
8470854,Tanner Glass,L,NYR,43,-40,hit_thrown
8470854,Tanner Glass,L,NYR,-53,-40,hit_thrown
8470854,Tanner Glass,L,NYR,-91,-38,hit_thrown
8470854,Tanner Glass,L,NYR,99,24,hit_thrown
8470854,Tanner Glass,L,NYR,-95,-24,hit_thrown
8470854,Tanner Glass,L,NYR,-25,-40,hit_thrown
8470854,Tanner Glass,L,NYR,96,31,hit_thrown
8470966,Mark Giordano,D,CGY,72,-13,block_hd
8470966,Mark Giordano,D,CGY,67,-5,block_non_hd
8470966,Mark Giordano,D,CGY,-54,2,block_non_hd
8470966,Mark Giordano,D,CGY,64,-11,block_non_hd
8470966,Mark Giordano,D,CGY,-66,-5,block_non_hd
8470966,Mark Giordano,D,CGY,98,-18,hit_taken
8470966,Mark Giordano,D,CGY,57,-26,hit_taken
8470966,Mark Giordano,D,CGY,94,-36,hit_taken
8470966,Mark Giordano,D,CGY,78,-42,hit_taken
8470966,Mark Giordano,D,CGY,91,-38,hit_taken
8470966,Mark Giordano,D,CGY,-99,28,hit_taken
8470966,Mark Giordano,D,CGY,-29,35,hit_taken
8470966,Mark Giordano,D,CGY,98,7,hit_taken
8470966,Mark Giordano,D,CGY,91,-40,hit_taken
8470966,Mark Giordano,D,CGY,96,-24,hit_taken
8470966,Mark Giordano,D,CGY,72,41,hit_taken
8470966,Mark Giordano,D,CGY,99,22,hit_taken
8470966,Mark Giordano,D,CGY,96,-34,hit_taken
8470966,Mark Giordano,D,CGY,8,40,hit_taken
8470966,Mark Giordano,D,CGY,-72,39,hit_taken
8470966,Mark Giordano,D,CGY,98,31,hit_thrown
8470966,Mark Giordano,D,CGY,77,-40,hit_thrown
8470966,Mark Giordano,D,CGY,13,-20,hit_thrown
8470966,Mark Giordano,D,CGY,77,-1,hit_thrown
8470966,Mark Giordano,D,CGY,-99,-10,hit_thrown
8470966,Mark Giordano,D,CGY,98,15,hit_thrown
8470966,Mark Giordano,D,CGY,-29,40,hit_thrown
8470966,Mark Giordano,D,CGY,-91,40,hit_thrown
8470966,Mark Giordano,D,CGY,-98,-10,hit_thrown
8470966,Mark Giordano,D,CGY,-94,-37,hit_thrown
8470966,Mark Giordano,D,CGY,-97,-5,hit_thrown
8470966,Mark Giordano,D,CGY,-57,20,takeaway_other
8470966,Mark Giordano,D,CGY,-69,-5,takeaway_other
8471214,Alex Ovechkin,L,WSH,-76,-8,block_hd
8471214,Alex Ovechkin,L,WSH,70,-10,block_hd
8471214,Alex Ovechkin,L,WSH,-46,-26,block_non_hd
8471214,Alex Ovechkin,L,WSH,69,-9,block_non_hd
8471214,Alex Ovechkin,L,WSH,40,-27,block_non_hd
8471214,Alex Ovechkin,L,WSH,48,-12,block_non_hd
8471214,Alex Ovechkin,L,WSH,-61,17,block_non_hd
8471214,Alex Ovechkin,L,WSH,45,11,block_non_hd
8471214,Alex Ovechkin,L,WSH,99,-3,hit_taken
8471214,Alex Ovechkin,L,WSH,94,20,hit_taken
8471214,Alex Ovechkin,L,WSH,9,42,hit_taken
8471214,Alex Ovechkin,L,WSH,-91,-35,hit_taken
8471214,Alex Ovechkin,L,WSH,34,-38,hit_taken
8471214,Alex Ovechkin,L,WSH,60,-41,hit_taken
8471214,Alex Ovechkin,L,WSH,98,31,hit_taken
8471214,Alex Ovechkin,L,WSH,99,-7,hit_taken
8471214,Alex Ovechkin,L,WSH,38,-38,hit_taken
8471214,Alex Ovechkin,L,WSH,-16,38,hit_taken
8471214,Alex Ovechkin,L,WSH,-32,34,hit_taken
8471214,Alex Ovechkin,L,WSH,38,30,hit_taken
8471214,Alex Ovechkin,L,WSH,-68,-34,hit_thrown
8471214,Alex Ovechkin,L,WSH,-33,-5,hit_thrown
8471214,Alex Ovechkin,L,WSH,88,38,hit_thrown
8471214,Alex Ovechkin,L,WSH,-83,-38,hit_thrown
8471214,Alex Ovechkin,L,WSH,-91,-29,hit_thrown
8471214,Alex Ovechkin,L,WSH,-56,-37,hit_thrown
8471214,Alex Ovechkin,L,WSH,-14,-38,hit_thrown
8471214,Alex Ovechkin,L,WSH,-46,-30,hit_thrown
8471214,Alex Ovechkin,L,WSH,-94,31,hit_thrown
8471214,Alex Ovechkin,L,WSH,-92,-8,hit_thrown
8471214,Alex Ovechkin,L,WSH,97,18,hit_thrown
8471214,Alex Ovechkin,L,WSH,37,-39,hit_thrown
8471214,Alex Ovechkin,L,WSH,-10,36,hit_thrown
8471214,Alex Ovechkin,L,WSH,-86,38,hit_thrown
8471214,Alex Ovechkin,L,WSH,73,-40,hit_thrown
8471214,Alex Ovechkin,L,WSH,-51,40,hit_thrown
8471214,Alex Ovechkin,L,WSH,59,38,hit_thrown
8471214,Alex Ovechkin,L,WSH,-95,27,hit_thrown
8471214,Alex Ovechkin,L,WSH,-95,14,hit_thrown
8471214,Alex Ovechkin,L,WSH,-92,-23,hit_thrown
8471214,Alex Ovechkin,L,WSH,-92,-10,hit_thrown
8471214,Alex Ovechkin,L,WSH,-90,22,hit_thrown
8471214,Alex Ovechkin,L,WSH,93,-36,hit_thrown
8471214,Alex Ovechkin,L,WSH,36,-35,hit_thrown
8471214,Alex Ovechkin,L,WSH,77,38,hit_thrown
8471214,Alex Ovechkin,L,WSH,-58,-38,hit_thrown
8471214,Alex Ovechkin,L,WSH,-17,35,hit_thrown
8471214,Alex Ovechkin,L,WSH,97,13,hit_thrown
8471214,Alex Ovechkin,L,WSH,82,39,hit_thrown
8471214,Alex Ovechkin,L,WSH,99,-12,hit_thrown
8471214,Alex Ovechkin,L,WSH,96,2,hit_thrown
8471214,Alex Ovechkin,L,WSH,-91,35,hit_thrown
8471214,Alex Ovechkin,L,WSH,-95,-27,hit_thrown
8471214,Alex Ovechkin,L,WSH,21,40,hit_thrown
8471214,Alex Ovechkin,L,WSH,97,7,hit_thrown
8471214,Alex Ovechkin,L,WSH,-94,-14,hit_thrown
8471214,Alex Ovechkin,L,WSH,33,38,hit_thrown
8471214,Alex Ovechkin,L,WSH,-78,37,hit_thrown
8471214,Alex Ovechkin,L,WSH,98,7,hit_thrown
8471214,Alex Ovechkin,L,WSH,97,4,hit_thrown
8471214,Alex Ovechkin,L,WSH,84,-40,hit_thrown
8471214,Alex Ovechkin,L,WSH,32,-41,hit_thrown
8471214,Alex Ovechkin,L,WSH,61,-40,hit_thrown
8471214,Alex Ovechkin,L,WSH,-94,-35,hit_thrown
8471214,Alex Ovechkin,L,WSH,96,29,hit_thrown
8471214,Alex Ovechkin,L,WSH,81,41,hit_thrown
8471214,Alex Ovechkin,L,WSH,81,38,hit_thrown
8471214,Alex Ovechkin,L,WSH,-16,40,hit_thrown
8471214,Alex Ovechkin,L,WSH,-96,-32,hit_thrown
8471214,Alex Ovechkin,L,WSH,-96,20,hit_thrown
8471214,Alex Ovechkin,L,WSH,-96,-20,hit_thrown
8471214,Alex Ovechkin,L,WSH,-6,-26,hit_thrown
8471214,Alex Ovechkin,L,WSH,-96,16,hit_thrown
8471214,Alex Ovechkin,L,WSH,-96,11,hit_thrown
8471214,Alex Ovechkin,L,WSH,44,-39,hit_thrown
8471214,Alex Ovechkin,L,WSH,97,0,hit_thrown
8471214,Alex Ovechkin,L,WSH,88,-40,hit_thrown
8471214,Alex Ovechkin,L,WSH,-95,-27,hit_thrown
8471214,Alex Ovechkin,L,WSH,-93,-31,hit_thrown
8471214,Alex Ovechkin,L,WSH,94,-26,hit_thrown
8471214,Alex Ovechkin,L,WSH,-84,40,hit_thrown
8471214,Alex Ovechkin,L,WSH,-96,3,takeaway_hd
8471214,Alex Ovechkin,L,WSH,72,1,takeaway_hd
8471214,Alex Ovechkin,L,WSH,-39,-35,takeaway_other
8471214,Alex Ovechkin,L,WSH,40,7,takeaway_other
8471214,Alex Ovechkin,L,WSH,-94,-36,takeaway_other
8471214,Alex Ovechkin,L,WSH,-28,-37,takeaway_other
8471214,Alex Ovechkin,L,WSH,-33,-34,takeaway_other
8471215,Evgeni Malkin,C,PIT,70,8,block_hd
8471215,Evgeni Malkin,C,PIT,-70,14,block_hd
8471215,Evgeni Malkin,C,PIT,79,-2,block_hd
8471215,Evgeni Malkin,C,PIT,-72,5,block_hd
8471215,Evgeni Malkin,C,PIT,76,-4,block_hd
8471215,Evgeni Malkin,C,PIT,-74,10,block_hd
8471215,Evgeni Malkin,C,PIT,-73,6,block_hd
8471215,Evgeni Malkin,C,PIT,72,-3,block_hd
8471215,Evgeni Malkin,C,PIT,-73,-8,block_hd
8471215,Evgeni Malkin,C,PIT,-76,-2,block_hd
8471215,Evgeni Malkin,C,PIT,-46,-23,block_non_hd
8471215,Evgeni Malkin,C,PIT,-60,-6,block_non_hd
8471215,Evgeni Malkin,C,PIT,-68,-2,block_non_hd
8471215,Evgeni Malkin,C,PIT,62,-3,block_non_hd
8471215,Evgeni Malkin,C,PIT,-60,9,block_non_hd
8471215,Evgeni Malkin,C,PIT,-68,-8,block_non_hd
8471215,Evgeni Malkin,C,PIT,-47,-27,block_non_hd
8471215,Evgeni Malkin,C,PIT,59,24,block_non_hd
8471215,Evgeni Malkin,C,PIT,-61,-12,block_non_hd
8471215,Evgeni Malkin,C,PIT,84,6,crease_goal
8471215,Evgeni Malkin,C,PIT,85,3,crease_goal
8471215,Evgeni Malkin,C,PIT,80,-1,crease_goal
8471215,Evgeni Malkin,C,PIT,85,-6,crease_goal
8471215,Evgeni Malkin,C,PIT,-69,21,dz_faceoff_win
8471215,Evgeni Malkin,C,PIT,69,-38,dz_faceoff_win
8471215,Evgeni Malkin,C,PIT,-69,22,dz_faceoff_win
8471215,Evgeni Malkin,C,PIT,-69,-22,dz_faceoff_win
8471215,Evgeni Malkin,C,PIT,-69,22,dz_faceoff_win
8471215,Evgeni Malkin,C,PIT,-69,-22,dz_faceoff_win
8471215,Evgeni Malkin,C,PIT,-69,22,dz_faceoff_win
8471215,Evgeni Malkin,C,PIT,-68,-22,dz_faceoff_win
8471215,Evgeni Malkin,C,PIT,-69,22,dz_faceoff_win
8471215,Evgeni Malkin,C,PIT,-69,-22,dz_faceoff_win
8471215,Evgeni Malkin,C,PIT,-69,22,dz_faceoff_win
8471215,Evgeni Malkin,C,PIT,-69,-22,dz_faceoff_win
8471215,Evgeni Malkin,C,PIT,-69,-22,dz_faceoff_win
8471215,Evgeni Malkin,C,PIT,-69,22,dz_faceoff_win
8471215,Evgeni Malkin,C,PIT,-69,22,dz_faceoff_win
8471215,Evgeni Malkin,C,PIT,-69,23,dz_faceoff_win
8471215,Evgeni Malkin,C,PIT,-69,22,dz_faceoff_win
8471215,Evgeni Malkin,C,PIT,99,4,hit_taken
8471215,Evgeni Malkin,C,PIT,-12,30,hit_taken
8471215,Evgeni Malkin,C,PIT,44,-38,hit_taken
8471215,Evgeni Malkin,C,PIT,-23,-40,hit_taken
8471215,Evgeni Malkin,C,PIT,49,-38,hit_taken
8471215,Evgeni Malkin,C,PIT,34,38,hit_taken
8471215,Evgeni Malkin,C,PIT,91,-36,hit_taken
8471215,Evgeni Malkin,C,PIT,-84,40,hit_taken
8471215,Evgeni Malkin,C,PIT,98,-29,hit_taken
8471215,Evgeni Malkin,C,PIT,76,37,hit_taken
8471215,Evgeni Malkin,C,PIT,-83,-40,hit_taken
8471215,Evgeni Malkin,C,PIT,-82,40,hit_taken
8471215,Evgeni Malkin,C,PIT,-98,18,hit_taken
8471215,Evgeni Malkin,C,PIT,-16,-40,hit_taken
8471215,Evgeni Malkin,C,PIT,-37,-8,hit_taken
8471215,Evgeni Malkin,C,PIT,-34,36,hit_taken
8471215,Evgeni Malkin,C,PIT,-76,-35,hit_taken
8471215,Evgeni Malkin,C,PIT,97,-28,hit_taken
8471215,Evgeni Malkin,C,PIT,-18,-40,hit_taken
8471215,Evgeni Malkin,C,PIT,72,-41,hit_taken
8471215,Evgeni Malkin,C,PIT,37,-40,hit_taken
8471215,Evgeni Malkin,C,PIT,-81,40,hit_taken
8471215,Evgeni Malkin,C,PIT,39,-39,hit_taken
8471215,Evgeni Malkin,C,PIT,-93,-18,hit_taken
8471215,Evgeni Malkin,C,PIT,-90,36,hit_taken
8471215,Evgeni Malkin,C,PIT,-96,20,hit_taken
8471215,Evgeni Malkin,C,PIT,-31,41,hit_taken
8471215,Evgeni Malkin,C,PIT,-97,25,hit_taken
8471215,Evgeni Malkin,C,PIT,46,37,hit_taken
8471215,Evgeni Malkin,C,PIT,81,-40,hit_taken
8471215,Evgeni Malkin,C,PIT,-98,2,hit_taken
8471215,Evgeni Malkin,C,PIT,-94,37,hit_taken
8471215,Evgeni Malkin,C,PIT,97,9,hit_taken
8471215,Evgeni Malkin,C,PIT,-5,-39,hit_taken
8471215,Evgeni Malkin,C,PIT,97,-28,hit_taken
8471215,Evgeni Malkin,C,PIT,-73,40,hit_taken
8471215,Evgeni Malkin,C,PIT,-97,11,hit_taken
8471215,Evgeni Malkin,C,PIT,-98,25,hit_taken
8471215,Evgeni Malkin,C,PIT,-81,35,hit_taken
8471215,Evgeni Malkin,C,PIT,31,-39,hit_taken
8471215,Evgeni Malkin,C,PIT,66,-39,hit_taken
8471215,Evgeni Malkin,C,PIT,37,-40,hit_taken
8471215,Evgeni Malkin,C,PIT,-84,-40,hit_taken
8471215,Evgeni Malkin,C,PIT,69,39,hit_taken
8471215,Evgeni Malkin,C,PIT,-5,1,hit_taken
8471215,Evgeni Malkin,C,PIT,-17,-40,hit_taken
8471215,Evgeni Malkin,C,PIT,-87,-36,hit_taken
8471215,Evgeni Malkin,C,PIT,93,-8,hit_taken
8471215,Evgeni Malkin,C,PIT,93,-27,hit_taken
8471215,Evgeni Malkin,C,PIT,16,-33,hit_taken
8471215,Evgeni Malkin,C,PIT,67,40,hit_taken
8471215,Evgeni Malkin,C,PIT,-86,40,hit_taken
8471215,Evgeni Malkin,C,PIT,-34,-34,hit_taken
8471215,Evgeni Malkin,C,PIT,88,42,hit_thrown
8471215,Evgeni Malkin,C,PIT,-66,41,hit_thrown
8471215,Evgeni Malkin,C,PIT,62,40,hit_thrown
8471215,Evgeni Malkin,C,PIT,18,-39,hit_thrown
8471215,Evgeni Malkin,C,PIT,38,-38,hit_thrown
8471215,Evgeni Malkin,C,PIT,97,34,hit_thrown
8471215,Evgeni Malkin,C,PIT,-95,27,hit_thrown
8471215,Evgeni Malkin,C,PIT,-41,-39,hit_thrown
8471215,Evgeni Malkin,C,PIT,-72,41,hit_thrown
8471215,Evgeni Malkin,C,PIT,-39,-30,hit_thrown
8471215,Evgeni Malkin,C,PIT,-97,18,hit_thrown
8471215,Evgeni Malkin,C,PIT,-97,26,hit_thrown
8471215,Evgeni Malkin,C,PIT,-96,4,hit_thrown
8471215,Evgeni Malkin,C,PIT,-54,6,hit_thrown
8471215,Evgeni Malkin,C,PIT,-98,-24,hit_thrown
8471215,Evgeni Malkin,C,PIT,44,-39,hit_thrown
8471215,Evgeni Malkin,C,PIT,-82,-39,hit_thrown
8471215,Evgeni Malkin,C,PIT,-32,-38,hit_thrown
8471215,Evgeni Malkin,C,PIT,95,-27,hit_thrown
8471215,Evgeni Malkin,C,PIT,-95,36,hit_thrown
8471215,Evgeni Malkin,C,PIT,-61,38,hit_thrown
8471215,Evgeni Malkin,C,PIT,84,-40,hit_thrown
8471215,Evgeni Malkin,C,PIT,-2,-40,hit_thrown
8471215,Evgeni Malkin,C,PIT,36,-20,hit_thrown
8471215,Evgeni Malkin,C,PIT,-84,-38,hit_thrown
8471215,Evgeni Malkin,C,PIT,-32,-36,hit_thrown
8471215,Evgeni Malkin,C,PIT,-99,8,hit_thrown
8471215,Evgeni Malkin,C,PIT,21,-27,hit_thrown
8471215,Evgeni Malkin,C,PIT,-96,17,hit_thrown
8471215,Evgeni Malkin,C,PIT,-68,41,hit_thrown
8471215,Evgeni Malkin,C,PIT,-72,40,hit_thrown
8471215,Evgeni Malkin,C,PIT,-96,6,takeaway_hd
8471215,Evgeni Malkin,C,PIT,-91,-10,takeaway_hd
8471215,Evgeni Malkin,C,PIT,-77,9,takeaway_hd
8471215,Evgeni Malkin,C,PIT,96,-6,takeaway_hd
8471215,Evgeni Malkin,C,PIT,-94,8,takeaway_hd
8471215,Evgeni Malkin,C,PIT,65,-15,takeaway_other
8471215,Evgeni Malkin,C,PIT,34,36,takeaway_other
8471215,Evgeni Malkin,C,PIT,-33,-30,takeaway_other
8471215,Evgeni Malkin,C,PIT,-40,-33,takeaway_other
8471215,Evgeni Malkin,C,PIT,-32,36,takeaway_other
8471215,Evgeni Malkin,C,PIT,-29,-33,takeaway_other
8471215,Evgeni Malkin,C,PIT,-50,4,takeaway_other
8471215,Evgeni Malkin,C,PIT,32,36,takeaway_other
8471215,Evgeni Malkin,C,PIT,-51,-37,takeaway_other
8471215,Evgeni Malkin,C,PIT,65,39,takeaway_other
8471215,Evgeni Malkin,C,PIT,57,39,takeaway_other
8471215,Evgeni Malkin,C,PIT,-39,-39,takeaway_other
8471215,Evgeni Malkin,C,PIT,45,38,takeaway_other
8471226,Drew Stafford,R,BOS,-59,-3,block_non_hd
8471226,Drew Stafford,R,BOS,43,-24,block_non_hd
8471226,Drew Stafford,R,BOS,92,38,hit_taken
8471226,Drew Stafford,R,BOS,90,40,hit_taken
8471226,Drew Stafford,R,BOS,-31,30,hit_taken
8471226,Drew Stafford,R,BOS,95,-21,hit_taken
8471226,Drew Stafford,R,BOS,90,33,hit_taken
8471226,Drew Stafford,R,BOS,52,-35,hit_taken
8471226,Drew Stafford,R,BOS,-97,-24,hit_thrown
8471226,Drew Stafford,R,BOS,95,36,hit_thrown
8471226,Drew Stafford,R,BOS,-94,-6,hit_thrown
8471226,Drew Stafford,R,BOS,94,24,hit_thrown
8471226,Drew Stafford,R,BOS,-37,39,hit_thrown
8471226,Drew Stafford,R,BOS,19,-38,hit_thrown
8471226,Drew Stafford,R,BOS,97,14,hit_thrown
8471228,Alexander Radulov,R,MTL,-45,-25,block_non_hd
8471228,Alexander Radulov,R,MTL,-63,-14,block_non_hd
8471228,Alexander Radulov,R,MTL,-47,2,block_non_hd
8471228,Alexander Radulov,R,MTL,-56,-5,block_non_hd
8471228,Alexander Radulov,R,MTL,78,-2,crease_goal
8471228,Alexander Radulov,R,MTL,81,-39,hit_taken
8471228,Alexander Radulov,R,MTL,35,-38,hit_taken
8471228,Alexander Radulov,R,MTL,-97,-6,hit_taken
8471228,Alexander Radulov,R,MTL,-97,-8,hit_taken
8471228,Alexander Radulov,R,MTL,95,29,hit_taken
8471228,Alexander Radulov,R,MTL,82,-39,hit_taken
8471228,Alexander Radulov,R,MTL,68,32,hit_taken
8471228,Alexander Radulov,R,MTL,-15,-38,hit_taken
8471228,Alexander Radulov,R,MTL,83,-26,hit_taken
8471228,Alexander Radulov,R,MTL,62,-40,hit_taken
8471228,Alexander Radulov,R,MTL,61,-40,hit_taken
8471228,Alexander Radulov,R,MTL,96,8,hit_taken
8471228,Alexander Radulov,R,MTL,83,-39,hit_taken
8471228,Alexander Radulov,R,MTL,93,35,hit_taken
8471228,Alexander Radulov,R,MTL,-86,40,hit_thrown
8471228,Alexander Radulov,R,MTL,-40,39,hit_thrown
8471228,Alexander Radulov,R,MTL,-43,-33,hit_thrown
8471228,Alexander Radulov,R,MTL,93,35,hit_thrown
8471228,Alexander Radulov,R,MTL,49,42,hit_thrown
8471228,Alexander Radulov,R,MTL,66,40,hit_thrown
8471228,Alexander Radulov,R,MTL,-84,33,hit_thrown
8471228,Alexander Radulov,R,MTL,-95,19,hit_thrown
8471228,Alexander Radulov,R,MTL,-96,-11,hit_thrown
8471228,Alexander Radulov,R,MTL,15,-41,hit_thrown
8471228,Alexander Radulov,R,MTL,68,40,hit_thrown
8471228,Alexander Radulov,R,MTL,-65,39,hit_thrown
8471228,Alexander Radulov,R,MTL,13,40,hit_thrown
8471228,Alexander Radulov,R,MTL,96,-18,hit_thrown
8471228,Alexander Radulov,R,MTL,-43,40,hit_thrown
8471228,Alexander Radulov,R,MTL,-42,40,hit_thrown
8471228,Alexander Radulov,R,MTL,-68,40,hit_thrown
8471228,Alexander Radulov,R,MTL,94,34,hit_thrown
8471228,Alexander Radulov,R,MTL,-79,38,hit_thrown
8471228,Alexander Radulov,R,MTL,65,-32,takeaway_other
8471228,Alexander Radulov,R,MTL,78,25,takeaway_other
8471228,Alexander Radulov,R,MTL,-17,40,takeaway_other
8471228,Alexander Radulov,R,MTL,-53,26,takeaway_other
8471273,Brandon Dubinsky,C,CBJ,84,-2,block_hd
8471273,Brandon Dubinsky,C,CBJ,-35,-20,block_non_hd
8471273,Brandon Dubinsky,C,CBJ,-69,-22,dz_faceoff_win
8471273,Brandon Dubinsky,C,CBJ,-69,-22,dz_faceoff_win
8471273,Brandon Dubinsky,C,CBJ,-69,22,dz_faceoff_win
8471273,Brandon Dubinsky,C,CBJ,-69,-22,dz_faceoff_win
8471273,Brandon Dubinsky,C,CBJ,69,-22,dz_faceoff_win
8471273,Brandon Dubinsky,C,CBJ,69,-22,dz_faceoff_win
8471273,Brandon Dubinsky,C,CBJ,-69,39,dz_faceoff_win
8471273,Brandon Dubinsky,C,CBJ,70,-37,dz_faceoff_win
8471273,Brandon Dubinsky,C,CBJ,69,-39,dz_faceoff_win
8471273,Brandon Dubinsky,C,CBJ,-68,40,dz_faceoff_win
8471273,Brandon Dubinsky,C,CBJ,-69,-40,dz_faceoff_win
8471273,Brandon Dubinsky,C,CBJ,-69,-37,dz_faceoff_win
8471273,Brandon Dubinsky,C,CBJ,69,-37,dz_faceoff_win
8471273,Brandon Dubinsky,C,CBJ,-68,-39,dz_faceoff_win
8471273,Brandon Dubinsky,C,CBJ,69,40,dz_faceoff_win
8471273,Brandon Dubinsky,C,CBJ,-58,-42,hit_taken
8471273,Brandon Dubinsky,C,CBJ,-66,41,hit_taken
8471273,Brandon Dubinsky,C,CBJ,-97,25,hit_taken
8471273,Brandon Dubinsky,C,CBJ,-92,36,hit_taken
8471273,Brandon Dubinsky,C,CBJ,39,33,hit_taken
8471273,Brandon Dubinsky,C,CBJ,97,5,hit_taken
8471273,Brandon Dubinsky,C,CBJ,97,-20,hit_taken
8471273,Brandon Dubinsky,C,CBJ,-80,-41,hit_taken
8471273,Brandon Dubinsky,C,CBJ,-68,38,hit_taken
8471273,Brandon Dubinsky,C,CBJ,-91,-36,hit_thrown
8471273,Brandon Dubinsky,C,CBJ,97,5,hit_thrown
8471273,Brandon Dubinsky,C,CBJ,-97,-25,hit_thrown
8471273,Brandon Dubinsky,C,CBJ,-70,40,hit_thrown
8471273,Brandon Dubinsky,C,CBJ,-85,39,hit_thrown
8471273,Brandon Dubinsky,C,CBJ,-96,-24,hit_thrown
8471273,Brandon Dubinsky,C,CBJ,-97,24,hit_thrown
8471273,Brandon Dubinsky,C,CBJ,97,-8,hit_thrown
8471273,Brandon Dubinsky,C,CBJ,-53,-38,hit_thrown
8471273,Brandon Dubinsky,C,CBJ,-59,41,hit_thrown
8471273,Brandon Dubinsky,C,CBJ,96,-34,hit_thrown
8471273,Brandon Dubinsky,C,CBJ,-68,37,hit_thrown
8471273,Brandon Dubinsky,C,CBJ,-64,-39,hit_thrown
8471273,Brandon Dubinsky,C,CBJ,-78,39,hit_thrown
8471273,Brandon Dubinsky,C,CBJ,75,38,hit_thrown
8471273,Brandon Dubinsky,C,CBJ,-95,-10,hit_thrown
8471273,Brandon Dubinsky,C,CBJ,-84,40,hit_thrown
8471273,Brandon Dubinsky,C,CBJ,-95,24,hit_thrown
8471273,Brandon Dubinsky,C,CBJ,-83,39,hit_thrown
8471273,Brandon Dubinsky,C,CBJ,76,37,hit_thrown
8471273,Brandon Dubinsky,C,CBJ,-81,12,hit_thrown
8471273,Brandon Dubinsky,C,CBJ,-83,-40,hit_thrown
8471273,Brandon Dubinsky,C,CBJ,95,32,hit_thrown
8471273,Brandon Dubinsky,C,CBJ,70,-41,hit_thrown
8471273,Brandon Dubinsky,C,CBJ,45,39,hit_thrown
8471273,Brandon Dubinsky,C,CBJ,88,-40,hit_thrown
8471273,Brandon Dubinsky,C,CBJ,93,-38,hit_thrown
8471273,Brandon Dubinsky,C,CBJ,-94,-35,hit_thrown
8471273,Brandon Dubinsky,C,CBJ,-80,41,hit_thrown
8471273,Brandon Dubinsky,C,CBJ,-52,37,takeaway_other
8471273,Brandon Dubinsky,C,CBJ,-72,-39,takeaway_other
8471276,David Krejci,C,BOS,67,-12,block_non_hd
8471276,David Krejci,C,BOS,-66,21,dz_faceoff_win
8471276,David Krejci,C,BOS,-69,-21,dz_faceoff_win
8471276,David Krejci,C,BOS,-69,24,dz_faceoff_win
8471276,David Krejci,C,BOS,19,36,hit_taken
8471276,David Krejci,C,BOS,-57,-25,hit_taken
8471276,David Krejci,C,BOS,35,35,hit_taken
8471276,David Krejci,C,BOS,-61,29,hit_taken
8471276,David Krejci,C,BOS,98,-18,hit_taken
8471276,David Krejci,C,BOS,31,-33,hit_taken
8471276,David Krejci,C,BOS,10,-22,hit_taken
8471276,David Krejci,C,BOS,15,-33,hit_thrown
8471276,David Krejci,C,BOS,19,33,hit_thrown
8471276,David Krejci,C,BOS,-67,36,takeaway_other
8471276,David Krejci,C,BOS,12,-7,takeaway_other
8471276,David Krejci,C,BOS,64,36,takeaway_other
8471276,David Krejci,C,BOS,-24,-33,takeaway_other
8471284,Andrej Sekera,D,EDM,-73,11,block_hd
8471284,Andrej Sekera,D,EDM,-71,3,block_hd
8471284,Andrej Sekera,D,EDM,76,-14,block_hd
8471284,Andrej Sekera,D,EDM,-76,5,block_hd
8471284,Andrej Sekera,D,EDM,-72,-14,block_hd
8471284,Andrej Sekera,D,EDM,-79,12,block_hd
8471284,Andrej Sekera,D,EDM,-79,1,block_hd
8471284,Andrej Sekera,D,EDM,81,-11,block_hd
8471284,Andrej Sekera,D,EDM,-75,-6,block_hd
8471284,Andrej Sekera,D,EDM,-71,9,block_hd
8471284,Andrej Sekera,D,EDM,83,-15,block_hd
8471284,Andrej Sekera,D,EDM,-73,2,block_hd
8471284,Andrej Sekera,D,EDM,72,14,block_hd
8471284,Andrej Sekera,D,EDM,73,-4,block_hd
8471284,Andrej Sekera,D,EDM,-71,0,block_hd
8471284,Andrej Sekera,D,EDM,-72,-3,block_hd
8471284,Andrej Sekera,D,EDM,-73,12,block_hd
8471284,Andrej Sekera,D,EDM,-46,20,block_non_hd
8471284,Andrej Sekera,D,EDM,-68,-8,block_non_hd
8471284,Andrej Sekera,D,EDM,68,3,block_non_hd
8471284,Andrej Sekera,D,EDM,66,-10,block_non_hd
8471284,Andrej Sekera,D,EDM,68,6,block_non_hd
8471284,Andrej Sekera,D,EDM,-95,-5,hit_taken
8471284,Andrej Sekera,D,EDM,29,35,hit_taken
8471284,Andrej Sekera,D,EDM,26,38,hit_taken
8471284,Andrej Sekera,D,EDM,-93,-14,hit_taken
8471284,Andrej Sekera,D,EDM,-97,23,hit_taken
8471284,Andrej Sekera,D,EDM,93,38,hit_taken
8471284,Andrej Sekera,D,EDM,-98,28,hit_taken
8471284,Andrej Sekera,D,EDM,73,40,hit_taken
8471284,Andrej Sekera,D,EDM,-63,-27,hit_taken
8471284,Andrej Sekera,D,EDM,-84,37,hit_taken
8471284,Andrej Sekera,D,EDM,96,-30,hit_taken
8471284,Andrej Sekera,D,EDM,82,42,hit_taken
8471284,Andrej Sekera,D,EDM,96,38,hit_taken
8471284,Andrej Sekera,D,EDM,-2,-19,hit_taken
8471284,Andrej Sekera,D,EDM,97,-23,hit_taken
8471284,Andrej Sekera,D,EDM,-5,-40,hit_taken
8471284,Andrej Sekera,D,EDM,98,-19,hit_taken
8471284,Andrej Sekera,D,EDM,13,-40,hit_taken
8471284,Andrej Sekera,D,EDM,54,39,hit_taken
8471284,Andrej Sekera,D,EDM,49,29,hit_taken
8471284,Andrej Sekera,D,EDM,87,-4,hit_taken
8471284,Andrej Sekera,D,EDM,94,-38,hit_taken
8471284,Andrej Sekera,D,EDM,99,-27,hit_taken
8471284,Andrej Sekera,D,EDM,96,-36,hit_taken
8471284,Andrej Sekera,D,EDM,-94,35,hit_taken
8471284,Andrej Sekera,D,EDM,74,38,hit_taken
8471284,Andrej Sekera,D,EDM,-69,37,hit_taken
8471284,Andrej Sekera,D,EDM,-95,22,hit_taken
8471284,Andrej Sekera,D,EDM,-94,30,hit_taken
8471284,Andrej Sekera,D,EDM,-21,-37,hit_taken
8471284,Andrej Sekera,D,EDM,91,36,hit_taken
8471284,Andrej Sekera,D,EDM,-2,-39,hit_taken
8471284,Andrej Sekera,D,EDM,73,37,hit_thrown
8471284,Andrej Sekera,D,EDM,-82,41,hit_thrown
8471284,Andrej Sekera,D,EDM,-32,-39,hit_thrown
8471284,Andrej Sekera,D,EDM,-97,24,hit_thrown
8471284,Andrej Sekera,D,EDM,23,-40,hit_thrown
8471284,Andrej Sekera,D,EDM,97,0,hit_thrown
8471284,Andrej Sekera,D,EDM,97,5,hit_thrown
8471284,Andrej Sekera,D,EDM,-97,27,hit_thrown
8471284,Andrej Sekera,D,EDM,7,40,hit_thrown
8471284,Andrej Sekera,D,EDM,-93,-20,hit_thrown
8471284,Andrej Sekera,D,EDM,-96,27,hit_thrown
8471284,Andrej Sekera,D,EDM,56,-39,hit_thrown
8471284,Andrej Sekera,D,EDM,90,-40,hit_thrown
8471284,Andrej Sekera,D,EDM,93,-10,takeaway_hd
8471284,Andrej Sekera,D,EDM,-97,-8,takeaway_hd
8471284,Andrej Sekera,D,EDM,-24,40,takeaway_other
8471284,Andrej Sekera,D,EDM,85,-23,takeaway_other
8471284,Andrej Sekera,D,EDM,58,-21,takeaway_other
8471284,Andrej Sekera,D,EDM,-43,37,takeaway_other
8471296,Alexei Emelin,D,MTL,-71,2,block_hd
8471296,Alexei Emelin,D,MTL,-74,3,block_hd
8471296,Alexei Emelin,D,MTL,-78,-7,block_hd
8471296,Alexei Emelin,D,MTL,76,-1,block_hd
8471296,Alexei Emelin,D,MTL,88,41,hit_taken
8471296,Alexei Emelin,D,MTL,-78,-8,hit_taken
8471296,Alexei Emelin,D,MTL,-16,-39,hit_taken
8471296,Alexei Emelin,D,MTL,97,-14,hit_taken
8471296,Alexei Emelin,D,MTL,-88,39,hit_taken
8471296,Alexei Emelin,D,MTL,76,-40,hit_taken
8471296,Alexei Emelin,D,MTL,-3,-2,hit_thrown
8471296,Alexei Emelin,D,MTL,97,-8,hit_thrown
8471296,Alexei Emelin,D,MTL,84,39,hit_thrown
8471296,Alexei Emelin,D,MTL,-91,-40,hit_thrown
8471296,Alexei Emelin,D,MTL,-64,-39,hit_thrown
8471296,Alexei Emelin,D,MTL,71,33,hit_thrown
8471296,Alexei Emelin,D,MTL,85,-37,hit_thrown
8471296,Alexei Emelin,D,MTL,-94,32,hit_thrown
8471338,Torrey Mitchell,C,MTL,-68,-23,dz_faceoff_win
8471338,Torrey Mitchell,C,MTL,70,21,dz_faceoff_win
8471338,Torrey Mitchell,C,MTL,-68,-22,dz_faceoff_win
8471338,Torrey Mitchell,C,MTL,-69,-23,dz_faceoff_win
8471338,Torrey Mitchell,C,MTL,-27,-25,hit_taken
8471338,Torrey Mitchell,C,MTL,-91,-37,hit_taken
8471338,Torrey Mitchell,C,MTL,2,37,hit_taken
8471338,Torrey Mitchell,C,MTL,-42,-38,hit_taken
8471338,Torrey Mitchell,C,MTL,97,-14,hit_taken
8471338,Torrey Mitchell,C,MTL,45,-38,hit_thrown
8471338,Torrey Mitchell,C,MTL,98,-22,hit_thrown
8471338,Torrey Mitchell,C,MTL,-63,-37,hit_thrown
8471338,Torrey Mitchell,C,MTL,4,36,hit_thrown
8471338,Torrey Mitchell,C,MTL,-32,7,takeaway_other
8471346,Kris Versteeg,R,CGY,40,-19,block_non_hd
8471346,Kris Versteeg,R,CGY,-64,12,block_non_hd
8471346,Kris Versteeg,R,CGY,-33,28,block_non_hd
8471346,Kris Versteeg,R,CGY,83,-8,crease_goal
8471346,Kris Versteeg,R,CGY,43,-38,hit_taken
8471346,Kris Versteeg,R,CGY,-87,-40,hit_taken
8471346,Kris Versteeg,R,CGY,-38,-38,hit_taken
8471346,Kris Versteeg,R,CGY,97,16,hit_taken
8471346,Kris Versteeg,R,CGY,-60,39,hit_taken
8471346,Kris Versteeg,R,CGY,-35,-24,hit_taken
8471346,Kris Versteeg,R,CGY,-3,-39,hit_taken
8471392,Roman Polak,D,TOR,-79,6,block_hd
8471392,Roman Polak,D,TOR,84,-15,block_hd
8471392,Roman Polak,D,TOR,-81,4,block_hd
8471392,Roman Polak,D,TOR,-69,2,block_non_hd
8471392,Roman Polak,D,TOR,-68,-34,hit_taken
8471392,Roman Polak,D,TOR,-96,18,hit_taken
8471392,Roman Polak,D,TOR,-96,11,hit_taken
8471392,Roman Polak,D,TOR,-95,9,hit_taken
8471392,Roman Polak,D,TOR,3,-38,hit_taken
8471392,Roman Polak,D,TOR,-38,35,hit_taken
8471392,Roman Polak,D,TOR,-4,-26,hit_thrown
8471392,Roman Polak,D,TOR,94,29,hit_thrown
8471392,Roman Polak,D,TOR,-96,32,hit_thrown
8471392,Roman Polak,D,TOR,-96,-11,hit_thrown
8471392,Roman Polak,D,TOR,-79,39,hit_thrown
8471392,Roman Polak,D,TOR,29,35,hit_thrown
8471392,Roman Polak,D,TOR,-94,-3,hit_thrown
8471392,Roman Polak,D,TOR,-98,16,hit_thrown
8471392,Roman Polak,D,TOR,99,-3,hit_thrown
8471426,Troy Brouwer,R,CGY,55,-20,block_non_hd
8471426,Troy Brouwer,R,CGY,-46,-12,block_non_hd
8471426,Troy Brouwer,R,CGY,56,21,block_non_hd
8471426,Troy Brouwer,R,CGY,70,20,dz_faceoff_win
8471426,Troy Brouwer,R,CGY,68,22,dz_faceoff_win
8471426,Troy Brouwer,R,CGY,81,35,dz_faceoff_win
8471426,Troy Brouwer,R,CGY,-83,-34,dz_faceoff_win
8471426,Troy Brouwer,R,CGY,-36,41,hit_taken
8471426,Troy Brouwer,R,CGY,-97,-27,hit_thrown
8471426,Troy Brouwer,R,CGY,96,1,hit_thrown
8471426,Troy Brouwer,R,CGY,55,-33,hit_thrown
8471426,Troy Brouwer,R,CGY,91,-32,hit_thrown
8471426,Troy Brouwer,R,CGY,99,-7,hit_thrown
8471426,Troy Brouwer,R,CGY,19,15,hit_thrown
8471426,Troy Brouwer,R,CGY,-97,-9,hit_thrown
8471426,Troy Brouwer,R,CGY,-97,18,hit_thrown
8471436,Matt Hunwick,D,TOR,-71,11,block_hd
8471436,Matt Hunwick,D,TOR,-71,4,block_hd
8471436,Matt Hunwick,D,TOR,76,-6,block_hd
8471436,Matt Hunwick,D,TOR,75,-18,block_hd
8471436,Matt Hunwick,D,TOR,70,0,block_hd
8471436,Matt Hunwick,D,TOR,-73,-12,block_hd
8471436,Matt Hunwick,D,TOR,-63,3,block_non_hd
8471436,Matt Hunwick,D,TOR,-69,4,block_non_hd
8471436,Matt Hunwick,D,TOR,75,23,block_non_hd
8471436,Matt Hunwick,D,TOR,-63,18,block_non_hd
8471436,Matt Hunwick,D,TOR,-66,29,block_non_hd
8471436,Matt Hunwick,D,TOR,-66,32,block_non_hd
8471436,Matt Hunwick,D,TOR,46,10,block_non_hd
8471436,Matt Hunwick,D,TOR,54,12,block_non_hd
8471436,Matt Hunwick,D,TOR,-90,28,hit_taken
8471436,Matt Hunwick,D,TOR,-56,36,hit_taken
8471436,Matt Hunwick,D,TOR,52,37,hit_taken
8471436,Matt Hunwick,D,TOR,-60,-35,hit_taken
8471436,Matt Hunwick,D,TOR,-67,42,hit_taken
8471436,Matt Hunwick,D,TOR,85,-35,hit_taken
8471436,Matt Hunwick,D,TOR,94,-26,hit_taken
8471436,Matt Hunwick,D,TOR,-94,31,hit_taken
8471436,Matt Hunwick,D,TOR,-92,-8,hit_taken
8471436,Matt Hunwick,D,TOR,-95,20,hit_taken
8471436,Matt Hunwick,D,TOR,96,-12,hit_taken
8471436,Matt Hunwick,D,TOR,97,9,hit_taken
8471436,Matt Hunwick,D,TOR,71,38,hit_taken
8471436,Matt Hunwick,D,TOR,-94,-3,hit_taken
8471436,Matt Hunwick,D,TOR,-88,37,hit_taken
8471436,Matt Hunwick,D,TOR,96,9,hit_taken
8471436,Matt Hunwick,D,TOR,-95,27,hit_taken
8471436,Matt Hunwick,D,TOR,-89,34,hit_taken
8471436,Matt Hunwick,D,TOR,88,-37,hit_taken
8471436,Matt Hunwick,D,TOR,96,-10,hit_taken
8471436,Matt Hunwick,D,TOR,89,-32,hit_taken
8471436,Matt Hunwick,D,TOR,98,19,hit_taken
8471436,Matt Hunwick,D,TOR,97,13,hit_taken
8471436,Matt Hunwick,D,TOR,-7,-27,hit_thrown
8471436,Matt Hunwick,D,TOR,-93,29,hit_thrown
8471436,Matt Hunwick,D,TOR,-49,-33,hit_thrown
8471436,Matt Hunwick,D,TOR,-72,-36,hit_thrown
8471436,Matt Hunwick,D,TOR,-64,36,hit_thrown
8471436,Matt Hunwick,D,TOR,-66,4,hit_thrown
8471436,Matt Hunwick,D,TOR,-93,18,hit_thrown
8471436,Matt Hunwick,D,TOR,93,-22,hit_thrown
8471436,Matt Hunwick,D,TOR,95,-23,hit_thrown
8471436,Matt Hunwick,D,TOR,32,-40,hit_thrown
8471436,Matt Hunwick,D,TOR,98,-12,hit_thrown
8471436,Matt Hunwick,D,TOR,96,-1,hit_thrown
8471436,Matt Hunwick,D,TOR,98,-28,hit_thrown
8471436,Matt Hunwick,D,TOR,95,-21,hit_thrown
8471436,Matt Hunwick,D,TOR,79,-3,takeaway_hd
8471436,Matt Hunwick,D,TOR,-86,-26,takeaway_other
8471436,Matt Hunwick,D,TOR,48,-16,takeaway_other
8471436,Matt Hunwick,D,TOR,64,4,takeaway_other
8471476,Daniel Winnik,L,WSH,-76,-11,block_hd
8471476,Daniel Winnik,L,WSH,81,-3,block_hd
8471476,Daniel Winnik,L,WSH,59,-29,block_non_hd
8471476,Daniel Winnik,L,WSH,-43,28,block_non_hd
8471476,Daniel Winnik,L,WSH,-46,29,block_non_hd
8471476,Daniel Winnik,L,WSH,46,-5,block_non_hd
8471476,Daniel Winnik,L,WSH,98,-12,hit_taken
8471476,Daniel Winnik,L,WSH,94,29,hit_taken
8471476,Daniel Winnik,L,WSH,-95,-34,hit_taken
8471476,Daniel Winnik,L,WSH,29,35,hit_taken
8471476,Daniel Winnik,L,WSH,-96,-17,hit_taken
8471476,Daniel Winnik,L,WSH,-38,38,hit_taken
8471476,Daniel Winnik,L,WSH,-85,37,hit_taken
8471476,Daniel Winnik,L,WSH,11,-37,hit_taken
8471476,Daniel Winnik,L,WSH,98,-8,hit_taken
8471476,Daniel Winnik,L,WSH,-43,-38,hit_taken
8471476,Daniel Winnik,L,WSH,-77,-36,hit_taken
8471476,Daniel Winnik,L,WSH,98,-12,hit_taken
8471476,Daniel Winnik,L,WSH,-39,39,hit_taken
8471476,Daniel Winnik,L,WSH,95,-21,hit_taken
8471476,Daniel Winnik,L,WSH,98,-28,hit_taken
8471476,Daniel Winnik,L,WSH,-14,-39,hit_taken
8471476,Daniel Winnik,L,WSH,-22,-40,hit_taken
8471476,Daniel Winnik,L,WSH,-97,-16,hit_taken
8471476,Daniel Winnik,L,WSH,-97,-5,hit_taken
8471476,Daniel Winnik,L,WSH,99,-10,hit_taken
8471476,Daniel Winnik,L,WSH,-93,36,hit_taken
8471476,Daniel Winnik,L,WSH,93,38,hit_taken
8471476,Daniel Winnik,L,WSH,-97,-10,hit_taken
8471476,Daniel Winnik,L,WSH,98,14,hit_taken
8471476,Daniel Winnik,L,WSH,96,36,hit_thrown
8471476,Daniel Winnik,L,WSH,88,-29,hit_thrown
8471476,Daniel Winnik,L,WSH,85,-35,hit_thrown
8471476,Daniel Winnik,L,WSH,-90,-36,hit_thrown
8471476,Daniel Winnik,L,WSH,32,-36,hit_thrown
8471476,Daniel Winnik,L,WSH,58,38,hit_thrown
8471476,Daniel Winnik,L,WSH,99,3,hit_thrown
8471476,Daniel Winnik,L,WSH,-90,36,hit_thrown
8471476,Daniel Winnik,L,WSH,-96,34,hit_thrown
8471476,Daniel Winnik,L,WSH,-94,-35,hit_thrown
8471476,Daniel Winnik,L,WSH,5,-42,hit_thrown
8471476,Daniel Winnik,L,WSH,63,-1,takeaway_other
8471476,Daniel Winnik,L,WSH,-61,6,takeaway_other
8471476,Daniel Winnik,L,WSH,-64,-28,takeaway_other
8471476,Daniel Winnik,L,WSH,39,-27,takeaway_other
8471476,Daniel Winnik,L,WSH,-37,39,takeaway_other
8471498,Jannik Hansen,R,SJS,-37,23,block_non_hd
8471498,Jannik Hansen,R,SJS,96,-16,hit_taken
8471498,Jannik Hansen,R,SJS,92,-34,hit_taken
8471498,Jannik Hansen,R,SJS,8,-38,hit_taken
8471498,Jannik Hansen,R,SJS,-52,-41,hit_taken
8471498,Jannik Hansen,R,SJS,4,40,hit_taken
8471498,Jannik Hansen,R,SJS,94,39,hit_taken
8471498,Jannik Hansen,R,SJS,-95,33,hit_taken
8471498,Jannik Hansen,R,SJS,-12,-40,hit_taken
8471498,Jannik Hansen,R,SJS,99,3,hit_taken
8471498,Jannik Hansen,R,SJS,8,-38,hit_thrown
8471498,Jannik Hansen,R,SJS,-78,38,hit_thrown
8471498,Jannik Hansen,R,SJS,-6,35,hit_thrown
8471498,Jannik Hansen,R,SJS,96,-31,hit_thrown
8471498,Jannik Hansen,R,SJS,75,-36,hit_thrown
8471498,Jannik Hansen,R,SJS,-85,36,hit_thrown
8471498,Jannik Hansen,R,SJS,-99,-18,hit_thrown
8471498,Jannik Hansen,R,SJS,-5,39,hit_thrown
8471498,Jannik Hansen,R,SJS,34,40,hit_thrown
8471498,Jannik Hansen,R,SJS,-77,40,hit_thrown
8471498,Jannik Hansen,R,SJS,-98,26,hit_thrown
8471498,Jannik Hansen,R,SJS,-96,5,hit_thrown
8471498,Jannik Hansen,R,SJS,-43,-36,hit_thrown
8471498,Jannik Hansen,R,SJS,43,-38,hit_thrown
8471498,Jannik Hansen,R,SJS,-92,15,takeaway_hd
8471498,Jannik Hansen,R,SJS,-95,-8,takeaway_hd
8471498,Jannik Hansen,R,SJS,-90,-31,takeaway_other
8471657,Cody McLeod,L,NSH,48,-2,block_non_hd
8471657,Cody McLeod,L,NSH,-86,3,crease_goal
8471657,Cody McLeod,L,NSH,-67,1,hit_taken
8471657,Cody McLeod,L,NSH,-96,8,hit_taken
8471657,Cody McLeod,L,NSH,-29,-41,hit_taken
8471657,Cody McLeod,L,NSH,41,-41,hit_taken
8471657,Cody McLeod,L,NSH,-34,-40,hit_taken
8471657,Cody McLeod,L,NSH,55,-38,hit_taken
8471657,Cody McLeod,L,NSH,96,7,hit_taken
8471657,Cody McLeod,L,NSH,97,-8,hit_taken
8471657,Cody McLeod,L,NSH,29,33,hit_taken
8471657,Cody McLeod,L,NSH,13,-40,hit_thrown
8471657,Cody McLeod,L,NSH,-60,40,hit_thrown
8471657,Cody McLeod,L,NSH,-94,-36,hit_thrown
8471657,Cody McLeod,L,NSH,84,40,hit_thrown
8471657,Cody McLeod,L,NSH,-26,-39,hit_thrown
8471657,Cody McLeod,L,NSH,86,40,hit_thrown
8471657,Cody McLeod,L,NSH,-92,-38,hit_thrown
8471657,Cody McLeod,L,NSH,98,9,hit_thrown
8471657,Cody McLeod,L,NSH,-64,-40,hit_thrown
8471657,Cody McLeod,L,NSH,-26,39,hit_thrown
8471657,Cody McLeod,L,NSH,76,41,hit_thrown
8471657,Cody McLeod,L,NSH,87,38,hit_thrown
8471657,Cody McLeod,L,NSH,87,38,hit_thrown
8471657,Cody McLeod,L,NSH,-57,-40,hit_thrown
8471657,Cody McLeod,L,NSH,-45,36,hit_thrown
8471657,Cody McLeod,L,NSH,14,-39,hit_thrown
8471657,Cody McLeod,L,NSH,9,-6,hit_thrown
8471657,Cody McLeod,L,NSH,-38,-36,hit_thrown
8471657,Cody McLeod,L,NSH,95,31,hit_thrown
8471657,Cody McLeod,L,NSH,-64,-42,hit_thrown
8471657,Cody McLeod,L,NSH,-98,20,hit_thrown
8471657,Cody McLeod,L,NSH,-3,40,hit_thrown
8471657,Cody McLeod,L,NSH,7,38,hit_thrown
8471657,Cody McLeod,L,NSH,-31,-38,hit_thrown
8471657,Cody McLeod,L,NSH,-85,-36,hit_thrown
8471657,Cody McLeod,L,NSH,99,-9,hit_thrown
8471657,Cody McLeod,L,NSH,-18,-8,hit_thrown
8471657,Cody McLeod,L,NSH,19,-40,hit_thrown
8471657,Cody McLeod,L,NSH,76,-38,hit_thrown
8471657,Cody McLeod,L,NSH,95,1,hit_thrown
8471657,Cody McLeod,L,NSH,31,40,hit_thrown
8471657,Cody McLeod,L,NSH,-96,1,hit_thrown
8471657,Cody McLeod,L,NSH,-33,38,hit_thrown
8471657,Cody McLeod,L,NSH,1,37,hit_thrown
8471657,Cody McLeod,L,NSH,12,-24,hit_thrown
8471657,Cody McLeod,L,NSH,17,-39,hit_thrown
8471657,Cody McLeod,L,NSH,38,39,hit_thrown
8471657,Cody McLeod,L,NSH,-97,31,hit_thrown
8471657,Cody McLeod,L,NSH,85,39,hit_thrown
8471657,Cody McLeod,L,NSH,-63,-38,hit_thrown
8471657,Cody McLeod,L,NSH,52,39,hit_thrown
8471657,Cody McLeod,L,NSH,49,39,hit_thrown
8471657,Cody McLeod,L,NSH,-98,3,hit_thrown
8471657,Cody McLeod,L,NSH,-40,-13,hit_thrown
8471657,Cody McLeod,L,NSH,-1,-40,hit_thrown
8471657,Cody McLeod,L,NSH,16,-41,hit_thrown
8471657,Cody McLeod,L,NSH,99,12,hit_thrown
8471657,Cody McLeod,L,NSH,49,42,hit_thrown
8471657,Cody McLeod,L,NSH,39,38,hit_thrown
8471657,Cody McLeod,L,NSH,-35,-39,hit_thrown
8471657,Cody McLeod,L,NSH,0,-38,hit_thrown
8471657,Cody McLeod,L,NSH,-1,-37,hit_thrown
8471669,Paul Stastny,C,STL,87,-7,crease_goal
8471669,Paul Stastny,C,STL,-87,1,crease_goal
8471669,Paul Stastny,C,STL,-83,35,dz_faceoff_win
8471669,Paul Stastny,C,STL,92,-30,dz_faceoff_win
8471669,Paul Stastny,C,STL,-83,35,dz_faceoff_win
8471669,Paul Stastny,C,STL,-86,31,dz_faceoff_win
8471669,Paul Stastny,C,STL,96,-30,dz_faceoff_win
8471669,Paul Stastny,C,STL,-68,-23,dz_faceoff_win
8471669,Paul Stastny,C,STL,69,-22,dz_faceoff_win
8471669,Paul Stastny,C,STL,-69,22,dz_faceoff_win
8471669,Paul Stastny,C,STL,-69,-22,dz_faceoff_win
8471669,Paul Stastny,C,STL,-69,22,dz_faceoff_win
8471669,Paul Stastny,C,STL,-69,-22,dz_faceoff_win
8471669,Paul Stastny,C,STL,-68,-21,dz_faceoff_win
8471669,Paul Stastny,C,STL,69,-23,dz_faceoff_win
8471669,Paul Stastny,C,STL,-69,-23,dz_faceoff_win
8471669,Paul Stastny,C,STL,71,-22,dz_faceoff_win
8471669,Paul Stastny,C,STL,-68,22,dz_faceoff_win
8471669,Paul Stastny,C,STL,69,-22,dz_faceoff_win
8471669,Paul Stastny,C,STL,-97,-23,hit_taken
8471669,Paul Stastny,C,STL,97,-32,hit_taken
8471669,Paul Stastny,C,STL,-84,38,hit_taken
8471669,Paul Stastny,C,STL,-58,-38,hit_taken
8471669,Paul Stastny,C,STL,67,41,hit_taken
8471669,Paul Stastny,C,STL,42,38,hit_thrown
8471669,Paul Stastny,C,STL,-57,-38,hit_thrown
8471669,Paul Stastny,C,STL,-93,-13,hit_thrown
8471669,Paul Stastny,C,STL,96,-28,hit_thrown
8471669,Paul Stastny,C,STL,-96,24,hit_thrown
8471669,Paul Stastny,C,STL,81,37,hit_thrown
8471669,Paul Stastny,C,STL,44,-28,takeaway_other
8471669,Paul Stastny,C,STL,79,-26,takeaway_other
8471675,Sidney Crosby,C,PIT,-81,-5,block_hd
8471675,Sidney Crosby,C,PIT,73,3,block_hd
8471675,Sidney Crosby,C,PIT,60,20,block_non_hd
8471675,Sidney Crosby,C,PIT,-71,-25,block_non_hd
8471675,Sidney Crosby,C,PIT,-49,5,block_non_hd
8471675,Sidney Crosby,C,PIT,62,12,block_non_hd
8471675,Sidney Crosby,C,PIT,51,-4,block_non_hd
8471675,Sidney Crosby,C,PIT,83,-7,crease_goal
8471675,Sidney Crosby,C,PIT,-82,7,crease_goal
8471675,Sidney Crosby,C,PIT,-80,-1,crease_goal
8471675,Sidney Crosby,C,PIT,88,-5,crease_goal
8471675,Sidney Crosby,C,PIT,84,-7,crease_goal
8471675,Sidney Crosby,C,PIT,-85,4,crease_goal
8471675,Sidney Crosby,C,PIT,-69,22,dz_faceoff_win
8471675,Sidney Crosby,C,PIT,69,23,dz_faceoff_win
8471675,Sidney Crosby,C,PIT,69,-22,dz_faceoff_win
8471675,Sidney Crosby,C,PIT,-69,22,dz_faceoff_win
8471675,Sidney Crosby,C,PIT,-69,-22,dz_faceoff_win
8471675,Sidney Crosby,C,PIT,68,39,dz_faceoff_win
8471675,Sidney Crosby,C,PIT,70,38,dz_faceoff_win
8471675,Sidney Crosby,C,PIT,-68,40,dz_faceoff_win
8471675,Sidney Crosby,C,PIT,-68,22,dz_faceoff_win
8471675,Sidney Crosby,C,PIT,-69,-22,dz_faceoff_win
8471675,Sidney Crosby,C,PIT,69,-23,dz_faceoff_win
8471675,Sidney Crosby,C,PIT,69,-23,dz_faceoff_win
8471675,Sidney Crosby,C,PIT,70,-23,dz_faceoff_win
8471675,Sidney Crosby,C,PIT,69,-22,dz_faceoff_win
8471675,Sidney Crosby,C,PIT,69,-22,dz_faceoff_win
8471675,Sidney Crosby,C,PIT,-69,-23,dz_faceoff_win
8471675,Sidney Crosby,C,PIT,69,-23,dz_faceoff_win
8471675,Sidney Crosby,C,PIT,-68,22,dz_faceoff_win
8471675,Sidney Crosby,C,PIT,-84,29,dz_faceoff_win
8471675,Sidney Crosby,C,PIT,-70,21,dz_faceoff_win
8471675,Sidney Crosby,C,PIT,70,-23,dz_faceoff_win
8471675,Sidney Crosby,C,PIT,-68,-22,dz_faceoff_win
8471675,Sidney Crosby,C,PIT,-69,-22,dz_faceoff_win
8471675,Sidney Crosby,C,PIT,-69,21,dz_faceoff_win
8471675,Sidney Crosby,C,PIT,-68,23,dz_faceoff_win
8471675,Sidney Crosby,C,PIT,-69,-22,dz_faceoff_win
8471675,Sidney Crosby,C,PIT,-69,-22,dz_faceoff_win
8471675,Sidney Crosby,C,PIT,-69,22,dz_faceoff_win
8471675,Sidney Crosby,C,PIT,-69,21,dz_faceoff_win
8471675,Sidney Crosby,C,PIT,-69,-22,dz_faceoff_win
8471675,Sidney Crosby,C,PIT,-69,-22,dz_faceoff_win
8471675,Sidney Crosby,C,PIT,69,-22,dz_faceoff_win
8471675,Sidney Crosby,C,PIT,69,-21,dz_faceoff_win
8471675,Sidney Crosby,C,PIT,-69,-21,dz_faceoff_win
8471675,Sidney Crosby,C,PIT,-69,22,dz_faceoff_win
8471675,Sidney Crosby,C,PIT,69,-22,dz_faceoff_win
8471675,Sidney Crosby,C,PIT,-69,22,dz_faceoff_win
8471675,Sidney Crosby,C,PIT,-69,22,dz_faceoff_win
8471675,Sidney Crosby,C,PIT,-69,-22,dz_faceoff_win
8471675,Sidney Crosby,C,PIT,69,22,dz_faceoff_win
8471675,Sidney Crosby,C,PIT,-69,22,dz_faceoff_win
8471675,Sidney Crosby,C,PIT,-69,22,dz_faceoff_win
8471675,Sidney Crosby,C,PIT,-69,22,dz_faceoff_win
8471675,Sidney Crosby,C,PIT,69,-22,dz_faceoff_win
8471675,Sidney Crosby,C,PIT,69,23,dz_faceoff_win
8471675,Sidney Crosby,C,PIT,69,22,dz_faceoff_win
8471675,Sidney Crosby,C,PIT,-69,22,dz_faceoff_win
8471675,Sidney Crosby,C,PIT,-69,22,dz_faceoff_win
8471675,Sidney Crosby,C,PIT,-68,22,dz_faceoff_win
8471675,Sidney Crosby,C,PIT,69,-22,dz_faceoff_win
8471675,Sidney Crosby,C,PIT,69,-22,dz_faceoff_win
8471675,Sidney Crosby,C,PIT,70,22,dz_faceoff_win
8471675,Sidney Crosby,C,PIT,-69,-21,dz_faceoff_win
8471675,Sidney Crosby,C,PIT,69,-23,dz_faceoff_win
8471675,Sidney Crosby,C,PIT,69,-22,dz_faceoff_win
8471675,Sidney Crosby,C,PIT,70,21,dz_faceoff_win
8471675,Sidney Crosby,C,PIT,-67,-23,dz_faceoff_win
8471675,Sidney Crosby,C,PIT,-67,-22,dz_faceoff_win
8471675,Sidney Crosby,C,PIT,-68,22,dz_faceoff_win
8471675,Sidney Crosby,C,PIT,70,-21,dz_faceoff_win
8471675,Sidney Crosby,C,PIT,79,29,dz_faceoff_win
8471675,Sidney Crosby,C,PIT,-5,27,hit_taken
8471675,Sidney Crosby,C,PIT,91,40,hit_taken
8471675,Sidney Crosby,C,PIT,-87,41,hit_taken
8471675,Sidney Crosby,C,PIT,-90,28,hit_taken
8471675,Sidney Crosby,C,PIT,-43,34,hit_taken
8471675,Sidney Crosby,C,PIT,-78,39,hit_taken
8471675,Sidney Crosby,C,PIT,-96,22,hit_taken
8471675,Sidney Crosby,C,PIT,-95,-16,hit_taken
8471675,Sidney Crosby,C,PIT,-95,24,hit_taken
8471675,Sidney Crosby,C,PIT,-83,39,hit_taken
8471675,Sidney Crosby,C,PIT,93,-28,hit_taken
8471675,Sidney Crosby,C,PIT,-92,36,hit_taken
8471675,Sidney Crosby,C,PIT,-78,37,hit_taken
8471675,Sidney Crosby,C,PIT,97,-12,hit_taken
8471675,Sidney Crosby,C,PIT,-91,20,hit_taken
8471675,Sidney Crosby,C,PIT,86,38,hit_taken
8471675,Sidney Crosby,C,PIT,98,-8,hit_taken
8471675,Sidney Crosby,C,PIT,98,24,hit_taken
8471675,Sidney Crosby,C,PIT,98,-10,hit_taken
8471675,Sidney Crosby,C,PIT,91,39,hit_taken
8471675,Sidney Crosby,C,PIT,27,39,hit_taken
8471675,Sidney Crosby,C,PIT,88,37,hit_taken
8471675,Sidney Crosby,C,PIT,97,32,hit_taken
8471675,Sidney Crosby,C,PIT,-23,-40,hit_taken
8471675,Sidney Crosby,C,PIT,-74,40,hit_taken
8471675,Sidney Crosby,C,PIT,-22,36,hit_taken
8471675,Sidney Crosby,C,PIT,96,-29,hit_taken
8471675,Sidney Crosby,C,PIT,45,-40,hit_taken
8471675,Sidney Crosby,C,PIT,23,10,hit_taken
8471675,Sidney Crosby,C,PIT,-14,36,hit_taken
8471675,Sidney Crosby,C,PIT,-13,37,hit_taken
8471675,Sidney Crosby,C,PIT,84,40,hit_taken
8471675,Sidney Crosby,C,PIT,71,1,hit_taken
8471675,Sidney Crosby,C,PIT,-68,41,hit_taken
8471675,Sidney Crosby,C,PIT,75,40,hit_taken
8471675,Sidney Crosby,C,PIT,-67,39,hit_taken
8471675,Sidney Crosby,C,PIT,-93,32,hit_taken
8471675,Sidney Crosby,C,PIT,-67,5,hit_taken
8471675,Sidney Crosby,C,PIT,1,40,hit_taken
8471675,Sidney Crosby,C,PIT,12,39,hit_taken
8471675,Sidney Crosby,C,PIT,-96,11,hit_thrown
8471675,Sidney Crosby,C,PIT,-33,-24,hit_thrown
8471675,Sidney Crosby,C,PIT,97,3,hit_thrown
8471675,Sidney Crosby,C,PIT,97,-18,hit_thrown
8471675,Sidney Crosby,C,PIT,-97,-3,hit_thrown
8471675,Sidney Crosby,C,PIT,-95,34,hit_thrown
8471675,Sidney Crosby,C,PIT,-34,-40,hit_thrown
8471675,Sidney Crosby,C,PIT,-2,3,hit_thrown
8471675,Sidney Crosby,C,PIT,4,39,hit_thrown
8471675,Sidney Crosby,C,PIT,-76,-38,hit_thrown
8471675,Sidney Crosby,C,PIT,98,-2,hit_thrown
8471675,Sidney Crosby,C,PIT,55,40,hit_thrown
8471675,Sidney Crosby,C,PIT,97,-23,hit_thrown
8471675,Sidney Crosby,C,PIT,-87,-40,hit_thrown
8471675,Sidney Crosby,C,PIT,-97,-24,hit_thrown
8471675,Sidney Crosby,C,PIT,-46,-40,hit_thrown
8471675,Sidney Crosby,C,PIT,92,-30,hit_thrown
8471675,Sidney Crosby,C,PIT,55,-38,hit_thrown
8471675,Sidney Crosby,C,PIT,-96,-13,hit_thrown
8471675,Sidney Crosby,C,PIT,30,-40,hit_thrown
8471675,Sidney Crosby,C,PIT,95,-7,hit_thrown
8471675,Sidney Crosby,C,PIT,-95,-35,hit_thrown
8471675,Sidney Crosby,C,PIT,5,-39,hit_thrown
8471675,Sidney Crosby,C,PIT,95,-20,hit_thrown
8471675,Sidney Crosby,C,PIT,-19,-39,hit_thrown
8471675,Sidney Crosby,C,PIT,42,39,hit_thrown
8471675,Sidney Crosby,C,PIT,29,37,hit_thrown
8471675,Sidney Crosby,C,PIT,-97,-10,takeaway_hd
8471675,Sidney Crosby,C,PIT,-95,4,takeaway_hd
8471675,Sidney Crosby,C,PIT,-94,13,takeaway_hd
8471675,Sidney Crosby,C,PIT,-94,12,takeaway_hd
8471675,Sidney Crosby,C,PIT,-98,-3,takeaway_hd
8471675,Sidney Crosby,C,PIT,-94,-3,takeaway_hd
8471675,Sidney Crosby,C,PIT,-37,36,takeaway_other
8471675,Sidney Crosby,C,PIT,97,22,takeaway_other
8471675,Sidney Crosby,C,PIT,49,10,takeaway_other
8471675,Sidney Crosby,C,PIT,57,23,takeaway_other
8471675,Sidney Crosby,C,PIT,32,27,takeaway_other
8471675,Sidney Crosby,C,PIT,10,12,takeaway_other
8471675,Sidney Crosby,C,PIT,-19,17,takeaway_other
8471675,Sidney Crosby,C,PIT,-96,-28,takeaway_other
8471675,Sidney Crosby,C,PIT,-61,41,takeaway_other
8471675,Sidney Crosby,C,PIT,-32,-37,takeaway_other
8471676,Bobby Ryan,R,OTT,72,-15,block_hd
8471676,Bobby Ryan,R,OTT,-71,1,block_hd
8471676,Bobby Ryan,R,OTT,-77,17,block_hd
8471676,Bobby Ryan,R,OTT,-54,-14,block_non_hd
8471676,Bobby Ryan,R,OTT,46,16,block_non_hd
8471676,Bobby Ryan,R,OTT,-64,4,block_non_hd
8471676,Bobby Ryan,R,OTT,-69,8,block_non_hd
8471676,Bobby Ryan,R,OTT,-44,24,block_non_hd
8471676,Bobby Ryan,R,OTT,57,-14,block_non_hd
8471676,Bobby Ryan,R,OTT,-65,22,block_non_hd
8471676,Bobby Ryan,R,OTT,43,1,block_non_hd
8471676,Bobby Ryan,R,OTT,-58,19,block_non_hd
8471676,Bobby Ryan,R,OTT,-61,-3,block_non_hd
8471676,Bobby Ryan,R,OTT,81,3,crease_goal
8471676,Bobby Ryan,R,OTT,-85,-5,crease_goal
8471676,Bobby Ryan,R,OTT,78,0,crease_goal
8471676,Bobby Ryan,R,OTT,-69,-23,dz_faceoff_win
8471676,Bobby Ryan,R,OTT,97,-8,hit_taken
8471676,Bobby Ryan,R,OTT,-80,38,hit_taken
8471676,Bobby Ryan,R,OTT,83,-36,hit_taken
8471676,Bobby Ryan,R,OTT,-82,-37,hit_taken
8471676,Bobby Ryan,R,OTT,-17,38,hit_taken
8471676,Bobby Ryan,R,OTT,34,39,hit_taken
8471676,Bobby Ryan,R,OTT,-96,10,hit_taken
8471676,Bobby Ryan,R,OTT,82,40,hit_taken
8471676,Bobby Ryan,R,OTT,-43,-40,hit_taken
8471676,Bobby Ryan,R,OTT,-36,-36,hit_taken
8471676,Bobby Ryan,R,OTT,95,31,hit_taken
8471676,Bobby Ryan,R,OTT,-34,-36,hit_taken
8471676,Bobby Ryan,R,OTT,-85,39,hit_taken
8471676,Bobby Ryan,R,OTT,-97,-1,hit_taken
8471676,Bobby Ryan,R,OTT,-81,38,hit_taken
8471676,Bobby Ryan,R,OTT,96,35,hit_taken
8471676,Bobby Ryan,R,OTT,-96,36,hit_taken
8471676,Bobby Ryan,R,OTT,-37,38,hit_taken
8471676,Bobby Ryan,R,OTT,41,-38,hit_taken
8471676,Bobby Ryan,R,OTT,94,35,hit_taken
8471676,Bobby Ryan,R,OTT,-19,-40,hit_taken
8471676,Bobby Ryan,R,OTT,-87,-38,hit_taken
8471676,Bobby Ryan,R,OTT,-14,40,hit_taken
8471676,Bobby Ryan,R,OTT,-22,-40,hit_taken
8471676,Bobby Ryan,R,OTT,-47,37,hit_taken
8471676,Bobby Ryan,R,OTT,97,-9,hit_taken
8471676,Bobby Ryan,R,OTT,-12,40,hit_taken
8471676,Bobby Ryan,R,OTT,86,-38,hit_taken
8471676,Bobby Ryan,R,OTT,-44,-37,hit_taken
8471676,Bobby Ryan,R,OTT,-76,-42,hit_taken
8471676,Bobby Ryan,R,OTT,-21,-29,hit_taken
8471676,Bobby Ryan,R,OTT,10,19,hit_taken
8471676,Bobby Ryan,R,OTT,26,-38,hit_taken
8471676,Bobby Ryan,R,OTT,11,-40,hit_taken
8471676,Bobby Ryan,R,OTT,99,-14,hit_thrown
8471676,Bobby Ryan,R,OTT,-93,25,hit_thrown
8471676,Bobby Ryan,R,OTT,-8,41,hit_thrown
8471676,Bobby Ryan,R,OTT,-35,-39,hit_thrown
8471676,Bobby Ryan,R,OTT,70,39,hit_thrown
8471676,Bobby Ryan,R,OTT,62,38,hit_thrown
8471676,Bobby Ryan,R,OTT,35,35,hit_thrown
8471676,Bobby Ryan,R,OTT,-81,35,hit_thrown
8471676,Bobby Ryan,R,OTT,32,-32,hit_thrown
8471676,Bobby Ryan,R,OTT,-28,-37,hit_thrown
8471676,Bobby Ryan,R,OTT,-64,-39,hit_thrown
8471676,Bobby Ryan,R,OTT,-31,-37,hit_thrown
8471676,Bobby Ryan,R,OTT,-5,38,hit_thrown
8471676,Bobby Ryan,R,OTT,81,36,hit_thrown
8471676,Bobby Ryan,R,OTT,46,-39,hit_thrown
8471676,Bobby Ryan,R,OTT,-71,-42,hit_thrown
8471676,Bobby Ryan,R,OTT,91,35,hit_thrown
8471676,Bobby Ryan,R,OTT,82,36,hit_thrown
8471676,Bobby Ryan,R,OTT,-5,31,hit_thrown
8471676,Bobby Ryan,R,OTT,96,-33,hit_thrown
8471676,Bobby Ryan,R,OTT,-95,-23,hit_thrown
8471676,Bobby Ryan,R,OTT,-94,-31,hit_thrown
8471676,Bobby Ryan,R,OTT,81,-39,hit_thrown
8471676,Bobby Ryan,R,OTT,-67,-39,hit_thrown
8471676,Bobby Ryan,R,OTT,98,0,hit_thrown
8471676,Bobby Ryan,R,OTT,-81,40,hit_thrown
8471676,Bobby Ryan,R,OTT,72,-19,hit_thrown
8471676,Bobby Ryan,R,OTT,97,10,hit_thrown
8471676,Bobby Ryan,R,OTT,-28,39,hit_thrown
8471676,Bobby Ryan,R,OTT,-98,2,hit_thrown
8471676,Bobby Ryan,R,OTT,99,-20,hit_thrown
8471676,Bobby Ryan,R,OTT,94,-12,hit_thrown
8471676,Bobby Ryan,R,OTT,-59,-37,hit_thrown
8471676,Bobby Ryan,R,OTT,96,34,hit_thrown
8471676,Bobby Ryan,R,OTT,27,-40,hit_thrown
8471676,Bobby Ryan,R,OTT,14,-34,hit_thrown
8471676,Bobby Ryan,R,OTT,93,-38,hit_thrown
8471676,Bobby Ryan,R,OTT,-96,31,hit_thrown
8471676,Bobby Ryan,R,OTT,97,3,hit_thrown
8471676,Bobby Ryan,R,OTT,-63,41,hit_thrown
8471676,Bobby Ryan,R,OTT,97,30,hit_thrown
8471676,Bobby Ryan,R,OTT,-67,41,hit_thrown
8471676,Bobby Ryan,R,OTT,54,39,hit_thrown
8471676,Bobby Ryan,R,OTT,72,39,hit_thrown
8471676,Bobby Ryan,R,OTT,72,-37,hit_thrown
8471676,Bobby Ryan,R,OTT,-96,-2,hit_thrown
8471676,Bobby Ryan,R,OTT,37,-40,hit_thrown
8471676,Bobby Ryan,R,OTT,98,12,takeaway_hd
8471676,Bobby Ryan,R,OTT,-54,29,takeaway_other
8471676,Bobby Ryan,R,OTT,-46,-33,takeaway_other
8471676,Bobby Ryan,R,OTT,-46,-19,takeaway_other
8471676,Bobby Ryan,R,OTT,35,8,takeaway_other
8471676,Bobby Ryan,R,OTT,-33,-26,takeaway_other
8471676,Bobby Ryan,R,OTT,52,-10,takeaway_other
8471676,Bobby Ryan,R,OTT,-55,-38,takeaway_other
8471676,Bobby Ryan,R,OTT,-41,19,takeaway_other
8471676,Bobby Ryan,R,OTT,-36,38,takeaway_other
8471677,Jack Johnson,D,CBJ,73,-14,block_hd
8471677,Jack Johnson,D,CBJ,73,-5,block_hd
8471677,Jack Johnson,D,CBJ,82,-11,block_hd
8471677,Jack Johnson,D,CBJ,-80,-9,block_hd
8471677,Jack Johnson,D,CBJ,-75,8,block_hd
8471677,Jack Johnson,D,CBJ,-70,5,block_hd
8471677,Jack Johnson,D,CBJ,79,-9,block_hd
8471677,Jack Johnson,D,CBJ,64,22,block_non_hd
8471677,Jack Johnson,D,CBJ,-61,1,block_non_hd
8471677,Jack Johnson,D,CBJ,-64,30,block_non_hd
8471677,Jack Johnson,D,CBJ,-66,13,block_non_hd
8471677,Jack Johnson,D,CBJ,-69,24,block_non_hd
8471677,Jack Johnson,D,CBJ,59,-10,block_non_hd
8471677,Jack Johnson,D,CBJ,87,-39,hit_taken
8471677,Jack Johnson,D,CBJ,-95,32,hit_taken
8471677,Jack Johnson,D,CBJ,-96,34,hit_taken
8471677,Jack Johnson,D,CBJ,-61,-40,hit_taken
8471677,Jack Johnson,D,CBJ,28,-39,hit_taken
8471677,Jack Johnson,D,CBJ,-95,34,hit_taken
8471677,Jack Johnson,D,CBJ,-38,38,hit_taken
8471677,Jack Johnson,D,CBJ,-50,37,hit_taken
8471677,Jack Johnson,D,CBJ,-82,38,hit_taken
8471677,Jack Johnson,D,CBJ,-97,-4,hit_taken
8471677,Jack Johnson,D,CBJ,94,-33,hit_thrown
8471677,Jack Johnson,D,CBJ,-99,20,hit_thrown
8471677,Jack Johnson,D,CBJ,-96,30,hit_thrown
8471677,Jack Johnson,D,CBJ,24,-40,hit_thrown
8471677,Jack Johnson,D,CBJ,-76,39,hit_thrown
8471677,Jack Johnson,D,CBJ,-95,-16,hit_thrown
8471677,Jack Johnson,D,CBJ,93,-36,hit_thrown
8471677,Jack Johnson,D,CBJ,96,-35,hit_thrown
8471677,Jack Johnson,D,CBJ,-56,38,hit_thrown
8471677,Jack Johnson,D,CBJ,-91,38,hit_thrown
8471677,Jack Johnson,D,CBJ,-98,18,hit_thrown
8471677,Jack Johnson,D,CBJ,71,0,takeaway_hd
8471677,Jack Johnson,D,CBJ,67,2,takeaway_other
8471677,Jack Johnson,D,CBJ,-84,31,takeaway_other
8471677,Jack Johnson,D,CBJ,-51,40,takeaway_other
8471678,Benoit Pouliot,L,EDM,73,3,block_hd
8471678,Benoit Pouliot,L,EDM,-62,8,block_non_hd
8471678,Benoit Pouliot,L,EDM,69,-23,dz_faceoff_win
8471678,Benoit Pouliot,L,EDM,90,37,hit_taken
8471678,Benoit Pouliot,L,EDM,-49,40,hit_taken
8471678,Benoit Pouliot,L,EDM,34,40,hit_taken
8471678,Benoit Pouliot,L,EDM,-37,39,hit_taken
8471678,Benoit Pouliot,L,EDM,76,-40,hit_taken
8471678,Benoit Pouliot,L,EDM,29,33,hit_taken
8471678,Benoit Pouliot,L,EDM,-42,-39,hit_taken
8471678,Benoit Pouliot,L,EDM,15,40,hit_taken
8471678,Benoit Pouliot,L,EDM,-8,31,hit_taken
8471678,Benoit Pouliot,L,EDM,8,-28,hit_taken
8471678,Benoit Pouliot,L,EDM,83,37,hit_taken
8471678,Benoit Pouliot,L,EDM,-11,37,hit_taken
8471678,Benoit Pouliot,L,EDM,44,-36,hit_taken
8471678,Benoit Pouliot,L,EDM,88,35,hit_taken
8471678,Benoit Pouliot,L,EDM,68,-34,hit_taken
8471678,Benoit Pouliot,L,EDM,90,23,hit_taken
8471678,Benoit Pouliot,L,EDM,2,-40,hit_taken
8471678,Benoit Pouliot,L,EDM,-94,29,hit_thrown
8471678,Benoit Pouliot,L,EDM,71,-36,hit_thrown
8471678,Benoit Pouliot,L,EDM,94,-33,hit_thrown
8471678,Benoit Pouliot,L,EDM,67,40,hit_thrown
8471678,Benoit Pouliot,L,EDM,75,-39,hit_thrown
8471678,Benoit Pouliot,L,EDM,84,40,hit_thrown
8471678,Benoit Pouliot,L,EDM,97,-6,hit_thrown
8471678,Benoit Pouliot,L,EDM,74,-39,hit_thrown
8471678,Benoit Pouliot,L,EDM,-46,41,hit_thrown
8471678,Benoit Pouliot,L,EDM,18,38,hit_thrown
8471678,Benoit Pouliot,L,EDM,35,-41,hit_thrown
8471678,Benoit Pouliot,L,EDM,89,34,hit_thrown
8471678,Benoit Pouliot,L,EDM,51,-37,hit_thrown
8471678,Benoit Pouliot,L,EDM,-82,-36,hit_thrown
8471678,Benoit Pouliot,L,EDM,-94,-11,hit_thrown
8471678,Benoit Pouliot,L,EDM,74,-39,hit_thrown
8471678,Benoit Pouliot,L,EDM,93,-22,hit_thrown
8471678,Benoit Pouliot,L,EDM,43,39,hit_thrown
8471678,Benoit Pouliot,L,EDM,-94,-18,takeaway_hd
8471678,Benoit Pouliot,L,EDM,41,-38,takeaway_other
8471678,Benoit Pouliot,L,EDM,38,36,takeaway_other
8471678,Benoit Pouliot,L,EDM,55,1,takeaway_other
8471678,Benoit Pouliot,L,EDM,53,33,takeaway_other
8471678,Benoit Pouliot,L,EDM,-24,2,takeaway_other
8471678,Benoit Pouliot,L,EDM,65,-34,takeaway_other
8471678,Benoit Pouliot,L,EDM,86,-35,takeaway_other
8471678,Benoit Pouliot,L,EDM,5,36,takeaway_other
8471678,Benoit Pouliot,L,EDM,-85,-25,takeaway_other
8471678,Benoit Pouliot,L,EDM,-1,2,takeaway_other
8471678,Benoit Pouliot,L,EDM,-6,33,takeaway_other
8471678,Benoit Pouliot,L,EDM,-60,31,takeaway_other
8471678,Benoit Pouliot,L,EDM,-90,-33,takeaway_other
8471686,Marc Staal,D,NYR,-77,-8,block_hd
8471686,Marc Staal,D,NYR,-75,3,block_hd
8471686,Marc Staal,D,NYR,-80,5,block_hd
8471686,Marc Staal,D,NYR,-73,11,block_hd
8471686,Marc Staal,D,NYR,-75,1,block_hd
8471686,Marc Staal,D,NYR,73,-17,block_hd
8471686,Marc Staal,D,NYR,78,-4,block_hd
8471686,Marc Staal,D,NYR,86,-8,block_hd
8471686,Marc Staal,D,NYR,-73,6,block_hd
8471686,Marc Staal,D,NYR,-73,3,block_hd
8471686,Marc Staal,D,NYR,72,3,block_hd
8471686,Marc Staal,D,NYR,79,-3,block_hd
8471686,Marc Staal,D,NYR,70,12,block_hd
8471686,Marc Staal,D,NYR,87,-4,block_hd
8471686,Marc Staal,D,NYR,-35,-21,block_non_hd
8471686,Marc Staal,D,NYR,-54,25,block_non_hd
8471686,Marc Staal,D,NYR,58,36,block_non_hd
8471686,Marc Staal,D,NYR,53,-14,block_non_hd
8471686,Marc Staal,D,NYR,-69,13,block_non_hd
8471686,Marc Staal,D,NYR,51,20,block_non_hd
8471686,Marc Staal,D,NYR,66,-9,block_non_hd
8471686,Marc Staal,D,NYR,60,24,block_non_hd
8471686,Marc Staal,D,NYR,63,-25,block_non_hd
8471686,Marc Staal,D,NYR,-97,-30,hit_taken
8471686,Marc Staal,D,NYR,-86,40,hit_taken
8471686,Marc Staal,D,NYR,-31,40,hit_taken
8471686,Marc Staal,D,NYR,-94,-36,hit_taken
8471686,Marc Staal,D,NYR,-36,38,hit_taken
8471686,Marc Staal,D,NYR,96,27,hit_taken
8471686,Marc Staal,D,NYR,97,31,hit_taken
8471686,Marc Staal,D,NYR,84,-38,hit_taken
8471686,Marc Staal,D,NYR,96,-30,hit_taken
8471686,Marc Staal,D,NYR,-95,-21,hit_taken
8471686,Marc Staal,D,NYR,96,-27,hit_taken
8471686,Marc Staal,D,NYR,-84,-38,hit_taken
8471686,Marc Staal,D,NYR,96,-18,hit_taken
8471686,Marc Staal,D,NYR,-96,20,hit_taken
8471686,Marc Staal,D,NYR,-98,24,hit_taken
8471686,Marc Staal,D,NYR,-95,7,hit_taken
8471686,Marc Staal,D,NYR,96,10,hit_taken
8471686,Marc Staal,D,NYR,81,-39,hit_taken
8471686,Marc Staal,D,NYR,96,-25,hit_taken
8471686,Marc Staal,D,NYR,96,20,hit_taken
8471686,Marc Staal,D,NYR,-12,-36,hit_taken
8471686,Marc Staal,D,NYR,-96,-9,hit_taken
8471686,Marc Staal,D,NYR,82,-37,hit_taken
8471686,Marc Staal,D,NYR,-72,-31,hit_taken
8471686,Marc Staal,D,NYR,-91,35,hit_taken
8471686,Marc Staal,D,NYR,98,3,hit_taken
8471686,Marc Staal,D,NYR,88,-38,hit_taken
8471686,Marc Staal,D,NYR,81,-39,hit_taken
8471686,Marc Staal,D,NYR,98,-27,hit_taken
8471686,Marc Staal,D,NYR,94,-35,hit_taken
8471686,Marc Staal,D,NYR,-38,40,hit_thrown
8471686,Marc Staal,D,NYR,96,-33,hit_thrown
8471686,Marc Staal,D,NYR,74,39,hit_thrown
8471686,Marc Staal,D,NYR,-76,40,hit_thrown
8471686,Marc Staal,D,NYR,83,30,hit_thrown
8471686,Marc Staal,D,NYR,43,-39,hit_thrown
8471686,Marc Staal,D,NYR,16,-21,hit_thrown
8471686,Marc Staal,D,NYR,94,-9,hit_thrown
8471686,Marc Staal,D,NYR,97,22,hit_thrown
8471686,Marc Staal,D,NYR,-78,40,hit_thrown
8471686,Marc Staal,D,NYR,-89,-6,hit_thrown
8471686,Marc Staal,D,NYR,96,35,hit_thrown
8471686,Marc Staal,D,NYR,-26,-37,hit_thrown
8471686,Marc Staal,D,NYR,25,38,hit_thrown
8471686,Marc Staal,D,NYR,52,-39,hit_thrown
8471686,Marc Staal,D,NYR,-73,-37,hit_thrown
8471686,Marc Staal,D,NYR,67,24,hit_thrown
8471686,Marc Staal,D,NYR,94,-33,hit_thrown
8471686,Marc Staal,D,NYR,96,8,hit_thrown
8471686,Marc Staal,D,NYR,47,8,hit_thrown
8471686,Marc Staal,D,NYR,77,40,hit_thrown
8471686,Marc Staal,D,NYR,95,-37,hit_thrown
8471686,Marc Staal,D,NYR,-48,-27,hit_thrown
8471686,Marc Staal,D,NYR,52,38,hit_thrown
8471686,Marc Staal,D,NYR,-84,34,hit_thrown
8471691,Martin Hanzal,C,MIN,-52,3,block_non_hd
8471691,Martin Hanzal,C,MIN,70,22,dz_faceoff_win
8471691,Martin Hanzal,C,MIN,-69,-23,dz_faceoff_win
8471691,Martin Hanzal,C,MIN,-67,22,dz_faceoff_win
8471691,Martin Hanzal,C,MIN,69,-23,dz_faceoff_win
8471691,Martin Hanzal,C,MIN,-69,-23,dz_faceoff_win
8471691,Martin Hanzal,C,MIN,69,-22,dz_faceoff_win
8471691,Martin Hanzal,C,MIN,69,-23,dz_faceoff_win
8471691,Martin Hanzal,C,MIN,69,22,dz_faceoff_win
8471691,Martin Hanzal,C,MIN,69,22,dz_faceoff_win
8471691,Martin Hanzal,C,MIN,69,22,dz_faceoff_win
8471691,Martin Hanzal,C,MIN,84,36,dz_faceoff_win
8471691,Martin Hanzal,C,MIN,82,31,dz_faceoff_win
8471691,Martin Hanzal,C,MIN,89,-35,dz_faceoff_win
8471691,Martin Hanzal,C,MIN,89,32,dz_faceoff_win
8471691,Martin Hanzal,C,MIN,15,-39,hit_taken
8471691,Martin Hanzal,C,MIN,96,-14,hit_taken
8471691,Martin Hanzal,C,MIN,-50,-40,hit_taken
8471691,Martin Hanzal,C,MIN,34,-40,hit_thrown
8471691,Martin Hanzal,C,MIN,19,-39,hit_thrown
8471691,Martin Hanzal,C,MIN,-82,40,hit_thrown
8471691,Martin Hanzal,C,MIN,91,-34,hit_thrown
8471691,Martin Hanzal,C,MIN,92,-39,hit_thrown
8471691,Martin Hanzal,C,MIN,-39,40,hit_thrown
8471691,Martin Hanzal,C,MIN,98,26,hit_thrown
8471691,Martin Hanzal,C,MIN,-93,-38,hit_thrown
8471691,Martin Hanzal,C,MIN,-67,-40,hit_thrown
8471691,Martin Hanzal,C,MIN,-97,21,hit_thrown
8471691,Martin Hanzal,C,MIN,98,18,hit_thrown
8471691,Martin Hanzal,C,MIN,74,-42,hit_thrown
8471691,Martin Hanzal,C,MIN,-96,10,hit_thrown
8471691,Martin Hanzal,C,MIN,-96,20,hit_thrown
8471691,Martin Hanzal,C,MIN,85,-40,takeaway_other
8471698,T.J. Oshie,R,WSH,73,9,block_hd
8471698,T.J. Oshie,R,WSH,70,-4,block_hd
8471698,T.J. Oshie,R,WSH,-72,3,block_hd
8471698,T.J. Oshie,R,WSH,-40,-30,block_non_hd
8471698,T.J. Oshie,R,WSH,-49,20,block_non_hd
8471698,T.J. Oshie,R,WSH,-69,-14,block_non_hd
8471698,T.J. Oshie,R,WSH,-42,3,block_non_hd
8471698,T.J. Oshie,R,WSH,46,15,block_non_hd
8471698,T.J. Oshie,R,WSH,-52,-21,block_non_hd
8471698,T.J. Oshie,R,WSH,-37,32,block_non_hd
8471698,T.J. Oshie,R,WSH,41,25,block_non_hd
8471698,T.J. Oshie,R,WSH,-60,-23,block_non_hd
8471698,T.J. Oshie,R,WSH,68,-28,block_non_hd
8471698,T.J. Oshie,R,WSH,44,18,block_non_hd
8471698,T.J. Oshie,R,WSH,45,11,block_non_hd
8471698,T.J. Oshie,R,WSH,43,25,block_non_hd
8471698,T.J. Oshie,R,WSH,50,1,block_non_hd
8471698,T.J. Oshie,R,WSH,69,-8,block_non_hd
8471698,T.J. Oshie,R,WSH,48,-7,block_non_hd
8471698,T.J. Oshie,R,WSH,69,23,dz_faceoff_win
8471698,T.J. Oshie,R,WSH,69,22,dz_faceoff_win
8471698,T.J. Oshie,R,WSH,-66,4,hit_taken
8471698,T.J. Oshie,R,WSH,-70,42,hit_taken
8471698,T.J. Oshie,R,WSH,73,-22,hit_taken
8471698,T.J. Oshie,R,WSH,91,-30,hit_taken
8471698,T.J. Oshie,R,WSH,-58,2,hit_taken
8471698,T.J. Oshie,R,WSH,42,36,hit_taken
8471698,T.J. Oshie,R,WSH,16,-38,hit_taken
8471698,T.J. Oshie,R,WSH,-47,-38,hit_taken
8471698,T.J. Oshie,R,WSH,96,-22,hit_taken
8471698,T.J. Oshie,R,WSH,-89,38,hit_taken
8471698,T.J. Oshie,R,WSH,98,-16,hit_taken
8471698,T.J. Oshie,R,WSH,24,-40,hit_taken
8471698,T.J. Oshie,R,WSH,43,5,hit_taken
8471698,T.J. Oshie,R,WSH,-40,30,hit_taken
8471698,T.J. Oshie,R,WSH,-61,-41,hit_taken
8471698,T.J. Oshie,R,WSH,-97,21,hit_taken
8471698,T.J. Oshie,R,WSH,-7,-39,hit_taken
8471698,T.J. Oshie,R,WSH,25,-39,hit_taken
8471698,T.J. Oshie,R,WSH,-72,39,hit_taken
8471698,T.J. Oshie,R,WSH,-91,34,hit_taken
8471698,T.J. Oshie,R,WSH,-97,-8,hit_taken
8471698,T.J. Oshie,R,WSH,-45,3,hit_taken
8471698,T.J. Oshie,R,WSH,-48,-37,hit_taken
8471698,T.J. Oshie,R,WSH,67,-37,hit_taken
8471698,T.J. Oshie,R,WSH,-76,40,hit_thrown
8471698,T.J. Oshie,R,WSH,94,-26,hit_thrown
8471698,T.J. Oshie,R,WSH,11,39,hit_thrown
8471698,T.J. Oshie,R,WSH,71,38,hit_thrown
8471698,T.J. Oshie,R,WSH,-88,37,hit_thrown
8471698,T.J. Oshie,R,WSH,44,38,hit_thrown
8471698,T.J. Oshie,R,WSH,-93,36,hit_thrown
8471698,T.J. Oshie,R,WSH,-87,32,hit_thrown
8471698,T.J. Oshie,R,WSH,-92,-35,hit_thrown
8471698,T.J. Oshie,R,WSH,96,34,hit_thrown
8471698,T.J. Oshie,R,WSH,-42,38,hit_thrown
8471698,T.J. Oshie,R,WSH,-87,39,hit_thrown
8471698,T.J. Oshie,R,WSH,-96,1,hit_thrown
8471698,T.J. Oshie,R,WSH,6,38,hit_thrown
8471698,T.J. Oshie,R,WSH,-97,28,hit_thrown
8471698,T.J. Oshie,R,WSH,87,-39,hit_thrown
8471698,T.J. Oshie,R,WSH,-96,21,hit_thrown
8471698,T.J. Oshie,R,WSH,-95,35,hit_thrown
8471698,T.J. Oshie,R,WSH,91,-29,hit_thrown
8471698,T.J. Oshie,R,WSH,-94,-4,hit_thrown
8471698,T.J. Oshie,R,WSH,-95,22,hit_thrown
8471698,T.J. Oshie,R,WSH,16,-36,hit_thrown
8471698,T.J. Oshie,R,WSH,98,21,hit_thrown
8471698,T.J. Oshie,R,WSH,82,40,hit_thrown
8471698,T.J. Oshie,R,WSH,-97,10,hit_thrown
8471698,T.J. Oshie,R,WSH,-97,-28,hit_thrown
8471698,T.J. Oshie,R,WSH,-4,40,hit_thrown
8471698,T.J. Oshie,R,WSH,-97,28,hit_thrown
8471698,T.J. Oshie,R,WSH,-93,-18,hit_thrown
8471698,T.J. Oshie,R,WSH,-96,10,hit_thrown
8471698,T.J. Oshie,R,WSH,85,40,hit_thrown
8471698,T.J. Oshie,R,WSH,-95,33,hit_thrown
8471698,T.J. Oshie,R,WSH,-94,37,hit_thrown
8471698,T.J. Oshie,R,WSH,96,-2,hit_thrown
8471698,T.J. Oshie,R,WSH,-93,-10,hit_thrown
8471698,T.J. Oshie,R,WSH,-93,35,hit_thrown
8471698,T.J. Oshie,R,WSH,-98,-17,hit_thrown
8471698,T.J. Oshie,R,WSH,-12,-38,hit_thrown
8471698,T.J. Oshie,R,WSH,97,34,hit_thrown
8471698,T.J. Oshie,R,WSH,-96,-8,hit_thrown
8471698,T.J. Oshie,R,WSH,10,39,hit_thrown
8471698,T.J. Oshie,R,WSH,16,-35,hit_thrown
8471698,T.J. Oshie,R,WSH,66,40,hit_thrown
8471698,T.J. Oshie,R,WSH,28,40,hit_thrown
8471698,T.J. Oshie,R,WSH,-91,20,hit_thrown
8471698,T.J. Oshie,R,WSH,-92,28,hit_thrown
8471698,T.J. Oshie,R,WSH,57,39,hit_thrown
8471698,T.J. Oshie,R,WSH,-98,4,takeaway_hd
8471698,T.J. Oshie,R,WSH,10,-10,takeaway_other
8471698,T.J. Oshie,R,WSH,-56,35,takeaway_other
8471698,T.J. Oshie,R,WSH,88,-39,takeaway_other
8471698,T.J. Oshie,R,WSH,86,-35,takeaway_other
8471698,T.J. Oshie,R,WSH,19,0,takeaway_other
8471698,T.J. Oshie,R,WSH,57,4,takeaway_other
8471699,Andrew Cogliano,C,ANA,-78,-8,block_hd
8471699,Andrew Cogliano,C,ANA,-75,-5,block_hd
8471699,Andrew Cogliano,C,ANA,63,-22,block_non_hd
8471699,Andrew Cogliano,C,ANA,56,-10,block_non_hd
8471699,Andrew Cogliano,C,ANA,-49,29,block_non_hd
8471699,Andrew Cogliano,C,ANA,-79,-1,crease_goal
8471699,Andrew Cogliano,C,ANA,-97,23,hit_taken
8471699,Andrew Cogliano,C,ANA,-97,-4,hit_taken
8471699,Andrew Cogliano,C,ANA,-93,-38,hit_taken
8471699,Andrew Cogliano,C,ANA,96,-3,hit_taken
8471699,Andrew Cogliano,C,ANA,10,41,hit_taken
8471699,Andrew Cogliano,C,ANA,86,11,hit_taken
8471699,Andrew Cogliano,C,ANA,84,-38,hit_taken
8471699,Andrew Cogliano,C,ANA,97,-14,hit_taken
8471699,Andrew Cogliano,C,ANA,91,-12,hit_taken
8471699,Andrew Cogliano,C,ANA,-76,40,hit_taken
8471699,Andrew Cogliano,C,ANA,-81,42,hit_taken
8471699,Andrew Cogliano,C,ANA,44,-9,hit_taken
8471699,Andrew Cogliano,C,ANA,-98,16,hit_taken
8471699,Andrew Cogliano,C,ANA,29,29,hit_taken
8471699,Andrew Cogliano,C,ANA,97,-7,hit_taken
8471699,Andrew Cogliano,C,ANA,94,36,hit_taken
8471699,Andrew Cogliano,C,ANA,44,33,hit_taken
8471699,Andrew Cogliano,C,ANA,17,-38,hit_thrown
8471699,Andrew Cogliano,C,ANA,-96,32,hit_thrown
8471699,Andrew Cogliano,C,ANA,-92,-36,hit_thrown
8471699,Andrew Cogliano,C,ANA,-97,13,hit_thrown
8471699,Andrew Cogliano,C,ANA,98,-19,hit_thrown
8471699,Andrew Cogliano,C,ANA,-91,-38,hit_thrown
8471699,Andrew Cogliano,C,ANA,4,-38,hit_thrown
8471699,Andrew Cogliano,C,ANA,98,29,hit_thrown
8471699,Andrew Cogliano,C,ANA,69,-33,hit_thrown
8471699,Andrew Cogliano,C,ANA,91,32,hit_thrown
8471699,Andrew Cogliano,C,ANA,85,-27,hit_thrown
8471699,Andrew Cogliano,C,ANA,-11,39,hit_thrown
8471699,Andrew Cogliano,C,ANA,-94,27,hit_thrown
8471699,Andrew Cogliano,C,ANA,-83,36,hit_thrown
8471699,Andrew Cogliano,C,ANA,8,40,hit_thrown
8471699,Andrew Cogliano,C,ANA,-6,37,hit_thrown
8471699,Andrew Cogliano,C,ANA,46,37,hit_thrown
8471699,Andrew Cogliano,C,ANA,94,-37,hit_thrown
8471699,Andrew Cogliano,C,ANA,97,-7,takeaway_hd
8471702,Matt Niskanen,D,WSH,85,-7,block_hd
8471702,Matt Niskanen,D,WSH,-72,-5,block_hd
8471702,Matt Niskanen,D,WSH,-78,-5,block_hd
8471702,Matt Niskanen,D,WSH,-73,-11,block_hd
8471702,Matt Niskanen,D,WSH,-84,-10,block_hd
8471702,Matt Niskanen,D,WSH,72,9,block_hd
8471702,Matt Niskanen,D,WSH,-73,4,block_hd
8471702,Matt Niskanen,D,WSH,-78,-7,block_hd
8471702,Matt Niskanen,D,WSH,39,31,block_non_hd
8471702,Matt Niskanen,D,WSH,-64,-6,block_non_hd
8471702,Matt Niskanen,D,WSH,-56,23,block_non_hd
8471702,Matt Niskanen,D,WSH,-64,-11,block_non_hd
8471702,Matt Niskanen,D,WSH,-50,-1,block_non_hd
8471702,Matt Niskanen,D,WSH,48,19,block_non_hd
8471702,Matt Niskanen,D,WSH,65,23,block_non_hd
8471702,Matt Niskanen,D,WSH,51,29,block_non_hd
8471702,Matt Niskanen,D,WSH,92,-17,hit_taken
8471702,Matt Niskanen,D,WSH,-93,-31,hit_taken
8471702,Matt Niskanen,D,WSH,-95,-27,hit_taken
8471702,Matt Niskanen,D,WSH,-84,-35,hit_taken
8471702,Matt Niskanen,D,WSH,-95,-12,hit_taken
8471702,Matt Niskanen,D,WSH,82,37,hit_taken
8471702,Matt Niskanen,D,WSH,32,14,hit_taken
8471702,Matt Niskanen,D,WSH,-67,-36,hit_taken
8471702,Matt Niskanen,D,WSH,79,-37,hit_taken
8471702,Matt Niskanen,D,WSH,94,33,hit_taken
8471702,Matt Niskanen,D,WSH,86,-37,hit_taken
8471702,Matt Niskanen,D,WSH,96,-31,hit_taken
8471702,Matt Niskanen,D,WSH,-94,-34,hit_taken
8471702,Matt Niskanen,D,WSH,96,-9,hit_taken
8471702,Matt Niskanen,D,WSH,-35,36,hit_taken
8471702,Matt Niskanen,D,WSH,-91,-34,hit_taken
8471702,Matt Niskanen,D,WSH,96,-12,hit_taken
8471702,Matt Niskanen,D,WSH,96,29,hit_taken
8471702,Matt Niskanen,D,WSH,-16,-38,hit_taken
8471702,Matt Niskanen,D,WSH,-98,9,hit_taken
8471702,Matt Niskanen,D,WSH,-93,1,hit_taken
8471702,Matt Niskanen,D,WSH,-95,34,hit_taken
8471702,Matt Niskanen,D,WSH,90,40,hit_taken
8471702,Matt Niskanen,D,WSH,80,40,hit_taken
8471702,Matt Niskanen,D,WSH,41,41,hit_taken
8471702,Matt Niskanen,D,WSH,45,-39,hit_taken
8471702,Matt Niskanen,D,WSH,85,-39,hit_taken
8471702,Matt Niskanen,D,WSH,95,-9,hit_taken
8471702,Matt Niskanen,D,WSH,-86,-28,hit_taken
8471702,Matt Niskanen,D,WSH,96,1,hit_taken
8471702,Matt Niskanen,D,WSH,96,14,hit_taken
8471702,Matt Niskanen,D,WSH,-96,-21,hit_taken
8471702,Matt Niskanen,D,WSH,99,-3,hit_taken
8471702,Matt Niskanen,D,WSH,93,-36,hit_taken
8471702,Matt Niskanen,D,WSH,19,41,hit_taken
8471702,Matt Niskanen,D,WSH,96,29,hit_thrown
8471702,Matt Niskanen,D,WSH,-56,-35,hit_thrown
8471702,Matt Niskanen,D,WSH,-1,23,hit_thrown
8471702,Matt Niskanen,D,WSH,-4,37,hit_thrown
8471702,Matt Niskanen,D,WSH,98,3,hit_thrown
8471702,Matt Niskanen,D,WSH,38,-36,hit_thrown
8471702,Matt Niskanen,D,WSH,0,21,hit_thrown
8471702,Matt Niskanen,D,WSH,84,33,hit_thrown
8471702,Matt Niskanen,D,WSH,79,-2,hit_thrown
8471702,Matt Niskanen,D,WSH,54,7,hit_thrown
8471702,Matt Niskanen,D,WSH,79,37,hit_thrown
8471702,Matt Niskanen,D,WSH,-41,-36,hit_thrown
8471702,Matt Niskanen,D,WSH,92,-25,hit_thrown
8471702,Matt Niskanen,D,WSH,48,35,hit_thrown
8471702,Matt Niskanen,D,WSH,-80,40,hit_thrown
8471702,Matt Niskanen,D,WSH,-53,-35,hit_thrown
8471702,Matt Niskanen,D,WSH,16,-16,hit_thrown
8471702,Matt Niskanen,D,WSH,-69,39,hit_thrown
8471702,Matt Niskanen,D,WSH,-52,-42,hit_thrown
8471702,Matt Niskanen,D,WSH,93,-35,hit_thrown
8471702,Matt Niskanen,D,WSH,56,5,hit_thrown
8471702,Matt Niskanen,D,WSH,-57,39,hit_thrown
8471702,Matt Niskanen,D,WSH,37,1,hit_thrown
8471702,Matt Niskanen,D,WSH,-20,27,hit_thrown
8471702,Matt Niskanen,D,WSH,-95,-24,hit_thrown
8471702,Matt Niskanen,D,WSH,94,-31,hit_thrown
8471702,Matt Niskanen,D,WSH,-46,-38,hit_thrown
8471702,Matt Niskanen,D,WSH,-10,20,hit_thrown
8471702,Matt Niskanen,D,WSH,-67,-38,hit_thrown
8471702,Matt Niskanen,D,WSH,58,35,hit_thrown
8471702,Matt Niskanen,D,WSH,82,-40,hit_thrown
8471702,Matt Niskanen,D,WSH,12,39,hit_thrown
8471702,Matt Niskanen,D,WSH,76,40,hit_thrown
8471702,Matt Niskanen,D,WSH,64,39,hit_thrown
8471702,Matt Niskanen,D,WSH,-95,28,hit_thrown
8471702,Matt Niskanen,D,WSH,-96,-25,hit_thrown
8471702,Matt Niskanen,D,WSH,99,-22,hit_thrown
8471702,Matt Niskanen,D,WSH,33,-38,hit_thrown
8471702,Matt Niskanen,D,WSH,-84,39,hit_thrown
8471702,Matt Niskanen,D,WSH,78,7,hit_thrown
8471702,Matt Niskanen,D,WSH,95,-31,hit_thrown
8471702,Matt Niskanen,D,WSH,98,-8,hit_thrown
8471702,Matt Niskanen,D,WSH,86,38,hit_thrown
8471702,Matt Niskanen,D,WSH,37,38,hit_thrown
8471702,Matt Niskanen,D,WSH,65,37,hit_thrown
8471702,Matt Niskanen,D,WSH,81,7,takeaway_hd
8471702,Matt Niskanen,D,WSH,14,-37,takeaway_other
8471702,Matt Niskanen,D,WSH,-32,36,takeaway_other
8471707,James Neal,L,NSH,44,8,block_non_hd
8471707,James Neal,L,NSH,50,13,block_non_hd
8471707,James Neal,L,NSH,82,20,block_non_hd
8471707,James Neal,L,NSH,-46,-16,block_non_hd
8471707,James Neal,L,NSH,-48,-23,block_non_hd
8471707,James Neal,L,NSH,88,20,block_non_hd
8471707,James Neal,L,NSH,-84,-7,crease_goal
8471707,James Neal,L,NSH,-86,7,crease_goal
8471707,James Neal,L,NSH,-97,18,hit_taken
8471707,James Neal,L,NSH,-56,-40,hit_taken
8471707,James Neal,L,NSH,56,40,hit_taken
8471707,James Neal,L,NSH,74,-12,hit_taken
8471707,James Neal,L,NSH,87,37,hit_taken
8471707,James Neal,L,NSH,-84,-37,hit_taken
8471707,James Neal,L,NSH,-99,-12,hit_taken
8471707,James Neal,L,NSH,-31,39,hit_taken
8471707,James Neal,L,NSH,42,30,hit_taken
8471707,James Neal,L,NSH,95,-14,hit_taken
8471707,James Neal,L,NSH,93,-34,hit_taken
8471707,James Neal,L,NSH,19,39,hit_taken
8471707,James Neal,L,NSH,61,-39,hit_taken
8471707,James Neal,L,NSH,-32,-2,hit_taken
8471707,James Neal,L,NSH,-84,41,hit_taken
8471707,James Neal,L,NSH,-97,-2,hit_taken
8471707,James Neal,L,NSH,98,9,hit_taken
8471707,James Neal,L,NSH,64,36,hit_taken
8471707,James Neal,L,NSH,-96,23,hit_taken
8471707,James Neal,L,NSH,-52,-40,hit_taken
8471707,James Neal,L,NSH,73,-38,hit_taken
8471707,James Neal,L,NSH,94,31,hit_taken
8471707,James Neal,L,NSH,99,-10,hit_taken
8471707,James Neal,L,NSH,-14,-39,hit_taken
8471707,James Neal,L,NSH,40,38,hit_thrown
8471707,James Neal,L,NSH,96,-4,hit_thrown
8471707,James Neal,L,NSH,-92,17,hit_thrown
8471707,James Neal,L,NSH,57,37,hit_thrown
8471707,James Neal,L,NSH,57,36,hit_thrown
8471707,James Neal,L,NSH,98,10,hit_thrown
8471707,James Neal,L,NSH,-21,-30,hit_thrown
8471707,James Neal,L,NSH,90,-37,hit_thrown
8471707,James Neal,L,NSH,95,25,hit_thrown
8471707,James Neal,L,NSH,-94,-17,hit_thrown
8471707,James Neal,L,NSH,-36,-38,hit_thrown
8471707,James Neal,L,NSH,6,40,hit_thrown
8471707,James Neal,L,NSH,-39,-36,hit_thrown
8471707,James Neal,L,NSH,85,38,hit_thrown
8471707,James Neal,L,NSH,-44,37,hit_thrown
8471707,James Neal,L,NSH,-48,40,hit_thrown
8471707,James Neal,L,NSH,-94,36,hit_thrown
8471707,James Neal,L,NSH,-83,39,hit_thrown
8471707,James Neal,L,NSH,93,8,hit_thrown
8471707,James Neal,L,NSH,99,9,hit_thrown
8471707,James Neal,L,NSH,-83,-38,hit_thrown
8471707,James Neal,L,NSH,-91,36,hit_thrown
8471707,James Neal,L,NSH,25,40,hit_thrown
8471707,James Neal,L,NSH,68,37,hit_thrown
8471707,James Neal,L,NSH,96,1,hit_thrown
8471707,James Neal,L,NSH,94,-32,hit_thrown
8471707,James Neal,L,NSH,10,-41,hit_thrown
8471707,James Neal,L,NSH,-43,38,hit_thrown
8471707,James Neal,L,NSH,-49,37,hit_thrown
8471707,James Neal,L,NSH,-25,39,hit_thrown
8471707,James Neal,L,NSH,29,29,hit_thrown
8471707,James Neal,L,NSH,-76,-1,hit_thrown
8471707,James Neal,L,NSH,82,30,hit_thrown
8471707,James Neal,L,NSH,-62,-39,hit_thrown
8471707,James Neal,L,NSH,30,-40,hit_thrown
8471707,James Neal,L,NSH,87,35,hit_thrown
8471707,James Neal,L,NSH,40,38,hit_thrown
8471707,James Neal,L,NSH,-92,-38,hit_thrown
8471707,James Neal,L,NSH,-68,41,hit_thrown
8471707,James Neal,L,NSH,8,-40,hit_thrown
8471707,James Neal,L,NSH,97,28,hit_thrown
8471707,James Neal,L,NSH,5,-40,hit_thrown
8471707,James Neal,L,NSH,-60,38,hit_thrown
8471707,James Neal,L,NSH,-70,41,hit_thrown
8471707,James Neal,L,NSH,-98,1,hit_thrown
8471707,James Neal,L,NSH,93,36,hit_thrown
8471707,James Neal,L,NSH,-72,41,hit_thrown
8471707,James Neal,L,NSH,1,40,hit_thrown
8471707,James Neal,L,NSH,25,-36,hit_thrown
8471707,James Neal,L,NSH,-89,11,takeaway_hd
8471707,James Neal,L,NSH,-34,31,takeaway_other
8471707,James Neal,L,NSH,-47,39,takeaway_other
8471707,James Neal,L,NSH,42,30,takeaway_other
8471707,James Neal,L,NSH,-42,-34,takeaway_other
8471707,James Neal,L,NSH,96,23,takeaway_other
8471707,James Neal,L,NSH,-26,2,takeaway_other
8471707,James Neal,L,NSH,89,-25,takeaway_other
8471709,Marc-Edouard Vlasic,D,SJS,74,-6,block_hd
8471709,Marc-Edouard Vlasic,D,SJS,76,18,block_hd
8471709,Marc-Edouard Vlasic,D,SJS,78,-2,block_hd
8471709,Marc-Edouard Vlasic,D,SJS,70,-12,block_hd
8471709,Marc-Edouard Vlasic,D,SJS,72,-18,block_hd
8471709,Marc-Edouard Vlasic,D,SJS,79,-11,block_hd
8471709,Marc-Edouard Vlasic,D,SJS,-75,13,block_hd
8471709,Marc-Edouard Vlasic,D,SJS,-71,12,block_hd
8471709,Marc-Edouard Vlasic,D,SJS,-66,3,block_non_hd
8471709,Marc-Edouard Vlasic,D,SJS,49,-22,block_non_hd
8471709,Marc-Edouard Vlasic,D,SJS,-38,-1,block_non_hd
8471709,Marc-Edouard Vlasic,D,SJS,55,-16,block_non_hd
8471709,Marc-Edouard Vlasic,D,SJS,69,-2,block_non_hd
8471709,Marc-Edouard Vlasic,D,SJS,64,3,block_non_hd
8471709,Marc-Edouard Vlasic,D,SJS,83,-20,block_non_hd
8471709,Marc-Edouard Vlasic,D,SJS,66,-18,block_non_hd
8471709,Marc-Edouard Vlasic,D,SJS,-47,16,block_non_hd
8471709,Marc-Edouard Vlasic,D,SJS,55,-2,block_non_hd
8471709,Marc-Edouard Vlasic,D,SJS,-69,-2,block_non_hd
8471709,Marc-Edouard Vlasic,D,SJS,66,12,block_non_hd
8471709,Marc-Edouard Vlasic,D,SJS,-34,-37,hit_taken
8471709,Marc-Edouard Vlasic,D,SJS,-50,-36,hit_taken
8471709,Marc-Edouard Vlasic,D,SJS,67,40,hit_taken
8471709,Marc-Edouard Vlasic,D,SJS,75,42,hit_taken
8471709,Marc-Edouard Vlasic,D,SJS,97,-20,hit_taken
8471709,Marc-Edouard Vlasic,D,SJS,-11,-41,hit_taken
8471709,Marc-Edouard Vlasic,D,SJS,98,12,hit_taken
8471709,Marc-Edouard Vlasic,D,SJS,98,-5,hit_taken
8471709,Marc-Edouard Vlasic,D,SJS,98,20,hit_taken
8471709,Marc-Edouard Vlasic,D,SJS,12,40,hit_taken
8471709,Marc-Edouard Vlasic,D,SJS,98,-20,hit_taken
8471709,Marc-Edouard Vlasic,D,SJS,56,-37,hit_taken
8471709,Marc-Edouard Vlasic,D,SJS,-44,-35,hit_taken
8471709,Marc-Edouard Vlasic,D,SJS,-46,41,hit_taken
8471709,Marc-Edouard Vlasic,D,SJS,46,-39,hit_thrown
8471709,Marc-Edouard Vlasic,D,SJS,69,42,hit_thrown
8471709,Marc-Edouard Vlasic,D,SJS,-94,-12,takeaway_hd
8471717,Adam McQuaid,D,BOS,-78,1,block_hd
8471717,Adam McQuaid,D,BOS,-67,2,block_non_hd
8471717,Adam McQuaid,D,BOS,-37,-26,block_non_hd
8471717,Adam McQuaid,D,BOS,-94,-31,hit_taken
8471717,Adam McQuaid,D,BOS,-6,32,hit_taken
8471717,Adam McQuaid,D,BOS,98,-2,hit_taken
8471717,Adam McQuaid,D,BOS,98,27,hit_taken
8471717,Adam McQuaid,D,BOS,98,11,hit_thrown
8471717,Adam McQuaid,D,BOS,99,29,hit_thrown
8471729,Kris Russell,D,EDM,-70,9,block_hd
8471729,Kris Russell,D,EDM,79,0,block_hd
8471729,Kris Russell,D,EDM,80,5,block_hd
8471729,Kris Russell,D,EDM,73,0,block_hd
8471729,Kris Russell,D,EDM,-74,-4,block_hd
8471729,Kris Russell,D,EDM,70,1,block_hd
8471729,Kris Russell,D,EDM,-71,0,block_hd
8471729,Kris Russell,D,EDM,-81,10,block_hd
8471729,Kris Russell,D,EDM,-79,6,block_hd
8471729,Kris Russell,D,EDM,-79,0,block_hd
8471729,Kris Russell,D,EDM,-82,7,block_hd
8471729,Kris Russell,D,EDM,77,17,block_hd
8471729,Kris Russell,D,EDM,74,9,block_hd
8471729,Kris Russell,D,EDM,-74,-11,block_hd
8471729,Kris Russell,D,EDM,72,10,block_hd
8471729,Kris Russell,D,EDM,78,-4,block_hd
8471729,Kris Russell,D,EDM,73,-13,block_hd
8471729,Kris Russell,D,EDM,73,-1,block_hd
8471729,Kris Russell,D,EDM,77,-16,block_hd
8471729,Kris Russell,D,EDM,72,-10,block_hd
8471729,Kris Russell,D,EDM,71,-16,block_hd
8471729,Kris Russell,D,EDM,72,-5,block_hd
8471729,Kris Russell,D,EDM,-73,13,block_hd
8471729,Kris Russell,D,EDM,-82,-6,block_hd
8471729,Kris Russell,D,EDM,76,-13,block_hd
8471729,Kris Russell,D,EDM,68,5,block_non_hd
8471729,Kris Russell,D,EDM,68,4,block_non_hd
8471729,Kris Russell,D,EDM,66,22,block_non_hd
8471729,Kris Russell,D,EDM,69,-19,block_non_hd
8471729,Kris Russell,D,EDM,-57,21,block_non_hd
8471729,Kris Russell,D,EDM,50,3,block_non_hd
8471729,Kris Russell,D,EDM,65,8,block_non_hd
8471729,Kris Russell,D,EDM,37,33,block_non_hd
8471729,Kris Russell,D,EDM,-64,-3,block_non_hd
8471729,Kris Russell,D,EDM,-68,22,block_non_hd
8471729,Kris Russell,D,EDM,-63,10,block_non_hd
8471729,Kris Russell,D,EDM,-69,-4,block_non_hd
8471729,Kris Russell,D,EDM,-64,2,block_non_hd
8471729,Kris Russell,D,EDM,-63,-10,block_non_hd
8471729,Kris Russell,D,EDM,48,12,block_non_hd
8471729,Kris Russell,D,EDM,64,12,block_non_hd
8471729,Kris Russell,D,EDM,67,3,block_non_hd
8471729,Kris Russell,D,EDM,-67,-9,block_non_hd
8471729,Kris Russell,D,EDM,-70,-24,block_non_hd
8471729,Kris Russell,D,EDM,69,-10,block_non_hd
8471729,Kris Russell,D,EDM,72,20,block_non_hd
8471729,Kris Russell,D,EDM,66,18,block_non_hd
8471729,Kris Russell,D,EDM,58,-10,block_non_hd
8471729,Kris Russell,D,EDM,-69,9,block_non_hd
8471729,Kris Russell,D,EDM,-68,14,block_non_hd
8471729,Kris Russell,D,EDM,-62,0,block_non_hd
8471729,Kris Russell,D,EDM,-65,7,block_non_hd
8471729,Kris Russell,D,EDM,71,-19,block_non_hd
8471729,Kris Russell,D,EDM,62,-17,block_non_hd
8471729,Kris Russell,D,EDM,-97,24,hit_taken
8471729,Kris Russell,D,EDM,96,-6,hit_taken
8471729,Kris Russell,D,EDM,-85,36,hit_taken
8471729,Kris Russell,D,EDM,-97,30,hit_taken
8471729,Kris Russell,D,EDM,74,-41,hit_taken
8471729,Kris Russell,D,EDM,-97,34,hit_taken
8471729,Kris Russell,D,EDM,-97,-9,hit_taken
8471729,Kris Russell,D,EDM,-94,35,hit_taken
8471729,Kris Russell,D,EDM,-98,26,hit_taken
8471729,Kris Russell,D,EDM,-33,40,hit_taken
8471729,Kris Russell,D,EDM,60,-37,hit_taken
8471729,Kris Russell,D,EDM,93,23,hit_taken
8471729,Kris Russell,D,EDM,1,-40,hit_taken
8471729,Kris Russell,D,EDM,99,-16,hit_taken
8471729,Kris Russell,D,EDM,-90,38,hit_taken
8471729,Kris Russell,D,EDM,-93,-38,hit_taken
8471729,Kris Russell,D,EDM,98,28,hit_taken
8471729,Kris Russell,D,EDM,-91,-38,hit_taken
8471729,Kris Russell,D,EDM,99,-6,hit_taken
8471729,Kris Russell,D,EDM,58,37,hit_taken
8471729,Kris Russell,D,EDM,-94,21,hit_taken
8471729,Kris Russell,D,EDM,95,-33,hit_taken
8471729,Kris Russell,D,EDM,91,32,hit_taken
8471729,Kris Russell,D,EDM,89,34,hit_taken
8471729,Kris Russell,D,EDM,-96,16,hit_taken
8471729,Kris Russell,D,EDM,-96,23,hit_taken
8471729,Kris Russell,D,EDM,93,-36,hit_taken
8471729,Kris Russell,D,EDM,97,-7,hit_taken
8471729,Kris Russell,D,EDM,95,-15,hit_taken
8471729,Kris Russell,D,EDM,15,-18,hit_taken
8471729,Kris Russell,D,EDM,-91,-40,hit_taken
8471729,Kris Russell,D,EDM,-91,39,hit_thrown
8471729,Kris Russell,D,EDM,-59,-41,hit_thrown
8471729,Kris Russell,D,EDM,-45,42,hit_thrown
8471729,Kris Russell,D,EDM,-95,33,hit_thrown
8471729,Kris Russell,D,EDM,99,-19,hit_thrown
8471729,Kris Russell,D,EDM,-68,40,hit_thrown
8471729,Kris Russell,D,EDM,-96,24,hit_thrown
8471729,Kris Russell,D,EDM,-12,-40,hit_thrown
8471729,Kris Russell,D,EDM,74,-34,hit_thrown
8471729,Kris Russell,D,EDM,98,-13,hit_thrown
8471729,Kris Russell,D,EDM,96,-28,hit_thrown
8471729,Kris Russell,D,EDM,99,3,hit_thrown
8471729,Kris Russell,D,EDM,28,41,hit_thrown
8471729,Kris Russell,D,EDM,-96,28,hit_thrown
8471729,Kris Russell,D,EDM,95,-33,hit_thrown
8471729,Kris Russell,D,EDM,-43,-40,hit_thrown
8471729,Kris Russell,D,EDM,11,-36,hit_thrown
8471729,Kris Russell,D,EDM,91,-38,hit_thrown
8471729,Kris Russell,D,EDM,84,40,hit_thrown
8471729,Kris Russell,D,EDM,27,28,hit_thrown
8471729,Kris Russell,D,EDM,91,28,hit_thrown
8471729,Kris Russell,D,EDM,-93,-8,takeaway_hd
8471729,Kris Russell,D,EDM,-46,-27,takeaway_other
8471729,Kris Russell,D,EDM,71,34,takeaway_other
8471729,Kris Russell,D,EDM,33,38,takeaway_other
8471729,Kris Russell,D,EDM,94,-30,takeaway_other
8471729,Kris Russell,D,EDM,60,38,takeaway_other
8471729,Kris Russell,D,EDM,59,-38,takeaway_other
8471729,Kris Russell,D,EDM,-87,24,takeaway_other
8471729,Kris Russell,D,EDM,-95,-19,takeaway_other
8471743,Vladimir Sobotka,C,STL,-75,4,block_hd
8471743,Vladimir Sobotka,C,STL,-82,-10,block_hd
8471743,Vladimir Sobotka,C,STL,-71,14,block_hd
8471743,Vladimir Sobotka,C,STL,-36,27,block_non_hd
8471743,Vladimir Sobotka,C,STL,-64,-3,block_non_hd
8471743,Vladimir Sobotka,C,STL,-66,2,block_non_hd
8471743,Vladimir Sobotka,C,STL,-68,-22,dz_faceoff_win
8471743,Vladimir Sobotka,C,STL,69,-23,dz_faceoff_win
8471743,Vladimir Sobotka,C,STL,69,-23,dz_faceoff_win
8471743,Vladimir Sobotka,C,STL,-33,34,hit_taken
8471743,Vladimir Sobotka,C,STL,-93,23,hit_taken
8471743,Vladimir Sobotka,C,STL,21,36,hit_taken
8471743,Vladimir Sobotka,C,STL,-97,17,hit_taken
8471743,Vladimir Sobotka,C,STL,-31,40,hit_taken
8471743,Vladimir Sobotka,C,STL,99,-20,hit_taken
8471743,Vladimir Sobotka,C,STL,77,41,hit_taken
8471743,Vladimir Sobotka,C,STL,98,19,hit_taken
8471743,Vladimir Sobotka,C,STL,79,39,hit_taken
8471743,Vladimir Sobotka,C,STL,63,39,hit_taken
8471743,Vladimir Sobotka,C,STL,92,-38,hit_taken
8471743,Vladimir Sobotka,C,STL,49,38,hit_taken
8471743,Vladimir Sobotka,C,STL,-92,-39,hit_taken
8471743,Vladimir Sobotka,C,STL,26,40,hit_taken
8471743,Vladimir Sobotka,C,STL,74,38,hit_taken
8471743,Vladimir Sobotka,C,STL,45,34,hit_taken
8471743,Vladimir Sobotka,C,STL,81,40,hit_thrown
8471743,Vladimir Sobotka,C,STL,-41,39,hit_thrown
8471743,Vladimir Sobotka,C,STL,71,-41,hit_thrown
8471743,Vladimir Sobotka,C,STL,99,11,hit_thrown
8471743,Vladimir Sobotka,C,STL,-73,39,hit_thrown
8471743,Vladimir Sobotka,C,STL,-90,38,hit_thrown
8471743,Vladimir Sobotka,C,STL,-30,36,hit_thrown
8471743,Vladimir Sobotka,C,STL,85,42,hit_thrown
8471743,Vladimir Sobotka,C,STL,70,-41,hit_thrown
8471743,Vladimir Sobotka,C,STL,55,39,hit_thrown
8471743,Vladimir Sobotka,C,STL,59,-40,hit_thrown
8471743,Vladimir Sobotka,C,STL,-97,7,hit_thrown
8471743,Vladimir Sobotka,C,STL,-96,30,hit_thrown
8471743,Vladimir Sobotka,C,STL,56,40,hit_thrown
8471743,Vladimir Sobotka,C,STL,47,-41,hit_thrown
8471743,Vladimir Sobotka,C,STL,53,-41,hit_thrown
8471743,Vladimir Sobotka,C,STL,-95,29,hit_thrown
8471743,Vladimir Sobotka,C,STL,80,38,hit_thrown
8471743,Vladimir Sobotka,C,STL,95,-12,hit_thrown
8471743,Vladimir Sobotka,C,STL,97,-21,hit_thrown
8471743,Vladimir Sobotka,C,STL,94,36,hit_thrown
8471743,Vladimir Sobotka,C,STL,-37,-9,takeaway_other
8471743,Vladimir Sobotka,C,STL,68,-33,takeaway_other
8471743,Vladimir Sobotka,C,STL,-93,29,takeaway_other
8471766,Jared Boll,R,ANA,66,4,block_non_hd
8471766,Jared Boll,R,ANA,-32,-35,hit_taken
8471766,Jared Boll,R,ANA,-30,-38,hit_taken
8471766,Jared Boll,R,ANA,98,9,hit_taken
8471766,Jared Boll,R,ANA,7,-24,hit_taken
8471766,Jared Boll,R,ANA,43,-38,hit_taken
8471766,Jared Boll,R,ANA,-4,40,hit_taken
8471766,Jared Boll,R,ANA,38,39,hit_taken
8471766,Jared Boll,R,ANA,63,-37,hit_taken
8471766,Jared Boll,R,ANA,96,-35,hit_thrown
8471766,Jared Boll,R,ANA,97,-9,hit_thrown
8471766,Jared Boll,R,ANA,-78,40,hit_thrown
8471766,Jared Boll,R,ANA,-8,41,hit_thrown
8471766,Jared Boll,R,ANA,90,38,hit_thrown
8471766,Jared Boll,R,ANA,97,-9,hit_thrown
8471766,Jared Boll,R,ANA,-16,41,hit_thrown
8471766,Jared Boll,R,ANA,-59,-38,hit_thrown
8471766,Jared Boll,R,ANA,-77,-39,hit_thrown
8471766,Jared Boll,R,ANA,95,-28,hit_thrown
8471766,Jared Boll,R,ANA,19,20,hit_thrown
8471766,Jared Boll,R,ANA,70,38,hit_thrown
8471766,Jared Boll,R,ANA,80,38,hit_thrown
8471766,Jared Boll,R,ANA,-37,36,hit_thrown
8471766,Jared Boll,R,ANA,-84,32,takeaway_other
8471766,Jared Boll,R,ANA,52,20,takeaway_other
8471768,Tom Pyatt,C,OTT,82,4,block_hd
8471768,Tom Pyatt,C,OTT,60,0,block_non_hd
8471768,Tom Pyatt,C,OTT,-44,20,block_non_hd
8471768,Tom Pyatt,C,OTT,-61,-8,block_non_hd
8471768,Tom Pyatt,C,OTT,-59,5,block_non_hd
8471768,Tom Pyatt,C,OTT,43,27,block_non_hd
8471768,Tom Pyatt,C,OTT,42,26,block_non_hd
8471768,Tom Pyatt,C,OTT,68,-3,block_non_hd
8471768,Tom Pyatt,C,OTT,-49,1,block_non_hd
8471768,Tom Pyatt,C,OTT,42,-25,block_non_hd
8471768,Tom Pyatt,C,OTT,-45,-11,block_non_hd
8471768,Tom Pyatt,C,OTT,-81,0,crease_goal
8471768,Tom Pyatt,C,OTT,81,-1,crease_goal
8471768,Tom Pyatt,C,OTT,69,23,dz_faceoff_win
8471768,Tom Pyatt,C,OTT,-50,-41,hit_taken
8471768,Tom Pyatt,C,OTT,99,-16,hit_taken
8471768,Tom Pyatt,C,OTT,25,-40,hit_taken
8471768,Tom Pyatt,C,OTT,-68,-41,hit_taken
8471768,Tom Pyatt,C,OTT,98,-1,hit_taken
8471768,Tom Pyatt,C,OTT,-91,21,hit_taken
8471768,Tom Pyatt,C,OTT,86,-40,hit_taken
8471768,Tom Pyatt,C,OTT,-69,-33,hit_taken
8471768,Tom Pyatt,C,OTT,5,37,hit_taken
8471768,Tom Pyatt,C,OTT,-88,35,hit_taken
8471768,Tom Pyatt,C,OTT,79,39,hit_taken
8471768,Tom Pyatt,C,OTT,94,-35,hit_taken
8471768,Tom Pyatt,C,OTT,95,-7,hit_taken
8471768,Tom Pyatt,C,OTT,62,-39,hit_taken
8471768,Tom Pyatt,C,OTT,-88,18,hit_taken
8471768,Tom Pyatt,C,OTT,-17,-40,hit_taken
8471768,Tom Pyatt,C,OTT,4,38,hit_taken
8471768,Tom Pyatt,C,OTT,97,34,hit_taken
8471768,Tom Pyatt,C,OTT,56,-40,hit_taken
8471768,Tom Pyatt,C,OTT,22,40,hit_taken
8471768,Tom Pyatt,C,OTT,94,-38,hit_taken
8471768,Tom Pyatt,C,OTT,-47,-2,hit_taken
8471768,Tom Pyatt,C,OTT,78,-41,hit_taken
8471768,Tom Pyatt,C,OTT,74,-41,hit_taken
8471768,Tom Pyatt,C,OTT,-28,-40,hit_taken
8471768,Tom Pyatt,C,OTT,5,39,hit_taken
8471768,Tom Pyatt,C,OTT,-60,36,hit_thrown
8471768,Tom Pyatt,C,OTT,-75,-31,hit_thrown
8471768,Tom Pyatt,C,OTT,94,-35,hit_thrown
8471768,Tom Pyatt,C,OTT,-44,-39,hit_thrown
8471768,Tom Pyatt,C,OTT,28,-41,hit_thrown
8471768,Tom Pyatt,C,OTT,99,-3,hit_thrown
8471768,Tom Pyatt,C,OTT,-97,28,hit_thrown
8471768,Tom Pyatt,C,OTT,-69,41,hit_thrown
8471768,Tom Pyatt,C,OTT,96,11,hit_thrown
8471768,Tom Pyatt,C,OTT,77,38,hit_thrown
8471768,Tom Pyatt,C,OTT,94,-37,hit_thrown
8471768,Tom Pyatt,C,OTT,51,-40,hit_thrown
8471768,Tom Pyatt,C,OTT,73,41,hit_thrown
8471768,Tom Pyatt,C,OTT,-11,-40,hit_thrown
8471768,Tom Pyatt,C,OTT,99,-30,hit_thrown
8471768,Tom Pyatt,C,OTT,-6,-38,hit_thrown
8471768,Tom Pyatt,C,OTT,-96,-12,hit_thrown
8471768,Tom Pyatt,C,OTT,95,20,takeaway_other
8471768,Tom Pyatt,C,OTT,-36,12,takeaway_other
8471768,Tom Pyatt,C,OTT,11,39,takeaway_other
8471768,Tom Pyatt,C,OTT,-14,-17,takeaway_other
8471768,Tom Pyatt,C,OTT,-69,11,takeaway_other
8471768,Tom Pyatt,C,OTT,-54,1,takeaway_other
8471769,Niklas Hjalmarsson,D,CHI,76,-2,block_hd
8471769,Niklas Hjalmarsson,D,CHI,76,6,block_hd
8471769,Niklas Hjalmarsson,D,CHI,-72,-8,block_hd
8471769,Niklas Hjalmarsson,D,CHI,81,1,block_hd
8471769,Niklas Hjalmarsson,D,CHI,-64,-11,block_non_hd
8471769,Niklas Hjalmarsson,D,CHI,67,7,block_non_hd
8471769,Niklas Hjalmarsson,D,CHI,49,-3,block_non_hd
8471769,Niklas Hjalmarsson,D,CHI,94,30,hit_taken
8471769,Niklas Hjalmarsson,D,CHI,52,39,hit_taken
8471769,Niklas Hjalmarsson,D,CHI,-47,-38,hit_taken
8471769,Niklas Hjalmarsson,D,CHI,94,28,hit_taken
8471769,Niklas Hjalmarsson,D,CHI,-52,-39,hit_taken
8471769,Niklas Hjalmarsson,D,CHI,95,23,hit_taken
8471769,Niklas Hjalmarsson,D,CHI,-93,-33,hit_taken
8471769,Niklas Hjalmarsson,D,CHI,-11,36,hit_taken
8471769,Niklas Hjalmarsson,D,CHI,95,33,hit_taken
8471769,Niklas Hjalmarsson,D,CHI,95,8,hit_thrown
8471769,Niklas Hjalmarsson,D,CHI,95,-14,takeaway_hd
8471769,Niklas Hjalmarsson,D,CHI,45,27,takeaway_other
8471817,Ryan Reaves,R,STL,79,-13,block_hd
8471817,Ryan Reaves,R,STL,-48,-14,block_non_hd
8471817,Ryan Reaves,R,STL,-41,12,block_non_hd
8471817,Ryan Reaves,R,STL,61,6,block_non_hd
8471817,Ryan Reaves,R,STL,-42,-3,block_non_hd
8471817,Ryan Reaves,R,STL,39,21,block_non_hd
8471817,Ryan Reaves,R,STL,-47,-19,block_non_hd
8471817,Ryan Reaves,R,STL,-42,-18,block_non_hd
8471817,Ryan Reaves,R,STL,54,21,block_non_hd
8471817,Ryan Reaves,R,STL,-87,-37,hit_taken
8471817,Ryan Reaves,R,STL,98,-16,hit_taken
8471817,Ryan Reaves,R,STL,-42,36,hit_taken
8471817,Ryan Reaves,R,STL,-56,-40,hit_taken
8471817,Ryan Reaves,R,STL,97,8,hit_taken
8471817,Ryan Reaves,R,STL,97,-12,hit_taken
8471817,Ryan Reaves,R,STL,-14,15,hit_taken
8471817,Ryan Reaves,R,STL,92,-39,hit_taken
8471817,Ryan Reaves,R,STL,71,-41,hit_taken
8471817,Ryan Reaves,R,STL,8,-39,hit_taken
8471817,Ryan Reaves,R,STL,97,31,hit_taken
8471817,Ryan Reaves,R,STL,-96,20,hit_taken
8471817,Ryan Reaves,R,STL,99,-9,hit_taken
8471817,Ryan Reaves,R,STL,10,2,hit_taken
8471817,Ryan Reaves,R,STL,-26,39,hit_taken
8471817,Ryan Reaves,R,STL,-46,-41,hit_taken
8471817,Ryan Reaves,R,STL,66,-40,hit_taken
8471817,Ryan Reaves,R,STL,36,37,hit_taken
8471817,Ryan Reaves,R,STL,11,-40,hit_taken
8471817,Ryan Reaves,R,STL,-36,-38,hit_taken
8471817,Ryan Reaves,R,STL,8,-39,hit_taken
8471817,Ryan Reaves,R,STL,7,38,hit_taken
8471817,Ryan Reaves,R,STL,7,38,hit_taken
8471817,Ryan Reaves,R,STL,48,39,hit_thrown
8471817,Ryan Reaves,R,STL,97,-10,hit_thrown
8471817,Ryan Reaves,R,STL,-63,-39,hit_thrown
8471817,Ryan Reaves,R,STL,-60,38,hit_thrown
8471817,Ryan Reaves,R,STL,94,35,hit_thrown
8471817,Ryan Reaves,R,STL,-96,22,hit_thrown
8471817,Ryan Reaves,R,STL,47,41,hit_thrown
8471817,Ryan Reaves,R,STL,61,40,hit_thrown
8471817,Ryan Reaves,R,STL,96,-14,hit_thrown
8471817,Ryan Reaves,R,STL,99,-20,hit_thrown
8471817,Ryan Reaves,R,STL,-50,-40,hit_thrown
8471817,Ryan Reaves,R,STL,-96,-25,hit_thrown
8471817,Ryan Reaves,R,STL,46,40,hit_thrown
8471817,Ryan Reaves,R,STL,76,40,hit_thrown
8471817,Ryan Reaves,R,STL,-29,-41,hit_thrown
8471817,Ryan Reaves,R,STL,-20,-39,hit_thrown
8471817,Ryan Reaves,R,STL,-46,-41,hit_thrown
8471817,Ryan Reaves,R,STL,-79,-40,hit_thrown
8471817,Ryan Reaves,R,STL,98,-27,hit_thrown
8471817,Ryan Reaves,R,STL,90,38,hit_thrown
8471817,Ryan Reaves,R,STL,-79,-42,hit_thrown
8471817,Ryan Reaves,R,STL,-67,1,hit_thrown
8471817,Ryan Reaves,R,STL,77,-40,hit_thrown
8471817,Ryan Reaves,R,STL,84,39,hit_thrown
8471817,Ryan Reaves,R,STL,-52,-12,hit_thrown
8471817,Ryan Reaves,R,STL,-92,38,hit_thrown
8471817,Ryan Reaves,R,STL,-88,-11,hit_thrown
8471817,Ryan Reaves,R,STL,-47,40,hit_thrown
8471817,Ryan Reaves,R,STL,43,42,hit_thrown
8471817,Ryan Reaves,R,STL,70,41,hit_thrown
8471817,Ryan Reaves,R,STL,94,35,hit_thrown
8471817,Ryan Reaves,R,STL,5,4,hit_thrown
8471817,Ryan Reaves,R,STL,-92,-33,hit_thrown
8471817,Ryan Reaves,R,STL,-48,-36,hit_thrown
8471817,Ryan Reaves,R,STL,-95,-29,hit_thrown
8471817,Ryan Reaves,R,STL,16,-25,hit_thrown
8471817,Ryan Reaves,R,STL,34,38,hit_thrown
8471817,Ryan Reaves,R,STL,-5,-40,hit_thrown
8471817,Ryan Reaves,R,STL,13,38,hit_thrown
8471817,Ryan Reaves,R,STL,-82,-39,hit_thrown
8471817,Ryan Reaves,R,STL,-9,-38,hit_thrown
8471817,Ryan Reaves,R,STL,-84,-38,hit_thrown
8471887,Patric Hornqvist,R,PIT,70,-8,block_hd
8471887,Patric Hornqvist,R,PIT,-58,-2,block_non_hd
8471887,Patric Hornqvist,R,PIT,64,8,block_non_hd
8471887,Patric Hornqvist,R,PIT,-57,-23,block_non_hd
8471887,Patric Hornqvist,R,PIT,-50,8,block_non_hd
8471887,Patric Hornqvist,R,PIT,-59,-21,block_non_hd
8471887,Patric Hornqvist,R,PIT,-40,-26,block_non_hd
8471887,Patric Hornqvist,R,PIT,-43,7,block_non_hd
8471887,Patric Hornqvist,R,PIT,-55,-20,block_non_hd
8471887,Patric Hornqvist,R,PIT,-56,-21,block_non_hd
8471887,Patric Hornqvist,R,PIT,84,3,crease_goal
8471887,Patric Hornqvist,R,PIT,81,-2,crease_goal
8471887,Patric Hornqvist,R,PIT,-86,5,crease_goal
8471887,Patric Hornqvist,R,PIT,-43,-40,hit_taken
8471887,Patric Hornqvist,R,PIT,98,-29,hit_taken
8471887,Patric Hornqvist,R,PIT,-57,37,hit_taken
8471887,Patric Hornqvist,R,PIT,52,7,hit_taken
8471887,Patric Hornqvist,R,PIT,24,-40,hit_taken
8471887,Patric Hornqvist,R,PIT,78,-2,hit_taken
8471887,Patric Hornqvist,R,PIT,-97,-4,hit_taken
8471887,Patric Hornqvist,R,PIT,99,-18,hit_taken
8471887,Patric Hornqvist,R,PIT,-94,15,hit_taken
8471887,Patric Hornqvist,R,PIT,32,41,hit_taken
8471887,Patric Hornqvist,R,PIT,91,37,hit_taken
8471887,Patric Hornqvist,R,PIT,71,-40,hit_taken
8471887,Patric Hornqvist,R,PIT,-77,-39,hit_taken
8471887,Patric Hornqvist,R,PIT,-98,24,hit_taken
8471887,Patric Hornqvist,R,PIT,-4,40,hit_taken
8471887,Patric Hornqvist,R,PIT,81,41,hit_taken
8471887,Patric Hornqvist,R,PIT,29,-39,hit_taken
8471887,Patric Hornqvist,R,PIT,-94,-27,hit_taken
8471887,Patric Hornqvist,R,PIT,-94,37,hit_taken
8471887,Patric Hornqvist,R,PIT,95,-36,hit_taken
8471887,Patric Hornqvist,R,PIT,72,-9,hit_taken
8471887,Patric Hornqvist,R,PIT,39,-33,hit_taken
8471887,Patric Hornqvist,R,PIT,-18,-41,hit_taken
8471887,Patric Hornqvist,R,PIT,-96,-27,hit_taken
8471887,Patric Hornqvist,R,PIT,-94,37,hit_taken
8471887,Patric Hornqvist,R,PIT,96,-34,hit_taken
8471887,Patric Hornqvist,R,PIT,30,-40,hit_taken
8471887,Patric Hornqvist,R,PIT,-33,-40,hit_taken
8471887,Patric Hornqvist,R,PIT,40,38,hit_taken
8471887,Patric Hornqvist,R,PIT,39,-31,hit_taken
8471887,Patric Hornqvist,R,PIT,-17,39,hit_taken
8471887,Patric Hornqvist,R,PIT,49,42,hit_taken
8471887,Patric Hornqvist,R,PIT,-50,-40,hit_taken
8471887,Patric Hornqvist,R,PIT,-94,31,hit_taken
8471887,Patric Hornqvist,R,PIT,-94,-29,hit_taken
8471887,Patric Hornqvist,R,PIT,-27,39,hit_taken
8471887,Patric Hornqvist,R,PIT,37,-30,hit_taken
8471887,Patric Hornqvist,R,PIT,93,34,hit_taken
8471887,Patric Hornqvist,R,PIT,-93,34,hit_taken
8471887,Patric Hornqvist,R,PIT,93,-38,hit_taken
8471887,Patric Hornqvist,R,PIT,3,-40,hit_taken
8471887,Patric Hornqvist,R,PIT,83,-40,hit_taken
8471887,Patric Hornqvist,R,PIT,92,17,hit_taken
8471887,Patric Hornqvist,R,PIT,98,-14,hit_taken
8471887,Patric Hornqvist,R,PIT,79,-35,hit_taken
8471887,Patric Hornqvist,R,PIT,96,4,hit_thrown
8471887,Patric Hornqvist,R,PIT,-1,-40,hit_thrown
8471887,Patric Hornqvist,R,PIT,85,-40,hit_thrown
8471887,Patric Hornqvist,R,PIT,8,40,hit_thrown
8471887,Patric Hornqvist,R,PIT,-95,34,hit_thrown
8471887,Patric Hornqvist,R,PIT,97,-2,hit_thrown
8471887,Patric Hornqvist,R,PIT,-11,-38,hit_thrown
8471887,Patric Hornqvist,R,PIT,62,-39,hit_thrown
8471887,Patric Hornqvist,R,PIT,94,-36,hit_thrown
8471887,Patric Hornqvist,R,PIT,-75,40,hit_thrown
8471887,Patric Hornqvist,R,PIT,-97,-17,hit_thrown
8471887,Patric Hornqvist,R,PIT,-97,-5,hit_thrown
8471887,Patric Hornqvist,R,PIT,-16,-40,hit_thrown
8471887,Patric Hornqvist,R,PIT,97,-7,hit_thrown
8471887,Patric Hornqvist,R,PIT,-95,-10,hit_thrown
8471887,Patric Hornqvist,R,PIT,-97,16,hit_thrown
8471887,Patric Hornqvist,R,PIT,-87,40,hit_thrown
8471887,Patric Hornqvist,R,PIT,-58,39,hit_thrown
8471887,Patric Hornqvist,R,PIT,91,-39,hit_thrown
8471887,Patric Hornqvist,R,PIT,95,-35,hit_thrown
8471887,Patric Hornqvist,R,PIT,95,-9,hit_thrown
8471887,Patric Hornqvist,R,PIT,96,1,hit_thrown
8471887,Patric Hornqvist,R,PIT,96,14,hit_thrown
8471887,Patric Hornqvist,R,PIT,-96,-21,hit_thrown
8471887,Patric Hornqvist,R,PIT,-95,-32,hit_thrown
8471887,Patric Hornqvist,R,PIT,-97,27,hit_thrown
8471887,Patric Hornqvist,R,PIT,98,-7,hit_thrown
8471887,Patric Hornqvist,R,PIT,50,-34,hit_thrown
8471887,Patric Hornqvist,R,PIT,-51,40,hit_thrown
8471887,Patric Hornqvist,R,PIT,97,7,hit_thrown
8471887,Patric Hornqvist,R,PIT,98,14,hit_thrown
8471887,Patric Hornqvist,R,PIT,-97,-28,hit_thrown
8471887,Patric Hornqvist,R,PIT,-67,-41,hit_thrown
8471887,Patric Hornqvist,R,PIT,68,40,hit_thrown
8471887,Patric Hornqvist,R,PIT,98,1,hit_thrown
8471887,Patric Hornqvist,R,PIT,48,40,hit_thrown
8471887,Patric Hornqvist,R,PIT,30,40,hit_thrown
8471887,Patric Hornqvist,R,PIT,-98,18,hit_thrown
8471887,Patric Hornqvist,R,PIT,-98,27,hit_thrown
8471887,Patric Hornqvist,R,PIT,87,38,hit_thrown
8471887,Patric Hornqvist,R,PIT,-32,38,hit_thrown
8471887,Patric Hornqvist,R,PIT,-94,-26,hit_thrown
8471887,Patric Hornqvist,R,PIT,-93,32,hit_thrown
8471887,Patric Hornqvist,R,PIT,-15,38,hit_thrown
8471887,Patric Hornqvist,R,PIT,83,39,hit_thrown
8471887,Patric Hornqvist,R,PIT,94,-34,hit_thrown
8471887,Patric Hornqvist,R,PIT,-34,-36,hit_thrown
8471887,Patric Hornqvist,R,PIT,-71,-37,hit_thrown
8471887,Patric Hornqvist,R,PIT,90,-39,hit_thrown
8471887,Patric Hornqvist,R,PIT,63,35,hit_thrown
8471887,Patric Hornqvist,R,PIT,-60,41,hit_thrown
8471887,Patric Hornqvist,R,PIT,97,-2,hit_thrown
8471887,Patric Hornqvist,R,PIT,91,35,hit_thrown
8471887,Patric Hornqvist,R,PIT,-21,10,takeaway_other
8471887,Patric Hornqvist,R,PIT,-14,20,takeaway_other
8471887,Patric Hornqvist,R,PIT,35,-36,takeaway_other
8471887,Patric Hornqvist,R,PIT,16,38,takeaway_other
8471887,Patric Hornqvist,R,PIT,-22,39,takeaway_other
8471887,Patric Hornqvist,R,PIT,48,36,takeaway_other
8471958,Dan Girardi,D,NYR,-84,5,block_hd
8471958,Dan Girardi,D,NYR,70,7,block_hd
8471958,Dan Girardi,D,NYR,-72,-13,block_hd
8471958,Dan Girardi,D,NYR,-72,8,block_hd
8471958,Dan Girardi,D,NYR,70,-7,block_hd
8471958,Dan Girardi,D,NYR,75,-3,block_hd
8471958,Dan Girardi,D,NYR,71,9,block_hd
8471958,Dan Girardi,D,NYR,78,-13,block_hd
8471958,Dan Girardi,D,NYR,-72,8,block_hd
8471958,Dan Girardi,D,NYR,76,12,block_hd
8471958,Dan Girardi,D,NYR,-79,-7,block_hd
8471958,Dan Girardi,D,NYR,-71,-11,block_hd
8471958,Dan Girardi,D,NYR,70,13,block_hd
8471958,Dan Girardi,D,NYR,78,5,block_hd
8471958,Dan Girardi,D,NYR,-78,4,block_hd
8471958,Dan Girardi,D,NYR,-79,7,block_hd
8471958,Dan Girardi,D,NYR,80,-3,block_hd
8471958,Dan Girardi,D,NYR,-75,-16,block_hd
8471958,Dan Girardi,D,NYR,43,-20,block_non_hd
8471958,Dan Girardi,D,NYR,61,-10,block_non_hd
8471958,Dan Girardi,D,NYR,-59,-24,block_non_hd
8471958,Dan Girardi,D,NYR,66,17,block_non_hd
8471958,Dan Girardi,D,NYR,52,3,block_non_hd
8471958,Dan Girardi,D,NYR,-65,-23,block_non_hd
8471958,Dan Girardi,D,NYR,-56,-27,block_non_hd
8471958,Dan Girardi,D,NYR,61,10,block_non_hd
8471958,Dan Girardi,D,NYR,64,-2,block_non_hd
8471958,Dan Girardi,D,NYR,-62,-8,block_non_hd
8471958,Dan Girardi,D,NYR,62,19,block_non_hd
8471958,Dan Girardi,D,NYR,-53,-3,block_non_hd
8471958,Dan Girardi,D,NYR,58,12,block_non_hd
8471958,Dan Girardi,D,NYR,-60,-3,block_non_hd
8471958,Dan Girardi,D,NYR,-63,5,block_non_hd
8471958,Dan Girardi,D,NYR,-87,-24,block_non_hd
8471958,Dan Girardi,D,NYR,63,28,block_non_hd
8471958,Dan Girardi,D,NYR,59,25,block_non_hd
8471958,Dan Girardi,D,NYR,-66,-10,block_non_hd
8471958,Dan Girardi,D,NYR,-52,-29,block_non_hd
8471958,Dan Girardi,D,NYR,67,4,block_non_hd
8471958,Dan Girardi,D,NYR,-68,-18,block_non_hd
8471958,Dan Girardi,D,NYR,-67,1,block_non_hd
8471958,Dan Girardi,D,NYR,-68,-7,block_non_hd
8471958,Dan Girardi,D,NYR,-73,22,block_non_hd
8471958,Dan Girardi,D,NYR,64,-17,block_non_hd
8471958,Dan Girardi,D,NYR,-96,-22,hit_taken
8471958,Dan Girardi,D,NYR,-29,41,hit_taken
8471958,Dan Girardi,D,NYR,93,-35,hit_taken
8471958,Dan Girardi,D,NYR,-96,2,hit_taken
8471958,Dan Girardi,D,NYR,-96,8,hit_taken
8471958,Dan Girardi,D,NYR,-85,-38,hit_taken
8471958,Dan Girardi,D,NYR,67,-39,hit_taken
8471958,Dan Girardi,D,NYR,-1,39,hit_taken
8471958,Dan Girardi,D,NYR,-93,-34,hit_taken
8471958,Dan Girardi,D,NYR,90,38,hit_taken
8471958,Dan Girardi,D,NYR,74,-40,hit_taken
8471958,Dan Girardi,D,NYR,4,36,hit_taken
8471958,Dan Girardi,D,NYR,-96,33,hit_taken
8471958,Dan Girardi,D,NYR,46,39,hit_taken
8471958,Dan Girardi,D,NYR,-79,39,hit_taken
8471958,Dan Girardi,D,NYR,80,39,hit_taken
8471958,Dan Girardi,D,NYR,97,-18,hit_taken
8471958,Dan Girardi,D,NYR,85,39,hit_taken
8471958,Dan Girardi,D,NYR,89,41,hit_taken
8471958,Dan Girardi,D,NYR,95,34,hit_taken
8471958,Dan Girardi,D,NYR,-71,-42,hit_taken
8471958,Dan Girardi,D,NYR,80,38,hit_taken
8471958,Dan Girardi,D,NYR,78,38,hit_taken
8471958,Dan Girardi,D,NYR,68,37,hit_taken
8471958,Dan Girardi,D,NYR,-86,40,hit_taken
8471958,Dan Girardi,D,NYR,-95,-23,hit_taken
8471958,Dan Girardi,D,NYR,-93,-34,hit_taken
8471958,Dan Girardi,D,NYR,97,-23,hit_taken
8471958,Dan Girardi,D,NYR,-97,-12,hit_taken
8471958,Dan Girardi,D,NYR,97,-27,hit_taken
8471958,Dan Girardi,D,NYR,97,-29,hit_taken
8471958,Dan Girardi,D,NYR,97,-23,hit_taken
8471958,Dan Girardi,D,NYR,-95,5,hit_taken
8471958,Dan Girardi,D,NYR,97,10,hit_taken
8471958,Dan Girardi,D,NYR,-96,33,hit_thrown
8471958,Dan Girardi,D,NYR,-22,-39,hit_thrown
8471958,Dan Girardi,D,NYR,-95,-12,hit_thrown
8471958,Dan Girardi,D,NYR,19,-36,hit_thrown
8471958,Dan Girardi,D,NYR,44,40,hit_thrown
8471958,Dan Girardi,D,NYR,-63,41,hit_thrown
8471958,Dan Girardi,D,NYR,-96,-30,hit_thrown
8471958,Dan Girardi,D,NYR,-96,-34,hit_thrown
8471958,Dan Girardi,D,NYR,99,11,hit_thrown
8471958,Dan Girardi,D,NYR,56,-40,hit_thrown
8471958,Dan Girardi,D,NYR,97,-20,hit_thrown
8471958,Dan Girardi,D,NYR,-15,-38,hit_thrown
8471958,Dan Girardi,D,NYR,95,-16,hit_thrown
8471958,Dan Girardi,D,NYR,96,8,hit_thrown
8471958,Dan Girardi,D,NYR,97,8,hit_thrown
8471958,Dan Girardi,D,NYR,-15,-21,hit_thrown
8471958,Dan Girardi,D,NYR,-85,-2,hit_thrown
8471958,Dan Girardi,D,NYR,-50,36,hit_thrown
8471958,Dan Girardi,D,NYR,88,23,hit_thrown
8471958,Dan Girardi,D,NYR,-51,-39,hit_thrown
8471958,Dan Girardi,D,NYR,96,-33,hit_thrown
8471958,Dan Girardi,D,NYR,79,39,hit_thrown
8471958,Dan Girardi,D,NYR,53,38,hit_thrown
8471958,Dan Girardi,D,NYR,93,38,hit_thrown
8471958,Dan Girardi,D,NYR,68,40,hit_thrown
8471958,Dan Girardi,D,NYR,3,-38,hit_thrown
8471958,Dan Girardi,D,NYR,95,-7,hit_thrown
8471958,Dan Girardi,D,NYR,76,5,takeaway_hd
8471958,Dan Girardi,D,NYR,51,-7,takeaway_other
8471958,Dan Girardi,D,NYR,67,19,takeaway_other
8471958,Dan Girardi,D,NYR,19,-9,takeaway_other
8471976,David Desharnais,C,EDM,70,-4,block_hd
8471976,David Desharnais,C,EDM,87,-6,block_hd
8471976,David Desharnais,C,EDM,-44,-19,block_non_hd
8471976,David Desharnais,C,EDM,52,15,block_non_hd
8471976,David Desharnais,C,EDM,-55,15,block_non_hd
8471976,David Desharnais,C,EDM,-64,-7,block_non_hd
8471976,David Desharnais,C,EDM,-58,34,block_non_hd
8471976,David Desharnais,C,EDM,-69,21,dz_faceoff_win
8471976,David Desharnais,C,EDM,-69,22,dz_faceoff_win
8471976,David Desharnais,C,EDM,70,-23,dz_faceoff_win
8471976,David Desharnais,C,EDM,66,-21,dz_faceoff_win
8471976,David Desharnais,C,EDM,-69,21,dz_faceoff_win
8471976,David Desharnais,C,EDM,69,-23,dz_faceoff_win
8471976,David Desharnais,C,EDM,69,-22,dz_faceoff_win
8471976,David Desharnais,C,EDM,-68,21,dz_faceoff_win
8471976,David Desharnais,C,EDM,-70,22,dz_faceoff_win
8471976,David Desharnais,C,EDM,-69,-22,dz_faceoff_win
8471976,David Desharnais,C,EDM,-51,-37,hit_taken
8471976,David Desharnais,C,EDM,9,40,hit_taken
8471976,David Desharnais,C,EDM,-47,41,hit_taken
8471976,David Desharnais,C,EDM,98,-26,hit_taken
8471976,David Desharnais,C,EDM,91,-39,hit_taken
8471976,David Desharnais,C,EDM,97,8,hit_taken
8471976,David Desharnais,C,EDM,95,-31,hit_taken
8471976,David Desharnais,C,EDM,91,-40,hit_taken
8471976,David Desharnais,C,EDM,-50,39,hit_taken
8471976,David Desharnais,C,EDM,69,42,hit_taken
8471976,David Desharnais,C,EDM,20,41,hit_taken
8471976,David Desharnais,C,EDM,-78,40,hit_taken
8471976,David Desharnais,C,EDM,-97,1,hit_taken
8471976,David Desharnais,C,EDM,98,11,hit_taken
8471976,David Desharnais,C,EDM,79,-39,hit_taken
8471976,David Desharnais,C,EDM,75,-36,hit_taken
8471976,David Desharnais,C,EDM,97,-21,hit_taken
8471976,David Desharnais,C,EDM,31,40,hit_taken
8471976,David Desharnais,C,EDM,-73,40,hit_taken
8471976,David Desharnais,C,EDM,24,-38,hit_thrown
8471976,David Desharnais,C,EDM,-96,17,hit_thrown
8471976,David Desharnais,C,EDM,-78,37,hit_thrown
8471976,David Desharnais,C,EDM,-31,39,hit_thrown
8471976,David Desharnais,C,EDM,-78,38,hit_thrown
8471976,David Desharnais,C,EDM,94,-15,hit_thrown
8471976,David Desharnais,C,EDM,-3,-38,hit_thrown
8471976,David Desharnais,C,EDM,95,-7,takeaway_hd
8471976,David Desharnais,C,EDM,6,-21,takeaway_other
8471976,David Desharnais,C,EDM,-25,40,takeaway_other
8471976,David Desharnais,C,EDM,-32,38,takeaway_other
8471976,David Desharnais,C,EDM,-63,-36,takeaway_other
8473419,Brad Marchand,C,BOS,-50,13,block_non_hd
8473419,Brad Marchand,C,BOS,-47,9,block_non_hd
8473419,Brad Marchand,C,BOS,-44,25,block_non_hd
8473419,Brad Marchand,C,BOS,-56,5,block_non_hd
8473419,Brad Marchand,C,BOS,51,-12,block_non_hd
8473419,Brad Marchand,C,BOS,-58,-40,hit_taken
8473419,Brad Marchand,C,BOS,-25,36,hit_taken
8473419,Brad Marchand,C,BOS,93,-19,hit_taken
8473419,Brad Marchand,C,BOS,-36,39,hit_taken
8473419,Brad Marchand,C,BOS,1,-40,hit_taken
8473419,Brad Marchand,C,BOS,15,-40,hit_taken
8473419,Brad Marchand,C,BOS,-32,-24,hit_taken
8473419,Brad Marchand,C,BOS,50,38,hit_taken
8473419,Brad Marchand,C,BOS,96,-5,hit_taken
8473419,Brad Marchand,C,BOS,95,25,hit_taken
8473419,Brad Marchand,C,BOS,-38,-33,hit_taken
8473419,Brad Marchand,C,BOS,-88,-28,hit_taken
8473419,Brad Marchand,C,BOS,-90,38,hit_taken
8473419,Brad Marchand,C,BOS,50,40,hit_taken
8473419,Brad Marchand,C,BOS,-32,12,hit_taken
8473419,Brad Marchand,C,BOS,-28,39,hit_thrown
8473419,Brad Marchand,C,BOS,16,-38,hit_thrown
8473419,Brad Marchand,C,BOS,25,-40,hit_thrown
8473419,Brad Marchand,C,BOS,-21,-40,hit_thrown
8473419,Brad Marchand,C,BOS,33,-39,hit_thrown
8473419,Brad Marchand,C,BOS,94,11,takeaway_hd
8473419,Brad Marchand,C,BOS,8,39,takeaway_other
8473419,Brad Marchand,C,BOS,31,36,takeaway_other
8473419,Brad Marchand,C,BOS,-45,37,takeaway_other
8473422,Nick Foligno,L,CBJ,71,-14,block_hd
8473422,Nick Foligno,L,CBJ,-40,-8,block_non_hd
8473422,Nick Foligno,L,CBJ,64,-29,block_non_hd
8473422,Nick Foligno,L,CBJ,-94,-37,hit_taken
8473422,Nick Foligno,L,CBJ,72,40,hit_taken
8473422,Nick Foligno,L,CBJ,35,-7,hit_taken
8473422,Nick Foligno,L,CBJ,-26,41,hit_taken
8473422,Nick Foligno,L,CBJ,-96,28,hit_thrown
8473422,Nick Foligno,L,CBJ,-72,40,hit_thrown
8473422,Nick Foligno,L,CBJ,-98,-1,hit_thrown
8473422,Nick Foligno,L,CBJ,-96,-31,hit_thrown
8473422,Nick Foligno,L,CBJ,-70,40,hit_thrown
8473422,Nick Foligno,L,CBJ,73,40,hit_thrown
8473422,Nick Foligno,L,CBJ,-97,10,hit_thrown
8473422,Nick Foligno,L,CBJ,62,-38,hit_thrown
8473422,Nick Foligno,L,CBJ,-96,-16,hit_thrown
8473422,Nick Foligno,L,CBJ,98,-29,hit_thrown
8473422,Nick Foligno,L,CBJ,58,-39,hit_thrown
8473422,Nick Foligno,L,CBJ,96,-34,hit_thrown
8473422,Nick Foligno,L,CBJ,97,-34,hit_thrown
8473422,Nick Foligno,L,CBJ,77,36,hit_thrown
8473422,Nick Foligno,L,CBJ,-37,32,takeaway_other
8473463,Leo Komarov,C,TOR,-60,-24,block_non_hd
8473463,Leo Komarov,C,TOR,-44,29,block_non_hd
8473463,Leo Komarov,C,TOR,57,-8,block_non_hd
8473463,Leo Komarov,C,TOR,-69,-23,dz_faceoff_win
8473463,Leo Komarov,C,TOR,70,22,dz_faceoff_win
8473463,Leo Komarov,C,TOR,-69,-22,dz_faceoff_win
8473463,Leo Komarov,C,TOR,69,22,dz_faceoff_win
8473463,Leo Komarov,C,TOR,-69,-22,dz_faceoff_win
8473463,Leo Komarov,C,TOR,-69,22,dz_faceoff_win
8473463,Leo Komarov,C,TOR,-69,-22,dz_faceoff_win
8473463,Leo Komarov,C,TOR,-68,-22,dz_faceoff_win
8473463,Leo Komarov,C,TOR,-4,37,hit_taken
8473463,Leo Komarov,C,TOR,87,-17,hit_taken
8473463,Leo Komarov,C,TOR,-54,-3,hit_taken
8473463,Leo Komarov,C,TOR,-56,-37,hit_taken
8473463,Leo Komarov,C,TOR,-14,-38,hit_taken
8473463,Leo Komarov,C,TOR,37,-39,hit_taken
8473463,Leo Komarov,C,TOR,-95,11,hit_taken
8473463,Leo Komarov,C,TOR,-42,38,hit_taken
8473463,Leo Komarov,C,TOR,94,11,hit_taken
8473463,Leo Komarov,C,TOR,-57,39,hit_taken
8473463,Leo Komarov,C,TOR,75,-30,hit_taken
8473463,Leo Komarov,C,TOR,92,-22,hit_thrown
8473463,Leo Komarov,C,TOR,-5,-40,hit_thrown
8473463,Leo Komarov,C,TOR,90,39,hit_thrown
8473463,Leo Komarov,C,TOR,-68,40,hit_thrown
8473463,Leo Komarov,C,TOR,-4,29,hit_thrown
8473463,Leo Komarov,C,TOR,-76,-35,hit_thrown
8473463,Leo Komarov,C,TOR,92,-34,hit_thrown
8473463,Leo Komarov,C,TOR,-95,-34,hit_thrown
8473463,Leo Komarov,C,TOR,-60,-36,hit_thrown
8473463,Leo Komarov,C,TOR,54,-38,hit_thrown
8473463,Leo Komarov,C,TOR,-93,-10,hit_thrown
8473463,Leo Komarov,C,TOR,-78,42,hit_thrown
8473463,Leo Komarov,C,TOR,-78,10,hit_thrown
8473463,Leo Komarov,C,TOR,77,-40,hit_thrown
8473463,Leo Komarov,C,TOR,-13,39,hit_thrown
8473463,Leo Komarov,C,TOR,12,37,hit_thrown
8473463,Leo Komarov,C,TOR,94,23,hit_thrown
8473463,Leo Komarov,C,TOR,43,38,hit_thrown
8473463,Leo Komarov,C,TOR,34,-38,hit_thrown
8473463,Leo Komarov,C,TOR,95,-33,hit_thrown
8473463,Leo Komarov,C,TOR,-94,-26,hit_thrown
8473463,Leo Komarov,C,TOR,-96,-18,hit_thrown
8473463,Leo Komarov,C,TOR,42,36,hit_thrown
8473463,Leo Komarov,C,TOR,16,-38,hit_thrown
8473463,Leo Komarov,C,TOR,-91,36,hit_thrown
8473463,Leo Komarov,C,TOR,93,34,hit_thrown
8473463,Leo Komarov,C,TOR,33,31,hit_thrown
8473463,Leo Komarov,C,TOR,60,-41,hit_thrown
8473463,Leo Komarov,C,TOR,-89,-33,hit_thrown
8473463,Leo Komarov,C,TOR,-74,37,hit_thrown
8473463,Leo Komarov,C,TOR,-56,-33,takeaway_other
8473463,Leo Komarov,C,TOR,58,6,takeaway_other
8473463,Leo Komarov,C,TOR,5,-7,takeaway_other
8473463,Leo Komarov,C,TOR,84,20,takeaway_other
8473463,Leo Komarov,C,TOR,-26,38,takeaway_other
8473466,Ryan White,C,MIN,46,21,block_non_hd
8473466,Ryan White,C,MIN,14,-41,hit_taken
8473466,Ryan White,C,MIN,70,-41,hit_taken
8473466,Ryan White,C,MIN,-88,-40,hit_thrown
8473466,Ryan White,C,MIN,-98,21,hit_thrown
8473466,Ryan White,C,MIN,-94,-39,hit_thrown
8473466,Ryan White,C,MIN,-38,-40,hit_thrown
8473466,Ryan White,C,MIN,-98,-21,hit_thrown
8473466,Ryan White,C,MIN,73,-32,hit_thrown
8473466,Ryan White,C,MIN,-97,1,hit_thrown
8473466,Ryan White,C,MIN,-13,40,hit_thrown
8473466,Ryan White,C,MIN,-75,40,hit_thrown
8473466,Ryan White,C,MIN,92,35,hit_thrown
8473466,Ryan White,C,MIN,17,-21,hit_thrown
8473466,Ryan White,C,MIN,23,-32,hit_thrown
8473468,Eric Gryba,D,EDM,68,3,block_non_hd
8473468,Eric Gryba,D,EDM,-57,21,block_non_hd
8473468,Eric Gryba,D,EDM,-80,39,hit_taken
8473468,Eric Gryba,D,EDM,75,39,hit_taken
8473468,Eric Gryba,D,EDM,9,-37,hit_taken
8473468,Eric Gryba,D,EDM,-94,27,hit_taken
8473468,Eric Gryba,D,EDM,-90,34,hit_taken
8473468,Eric Gryba,D,EDM,-17,-37,hit_taken
8473468,Eric Gryba,D,EDM,-94,-5,hit_taken
8473468,Eric Gryba,D,EDM,-46,38,hit_taken
8473468,Eric Gryba,D,EDM,74,39,hit_taken
8473468,Eric Gryba,D,EDM,10,-39,hit_taken
8473468,Eric Gryba,D,EDM,-51,-37,hit_taken
8473468,Eric Gryba,D,EDM,-93,-23,hit_taken
8473468,Eric Gryba,D,EDM,98,9,hit_taken
8473468,Eric Gryba,D,EDM,8,40,hit_taken
8473468,Eric Gryba,D,EDM,83,-40,hit_taken
8473468,Eric Gryba,D,EDM,-8,41,hit_taken
8473468,Eric Gryba,D,EDM,96,35,hit_taken
8473468,Eric Gryba,D,EDM,-81,41,hit_taken
8473468,Eric Gryba,D,EDM,97,16,hit_taken
8473468,Eric Gryba,D,EDM,98,16,hit_taken
8473468,Eric Gryba,D,EDM,-39,-37,hit_thrown
8473468,Eric Gryba,D,EDM,-45,-36,hit_thrown
8473468,Eric Gryba,D,EDM,-94,-8,hit_thrown
8473468,Eric Gryba,D,EDM,1,24,hit_thrown
8473468,Eric Gryba,D,EDM,54,-33,hit_thrown
8473468,Eric Gryba,D,EDM,-95,31,hit_thrown
8473468,Eric Gryba,D,EDM,-53,-33,hit_thrown
8473468,Eric Gryba,D,EDM,-10,-34,hit_thrown
8473468,Eric Gryba,D,EDM,-73,-37,hit_thrown
8473468,Eric Gryba,D,EDM,-74,-39,hit_thrown
8473468,Eric Gryba,D,EDM,16,-38,hit_thrown
8473468,Eric Gryba,D,EDM,-94,-6,hit_thrown
8473468,Eric Gryba,D,EDM,-96,-5,hit_thrown
8473468,Eric Gryba,D,EDM,-81,-36,hit_thrown
8473468,Eric Gryba,D,EDM,97,-33,hit_thrown
8473468,Eric Gryba,D,EDM,97,10,hit_thrown
8473468,Eric Gryba,D,EDM,-91,37,hit_thrown
8473473,Milan Lucic,L,EDM,-34,7,block_non_hd
8473473,Milan Lucic,L,EDM,40,-24,block_non_hd
8473473,Milan Lucic,L,EDM,-63,-2,block_non_hd
8473473,Milan Lucic,L,EDM,-48,13,block_non_hd
8473473,Milan Lucic,L,EDM,42,-12,block_non_hd
8473473,Milan Lucic,L,EDM,82,-2,crease_goal
8473473,Milan Lucic,L,EDM,-78,38,hit_taken
8473473,Milan Lucic,L,EDM,95,-2,hit_taken
8473473,Milan Lucic,L,EDM,78,31,hit_taken
8473473,Milan Lucic,L,EDM,71,-35,hit_taken
8473473,Milan Lucic,L,EDM,-54,39,hit_taken
8473473,Milan Lucic,L,EDM,-99,-18,hit_taken
8473473,Milan Lucic,L,EDM,-19,41,hit_taken
8473473,Milan Lucic,L,EDM,40,-39,hit_taken
8473473,Milan Lucic,L,EDM,-28,-13,hit_taken
8473473,Milan Lucic,L,EDM,46,40,hit_taken
8473473,Milan Lucic,L,EDM,-17,-39,hit_taken
8473473,Milan Lucic,L,EDM,-69,40,hit_taken
8473473,Milan Lucic,L,EDM,-84,37,hit_taken
8473473,Milan Lucic,L,EDM,97,-7,hit_taken
8473473,Milan Lucic,L,EDM,-23,-41,hit_taken
8473473,Milan Lucic,L,EDM,7,39,hit_taken
8473473,Milan Lucic,L,EDM,-52,39,hit_taken
8473473,Milan Lucic,L,EDM,-94,-36,hit_taken
8473473,Milan Lucic,L,EDM,-45,-40,hit_taken
8473473,Milan Lucic,L,EDM,-80,-10,hit_taken
8473473,Milan Lucic,L,EDM,-96,-9,hit_taken
8473473,Milan Lucic,L,EDM,-37,35,hit_taken
8473473,Milan Lucic,L,EDM,-96,-26,hit_taken
8473473,Milan Lucic,L,EDM,59,39,hit_taken
8473473,Milan Lucic,L,EDM,-28,37,hit_taken
8473473,Milan Lucic,L,EDM,-79,40,hit_taken
8473473,Milan Lucic,L,EDM,-14,31,hit_taken
8473473,Milan Lucic,L,EDM,-4,38,hit_taken
8473473,Milan Lucic,L,EDM,-84,29,hit_taken
8473473,Milan Lucic,L,EDM,88,-35,hit_taken
8473473,Milan Lucic,L,EDM,-67,36,hit_taken
8473473,Milan Lucic,L,EDM,33,38,hit_taken
8473473,Milan Lucic,L,EDM,-77,38,hit_thrown
8473473,Milan Lucic,L,EDM,-77,41,hit_thrown
8473473,Milan Lucic,L,EDM,35,-1,hit_thrown
8473473,Milan Lucic,L,EDM,-12,36,hit_thrown
8473473,Milan Lucic,L,EDM,98,-3,hit_thrown
8473473,Milan Lucic,L,EDM,-94,-38,hit_thrown
8473473,Milan Lucic,L,EDM,7,37,hit_thrown
8473473,Milan Lucic,L,EDM,96,-4,hit_thrown
8473473,Milan Lucic,L,EDM,-35,40,hit_thrown
8473473,Milan Lucic,L,EDM,-97,-22,hit_thrown
8473473,Milan Lucic,L,EDM,-82,38,hit_thrown
8473473,Milan Lucic,L,EDM,-8,38,hit_thrown
8473473,Milan Lucic,L,EDM,33,-35,hit_thrown
8473473,Milan Lucic,L,EDM,43,30,hit_thrown
8473473,Milan Lucic,L,EDM,-57,40,hit_thrown
8473473,Milan Lucic,L,EDM,-97,24,hit_thrown
8473473,Milan Lucic,L,EDM,-81,40,hit_thrown
8473473,Milan Lucic,L,EDM,-96,8,hit_thrown
8473473,Milan Lucic,L,EDM,93,-34,hit_thrown
8473473,Milan Lucic,L,EDM,63,40,hit_thrown
8473473,Milan Lucic,L,EDM,41,0,hit_thrown
8473473,Milan Lucic,L,EDM,-84,-34,hit_thrown
8473473,Milan Lucic,L,EDM,-96,-21,hit_thrown
8473473,Milan Lucic,L,EDM,52,36,hit_thrown
8473473,Milan Lucic,L,EDM,90,-28,hit_thrown
8473473,Milan Lucic,L,EDM,94,-18,hit_thrown
8473473,Milan Lucic,L,EDM,73,40,hit_thrown
8473473,Milan Lucic,L,EDM,-51,37,hit_thrown
8473473,Milan Lucic,L,EDM,-36,-33,hit_thrown
8473473,Milan Lucic,L,EDM,82,41,hit_thrown
8473473,Milan Lucic,L,EDM,-22,39,hit_thrown
8473473,Milan Lucic,L,EDM,-94,19,hit_thrown
8473473,Milan Lucic,L,EDM,-90,33,hit_thrown
8473473,Milan Lucic,L,EDM,-37,-41,hit_thrown
8473473,Milan Lucic,L,EDM,99,-20,hit_thrown
8473473,Milan Lucic,L,EDM,97,17,takeaway_hd
8473473,Milan Lucic,L,EDM,-75,38,takeaway_other
8473473,Milan Lucic,L,EDM,-51,16,takeaway_other
8473485,Chris Stewart,R,MIN,40,36,hit_taken
8473485,Chris Stewart,R,MIN,47,41,hit_taken
8473485,Chris Stewart,R,MIN,86,40,hit_taken
8473485,Chris Stewart,R,MIN,24,7,hit_taken
8473485,Chris Stewart,R,MIN,35,-35,hit_thrown
8473485,Chris Stewart,R,MIN,-79,-39,hit_thrown
8473485,Chris Stewart,R,MIN,-78,-40,hit_thrown
8473485,Chris Stewart,R,MIN,17,-38,hit_thrown
8473485,Chris Stewart,R,MIN,-56,-40,hit_thrown
8473485,Chris Stewart,R,MIN,76,-37,hit_thrown
8473485,Chris Stewart,R,MIN,-91,32,hit_thrown
8473485,Chris Stewart,R,MIN,-8,41,hit_thrown
8473485,Chris Stewart,R,MIN,-98,29,hit_thrown
8473485,Chris Stewart,R,MIN,-97,-33,hit_thrown
8473485,Chris Stewart,R,MIN,-73,-40,hit_thrown
8473485,Chris Stewart,R,MIN,-17,-40,takeaway_other
8473485,Chris Stewart,R,MIN,-34,16,takeaway_other
8473485,Chris Stewart,R,MIN,49,-28,takeaway_other
8473492,Matt Beleskey,L,BOS,82,-14,block_hd
8473492,Matt Beleskey,L,BOS,-20,16,hit_taken
8473492,Matt Beleskey,L,BOS,-98,-3,hit_thrown
8473492,Matt Beleskey,L,BOS,-1,-36,hit_thrown
8473492,Matt Beleskey,L,BOS,-96,19,hit_thrown
8473492,Matt Beleskey,L,BOS,5,40,hit_thrown
8473492,Matt Beleskey,L,BOS,10,-37,hit_thrown
8473492,Matt Beleskey,L,BOS,-94,5,hit_thrown
8473492,Matt Beleskey,L,BOS,-3,37,hit_thrown
8473507,Jeff Petry,D,MTL,70,-2,block_hd
8473507,Jeff Petry,D,MTL,-73,-1,block_hd
8473507,Jeff Petry,D,MTL,-75,-17,block_hd
8473507,Jeff Petry,D,MTL,82,0,block_hd
8473507,Jeff Petry,D,MTL,-91,-13,block_hd
8473507,Jeff Petry,D,MTL,74,2,block_hd
8473507,Jeff Petry,D,MTL,-60,-22,block_non_hd
8473507,Jeff Petry,D,MTL,-57,-1,block_non_hd
8473507,Jeff Petry,D,MTL,-68,-26,block_non_hd
8473507,Jeff Petry,D,MTL,-79,-28,block_non_hd
8473507,Jeff Petry,D,MTL,-64,-14,block_non_hd
8473507,Jeff Petry,D,MTL,-39,1,block_non_hd
8473507,Jeff Petry,D,MTL,-49,0,block_non_hd
8473507,Jeff Petry,D,MTL,64,40,hit_taken
8473507,Jeff Petry,D,MTL,-38,40,hit_taken
8473507,Jeff Petry,D,MTL,-66,41,hit_taken
8473507,Jeff Petry,D,MTL,-96,10,hit_taken
8473507,Jeff Petry,D,MTL,-70,-40,hit_taken
8473507,Jeff Petry,D,MTL,98,-25,hit_taken
8473507,Jeff Petry,D,MTL,98,-22,hit_taken
8473507,Jeff Petry,D,MTL,88,36,hit_taken
8473507,Jeff Petry,D,MTL,97,21,hit_taken
8473507,Jeff Petry,D,MTL,-93,-37,hit_taken
8473507,Jeff Petry,D,MTL,-92,21,hit_taken
8473507,Jeff Petry,D,MTL,-94,5,hit_taken
8473507,Jeff Petry,D,MTL,-96,14,hit_taken
8473507,Jeff Petry,D,MTL,-83,39,hit_taken
8473507,Jeff Petry,D,MTL,-95,9,hit_taken
8473507,Jeff Petry,D,MTL,-95,-31,hit_taken
8473507,Jeff Petry,D,MTL,-89,-38,hit_taken
8473507,Jeff Petry,D,MTL,96,-33,hit_taken
8473507,Jeff Petry,D,MTL,-97,-19,hit_taken
8473507,Jeff Petry,D,MTL,41,37,hit_taken
8473507,Jeff Petry,D,MTL,9,28,hit_taken
8473507,Jeff Petry,D,MTL,-78,-39,hit_thrown
8473507,Jeff Petry,D,MTL,-58,-39,hit_thrown
8473507,Jeff Petry,D,MTL,-8,41,hit_thrown
8473507,Jeff Petry,D,MTL,32,40,hit_thrown
8473507,Jeff Petry,D,MTL,-94,-10,hit_thrown
8473507,Jeff Petry,D,MTL,11,41,hit_thrown
8473507,Jeff Petry,D,MTL,-12,-39,hit_thrown
8473507,Jeff Petry,D,MTL,-71,-39,hit_thrown
8473507,Jeff Petry,D,MTL,97,-5,hit_thrown
8473507,Jeff Petry,D,MTL,-73,2,hit_thrown
8473507,Jeff Petry,D,MTL,-95,-26,hit_thrown
8473507,Jeff Petry,D,MTL,-96,-26,hit_thrown
8473507,Jeff Petry,D,MTL,-41,38,hit_thrown
8473507,Jeff Petry,D,MTL,-97,29,hit_thrown
8473507,Jeff Petry,D,MTL,-98,9,hit_thrown
8473507,Jeff Petry,D,MTL,10,33,hit_thrown
8473507,Jeff Petry,D,MTL,-39,-39,hit_thrown
8473507,Jeff Petry,D,MTL,-95,1,hit_thrown
8473507,Jeff Petry,D,MTL,-7,-37,hit_thrown
8473534,Patrik Berglund,C,STL,74,-11,block_hd
8473534,Patrik Berglund,C,STL,-62,22,block_non_hd
8473534,Patrik Berglund,C,STL,-69,22,dz_faceoff_win
8473534,Patrik Berglund,C,STL,-69,21,dz_faceoff_win
8473534,Patrik Berglund,C,STL,-68,-23,dz_faceoff_win
8473534,Patrik Berglund,C,STL,70,-23,dz_faceoff_win
8473534,Patrik Berglund,C,STL,70,-22,dz_faceoff_win
8473534,Patrik Berglund,C,STL,69,-21,dz_faceoff_win
8473534,Patrik Berglund,C,STL,-69,-22,dz_faceoff_win
8473534,Patrik Berglund,C,STL,-68,21,dz_faceoff_win
8473534,Patrik Berglund,C,STL,-70,21,dz_faceoff_win
8473534,Patrik Berglund,C,STL,-69,-23,dz_faceoff_win
8473534,Patrik Berglund,C,STL,69,-23,dz_faceoff_win
8473534,Patrik Berglund,C,STL,70,21,dz_faceoff_win
8473534,Patrik Berglund,C,STL,-69,21,dz_faceoff_win
8473534,Patrik Berglund,C,STL,-69,22,dz_faceoff_win
8473534,Patrik Berglund,C,STL,-69,22,dz_faceoff_win
8473534,Patrik Berglund,C,STL,-69,-23,dz_faceoff_win
8473534,Patrik Berglund,C,STL,-69,-23,dz_faceoff_win
8473534,Patrik Berglund,C,STL,-69,21,dz_faceoff_win
8473534,Patrik Berglund,C,STL,-78,-33,dz_faceoff_win
8473534,Patrik Berglund,C,STL,88,33,dz_faceoff_win
8473534,Patrik Berglund,C,STL,-85,31,dz_faceoff_win
8473534,Patrik Berglund,C,STL,-68,-22,dz_faceoff_win
8473534,Patrik Berglund,C,STL,-69,-23,dz_faceoff_win
8473534,Patrik Berglund,C,STL,69,-23,dz_faceoff_win
8473534,Patrik Berglund,C,STL,69,-23,dz_faceoff_win
8473534,Patrik Berglund,C,STL,69,22,dz_faceoff_win
8473534,Patrik Berglund,C,STL,-68,-22,dz_faceoff_win
8473534,Patrik Berglund,C,STL,-69,22,dz_faceoff_win
8473534,Patrik Berglund,C,STL,-69,21,dz_faceoff_win
8473534,Patrik Berglund,C,STL,-68,-22,dz_faceoff_win
8473534,Patrik Berglund,C,STL,-68,21,dz_faceoff_win
8473534,Patrik Berglund,C,STL,-68,-23,dz_faceoff_win
8473534,Patrik Berglund,C,STL,-69,-22,dz_faceoff_win
8473534,Patrik Berglund,C,STL,70,-23,dz_faceoff_win
8473534,Patrik Berglund,C,STL,69,-22,dz_faceoff_win
8473534,Patrik Berglund,C,STL,-69,21,dz_faceoff_win
8473534,Patrik Berglund,C,STL,-68,-22,dz_faceoff_win
8473534,Patrik Berglund,C,STL,-69,23,dz_faceoff_win
8473534,Patrik Berglund,C,STL,70,-22,dz_faceoff_win
8473534,Patrik Berglund,C,STL,-79,40,hit_taken
8473534,Patrik Berglund,C,STL,51,37,hit_taken
8473534,Patrik Berglund,C,STL,-83,38,hit_taken
8473534,Patrik Berglund,C,STL,-14,38,hit_taken
8473534,Patrik Berglund,C,STL,-98,25,hit_taken
8473534,Patrik Berglund,C,STL,-49,36,hit_taken
8473534,Patrik Berglund,C,STL,-40,-39,hit_taken
8473534,Patrik Berglund,C,STL,64,-41,hit_taken
8473534,Patrik Berglund,C,STL,-39,29,hit_taken
8473534,Patrik Berglund,C,STL,82,-38,hit_taken
8473534,Patrik Berglund,C,STL,95,33,hit_thrown
8473534,Patrik Berglund,C,STL,2,32,hit_thrown
8473534,Patrik Berglund,C,STL,-42,-40,hit_thrown
8473534,Patrik Berglund,C,STL,-45,-41,hit_thrown
8473534,Patrik Berglund,C,STL,86,40,hit_thrown
8473534,Patrik Berglund,C,STL,-12,-41,hit_thrown
8473534,Patrik Berglund,C,STL,-51,-42,hit_thrown
8473534,Patrik Berglund,C,STL,-94,-39,hit_thrown
8473534,Patrik Berglund,C,STL,-97,9,hit_thrown
8473534,Patrik Berglund,C,STL,67,-41,hit_thrown
8473534,Patrik Berglund,C,STL,99,31,hit_thrown
8473534,Patrik Berglund,C,STL,17,-41,hit_thrown
8473534,Patrik Berglund,C,STL,-98,14,hit_thrown
8473534,Patrik Berglund,C,STL,40,-39,hit_thrown
8473534,Patrik Berglund,C,STL,94,34,hit_thrown
8473534,Patrik Berglund,C,STL,-83,38,hit_thrown
8473534,Patrik Berglund,C,STL,61,42,hit_thrown
8473534,Patrik Berglund,C,STL,70,40,hit_thrown
8473534,Patrik Berglund,C,STL,99,27,hit_thrown
8473534,Patrik Berglund,C,STL,-96,16,hit_thrown
8473534,Patrik Berglund,C,STL,81,39,hit_thrown
8473534,Patrik Berglund,C,STL,93,-35,hit_thrown
8473534,Patrik Berglund,C,STL,-5,33,takeaway_other
8473534,Patrik Berglund,C,STL,11,6,takeaway_other
8473534,Patrik Berglund,C,STL,-60,39,takeaway_other
8473537,Viktor Stalberg,L,OTT,72,4,block_hd
8473537,Viktor Stalberg,L,OTT,75,-10,block_hd
8473537,Viktor Stalberg,L,OTT,-51,2,block_non_hd
8473537,Viktor Stalberg,L,OTT,51,-20,block_non_hd
8473537,Viktor Stalberg,L,OTT,47,2,block_non_hd
8473537,Viktor Stalberg,L,OTT,-48,-14,block_non_hd
8473537,Viktor Stalberg,L,OTT,-54,-15,block_non_hd
8473537,Viktor Stalberg,L,OTT,-42,14,block_non_hd
8473537,Viktor Stalberg,L,OTT,-37,-9,block_non_hd
8473537,Viktor Stalberg,L,OTT,68,-5,block_non_hd
8473537,Viktor Stalberg,L,OTT,-41,-19,block_non_hd
8473537,Viktor Stalberg,L,OTT,-94,34,hit_taken
8473537,Viktor Stalberg,L,OTT,-17,21,hit_taken
8473537,Viktor Stalberg,L,OTT,-96,-15,hit_taken
8473537,Viktor Stalberg,L,OTT,46,-40,hit_taken
8473537,Viktor Stalberg,L,OTT,97,7,hit_taken
8473537,Viktor Stalberg,L,OTT,75,38,hit_taken
8473537,Viktor Stalberg,L,OTT,51,-29,hit_taken
8473537,Viktor Stalberg,L,OTT,-77,34,hit_taken
8473537,Viktor Stalberg,L,OTT,-21,-40,hit_taken
8473537,Viktor Stalberg,L,OTT,-35,-34,hit_taken
8473537,Viktor Stalberg,L,OTT,7,37,hit_taken
8473537,Viktor Stalberg,L,OTT,90,-29,hit_taken
8473537,Viktor Stalberg,L,OTT,-28,-36,hit_taken
8473537,Viktor Stalberg,L,OTT,95,-26,hit_taken
8473537,Viktor Stalberg,L,OTT,37,-36,hit_taken
8473537,Viktor Stalberg,L,OTT,20,-37,hit_taken
8473537,Viktor Stalberg,L,OTT,91,-24,hit_taken
8473537,Viktor Stalberg,L,OTT,87,-39,hit_taken
8473537,Viktor Stalberg,L,OTT,-11,-36,hit_taken
8473537,Viktor Stalberg,L,OTT,81,-38,hit_taken
8473537,Viktor Stalberg,L,OTT,96,8,hit_taken
8473537,Viktor Stalberg,L,OTT,95,-7,hit_taken
8473537,Viktor Stalberg,L,OTT,-27,-40,hit_taken
8473537,Viktor Stalberg,L,OTT,-16,39,hit_taken
8473537,Viktor Stalberg,L,OTT,-95,-17,hit_taken
8473537,Viktor Stalberg,L,OTT,-22,-37,hit_taken
8473537,Viktor Stalberg,L,OTT,-75,37,hit_taken
8473537,Viktor Stalberg,L,OTT,3,-38,hit_taken
8473537,Viktor Stalberg,L,OTT,-96,-23,hit_taken
8473537,Viktor Stalberg,L,OTT,-63,40,hit_taken
8473537,Viktor Stalberg,L,OTT,75,14,hit_taken
8473537,Viktor Stalberg,L,OTT,-97,24,hit_taken
8473537,Viktor Stalberg,L,OTT,97,-23,hit_taken
8473537,Viktor Stalberg,L,OTT,77,38,hit_taken
8473537,Viktor Stalberg,L,OTT,-34,40,hit_thrown
8473537,Viktor Stalberg,L,OTT,97,-6,hit_thrown
8473537,Viktor Stalberg,L,OTT,-42,40,hit_thrown
8473537,Viktor Stalberg,L,OTT,-32,-24,hit_thrown
8473537,Viktor Stalberg,L,OTT,-84,-33,hit_thrown
8473537,Viktor Stalberg,L,OTT,72,-33,hit_thrown
8473537,Viktor Stalberg,L,OTT,-97,-9,hit_thrown
8473537,Viktor Stalberg,L,OTT,98,-18,hit_thrown
8473537,Viktor Stalberg,L,OTT,-12,-36,hit_thrown
8473537,Viktor Stalberg,L,OTT,76,-40,hit_thrown
8473537,Viktor Stalberg,L,OTT,63,39,hit_thrown
8473537,Viktor Stalberg,L,OTT,81,38,hit_thrown
8473537,Viktor Stalberg,L,OTT,93,33,hit_thrown
8473537,Viktor Stalberg,L,OTT,95,26,hit_thrown
8473537,Viktor Stalberg,L,OTT,-80,-38,hit_thrown
8473537,Viktor Stalberg,L,OTT,-66,38,hit_thrown
8473537,Viktor Stalberg,L,OTT,97,23,hit_thrown
8473537,Viktor Stalberg,L,OTT,72,38,hit_thrown
8473537,Viktor Stalberg,L,OTT,97,-32,hit_thrown
8473537,Viktor Stalberg,L,OTT,40,-27,hit_thrown
8473537,Viktor Stalberg,L,OTT,-96,21,hit_thrown
8473537,Viktor Stalberg,L,OTT,97,-29,hit_thrown
8473537,Viktor Stalberg,L,OTT,-95,17,hit_thrown
8473537,Viktor Stalberg,L,OTT,-15,31,hit_thrown
8473537,Viktor Stalberg,L,OTT,-74,-37,hit_thrown
8473537,Viktor Stalberg,L,OTT,66,-39,hit_thrown
8473537,Viktor Stalberg,L,OTT,-8,-39,hit_thrown
8473537,Viktor Stalberg,L,OTT,99,-5,hit_thrown
8473537,Viktor Stalberg,L,OTT,67,-38,hit_thrown
8473537,Viktor Stalberg,L,OTT,98,6,hit_thrown
8473537,Viktor Stalberg,L,OTT,-98,27,hit_thrown
8473537,Viktor Stalberg,L,OTT,95,-4,takeaway_hd
8473537,Viktor Stalberg,L,OTT,33,33,takeaway_other
8473537,Viktor Stalberg,L,OTT,85,-31,takeaway_other
8473537,Viktor Stalberg,L,OTT,76,-41,takeaway_other
8473537,Viktor Stalberg,L,OTT,72,23,takeaway_other
8473544,Derick Brassard,C,OTT,69,-5,block_non_hd
8473544,Derick Brassard,C,OTT,59,10,block_non_hd
8473544,Derick Brassard,C,OTT,48,-2,block_non_hd
8473544,Derick Brassard,C,OTT,-43,5,block_non_hd
8473544,Derick Brassard,C,OTT,54,18,block_non_hd
8473544,Derick Brassard,C,OTT,78,2,crease_goal
8473544,Derick Brassard,C,OTT,-68,-22,dz_faceoff_win
8473544,Derick Brassard,C,OTT,-69,21,dz_faceoff_win
8473544,Derick Brassard,C,OTT,69,-23,dz_faceoff_win
8473544,Derick Brassard,C,OTT,66,-25,dz_faceoff_win
8473544,Derick Brassard,C,OTT,70,-22,dz_faceoff_win
8473544,Derick Brassard,C,OTT,-70,23,dz_faceoff_win
8473544,Derick Brassard,C,OTT,-68,-22,dz_faceoff_win
8473544,Derick Brassard,C,OTT,70,-22,dz_faceoff_win
8473544,Derick Brassard,C,OTT,70,-24,dz_faceoff_win
8473544,Derick Brassard,C,OTT,-68,22,dz_faceoff_win
8473544,Derick Brassard,C,OTT,-69,22,dz_faceoff_win
8473544,Derick Brassard,C,OTT,69,23,dz_faceoff_win
8473544,Derick Brassard,C,OTT,69,-23,dz_faceoff_win
8473544,Derick Brassard,C,OTT,69,21,dz_faceoff_win
8473544,Derick Brassard,C,OTT,69,22,dz_faceoff_win
8473544,Derick Brassard,C,OTT,69,-23,dz_faceoff_win
8473544,Derick Brassard,C,OTT,69,23,dz_faceoff_win
8473544,Derick Brassard,C,OTT,69,-23,dz_faceoff_win
8473544,Derick Brassard,C,OTT,-69,22,dz_faceoff_win
8473544,Derick Brassard,C,OTT,-69,22,dz_faceoff_win
8473544,Derick Brassard,C,OTT,-68,-23,dz_faceoff_win
8473544,Derick Brassard,C,OTT,70,-23,dz_faceoff_win
8473544,Derick Brassard,C,OTT,-68,21,dz_faceoff_win
8473544,Derick Brassard,C,OTT,-69,21,dz_faceoff_win
8473544,Derick Brassard,C,OTT,-69,-23,dz_faceoff_win
8473544,Derick Brassard,C,OTT,-69,22,dz_faceoff_win
8473544,Derick Brassard,C,OTT,-69,22,dz_faceoff_win
8473544,Derick Brassard,C,OTT,69,22,dz_faceoff_win
8473544,Derick Brassard,C,OTT,-69,22,dz_faceoff_win
8473544,Derick Brassard,C,OTT,69,-22,dz_faceoff_win
8473544,Derick Brassard,C,OTT,-68,22,dz_faceoff_win
8473544,Derick Brassard,C,OTT,-69,-23,dz_faceoff_win
8473544,Derick Brassard,C,OTT,-69,22,dz_faceoff_win
8473544,Derick Brassard,C,OTT,69,23,dz_faceoff_win
8473544,Derick Brassard,C,OTT,-68,-22,dz_faceoff_win
8473544,Derick Brassard,C,OTT,-69,-21,dz_faceoff_win
8473544,Derick Brassard,C,OTT,-69,21,dz_faceoff_win
8473544,Derick Brassard,C,OTT,-20,-39,hit_taken
8473544,Derick Brassard,C,OTT,28,-40,hit_taken
8473544,Derick Brassard,C,OTT,-90,-35,hit_taken
8473544,Derick Brassard,C,OTT,78,40,hit_taken
8473544,Derick Brassard,C,OTT,-16,41,hit_taken
8473544,Derick Brassard,C,OTT,42,-38,hit_taken
8473544,Derick Brassard,C,OTT,28,-40,hit_taken
8473544,Derick Brassard,C,OTT,18,40,hit_taken
8473544,Derick Brassard,C,OTT,93,-36,hit_taken
8473544,Derick Brassard,C,OTT,96,-8,hit_taken
8473544,Derick Brassard,C,OTT,-78,41,hit_taken
8473544,Derick Brassard,C,OTT,52,-39,hit_taken
8473544,Derick Brassard,C,OTT,-91,37,hit_taken
8473544,Derick Brassard,C,OTT,97,-33,hit_taken
8473544,Derick Brassard,C,OTT,97,11,hit_taken
8473544,Derick Brassard,C,OTT,85,9,hit_taken
8473544,Derick Brassard,C,OTT,97,-14,hit_taken
8473544,Derick Brassard,C,OTT,98,8,hit_taken
8473544,Derick Brassard,C,OTT,96,-7,hit_taken
8473544,Derick Brassard,C,OTT,-20,31,hit_taken
8473544,Derick Brassard,C,OTT,26,38,hit_taken
8473544,Derick Brassard,C,OTT,-49,-40,hit_taken
8473544,Derick Brassard,C,OTT,34,-37,hit_taken
8473544,Derick Brassard,C,OTT,61,-40,hit_taken
8473544,Derick Brassard,C,OTT,-98,21,hit_taken
8473544,Derick Brassard,C,OTT,47,1,hit_taken
8473544,Derick Brassard,C,OTT,21,38,hit_taken
8473544,Derick Brassard,C,OTT,-86,-40,hit_taken
8473544,Derick Brassard,C,OTT,92,38,hit_thrown
8473544,Derick Brassard,C,OTT,-29,-37,hit_thrown
8473544,Derick Brassard,C,OTT,96,34,hit_thrown
8473544,Derick Brassard,C,OTT,61,-41,hit_thrown
8473544,Derick Brassard,C,OTT,-48,-40,hit_thrown
8473544,Derick Brassard,C,OTT,93,33,hit_thrown
8473544,Derick Brassard,C,OTT,91,26,hit_thrown
8473544,Derick Brassard,C,OTT,55,36,hit_thrown
8473544,Derick Brassard,C,OTT,95,-20,hit_thrown
8473544,Derick Brassard,C,OTT,-22,-40,hit_thrown
8473544,Derick Brassard,C,OTT,-88,31,hit_thrown
8473544,Derick Brassard,C,OTT,33,-36,hit_thrown
8473544,Derick Brassard,C,OTT,-90,28,hit_thrown
8473544,Derick Brassard,C,OTT,44,-36,hit_thrown
8473544,Derick Brassard,C,OTT,-31,-39,hit_thrown
8473544,Derick Brassard,C,OTT,98,-27,hit_thrown
8473544,Derick Brassard,C,OTT,85,37,hit_thrown
8473544,Derick Brassard,C,OTT,78,38,hit_thrown
8473544,Derick Brassard,C,OTT,90,37,hit_thrown
8473544,Derick Brassard,C,OTT,-93,-34,hit_thrown
8473544,Derick Brassard,C,OTT,-86,39,hit_thrown
8473544,Derick Brassard,C,OTT,88,-38,hit_thrown
8473544,Derick Brassard,C,OTT,97,-32,hit_thrown
8473544,Derick Brassard,C,OTT,85,40,hit_thrown
8473544,Derick Brassard,C,OTT,98,24,hit_thrown
8473544,Derick Brassard,C,OTT,-93,35,hit_thrown
8473544,Derick Brassard,C,OTT,97,15,hit_thrown
8473544,Derick Brassard,C,OTT,96,27,hit_thrown
8473544,Derick Brassard,C,OTT,97,-28,hit_thrown
8473544,Derick Brassard,C,OTT,96,-9,hit_thrown
8473544,Derick Brassard,C,OTT,-98,25,hit_thrown
8473544,Derick Brassard,C,OTT,-94,6,takeaway_hd
8473544,Derick Brassard,C,OTT,93,12,takeaway_hd
8473544,Derick Brassard,C,OTT,95,-32,takeaway_other
8473544,Derick Brassard,C,OTT,-56,-36,takeaway_other
8473544,Derick Brassard,C,OTT,12,2,takeaway_other
8473544,Derick Brassard,C,OTT,94,27,takeaway_other
8473544,Derick Brassard,C,OTT,-9,-33,takeaway_other
8473544,Derick Brassard,C,OTT,60,5,takeaway_other
8473544,Derick Brassard,C,OTT,0,-39,takeaway_other
8473546,Michael Grabner,R,NYR,-45,-10,block_non_hd
8473546,Michael Grabner,R,NYR,44,-1,block_non_hd
8473546,Michael Grabner,R,NYR,41,-14,block_non_hd
8473546,Michael Grabner,R,NYR,54,-12,block_non_hd
8473546,Michael Grabner,R,NYR,-40,26,block_non_hd
8473546,Michael Grabner,R,NYR,-69,34,block_non_hd
8473546,Michael Grabner,R,NYR,-56,2,block_non_hd
8473546,Michael Grabner,R,NYR,42,28,block_non_hd
8473546,Michael Grabner,R,NYR,83,-4,crease_goal
8473546,Michael Grabner,R,NYR,-85,6,crease_goal
8473546,Michael Grabner,R,NYR,97,-12,hit_taken
8473546,Michael Grabner,R,NYR,-84,33,hit_taken
8473546,Michael Grabner,R,NYR,11,41,hit_taken
8473546,Michael Grabner,R,NYR,-97,-19,hit_taken
8473546,Michael Grabner,R,NYR,96,6,hit_taken
8473546,Michael Grabner,R,NYR,-97,29,hit_taken
8473546,Michael Grabner,R,NYR,-94,32,hit_taken
8473546,Michael Grabner,R,NYR,-91,-36,hit_taken
8473546,Michael Grabner,R,NYR,-8,40,hit_taken
8473546,Michael Grabner,R,NYR,-95,9,hit_taken
8473546,Michael Grabner,R,NYR,-32,-38,hit_taken
8473546,Michael Grabner,R,NYR,41,-38,hit_taken
8473546,Michael Grabner,R,NYR,98,0,hit_thrown
8473546,Michael Grabner,R,NYR,98,-31,hit_thrown
8473546,Michael Grabner,R,NYR,-39,41,hit_thrown
8473546,Michael Grabner,R,NYR,-83,39,hit_thrown
8473546,Michael Grabner,R,NYR,-59,39,hit_thrown
8473546,Michael Grabner,R,NYR,-84,39,hit_thrown
8473546,Michael Grabner,R,NYR,-95,-32,hit_thrown
8473546,Michael Grabner,R,NYR,-90,31,hit_thrown
8473546,Michael Grabner,R,NYR,47,-21,hit_thrown
8473546,Michael Grabner,R,NYR,49,-39,hit_thrown
8473546,Michael Grabner,R,NYR,66,-40,hit_thrown
8473546,Michael Grabner,R,NYR,63,-39,hit_thrown
8473546,Michael Grabner,R,NYR,-81,38,hit_thrown
8473546,Michael Grabner,R,NYR,87,40,hit_thrown
8473546,Michael Grabner,R,NYR,79,-40,hit_thrown
8473546,Michael Grabner,R,NYR,80,-36,hit_thrown
8473546,Michael Grabner,R,NYR,90,32,hit_thrown
8473546,Michael Grabner,R,NYR,95,-10,hit_thrown
8473546,Michael Grabner,R,NYR,-96,-27,hit_thrown
8473546,Michael Grabner,R,NYR,96,33,hit_thrown
8473546,Michael Grabner,R,NYR,81,-39,hit_thrown
8473546,Michael Grabner,R,NYR,-94,-4,takeaway_hd
8473546,Michael Grabner,R,NYR,-33,1,takeaway_other
8473546,Michael Grabner,R,NYR,22,-37,takeaway_other
8473546,Michael Grabner,R,NYR,-26,36,takeaway_other
8473546,Michael Grabner,R,NYR,23,3,takeaway_other
8473546,Michael Grabner,R,NYR,-16,-20,takeaway_other
8473546,Michael Grabner,R,NYR,-4,-23,takeaway_other
8473546,Michael Grabner,R,NYR,67,0,takeaway_other
8473548,Phil Kessel,C,PIT,30,9,block_non_hd
8473548,Phil Kessel,C,PIT,-51,-10,block_non_hd
8473548,Phil Kessel,C,PIT,59,18,block_non_hd
8473548,Phil Kessel,C,PIT,60,-17,block_non_hd
8473548,Phil Kessel,C,PIT,85,7,crease_goal
8473548,Phil Kessel,C,PIT,-97,24,hit_taken
8473548,Phil Kessel,C,PIT,-76,39,hit_taken
8473548,Phil Kessel,C,PIT,58,-39,hit_taken
8473548,Phil Kessel,C,PIT,-33,-40,hit_taken
8473548,Phil Kessel,C,PIT,-53,-27,hit_taken
8473548,Phil Kessel,C,PIT,-96,-33,hit_taken
8473548,Phil Kessel,C,PIT,61,38,hit_taken
8473548,Phil Kessel,C,PIT,-6,38,hit_taken
8473548,Phil Kessel,C,PIT,95,29,hit_taken
8473548,Phil Kessel,C,PIT,-59,-36,hit_taken
8473548,Phil Kessel,C,PIT,30,41,hit_taken
8473548,Phil Kessel,C,PIT,57,39,hit_taken
8473548,Phil Kessel,C,PIT,-18,34,hit_taken
8473548,Phil Kessel,C,PIT,-94,-7,hit_taken
8473548,Phil Kessel,C,PIT,-48,1,hit_thrown
8473548,Phil Kessel,C,PIT,-35,38,hit_thrown
8473548,Phil Kessel,C,PIT,-59,-40,hit_thrown
8473548,Phil Kessel,C,PIT,-46,-41,hit_thrown
8473548,Phil Kessel,C,PIT,98,29,hit_thrown
8473548,Phil Kessel,C,PIT,-97,-31,hit_thrown
8473548,Phil Kessel,C,PIT,-90,-40,hit_thrown
8473548,Phil Kessel,C,PIT,-78,-40,hit_thrown
8473548,Phil Kessel,C,PIT,-49,34,takeaway_other
8473548,Phil Kessel,C,PIT,61,-40,takeaway_other
8473548,Phil Kessel,C,PIT,10,10,takeaway_other
8473548,Phil Kessel,C,PIT,37,-30,takeaway_other
8473548,Phil Kessel,C,PIT,5,6,takeaway_other
8473548,Phil Kessel,C,PIT,-34,21,takeaway_other
8473548,Phil Kessel,C,PIT,-59,20,takeaway_other
8473548,Phil Kessel,C,PIT,-47,40,takeaway_other
8473560,Korbinian Holzer,D,ANA,-60,-10,block_non_hd
8473560,Korbinian Holzer,D,ANA,-61,-7,block_non_hd
8473560,Korbinian Holzer,D,ANA,-82,-39,hit_taken
8473560,Korbinian Holzer,D,ANA,99,21,hit_taken
8473560,Korbinian Holzer,D,ANA,-90,-39,hit_taken
8473560,Korbinian Holzer,D,ANA,99,-12,hit_taken
8473560,Korbinian Holzer,D,ANA,25,41,hit_taken
8473560,Korbinian Holzer,D,ANA,-68,-40,hit_taken
8473560,Korbinian Holzer,D,ANA,98,-31,hit_taken
8473560,Korbinian Holzer,D,ANA,-97,18,hit_taken
8473560,Korbinian Holzer,D,ANA,23,-39,hit_taken
8473560,Korbinian Holzer,D,ANA,96,24,hit_taken
8473560,Korbinian Holzer,D,ANA,46,29,hit_taken
8473560,Korbinian Holzer,D,ANA,-29,35,hit_thrown
8473560,Korbinian Holzer,D,ANA,6,41,hit_thrown
8473560,Korbinian Holzer,D,ANA,-96,-14,hit_thrown
8473560,Korbinian Holzer,D,ANA,79,-42,hit_thrown
8473560,Korbinian Holzer,D,ANA,-98,24,hit_thrown
8473560,Korbinian Holzer,D,ANA,-90,34,hit_thrown
8473560,Korbinian Holzer,D,ANA,89,35,hit_thrown
8473560,Korbinian Holzer,D,ANA,88,38,hit_thrown
8473563,Nicklas Backstrom,C,WSH,-73,1,block_hd
8473563,Nicklas Backstrom,C,WSH,79,5,block_hd
8473563,Nicklas Backstrom,C,WSH,-61,-1,block_non_hd
8473563,Nicklas Backstrom,C,WSH,-39,18,block_non_hd
8473563,Nicklas Backstrom,C,WSH,52,20,block_non_hd
8473563,Nicklas Backstrom,C,WSH,55,10,block_non_hd
8473563,Nicklas Backstrom,C,WSH,69,-32,block_non_hd
8473563,Nicklas Backstrom,C,WSH,-69,-22,dz_faceoff_win
8473563,Nicklas Backstrom,C,WSH,69,-22,dz_faceoff_win
8473563,Nicklas Backstrom,C,WSH,-68,21,dz_faceoff_win
8473563,Nicklas Backstrom,C,WSH,70,-22,dz_faceoff_win
8473563,Nicklas Backstrom,C,WSH,-69,-22,dz_faceoff_win
8473563,Nicklas Backstrom,C,WSH,-69,22,dz_faceoff_win
8473563,Nicklas Backstrom,C,WSH,-69,-21,dz_faceoff_win
8473563,Nicklas Backstrom,C,WSH,71,-22,dz_faceoff_win
8473563,Nicklas Backstrom,C,WSH,-68,22,dz_faceoff_win
8473563,Nicklas Backstrom,C,WSH,-68,23,dz_faceoff_win
8473563,Nicklas Backstrom,C,WSH,-69,-21,dz_faceoff_win
8473563,Nicklas Backstrom,C,WSH,-70,23,dz_faceoff_win
8473563,Nicklas Backstrom,C,WSH,-69,22,dz_faceoff_win
8473563,Nicklas Backstrom,C,WSH,69,-23,dz_faceoff_win
8473563,Nicklas Backstrom,C,WSH,-69,22,dz_faceoff_win
8473563,Nicklas Backstrom,C,WSH,-68,21,dz_faceoff_win
8473563,Nicklas Backstrom,C,WSH,69,21,dz_faceoff_win
8473563,Nicklas Backstrom,C,WSH,-69,23,dz_faceoff_win
8473563,Nicklas Backstrom,C,WSH,69,22,dz_faceoff_win
8473563,Nicklas Backstrom,C,WSH,69,-23,dz_faceoff_win
8473563,Nicklas Backstrom,C,WSH,69,-22,dz_faceoff_win
8473563,Nicklas Backstrom,C,WSH,-69,22,dz_faceoff_win
8473563,Nicklas Backstrom,C,WSH,-69,-22,dz_faceoff_win
8473563,Nicklas Backstrom,C,WSH,-69,22,dz_faceoff_win
8473563,Nicklas Backstrom,C,WSH,68,23,dz_faceoff_win
8473563,Nicklas Backstrom,C,WSH,69,-22,dz_faceoff_win
8473563,Nicklas Backstrom,C,WSH,69,22,dz_faceoff_win
8473563,Nicklas Backstrom,C,WSH,69,23,dz_faceoff_win
8473563,Nicklas Backstrom,C,WSH,-69,21,dz_faceoff_win
8473563,Nicklas Backstrom,C,WSH,69,23,dz_faceoff_win
8473563,Nicklas Backstrom,C,WSH,69,-22,dz_faceoff_win
8473563,Nicklas Backstrom,C,WSH,69,23,dz_faceoff_win
8473563,Nicklas Backstrom,C,WSH,69,-23,dz_faceoff_win
8473563,Nicklas Backstrom,C,WSH,-70,-40,hit_taken
8473563,Nicklas Backstrom,C,WSH,4,38,hit_taken
8473563,Nicklas Backstrom,C,WSH,-84,39,hit_taken
8473563,Nicklas Backstrom,C,WSH,-16,31,hit_taken
8473563,Nicklas Backstrom,C,WSH,-78,42,hit_taken
8473563,Nicklas Backstrom,C,WSH,77,-40,hit_taken
8473563,Nicklas Backstrom,C,WSH,80,38,hit_taken
8473563,Nicklas Backstrom,C,WSH,-93,-36,hit_taken
8473563,Nicklas Backstrom,C,WSH,33,-38,hit_taken
8473563,Nicklas Backstrom,C,WSH,-96,-18,hit_taken
8473563,Nicklas Backstrom,C,WSH,-63,37,hit_taken
8473563,Nicklas Backstrom,C,WSH,-44,-39,hit_taken
8473563,Nicklas Backstrom,C,WSH,-82,40,hit_taken
8473563,Nicklas Backstrom,C,WSH,-97,18,hit_taken
8473563,Nicklas Backstrom,C,WSH,98,-11,hit_taken
8473563,Nicklas Backstrom,C,WSH,-34,-40,hit_taken
8473563,Nicklas Backstrom,C,WSH,90,37,hit_taken
8473563,Nicklas Backstrom,C,WSH,-97,27,hit_taken
8473563,Nicklas Backstrom,C,WSH,-58,-32,hit_thrown
8473563,Nicklas Backstrom,C,WSH,-48,-35,hit_thrown
8473563,Nicklas Backstrom,C,WSH,-94,-3,hit_thrown
8473563,Nicklas Backstrom,C,WSH,50,38,hit_thrown
8473563,Nicklas Backstrom,C,WSH,13,36,hit_thrown
8473563,Nicklas Backstrom,C,WSH,88,-37,hit_thrown
8473563,Nicklas Backstrom,C,WSH,23,-36,hit_thrown
8473563,Nicklas Backstrom,C,WSH,91,37,hit_thrown
8473563,Nicklas Backstrom,C,WSH,-94,-33,hit_thrown
8473563,Nicklas Backstrom,C,WSH,99,-19,hit_thrown
8473563,Nicklas Backstrom,C,WSH,-98,18,hit_thrown
8473563,Nicklas Backstrom,C,WSH,-81,40,hit_thrown
8473563,Nicklas Backstrom,C,WSH,-95,-12,hit_thrown
8473563,Nicklas Backstrom,C,WSH,-82,40,hit_thrown
8473563,Nicklas Backstrom,C,WSH,-94,35,hit_thrown
8473563,Nicklas Backstrom,C,WSH,-81,-8,takeaway_hd
8473563,Nicklas Backstrom,C,WSH,95,-9,takeaway_hd
8473563,Nicklas Backstrom,C,WSH,17,37,takeaway_other
8473563,Nicklas Backstrom,C,WSH,-5,-5,takeaway_other
8473563,Nicklas Backstrom,C,WSH,16,-2,takeaway_other
8473563,Nicklas Backstrom,C,WSH,-43,7,takeaway_other
8473563,Nicklas Backstrom,C,WSH,83,-35,takeaway_other
8473563,Nicklas Backstrom,C,WSH,46,36,takeaway_other
8473563,Nicklas Backstrom,C,WSH,43,-13,takeaway_other
8473563,Nicklas Backstrom,C,WSH,-70,38,takeaway_other
8473563,Nicklas Backstrom,C,WSH,-1,-33,takeaway_other
8473563,Nicklas Backstrom,C,WSH,-20,7,takeaway_other
8473563,Nicklas Backstrom,C,WSH,25,-1,takeaway_other
8473563,Nicklas Backstrom,C,WSH,16,35,takeaway_other
8473563,Nicklas Backstrom,C,WSH,-67,37,takeaway_other
8473564,Michael Frolik,R,CGY,-70,5,block_hd
8473564,Michael Frolik,R,CGY,-49,-26,block_non_hd
8473564,Michael Frolik,R,CGY,55,12,block_non_hd
8473564,Michael Frolik,R,CGY,69,24,dz_faceoff_win
8473564,Michael Frolik,R,CGY,27,-41,hit_taken
8473564,Michael Frolik,R,CGY,-42,-39,hit_taken
8473564,Michael Frolik,R,CGY,-11,-27,hit_taken
8473564,Michael Frolik,R,CGY,71,40,hit_taken
8473564,Michael Frolik,R,CGY,55,41,hit_taken
8473564,Michael Frolik,R,CGY,88,35,hit_taken
8473564,Michael Frolik,R,CGY,-13,-30,hit_taken
8473564,Michael Frolik,R,CGY,-96,-14,hit_taken
8473564,Michael Frolik,R,CGY,70,40,hit_taken
8473564,Michael Frolik,R,CGY,-57,-40,hit_taken
8473564,Michael Frolik,R,CGY,29,40,hit_taken
8473564,Michael Frolik,R,CGY,-27,-39,hit_taken
8473564,Michael Frolik,R,CGY,69,40,hit_taken
8473564,Michael Frolik,R,CGY,58,40,hit_taken
8473564,Michael Frolik,R,CGY,-82,-39,hit_thrown
8473564,Michael Frolik,R,CGY,94,-34,hit_thrown
8473564,Michael Frolik,R,CGY,25,-38,hit_thrown
8473564,Michael Frolik,R,CGY,-97,5,takeaway_hd
8473564,Michael Frolik,R,CGY,57,-33,takeaway_other
8473573,Artem Anisimov,C,CHI,-78,14,block_hd
8473573,Artem Anisimov,C,CHI,78,-15,block_hd
8473573,Artem Anisimov,C,CHI,85,-15,block_hd
8473573,Artem Anisimov,C,CHI,66,-3,block_non_hd
8473573,Artem Anisimov,C,CHI,69,23,dz_faceoff_win
8473573,Artem Anisimov,C,CHI,71,21,dz_faceoff_win
8473573,Artem Anisimov,C,CHI,69,22,dz_faceoff_win
8473573,Artem Anisimov,C,CHI,96,-4,hit_taken
8473573,Artem Anisimov,C,CHI,56,-37,hit_taken
8473573,Artem Anisimov,C,CHI,34,-37,hit_taken
8473573,Artem Anisimov,C,CHI,-54,40,hit_thrown
8473573,Artem Anisimov,C,CHI,95,24,hit_thrown
8473573,Artem Anisimov,C,CHI,88,-37,hit_thrown
8473573,Artem Anisimov,C,CHI,-91,-12,hit_thrown
8473604,Jonathan Toews,C,CHI,54,-27,block_non_hd
8473604,Jonathan Toews,C,CHI,70,22,dz_faceoff_win
8473604,Jonathan Toews,C,CHI,-68,-23,dz_faceoff_win
8473604,Jonathan Toews,C,CHI,69,-23,dz_faceoff_win
8473604,Jonathan Toews,C,CHI,68,23,dz_faceoff_win
8473604,Jonathan Toews,C,CHI,70,-21,dz_faceoff_win
8473604,Jonathan Toews,C,CHI,-69,-21,dz_faceoff_win
8473604,Jonathan Toews,C,CHI,-69,-22,dz_faceoff_win
8473604,Jonathan Toews,C,CHI,-69,21,dz_faceoff_win
8473604,Jonathan Toews,C,CHI,70,-23,dz_faceoff_win
8473604,Jonathan Toews,C,CHI,69,22,dz_faceoff_win
8473604,Jonathan Toews,C,CHI,-69,-23,dz_faceoff_win
8473604,Jonathan Toews,C,CHI,69,-22,dz_faceoff_win
8473604,Jonathan Toews,C,CHI,59,-40,hit_taken
8473604,Jonathan Toews,C,CHI,-88,-36,hit_taken
8473604,Jonathan Toews,C,CHI,54,37,hit_taken
8473604,Jonathan Toews,C,CHI,-93,10,hit_taken
8473604,Jonathan Toews,C,CHI,-88,-35,hit_taken
8473604,Jonathan Toews,C,CHI,-89,-38,hit_taken
8473604,Jonathan Toews,C,CHI,89,-29,hit_taken
8473604,Jonathan Toews,C,CHI,33,38,hit_taken
8473604,Jonathan Toews,C,CHI,35,39,hit_taken
8473604,Jonathan Toews,C,CHI,-94,-23,hit_taken
8473604,Jonathan Toews,C,CHI,81,12,hit_thrown
8473604,Jonathan Toews,C,CHI,52,-20,hit_thrown
8473604,Jonathan Toews,C,CHI,-90,-35,hit_thrown
8473604,Jonathan Toews,C,CHI,8,35,hit_thrown
8473604,Jonathan Toews,C,CHI,77,-37,hit_thrown
8473604,Jonathan Toews,C,CHI,90,-6,hit_thrown
8473604,Jonathan Toews,C,CHI,95,-33,hit_thrown
8473604,Jonathan Toews,C,CHI,36,37,hit_thrown
8473604,Jonathan Toews,C,CHI,26,17,takeaway_other
8473604,Jonathan Toews,C,CHI,-57,-39,takeaway_other
8473604,Jonathan Toews,C,CHI,-95,-22,takeaway_other
8473604,Jonathan Toews,C,CHI,46,21,takeaway_other
8473673,David Schlemko,D,SJS,70,15,block_hd
8473673,David Schlemko,D,SJS,71,-18,block_hd
8473673,David Schlemko,D,SJS,-87,-8,block_hd
8473673,David Schlemko,D,SJS,-63,4,block_non_hd
8473673,David Schlemko,D,SJS,69,-9,block_non_hd
8473673,David Schlemko,D,SJS,-53,4,block_non_hd
8473673,David Schlemko,D,SJS,58,16,block_non_hd
8473673,David Schlemko,D,SJS,-68,-15,block_non_hd
8473673,David Schlemko,D,SJS,-54,-13,block_non_hd
8473673,David Schlemko,D,SJS,-83,-38,hit_taken
8473673,David Schlemko,D,SJS,-77,38,hit_taken
8473673,David Schlemko,D,SJS,-36,-33,hit_taken
8473673,David Schlemko,D,SJS,96,19,hit_taken
8473673,David Schlemko,D,SJS,-58,-37,hit_taken
8473673,David Schlemko,D,SJS,24,-38,hit_taken
8473673,David Schlemko,D,SJS,39,-40,hit_taken
8473673,David Schlemko,D,SJS,99,-25,hit_taken
8473673,David Schlemko,D,SJS,90,-40,hit_taken
8473673,David Schlemko,D,SJS,97,-5,hit_taken
8473673,David Schlemko,D,SJS,39,-36,hit_taken
8473673,David Schlemko,D,SJS,96,-14,hit_taken
8473673,David Schlemko,D,SJS,-34,41,hit_taken
8473673,David Schlemko,D,SJS,-96,-26,hit_taken
8473673,David Schlemko,D,SJS,95,-2,hit_thrown
8473673,David Schlemko,D,SJS,32,41,hit_thrown
8473673,David Schlemko,D,SJS,63,-39,hit_thrown
8473673,David Schlemko,D,SJS,48,40,hit_thrown
8473673,David Schlemko,D,SJS,28,-41,hit_thrown
8473673,David Schlemko,D,SJS,17,1,takeaway_other
8473914,Mark Letestu,C,EDM,75,1,block_hd
8473914,Mark Letestu,C,EDM,75,1,block_hd
8473914,Mark Letestu,C,EDM,-69,-12,block_non_hd
8473914,Mark Letestu,C,EDM,-60,-11,block_non_hd
8473914,Mark Letestu,C,EDM,65,10,block_non_hd
8473914,Mark Letestu,C,EDM,55,3,block_non_hd
8473914,Mark Letestu,C,EDM,-69,-32,block_non_hd
8473914,Mark Letestu,C,EDM,-53,23,block_non_hd
8473914,Mark Letestu,C,EDM,61,-15,block_non_hd
8473914,Mark Letestu,C,EDM,-52,27,block_non_hd
8473914,Mark Letestu,C,EDM,-58,-12,block_non_hd
8473914,Mark Letestu,C,EDM,-40,-18,block_non_hd
8473914,Mark Letestu,C,EDM,81,8,crease_goal
8473914,Mark Letestu,C,EDM,82,5,crease_goal
8473914,Mark Letestu,C,EDM,-69,-22,dz_faceoff_win
8473914,Mark Letestu,C,EDM,-68,-22,dz_faceoff_win
8473914,Mark Letestu,C,EDM,70,23,dz_faceoff_win
8473914,Mark Letestu,C,EDM,-69,-20,dz_faceoff_win
8473914,Mark Letestu,C,EDM,-69,-22,dz_faceoff_win
8473914,Mark Letestu,C,EDM,-68,-21,dz_faceoff_win
8473914,Mark Letestu,C,EDM,-69,-22,dz_faceoff_win
8473914,Mark Letestu,C,EDM,-69,-22,dz_faceoff_win
8473914,Mark Letestu,C,EDM,69,22,dz_faceoff_win
8473914,Mark Letestu,C,EDM,-69,-22,dz_faceoff_win
8473914,Mark Letestu,C,EDM,-69,-23,dz_faceoff_win
8473914,Mark Letestu,C,EDM,69,21,dz_faceoff_win
8473914,Mark Letestu,C,EDM,70,22,dz_faceoff_win
8473914,Mark Letestu,C,EDM,69,22,dz_faceoff_win
8473914,Mark Letestu,C,EDM,69,-23,dz_faceoff_win
8473914,Mark Letestu,C,EDM,69,22,dz_faceoff_win
8473914,Mark Letestu,C,EDM,-69,21,dz_faceoff_win
8473914,Mark Letestu,C,EDM,-68,-21,dz_faceoff_win
8473914,Mark Letestu,C,EDM,70,22,dz_faceoff_win
8473914,Mark Letestu,C,EDM,70,22,dz_faceoff_win
8473914,Mark Letestu,C,EDM,-69,-21,dz_faceoff_win
8473914,Mark Letestu,C,EDM,70,23,dz_faceoff_win
8473914,Mark Letestu,C,EDM,-69,-22,dz_faceoff_win
8473914,Mark Letestu,C,EDM,-69,-23,dz_faceoff_win
8473914,Mark Letestu,C,EDM,-69,-22,dz_faceoff_win
8473914,Mark Letestu,C,EDM,70,23,dz_faceoff_win
8473914,Mark Letestu,C,EDM,-69,-21,dz_faceoff_win
8473914,Mark Letestu,C,EDM,68,23,dz_faceoff_win
8473914,Mark Letestu,C,EDM,-68,-23,dz_faceoff_win
8473914,Mark Letestu,C,EDM,69,23,dz_faceoff_win
8473914,Mark Letestu,C,EDM,69,21,dz_faceoff_win
8473914,Mark Letestu,C,EDM,-69,-22,dz_faceoff_win
8473914,Mark Letestu,C,EDM,-70,-22,dz_faceoff_win
8473914,Mark Letestu,C,EDM,-68,-23,dz_faceoff_win
8473914,Mark Letestu,C,EDM,-69,-21,dz_faceoff_win
8473914,Mark Letestu,C,EDM,68,22,dz_faceoff_win
8473914,Mark Letestu,C,EDM,69,22,dz_faceoff_win
8473914,Mark Letestu,C,EDM,69,22,dz_faceoff_win
8473914,Mark Letestu,C,EDM,-69,-22,dz_faceoff_win
8473914,Mark Letestu,C,EDM,-69,-23,dz_faceoff_win
8473914,Mark Letestu,C,EDM,70,22,dz_faceoff_win
8473914,Mark Letestu,C,EDM,70,21,dz_faceoff_win
8473914,Mark Letestu,C,EDM,71,21,dz_faceoff_win
8473914,Mark Letestu,C,EDM,-68,-23,dz_faceoff_win
8473914,Mark Letestu,C,EDM,-70,-21,dz_faceoff_win
8473914,Mark Letestu,C,EDM,70,23,dz_faceoff_win
8473914,Mark Letestu,C,EDM,-69,-22,dz_faceoff_win
8473914,Mark Letestu,C,EDM,67,24,dz_faceoff_win
8473914,Mark Letestu,C,EDM,-93,29,hit_taken
8473914,Mark Letestu,C,EDM,96,-31,hit_taken
8473914,Mark Letestu,C,EDM,39,-39,hit_taken
8473914,Mark Letestu,C,EDM,-98,-8,hit_taken
8473914,Mark Letestu,C,EDM,82,14,hit_taken
8473914,Mark Letestu,C,EDM,-5,-28,hit_taken
8473914,Mark Letestu,C,EDM,82,-38,hit_taken
8473914,Mark Letestu,C,EDM,-77,40,hit_taken
8473914,Mark Letestu,C,EDM,95,-35,hit_taken
8473914,Mark Letestu,C,EDM,-83,36,hit_taken
8473914,Mark Letestu,C,EDM,69,-37,hit_thrown
8473914,Mark Letestu,C,EDM,75,38,hit_thrown
8473914,Mark Letestu,C,EDM,-93,29,hit_thrown
8473914,Mark Letestu,C,EDM,-58,-37,hit_thrown
8473914,Mark Letestu,C,EDM,-96,-25,hit_thrown
8473914,Mark Letestu,C,EDM,1,40,hit_thrown
8473914,Mark Letestu,C,EDM,82,-42,hit_thrown
8473914,Mark Letestu,C,EDM,13,-34,hit_thrown
8473914,Mark Letestu,C,EDM,97,-5,hit_thrown
8473914,Mark Letestu,C,EDM,-97,-13,hit_thrown
8473914,Mark Letestu,C,EDM,-5,-42,hit_thrown
8473914,Mark Letestu,C,EDM,-88,-40,hit_thrown
8473914,Mark Letestu,C,EDM,-20,39,hit_thrown
8473914,Mark Letestu,C,EDM,-83,-39,hit_thrown
8473914,Mark Letestu,C,EDM,-97,-16,hit_thrown
8473914,Mark Letestu,C,EDM,-42,-35,hit_thrown
8473914,Mark Letestu,C,EDM,96,11,hit_thrown
8473914,Mark Letestu,C,EDM,90,31,hit_thrown
8473914,Mark Letestu,C,EDM,-85,-35,hit_thrown
8473914,Mark Letestu,C,EDM,94,35,hit_thrown
8473914,Mark Letestu,C,EDM,98,31,hit_thrown
8473914,Mark Letestu,C,EDM,-93,-10,hit_thrown
8473914,Mark Letestu,C,EDM,-52,35,takeaway_other
8473914,Mark Letestu,C,EDM,-47,-35,takeaway_other
8473914,Mark Letestu,C,EDM,55,-13,takeaway_other
8473914,Mark Letestu,C,EDM,-72,37,takeaway_other
8473991,Karl Alzner,D,WSH,71,-2,block_hd
8473991,Karl Alzner,D,WSH,79,-12,block_hd
8473991,Karl Alzner,D,WSH,75,9,block_hd
8473991,Karl Alzner,D,WSH,-72,17,block_hd
8473991,Karl Alzner,D,WSH,-75,16,block_hd
8473991,Karl Alzner,D,WSH,75,-5,block_hd
8473991,Karl Alzner,D,WSH,86,-6,block_hd
8473991,Karl Alzner,D,WSH,49,25,block_non_hd
8473991,Karl Alzner,D,WSH,69,-8,block_non_hd
8473991,Karl Alzner,D,WSH,68,-2,block_non_hd
8473991,Karl Alzner,D,WSH,67,-24,block_non_hd
8473991,Karl Alzner,D,WSH,-61,14,block_non_hd
8473991,Karl Alzner,D,WSH,3,-34,hit_taken
8473991,Karl Alzner,D,WSH,91,40,hit_taken
8473991,Karl Alzner,D,WSH,96,26,hit_taken
8473991,Karl Alzner,D,WSH,-96,9,hit_taken
8473991,Karl Alzner,D,WSH,98,-27,hit_taken
8473991,Karl Alzner,D,WSH,-98,-17,hit_taken
8473991,Karl Alzner,D,WSH,-96,31,hit_taken
8473991,Karl Alzner,D,WSH,98,3,hit_taken
8473991,Karl Alzner,D,WSH,97,-13,hit_taken
8473991,Karl Alzner,D,WSH,91,39,hit_taken
8473991,Karl Alzner,D,WSH,-69,41,hit_taken
8473991,Karl Alzner,D,WSH,-13,39,hit_taken
8473991,Karl Alzner,D,WSH,-97,22,hit_taken
8473991,Karl Alzner,D,WSH,95,25,hit_taken
8473991,Karl Alzner,D,WSH,50,-34,hit_taken
8473991,Karl Alzner,D,WSH,94,-31,hit_taken
8473991,Karl Alzner,D,WSH,-94,-28,hit_thrown
8473991,Karl Alzner,D,WSH,-67,-37,hit_thrown
8473991,Karl Alzner,D,WSH,93,31,hit_thrown
8473991,Karl Alzner,D,WSH,93,-31,hit_thrown
8473991,Karl Alzner,D,WSH,92,37,hit_thrown
8473991,Karl Alzner,D,WSH,71,-40,hit_thrown
8473991,Karl Alzner,D,WSH,72,-41,hit_thrown
8473991,Karl Alzner,D,WSH,-19,29,hit_thrown
8473991,Karl Alzner,D,WSH,61,38,hit_thrown
8473991,Karl Alzner,D,WSH,-38,-14,takeaway_other
8473991,Karl Alzner,D,WSH,32,-18,takeaway_other
8473991,Karl Alzner,D,WSH,1,-29,takeaway_other
8473991,Karl Alzner,D,WSH,-47,40,takeaway_other
8474008,Paul Carey,C,WSH,-94,-30,hit_taken
8474008,Paul Carey,C,WSH,-93,-19,hit_thrown
8474009,Nick Bonino,C,PIT,73,1,block_hd
8474009,Nick Bonino,C,PIT,-71,8,block_hd
8474009,Nick Bonino,C,PIT,71,-12,block_hd
8474009,Nick Bonino,C,PIT,-73,4,block_hd
8474009,Nick Bonino,C,PIT,-74,1,block_hd
8474009,Nick Bonino,C,PIT,-79,-8,block_hd
8474009,Nick Bonino,C,PIT,-78,-7,block_hd
8474009,Nick Bonino,C,PIT,75,5,block_hd
8474009,Nick Bonino,C,PIT,78,-4,block_hd
8474009,Nick Bonino,C,PIT,-74,10,block_hd
8474009,Nick Bonino,C,PIT,74,2,block_hd
8474009,Nick Bonino,C,PIT,-47,8,block_non_hd
8474009,Nick Bonino,C,PIT,-58,19,block_non_hd
8474009,Nick Bonino,C,PIT,69,-4,block_non_hd
8474009,Nick Bonino,C,PIT,85,20,block_non_hd
8474009,Nick Bonino,C,PIT,-48,-18,block_non_hd
8474009,Nick Bonino,C,PIT,-60,12,block_non_hd
8474009,Nick Bonino,C,PIT,-56,11,block_non_hd
8474009,Nick Bonino,C,PIT,-60,1,block_non_hd
8474009,Nick Bonino,C,PIT,-69,-7,block_non_hd
8474009,Nick Bonino,C,PIT,-55,6,block_non_hd
8474009,Nick Bonino,C,PIT,-61,-7,block_non_hd
8474009,Nick Bonino,C,PIT,-54,-1,block_non_hd
8474009,Nick Bonino,C,PIT,-66,-1,block_non_hd
8474009,Nick Bonino,C,PIT,56,9,block_non_hd
8474009,Nick Bonino,C,PIT,-58,7,block_non_hd
8474009,Nick Bonino,C,PIT,-60,-10,block_non_hd
8474009,Nick Bonino,C,PIT,-55,-11,block_non_hd
8474009,Nick Bonino,C,PIT,-54,-3,block_non_hd
8474009,Nick Bonino,C,PIT,-80,1,crease_goal
8474009,Nick Bonino,C,PIT,-69,-22,dz_faceoff_win
8474009,Nick Bonino,C,PIT,-69,22,dz_faceoff_win
8474009,Nick Bonino,C,PIT,-69,-22,dz_faceoff_win
8474009,Nick Bonino,C,PIT,-69,-23,dz_faceoff_win
8474009,Nick Bonino,C,PIT,-68,-22,dz_faceoff_win
8474009,Nick Bonino,C,PIT,-69,22,dz_faceoff_win
8474009,Nick Bonino,C,PIT,-69,22,dz_faceoff_win
8474009,Nick Bonino,C,PIT,-69,22,dz_faceoff_win
8474009,Nick Bonino,C,PIT,-69,-22,dz_faceoff_win
8474009,Nick Bonino,C,PIT,-68,21,dz_faceoff_win
8474009,Nick Bonino,C,PIT,70,22,dz_faceoff_win
8474009,Nick Bonino,C,PIT,69,22,dz_faceoff_win
8474009,Nick Bonino,C,PIT,69,22,dz_faceoff_win
8474009,Nick Bonino,C,PIT,70,-37,dz_faceoff_win
8474009,Nick Bonino,C,PIT,-70,41,dz_faceoff_win
8474009,Nick Bonino,C,PIT,-70,22,dz_faceoff_win
8474009,Nick Bonino,C,PIT,-68,40,dz_faceoff_win
8474009,Nick Bonino,C,PIT,-69,-38,dz_faceoff_win
8474009,Nick Bonino,C,PIT,-70,38,dz_faceoff_win
8474009,Nick Bonino,C,PIT,-69,22,dz_faceoff_win
8474009,Nick Bonino,C,PIT,-69,-22,dz_faceoff_win
8474009,Nick Bonino,C,PIT,-69,22,dz_faceoff_win
8474009,Nick Bonino,C,PIT,-69,-22,dz_faceoff_win
8474009,Nick Bonino,C,PIT,-69,-23,dz_faceoff_win
8474009,Nick Bonino,C,PIT,-69,22,dz_faceoff_win
8474009,Nick Bonino,C,PIT,68,23,dz_faceoff_win
8474009,Nick Bonino,C,PIT,69,-22,dz_faceoff_win
8474009,Nick Bonino,C,PIT,-68,22,dz_faceoff_win
8474009,Nick Bonino,C,PIT,-67,22,dz_faceoff_win
8474009,Nick Bonino,C,PIT,-69,22,dz_faceoff_win
8474009,Nick Bonino,C,PIT,-68,-21,dz_faceoff_win
8474009,Nick Bonino,C,PIT,-69,21,dz_faceoff_win
8474009,Nick Bonino,C,PIT,-69,-22,dz_faceoff_win
8474009,Nick Bonino,C,PIT,-69,-22,dz_faceoff_win
8474009,Nick Bonino,C,PIT,69,-22,dz_faceoff_win
8474009,Nick Bonino,C,PIT,69,22,dz_faceoff_win
8474009,Nick Bonino,C,PIT,69,23,dz_faceoff_win
8474009,Nick Bonino,C,PIT,-69,-23,dz_faceoff_win
8474009,Nick Bonino,C,PIT,-69,-23,dz_faceoff_win
8474009,Nick Bonino,C,PIT,69,22,dz_faceoff_win
8474009,Nick Bonino,C,PIT,-68,-22,dz_faceoff_win
8474009,Nick Bonino,C,PIT,-69,22,dz_faceoff_win
8474009,Nick Bonino,C,PIT,-69,22,dz_faceoff_win
8474009,Nick Bonino,C,PIT,-69,-22,dz_faceoff_win
8474009,Nick Bonino,C,PIT,-68,-26,dz_faceoff_win
8474009,Nick Bonino,C,PIT,-69,21,dz_faceoff_win
8474009,Nick Bonino,C,PIT,-69,-33,dz_faceoff_win
8474009,Nick Bonino,C,PIT,-69,21,dz_faceoff_win
8474009,Nick Bonino,C,PIT,69,-23,dz_faceoff_win
8474009,Nick Bonino,C,PIT,-69,-22,dz_faceoff_win
8474009,Nick Bonino,C,PIT,-68,-22,dz_faceoff_win
8474009,Nick Bonino,C,PIT,70,23,dz_faceoff_win
8474009,Nick Bonino,C,PIT,69,23,dz_faceoff_win
8474009,Nick Bonino,C,PIT,-69,22,dz_faceoff_win
8474009,Nick Bonino,C,PIT,-69,22,dz_faceoff_win
8474009,Nick Bonino,C,PIT,-68,23,dz_faceoff_win
8474009,Nick Bonino,C,PIT,-69,22,dz_faceoff_win
8474009,Nick Bonino,C,PIT,69,22,dz_faceoff_win
8474009,Nick Bonino,C,PIT,69,22,dz_faceoff_win
8474009,Nick Bonino,C,PIT,69,-22,dz_faceoff_win
8474009,Nick Bonino,C,PIT,-68,22,dz_faceoff_win
8474009,Nick Bonino,C,PIT,-69,22,dz_faceoff_win
8474009,Nick Bonino,C,PIT,-69,22,dz_faceoff_win
8474009,Nick Bonino,C,PIT,69,-22,dz_faceoff_win
8474009,Nick Bonino,C,PIT,69,-22,dz_faceoff_win
8474009,Nick Bonino,C,PIT,-69,22,dz_faceoff_win
8474009,Nick Bonino,C,PIT,69,-22,dz_faceoff_win
8474009,Nick Bonino,C,PIT,-69,21,dz_faceoff_win
8474009,Nick Bonino,C,PIT,-69,-22,dz_faceoff_win
8474009,Nick Bonino,C,PIT,-69,-22,dz_faceoff_win
8474009,Nick Bonino,C,PIT,70,-22,dz_faceoff_win
8474009,Nick Bonino,C,PIT,69,22,dz_faceoff_win
8474009,Nick Bonino,C,PIT,69,22,dz_faceoff_win
8474009,Nick Bonino,C,PIT,-68,-22,dz_faceoff_win
8474009,Nick Bonino,C,PIT,69,-23,dz_faceoff_win
8474009,Nick Bonino,C,PIT,69,-22,dz_faceoff_win
8474009,Nick Bonino,C,PIT,69,-22,dz_faceoff_win
8474009,Nick Bonino,C,PIT,-69,22,dz_faceoff_win
8474009,Nick Bonino,C,PIT,-69,21,dz_faceoff_win
8474009,Nick Bonino,C,PIT,-69,-23,dz_faceoff_win
8474009,Nick Bonino,C,PIT,-68,-22,dz_faceoff_win
8474009,Nick Bonino,C,PIT,69,23,dz_faceoff_win
8474009,Nick Bonino,C,PIT,-69,-22,dz_faceoff_win
8474009,Nick Bonino,C,PIT,-68,22,dz_faceoff_win
8474009,Nick Bonino,C,PIT,-69,22,dz_faceoff_win
8474009,Nick Bonino,C,PIT,-68,-21,dz_faceoff_win
8474009,Nick Bonino,C,PIT,-69,-21,dz_faceoff_win
8474009,Nick Bonino,C,PIT,69,-22,dz_faceoff_win
8474009,Nick Bonino,C,PIT,69,-21,dz_faceoff_win
8474009,Nick Bonino,C,PIT,-69,-22,dz_faceoff_win
8474009,Nick Bonino,C,PIT,-69,-22,dz_faceoff_win
8474009,Nick Bonino,C,PIT,-69,-22,dz_faceoff_win
8474009,Nick Bonino,C,PIT,69,22,dz_faceoff_win
8474009,Nick Bonino,C,PIT,69,22,dz_faceoff_win
8474009,Nick Bonino,C,PIT,-69,22,dz_faceoff_win
8474009,Nick Bonino,C,PIT,-69,22,dz_faceoff_win
8474009,Nick Bonino,C,PIT,-69,22,dz_faceoff_win
8474009,Nick Bonino,C,PIT,-55,-40,hit_taken
8474009,Nick Bonino,C,PIT,82,39,hit_taken
8474009,Nick Bonino,C,PIT,46,36,hit_taken
8474009,Nick Bonino,C,PIT,99,-19,hit_taken
8474009,Nick Bonino,C,PIT,99,3,hit_taken
8474009,Nick Bonino,C,PIT,84,40,hit_taken
8474009,Nick Bonino,C,PIT,31,36,hit_taken
8474009,Nick Bonino,C,PIT,21,-40,hit_taken
8474009,Nick Bonino,C,PIT,38,-37,hit_taken
8474009,Nick Bonino,C,PIT,92,39,hit_taken
8474009,Nick Bonino,C,PIT,44,-39,hit_taken
8474009,Nick Bonino,C,PIT,-82,40,hit_taken
8474009,Nick Bonino,C,PIT,-97,27,hit_taken
8474009,Nick Bonino,C,PIT,20,-13,hit_taken
8474009,Nick Bonino,C,PIT,99,10,hit_taken
8474009,Nick Bonino,C,PIT,99,-20,hit_taken
8474009,Nick Bonino,C,PIT,77,38,hit_taken
8474009,Nick Bonino,C,PIT,93,38,hit_taken
8474009,Nick Bonino,C,PIT,64,40,hit_taken
8474009,Nick Bonino,C,PIT,-8,-39,hit_taken
8474009,Nick Bonino,C,PIT,-11,-40,hit_taken
8474009,Nick Bonino,C,PIT,-48,-21,hit_taken
8474009,Nick Bonino,C,PIT,21,39,hit_taken
8474009,Nick Bonino,C,PIT,-87,-36,hit_taken
8474009,Nick Bonino,C,PIT,-99,19,hit_taken
8474009,Nick Bonino,C,PIT,36,-41,hit_taken
8474009,Nick Bonino,C,PIT,16,-40,hit_taken
8474009,Nick Bonino,C,PIT,-81,-40,hit_thrown
8474009,Nick Bonino,C,PIT,-37,-39,hit_thrown
8474009,Nick Bonino,C,PIT,-6,31,hit_thrown
8474009,Nick Bonino,C,PIT,-16,-40,hit_thrown
8474009,Nick Bonino,C,PIT,54,-39,hit_thrown
8474009,Nick Bonino,C,PIT,-5,41,hit_thrown
8474009,Nick Bonino,C,PIT,90,40,hit_thrown
8474009,Nick Bonino,C,PIT,78,-38,hit_thrown
8474009,Nick Bonino,C,PIT,-82,-41,hit_thrown
8474009,Nick Bonino,C,PIT,59,-38,hit_thrown
8474009,Nick Bonino,C,PIT,-13,-40,hit_thrown
8474009,Nick Bonino,C,PIT,-96,28,hit_thrown
8474009,Nick Bonino,C,PIT,96,-34,hit_thrown
8474009,Nick Bonino,C,PIT,95,-36,hit_thrown
8474009,Nick Bonino,C,PIT,-63,40,hit_thrown
8474009,Nick Bonino,C,PIT,-44,-22,hit_thrown
8474009,Nick Bonino,C,PIT,-97,-31,hit_thrown
8474009,Nick Bonino,C,PIT,-97,-17,takeaway_hd
8474009,Nick Bonino,C,PIT,-96,18,takeaway_hd
8474009,Nick Bonino,C,PIT,-20,-15,takeaway_other
8474009,Nick Bonino,C,PIT,34,31,takeaway_other
8474009,Nick Bonino,C,PIT,-23,-27,takeaway_other
8474009,Nick Bonino,C,PIT,-13,32,takeaway_other
8474009,Nick Bonino,C,PIT,-52,18,takeaway_other
8474009,Nick Bonino,C,PIT,57,0,takeaway_other
8474009,Nick Bonino,C,PIT,81,27,takeaway_other
8474009,Nick Bonino,C,PIT,-47,-2,takeaway_other
8474009,Nick Bonino,C,PIT,-39,-38,takeaway_other
8474009,Nick Bonino,C,PIT,42,-40,takeaway_other
8474009,Nick Bonino,C,PIT,-16,32,takeaway_other
8474009,Nick Bonino,C,PIT,84,-39,takeaway_other
8474009,Nick Bonino,C,PIT,-96,23,takeaway_other
8474013,Ian Cole,D,PIT,84,-16,block_hd
8474013,Ian Cole,D,PIT,-85,7,block_hd
8474013,Ian Cole,D,PIT,79,2,block_hd
8474013,Ian Cole,D,PIT,73,-5,block_hd
8474013,Ian Cole,D,PIT,-77,-7,block_hd
8474013,Ian Cole,D,PIT,77,-4,block_hd
8474013,Ian Cole,D,PIT,-85,-5,block_hd
8474013,Ian Cole,D,PIT,73,-14,block_hd
8474013,Ian Cole,D,PIT,-75,-7,block_hd
8474013,Ian Cole,D,PIT,-75,7,block_hd
8474013,Ian Cole,D,PIT,82,13,block_hd
8474013,Ian Cole,D,PIT,75,1,block_hd
8474013,Ian Cole,D,PIT,75,9,block_hd
8474013,Ian Cole,D,PIT,-72,-9,block_hd
8474013,Ian Cole,D,PIT,-74,-10,block_hd
8474013,Ian Cole,D,PIT,-74,2,block_hd
8474013,Ian Cole,D,PIT,-79,-15,block_hd
8474013,Ian Cole,D,PIT,76,-5,block_hd
8474013,Ian Cole,D,PIT,-75,7,block_hd
8474013,Ian Cole,D,PIT,-75,7,block_hd
8474013,Ian Cole,D,PIT,-78,16,block_hd
8474013,Ian Cole,D,PIT,-77,10,block_hd
8474013,Ian Cole,D,PIT,-71,15,block_hd
8474013,Ian Cole,D,PIT,-71,-4,block_hd
8474013,Ian Cole,D,PIT,-77,-11,block_hd
8474013,Ian Cole,D,PIT,-73,8,block_hd
8474013,Ian Cole,D,PIT,-72,16,block_hd
8474013,Ian Cole,D,PIT,-82,-10,block_hd
8474013,Ian Cole,D,PIT,-77,-3,block_hd
8474013,Ian Cole,D,PIT,-81,3,block_hd
8474013,Ian Cole,D,PIT,-76,-3,block_hd
8474013,Ian Cole,D,PIT,61,-23,block_non_hd
8474013,Ian Cole,D,PIT,-66,1,block_non_hd
8474013,Ian Cole,D,PIT,69,-9,block_non_hd
8474013,Ian Cole,D,PIT,64,14,block_non_hd
8474013,Ian Cole,D,PIT,-67,19,block_non_hd
8474013,Ian Cole,D,PIT,-63,1,block_non_hd
8474013,Ian Cole,D,PIT,61,-27,block_non_hd
8474013,Ian Cole,D,PIT,-67,1,block_non_hd
8474013,Ian Cole,D,PIT,-69,-3,block_non_hd
8474013,Ian Cole,D,PIT,-62,-17,block_non_hd
8474013,Ian Cole,D,PIT,-72,23,block_non_hd
8474013,Ian Cole,D,PIT,75,-23,block_non_hd
8474013,Ian Cole,D,PIT,69,11,block_non_hd
8474013,Ian Cole,D,PIT,60,18,block_non_hd
8474013,Ian Cole,D,PIT,80,-24,block_non_hd
8474013,Ian Cole,D,PIT,-58,-19,block_non_hd
8474013,Ian Cole,D,PIT,-74,-26,block_non_hd
8474013,Ian Cole,D,PIT,-83,25,block_non_hd
8474013,Ian Cole,D,PIT,67,9,block_non_hd
8474013,Ian Cole,D,PIT,-59,-8,block_non_hd
8474013,Ian Cole,D,PIT,-73,-26,block_non_hd
8474013,Ian Cole,D,PIT,-76,22,block_non_hd
8474013,Ian Cole,D,PIT,-69,-5,block_non_hd
8474013,Ian Cole,D,PIT,-74,-20,block_non_hd
8474013,Ian Cole,D,PIT,-66,-11,block_non_hd
8474013,Ian Cole,D,PIT,-69,-7,block_non_hd
8474013,Ian Cole,D,PIT,-69,-18,block_non_hd
8474013,Ian Cole,D,PIT,-63,10,block_non_hd
8474013,Ian Cole,D,PIT,-67,-8,block_non_hd
8474013,Ian Cole,D,PIT,55,-23,block_non_hd
8474013,Ian Cole,D,PIT,48,-17,block_non_hd
8474013,Ian Cole,D,PIT,-72,40,hit_taken
8474013,Ian Cole,D,PIT,79,40,hit_taken
8474013,Ian Cole,D,PIT,72,-40,hit_taken
8474013,Ian Cole,D,PIT,-1,-40,hit_taken
8474013,Ian Cole,D,PIT,97,-14,hit_taken
8474013,Ian Cole,D,PIT,97,-21,hit_taken
8474013,Ian Cole,D,PIT,-97,-25,hit_taken
8474013,Ian Cole,D,PIT,-97,-1,hit_taken
8474013,Ian Cole,D,PIT,-97,6,hit_taken
8474013,Ian Cole,D,PIT,-97,26,hit_taken
8474013,Ian Cole,D,PIT,-98,-19,hit_taken
8474013,Ian Cole,D,PIT,94,-37,hit_taken
8474013,Ian Cole,D,PIT,-84,41,hit_taken
8474013,Ian Cole,D,PIT,95,35,hit_taken
8474013,Ian Cole,D,PIT,96,-34,hit_taken
8474013,Ian Cole,D,PIT,-45,39,hit_taken
8474013,Ian Cole,D,PIT,-95,-10,hit_taken
8474013,Ian Cole,D,PIT,-8,-37,hit_taken
8474013,Ian Cole,D,PIT,98,-25,hit_taken
8474013,Ian Cole,D,PIT,14,-39,hit_taken
8474013,Ian Cole,D,PIT,92,-37,hit_taken
8474013,Ian Cole,D,PIT,-64,-39,hit_taken
8474013,Ian Cole,D,PIT,-93,37,hit_taken
8474013,Ian Cole,D,PIT,-96,-5,hit_taken
8474013,Ian Cole,D,PIT,-92,-31,hit_taken
8474013,Ian Cole,D,PIT,99,3,hit_taken
8474013,Ian Cole,D,PIT,-94,-33,hit_taken
8474013,Ian Cole,D,PIT,-91,35,hit_taken
8474013,Ian Cole,D,PIT,-94,32,hit_taken
8474013,Ian Cole,D,PIT,98,21,hit_taken
8474013,Ian Cole,D,PIT,82,40,hit_taken
8474013,Ian Cole,D,PIT,-98,-15,hit_taken
8474013,Ian Cole,D,PIT,45,-40,hit_taken
8474013,Ian Cole,D,PIT,98,-20,hit_taken
8474013,Ian Cole,D,PIT,84,-40,hit_taken
8474013,Ian Cole,D,PIT,89,-40,hit_taken
8474013,Ian Cole,D,PIT,62,41,hit_taken
8474013,Ian Cole,D,PIT,96,0,hit_taken
8474013,Ian Cole,D,PIT,97,-26,hit_taken
8474013,Ian Cole,D,PIT,-94,17,hit_taken
8474013,Ian Cole,D,PIT,-6,-26,hit_taken
8474013,Ian Cole,D,PIT,39,1,hit_taken
8474013,Ian Cole,D,PIT,81,39,hit_taken
8474013,Ian Cole,D,PIT,94,-26,hit_taken
8474013,Ian Cole,D,PIT,-93,36,hit_taken
8474013,Ian Cole,D,PIT,-3,37,hit_taken
8474013,Ian Cole,D,PIT,99,-3,hit_taken
8474013,Ian Cole,D,PIT,64,40,hit_taken
8474013,Ian Cole,D,PIT,94,36,hit_taken
8474013,Ian Cole,D,PIT,96,11,hit_taken
8474013,Ian Cole,D,PIT,97,15,hit_taken
8474013,Ian Cole,D,PIT,27,-40,hit_taken
8474013,Ian Cole,D,PIT,25,-39,hit_taken
8474013,Ian Cole,D,PIT,99,-29,hit_taken
8474013,Ian Cole,D,PIT,51,-40,hit_taken
8474013,Ian Cole,D,PIT,-63,41,hit_taken
8474013,Ian Cole,D,PIT,-74,-37,hit_taken
8474013,Ian Cole,D,PIT,-55,-40,hit_taken
8474013,Ian Cole,D,PIT,73,41,hit_taken
8474013,Ian Cole,D,PIT,86,39,hit_taken
8474013,Ian Cole,D,PIT,98,-5,hit_taken
8474013,Ian Cole,D,PIT,97,29,hit_taken
8474013,Ian Cole,D,PIT,96,29,hit_taken
8474013,Ian Cole,D,PIT,96,-33,hit_taken
8474013,Ian Cole,D,PIT,-93,37,hit_taken
8474013,Ian Cole,D,PIT,71,-39,hit_taken
8474013,Ian Cole,D,PIT,-98,27,hit_taken
8474013,Ian Cole,D,PIT,-96,7,hit_taken
8474013,Ian Cole,D,PIT,-95,27,hit_taken
8474013,Ian Cole,D,PIT,81,39,hit_taken
8474013,Ian Cole,D,PIT,-97,-2,hit_taken
8474013,Ian Cole,D,PIT,-98,3,hit_taken
8474013,Ian Cole,D,PIT,98,-20,hit_taken
8474013,Ian Cole,D,PIT,-97,-17,hit_taken
8474013,Ian Cole,D,PIT,95,-28,hit_taken
8474013,Ian Cole,D,PIT,60,-38,hit_taken
8474013,Ian Cole,D,PIT,5,-40,hit_taken
8474013,Ian Cole,D,PIT,96,-27,hit_taken
8474013,Ian Cole,D,PIT,94,34,hit_taken
8474013,Ian Cole,D,PIT,43,38,hit_taken
8474013,Ian Cole,D,PIT,96,-8,hit_taken
8474013,Ian Cole,D,PIT,-70,41,hit_taken
8474013,Ian Cole,D,PIT,96,-36,hit_taken
8474013,Ian Cole,D,PIT,77,-39,hit_taken
8474013,Ian Cole,D,PIT,69,-40,hit_taken
8474013,Ian Cole,D,PIT,-49,-40,hit_taken
8474013,Ian Cole,D,PIT,96,3,hit_taken
8474013,Ian Cole,D,PIT,31,-33,hit_taken
8474013,Ian Cole,D,PIT,35,-7,hit_thrown
8474013,Ian Cole,D,PIT,97,20,hit_thrown
8474013,Ian Cole,D,PIT,96,-21,hit_thrown
8474013,Ian Cole,D,PIT,-35,39,hit_thrown
8474013,Ian Cole,D,PIT,-68,38,hit_thrown
8474013,Ian Cole,D,PIT,-1,-1,hit_thrown
8474013,Ian Cole,D,PIT,99,-7,hit_thrown
8474013,Ian Cole,D,PIT,97,12,hit_thrown
8474013,Ian Cole,D,PIT,-30,-39,hit_thrown
8474013,Ian Cole,D,PIT,38,42,hit_thrown
8474013,Ian Cole,D,PIT,-93,-36,hit_thrown
8474013,Ian Cole,D,PIT,3,-15,hit_thrown
8474013,Ian Cole,D,PIT,80,39,hit_thrown
8474013,Ian Cole,D,PIT,-7,-39,hit_thrown
8474013,Ian Cole,D,PIT,-30,29,hit_thrown
8474013,Ian Cole,D,PIT,40,41,hit_thrown
8474013,Ian Cole,D,PIT,-49,-40,hit_thrown
8474013,Ian Cole,D,PIT,62,-36,hit_thrown
8474013,Ian Cole,D,PIT,43,-40,hit_thrown
8474013,Ian Cole,D,PIT,-21,-29,hit_thrown
8474013,Ian Cole,D,PIT,-23,-34,hit_thrown
8474013,Ian Cole,D,PIT,-30,-39,hit_thrown
8474013,Ian Cole,D,PIT,22,40,hit_thrown
8474013,Ian Cole,D,PIT,98,19,hit_thrown
8474013,Ian Cole,D,PIT,-98,21,hit_thrown
8474013,Ian Cole,D,PIT,-47,-2,hit_thrown
8474013,Ian Cole,D,PIT,-80,-39,hit_thrown
8474013,Ian Cole,D,PIT,-97,-13,hit_thrown
8474013,Ian Cole,D,PIT,21,38,hit_thrown
8474013,Ian Cole,D,PIT,-54,41,hit_thrown
8474013,Ian Cole,D,PIT,97,-23,hit_thrown
8474013,Ian Cole,D,PIT,-97,23,hit_thrown
8474013,Ian Cole,D,PIT,-79,-40,hit_thrown
8474013,Ian Cole,D,PIT,-90,-39,hit_thrown
8474013,Ian Cole,D,PIT,85,31,hit_thrown
8474013,Ian Cole,D,PIT,73,-38,hit_thrown
8474013,Ian Cole,D,PIT,23,-38,hit_thrown
8474013,Ian Cole,D,PIT,82,38,hit_thrown
8474013,Ian Cole,D,PIT,68,-38,hit_thrown
8474013,Ian Cole,D,PIT,43,-39,hit_thrown
8474013,Ian Cole,D,PIT,34,-33,hit_thrown
8474013,Ian Cole,D,PIT,98,-19,hit_thrown
8474013,Ian Cole,D,PIT,96,21,hit_thrown
8474013,Ian Cole,D,PIT,29,33,hit_thrown
8474013,Ian Cole,D,PIT,-89,-10,takeaway_hd
8474013,Ian Cole,D,PIT,-98,5,takeaway_hd
8474013,Ian Cole,D,PIT,-46,29,takeaway_other
8474013,Ian Cole,D,PIT,-4,-39,takeaway_other
8474013,Ian Cole,D,PIT,66,27,takeaway_other
8474013,Ian Cole,D,PIT,-95,31,takeaway_other
8474013,Ian Cole,D,PIT,5,38,takeaway_other
8474013,Ian Cole,D,PIT,19,11,takeaway_other
8474013,Ian Cole,D,PIT,-78,-38,takeaway_other
8474019,Tommy Cross,D,BOS,-72,-10,block_hd
8474019,Tommy Cross,D,BOS,-61,10,block_non_hd
8474019,Tommy Cross,D,BOS,-75,-31,hit_taken
8474019,Tommy Cross,D,BOS,81,-33,hit_taken
8474019,Tommy Cross,D,BOS,-11,37,hit_taken
8474027,Justin Braun,D,SJS,73,10,block_hd
8474027,Justin Braun,D,SJS,70,7,block_hd
8474027,Justin Braun,D,SJS,-88,-5,block_hd
8474027,Justin Braun,D,SJS,73,-1,block_hd
8474027,Justin Braun,D,SJS,72,3,block_hd
8474027,Justin Braun,D,SJS,72,-16,block_hd
8474027,Justin Braun,D,SJS,71,-4,block_hd
8474027,Justin Braun,D,SJS,72,0,block_hd
8474027,Justin Braun,D,SJS,70,-5,block_hd
8474027,Justin Braun,D,SJS,78,5,block_hd
8474027,Justin Braun,D,SJS,-75,8,block_hd
8474027,Justin Braun,D,SJS,-75,-16,block_hd
8474027,Justin Braun,D,SJS,-75,2,block_hd
8474027,Justin Braun,D,SJS,-75,-14,block_hd
8474027,Justin Braun,D,SJS,76,18,block_hd
8474027,Justin Braun,D,SJS,43,10,block_non_hd
8474027,Justin Braun,D,SJS,78,24,block_non_hd
8474027,Justin Braun,D,SJS,-64,-14,block_non_hd
8474027,Justin Braun,D,SJS,68,15,block_non_hd
8474027,Justin Braun,D,SJS,62,9,block_non_hd
8474027,Justin Braun,D,SJS,67,-8,block_non_hd
8474027,Justin Braun,D,SJS,62,14,block_non_hd
8474027,Justin Braun,D,SJS,59,-3,block_non_hd
8474027,Justin Braun,D,SJS,-49,-12,block_non_hd
8474027,Justin Braun,D,SJS,66,0,block_non_hd
8474027,Justin Braun,D,SJS,76,27,block_non_hd
8474027,Justin Braun,D,SJS,-70,22,block_non_hd
8474027,Justin Braun,D,SJS,-64,11,block_non_hd
8474027,Justin Braun,D,SJS,69,38,hit_taken
8474027,Justin Braun,D,SJS,97,-28,hit_taken
8474027,Justin Braun,D,SJS,97,23,hit_taken
8474027,Justin Braun,D,SJS,98,-12,hit_taken
8474027,Justin Braun,D,SJS,79,36,hit_taken
8474027,Justin Braun,D,SJS,75,41,hit_taken
8474027,Justin Braun,D,SJS,83,41,hit_taken
8474027,Justin Braun,D,SJS,75,-39,hit_taken
8474027,Justin Braun,D,SJS,94,36,hit_taken
8474027,Justin Braun,D,SJS,-64,39,hit_taken
8474027,Justin Braun,D,SJS,96,-23,hit_taken
8474027,Justin Braun,D,SJS,43,30,hit_taken
8474027,Justin Braun,D,SJS,98,-9,hit_taken
8474027,Justin Braun,D,SJS,96,-9,hit_thrown
8474027,Justin Braun,D,SJS,-34,41,hit_thrown
8474027,Justin Braun,D,SJS,-97,30,hit_thrown
8474027,Justin Braun,D,SJS,98,8,hit_thrown
8474027,Justin Braun,D,SJS,82,14,hit_thrown
8474027,Justin Braun,D,SJS,77,-39,hit_thrown
8474027,Justin Braun,D,SJS,95,-31,hit_thrown
8474027,Justin Braun,D,SJS,81,38,hit_thrown
8474027,Justin Braun,D,SJS,-94,-27,hit_thrown
8474027,Justin Braun,D,SJS,-72,17,takeaway_hd
8474031,Kevin Shattenkirk,D,WSH,75,-16,block_hd
8474031,Kevin Shattenkirk,D,WSH,-72,-4,block_hd
8474031,Kevin Shattenkirk,D,WSH,-78,-4,block_hd
8474031,Kevin Shattenkirk,D,WSH,-73,1,block_hd
8474031,Kevin Shattenkirk,D,WSH,-78,16,block_hd
8474031,Kevin Shattenkirk,D,WSH,-71,-12,block_hd
8474031,Kevin Shattenkirk,D,WSH,-76,-7,block_hd
8474031,Kevin Shattenkirk,D,WSH,-72,10,block_hd
8474031,Kevin Shattenkirk,D,WSH,-72,12,block_hd
8474031,Kevin Shattenkirk,D,WSH,-82,6,block_hd
8474031,Kevin Shattenkirk,D,WSH,-74,0,block_hd
8474031,Kevin Shattenkirk,D,WSH,73,0,block_hd
8474031,Kevin Shattenkirk,D,WSH,73,16,block_hd
8474031,Kevin Shattenkirk,D,WSH,-74,17,block_hd
8474031,Kevin Shattenkirk,D,WSH,-67,-11,block_non_hd
8474031,Kevin Shattenkirk,D,WSH,-66,-16,block_non_hd
8474031,Kevin Shattenkirk,D,WSH,-50,-18,block_non_hd
8474031,Kevin Shattenkirk,D,WSH,-63,-19,block_non_hd
8474031,Kevin Shattenkirk,D,WSH,-66,-12,block_non_hd
8474031,Kevin Shattenkirk,D,WSH,68,7,block_non_hd
8474031,Kevin Shattenkirk,D,WSH,-55,-19,block_non_hd
8474031,Kevin Shattenkirk,D,WSH,-69,9,block_non_hd
8474031,Kevin Shattenkirk,D,WSH,93,25,hit_taken
8474031,Kevin Shattenkirk,D,WSH,73,39,hit_taken
8474031,Kevin Shattenkirk,D,WSH,-15,40,hit_taken
8474031,Kevin Shattenkirk,D,WSH,90,36,hit_taken
8474031,Kevin Shattenkirk,D,WSH,-38,37,hit_taken
8474031,Kevin Shattenkirk,D,WSH,71,39,hit_taken
8474031,Kevin Shattenkirk,D,WSH,74,40,hit_taken
8474031,Kevin Shattenkirk,D,WSH,-94,-12,hit_taken
8474031,Kevin Shattenkirk,D,WSH,-94,-10,hit_taken
8474031,Kevin Shattenkirk,D,WSH,-10,37,hit_taken
8474031,Kevin Shattenkirk,D,WSH,-93,-33,hit_taken
8474031,Kevin Shattenkirk,D,WSH,-94,6,hit_taken
8474031,Kevin Shattenkirk,D,WSH,-91,-35,hit_taken
8474031,Kevin Shattenkirk,D,WSH,-90,-35,hit_taken
8474031,Kevin Shattenkirk,D,WSH,69,-36,hit_taken
8474031,Kevin Shattenkirk,D,WSH,94,-36,hit_taken
8474031,Kevin Shattenkirk,D,WSH,-95,-32,hit_taken
8474031,Kevin Shattenkirk,D,WSH,96,-9,hit_taken
8474031,Kevin Shattenkirk,D,WSH,95,19,hit_taken
8474031,Kevin Shattenkirk,D,WSH,-94,-7,hit_taken
8474031,Kevin Shattenkirk,D,WSH,94,26,hit_taken
8474031,Kevin Shattenkirk,D,WSH,-89,-34,hit_taken
8474031,Kevin Shattenkirk,D,WSH,-35,34,hit_taken
8474031,Kevin Shattenkirk,D,WSH,93,34,hit_taken
8474031,Kevin Shattenkirk,D,WSH,94,-37,hit_taken
8474031,Kevin Shattenkirk,D,WSH,-89,-33,hit_taken
8474031,Kevin Shattenkirk,D,WSH,-38,-33,hit_taken
8474031,Kevin Shattenkirk,D,WSH,24,37,hit_taken
8474031,Kevin Shattenkirk,D,WSH,-72,38,hit_taken
8474031,Kevin Shattenkirk,D,WSH,-97,14,hit_taken
8474031,Kevin Shattenkirk,D,WSH,93,37,hit_taken
8474031,Kevin Shattenkirk,D,WSH,79,39,hit_taken
8474031,Kevin Shattenkirk,D,WSH,97,-32,hit_taken
8474031,Kevin Shattenkirk,D,WSH,95,-35,hit_taken
8474031,Kevin Shattenkirk,D,WSH,-4,40,hit_taken
8474031,Kevin Shattenkirk,D,WSH,85,5,hit_taken
8474031,Kevin Shattenkirk,D,WSH,96,14,hit_taken
8474031,Kevin Shattenkirk,D,WSH,98,-7,hit_taken
8474031,Kevin Shattenkirk,D,WSH,97,7,hit_taken
8474031,Kevin Shattenkirk,D,WSH,97,-24,hit_thrown
8474031,Kevin Shattenkirk,D,WSH,-96,11,hit_thrown
8474031,Kevin Shattenkirk,D,WSH,87,-17,hit_thrown
8474031,Kevin Shattenkirk,D,WSH,-76,38,hit_thrown
8474031,Kevin Shattenkirk,D,WSH,-63,40,hit_thrown
8474031,Kevin Shattenkirk,D,WSH,90,37,hit_thrown
8474031,Kevin Shattenkirk,D,WSH,54,-38,hit_thrown
8474031,Kevin Shattenkirk,D,WSH,75,-30,hit_thrown
8474031,Kevin Shattenkirk,D,WSH,67,38,hit_thrown
8474031,Kevin Shattenkirk,D,WSH,95,27,hit_thrown
8474031,Kevin Shattenkirk,D,WSH,-89,-31,hit_thrown
8474031,Kevin Shattenkirk,D,WSH,-94,-34,hit_thrown
8474031,Kevin Shattenkirk,D,WSH,32,40,hit_thrown
8474031,Kevin Shattenkirk,D,WSH,39,40,hit_thrown
8474031,Kevin Shattenkirk,D,WSH,14,-39,hit_thrown
8474031,Kevin Shattenkirk,D,WSH,-77,-39,hit_thrown
8474031,Kevin Shattenkirk,D,WSH,97,20,hit_thrown
8474031,Kevin Shattenkirk,D,WSH,-27,-40,hit_thrown
8474031,Kevin Shattenkirk,D,WSH,-96,-31,hit_thrown
8474031,Kevin Shattenkirk,D,WSH,97,-7,hit_thrown
8474031,Kevin Shattenkirk,D,WSH,-35,38,takeaway_other
8474031,Kevin Shattenkirk,D,WSH,-5,0,takeaway_other
8474031,Kevin Shattenkirk,D,WSH,12,35,takeaway_other
8474031,Kevin Shattenkirk,D,WSH,64,35,takeaway_other
8474031,Kevin Shattenkirk,D,WSH,-25,-36,takeaway_other
8474034,Patrick Maroon,L,EDM,83,11,block_hd
8474034,Patrick Maroon,L,EDM,-70,2,block_hd
8474034,Patrick Maroon,L,EDM,37,-28,block_non_hd
8474034,Patrick Maroon,L,EDM,69,5,block_non_hd
8474034,Patrick Maroon,L,EDM,60,-21,block_non_hd
8474034,Patrick Maroon,L,EDM,84,4,crease_goal
8474034,Patrick Maroon,L,EDM,82,-1,crease_goal
8474034,Patrick Maroon,L,EDM,-93,31,hit_taken
8474034,Patrick Maroon,L,EDM,96,-9,hit_taken
8474034,Patrick Maroon,L,EDM,91,29,hit_taken
8474034,Patrick Maroon,L,EDM,95,-29,hit_taken
8474034,Patrick Maroon,L,EDM,-31,41,hit_taken
8474034,Patrick Maroon,L,EDM,-85,40,hit_taken
8474034,Patrick Maroon,L,EDM,-96,-4,hit_taken
8474034,Patrick Maroon,L,EDM,-93,13,hit_taken
8474034,Patrick Maroon,L,EDM,96,30,hit_taken
8474034,Patrick Maroon,L,EDM,-63,41,hit_taken
8474034,Patrick Maroon,L,EDM,-94,-34,hit_taken
8474034,Patrick Maroon,L,EDM,40,37,hit_taken
8474034,Patrick Maroon,L,EDM,-94,-8,hit_taken
8474034,Patrick Maroon,L,EDM,34,38,hit_taken
8474034,Patrick Maroon,L,EDM,-29,32,hit_taken
8474034,Patrick Maroon,L,EDM,-47,-40,hit_taken
8474034,Patrick Maroon,L,EDM,60,40,hit_taken
8474034,Patrick Maroon,L,EDM,96,-12,hit_taken
8474034,Patrick Maroon,L,EDM,61,39,hit_taken
8474034,Patrick Maroon,L,EDM,1,35,hit_taken
8474034,Patrick Maroon,L,EDM,93,10,hit_taken
8474034,Patrick Maroon,L,EDM,57,-40,hit_taken
8474034,Patrick Maroon,L,EDM,38,38,hit_thrown
8474034,Patrick Maroon,L,EDM,97,23,hit_thrown
8474034,Patrick Maroon,L,EDM,-90,-34,hit_thrown
8474034,Patrick Maroon,L,EDM,97,-20,hit_thrown
8474034,Patrick Maroon,L,EDM,98,-6,hit_thrown
8474034,Patrick Maroon,L,EDM,98,-5,hit_thrown
8474034,Patrick Maroon,L,EDM,94,36,hit_thrown
8474034,Patrick Maroon,L,EDM,-97,-17,hit_thrown
8474034,Patrick Maroon,L,EDM,-72,-39,hit_thrown
8474034,Patrick Maroon,L,EDM,98,-20,hit_thrown
8474034,Patrick Maroon,L,EDM,56,-37,hit_thrown
8474034,Patrick Maroon,L,EDM,96,-18,hit_thrown
8474034,Patrick Maroon,L,EDM,96,-23,hit_thrown
8474034,Patrick Maroon,L,EDM,97,-14,hit_thrown
8474034,Patrick Maroon,L,EDM,52,-37,hit_thrown
8474034,Patrick Maroon,L,EDM,39,-36,hit_thrown
8474034,Patrick Maroon,L,EDM,96,14,hit_thrown
8474034,Patrick Maroon,L,EDM,-34,41,hit_thrown
8474034,Patrick Maroon,L,EDM,97,15,hit_thrown
8474034,Patrick Maroon,L,EDM,22,-42,hit_thrown
8474034,Patrick Maroon,L,EDM,-96,-26,hit_thrown
8474034,Patrick Maroon,L,EDM,95,14,hit_thrown
8474034,Patrick Maroon,L,EDM,-75,40,hit_thrown
8474034,Patrick Maroon,L,EDM,-91,36,hit_thrown
8474034,Patrick Maroon,L,EDM,-93,29,hit_thrown
8474034,Patrick Maroon,L,EDM,1,-8,hit_thrown
8474034,Patrick Maroon,L,EDM,56,-37,hit_thrown
8474034,Patrick Maroon,L,EDM,83,37,hit_thrown
8474034,Patrick Maroon,L,EDM,-80,38,hit_thrown
8474034,Patrick Maroon,L,EDM,92,8,hit_thrown
8474034,Patrick Maroon,L,EDM,25,-29,hit_thrown
8474034,Patrick Maroon,L,EDM,-70,40,hit_thrown
8474034,Patrick Maroon,L,EDM,-95,29,hit_thrown
8474034,Patrick Maroon,L,EDM,-95,10,hit_thrown
8474034,Patrick Maroon,L,EDM,-66,5,takeaway_other
8474034,Patrick Maroon,L,EDM,24,38,takeaway_other
8474034,Patrick Maroon,L,EDM,-14,35,takeaway_other
8474037,James van Riemsdyk,L,TOR,-72,9,block_hd
8474037,James van Riemsdyk,L,TOR,39,-18,block_non_hd
8474037,James van Riemsdyk,L,TOR,-44,27,block_non_hd
8474037,James van Riemsdyk,L,TOR,-62,-12,block_non_hd
8474037,James van Riemsdyk,L,TOR,-59,-38,hit_taken
8474037,James van Riemsdyk,L,TOR,97,-34,hit_taken
8474037,James van Riemsdyk,L,TOR,90,37,hit_taken
8474037,James van Riemsdyk,L,TOR,-32,-34,hit_taken
8474037,James van Riemsdyk,L,TOR,-78,-38,hit_taken
8474037,James van Riemsdyk,L,TOR,93,-35,hit_taken
8474037,James van Riemsdyk,L,TOR,-76,34,hit_taken
8474037,James van Riemsdyk,L,TOR,-65,40,hit_taken
8474037,James van Riemsdyk,L,TOR,43,-38,hit_taken
8474037,James van Riemsdyk,L,TOR,-45,-36,hit_taken
8474037,James van Riemsdyk,L,TOR,63,-36,hit_thrown
8474037,James van Riemsdyk,L,TOR,-35,36,hit_thrown
8474037,James van Riemsdyk,L,TOR,-77,-36,hit_thrown
8474037,James van Riemsdyk,L,TOR,-91,19,hit_thrown
8474037,James van Riemsdyk,L,TOR,-59,-37,hit_thrown
8474037,James van Riemsdyk,L,TOR,-94,18,hit_thrown
8474037,James van Riemsdyk,L,TOR,-93,-7,takeaway_hd
8474037,James van Riemsdyk,L,TOR,-9,-2,takeaway_other
8474038,Paul Byron,L,MTL,-48,22,block_non_hd
8474038,Paul Byron,L,MTL,46,-6,block_non_hd
8474038,Paul Byron,L,MTL,48,-22,block_non_hd
8474038,Paul Byron,L,MTL,67,11,block_non_hd
8474038,Paul Byron,L,MTL,-13,-32,hit_taken
8474038,Paul Byron,L,MTL,-40,-42,hit_taken
8474038,Paul Byron,L,MTL,-93,36,hit_taken
8474038,Paul Byron,L,MTL,66,-38,hit_taken
8474038,Paul Byron,L,MTL,41,-40,hit_taken
8474038,Paul Byron,L,MTL,97,-20,hit_taken
8474038,Paul Byron,L,MTL,2,38,hit_taken
8474038,Paul Byron,L,MTL,54,37,hit_taken
8474038,Paul Byron,L,MTL,-77,40,hit_taken
8474038,Paul Byron,L,MTL,17,-39,hit_taken
8474038,Paul Byron,L,MTL,25,38,hit_taken
8474038,Paul Byron,L,MTL,-16,-38,hit_taken
8474038,Paul Byron,L,MTL,66,-41,hit_taken
8474038,Paul Byron,L,MTL,-78,40,hit_taken
8474038,Paul Byron,L,MTL,-94,29,hit_taken
8474038,Paul Byron,L,MTL,-84,-40,hit_thrown
8474038,Paul Byron,L,MTL,92,40,hit_thrown
8474038,Paul Byron,L,MTL,65,40,hit_thrown
8474038,Paul Byron,L,MTL,-4,-41,hit_thrown
8474038,Paul Byron,L,MTL,23,-41,hit_thrown
8474038,Paul Byron,L,MTL,-92,-36,hit_thrown
8474038,Paul Byron,L,MTL,-84,-37,hit_thrown
8474038,Paul Byron,L,MTL,-65,-38,hit_thrown
8474038,Paul Byron,L,MTL,-92,38,hit_thrown
8474038,Paul Byron,L,MTL,-38,-41,hit_thrown
8474038,Paul Byron,L,MTL,67,-39,hit_thrown
8474038,Paul Byron,L,MTL,-46,41,hit_thrown
8474038,Paul Byron,L,MTL,-93,-34,hit_thrown
8474038,Paul Byron,L,MTL,97,-14,hit_thrown
8474038,Paul Byron,L,MTL,78,40,hit_thrown
8474038,Paul Byron,L,MTL,84,-38,hit_thrown
8474038,Paul Byron,L,MTL,-76,-39,hit_thrown
8474038,Paul Byron,L,MTL,-76,-39,hit_thrown
8474038,Paul Byron,L,MTL,-93,-35,hit_thrown
8474038,Paul Byron,L,MTL,7,-40,hit_thrown
8474038,Paul Byron,L,MTL,95,-38,hit_thrown
8474038,Paul Byron,L,MTL,77,40,hit_thrown
8474038,Paul Byron,L,MTL,-14,-39,hit_thrown
8474038,Paul Byron,L,MTL,96,25,hit_thrown
8474038,Paul Byron,L,MTL,96,10,hit_thrown
8474038,Paul Byron,L,MTL,87,38,hit_thrown
8474038,Paul Byron,L,MTL,21,-38,takeaway_other
8474038,Paul Byron,L,MTL,96,19,takeaway_other
8474038,Paul Byron,L,MTL,-32,34,takeaway_other
8474038,Paul Byron,L,MTL,61,38,takeaway_other
8474038,Paul Byron,L,MTL,66,35,takeaway_other
8474040,Sam Gagner,C,CBJ,83,-5,block_hd
8474040,Sam Gagner,C,CBJ,-70,4,block_hd
8474040,Sam Gagner,C,CBJ,69,-22,dz_faceoff_win
8474040,Sam Gagner,C,CBJ,-81,-40,hit_taken
8474040,Sam Gagner,C,CBJ,-1,-40,hit_taken
8474040,Sam Gagner,C,CBJ,-96,12,hit_taken
8474040,Sam Gagner,C,CBJ,-97,1,hit_taken
8474040,Sam Gagner,C,CBJ,97,-21,hit_thrown
8474040,Sam Gagner,C,CBJ,82,39,hit_thrown
8474040,Sam Gagner,C,CBJ,98,-6,hit_thrown
8474040,Sam Gagner,C,CBJ,-61,39,hit_thrown
8474040,Sam Gagner,C,CBJ,-50,-37,hit_thrown
8474040,Sam Gagner,C,CBJ,83,40,hit_thrown
8474040,Sam Gagner,C,CBJ,99,-18,hit_thrown
8474040,Sam Gagner,C,CBJ,94,35,hit_thrown
8474040,Sam Gagner,C,CBJ,-96,-31,hit_thrown
8474053,Logan Couture,C,SJS,66,12,block_non_hd
8474053,Logan Couture,C,SJS,-61,-1,block_non_hd
8474053,Logan Couture,C,SJS,70,-23,dz_faceoff_win
8474053,Logan Couture,C,SJS,69,-22,dz_faceoff_win
8474053,Logan Couture,C,SJS,69,-22,dz_faceoff_win
8474053,Logan Couture,C,SJS,69,-23,dz_faceoff_win
8474053,Logan Couture,C,SJS,70,-23,dz_faceoff_win
8474053,Logan Couture,C,SJS,-68,21,dz_faceoff_win
8474053,Logan Couture,C,SJS,69,-23,dz_faceoff_win
8474053,Logan Couture,C,SJS,39,38,hit_taken
8474053,Logan Couture,C,SJS,-79,22,hit_taken
8474053,Logan Couture,C,SJS,-53,37,hit_taken
8474053,Logan Couture,C,SJS,-34,-39,hit_taken
8474053,Logan Couture,C,SJS,98,-3,hit_taken
8474053,Logan Couture,C,SJS,96,-36,hit_taken
8474053,Logan Couture,C,SJS,54,-42,hit_taken
8474053,Logan Couture,C,SJS,98,-6,hit_taken
8474053,Logan Couture,C,SJS,49,-41,hit_taken
8474053,Logan Couture,C,SJS,86,40,hit_taken
8474053,Logan Couture,C,SJS,-8,38,hit_taken
8474053,Logan Couture,C,SJS,-88,39,hit_taken
8474053,Logan Couture,C,SJS,71,-40,hit_taken
8474053,Logan Couture,C,SJS,97,15,hit_taken
8474053,Logan Couture,C,SJS,-96,8,hit_thrown
8474053,Logan Couture,C,SJS,5,25,hit_thrown
8474053,Logan Couture,C,SJS,44,-41,hit_thrown
8474053,Logan Couture,C,SJS,93,-35,hit_thrown
8474053,Logan Couture,C,SJS,98,-16,hit_thrown
8474053,Logan Couture,C,SJS,96,2,takeaway_hd
8474053,Logan Couture,C,SJS,-57,36,takeaway_other
8474053,Logan Couture,C,SJS,-28,39,takeaway_other
8474053,Logan Couture,C,SJS,-37,37,takeaway_other
8474053,Logan Couture,C,SJS,4,40,takeaway_other
8474056,P.K. Subban,D,NSH,-75,-5,block_hd
8474056,P.K. Subban,D,NSH,70,11,block_hd
8474056,P.K. Subban,D,NSH,-87,-4,block_hd
8474056,P.K. Subban,D,NSH,-82,-4,block_hd
8474056,P.K. Subban,D,NSH,76,10,block_hd
8474056,P.K. Subban,D,NSH,-70,14,block_hd
8474056,P.K. Subban,D,NSH,81,1,block_hd
8474056,P.K. Subban,D,NSH,-73,7,block_hd
8474056,P.K. Subban,D,NSH,-42,-2,block_non_hd
8474056,P.K. Subban,D,NSH,67,7,block_non_hd
8474056,P.K. Subban,D,NSH,-39,-13,block_non_hd
8474056,P.K. Subban,D,NSH,-49,-12,block_non_hd
8474056,P.K. Subban,D,NSH,62,3,block_non_hd
8474056,P.K. Subban,D,NSH,-65,0,block_non_hd
8474056,P.K. Subban,D,NSH,81,-23,block_non_hd
8474056,P.K. Subban,D,NSH,62,-3,block_non_hd
8474056,P.K. Subban,D,NSH,-80,-20,block_non_hd
8474056,P.K. Subban,D,NSH,65,11,block_non_hd
8474056,P.K. Subban,D,NSH,-56,-23,block_non_hd
8474056,P.K. Subban,D,NSH,-53,-19,block_non_hd
8474056,P.K. Subban,D,NSH,-63,-7,block_non_hd
8474056,P.K. Subban,D,NSH,-61,2,block_non_hd
8474056,P.K. Subban,D,NSH,-54,-5,block_non_hd
8474056,P.K. Subban,D,NSH,-66,3,block_non_hd
8474056,P.K. Subban,D,NSH,-69,-1,block_non_hd
8474056,P.K. Subban,D,NSH,-65,16,block_non_hd
8474056,P.K. Subban,D,NSH,56,10,block_non_hd
8474056,P.K. Subban,D,NSH,65,15,block_non_hd
8474056,P.K. Subban,D,NSH,-61,-28,block_non_hd
8474056,P.K. Subban,D,NSH,-64,-27,block_non_hd
8474056,P.K. Subban,D,NSH,-64,-2,block_non_hd
8474056,P.K. Subban,D,NSH,-58,1,block_non_hd
8474056,P.K. Subban,D,NSH,-55,-40,hit_taken
8474056,P.K. Subban,D,NSH,-98,17,hit_taken
8474056,P.K. Subban,D,NSH,96,-8,hit_taken
8474056,P.K. Subban,D,NSH,-43,37,hit_taken
8474056,P.K. Subban,D,NSH,17,-41,hit_taken
8474056,P.K. Subban,D,NSH,-93,-35,hit_taken
8474056,P.K. Subban,D,NSH,-91,-35,hit_taken
8474056,P.K. Subban,D,NSH,96,-16,hit_taken
8474056,P.K. Subban,D,NSH,45,38,hit_taken
8474056,P.K. Subban,D,NSH,-95,24,hit_taken
8474056,P.K. Subban,D,NSH,95,-12,hit_taken
8474056,P.K. Subban,D,NSH,-99,-20,hit_taken
8474056,P.K. Subban,D,NSH,98,6,hit_taken
8474056,P.K. Subban,D,NSH,99,9,hit_taken
8474056,P.K. Subban,D,NSH,-95,-13,hit_taken
8474056,P.K. Subban,D,NSH,96,-28,hit_taken
8474056,P.K. Subban,D,NSH,-56,39,hit_taken
8474056,P.K. Subban,D,NSH,-47,-39,hit_taken
8474056,P.K. Subban,D,NSH,97,31,hit_taken
8474056,P.K. Subban,D,NSH,-5,-37,hit_taken
8474056,P.K. Subban,D,NSH,87,38,hit_taken
8474056,P.K. Subban,D,NSH,95,-28,hit_taken
8474056,P.K. Subban,D,NSH,-75,-40,hit_taken
8474056,P.K. Subban,D,NSH,80,38,hit_taken
8474056,P.K. Subban,D,NSH,-40,2,hit_taken
8474056,P.K. Subban,D,NSH,93,38,hit_taken
8474056,P.K. Subban,D,NSH,-12,28,hit_taken
8474056,P.K. Subban,D,NSH,97,-30,hit_taken
8474056,P.K. Subban,D,NSH,44,-40,hit_taken
8474056,P.K. Subban,D,NSH,-99,-29,hit_taken
8474056,P.K. Subban,D,NSH,99,3,hit_taken
8474056,P.K. Subban,D,NSH,-35,-37,hit_taken
8474056,P.K. Subban,D,NSH,-66,39,hit_taken
8474056,P.K. Subban,D,NSH,51,37,hit_taken
8474056,P.K. Subban,D,NSH,-28,40,hit_taken
8474056,P.K. Subban,D,NSH,59,41,hit_taken
8474056,P.K. Subban,D,NSH,-75,-40,hit_taken
8474056,P.K. Subban,D,NSH,97,-2,hit_taken
8474056,P.K. Subban,D,NSH,-93,-30,hit_taken
8474056,P.K. Subban,D,NSH,49,38,hit_thrown
8474056,P.K. Subban,D,NSH,95,13,hit_thrown
8474056,P.K. Subban,D,NSH,-95,31,hit_thrown
8474056,P.K. Subban,D,NSH,-44,-37,hit_thrown
8474056,P.K. Subban,D,NSH,-93,10,hit_thrown
8474056,P.K. Subban,D,NSH,-88,-35,hit_thrown
8474056,P.K. Subban,D,NSH,-45,-38,hit_thrown
8474056,P.K. Subban,D,NSH,39,37,hit_thrown
8474056,P.K. Subban,D,NSH,97,3,hit_thrown
8474056,P.K. Subban,D,NSH,95,23,hit_thrown
8474056,P.K. Subban,D,NSH,-67,39,hit_thrown
8474056,P.K. Subban,D,NSH,-93,-25,hit_thrown
8474056,P.K. Subban,D,NSH,-94,-23,hit_thrown
8474056,P.K. Subban,D,NSH,94,27,hit_thrown
8474056,P.K. Subban,D,NSH,31,-40,hit_thrown
8474056,P.K. Subban,D,NSH,-2,-36,hit_thrown
8474056,P.K. Subban,D,NSH,-96,-10,hit_thrown
8474056,P.K. Subban,D,NSH,-29,-38,hit_thrown
8474056,P.K. Subban,D,NSH,21,36,hit_thrown
8474056,P.K. Subban,D,NSH,-76,39,hit_thrown
8474056,P.K. Subban,D,NSH,-91,-40,hit_thrown
8474056,P.K. Subban,D,NSH,8,-39,hit_thrown
8474056,P.K. Subban,D,NSH,72,39,hit_thrown
8474056,P.K. Subban,D,NSH,96,-1,hit_thrown
8474056,P.K. Subban,D,NSH,-35,-39,hit_thrown
8474056,P.K. Subban,D,NSH,80,-38,hit_thrown
8474056,P.K. Subban,D,NSH,-18,-39,hit_thrown
8474056,P.K. Subban,D,NSH,-5,37,hit_thrown
8474056,P.K. Subban,D,NSH,92,39,hit_thrown
8474056,P.K. Subban,D,NSH,-93,-37,hit_thrown
8474056,P.K. Subban,D,NSH,98,27,hit_thrown
8474056,P.K. Subban,D,NSH,13,41,hit_thrown
8474056,P.K. Subban,D,NSH,97,-18,hit_thrown
8474056,P.K. Subban,D,NSH,77,40,hit_thrown
8474056,P.K. Subban,D,NSH,-31,-37,hit_thrown
8474056,P.K. Subban,D,NSH,63,40,hit_thrown
8474056,P.K. Subban,D,NSH,16,-33,hit_thrown
8474056,P.K. Subban,D,NSH,3,-40,hit_thrown
8474056,P.K. Subban,D,NSH,98,-14,hit_thrown
8474056,P.K. Subban,D,NSH,-40,38,hit_thrown
8474056,P.K. Subban,D,NSH,-10,-39,takeaway_other
8474056,P.K. Subban,D,NSH,-63,38,takeaway_other
8474056,P.K. Subban,D,NSH,-43,-38,takeaway_other
8474056,P.K. Subban,D,NSH,92,-27,takeaway_other
8474056,P.K. Subban,D,NSH,42,-28,takeaway_other
8474056,P.K. Subban,D,NSH,-5,-18,takeaway_other
8474056,P.K. Subban,D,NSH,-78,37,takeaway_other
8474056,P.K. Subban,D,NSH,-30,5,takeaway_other
8474056,P.K. Subban,D,NSH,64,39,takeaway_other
8474062,Riley Nash,C,BOS,-72,-8,block_hd
8474062,Riley Nash,C,BOS,-63,-8,block_non_hd
8474062,Riley Nash,C,BOS,56,-11,block_non_hd
8474062,Riley Nash,C,BOS,-51,7,block_non_hd
8474062,Riley Nash,C,BOS,-45,26,block_non_hd
8474062,Riley Nash,C,BOS,51,9,block_non_hd
8474062,Riley Nash,C,BOS,-57,-14,block_non_hd
8474062,Riley Nash,C,BOS,47,12,block_non_hd
8474062,Riley Nash,C,BOS,-69,-23,dz_faceoff_win
8474062,Riley Nash,C,BOS,-69,-23,dz_faceoff_win
8474062,Riley Nash,C,BOS,69,22,dz_faceoff_win
8474062,Riley Nash,C,BOS,69,22,dz_faceoff_win
8474062,Riley Nash,C,BOS,69,21,dz_faceoff_win
8474062,Riley Nash,C,BOS,70,22,dz_faceoff_win
8474062,Riley Nash,C,BOS,69,22,dz_faceoff_win
8474062,Riley Nash,C,BOS,69,22,dz_faceoff_win
8474062,Riley Nash,C,BOS,69,22,dz_faceoff_win
8474062,Riley Nash,C,BOS,69,-21,dz_faceoff_win
8474062,Riley Nash,C,BOS,-68,-22,dz_faceoff_win
8474062,Riley Nash,C,BOS,72,-23,dz_faceoff_win
8474062,Riley Nash,C,BOS,69,23,dz_faceoff_win
8474062,Riley Nash,C,BOS,-8,41,hit_taken
8474062,Riley Nash,C,BOS,49,39,hit_taken
8474062,Riley Nash,C,BOS,-11,-26,hit_taken
8474062,Riley Nash,C,BOS,78,-33,hit_taken
8474062,Riley Nash,C,BOS,-81,35,hit_taken
8474062,Riley Nash,C,BOS,70,39,hit_taken
8474062,Riley Nash,C,BOS,-10,38,hit_taken
8474062,Riley Nash,C,BOS,-83,-7,hit_taken
8474062,Riley Nash,C,BOS,-83,35,hit_taken
8474062,Riley Nash,C,BOS,-5,38,hit_taken
8474062,Riley Nash,C,BOS,-38,41,hit_taken
8474062,Riley Nash,C,BOS,95,-14,hit_taken
8474062,Riley Nash,C,BOS,99,21,hit_taken
8474062,Riley Nash,C,BOS,60,40,hit_taken
8474062,Riley Nash,C,BOS,10,38,hit_taken
8474062,Riley Nash,C,BOS,-50,-41,hit_thrown
8474062,Riley Nash,C,BOS,96,-18,hit_thrown
8474062,Riley Nash,C,BOS,-97,8,hit_thrown
8474062,Riley Nash,C,BOS,-96,-16,hit_thrown
8474062,Riley Nash,C,BOS,79,37,hit_thrown
8474062,Riley Nash,C,BOS,15,-36,hit_thrown
8474062,Riley Nash,C,BOS,3,-23,takeaway_other
8474062,Riley Nash,C,BOS,72,-22,takeaway_other
8474062,Riley Nash,C,BOS,40,-22,takeaway_other
8474062,Riley Nash,C,BOS,-11,-36,takeaway_other
8474062,Riley Nash,C,BOS,-44,33,takeaway_other
8474062,Riley Nash,C,BOS,-31,20,takeaway_other
8474062,Riley Nash,C,BOS,-58,42,takeaway_other
8474062,Riley Nash,C,BOS,54,-35,takeaway_other
8474062,Riley Nash,C,BOS,-43,-33,takeaway_other
8474068,Kyle Turris,C,OTT,81,-2,block_hd
8474068,Kyle Turris,C,OTT,54,-17,block_non_hd
8474068,Kyle Turris,C,OTT,65,-9,block_non_hd
8474068,Kyle Turris,C,OTT,42,31,block_non_hd
8474068,Kyle Turris,C,OTT,48,-7,block_non_hd
8474068,Kyle Turris,C,OTT,-15,14,block_non_hd
8474068,Kyle Turris,C,OTT,49,-15,block_non_hd
8474068,Kyle Turris,C,OTT,-81,-6,crease_goal
8474068,Kyle Turris,C,OTT,-86,-6,crease_goal
8474068,Kyle Turris,C,OTT,69,23,dz_faceoff_win
8474068,Kyle Turris,C,OTT,-69,22,dz_faceoff_win
8474068,Kyle Turris,C,OTT,-68,21,dz_faceoff_win
8474068,Kyle Turris,C,OTT,69,22,dz_faceoff_win
8474068,Kyle Turris,C,OTT,70,-23,dz_faceoff_win
8474068,Kyle Turris,C,OTT,69,22,dz_faceoff_win
8474068,Kyle Turris,C,OTT,-68,-21,dz_faceoff_win
8474068,Kyle Turris,C,OTT,69,22,dz_faceoff_win
8474068,Kyle Turris,C,OTT,69,22,dz_faceoff_win
8474068,Kyle Turris,C,OTT,-66,-23,dz_faceoff_win
8474068,Kyle Turris,C,OTT,-68,21,dz_faceoff_win
8474068,Kyle Turris,C,OTT,-68,-21,dz_faceoff_win
8474068,Kyle Turris,C,OTT,68,-23,dz_faceoff_win
8474068,Kyle Turris,C,OTT,68,23,dz_faceoff_win
8474068,Kyle Turris,C,OTT,67,22,dz_faceoff_win
8474068,Kyle Turris,C,OTT,-69,22,dz_faceoff_win
8474068,Kyle Turris,C,OTT,-69,-22,dz_faceoff_win
8474068,Kyle Turris,C,OTT,69,-23,dz_faceoff_win
8474068,Kyle Turris,C,OTT,69,23,dz_faceoff_win
8474068,Kyle Turris,C,OTT,-68,-23,dz_faceoff_win
8474068,Kyle Turris,C,OTT,70,22,dz_faceoff_win
8474068,Kyle Turris,C,OTT,-68,-22,dz_faceoff_win
8474068,Kyle Turris,C,OTT,-68,21,dz_faceoff_win
8474068,Kyle Turris,C,OTT,70,-23,dz_faceoff_win
8474068,Kyle Turris,C,OTT,70,-23,dz_faceoff_win
8474068,Kyle Turris,C,OTT,-69,-23,dz_faceoff_win
8474068,Kyle Turris,C,OTT,-68,22,dz_faceoff_win
8474068,Kyle Turris,C,OTT,69,-22,dz_faceoff_win
8474068,Kyle Turris,C,OTT,70,22,dz_faceoff_win
8474068,Kyle Turris,C,OTT,-69,-23,dz_faceoff_win
8474068,Kyle Turris,C,OTT,-68,-23,dz_faceoff_win
8474068,Kyle Turris,C,OTT,-69,21,dz_faceoff_win
8474068,Kyle Turris,C,OTT,69,21,dz_faceoff_win
8474068,Kyle Turris,C,OTT,-68,21,dz_faceoff_win
8474068,Kyle Turris,C,OTT,-69,-23,dz_faceoff_win
8474068,Kyle Turris,C,OTT,69,-23,dz_faceoff_win
8474068,Kyle Turris,C,OTT,69,22,dz_faceoff_win
8474068,Kyle Turris,C,OTT,69,23,dz_faceoff_win
8474068,Kyle Turris,C,OTT,-69,-22,dz_faceoff_win
8474068,Kyle Turris,C,OTT,-69,21,dz_faceoff_win
8474068,Kyle Turris,C,OTT,-69,-22,dz_faceoff_win
8474068,Kyle Turris,C,OTT,69,22,dz_faceoff_win
8474068,Kyle Turris,C,OTT,69,-22,dz_faceoff_win
8474068,Kyle Turris,C,OTT,69,-22,dz_faceoff_win
8474068,Kyle Turris,C,OTT,-69,22,dz_faceoff_win
8474068,Kyle Turris,C,OTT,-69,-21,dz_faceoff_win
8474068,Kyle Turris,C,OTT,-69,-22,dz_faceoff_win
8474068,Kyle Turris,C,OTT,-68,21,dz_faceoff_win
8474068,Kyle Turris,C,OTT,69,-22,dz_faceoff_win
8474068,Kyle Turris,C,OTT,69,22,dz_faceoff_win
8474068,Kyle Turris,C,OTT,-70,22,dz_faceoff_win
8474068,Kyle Turris,C,OTT,-69,22,dz_faceoff_win
8474068,Kyle Turris,C,OTT,70,23,dz_faceoff_win
8474068,Kyle Turris,C,OTT,69,22,dz_faceoff_win
8474068,Kyle Turris,C,OTT,-69,22,dz_faceoff_win
8474068,Kyle Turris,C,OTT,69,22,dz_faceoff_win
8474068,Kyle Turris,C,OTT,-69,22,dz_faceoff_win
8474068,Kyle Turris,C,OTT,-69,-22,dz_faceoff_win
8474068,Kyle Turris,C,OTT,-69,22,dz_faceoff_win
8474068,Kyle Turris,C,OTT,69,-22,dz_faceoff_win
8474068,Kyle Turris,C,OTT,-17,38,hit_taken
8474068,Kyle Turris,C,OTT,-98,-3,hit_taken
8474068,Kyle Turris,C,OTT,70,-38,hit_taken
8474068,Kyle Turris,C,OTT,87,41,hit_taken
8474068,Kyle Turris,C,OTT,6,40,hit_taken
8474068,Kyle Turris,C,OTT,98,11,hit_taken
8474068,Kyle Turris,C,OTT,56,-40,hit_taken
8474068,Kyle Turris,C,OTT,-41,39,hit_taken
8474068,Kyle Turris,C,OTT,-65,-37,hit_taken
8474068,Kyle Turris,C,OTT,-21,17,hit_taken
8474068,Kyle Turris,C,OTT,93,-16,hit_taken
8474068,Kyle Turris,C,OTT,-33,-37,hit_taken
8474068,Kyle Turris,C,OTT,95,19,hit_taken
8474068,Kyle Turris,C,OTT,-80,-36,hit_taken
8474068,Kyle Turris,C,OTT,86,37,hit_taken
8474068,Kyle Turris,C,OTT,86,-35,hit_taken
8474068,Kyle Turris,C,OTT,-82,-37,hit_taken
8474068,Kyle Turris,C,OTT,70,-36,hit_taken
8474068,Kyle Turris,C,OTT,23,38,hit_taken
8474068,Kyle Turris,C,OTT,-72,-1,hit_taken
8474068,Kyle Turris,C,OTT,98,-21,hit_taken
8474068,Kyle Turris,C,OTT,80,40,hit_taken
8474068,Kyle Turris,C,OTT,-90,-38,hit_taken
8474068,Kyle Turris,C,OTT,27,-40,hit_taken
8474068,Kyle Turris,C,OTT,-26,-37,hit_taken
8474068,Kyle Turris,C,OTT,16,33,hit_taken
8474068,Kyle Turris,C,OTT,-49,-39,hit_taken
8474068,Kyle Turris,C,OTT,35,-39,hit_taken
8474068,Kyle Turris,C,OTT,49,31,hit_taken
8474068,Kyle Turris,C,OTT,77,40,hit_taken
8474068,Kyle Turris,C,OTT,68,40,hit_taken
8474068,Kyle Turris,C,OTT,-94,5,hit_taken
8474068,Kyle Turris,C,OTT,-91,-36,hit_taken
8474068,Kyle Turris,C,OTT,-95,-28,hit_taken
8474068,Kyle Turris,C,OTT,-84,34,hit_taken
8474068,Kyle Turris,C,OTT,97,17,hit_taken
8474068,Kyle Turris,C,OTT,-58,-41,hit_taken
8474068,Kyle Turris,C,OTT,98,29,hit_taken
8474068,Kyle Turris,C,OTT,92,-30,hit_taken
8474068,Kyle Turris,C,OTT,-96,28,hit_taken
8474068,Kyle Turris,C,OTT,35,18,hit_taken
8474068,Kyle Turris,C,OTT,98,19,hit_taken
8474068,Kyle Turris,C,OTT,40,26,hit_taken
8474068,Kyle Turris,C,OTT,-82,-39,hit_taken
8474068,Kyle Turris,C,OTT,95,-27,hit_taken
8474068,Kyle Turris,C,OTT,0,-40,hit_taken
8474068,Kyle Turris,C,OTT,-96,13,hit_taken
8474068,Kyle Turris,C,OTT,62,-34,hit_taken
8474068,Kyle Turris,C,OTT,98,-2,hit_thrown
8474068,Kyle Turris,C,OTT,19,41,hit_thrown
8474068,Kyle Turris,C,OTT,95,36,hit_thrown
8474068,Kyle Turris,C,OTT,-37,-38,hit_thrown
8474068,Kyle Turris,C,OTT,-31,30,hit_thrown
8474068,Kyle Turris,C,OTT,96,-9,hit_thrown
8474068,Kyle Turris,C,OTT,-15,-40,hit_thrown
8474068,Kyle Turris,C,OTT,-95,-9,hit_thrown
8474068,Kyle Turris,C,OTT,-95,27,hit_thrown
8474068,Kyle Turris,C,OTT,-91,-12,hit_thrown
8474068,Kyle Turris,C,OTT,-44,-39,hit_thrown
8474068,Kyle Turris,C,OTT,-94,35,hit_thrown
8474068,Kyle Turris,C,OTT,97,18,hit_thrown
8474068,Kyle Turris,C,OTT,-7,-37,hit_thrown
8474068,Kyle Turris,C,OTT,98,-27,hit_thrown
8474068,Kyle Turris,C,OTT,68,40,hit_thrown
8474068,Kyle Turris,C,OTT,98,-8,hit_thrown
8474068,Kyle Turris,C,OTT,-96,19,hit_thrown
8474068,Kyle Turris,C,OTT,-60,40,hit_thrown
8474068,Kyle Turris,C,OTT,-97,-12,hit_thrown
8474068,Kyle Turris,C,OTT,6,40,hit_thrown
8474068,Kyle Turris,C,OTT,-96,5,hit_thrown
8474068,Kyle Turris,C,OTT,-81,39,hit_thrown
8474068,Kyle Turris,C,OTT,-96,32,hit_thrown
8474068,Kyle Turris,C,OTT,97,-23,hit_thrown
8474068,Kyle Turris,C,OTT,-62,-39,hit_thrown
8474068,Kyle Turris,C,OTT,4,39,hit_thrown
8474068,Kyle Turris,C,OTT,-93,34,hit_thrown
8474068,Kyle Turris,C,OTT,-18,-41,hit_thrown
8474068,Kyle Turris,C,OTT,96,20,hit_thrown
8474068,Kyle Turris,C,OTT,53,-38,hit_thrown
8474068,Kyle Turris,C,OTT,99,32,hit_thrown
8474068,Kyle Turris,C,OTT,88,37,hit_thrown
8474068,Kyle Turris,C,OTT,-54,-39,hit_thrown
8474068,Kyle Turris,C,OTT,25,-39,hit_thrown
8474068,Kyle Turris,C,OTT,99,-29,hit_thrown
8474068,Kyle Turris,C,OTT,93,-38,hit_thrown
8474068,Kyle Turris,C,OTT,12,40,hit_thrown
8474068,Kyle Turris,C,OTT,97,9,hit_thrown
8474068,Kyle Turris,C,OTT,87,40,hit_thrown
8474068,Kyle Turris,C,OTT,92,-5,hit_thrown
8474068,Kyle Turris,C,OTT,80,-40,hit_thrown
8474068,Kyle Turris,C,OTT,96,-29,hit_thrown
8474068,Kyle Turris,C,OTT,86,39,hit_thrown
8474068,Kyle Turris,C,OTT,97,29,hit_thrown
8474068,Kyle Turris,C,OTT,87,40,hit_thrown
8474068,Kyle Turris,C,OTT,-57,41,hit_thrown
8474068,Kyle Turris,C,OTT,-96,7,hit_thrown
8474068,Kyle Turris,C,OTT,9,15,takeaway_other
8474068,Kyle Turris,C,OTT,-30,2,takeaway_other
8474068,Kyle Turris,C,OTT,16,-30,takeaway_other
8474068,Kyle Turris,C,OTT,-16,-21,takeaway_other
8474068,Kyle Turris,C,OTT,63,-23,takeaway_other
8474068,Kyle Turris,C,OTT,-17,-36,takeaway_other
8474068,Kyle Turris,C,OTT,-81,-27,takeaway_other
8474068,Kyle Turris,C,OTT,2,36,takeaway_other
8474068,Kyle Turris,C,OTT,11,-35,takeaway_other
8474068,Kyle Turris,C,OTT,42,31,takeaway_other
8474068,Kyle Turris,C,OTT,14,5,takeaway_other
8474068,Kyle Turris,C,OTT,-49,39,takeaway_other
8474090,Brendan Smith,D,NYR,74,9,block_hd
8474090,Brendan Smith,D,NYR,75,12,block_hd
8474090,Brendan Smith,D,NYR,-78,4,block_hd
8474090,Brendan Smith,D,NYR,83,9,block_hd
8474090,Brendan Smith,D,NYR,-75,-9,block_hd
8474090,Brendan Smith,D,NYR,75,-3,block_hd
8474090,Brendan Smith,D,NYR,-74,-13,block_hd
8474090,Brendan Smith,D,NYR,-72,-11,block_hd
8474090,Brendan Smith,D,NYR,-54,-2,block_non_hd
8474090,Brendan Smith,D,NYR,69,6,block_non_hd
8474090,Brendan Smith,D,NYR,66,8,block_non_hd
8474090,Brendan Smith,D,NYR,54,0,block_non_hd
8474090,Brendan Smith,D,NYR,-63,-25,block_non_hd
8474090,Brendan Smith,D,NYR,55,-26,block_non_hd
8474090,Brendan Smith,D,NYR,98,15,hit_taken
8474090,Brendan Smith,D,NYR,-94,-32,hit_taken
8474090,Brendan Smith,D,NYR,-74,-41,hit_taken
8474090,Brendan Smith,D,NYR,-97,-8,hit_taken
8474090,Brendan Smith,D,NYR,-96,19,hit_taken
8474090,Brendan Smith,D,NYR,-78,23,hit_taken
8474090,Brendan Smith,D,NYR,-92,39,hit_taken
8474090,Brendan Smith,D,NYR,-96,-14,hit_taken
8474090,Brendan Smith,D,NYR,-50,40,hit_taken
8474090,Brendan Smith,D,NYR,98,-14,hit_taken
8474090,Brendan Smith,D,NYR,-22,35,hit_taken
8474090,Brendan Smith,D,NYR,-40,36,hit_taken
8474090,Brendan Smith,D,NYR,-10,41,hit_taken
8474090,Brendan Smith,D,NYR,97,11,hit_taken
8474090,Brendan Smith,D,NYR,-11,27,hit_taken
8474090,Brendan Smith,D,NYR,-93,27,hit_taken
8474090,Brendan Smith,D,NYR,85,37,hit_taken
8474090,Brendan Smith,D,NYR,-22,-37,hit_taken
8474090,Brendan Smith,D,NYR,97,-13,hit_taken
8474090,Brendan Smith,D,NYR,-3,40,hit_taken
8474090,Brendan Smith,D,NYR,98,-14,hit_taken
8474090,Brendan Smith,D,NYR,-4,40,hit_taken
8474090,Brendan Smith,D,NYR,98,0,hit_taken
8474090,Brendan Smith,D,NYR,-77,-37,hit_taken
8474090,Brendan Smith,D,NYR,6,40,hit_taken
8474090,Brendan Smith,D,NYR,-4,-37,hit_taken
8474090,Brendan Smith,D,NYR,-94,7,hit_thrown
8474090,Brendan Smith,D,NYR,12,39,hit_thrown
8474090,Brendan Smith,D,NYR,-96,27,hit_thrown
8474090,Brendan Smith,D,NYR,21,30,hit_thrown
8474090,Brendan Smith,D,NYR,-13,-39,hit_thrown
8474090,Brendan Smith,D,NYR,96,32,hit_thrown
8474090,Brendan Smith,D,NYR,94,-20,hit_thrown
8474090,Brendan Smith,D,NYR,93,-33,hit_thrown
8474090,Brendan Smith,D,NYR,17,-39,hit_thrown
8474090,Brendan Smith,D,NYR,25,38,hit_thrown
8474090,Brendan Smith,D,NYR,-12,-19,hit_thrown
8474090,Brendan Smith,D,NYR,-34,-41,hit_thrown
8474090,Brendan Smith,D,NYR,23,38,hit_thrown
8474090,Brendan Smith,D,NYR,18,40,hit_thrown
8474090,Brendan Smith,D,NYR,-98,-15,hit_thrown
8474090,Brendan Smith,D,NYR,77,-39,hit_thrown
8474090,Brendan Smith,D,NYR,94,-35,hit_thrown
8474090,Brendan Smith,D,NYR,-98,6,hit_thrown
8474090,Brendan Smith,D,NYR,-14,-39,hit_thrown
8474090,Brendan Smith,D,NYR,-93,-36,hit_thrown
8474090,Brendan Smith,D,NYR,20,39,hit_thrown
8474090,Brendan Smith,D,NYR,95,-7,hit_thrown
8474090,Brendan Smith,D,NYR,-61,-3,hit_thrown
8474090,Brendan Smith,D,NYR,96,0,hit_thrown
8474090,Brendan Smith,D,NYR,64,-38,hit_thrown
8474090,Brendan Smith,D,NYR,91,-9,takeaway_hd
8474090,Brendan Smith,D,NYR,-83,10,takeaway_hd
8474090,Brendan Smith,D,NYR,-80,8,takeaway_hd
8474090,Brendan Smith,D,NYR,-73,-10,takeaway_hd
8474100,Dwight King,L,MTL,-42,20,block_non_hd
8474100,Dwight King,L,MTL,-22,-39,hit_taken
8474100,Dwight King,L,MTL,-94,34,hit_taken
8474100,Dwight King,L,MTL,15,-42,hit_taken
8474100,Dwight King,L,MTL,12,39,hit_taken
8474100,Dwight King,L,MTL,-34,-42,hit_taken
8474100,Dwight King,L,MTL,-67,28,hit_taken
8474100,Dwight King,L,MTL,-61,20,hit_taken
8474100,Dwight King,L,MTL,15,21,hit_taken
8474100,Dwight King,L,MTL,-34,-41,hit_taken
8474100,Dwight King,L,MTL,41,40,hit_taken
8474100,Dwight King,L,MTL,-6,41,hit_taken
8474100,Dwight King,L,MTL,-46,40,hit_thrown
8474100,Dwight King,L,MTL,93,-35,hit_thrown
8474100,Dwight King,L,MTL,37,-39,hit_thrown
8474100,Dwight King,L,MTL,-66,42,hit_thrown
8474100,Dwight King,L,MTL,-15,-40,hit_thrown
8474100,Dwight King,L,MTL,-73,-39,hit_thrown
8474100,Dwight King,L,MTL,65,-39,hit_thrown
8474100,Dwight King,L,MTL,-97,-8,hit_thrown
8474100,Dwight King,L,MTL,-95,-21,hit_thrown
8474100,Dwight King,L,MTL,97,-20,hit_thrown
8474100,Dwight King,L,MTL,-30,-39,hit_thrown
8474100,Dwight King,L,MTL,38,-39,hit_thrown
8474100,Dwight King,L,MTL,-96,19,hit_thrown
8474100,Dwight King,L,MTL,-40,36,hit_thrown
8474100,Dwight King,L,MTL,45,-40,hit_thrown
8474100,Dwight King,L,MTL,11,-39,hit_thrown
8474100,Dwight King,L,MTL,-26,-12,takeaway_other
8474100,Dwight King,L,MTL,36,20,takeaway_other
8474102,David Perron,L,STL,78,9,block_hd
8474102,David Perron,L,STL,-48,-31,block_non_hd
8474102,David Perron,L,STL,-68,-4,block_non_hd
8474102,David Perron,L,STL,-50,-21,block_non_hd
8474102,David Perron,L,STL,-55,-22,block_non_hd
8474102,David Perron,L,STL,69,22,dz_faceoff_win
8474102,David Perron,L,STL,55,36,hit_taken
8474102,David Perron,L,STL,16,40,hit_taken
8474102,David Perron,L,STL,97,7,hit_taken
8474102,David Perron,L,STL,73,41,hit_taken
8474102,David Perron,L,STL,-97,21,hit_taken
8474102,David Perron,L,STL,48,-42,hit_taken
8474102,David Perron,L,STL,-95,23,hit_taken
8474102,David Perron,L,STL,17,-21,hit_taken
8474102,David Perron,L,STL,-58,-41,hit_taken
8474102,David Perron,L,STL,85,-42,hit_taken
8474102,David Perron,L,STL,-28,36,hit_taken
8474102,David Perron,L,STL,-57,-40,hit_taken
8474102,David Perron,L,STL,-96,8,hit_taken
8474102,David Perron,L,STL,-32,34,hit_taken
8474102,David Perron,L,STL,92,34,hit_taken
8474102,David Perron,L,STL,90,37,hit_taken
8474102,David Perron,L,STL,95,31,hit_taken
8474102,David Perron,L,STL,1,-41,hit_taken
8474102,David Perron,L,STL,-56,-41,hit_taken
8474102,David Perron,L,STL,51,-41,hit_taken
8474102,David Perron,L,STL,-69,39,hit_taken
8474102,David Perron,L,STL,71,-39,hit_taken
8474102,David Perron,L,STL,-84,40,hit_thrown
8474102,David Perron,L,STL,74,-39,hit_thrown
8474102,David Perron,L,STL,-11,-39,hit_thrown
8474102,David Perron,L,STL,84,40,hit_thrown
8474102,David Perron,L,STL,-97,20,hit_thrown
8474102,David Perron,L,STL,-14,-41,hit_thrown
8474102,David Perron,L,STL,-97,16,hit_thrown
8474102,David Perron,L,STL,88,-39,hit_thrown
8474102,David Perron,L,STL,-10,-41,hit_thrown
8474102,David Perron,L,STL,47,-40,hit_thrown
8474102,David Perron,L,STL,-96,22,hit_thrown
8474102,David Perron,L,STL,96,-16,hit_thrown
8474102,David Perron,L,STL,34,36,hit_thrown
8474102,David Perron,L,STL,72,-38,hit_thrown
8474102,David Perron,L,STL,-96,4,hit_thrown
8474102,David Perron,L,STL,69,37,takeaway_other
8474102,David Perron,L,STL,60,30,takeaway_other
8474102,David Perron,L,STL,-92,21,takeaway_other
8474102,David Perron,L,STL,67,-41,takeaway_other
8474125,Carl Gunnarsson,D,STL,-78,-8,block_hd
8474125,Carl Gunnarsson,D,STL,-72,12,block_hd
8474125,Carl Gunnarsson,D,STL,-74,7,block_hd
8474125,Carl Gunnarsson,D,STL,76,-7,block_hd
8474125,Carl Gunnarsson,D,STL,-78,8,block_hd
8474125,Carl Gunnarsson,D,STL,79,-8,block_hd
8474125,Carl Gunnarsson,D,STL,-74,1,block_hd
8474125,Carl Gunnarsson,D,STL,76,0,block_hd
8474125,Carl Gunnarsson,D,STL,-72,7,block_hd
8474125,Carl Gunnarsson,D,STL,-76,9,block_hd
8474125,Carl Gunnarsson,D,STL,83,4,block_hd
8474125,Carl Gunnarsson,D,STL,72,-6,block_hd
8474125,Carl Gunnarsson,D,STL,-65,21,block_non_hd
8474125,Carl Gunnarsson,D,STL,63,-21,block_non_hd
8474125,Carl Gunnarsson,D,STL,-50,8,block_non_hd
8474125,Carl Gunnarsson,D,STL,50,7,block_non_hd
8474125,Carl Gunnarsson,D,STL,70,-25,block_non_hd
8474125,Carl Gunnarsson,D,STL,-66,-15,block_non_hd
8474125,Carl Gunnarsson,D,STL,34,-40,hit_taken
8474125,Carl Gunnarsson,D,STL,-79,10,hit_taken
8474125,Carl Gunnarsson,D,STL,19,-39,hit_taken
8474125,Carl Gunnarsson,D,STL,-27,27,hit_taken
8474125,Carl Gunnarsson,D,STL,-98,29,hit_taken
8474125,Carl Gunnarsson,D,STL,-94,-39,hit_taken
8474125,Carl Gunnarsson,D,STL,91,-34,hit_taken
8474125,Carl Gunnarsson,D,STL,-59,40,hit_taken
8474125,Carl Gunnarsson,D,STL,-98,-22,hit_taken
8474125,Carl Gunnarsson,D,STL,-60,40,hit_taken
8474125,Carl Gunnarsson,D,STL,-94,-36,hit_taken
8474125,Carl Gunnarsson,D,STL,-92,-37,hit_taken
8474125,Carl Gunnarsson,D,STL,-91,-38,hit_taken
8474125,Carl Gunnarsson,D,STL,60,37,hit_taken
8474125,Carl Gunnarsson,D,STL,-63,-39,hit_taken
8474125,Carl Gunnarsson,D,STL,-28,-38,hit_taken
8474125,Carl Gunnarsson,D,STL,96,-23,hit_taken
8474125,Carl Gunnarsson,D,STL,-87,37,hit_taken
8474125,Carl Gunnarsson,D,STL,30,39,hit_taken
8474125,Carl Gunnarsson,D,STL,99,9,hit_taken
8474125,Carl Gunnarsson,D,STL,75,-38,hit_taken
8474125,Carl Gunnarsson,D,STL,94,-30,hit_taken
8474125,Carl Gunnarsson,D,STL,94,-36,hit_thrown
8474125,Carl Gunnarsson,D,STL,59,-39,hit_thrown
8474125,Carl Gunnarsson,D,STL,48,41,hit_thrown
8474125,Carl Gunnarsson,D,STL,87,37,hit_thrown
8474125,Carl Gunnarsson,D,STL,-85,15,takeaway_hd
8474134,Yannick Weber,D,NSH,76,1,block_hd
8474134,Yannick Weber,D,NSH,-73,-1,block_hd
8474134,Yannick Weber,D,NSH,83,-4,block_hd
8474134,Yannick Weber,D,NSH,81,3,block_hd
8474134,Yannick Weber,D,NSH,77,-5,block_hd
8474134,Yannick Weber,D,NSH,77,20,block_non_hd
8474134,Yannick Weber,D,NSH,-61,-14,block_non_hd
8474134,Yannick Weber,D,NSH,-77,33,block_non_hd
8474134,Yannick Weber,D,NSH,1,-38,hit_taken
8474134,Yannick Weber,D,NSH,-32,-41,hit_taken
8474134,Yannick Weber,D,NSH,19,39,hit_taken
8474134,Yannick Weber,D,NSH,-95,21,hit_taken
8474134,Yannick Weber,D,NSH,37,-34,hit_taken
8474134,Yannick Weber,D,NSH,77,40,hit_taken
8474134,Yannick Weber,D,NSH,-92,38,hit_taken
8474134,Yannick Weber,D,NSH,99,-3,hit_taken
8474134,Yannick Weber,D,NSH,-88,-11,hit_taken
8474134,Yannick Weber,D,NSH,49,41,hit_taken
8474134,Yannick Weber,D,NSH,43,42,hit_taken
8474134,Yannick Weber,D,NSH,47,-41,hit_taken
8474134,Yannick Weber,D,NSH,-95,29,hit_taken
8474134,Yannick Weber,D,NSH,-48,-36,hit_taken
8474134,Yannick Weber,D,NSH,-95,-29,hit_taken
8474134,Yannick Weber,D,NSH,11,-39,hit_taken
8474134,Yannick Weber,D,NSH,-83,38,hit_taken
8474134,Yannick Weber,D,NSH,61,42,hit_taken
8474134,Yannick Weber,D,NSH,53,40,hit_taken
8474134,Yannick Weber,D,NSH,-96,16,hit_taken
8474134,Yannick Weber,D,NSH,-95,26,hit_taken
8474134,Yannick Weber,D,NSH,-78,39,hit_taken
8474134,Yannick Weber,D,NSH,-97,10,hit_taken
8474134,Yannick Weber,D,NSH,97,27,hit_taken
8474134,Yannick Weber,D,NSH,-97,31,hit_taken
8474134,Yannick Weber,D,NSH,92,37,hit_taken
8474134,Yannick Weber,D,NSH,-59,-38,hit_taken
8474134,Yannick Weber,D,NSH,46,37,hit_taken
8474134,Yannick Weber,D,NSH,-94,-7,hit_taken
8474134,Yannick Weber,D,NSH,94,31,hit_taken
8474134,Yannick Weber,D,NSH,-37,36,hit_taken
8474134,Yannick Weber,D,NSH,-95,30,hit_taken
8474134,Yannick Weber,D,NSH,-94,28,hit_taken
8474134,Yannick Weber,D,NSH,27,-39,hit_taken
8474134,Yannick Weber,D,NSH,50,-1,hit_taken
8474134,Yannick Weber,D,NSH,5,-39,hit_taken
8474134,Yannick Weber,D,NSH,14,-37,hit_taken
8474134,Yannick Weber,D,NSH,-93,33,hit_taken
8474134,Yannick Weber,D,NSH,89,38,hit_taken
8474134,Yannick Weber,D,NSH,-71,-37,hit_taken
8474134,Yannick Weber,D,NSH,33,-38,hit_taken
8474134,Yannick Weber,D,NSH,-93,3,hit_thrown
8474134,Yannick Weber,D,NSH,85,37,hit_thrown
8474134,Yannick Weber,D,NSH,-25,-33,hit_thrown
8474134,Yannick Weber,D,NSH,-23,-39,hit_thrown
8474134,Yannick Weber,D,NSH,-39,37,hit_thrown
8474134,Yannick Weber,D,NSH,-31,6,hit_thrown
8474134,Yannick Weber,D,NSH,-31,-40,hit_thrown
8474134,Yannick Weber,D,NSH,94,-38,hit_thrown
8474134,Yannick Weber,D,NSH,-96,1,hit_thrown
8474134,Yannick Weber,D,NSH,-84,38,hit_thrown
8474134,Yannick Weber,D,NSH,11,-9,hit_thrown
8474134,Yannick Weber,D,NSH,-4,40,hit_thrown
8474134,Yannick Weber,D,NSH,-33,-40,hit_thrown
8474134,Yannick Weber,D,NSH,88,36,hit_thrown
8474134,Yannick Weber,D,NSH,-93,-34,hit_thrown
8474134,Yannick Weber,D,NSH,-89,-3,hit_thrown
8474134,Yannick Weber,D,NSH,43,-39,hit_thrown
8474134,Yannick Weber,D,NSH,83,-40,hit_thrown
8474134,Yannick Weber,D,NSH,-51,35,hit_thrown
8474134,Yannick Weber,D,NSH,-94,-8,hit_thrown
8474134,Yannick Weber,D,NSH,-95,-13,takeaway_hd
8474134,Yannick Weber,D,NSH,96,-29,takeaway_other
8474134,Yannick Weber,D,NSH,-9,3,takeaway_other
8474134,Yannick Weber,D,NSH,-46,-32,takeaway_other
8474141,Patrick Kane,R,CHI,40,38,hit_taken
8474141,Patrick Kane,R,CHI,-95,31,hit_taken
8474141,Patrick Kane,R,CHI,-7,31,hit_taken
8474141,Patrick Kane,R,CHI,-97,-16,hit_taken
8474141,Patrick Kane,R,CHI,99,-15,hit_taken
8474141,Patrick Kane,R,CHI,-55,40,hit_taken
8474141,Patrick Kane,R,CHI,46,-39,hit_taken
8474141,Patrick Kane,R,CHI,80,38,hit_taken
8474141,Patrick Kane,R,CHI,-47,36,hit_thrown
8474141,Patrick Kane,R,CHI,96,-8,hit_thrown
8474141,Patrick Kane,R,CHI,-66,40,takeaway_other
8474141,Patrick Kane,R,CHI,97,-24,takeaway_other
8474141,Patrick Kane,R,CHI,63,39,takeaway_other
8474145,Robert Bortuzzo,D,STL,75,5,block_hd
8474145,Robert Bortuzzo,D,STL,80,6,block_hd
8474145,Robert Bortuzzo,D,STL,-70,-9,block_hd
8474145,Robert Bortuzzo,D,STL,73,-8,block_hd
8474145,Robert Bortuzzo,D,STL,-60,1,block_non_hd
8474145,Robert Bortuzzo,D,STL,-64,8,block_non_hd
8474145,Robert Bortuzzo,D,STL,-67,-13,block_non_hd
8474145,Robert Bortuzzo,D,STL,-64,-18,block_non_hd
8474145,Robert Bortuzzo,D,STL,97,14,hit_taken
8474145,Robert Bortuzzo,D,STL,-98,21,hit_taken
8474145,Robert Bortuzzo,D,STL,90,-41,hit_taken
8474145,Robert Bortuzzo,D,STL,-97,-22,hit_taken
8474145,Robert Bortuzzo,D,STL,-99,-20,hit_taken
8474145,Robert Bortuzzo,D,STL,73,-32,hit_taken
8474145,Robert Bortuzzo,D,STL,-97,-33,hit_taken
8474145,Robert Bortuzzo,D,STL,-67,-40,hit_taken
8474145,Robert Bortuzzo,D,STL,99,17,hit_taken
8474145,Robert Bortuzzo,D,STL,-13,40,hit_taken
8474145,Robert Bortuzzo,D,STL,-67,-39,hit_taken
8474145,Robert Bortuzzo,D,STL,-96,18,hit_taken
8474145,Robert Bortuzzo,D,STL,-98,-30,hit_taken
8474145,Robert Bortuzzo,D,STL,84,40,hit_taken
8474145,Robert Bortuzzo,D,STL,98,-5,hit_taken
8474145,Robert Bortuzzo,D,STL,98,9,hit_taken
8474145,Robert Bortuzzo,D,STL,-97,22,hit_taken
8474145,Robert Bortuzzo,D,STL,-96,8,hit_taken
8474145,Robert Bortuzzo,D,STL,-93,-38,hit_taken
8474145,Robert Bortuzzo,D,STL,87,38,hit_taken
8474145,Robert Bortuzzo,D,STL,87,38,hit_taken
8474145,Robert Bortuzzo,D,STL,12,-39,hit_taken
8474145,Robert Bortuzzo,D,STL,-34,37,hit_taken
8474145,Robert Bortuzzo,D,STL,-45,36,hit_taken
8474145,Robert Bortuzzo,D,STL,-83,-34,hit_taken
8474145,Robert Bortuzzo,D,STL,-64,-42,hit_taken
8474145,Robert Bortuzzo,D,STL,34,40,hit_taken
8474145,Robert Bortuzzo,D,STL,95,-29,hit_taken
8474145,Robert Bortuzzo,D,STL,83,-37,hit_taken
8474145,Robert Bortuzzo,D,STL,-91,-35,hit_taken
8474145,Robert Bortuzzo,D,STL,-31,-38,hit_thrown
8474145,Robert Bortuzzo,D,STL,-97,-10,hit_thrown
8474145,Robert Bortuzzo,D,STL,-91,-40,hit_thrown
8474145,Robert Bortuzzo,D,STL,40,-25,hit_thrown
8474145,Robert Bortuzzo,D,STL,59,41,hit_thrown
8474145,Robert Bortuzzo,D,STL,-81,-39,hit_thrown
8474145,Robert Bortuzzo,D,STL,-91,-39,hit_thrown
8474145,Robert Bortuzzo,D,STL,96,9,hit_thrown
8474145,Robert Bortuzzo,D,STL,-67,40,hit_thrown
8474145,Robert Bortuzzo,D,STL,48,40,hit_thrown
8474145,Robert Bortuzzo,D,STL,-21,-41,hit_thrown
8474145,Robert Bortuzzo,D,STL,-97,25,hit_thrown
8474145,Robert Bortuzzo,D,STL,-28,-38,hit_thrown
8474145,Robert Bortuzzo,D,STL,68,-39,hit_thrown
8474145,Robert Bortuzzo,D,STL,-34,-40,hit_thrown
8474145,Robert Bortuzzo,D,STL,-97,-15,hit_thrown
8474145,Robert Bortuzzo,D,STL,62,39,hit_thrown
8474150,Mikael Backlund,C,CGY,73,-9,block_hd
8474150,Mikael Backlund,C,CGY,-65,-5,block_non_hd
8474150,Mikael Backlund,C,CGY,-61,1,block_non_hd
8474150,Mikael Backlund,C,CGY,-81,-5,crease_goal
8474150,Mikael Backlund,C,CGY,73,-23,dz_faceoff_win
8474150,Mikael Backlund,C,CGY,69,22,dz_faceoff_win
8474150,Mikael Backlund,C,CGY,71,-23,dz_faceoff_win
8474150,Mikael Backlund,C,CGY,-70,-23,dz_faceoff_win
8474150,Mikael Backlund,C,CGY,70,20,dz_faceoff_win
8474150,Mikael Backlund,C,CGY,67,-23,dz_faceoff_win
8474150,Mikael Backlund,C,CGY,69,-23,dz_faceoff_win
8474150,Mikael Backlund,C,CGY,69,-22,dz_faceoff_win
8474150,Mikael Backlund,C,CGY,72,-24,dz_faceoff_win
8474150,Mikael Backlund,C,CGY,-64,22,dz_faceoff_win
8474150,Mikael Backlund,C,CGY,-70,21,dz_faceoff_win
8474150,Mikael Backlund,C,CGY,70,23,dz_faceoff_win
8474150,Mikael Backlund,C,CGY,81,-32,dz_faceoff_win
8474150,Mikael Backlund,C,CGY,80,38,dz_faceoff_win
8474150,Mikael Backlund,C,CGY,77,35,dz_faceoff_win
8474150,Mikael Backlund,C,CGY,86,-36,dz_faceoff_win
8474150,Mikael Backlund,C,CGY,84,-35,dz_faceoff_win
8474150,Mikael Backlund,C,CGY,-82,35,dz_faceoff_win
8474150,Mikael Backlund,C,CGY,85,33,dz_faceoff_win
8474150,Mikael Backlund,C,CGY,-69,23,dz_faceoff_win
8474150,Mikael Backlund,C,CGY,70,22,dz_faceoff_win
8474150,Mikael Backlund,C,CGY,70,-22,dz_faceoff_win
8474150,Mikael Backlund,C,CGY,-69,22,dz_faceoff_win
8474150,Mikael Backlund,C,CGY,-69,-22,dz_faceoff_win
8474150,Mikael Backlund,C,CGY,-93,35,hit_taken
8474150,Mikael Backlund,C,CGY,-96,-9,hit_taken
8474150,Mikael Backlund,C,CGY,-95,1,hit_taken
8474150,Mikael Backlund,C,CGY,-56,-41,hit_taken
8474150,Mikael Backlund,C,CGY,8,-40,hit_taken
8474150,Mikael Backlund,C,CGY,-97,26,hit_thrown
8474150,Mikael Backlund,C,CGY,84,40,hit_thrown
8474150,Mikael Backlund,C,CGY,0,-39,hit_thrown
8474150,Mikael Backlund,C,CGY,-94,31,hit_thrown
8474150,Mikael Backlund,C,CGY,-96,1,hit_thrown
8474150,Mikael Backlund,C,CGY,99,-12,hit_thrown
8474150,Mikael Backlund,C,CGY,-9,40,hit_thrown
8474150,Mikael Backlund,C,CGY,-71,39,hit_thrown
8474150,Mikael Backlund,C,CGY,5,14,takeaway_other
8474150,Mikael Backlund,C,CGY,-18,16,takeaway_other
8474150,Mikael Backlund,C,CGY,-55,-27,takeaway_other
8474151,Ryan McDonagh,D,NYR,-75,-1,block_hd
8474151,Ryan McDonagh,D,NYR,-79,-3,block_hd
8474151,Ryan McDonagh,D,NYR,78,0,block_hd
8474151,Ryan McDonagh,D,NYR,-76,4,block_hd
8474151,Ryan McDonagh,D,NYR,-70,-3,block_hd
8474151,Ryan McDonagh,D,NYR,78,8,block_hd
8474151,Ryan McDonagh,D,NYR,74,1,block_hd
8474151,Ryan McDonagh,D,NYR,78,-4,block_hd
8474151,Ryan McDonagh,D,NYR,78,-3,block_hd
8474151,Ryan McDonagh,D,NYR,74,-12,block_hd
8474151,Ryan McDonagh,D,NYR,74,0,block_hd
8474151,Ryan McDonagh,D,NYR,72,-12,block_hd
8474151,Ryan McDonagh,D,NYR,75,3,block_hd
8474151,Ryan McDonagh,D,NYR,-71,1,block_hd
8474151,Ryan McDonagh,D,NYR,-70,-7,block_hd
8474151,Ryan McDonagh,D,NYR,74,-17,block_hd
8474151,Ryan McDonagh,D,NYR,73,9,block_hd
8474151,Ryan McDonagh,D,NYR,-75,5,block_hd
8474151,Ryan McDonagh,D,NYR,-75,16,block_hd
8474151,Ryan McDonagh,D,NYR,-61,26,block_non_hd
8474151,Ryan McDonagh,D,NYR,-65,35,block_non_hd
8474151,Ryan McDonagh,D,NYR,-55,2,block_non_hd
8474151,Ryan McDonagh,D,NYR,-47,4,block_non_hd
8474151,Ryan McDonagh,D,NYR,64,-21,block_non_hd
8474151,Ryan McDonagh,D,NYR,48,-30,block_non_hd
8474151,Ryan McDonagh,D,NYR,52,-18,block_non_hd
8474151,Ryan McDonagh,D,NYR,-69,-15,block_non_hd
8474151,Ryan McDonagh,D,NYR,-67,10,block_non_hd
8474151,Ryan McDonagh,D,NYR,61,-7,block_non_hd
8474151,Ryan McDonagh,D,NYR,-64,10,block_non_hd
8474151,Ryan McDonagh,D,NYR,53,-29,block_non_hd
8474151,Ryan McDonagh,D,NYR,60,9,block_non_hd
8474151,Ryan McDonagh,D,NYR,53,-28,block_non_hd
8474151,Ryan McDonagh,D,NYR,84,5,crease_goal
8474151,Ryan McDonagh,D,NYR,-39,23,hit_taken
8474151,Ryan McDonagh,D,NYR,93,35,hit_taken
8474151,Ryan McDonagh,D,NYR,93,36,hit_taken
8474151,Ryan McDonagh,D,NYR,-96,-6,hit_taken
8474151,Ryan McDonagh,D,NYR,96,17,hit_taken
8474151,Ryan McDonagh,D,NYR,90,38,hit_taken
8474151,Ryan McDonagh,D,NYR,-47,39,hit_taken
8474151,Ryan McDonagh,D,NYR,68,40,hit_taken
8474151,Ryan McDonagh,D,NYR,72,-38,hit_taken
8474151,Ryan McDonagh,D,NYR,-54,-38,hit_taken
8474151,Ryan McDonagh,D,NYR,-95,29,hit_taken
8474151,Ryan McDonagh,D,NYR,10,33,hit_taken
8474151,Ryan McDonagh,D,NYR,46,-39,hit_taken
8474151,Ryan McDonagh,D,NYR,30,-36,hit_taken
8474151,Ryan McDonagh,D,NYR,97,-29,hit_taken
8474151,Ryan McDonagh,D,NYR,-80,-38,hit_taken
8474151,Ryan McDonagh,D,NYR,-66,38,hit_taken
8474151,Ryan McDonagh,D,NYR,-86,39,hit_taken
8474151,Ryan McDonagh,D,NYR,-50,-39,hit_taken
8474151,Ryan McDonagh,D,NYR,97,6,hit_taken
8474151,Ryan McDonagh,D,NYR,-88,-38,hit_taken
8474151,Ryan McDonagh,D,NYR,-70,-37,hit_taken
8474151,Ryan McDonagh,D,NYR,96,-28,hit_taken
8474151,Ryan McDonagh,D,NYR,97,-20,hit_taken
8474151,Ryan McDonagh,D,NYR,97,-32,hit_taken
8474151,Ryan McDonagh,D,NYR,68,40,hit_taken
8474151,Ryan McDonagh,D,NYR,98,-8,hit_taken
8474151,Ryan McDonagh,D,NYR,-96,5,hit_taken
8474151,Ryan McDonagh,D,NYR,-95,18,hit_thrown
8474151,Ryan McDonagh,D,NYR,81,-36,hit_thrown
8474151,Ryan McDonagh,D,NYR,-97,-8,hit_thrown
8474151,Ryan McDonagh,D,NYR,90,-30,hit_thrown
8474151,Ryan McDonagh,D,NYR,40,-38,hit_thrown
8474151,Ryan McDonagh,D,NYR,68,-40,hit_thrown
8474151,Ryan McDonagh,D,NYR,80,37,hit_thrown
8474151,Ryan McDonagh,D,NYR,80,-16,hit_thrown
8474151,Ryan McDonagh,D,NYR,-37,38,hit_thrown
8474151,Ryan McDonagh,D,NYR,19,-36,hit_thrown
8474151,Ryan McDonagh,D,NYR,2,29,hit_thrown
8474151,Ryan McDonagh,D,NYR,-19,36,hit_thrown
8474151,Ryan McDonagh,D,NYR,-96,14,hit_thrown
8474151,Ryan McDonagh,D,NYR,-63,-1,hit_thrown
8474151,Ryan McDonagh,D,NYR,62,-40,hit_thrown
8474151,Ryan McDonagh,D,NYR,71,-39,hit_thrown
8474151,Ryan McDonagh,D,NYR,61,-40,hit_thrown
8474151,Ryan McDonagh,D,NYR,93,35,hit_thrown
8474151,Ryan McDonagh,D,NYR,77,-39,hit_thrown
8474151,Ryan McDonagh,D,NYR,28,-40,hit_thrown
8474151,Ryan McDonagh,D,NYR,-64,-40,hit_thrown
8474151,Ryan McDonagh,D,NYR,35,39,hit_thrown
8474151,Ryan McDonagh,D,NYR,98,-21,hit_thrown
8474151,Ryan McDonagh,D,NYR,97,-5,hit_thrown
8474151,Ryan McDonagh,D,NYR,61,-40,hit_thrown
8474151,Ryan McDonagh,D,NYR,-37,38,hit_thrown
8474151,Ryan McDonagh,D,NYR,70,11,hit_thrown
8474151,Ryan McDonagh,D,NYR,52,22,hit_thrown
8474151,Ryan McDonagh,D,NYR,-85,15,hit_thrown
8474151,Ryan McDonagh,D,NYR,-28,-37,hit_thrown
8474151,Ryan McDonagh,D,NYR,41,-38,hit_thrown
8474151,Ryan McDonagh,D,NYR,83,-27,hit_thrown
8474151,Ryan McDonagh,D,NYR,57,-37,hit_thrown
8474151,Ryan McDonagh,D,NYR,29,38,hit_thrown
8474151,Ryan McDonagh,D,NYR,-78,41,hit_thrown
8474151,Ryan McDonagh,D,NYR,-72,5,hit_thrown
8474151,Ryan McDonagh,D,NYR,85,-38,hit_thrown
8474151,Ryan McDonagh,D,NYR,-16,39,hit_thrown
8474151,Ryan McDonagh,D,NYR,-76,4,takeaway_hd
8474151,Ryan McDonagh,D,NYR,-40,29,takeaway_other
8474151,Ryan McDonagh,D,NYR,47,-30,takeaway_other
8474151,Ryan McDonagh,D,NYR,71,-39,takeaway_other
8474151,Ryan McDonagh,D,NYR,95,20,takeaway_other
8474151,Ryan McDonagh,D,NYR,-42,31,takeaway_other
8474151,Ryan McDonagh,D,NYR,43,-36,takeaway_other
8474151,Ryan McDonagh,D,NYR,-66,37,takeaway_other
8474157,Max Pacioretty,L,MTL,-50,19,block_non_hd
8474157,Max Pacioretty,L,MTL,-95,-12,hit_taken
8474157,Max Pacioretty,L,MTL,19,-36,hit_taken
8474157,Max Pacioretty,L,MTL,-10,-39,hit_taken
8474157,Max Pacioretty,L,MTL,-96,27,hit_taken
8474157,Max Pacioretty,L,MTL,58,-39,hit_taken
8474157,Max Pacioretty,L,MTL,42,39,hit_taken
8474157,Max Pacioretty,L,MTL,74,-40,hit_taken
8474157,Max Pacioretty,L,MTL,-20,-40,hit_taken
8474157,Max Pacioretty,L,MTL,68,-40,hit_taken
8474157,Max Pacioretty,L,MTL,93,-33,hit_taken
8474157,Max Pacioretty,L,MTL,90,-39,hit_taken
8474157,Max Pacioretty,L,MTL,68,-39,hit_taken
8474157,Max Pacioretty,L,MTL,2,29,hit_taken
8474157,Max Pacioretty,L,MTL,17,-38,hit_taken
8474157,Max Pacioretty,L,MTL,71,-39,hit_taken
8474157,Max Pacioretty,L,MTL,-60,-39,hit_taken
8474157,Max Pacioretty,L,MTL,66,-40,hit_taken
8474157,Max Pacioretty,L,MTL,-4,-39,hit_taken
8474157,Max Pacioretty,L,MTL,-76,-40,hit_taken
8474157,Max Pacioretty,L,MTL,0,35,hit_taken
8474157,Max Pacioretty,L,MTL,-87,-40,hit_thrown
8474157,Max Pacioretty,L,MTL,-96,-22,hit_thrown
8474157,Max Pacioretty,L,MTL,-95,34,hit_thrown
8474157,Max Pacioretty,L,MTL,6,39,hit_thrown
8474157,Max Pacioretty,L,MTL,-1,39,hit_thrown
8474157,Max Pacioretty,L,MTL,-49,41,hit_thrown
8474157,Max Pacioretty,L,MTL,-47,39,hit_thrown
8474157,Max Pacioretty,L,MTL,96,-27,hit_thrown
8474157,Max Pacioretty,L,MTL,14,39,hit_thrown
8474157,Max Pacioretty,L,MTL,-98,24,hit_thrown
8474157,Max Pacioretty,L,MTL,-86,-41,hit_thrown
8474157,Max Pacioretty,L,MTL,-93,-18,takeaway_hd
8474157,Max Pacioretty,L,MTL,22,1,takeaway_other
8474157,Max Pacioretty,L,MTL,34,34,takeaway_other
8474157,Max Pacioretty,L,MTL,-33,21,takeaway_other
8474157,Max Pacioretty,L,MTL,-34,11,takeaway_other
8474157,Max Pacioretty,L,MTL,-40,26,takeaway_other
8474157,Max Pacioretty,L,MTL,4,33,takeaway_other
8474176,Carl Hagelin,L,PIT,-73,5,block_hd
8474176,Carl Hagelin,L,PIT,-73,14,block_hd
8474176,Carl Hagelin,L,PIT,47,-2,block_non_hd
8474176,Carl Hagelin,L,PIT,41,3,block_non_hd
8474176,Carl Hagelin,L,PIT,-42,27,block_non_hd
8474176,Carl Hagelin,L,PIT,43,1,block_non_hd
8474176,Carl Hagelin,L,PIT,69,-1,block_non_hd
8474176,Carl Hagelin,L,PIT,-57,10,block_non_hd
8474176,Carl Hagelin,L,PIT,44,-22,block_non_hd
8474176,Carl Hagelin,L,PIT,-67,-9,block_non_hd
8474176,Carl Hagelin,L,PIT,-78,0,crease_goal
8474176,Carl Hagelin,L,PIT,-33,-39,hit_taken
8474176,Carl Hagelin,L,PIT,97,34,hit_taken
8474176,Carl Hagelin,L,PIT,0,41,hit_taken
8474176,Carl Hagelin,L,PIT,24,32,hit_taken
8474176,Carl Hagelin,L,PIT,-11,-38,hit_taken
8474176,Carl Hagelin,L,PIT,-69,41,hit_taken
8474176,Carl Hagelin,L,PIT,14,-34,hit_taken
8474176,Carl Hagelin,L,PIT,80,-40,hit_taken
8474176,Carl Hagelin,L,PIT,-16,-42,hit_taken
8474176,Carl Hagelin,L,PIT,67,-38,hit_taken
8474176,Carl Hagelin,L,PIT,23,39,hit_taken
8474176,Carl Hagelin,L,PIT,54,39,hit_taken
8474176,Carl Hagelin,L,PIT,84,-39,hit_taken
8474176,Carl Hagelin,L,PIT,-31,-37,hit_taken
8474176,Carl Hagelin,L,PIT,-92,-33,hit_taken
8474176,Carl Hagelin,L,PIT,82,40,hit_taken
8474176,Carl Hagelin,L,PIT,5,-37,hit_thrown
8474176,Carl Hagelin,L,PIT,-5,40,hit_thrown
8474176,Carl Hagelin,L,PIT,85,-40,hit_thrown
8474176,Carl Hagelin,L,PIT,-98,-17,hit_thrown
8474176,Carl Hagelin,L,PIT,96,-36,hit_thrown
8474176,Carl Hagelin,L,PIT,91,39,hit_thrown
8474176,Carl Hagelin,L,PIT,-58,-40,hit_thrown
8474176,Carl Hagelin,L,PIT,41,41,hit_thrown
8474176,Carl Hagelin,L,PIT,45,-39,hit_thrown
8474176,Carl Hagelin,L,PIT,87,38,hit_thrown
8474176,Carl Hagelin,L,PIT,-94,-32,hit_thrown
8474176,Carl Hagelin,L,PIT,96,14,hit_thrown
8474176,Carl Hagelin,L,PIT,-86,-28,hit_thrown
8474176,Carl Hagelin,L,PIT,72,-41,hit_thrown
8474176,Carl Hagelin,L,PIT,-95,28,hit_thrown
8474176,Carl Hagelin,L,PIT,-86,-36,hit_thrown
8474176,Carl Hagelin,L,PIT,71,-39,hit_thrown
8474176,Carl Hagelin,L,PIT,27,-39,hit_thrown
8474176,Carl Hagelin,L,PIT,34,-37,hit_thrown
8474176,Carl Hagelin,L,PIT,90,-39,hit_thrown
8474176,Carl Hagelin,L,PIT,-70,40,hit_thrown
8474176,Carl Hagelin,L,PIT,-57,41,hit_thrown
8474176,Carl Hagelin,L,PIT,-96,-19,hit_thrown
8474176,Carl Hagelin,L,PIT,2,-40,hit_thrown
8474176,Carl Hagelin,L,PIT,83,-37,hit_thrown
8474176,Carl Hagelin,L,PIT,66,39,hit_thrown
8474176,Carl Hagelin,L,PIT,0,-40,hit_thrown
8474176,Carl Hagelin,L,PIT,47,-39,hit_thrown
8474176,Carl Hagelin,L,PIT,74,40,hit_thrown
8474176,Carl Hagelin,L,PIT,-92,-29,hit_thrown
8474176,Carl Hagelin,L,PIT,-75,-40,hit_thrown
8474176,Carl Hagelin,L,PIT,-15,-41,hit_thrown
8474176,Carl Hagelin,L,PIT,39,35,hit_thrown
8474176,Carl Hagelin,L,PIT,-31,-2,takeaway_other
8474176,Carl Hagelin,L,PIT,-30,14,takeaway_other
8474176,Carl Hagelin,L,PIT,-81,-19,takeaway_other
8474176,Carl Hagelin,L,PIT,32,27,takeaway_other
8474176,Carl Hagelin,L,PIT,-58,-36,takeaway_other
8474189,Lars Eller,C,WSH,73,16,block_hd
8474189,Lars Eller,C,WSH,-79,-4,block_hd
8474189,Lars Eller,C,WSH,73,-8,block_hd
8474189,Lars Eller,C,WSH,74,-12,block_hd
8474189,Lars Eller,C,WSH,73,-1,block_hd
8474189,Lars Eller,C,WSH,-79,8,block_hd
8474189,Lars Eller,C,WSH,59,2,block_non_hd
8474189,Lars Eller,C,WSH,-63,-13,block_non_hd
8474189,Lars Eller,C,WSH,51,11,block_non_hd
8474189,Lars Eller,C,WSH,-51,-9,block_non_hd
8474189,Lars Eller,C,WSH,-69,22,dz_faceoff_win
8474189,Lars Eller,C,WSH,69,-23,dz_faceoff_win
8474189,Lars Eller,C,WSH,69,-22,dz_faceoff_win
8474189,Lars Eller,C,WSH,69,-22,dz_faceoff_win
8474189,Lars Eller,C,WSH,-68,22,dz_faceoff_win
8474189,Lars Eller,C,WSH,-68,22,dz_faceoff_win
8474189,Lars Eller,C,WSH,69,-22,dz_faceoff_win
8474189,Lars Eller,C,WSH,-68,-21,dz_faceoff_win
8474189,Lars Eller,C,WSH,69,-22,dz_faceoff_win
8474189,Lars Eller,C,WSH,-69,21,dz_faceoff_win
8474189,Lars Eller,C,WSH,70,-22,dz_faceoff_win
8474189,Lars Eller,C,WSH,69,22,dz_faceoff_win
8474189,Lars Eller,C,WSH,69,-21,dz_faceoff_win
8474189,Lars Eller,C,WSH,69,-22,dz_faceoff_win
8474189,Lars Eller,C,WSH,69,-22,dz_faceoff_win
8474189,Lars Eller,C,WSH,-69,22,dz_faceoff_win
8474189,Lars Eller,C,WSH,-70,22,dz_faceoff_win
8474189,Lars Eller,C,WSH,69,-22,dz_faceoff_win
8474189,Lars Eller,C,WSH,-68,21,dz_faceoff_win
8474189,Lars Eller,C,WSH,-69,22,dz_faceoff_win
8474189,Lars Eller,C,WSH,-69,-23,dz_faceoff_win
8474189,Lars Eller,C,WSH,69,21,dz_faceoff_win
8474189,Lars Eller,C,WSH,69,-23,dz_faceoff_win
8474189,Lars Eller,C,WSH,69,-22,dz_faceoff_win
8474189,Lars Eller,C,WSH,69,-22,dz_faceoff_win
8474189,Lars Eller,C,WSH,95,17,hit_taken
8474189,Lars Eller,C,WSH,-72,-36,hit_taken
8474189,Lars Eller,C,WSH,-35,-38,hit_taken
8474189,Lars Eller,C,WSH,77,40,hit_taken
8474189,Lars Eller,C,WSH,33,-36,hit_taken
8474189,Lars Eller,C,WSH,-93,18,hit_taken
8474189,Lars Eller,C,WSH,31,-22,hit_taken
8474189,Lars Eller,C,WSH,-97,-21,hit_taken
8474189,Lars Eller,C,WSH,-93,38,hit_taken
8474189,Lars Eller,C,WSH,49,-39,hit_taken
8474189,Lars Eller,C,WSH,96,-12,hit_taken
8474189,Lars Eller,C,WSH,-22,18,hit_taken
8474189,Lars Eller,C,WSH,-8,-38,hit_taken
8474189,Lars Eller,C,WSH,-97,-8,hit_taken
8474189,Lars Eller,C,WSH,29,-33,hit_taken
8474189,Lars Eller,C,WSH,-90,-26,hit_taken
8474189,Lars Eller,C,WSH,-10,-40,hit_taken
8474189,Lars Eller,C,WSH,-82,-35,hit_taken
8474189,Lars Eller,C,WSH,-95,-32,hit_taken
8474189,Lars Eller,C,WSH,-81,40,hit_taken
8474189,Lars Eller,C,WSH,-74,-34,hit_thrown
8474189,Lars Eller,C,WSH,11,-35,hit_thrown
8474189,Lars Eller,C,WSH,-67,42,hit_thrown
8474189,Lars Eller,C,WSH,-60,38,hit_thrown
8474189,Lars Eller,C,WSH,-81,-38,hit_thrown
8474189,Lars Eller,C,WSH,-94,1,hit_thrown
8474189,Lars Eller,C,WSH,89,-32,hit_thrown
8474189,Lars Eller,C,WSH,7,-38,hit_thrown
8474189,Lars Eller,C,WSH,-7,38,hit_thrown
8474189,Lars Eller,C,WSH,-67,-40,hit_thrown
8474189,Lars Eller,C,WSH,-79,42,hit_thrown
8474189,Lars Eller,C,WSH,-50,-38,hit_thrown
8474189,Lars Eller,C,WSH,-94,-32,hit_thrown
8474189,Lars Eller,C,WSH,-38,-4,hit_thrown
8474189,Lars Eller,C,WSH,-31,31,hit_thrown
8474189,Lars Eller,C,WSH,-95,-9,hit_thrown
8474189,Lars Eller,C,WSH,-90,37,hit_thrown
8474189,Lars Eller,C,WSH,-94,32,hit_thrown
8474189,Lars Eller,C,WSH,92,35,hit_thrown
8474189,Lars Eller,C,WSH,96,27,hit_thrown
8474189,Lars Eller,C,WSH,49,37,hit_thrown
8474189,Lars Eller,C,WSH,-98,-15,hit_thrown
8474189,Lars Eller,C,WSH,99,3,hit_thrown
8474189,Lars Eller,C,WSH,45,-40,hit_thrown
8474189,Lars Eller,C,WSH,-3,38,takeaway_other
8474189,Lars Eller,C,WSH,50,41,takeaway_other
8474189,Lars Eller,C,WSH,-45,38,takeaway_other
8474189,Lars Eller,C,WSH,-29,36,takeaway_other
8474207,Nick Holden,D,NYR,-84,10,block_hd
8474207,Nick Holden,D,NYR,-83,7,block_hd
8474207,Nick Holden,D,NYR,78,3,block_hd
8474207,Nick Holden,D,NYR,-78,-8,block_hd
8474207,Nick Holden,D,NYR,-84,-16,block_hd
8474207,Nick Holden,D,NYR,83,12,block_hd
8474207,Nick Holden,D,NYR,78,0,block_hd
8474207,Nick Holden,D,NYR,72,3,block_hd
8474207,Nick Holden,D,NYR,-80,4,block_hd
8474207,Nick Holden,D,NYR,73,-9,block_hd
8474207,Nick Holden,D,NYR,79,-4,block_hd
8474207,Nick Holden,D,NYR,75,14,block_hd
8474207,Nick Holden,D,NYR,-71,10,block_hd
8474207,Nick Holden,D,NYR,83,7,block_hd
8474207,Nick Holden,D,NYR,83,-12,block_hd
8474207,Nick Holden,D,NYR,-59,-5,block_non_hd
8474207,Nick Holden,D,NYR,68,-11,block_non_hd
8474207,Nick Holden,D,NYR,62,14,block_non_hd
8474207,Nick Holden,D,NYR,82,20,block_non_hd
8474207,Nick Holden,D,NYR,-48,-7,block_non_hd
8474207,Nick Holden,D,NYR,77,25,block_non_hd
8474207,Nick Holden,D,NYR,-69,-1,block_non_hd
8474207,Nick Holden,D,NYR,-82,-5,crease_goal
8474207,Nick Holden,D,NYR,-43,-33,hit_taken
8474207,Nick Holden,D,NYR,-79,15,hit_taken
8474207,Nick Holden,D,NYR,-96,-9,hit_taken
8474207,Nick Holden,D,NYR,39,-41,hit_taken
8474207,Nick Holden,D,NYR,37,-39,hit_taken
8474207,Nick Holden,D,NYR,23,-41,hit_taken
8474207,Nick Holden,D,NYR,-97,30,hit_taken
8474207,Nick Holden,D,NYR,-98,-31,hit_taken
8474207,Nick Holden,D,NYR,-89,-40,hit_taken
8474207,Nick Holden,D,NYR,-84,-37,hit_taken
8474207,Nick Holden,D,NYR,-15,-40,hit_taken
8474207,Nick Holden,D,NYR,-97,-23,hit_taken
8474207,Nick Holden,D,NYR,-92,38,hit_taken
8474207,Nick Holden,D,NYR,-95,34,hit_taken
8474207,Nick Holden,D,NYR,97,19,hit_taken
8474207,Nick Holden,D,NYR,-95,19,hit_taken
8474207,Nick Holden,D,NYR,96,-26,hit_taken
8474207,Nick Holden,D,NYR,-73,-39,hit_taken
8474207,Nick Holden,D,NYR,-76,-39,hit_taken
8474207,Nick Holden,D,NYR,-76,-39,hit_taken
8474207,Nick Holden,D,NYR,-68,40,hit_taken
8474207,Nick Holden,D,NYR,-70,40,hit_taken
8474207,Nick Holden,D,NYR,-86,-41,hit_taken
8474207,Nick Holden,D,NYR,85,38,hit_taken
8474207,Nick Holden,D,NYR,-11,40,hit_taken
8474207,Nick Holden,D,NYR,-96,19,hit_taken
8474207,Nick Holden,D,NYR,63,39,hit_taken
8474207,Nick Holden,D,NYR,70,-39,hit_taken
8474207,Nick Holden,D,NYR,95,26,hit_taken
8474207,Nick Holden,D,NYR,-13,30,hit_taken
8474207,Nick Holden,D,NYR,90,37,hit_taken
8474207,Nick Holden,D,NYR,96,-33,hit_taken
8474207,Nick Holden,D,NYR,44,-39,hit_taken
8474207,Nick Holden,D,NYR,-94,-33,hit_taken
8474207,Nick Holden,D,NYR,-92,-34,hit_taken
8474207,Nick Holden,D,NYR,97,23,hit_taken
8474207,Nick Holden,D,NYR,-84,-38,hit_taken
8474207,Nick Holden,D,NYR,15,-38,hit_taken
8474207,Nick Holden,D,NYR,92,38,hit_taken
8474207,Nick Holden,D,NYR,-62,-39,hit_taken
8474207,Nick Holden,D,NYR,72,-14,hit_thrown
8474207,Nick Holden,D,NYR,-95,34,hit_thrown
8474207,Nick Holden,D,NYR,58,-39,hit_thrown
8474207,Nick Holden,D,NYR,-13,-32,hit_thrown
8474207,Nick Holden,D,NYR,54,39,hit_thrown
8474207,Nick Holden,D,NYR,42,39,hit_thrown
8474207,Nick Holden,D,NYR,-23,-36,hit_thrown
8474207,Nick Holden,D,NYR,-20,-40,hit_thrown
8474207,Nick Holden,D,NYR,-93,-38,hit_thrown
8474207,Nick Holden,D,NYR,4,24,hit_thrown
8474207,Nick Holden,D,NYR,54,37,hit_thrown
8474207,Nick Holden,D,NYR,44,-38,hit_thrown
8474207,Nick Holden,D,NYR,-16,-38,hit_thrown
8474207,Nick Holden,D,NYR,-93,-36,hit_thrown
8474207,Nick Holden,D,NYR,41,40,hit_thrown
8474207,Nick Holden,D,NYR,43,40,hit_thrown
8474207,Nick Holden,D,NYR,61,42,hit_thrown
8474207,Nick Holden,D,NYR,-6,41,hit_thrown
8474207,Nick Holden,D,NYR,-9,-40,hit_thrown
8474207,Nick Holden,D,NYR,-60,-39,hit_thrown
8474207,Nick Holden,D,NYR,38,-40,hit_thrown
8474207,Nick Holden,D,NYR,7,36,hit_thrown
8474207,Nick Holden,D,NYR,96,-25,hit_thrown
8474207,Nick Holden,D,NYR,-93,8,hit_thrown
8474207,Nick Holden,D,NYR,-68,41,hit_thrown
8474207,Nick Holden,D,NYR,93,-36,hit_thrown
8474207,Nick Holden,D,NYR,-94,5,hit_thrown
8474207,Nick Holden,D,NYR,-52,39,hit_thrown
8474207,Nick Holden,D,NYR,-28,-35,hit_thrown
8474207,Nick Holden,D,NYR,68,-38,hit_thrown
8474207,Nick Holden,D,NYR,35,-39,hit_thrown
8474207,Nick Holden,D,NYR,97,-33,hit_thrown
8474207,Nick Holden,D,NYR,97,11,hit_thrown
8474207,Nick Holden,D,NYR,94,35,hit_thrown
8474207,Nick Holden,D,NYR,-5,39,hit_thrown
8474207,Nick Holden,D,NYR,49,31,hit_thrown
8474207,Nick Holden,D,NYR,18,34,hit_thrown
8474207,Nick Holden,D,NYR,99,7,hit_thrown
8474207,Nick Holden,D,NYR,-22,-37,hit_thrown
8474207,Nick Holden,D,NYR,-91,-36,hit_thrown
8474207,Nick Holden,D,NYR,-39,-39,takeaway_other
8474207,Nick Holden,D,NYR,-91,-29,takeaway_other
8474207,Nick Holden,D,NYR,-19,5,takeaway_other
8474250,Zack Smith,C,OTT,71,-7,block_hd
8474250,Zack Smith,C,OTT,77,2,block_hd
8474250,Zack Smith,C,OTT,-70,-4,block_hd
8474250,Zack Smith,C,OTT,64,-17,block_non_hd
8474250,Zack Smith,C,OTT,-43,9,block_non_hd
8474250,Zack Smith,C,OTT,52,-18,block_non_hd
8474250,Zack Smith,C,OTT,-44,-16,block_non_hd
8474250,Zack Smith,C,OTT,-44,27,block_non_hd
8474250,Zack Smith,C,OTT,57,-12,block_non_hd
8474250,Zack Smith,C,OTT,-42,12,block_non_hd
8474250,Zack Smith,C,OTT,-47,-18,block_non_hd
8474250,Zack Smith,C,OTT,87,4,crease_goal
8474250,Zack Smith,C,OTT,-68,-22,dz_faceoff_win
8474250,Zack Smith,C,OTT,-69,-21,dz_faceoff_win
8474250,Zack Smith,C,OTT,69,-23,dz_faceoff_win
8474250,Zack Smith,C,OTT,70,-23,dz_faceoff_win
8474250,Zack Smith,C,OTT,70,21,dz_faceoff_win
8474250,Zack Smith,C,OTT,-68,21,dz_faceoff_win
8474250,Zack Smith,C,OTT,-69,22,dz_faceoff_win
8474250,Zack Smith,C,OTT,-68,-24,dz_faceoff_win
8474250,Zack Smith,C,OTT,69,-23,dz_faceoff_win
8474250,Zack Smith,C,OTT,70,-23,dz_faceoff_win
8474250,Zack Smith,C,OTT,69,-23,dz_faceoff_win
8474250,Zack Smith,C,OTT,69,-21,dz_faceoff_win
8474250,Zack Smith,C,OTT,-69,21,dz_faceoff_win
8474250,Zack Smith,C,OTT,69,22,dz_faceoff_win
8474250,Zack Smith,C,OTT,-67,22,dz_faceoff_win
8474250,Zack Smith,C,OTT,-69,-22,dz_faceoff_win
8474250,Zack Smith,C,OTT,69,-23,dz_faceoff_win
8474250,Zack Smith,C,OTT,-69,21,dz_faceoff_win
8474250,Zack Smith,C,OTT,-68,21,dz_faceoff_win
8474250,Zack Smith,C,OTT,69,-23,dz_faceoff_win
8474250,Zack Smith,C,OTT,68,-22,dz_faceoff_win
8474250,Zack Smith,C,OTT,-68,21,dz_faceoff_win
8474250,Zack Smith,C,OTT,-69,-22,dz_faceoff_win
8474250,Zack Smith,C,OTT,69,-22,dz_faceoff_win
8474250,Zack Smith,C,OTT,69,-23,dz_faceoff_win
8474250,Zack Smith,C,OTT,-69,22,dz_faceoff_win
8474250,Zack Smith,C,OTT,-68,21,dz_faceoff_win
8474250,Zack Smith,C,OTT,69,21,dz_faceoff_win
8474250,Zack Smith,C,OTT,-68,-23,dz_faceoff_win
8474250,Zack Smith,C,OTT,-68,-23,dz_faceoff_win
8474250,Zack Smith,C,OTT,-68,21,dz_faceoff_win
8474250,Zack Smith,C,OTT,69,-22,dz_faceoff_win
8474250,Zack Smith,C,OTT,69,-23,dz_faceoff_win
8474250,Zack Smith,C,OTT,69,-22,dz_faceoff_win
8474250,Zack Smith,C,OTT,-69,22,dz_faceoff_win
8474250,Zack Smith,C,OTT,-69,22,dz_faceoff_win
8474250,Zack Smith,C,OTT,-69,22,dz_faceoff_win
8474250,Zack Smith,C,OTT,-69,22,dz_faceoff_win
8474250,Zack Smith,C,OTT,69,-22,dz_faceoff_win
8474250,Zack Smith,C,OTT,69,-23,dz_faceoff_win
8474250,Zack Smith,C,OTT,70,-22,dz_faceoff_win
8474250,Zack Smith,C,OTT,69,-22,dz_faceoff_win
8474250,Zack Smith,C,OTT,-69,22,dz_faceoff_win
8474250,Zack Smith,C,OTT,-69,22,dz_faceoff_win
8474250,Zack Smith,C,OTT,-69,22,dz_faceoff_win
8474250,Zack Smith,C,OTT,28,-37,hit_taken
8474250,Zack Smith,C,OTT,94,-27,hit_taken
8474250,Zack Smith,C,OTT,70,-39,hit_taken
8474250,Zack Smith,C,OTT,-21,-41,hit_taken
8474250,Zack Smith,C,OTT,81,-11,hit_taken
8474250,Zack Smith,C,OTT,54,39,hit_taken
8474250,Zack Smith,C,OTT,28,-40,hit_taken
8474250,Zack Smith,C,OTT,-69,32,hit_taken
8474250,Zack Smith,C,OTT,-88,35,hit_taken
8474250,Zack Smith,C,OTT,35,-32,hit_taken
8474250,Zack Smith,C,OTT,45,-39,hit_taken
8474250,Zack Smith,C,OTT,-73,-37,hit_taken
8474250,Zack Smith,C,OTT,23,-29,hit_taken
8474250,Zack Smith,C,OTT,35,-36,hit_taken
8474250,Zack Smith,C,OTT,-94,11,hit_taken
8474250,Zack Smith,C,OTT,15,-36,hit_taken
8474250,Zack Smith,C,OTT,57,35,hit_taken
8474250,Zack Smith,C,OTT,-18,40,hit_taken
8474250,Zack Smith,C,OTT,35,39,hit_taken
8474250,Zack Smith,C,OTT,-96,-16,hit_taken
8474250,Zack Smith,C,OTT,32,-35,hit_taken
8474250,Zack Smith,C,OTT,57,-37,hit_taken
8474250,Zack Smith,C,OTT,29,38,hit_taken
8474250,Zack Smith,C,OTT,73,39,hit_taken
8474250,Zack Smith,C,OTT,3,-38,hit_taken
8474250,Zack Smith,C,OTT,-5,39,hit_taken
8474250,Zack Smith,C,OTT,93,38,hit_taken
8474250,Zack Smith,C,OTT,7,-31,hit_taken
8474250,Zack Smith,C,OTT,-60,39,hit_taken
8474250,Zack Smith,C,OTT,-76,-38,hit_taken
8474250,Zack Smith,C,OTT,-96,25,hit_taken
8474250,Zack Smith,C,OTT,55,40,hit_taken
8474250,Zack Smith,C,OTT,23,40,hit_taken
8474250,Zack Smith,C,OTT,-88,-9,hit_taken
8474250,Zack Smith,C,OTT,63,-40,hit_taken
8474250,Zack Smith,C,OTT,62,-36,hit_taken
8474250,Zack Smith,C,OTT,86,-41,hit_taken
8474250,Zack Smith,C,OTT,-28,-33,hit_taken
8474250,Zack Smith,C,OTT,-23,-34,hit_taken
8474250,Zack Smith,C,OTT,97,18,hit_taken
8474250,Zack Smith,C,OTT,-80,-39,hit_taken
8474250,Zack Smith,C,OTT,55,-38,hit_taken
8474250,Zack Smith,C,OTT,-63,37,hit_taken
8474250,Zack Smith,C,OTT,66,39,hit_taken
8474250,Zack Smith,C,OTT,77,-40,hit_taken
8474250,Zack Smith,C,OTT,-61,38,hit_taken
8474250,Zack Smith,C,OTT,-13,-36,hit_thrown
8474250,Zack Smith,C,OTT,96,-8,hit_thrown
8474250,Zack Smith,C,OTT,-36,39,hit_thrown
8474250,Zack Smith,C,OTT,76,38,hit_thrown
8474250,Zack Smith,C,OTT,98,-7,hit_thrown
8474250,Zack Smith,C,OTT,-93,38,hit_thrown
8474250,Zack Smith,C,OTT,37,4,hit_thrown
8474250,Zack Smith,C,OTT,-97,13,hit_thrown
8474250,Zack Smith,C,OTT,47,37,hit_thrown
8474250,Zack Smith,C,OTT,56,-35,hit_thrown
8474250,Zack Smith,C,OTT,-11,-36,hit_thrown
8474250,Zack Smith,C,OTT,-91,-8,hit_thrown
8474250,Zack Smith,C,OTT,-83,35,hit_thrown
8474250,Zack Smith,C,OTT,98,8,hit_thrown
8474250,Zack Smith,C,OTT,23,-37,hit_thrown
8474250,Zack Smith,C,OTT,99,21,hit_thrown
8474250,Zack Smith,C,OTT,85,39,hit_thrown
8474250,Zack Smith,C,OTT,89,41,hit_thrown
8474250,Zack Smith,C,OTT,-98,-20,hit_thrown
8474250,Zack Smith,C,OTT,70,-39,hit_thrown
8474250,Zack Smith,C,OTT,-93,27,hit_thrown
8474250,Zack Smith,C,OTT,96,-13,hit_thrown
8474250,Zack Smith,C,OTT,-97,-10,hit_thrown
8474250,Zack Smith,C,OTT,-23,-40,hit_thrown
8474250,Zack Smith,C,OTT,93,-35,hit_thrown
8474250,Zack Smith,C,OTT,-22,41,hit_thrown
8474250,Zack Smith,C,OTT,88,-42,hit_thrown
8474250,Zack Smith,C,OTT,95,29,hit_thrown
8474250,Zack Smith,C,OTT,71,38,hit_thrown
8474250,Zack Smith,C,OTT,92,-32,hit_thrown
8474250,Zack Smith,C,OTT,-7,-35,hit_thrown
8474250,Zack Smith,C,OTT,97,32,hit_thrown
8474250,Zack Smith,C,OTT,93,-39,hit_thrown
8474250,Zack Smith,C,OTT,-34,40,hit_thrown
8474250,Zack Smith,C,OTT,-23,-40,hit_thrown
8474250,Zack Smith,C,OTT,-69,-41,hit_thrown
8474250,Zack Smith,C,OTT,-93,36,hit_thrown
8474250,Zack Smith,C,OTT,-93,37,hit_thrown
8474250,Zack Smith,C,OTT,-60,39,hit_thrown
8474250,Zack Smith,C,OTT,97,-28,hit_thrown
8474250,Zack Smith,C,OTT,-12,-39,hit_thrown
8474250,Zack Smith,C,OTT,23,39,hit_thrown
8474250,Zack Smith,C,OTT,94,-3,takeaway_hd
8474250,Zack Smith,C,OTT,-11,-37,takeaway_other
8474250,Zack Smith,C,OTT,32,40,takeaway_other
8474250,Zack Smith,C,OTT,-20,2,takeaway_other
8474250,Zack Smith,C,OTT,-39,-34,takeaway_other
8474250,Zack Smith,C,OTT,-36,-37,takeaway_other
8474250,Zack Smith,C,OTT,-34,-20,takeaway_other
8474250,Zack Smith,C,OTT,-23,38,takeaway_other
8474250,Zack Smith,C,OTT,4,-39,takeaway_other
8474250,Zack Smith,C,OTT,11,1,takeaway_other
8474250,Zack Smith,C,OTT,46,27,takeaway_other
8474250,Zack Smith,C,OTT,-50,14,takeaway_other
8474291,Jay Beagle,C,WSH,-45,20,block_non_hd
8474291,Jay Beagle,C,WSH,-59,21,block_non_hd
8474291,Jay Beagle,C,WSH,-75,-19,block_non_hd
8474291,Jay Beagle,C,WSH,61,25,block_non_hd
8474291,Jay Beagle,C,WSH,41,19,block_non_hd
8474291,Jay Beagle,C,WSH,69,21,dz_faceoff_win
8474291,Jay Beagle,C,WSH,69,22,dz_faceoff_win
8474291,Jay Beagle,C,WSH,69,21,dz_faceoff_win
8474291,Jay Beagle,C,WSH,-69,-22,dz_faceoff_win
8474291,Jay Beagle,C,WSH,-69,-22,dz_faceoff_win
8474291,Jay Beagle,C,WSH,69,21,dz_faceoff_win
8474291,Jay Beagle,C,WSH,70,22,dz_faceoff_win
8474291,Jay Beagle,C,WSH,69,-23,dz_faceoff_win
8474291,Jay Beagle,C,WSH,69,22,dz_faceoff_win
8474291,Jay Beagle,C,WSH,-68,-22,dz_faceoff_win
8474291,Jay Beagle,C,WSH,-69,-22,dz_faceoff_win
8474291,Jay Beagle,C,WSH,-68,-21,dz_faceoff_win
8474291,Jay Beagle,C,WSH,-68,-21,dz_faceoff_win
8474291,Jay Beagle,C,WSH,69,21,dz_faceoff_win
8474291,Jay Beagle,C,WSH,69,22,dz_faceoff_win
8474291,Jay Beagle,C,WSH,-69,-22,dz_faceoff_win
8474291,Jay Beagle,C,WSH,-69,-23,dz_faceoff_win
8474291,Jay Beagle,C,WSH,69,22,dz_faceoff_win
8474291,Jay Beagle,C,WSH,-68,-21,dz_faceoff_win
8474291,Jay Beagle,C,WSH,-68,-22,dz_faceoff_win
8474291,Jay Beagle,C,WSH,-68,-21,dz_faceoff_win
8474291,Jay Beagle,C,WSH,69,23,dz_faceoff_win
8474291,Jay Beagle,C,WSH,-69,-22,dz_faceoff_win
8474291,Jay Beagle,C,WSH,70,22,dz_faceoff_win
8474291,Jay Beagle,C,WSH,-68,22,dz_faceoff_win
8474291,Jay Beagle,C,WSH,70,-23,dz_faceoff_win
8474291,Jay Beagle,C,WSH,69,22,dz_faceoff_win
8474291,Jay Beagle,C,WSH,69,22,dz_faceoff_win
8474291,Jay Beagle,C,WSH,-69,-22,dz_faceoff_win
8474291,Jay Beagle,C,WSH,69,22,dz_faceoff_win
8474291,Jay Beagle,C,WSH,69,22,dz_faceoff_win
8474291,Jay Beagle,C,WSH,-69,-22,dz_faceoff_win
8474291,Jay Beagle,C,WSH,69,23,dz_faceoff_win
8474291,Jay Beagle,C,WSH,69,22,dz_faceoff_win
8474291,Jay Beagle,C,WSH,69,22,dz_faceoff_win
8474291,Jay Beagle,C,WSH,-69,-22,dz_faceoff_win
8474291,Jay Beagle,C,WSH,-69,-22,dz_faceoff_win
8474291,Jay Beagle,C,WSH,-69,22,dz_faceoff_win
8474291,Jay Beagle,C,WSH,-68,-22,dz_faceoff_win
8474291,Jay Beagle,C,WSH,-69,-22,dz_faceoff_win
8474291,Jay Beagle,C,WSH,69,22,dz_faceoff_win
8474291,Jay Beagle,C,WSH,69,22,dz_faceoff_win
8474291,Jay Beagle,C,WSH,69,22,dz_faceoff_win
8474291,Jay Beagle,C,WSH,70,23,dz_faceoff_win
8474291,Jay Beagle,C,WSH,69,23,dz_faceoff_win
8474291,Jay Beagle,C,WSH,69,-22,dz_faceoff_win
8474291,Jay Beagle,C,WSH,69,22,dz_faceoff_win
8474291,Jay Beagle,C,WSH,70,24,dz_faceoff_win
8474291,Jay Beagle,C,WSH,-68,40,hit_taken
8474291,Jay Beagle,C,WSH,-49,-33,hit_taken
8474291,Jay Beagle,C,WSH,-96,-11,hit_taken
8474291,Jay Beagle,C,WSH,-94,-3,hit_taken
8474291,Jay Beagle,C,WSH,31,-15,hit_taken
8474291,Jay Beagle,C,WSH,86,34,hit_taken
8474291,Jay Beagle,C,WSH,-63,40,hit_taken
8474291,Jay Beagle,C,WSH,-93,13,hit_taken
8474291,Jay Beagle,C,WSH,-94,-17,hit_taken
8474291,Jay Beagle,C,WSH,-31,38,hit_taken
8474291,Jay Beagle,C,WSH,-58,40,hit_taken
8474291,Jay Beagle,C,WSH,-72,41,hit_taken
8474291,Jay Beagle,C,WSH,-94,-35,hit_taken
8474291,Jay Beagle,C,WSH,-92,26,hit_thrown
8474291,Jay Beagle,C,WSH,95,21,hit_thrown
8474291,Jay Beagle,C,WSH,-60,-35,hit_thrown
8474291,Jay Beagle,C,WSH,-46,-35,hit_thrown
8474291,Jay Beagle,C,WSH,65,-42,hit_thrown
8474291,Jay Beagle,C,WSH,-90,35,hit_thrown
8474291,Jay Beagle,C,WSH,15,-34,hit_thrown
8474291,Jay Beagle,C,WSH,-76,34,hit_thrown
8474291,Jay Beagle,C,WSH,-19,39,hit_thrown
8474291,Jay Beagle,C,WSH,94,-9,hit_thrown
8474291,Jay Beagle,C,WSH,98,19,hit_thrown
8474291,Jay Beagle,C,WSH,97,-12,hit_thrown
8474291,Jay Beagle,C,WSH,94,-32,hit_thrown
8474291,Jay Beagle,C,WSH,90,36,hit_thrown
8474291,Jay Beagle,C,WSH,-97,0,hit_thrown
8474291,Jay Beagle,C,WSH,-97,-25,hit_thrown
8474291,Jay Beagle,C,WSH,81,39,hit_thrown
8474291,Jay Beagle,C,WSH,39,-33,hit_thrown
8474291,Jay Beagle,C,WSH,-97,27,hit_thrown
8474291,Jay Beagle,C,WSH,59,4,takeaway_other
8474565,Alex Pietrangelo,D,STL,72,1,block_hd
8474565,Alex Pietrangelo,D,STL,-80,-8,block_hd
8474565,Alex Pietrangelo,D,STL,72,5,block_hd
8474565,Alex Pietrangelo,D,STL,-76,-11,block_hd
8474565,Alex Pietrangelo,D,STL,-73,0,block_hd
8474565,Alex Pietrangelo,D,STL,-71,-3,block_hd
8474565,Alex Pietrangelo,D,STL,-81,9,block_hd
8474565,Alex Pietrangelo,D,STL,-76,1,block_hd
8474565,Alex Pietrangelo,D,STL,75,4,block_hd
8474565,Alex Pietrangelo,D,STL,70,9,block_hd
8474565,Alex Pietrangelo,D,STL,-81,0,block_hd
8474565,Alex Pietrangelo,D,STL,-77,-6,block_hd
8474565,Alex Pietrangelo,D,STL,-77,-3,block_hd
8474565,Alex Pietrangelo,D,STL,-73,-15,block_hd
8474565,Alex Pietrangelo,D,STL,59,-14,block_non_hd
8474565,Alex Pietrangelo,D,STL,-45,-31,block_non_hd
8474565,Alex Pietrangelo,D,STL,-58,-5,block_non_hd
8474565,Alex Pietrangelo,D,STL,-52,15,block_non_hd
8474565,Alex Pietrangelo,D,STL,-63,-16,block_non_hd
8474565,Alex Pietrangelo,D,STL,-65,1,block_non_hd
8474565,Alex Pietrangelo,D,STL,-67,-16,block_non_hd
8474565,Alex Pietrangelo,D,STL,-40,-5,block_non_hd
8474565,Alex Pietrangelo,D,STL,66,3,block_non_hd
8474565,Alex Pietrangelo,D,STL,-39,-17,block_non_hd
8474565,Alex Pietrangelo,D,STL,-80,-20,block_non_hd
8474565,Alex Pietrangelo,D,STL,-64,6,block_non_hd
8474565,Alex Pietrangelo,D,STL,-95,-24,hit_taken
8474565,Alex Pietrangelo,D,STL,-94,34,hit_taken
8474565,Alex Pietrangelo,D,STL,-50,-39,hit_taken
8474565,Alex Pietrangelo,D,STL,-77,-6,hit_taken
8474565,Alex Pietrangelo,D,STL,-58,-30,hit_taken
8474565,Alex Pietrangelo,D,STL,-96,11,hit_taken
8474565,Alex Pietrangelo,D,STL,97,0,hit_taken
8474565,Alex Pietrangelo,D,STL,-93,-38,hit_taken
8474565,Alex Pietrangelo,D,STL,-98,-21,hit_taken
8474565,Alex Pietrangelo,D,STL,-72,-40,hit_taken
8474565,Alex Pietrangelo,D,STL,-98,15,hit_taken
8474565,Alex Pietrangelo,D,STL,-73,-40,hit_taken
8474565,Alex Pietrangelo,D,STL,-96,-31,hit_taken
8474565,Alex Pietrangelo,D,STL,92,35,hit_taken
8474565,Alex Pietrangelo,D,STL,23,-32,hit_taken
8474565,Alex Pietrangelo,D,STL,8,-40,hit_taken
8474565,Alex Pietrangelo,D,STL,-95,-37,hit_taken
8474565,Alex Pietrangelo,D,STL,93,8,hit_taken
8474565,Alex Pietrangelo,D,STL,93,27,hit_taken
8474565,Alex Pietrangelo,D,STL,-58,-40,hit_taken
8474565,Alex Pietrangelo,D,STL,99,28,hit_taken
8474565,Alex Pietrangelo,D,STL,-97,3,hit_taken
8474565,Alex Pietrangelo,D,STL,-38,37,hit_taken
8474565,Alex Pietrangelo,D,STL,-49,38,hit_taken
8474565,Alex Pietrangelo,D,STL,-10,38,hit_taken
8474565,Alex Pietrangelo,D,STL,69,38,hit_taken
8474565,Alex Pietrangelo,D,STL,14,-41,hit_thrown
8474565,Alex Pietrangelo,D,STL,44,-38,hit_thrown
8474565,Alex Pietrangelo,D,STL,54,35,hit_thrown
8474565,Alex Pietrangelo,D,STL,95,28,hit_thrown
8474565,Alex Pietrangelo,D,STL,-84,-37,hit_thrown
8474565,Alex Pietrangelo,D,STL,-96,-35,hit_thrown
8474565,Alex Pietrangelo,D,STL,-86,36,hit_thrown
8474565,Alex Pietrangelo,D,STL,95,5,takeaway_hd
8474565,Alex Pietrangelo,D,STL,-66,-10,takeaway_other
8474565,Alex Pietrangelo,D,STL,32,20,takeaway_other
8474565,Alex Pietrangelo,D,STL,73,-32,takeaway_other
8474565,Alex Pietrangelo,D,STL,76,36,takeaway_other
8474565,Alex Pietrangelo,D,STL,73,-25,takeaway_other
8474565,Alex Pietrangelo,D,STL,8,36,takeaway_other
8474565,Alex Pietrangelo,D,STL,11,35,takeaway_other
8474569,Colin Wilson,C,NSH,75,4,block_hd
8474569,Colin Wilson,C,NSH,-55,20,block_non_hd
8474569,Colin Wilson,C,NSH,-82,-6,crease_goal
8474569,Colin Wilson,C,NSH,-10,-41,hit_taken
8474569,Colin Wilson,C,NSH,38,40,hit_taken
8474569,Colin Wilson,C,NSH,-53,40,hit_taken
8474569,Colin Wilson,C,NSH,70,41,hit_taken
8474569,Colin Wilson,C,NSH,-88,40,hit_taken
8474569,Colin Wilson,C,NSH,-96,-15,hit_taken
8474569,Colin Wilson,C,NSH,-5,-40,hit_taken
8474569,Colin Wilson,C,NSH,41,37,hit_taken
8474569,Colin Wilson,C,NSH,-28,36,hit_taken
8474569,Colin Wilson,C,NSH,11,-38,hit_taken
8474569,Colin Wilson,C,NSH,95,-26,hit_taken
8474569,Colin Wilson,C,NSH,92,35,hit_taken
8474569,Colin Wilson,C,NSH,-47,40,hit_taken
8474569,Colin Wilson,C,NSH,-61,40,hit_taken
8474569,Colin Wilson,C,NSH,-40,-38,hit_taken
8474569,Colin Wilson,C,NSH,94,-9,hit_taken
8474569,Colin Wilson,C,NSH,-34,35,hit_taken
8474569,Colin Wilson,C,NSH,98,-19,hit_taken
8474569,Colin Wilson,C,NSH,78,42,hit_taken
8474569,Colin Wilson,C,NSH,28,23,hit_taken
8474569,Colin Wilson,C,NSH,97,-16,hit_taken
8474569,Colin Wilson,C,NSH,83,-37,hit_thrown
8474569,Colin Wilson,C,NSH,45,34,hit_thrown
8474569,Colin Wilson,C,NSH,-92,-37,hit_thrown
8474569,Colin Wilson,C,NSH,78,-39,hit_thrown
8474569,Colin Wilson,C,NSH,97,26,hit_thrown
8474569,Colin Wilson,C,NSH,68,3,hit_thrown
8474569,Colin Wilson,C,NSH,44,-36,hit_thrown
8474569,Colin Wilson,C,NSH,63,-37,hit_thrown
8474569,Colin Wilson,C,NSH,84,41,hit_thrown
8474569,Colin Wilson,C,NSH,31,-33,hit_thrown
8474569,Colin Wilson,C,NSH,84,29,takeaway_other
8474569,Colin Wilson,C,NSH,35,7,takeaway_other
8474569,Colin Wilson,C,NSH,0,25,takeaway_other
8474571,Mikkel Boedker,L,SJS,-61,19,block_non_hd
8474571,Mikkel Boedker,L,SJS,54,-33,hit_taken
8474571,Mikkel Boedker,L,SJS,96,25,hit_taken
8474571,Mikkel Boedker,L,SJS,-67,-29,hit_taken
8474571,Mikkel Boedker,L,SJS,-87,36,hit_taken
8474571,Mikkel Boedker,L,SJS,-66,40,hit_taken
8474571,Mikkel Boedker,L,SJS,92,-29,hit_taken
8474571,Mikkel Boedker,L,SJS,33,-35,hit_taken
8474571,Mikkel Boedker,L,SJS,52,-37,hit_taken
8474571,Mikkel Boedker,L,SJS,80,-11,hit_taken
8474571,Mikkel Boedker,L,SJS,-59,-39,hit_taken
8474571,Mikkel Boedker,L,SJS,-20,39,hit_taken
8474571,Mikkel Boedker,L,SJS,-95,-5,hit_thrown
8474571,Mikkel Boedker,L,SJS,-2,37,hit_thrown
8474571,Mikkel Boedker,L,SJS,9,-37,hit_thrown
8474571,Mikkel Boedker,L,SJS,20,-40,hit_thrown
8474571,Mikkel Boedker,L,SJS,82,42,hit_thrown
8474571,Mikkel Boedker,L,SJS,96,38,hit_thrown
8474571,Mikkel Boedker,L,SJS,-69,23,takeaway_other
8474578,Erik Karlsson,D,OTT,-76,3,block_hd
8474578,Erik Karlsson,D,OTT,-76,-1,block_hd
8474578,Erik Karlsson,D,OTT,78,6,block_hd
8474578,Erik Karlsson,D,OTT,74,5,block_hd
8474578,Erik Karlsson,D,OTT,78,3,block_hd
8474578,Erik Karlsson,D,OTT,-77,1,block_hd
8474578,Erik Karlsson,D,OTT,-78,2,block_hd
8474578,Erik Karlsson,D,OTT,-70,-2,block_hd
8474578,Erik Karlsson,D,OTT,72,9,block_hd
8474578,Erik Karlsson,D,OTT,70,4,block_hd
8474578,Erik Karlsson,D,OTT,-76,-1,block_hd
8474578,Erik Karlsson,D,OTT,-75,8,block_hd
8474578,Erik Karlsson,D,OTT,-79,7,block_hd
8474578,Erik Karlsson,D,OTT,-76,0,block_hd
8474578,Erik Karlsson,D,OTT,81,-18,block_hd
8474578,Erik Karlsson,D,OTT,81,-3,block_hd
8474578,Erik Karlsson,D,OTT,73,-3,block_hd
8474578,Erik Karlsson,D,OTT,-80,5,block_hd
8474578,Erik Karlsson,D,OTT,81,-9,block_hd
8474578,Erik Karlsson,D,OTT,81,-13,block_hd
8474578,Erik Karlsson,D,OTT,76,7,block_hd
8474578,Erik Karlsson,D,OTT,-64,-9,block_non_hd
8474578,Erik Karlsson,D,OTT,-50,-21,block_non_hd
8474578,Erik Karlsson,D,OTT,-49,5,block_non_hd
8474578,Erik Karlsson,D,OTT,63,11,block_non_hd
8474578,Erik Karlsson,D,OTT,55,-4,block_non_hd
8474578,Erik Karlsson,D,OTT,-50,-30,block_non_hd
8474578,Erik Karlsson,D,OTT,34,7,block_non_hd
8474578,Erik Karlsson,D,OTT,-49,-16,block_non_hd
8474578,Erik Karlsson,D,OTT,65,13,block_non_hd
8474578,Erik Karlsson,D,OTT,64,14,block_non_hd
8474578,Erik Karlsson,D,OTT,68,2,block_non_hd
8474578,Erik Karlsson,D,OTT,51,13,block_non_hd
8474578,Erik Karlsson,D,OTT,54,-1,block_non_hd
8474578,Erik Karlsson,D,OTT,-66,-10,block_non_hd
8474578,Erik Karlsson,D,OTT,-93,29,hit_taken
8474578,Erik Karlsson,D,OTT,-51,-40,hit_taken
8474578,Erik Karlsson,D,OTT,-98,12,hit_taken
8474578,Erik Karlsson,D,OTT,-97,-24,hit_taken
8474578,Erik Karlsson,D,OTT,65,-30,hit_taken
8474578,Erik Karlsson,D,OTT,-95,-25,hit_taken
8474578,Erik Karlsson,D,OTT,-85,35,hit_taken
8474578,Erik Karlsson,D,OTT,-69,38,hit_taken
8474578,Erik Karlsson,D,OTT,93,33,hit_taken
8474578,Erik Karlsson,D,OTT,94,27,hit_taken
8474578,Erik Karlsson,D,OTT,50,-37,hit_taken
8474578,Erik Karlsson,D,OTT,-93,-5,hit_taken
8474578,Erik Karlsson,D,OTT,-94,-27,hit_taken
8474578,Erik Karlsson,D,OTT,94,-15,hit_taken
8474578,Erik Karlsson,D,OTT,-94,5,hit_taken
8474578,Erik Karlsson,D,OTT,-93,9,hit_taken
8474578,Erik Karlsson,D,OTT,63,-1,hit_taken
8474578,Erik Karlsson,D,OTT,34,36,hit_taken
8474578,Erik Karlsson,D,OTT,99,25,hit_taken
8474578,Erik Karlsson,D,OTT,87,40,hit_taken
8474578,Erik Karlsson,D,OTT,-48,-40,hit_taken
8474578,Erik Karlsson,D,OTT,-63,-40,hit_taken
8474578,Erik Karlsson,D,OTT,79,-40,hit_taken
8474578,Erik Karlsson,D,OTT,-85,15,hit_taken
8474578,Erik Karlsson,D,OTT,-65,-39,hit_taken
8474578,Erik Karlsson,D,OTT,-45,-31,hit_taken
8474578,Erik Karlsson,D,OTT,90,32,hit_taken
8474578,Erik Karlsson,D,OTT,-94,-22,hit_taken
8474578,Erik Karlsson,D,OTT,-93,-35,hit_taken
8474578,Erik Karlsson,D,OTT,93,-36,hit_taken
8474578,Erik Karlsson,D,OTT,-53,-40,hit_taken
8474578,Erik Karlsson,D,OTT,97,10,hit_taken
8474578,Erik Karlsson,D,OTT,-91,-38,hit_taken
8474578,Erik Karlsson,D,OTT,96,33,hit_taken
8474578,Erik Karlsson,D,OTT,-92,-35,hit_taken
8474578,Erik Karlsson,D,OTT,-76,-38,hit_taken
8474578,Erik Karlsson,D,OTT,97,-27,hit_taken
8474578,Erik Karlsson,D,OTT,64,-38,hit_taken
8474578,Erik Karlsson,D,OTT,-97,-28,hit_taken
8474578,Erik Karlsson,D,OTT,-81,41,hit_taken
8474578,Erik Karlsson,D,OTT,-19,40,hit_taken
8474578,Erik Karlsson,D,OTT,-96,-3,hit_taken
8474578,Erik Karlsson,D,OTT,-78,40,hit_taken
8474578,Erik Karlsson,D,OTT,-54,6,hit_taken
8474578,Erik Karlsson,D,OTT,-87,-40,hit_taken
8474578,Erik Karlsson,D,OTT,-97,-24,hit_taken
8474578,Erik Karlsson,D,OTT,83,39,hit_taken
8474578,Erik Karlsson,D,OTT,97,27,hit_taken
8474578,Erik Karlsson,D,OTT,97,23,hit_taken
8474578,Erik Karlsson,D,OTT,98,-25,hit_taken
8474578,Erik Karlsson,D,OTT,-83,-41,hit_taken
8474578,Erik Karlsson,D,OTT,-97,0,hit_taken
8474578,Erik Karlsson,D,OTT,-93,37,hit_taken
8474578,Erik Karlsson,D,OTT,-97,22,hit_taken
8474578,Erik Karlsson,D,OTT,-70,40,hit_taken
8474578,Erik Karlsson,D,OTT,-88,39,hit_taken
8474578,Erik Karlsson,D,OTT,-57,41,hit_taken
8474578,Erik Karlsson,D,OTT,67,37,hit_taken
8474578,Erik Karlsson,D,OTT,-58,39,hit_taken
8474578,Erik Karlsson,D,OTT,-96,-13,hit_taken
8474578,Erik Karlsson,D,OTT,98,23,hit_taken
8474578,Erik Karlsson,D,OTT,99,22,hit_taken
8474578,Erik Karlsson,D,OTT,-97,11,hit_taken
8474578,Erik Karlsson,D,OTT,97,0,hit_taken
8474578,Erik Karlsson,D,OTT,81,-40,hit_taken
8474578,Erik Karlsson,D,OTT,76,36,hit_taken
8474578,Erik Karlsson,D,OTT,-61,-40,hit_taken
8474578,Erik Karlsson,D,OTT,-94,-31,hit_thrown
8474578,Erik Karlsson,D,OTT,-28,-21,hit_thrown
8474578,Erik Karlsson,D,OTT,-11,37,hit_thrown
8474578,Erik Karlsson,D,OTT,-94,-10,hit_thrown
8474578,Erik Karlsson,D,OTT,-38,-33,hit_thrown
8474578,Erik Karlsson,D,OTT,90,33,hit_thrown
8474578,Erik Karlsson,D,OTT,96,13,hit_thrown
8474578,Erik Karlsson,D,OTT,52,-35,hit_thrown
8474578,Erik Karlsson,D,OTT,94,22,hit_thrown
8474578,Erik Karlsson,D,OTT,90,-20,hit_thrown
8474578,Erik Karlsson,D,OTT,22,-37,hit_thrown
8474578,Erik Karlsson,D,OTT,58,35,hit_thrown
8474578,Erik Karlsson,D,OTT,-96,-6,hit_thrown
8474578,Erik Karlsson,D,OTT,-96,26,hit_thrown
8474578,Erik Karlsson,D,OTT,94,34,hit_thrown
8474578,Erik Karlsson,D,OTT,-88,-38,hit_thrown
8474578,Erik Karlsson,D,OTT,10,31,hit_thrown
8474578,Erik Karlsson,D,OTT,25,-40,hit_thrown
8474578,Erik Karlsson,D,OTT,23,10,hit_thrown
8474578,Erik Karlsson,D,OTT,38,-35,hit_thrown
8474578,Erik Karlsson,D,OTT,98,-12,hit_thrown
8474578,Erik Karlsson,D,OTT,-92,18,takeaway_hd
8474578,Erik Karlsson,D,OTT,-95,-6,takeaway_hd
8474578,Erik Karlsson,D,OTT,-82,8,takeaway_hd
8474578,Erik Karlsson,D,OTT,75,-1,takeaway_hd
8474578,Erik Karlsson,D,OTT,-96,-3,takeaway_hd
8474578,Erik Karlsson,D,OTT,-4,30,takeaway_other
8474578,Erik Karlsson,D,OTT,54,36,takeaway_other
8474578,Erik Karlsson,D,OTT,-92,-26,takeaway_other
8474578,Erik Karlsson,D,OTT,36,38,takeaway_other
8474578,Erik Karlsson,D,OTT,11,-32,takeaway_other
8474578,Erik Karlsson,D,OTT,-70,-35,takeaway_other
8474578,Erik Karlsson,D,OTT,51,-38,takeaway_other
8474578,Erik Karlsson,D,OTT,-67,6,takeaway_other
8474578,Erik Karlsson,D,OTT,-25,-36,takeaway_other
8474578,Erik Karlsson,D,OTT,66,41,takeaway_other
8474578,Erik Karlsson,D,OTT,-68,-23,takeaway_other
8474581,Jake Gardiner,D,TOR,-77,9,block_hd
8474581,Jake Gardiner,D,TOR,-72,1,block_hd
8474581,Jake Gardiner,D,TOR,74,-3,block_hd
8474581,Jake Gardiner,D,TOR,75,-11,block_hd
8474581,Jake Gardiner,D,TOR,-77,-7,block_hd
8474581,Jake Gardiner,D,TOR,73,-8,block_hd
8474581,Jake Gardiner,D,TOR,-61,3,block_non_hd
8474581,Jake Gardiner,D,TOR,-65,-1,block_non_hd
8474581,Jake Gardiner,D,TOR,-51,3,block_non_hd
8474581,Jake Gardiner,D,TOR,54,16,block_non_hd
8474581,Jake Gardiner,D,TOR,63,-3,block_non_hd
8474581,Jake Gardiner,D,TOR,67,10,block_non_hd
8474581,Jake Gardiner,D,TOR,-61,-1,block_non_hd
8474581,Jake Gardiner,D,TOR,-92,26,hit_taken
8474581,Jake Gardiner,D,TOR,96,36,hit_taken
8474581,Jake Gardiner,D,TOR,94,-34,hit_taken
8474581,Jake Gardiner,D,TOR,86,40,hit_taken
8474581,Jake Gardiner,D,TOR,99,-28,hit_taken
8474581,Jake Gardiner,D,TOR,51,35,hit_taken
8474581,Jake Gardiner,D,TOR,84,33,hit_taken
8474581,Jake Gardiner,D,TOR,54,7,hit_taken
8474581,Jake Gardiner,D,TOR,93,-10,hit_taken
8474581,Jake Gardiner,D,TOR,89,-32,hit_taken
8474581,Jake Gardiner,D,TOR,97,18,hit_taken
8474581,Jake Gardiner,D,TOR,96,34,hit_taken
8474581,Jake Gardiner,D,TOR,-87,39,hit_taken
8474581,Jake Gardiner,D,TOR,-90,22,hit_taken
8474581,Jake Gardiner,D,TOR,-96,1,hit_taken
8474581,Jake Gardiner,D,TOR,93,-36,hit_taken
8474581,Jake Gardiner,D,TOR,23,-36,hit_taken
8474581,Jake Gardiner,D,TOR,-94,-13,hit_taken
8474581,Jake Gardiner,D,TOR,-34,-35,hit_thrown
8474581,Jake Gardiner,D,TOR,93,-9,hit_thrown
8474581,Jake Gardiner,D,TOR,94,20,hit_thrown
8474581,Jake Gardiner,D,TOR,33,-38,hit_thrown
8474581,Jake Gardiner,D,TOR,85,-34,hit_thrown
8474581,Jake Gardiner,D,TOR,97,-9,takeaway_hd
8474581,Jake Gardiner,D,TOR,-60,39,takeaway_other
8474586,Jordan Eberle,C,EDM,75,7,block_hd
8474586,Jordan Eberle,C,EDM,-47,-24,block_non_hd
8474586,Jordan Eberle,C,EDM,-56,22,block_non_hd
8474586,Jordan Eberle,C,EDM,-41,10,block_non_hd
8474586,Jordan Eberle,C,EDM,97,12,hit_taken
8474586,Jordan Eberle,C,EDM,-37,-35,hit_taken
8474586,Jordan Eberle,C,EDM,99,-12,hit_taken
8474586,Jordan Eberle,C,EDM,32,41,hit_taken
8474586,Jordan Eberle,C,EDM,19,41,hit_taken
8474586,Jordan Eberle,C,EDM,-15,39,hit_taken
8474586,Jordan Eberle,C,EDM,57,37,hit_taken
8474586,Jordan Eberle,C,EDM,-68,-40,hit_taken
8474586,Jordan Eberle,C,EDM,4,-38,hit_taken
8474586,Jordan Eberle,C,EDM,-95,-15,hit_taken
8474586,Jordan Eberle,C,EDM,5,-37,hit_taken
8474586,Jordan Eberle,C,EDM,42,40,hit_taken
8474586,Jordan Eberle,C,EDM,-29,-40,hit_taken
8474586,Jordan Eberle,C,EDM,51,-41,hit_taken
8474586,Jordan Eberle,C,EDM,44,42,hit_taken
8474586,Jordan Eberle,C,EDM,-86,-36,hit_taken
8474586,Jordan Eberle,C,EDM,68,-37,hit_taken
8474586,Jordan Eberle,C,EDM,73,-36,hit_taken
8474586,Jordan Eberle,C,EDM,88,38,hit_taken
8474586,Jordan Eberle,C,EDM,-86,-39,hit_taken
8474586,Jordan Eberle,C,EDM,43,-40,hit_taken
8474586,Jordan Eberle,C,EDM,76,-39,hit_taken
8474586,Jordan Eberle,C,EDM,-70,21,hit_taken
8474586,Jordan Eberle,C,EDM,76,-37,hit_thrown
8474586,Jordan Eberle,C,EDM,88,-36,hit_thrown
8474586,Jordan Eberle,C,EDM,86,-41,hit_thrown
8474586,Jordan Eberle,C,EDM,98,-21,hit_thrown
8474586,Jordan Eberle,C,EDM,-44,-35,hit_thrown
8474586,Jordan Eberle,C,EDM,-97,21,hit_thrown
8474586,Jordan Eberle,C,EDM,97,27,hit_thrown
8474586,Jordan Eberle,C,EDM,96,35,hit_thrown
8474586,Jordan Eberle,C,EDM,97,10,hit_thrown
8474586,Jordan Eberle,C,EDM,96,24,hit_thrown
8474586,Jordan Eberle,C,EDM,80,-36,hit_thrown
8474586,Jordan Eberle,C,EDM,-92,38,hit_thrown
8474586,Jordan Eberle,C,EDM,65,-38,hit_thrown
8474586,Jordan Eberle,C,EDM,-87,-35,hit_thrown
8474586,Jordan Eberle,C,EDM,97,-18,hit_thrown
8474586,Jordan Eberle,C,EDM,-37,-40,hit_thrown
8474586,Jordan Eberle,C,EDM,-95,-23,takeaway_other
8474586,Jordan Eberle,C,EDM,-80,-37,takeaway_other
8474586,Jordan Eberle,C,EDM,-85,35,takeaway_other
8474586,Jordan Eberle,C,EDM,-25,8,takeaway_other
8474586,Jordan Eberle,C,EDM,75,-32,takeaway_other
8474586,Jordan Eberle,C,EDM,-54,36,takeaway_other
8474586,Jordan Eberle,C,EDM,-48,9,takeaway_other
8474590,John Carlson,D,WSH,73,-3,block_hd
8474590,John Carlson,D,WSH,-76,4,block_hd
8474590,John Carlson,D,WSH,-70,6,block_hd
8474590,John Carlson,D,WSH,-71,-7,block_hd
8474590,John Carlson,D,WSH,-70,7,block_hd
8474590,John Carlson,D,WSH,77,-5,block_hd
8474590,John Carlson,D,WSH,-78,-11,block_hd
8474590,John Carlson,D,WSH,72,10,block_hd
8474590,John Carlson,D,WSH,76,-1,block_hd
8474590,John Carlson,D,WSH,78,-3,block_hd
8474590,John Carlson,D,WSH,79,-11,block_hd
8474590,John Carlson,D,WSH,74,-7,block_hd
8474590,John Carlson,D,WSH,-72,5,block_hd
8474590,John Carlson,D,WSH,71,-2,block_hd
8474590,John Carlson,D,WSH,78,-4,block_hd
8474590,John Carlson,D,WSH,80,-7,block_hd
8474590,John Carlson,D,WSH,71,16,block_hd
8474590,John Carlson,D,WSH,-69,-13,block_non_hd
8474590,John Carlson,D,WSH,-55,-4,block_non_hd
8474590,John Carlson,D,WSH,-63,12,block_non_hd
8474590,John Carlson,D,WSH,-68,-11,block_non_hd
8474590,John Carlson,D,WSH,68,-15,block_non_hd
8474590,John Carlson,D,WSH,-71,-20,block_non_hd
8474590,John Carlson,D,WSH,-91,29,hit_taken
8474590,John Carlson,D,WSH,-79,39,hit_taken
8474590,John Carlson,D,WSH,-97,-9,hit_taken
8474590,John Carlson,D,WSH,-93,-10,hit_taken
8474590,John Carlson,D,WSH,-94,-32,hit_taken
8474590,John Carlson,D,WSH,-92,-37,hit_taken
8474590,John Carlson,D,WSH,94,23,hit_taken
8474590,John Carlson,D,WSH,43,38,hit_taken
8474590,John Carlson,D,WSH,95,-33,hit_taken
8474590,John Carlson,D,WSH,97,-21,hit_taken
8474590,John Carlson,D,WSH,-94,-26,hit_taken
8474590,John Carlson,D,WSH,-93,-2,hit_taken
8474590,John Carlson,D,WSH,-26,-36,hit_taken
8474590,John Carlson,D,WSH,81,38,hit_taken
8474590,John Carlson,D,WSH,-43,-27,hit_taken
8474590,John Carlson,D,WSH,-74,37,hit_taken
8474590,John Carlson,D,WSH,93,36,hit_taken
8474590,John Carlson,D,WSH,97,-7,hit_taken
8474590,John Carlson,D,WSH,95,32,hit_taken
8474590,John Carlson,D,WSH,97,34,hit_taken
8474590,John Carlson,D,WSH,88,36,hit_taken
8474590,John Carlson,D,WSH,98,-11,hit_taken
8474590,John Carlson,D,WSH,-97,26,hit_taken
8474590,John Carlson,D,WSH,86,35,hit_taken
8474590,John Carlson,D,WSH,-96,4,hit_taken
8474590,John Carlson,D,WSH,-53,34,hit_taken
8474590,John Carlson,D,WSH,-4,36,hit_thrown
8474590,John Carlson,D,WSH,-59,-38,hit_thrown
8474590,John Carlson,D,WSH,88,33,hit_thrown
8474590,John Carlson,D,WSH,-91,-6,hit_thrown
8474590,John Carlson,D,WSH,-89,36,hit_thrown
8474590,John Carlson,D,WSH,-37,-8,hit_thrown
8474590,John Carlson,D,WSH,-92,-29,hit_thrown
8474590,John Carlson,D,WSH,90,34,hit_thrown
8474590,John Carlson,D,WSH,-18,-7,hit_thrown
8474590,John Carlson,D,WSH,46,36,hit_thrown
8474590,John Carlson,D,WSH,-33,-39,hit_thrown
8474590,John Carlson,D,WSH,-76,-35,hit_thrown
8474590,John Carlson,D,WSH,-96,22,hit_thrown
8474590,John Carlson,D,WSH,-71,-41,hit_thrown
8474590,John Carlson,D,WSH,98,-20,hit_thrown
8474590,John Carlson,D,WSH,95,-36,hit_thrown
8474590,John Carlson,D,WSH,-96,-31,hit_thrown
8474590,John Carlson,D,WSH,-31,41,hit_thrown
8474590,John Carlson,D,WSH,24,32,hit_thrown
8474590,John Carlson,D,WSH,46,37,hit_thrown
8474590,John Carlson,D,WSH,-93,36,hit_thrown
8474590,John Carlson,D,WSH,92,-14,takeaway_hd
8474590,John Carlson,D,WSH,6,-33,takeaway_other
8474590,John Carlson,D,WSH,-34,0,takeaway_other
8474590,John Carlson,D,WSH,84,38,takeaway_other
8474590,John Carlson,D,WSH,-52,-21,takeaway_other
8474590,John Carlson,D,WSH,-28,35,takeaway_other
8474590,John Carlson,D,WSH,-83,-23,takeaway_other
8474590,John Carlson,D,WSH,-79,21,takeaway_other
8474590,John Carlson,D,WSH,34,33,takeaway_other
8474590,John Carlson,D,WSH,-42,39,takeaway_other
8474600,Roman Josi,D,NSH,-76,-15,block_hd
8474600,Roman Josi,D,NSH,79,-3,block_hd
8474600,Roman Josi,D,NSH,81,16,block_hd
8474600,Roman Josi,D,NSH,82,-12,block_hd
8474600,Roman Josi,D,NSH,71,1,block_hd
8474600,Roman Josi,D,NSH,71,-7,block_hd
8474600,Roman Josi,D,NSH,75,7,block_hd
8474600,Roman Josi,D,NSH,-73,9,block_hd
8474600,Roman Josi,D,NSH,71,-14,block_hd
8474600,Roman Josi,D,NSH,-75,2,block_hd
8474600,Roman Josi,D,NSH,-75,8,block_hd
8474600,Roman Josi,D,NSH,-81,-1,block_hd
8474600,Roman Josi,D,NSH,-76,-2,block_hd
8474600,Roman Josi,D,NSH,-71,16,block_hd
8474600,Roman Josi,D,NSH,-71,15,block_hd
8474600,Roman Josi,D,NSH,-79,-9,block_hd
8474600,Roman Josi,D,NSH,85,13,block_hd
8474600,Roman Josi,D,NSH,75,8,block_hd
8474600,Roman Josi,D,NSH,-55,15,block_non_hd
8474600,Roman Josi,D,NSH,58,-3,block_non_hd
8474600,Roman Josi,D,NSH,60,10,block_non_hd
8474600,Roman Josi,D,NSH,-72,19,block_non_hd
8474600,Roman Josi,D,NSH,60,-18,block_non_hd
8474600,Roman Josi,D,NSH,68,-16,block_non_hd
8474600,Roman Josi,D,NSH,55,-20,block_non_hd
8474600,Roman Josi,D,NSH,-63,16,block_non_hd
8474600,Roman Josi,D,NSH,-67,2,block_non_hd
8474600,Roman Josi,D,NSH,68,2,block_non_hd
8474600,Roman Josi,D,NSH,-66,11,block_non_hd
8474600,Roman Josi,D,NSH,-69,-1,block_non_hd
8474600,Roman Josi,D,NSH,64,-1,block_non_hd
8474600,Roman Josi,D,NSH,-56,8,block_non_hd
8474600,Roman Josi,D,NSH,67,11,block_non_hd
8474600,Roman Josi,D,NSH,-55,10,block_non_hd
8474600,Roman Josi,D,NSH,68,-9,block_non_hd
8474600,Roman Josi,D,NSH,68,-17,block_non_hd
8474600,Roman Josi,D,NSH,66,-5,block_non_hd
8474600,Roman Josi,D,NSH,69,-9,block_non_hd
8474600,Roman Josi,D,NSH,79,-19,block_non_hd
8474600,Roman Josi,D,NSH,-77,25,block_non_hd
8474600,Roman Josi,D,NSH,-66,8,block_non_hd
8474600,Roman Josi,D,NSH,57,2,block_non_hd
8474600,Roman Josi,D,NSH,-62,8,block_non_hd
8474600,Roman Josi,D,NSH,61,10,block_non_hd
8474600,Roman Josi,D,NSH,84,6,crease_goal
8474600,Roman Josi,D,NSH,-47,36,hit_taken
8474600,Roman Josi,D,NSH,-72,39,hit_taken
8474600,Roman Josi,D,NSH,95,24,hit_taken
8474600,Roman Josi,D,NSH,24,-36,hit_taken
8474600,Roman Josi,D,NSH,88,-36,hit_taken
8474600,Roman Josi,D,NSH,-89,-37,hit_taken
8474600,Roman Josi,D,NSH,38,-38,hit_taken
8474600,Roman Josi,D,NSH,52,-40,hit_taken
8474600,Roman Josi,D,NSH,59,-40,hit_taken
8474600,Roman Josi,D,NSH,69,-40,hit_taken
8474600,Roman Josi,D,NSH,61,-39,hit_taken
8474600,Roman Josi,D,NSH,53,-41,hit_taken
8474600,Roman Josi,D,NSH,86,38,hit_taken
8474600,Roman Josi,D,NSH,34,36,hit_taken
8474600,Roman Josi,D,NSH,72,-38,hit_taken
8474600,Roman Josi,D,NSH,40,-39,hit_taken
8474600,Roman Josi,D,NSH,-27,-42,hit_taken
8474600,Roman Josi,D,NSH,13,38,hit_taken
8474600,Roman Josi,D,NSH,-96,-20,hit_taken
8474600,Roman Josi,D,NSH,-97,23,hit_taken
8474600,Roman Josi,D,NSH,31,-39,hit_taken
8474600,Roman Josi,D,NSH,97,-9,hit_taken
8474600,Roman Josi,D,NSH,-77,-39,hit_taken
8474600,Roman Josi,D,NSH,-20,-29,hit_taken
8474600,Roman Josi,D,NSH,65,-37,hit_taken
8474600,Roman Josi,D,NSH,-35,37,hit_taken
8474600,Roman Josi,D,NSH,-54,38,hit_taken
8474600,Roman Josi,D,NSH,-88,39,hit_taken
8474600,Roman Josi,D,NSH,97,14,hit_taken
8474600,Roman Josi,D,NSH,-29,-40,hit_taken
8474600,Roman Josi,D,NSH,60,39,hit_taken
8474600,Roman Josi,D,NSH,95,16,hit_taken
8474600,Roman Josi,D,NSH,-18,-38,hit_taken
8474600,Roman Josi,D,NSH,30,-39,hit_taken
8474600,Roman Josi,D,NSH,-96,-30,hit_taken
8474600,Roman Josi,D,NSH,-95,-35,hit_taken
8474600,Roman Josi,D,NSH,-98,18,hit_taken
8474600,Roman Josi,D,NSH,-98,27,hit_taken
8474600,Roman Josi,D,NSH,84,39,hit_taken
8474600,Roman Josi,D,NSH,92,-33,hit_taken
8474600,Roman Josi,D,NSH,8,40,hit_taken
8474600,Roman Josi,D,NSH,23,-38,hit_taken
8474600,Roman Josi,D,NSH,96,-19,hit_taken
8474600,Roman Josi,D,NSH,-12,39,hit_taken
8474600,Roman Josi,D,NSH,99,23,hit_taken
8474600,Roman Josi,D,NSH,-60,41,hit_taken
8474600,Roman Josi,D,NSH,-68,41,hit_taken
8474600,Roman Josi,D,NSH,42,39,hit_taken
8474600,Roman Josi,D,NSH,-60,-38,hit_taken
8474600,Roman Josi,D,NSH,-40,-35,hit_taken
8474600,Roman Josi,D,NSH,53,-40,hit_taken
8474600,Roman Josi,D,NSH,-4,-40,hit_taken
8474600,Roman Josi,D,NSH,82,-37,hit_thrown
8474600,Roman Josi,D,NSH,48,37,hit_thrown
8474600,Roman Josi,D,NSH,-95,-30,hit_thrown
8474600,Roman Josi,D,NSH,-67,-40,hit_thrown
8474600,Roman Josi,D,NSH,-91,38,hit_thrown
8474600,Roman Josi,D,NSH,99,-22,hit_thrown
8474600,Roman Josi,D,NSH,97,-32,hit_thrown
8474600,Roman Josi,D,NSH,-99,-3,hit_thrown
8474600,Roman Josi,D,NSH,-39,29,hit_thrown
8474600,Roman Josi,D,NSH,-51,37,hit_thrown
8474600,Roman Josi,D,NSH,-28,36,hit_thrown
8474600,Roman Josi,D,NSH,-96,8,hit_thrown
8474600,Roman Josi,D,NSH,96,-38,hit_thrown
8474600,Roman Josi,D,NSH,17,-40,hit_thrown
8474600,Roman Josi,D,NSH,7,-36,hit_thrown
8474600,Roman Josi,D,NSH,32,-37,hit_thrown
8474600,Roman Josi,D,NSH,-94,-27,hit_thrown
8474600,Roman Josi,D,NSH,-32,-38,hit_thrown
8474600,Roman Josi,D,NSH,94,36,hit_thrown
8474600,Roman Josi,D,NSH,-59,38,hit_thrown
8474600,Roman Josi,D,NSH,99,7,hit_thrown
8474600,Roman Josi,D,NSH,52,39,hit_thrown
8474600,Roman Josi,D,NSH,81,-1,hit_thrown
8474600,Roman Josi,D,NSH,92,17,hit_thrown
8474600,Roman Josi,D,NSH,72,16,takeaway_hd
8474600,Roman Josi,D,NSH,-94,-5,takeaway_hd
8474600,Roman Josi,D,NSH,-75,-10,takeaway_hd
8474600,Roman Josi,D,NSH,-81,37,takeaway_other
8474600,Roman Josi,D,NSH,-56,3,takeaway_other
8474600,Roman Josi,D,NSH,8,-40,takeaway_other
8474600,Roman Josi,D,NSH,-70,35,takeaway_other
8474600,Roman Josi,D,NSH,73,-35,takeaway_other
8474602,Justin Schultz,D,PIT,-70,-12,block_hd
8474602,Justin Schultz,D,PIT,-74,-14,block_hd
8474602,Justin Schultz,D,PIT,74,14,block_hd
8474602,Justin Schultz,D,PIT,84,-7,block_hd
8474602,Justin Schultz,D,PIT,-82,-2,block_hd
8474602,Justin Schultz,D,PIT,73,2,block_hd
8474602,Justin Schultz,D,PIT,72,18,block_hd
8474602,Justin Schultz,D,PIT,-75,-7,block_hd
8474602,Justin Schultz,D,PIT,74,13,block_hd
8474602,Justin Schultz,D,PIT,-79,-8,block_hd
8474602,Justin Schultz,D,PIT,-78,-10,block_hd
8474602,Justin Schultz,D,PIT,81,-12,block_hd
8474602,Justin Schultz,D,PIT,-81,-18,block_hd
8474602,Justin Schultz,D,PIT,-72,-11,block_hd
8474602,Justin Schultz,D,PIT,-75,-7,block_hd
8474602,Justin Schultz,D,PIT,-88,21,block_non_hd
8474602,Justin Schultz,D,PIT,72,34,block_non_hd
8474602,Justin Schultz,D,PIT,-65,-3,block_non_hd
8474602,Justin Schultz,D,PIT,66,1,block_non_hd
8474602,Justin Schultz,D,PIT,-44,-19,block_non_hd
8474602,Justin Schultz,D,PIT,-73,-20,block_non_hd
8474602,Justin Schultz,D,PIT,-69,-7,block_non_hd
8474602,Justin Schultz,D,PIT,-62,-26,block_non_hd
8474602,Justin Schultz,D,PIT,54,-25,block_non_hd
8474602,Justin Schultz,D,PIT,-63,-12,block_non_hd
8474602,Justin Schultz,D,PIT,-68,-7,block_non_hd
8474602,Justin Schultz,D,PIT,47,21,block_non_hd
8474602,Justin Schultz,D,PIT,-91,-36,hit_taken
8474602,Justin Schultz,D,PIT,97,33,hit_taken
8474602,Justin Schultz,D,PIT,85,39,hit_taken
8474602,Justin Schultz,D,PIT,-76,41,hit_taken
8474602,Justin Schultz,D,PIT,50,-41,hit_taken
8474602,Justin Schultz,D,PIT,-96,-27,hit_taken
8474602,Justin Schultz,D,PIT,-97,1,hit_taken
8474602,Justin Schultz,D,PIT,94,35,hit_taken
8474602,Justin Schultz,D,PIT,-59,41,hit_taken
8474602,Justin Schultz,D,PIT,-97,10,hit_taken
8474602,Justin Schultz,D,PIT,50,-39,hit_taken
8474602,Justin Schultz,D,PIT,88,39,hit_taken
8474602,Justin Schultz,D,PIT,94,35,hit_taken
8474602,Justin Schultz,D,PIT,-95,-34,hit_taken
8474602,Justin Schultz,D,PIT,-96,21,hit_taken
8474602,Justin Schultz,D,PIT,97,7,hit_taken
8474602,Justin Schultz,D,PIT,49,37,hit_taken
8474602,Justin Schultz,D,PIT,-87,-40,hit_taken
8474602,Justin Schultz,D,PIT,65,41,hit_taken
8474602,Justin Schultz,D,PIT,77,-40,hit_taken
8474602,Justin Schultz,D,PIT,99,-6,hit_taken
8474602,Justin Schultz,D,PIT,64,-41,hit_taken
8474602,Justin Schultz,D,PIT,-97,-6,hit_taken
8474602,Justin Schultz,D,PIT,-97,0,hit_taken
8474602,Justin Schultz,D,PIT,-97,-25,hit_taken
8474602,Justin Schultz,D,PIT,-12,-38,hit_taken
8474602,Justin Schultz,D,PIT,98,1,hit_taken
8474602,Justin Schultz,D,PIT,97,34,hit_taken
8474602,Justin Schultz,D,PIT,-94,35,hit_taken
8474602,Justin Schultz,D,PIT,-93,-31,hit_taken
8474602,Justin Schultz,D,PIT,38,-39,hit_taken
8474602,Justin Schultz,D,PIT,96,-23,hit_taken
8474602,Justin Schultz,D,PIT,6,37,hit_taken
8474602,Justin Schultz,D,PIT,-97,19,hit_taken
8474602,Justin Schultz,D,PIT,99,-22,hit_taken
8474602,Justin Schultz,D,PIT,97,11,hit_taken
8474602,Justin Schultz,D,PIT,-76,-40,hit_taken
8474602,Justin Schultz,D,PIT,99,12,hit_taken
8474602,Justin Schultz,D,PIT,-94,-33,hit_taken
8474602,Justin Schultz,D,PIT,-94,-2,hit_taken
8474602,Justin Schultz,D,PIT,70,38,hit_taken
8474602,Justin Schultz,D,PIT,95,-35,hit_taken
8474602,Justin Schultz,D,PIT,-94,-17,hit_taken
8474602,Justin Schultz,D,PIT,-9,-38,hit_taken
8474602,Justin Schultz,D,PIT,-94,-25,hit_taken
8474602,Justin Schultz,D,PIT,96,-7,hit_taken
8474602,Justin Schultz,D,PIT,-95,-7,hit_taken
8474602,Justin Schultz,D,PIT,13,-39,hit_taken
8474602,Justin Schultz,D,PIT,-96,-1,hit_taken
8474602,Justin Schultz,D,PIT,-84,37,hit_taken
8474602,Justin Schultz,D,PIT,-35,-40,hit_thrown
8474602,Justin Schultz,D,PIT,0,-39,hit_thrown
8474602,Justin Schultz,D,PIT,-32,34,hit_thrown
8474602,Justin Schultz,D,PIT,79,40,hit_thrown
8474602,Justin Schultz,D,PIT,-85,-38,hit_thrown
8474602,Justin Schultz,D,PIT,-21,-29,hit_thrown
8474602,Justin Schultz,D,PIT,-97,-8,hit_thrown
8474602,Justin Schultz,D,PIT,-22,-40,hit_thrown
8474602,Justin Schultz,D,PIT,-99,26,hit_thrown
8474602,Justin Schultz,D,PIT,74,-41,hit_thrown
8474602,Justin Schultz,D,PIT,-86,-40,hit_thrown
8474602,Justin Schultz,D,PIT,76,36,hit_thrown
8474602,Justin Schultz,D,PIT,-21,37,hit_thrown
8474602,Justin Schultz,D,PIT,-96,6,hit_thrown
8474602,Justin Schultz,D,PIT,96,-30,hit_thrown
8474602,Justin Schultz,D,PIT,78,42,hit_thrown
8474602,Justin Schultz,D,PIT,72,9,takeaway_hd
8474602,Justin Schultz,D,PIT,-69,-15,takeaway_other
8474602,Justin Schultz,D,PIT,-75,-20,takeaway_other
8474602,Justin Schultz,D,PIT,35,-37,takeaway_other
8474602,Justin Schultz,D,PIT,-28,6,takeaway_other
8474602,Justin Schultz,D,PIT,-8,40,takeaway_other
8474602,Justin Schultz,D,PIT,86,40,takeaway_other
8474613,Derek Stepan,C,NYR,-80,-2,block_hd
8474613,Derek Stepan,C,NYR,76,-6,block_hd
8474613,Derek Stepan,C,NYR,82,-6,block_hd
8474613,Derek Stepan,C,NYR,76,6,block_hd
8474613,Derek Stepan,C,NYR,85,8,block_hd
8474613,Derek Stepan,C,NYR,-40,31,block_non_hd
8474613,Derek Stepan,C,NYR,-20,-7,block_non_hd
8474613,Derek Stepan,C,NYR,-51,30,block_non_hd
8474613,Derek Stepan,C,NYR,58,3,block_non_hd
8474613,Derek Stepan,C,NYR,51,15,block_non_hd
8474613,Derek Stepan,C,NYR,-68,-22,dz_faceoff_win
8474613,Derek Stepan,C,NYR,69,-23,dz_faceoff_win
8474613,Derek Stepan,C,NYR,70,22,dz_faceoff_win
8474613,Derek Stepan,C,NYR,69,-23,dz_faceoff_win
8474613,Derek Stepan,C,NYR,69,23,dz_faceoff_win
8474613,Derek Stepan,C,NYR,70,23,dz_faceoff_win
8474613,Derek Stepan,C,NYR,-68,21,dz_faceoff_win
8474613,Derek Stepan,C,NYR,-69,-23,dz_faceoff_win
8474613,Derek Stepan,C,NYR,70,-23,dz_faceoff_win
8474613,Derek Stepan,C,NYR,70,21,dz_faceoff_win
8474613,Derek Stepan,C,NYR,70,21,dz_faceoff_win
8474613,Derek Stepan,C,NYR,69,-23,dz_faceoff_win
8474613,Derek Stepan,C,NYR,70,-23,dz_faceoff_win
8474613,Derek Stepan,C,NYR,69,21,dz_faceoff_win
8474613,Derek Stepan,C,NYR,70,22,dz_faceoff_win
8474613,Derek Stepan,C,NYR,-68,-22,dz_faceoff_win
8474613,Derek Stepan,C,NYR,-68,21,dz_faceoff_win
8474613,Derek Stepan,C,NYR,70,-22,dz_faceoff_win
8474613,Derek Stepan,C,NYR,69,22,dz_faceoff_win
8474613,Derek Stepan,C,NYR,69,22,dz_faceoff_win
8474613,Derek Stepan,C,NYR,69,22,dz_faceoff_win
8474613,Derek Stepan,C,NYR,-69,22,dz_faceoff_win
8474613,Derek Stepan,C,NYR,-69,-21,dz_faceoff_win
8474613,Derek Stepan,C,NYR,-69,-23,dz_faceoff_win
8474613,Derek Stepan,C,NYR,70,-23,dz_faceoff_win
8474613,Derek Stepan,C,NYR,69,22,dz_faceoff_win
8474613,Derek Stepan,C,NYR,69,-23,dz_faceoff_win
8474613,Derek Stepan,C,NYR,-68,-23,dz_faceoff_win
8474613,Derek Stepan,C,NYR,69,22,dz_faceoff_win
8474613,Derek Stepan,C,NYR,-69,-22,dz_faceoff_win
8474613,Derek Stepan,C,NYR,-69,-22,dz_faceoff_win
8474613,Derek Stepan,C,NYR,69,22,dz_faceoff_win
8474613,Derek Stepan,C,NYR,69,22,dz_faceoff_win
8474613,Derek Stepan,C,NYR,-87,-40,hit_taken
8474613,Derek Stepan,C,NYR,-95,-34,hit_taken
8474613,Derek Stepan,C,NYR,-92,-36,hit_taken
8474613,Derek Stepan,C,NYR,20,-38,hit_taken
8474613,Derek Stepan,C,NYR,-65,-38,hit_taken
8474613,Derek Stepan,C,NYR,-38,-41,hit_taken
8474613,Derek Stepan,C,NYR,78,40,hit_taken
8474613,Derek Stepan,C,NYR,97,8,hit_taken
8474613,Derek Stepan,C,NYR,-56,39,hit_taken
8474613,Derek Stepan,C,NYR,-65,39,hit_taken
8474613,Derek Stepan,C,NYR,-41,38,hit_taken
8474613,Derek Stepan,C,NYR,-53,-40,hit_taken
8474613,Derek Stepan,C,NYR,-93,-35,hit_taken
8474613,Derek Stepan,C,NYR,84,39,hit_taken
8474613,Derek Stepan,C,NYR,95,31,hit_taken
8474613,Derek Stepan,C,NYR,97,-9,hit_taken
8474613,Derek Stepan,C,NYR,-96,26,hit_taken
8474613,Derek Stepan,C,NYR,-62,38,hit_taken
8474613,Derek Stepan,C,NYR,-5,31,hit_taken
8474613,Derek Stepan,C,NYR,14,-39,hit_taken
8474613,Derek Stepan,C,NYR,-85,40,hit_taken
8474613,Derek Stepan,C,NYR,-79,38,hit_taken
8474613,Derek Stepan,C,NYR,96,-13,hit_taken
8474613,Derek Stepan,C,NYR,-85,40,hit_taken
8474613,Derek Stepan,C,NYR,-68,41,hit_taken
8474613,Derek Stepan,C,NYR,28,-41,hit_taken
8474613,Derek Stepan,C,NYR,-99,-12,hit_thrown
8474613,Derek Stepan,C,NYR,97,-22,hit_thrown
8474613,Derek Stepan,C,NYR,-40,-42,hit_thrown
8474613,Derek Stepan,C,NYR,41,-40,hit_thrown
8474613,Derek Stepan,C,NYR,-84,39,hit_thrown
8474613,Derek Stepan,C,NYR,90,-39,hit_thrown
8474613,Derek Stepan,C,NYR,77,41,hit_thrown
8474613,Derek Stepan,C,NYR,-79,-39,hit_thrown
8474613,Derek Stepan,C,NYR,-96,-16,hit_thrown
8474613,Derek Stepan,C,NYR,-96,10,hit_thrown
8474613,Derek Stepan,C,NYR,36,-39,hit_thrown
8474613,Derek Stepan,C,NYR,61,40,hit_thrown
8474613,Derek Stepan,C,NYR,26,-40,hit_thrown
8474613,Derek Stepan,C,NYR,97,10,hit_thrown
8474613,Derek Stepan,C,NYR,-80,7,takeaway_hd
8474613,Derek Stepan,C,NYR,-85,11,takeaway_hd
8474613,Derek Stepan,C,NYR,75,2,takeaway_hd
8474613,Derek Stepan,C,NYR,-8,8,takeaway_other
8474613,Derek Stepan,C,NYR,-35,-37,takeaway_other
8474613,Derek Stepan,C,NYR,-9,38,takeaway_other
8474613,Derek Stepan,C,NYR,28,-21,takeaway_other
8474613,Derek Stepan,C,NYR,65,20,takeaway_other
8474613,Derek Stepan,C,NYR,-32,-24,takeaway_other
8474618,Marco Scandella,D,MIN,76,4,block_hd
8474618,Marco Scandella,D,MIN,-82,-7,block_hd
8474618,Marco Scandella,D,MIN,76,10,block_hd
8474618,Marco Scandella,D,MIN,-73,18,block_hd
8474618,Marco Scandella,D,MIN,73,3,block_hd
8474618,Marco Scandella,D,MIN,68,-7,block_non_hd
8474618,Marco Scandella,D,MIN,38,-19,block_non_hd
8474618,Marco Scandella,D,MIN,48,39,hit_taken
8474618,Marco Scandella,D,MIN,74,-39,hit_taken
8474618,Marco Scandella,D,MIN,-96,22,hit_taken
8474618,Marco Scandella,D,MIN,-42,-40,hit_taken
8474618,Marco Scandella,D,MIN,68,41,hit_taken
8474618,Marco Scandella,D,MIN,-98,-22,hit_taken
8474618,Marco Scandella,D,MIN,99,11,hit_taken
8474618,Marco Scandella,D,MIN,-35,-40,hit_taken
8474618,Marco Scandella,D,MIN,96,-38,hit_taken
8474618,Marco Scandella,D,MIN,-51,-42,hit_taken
8474618,Marco Scandella,D,MIN,-97,16,hit_taken
8474618,Marco Scandella,D,MIN,67,-41,hit_taken
8474618,Marco Scandella,D,MIN,-75,39,hit_taken
8474618,Marco Scandella,D,MIN,-79,40,hit_thrown
8474618,Marco Scandella,D,MIN,-42,36,hit_thrown
8474618,Marco Scandella,D,MIN,97,8,hit_thrown
8474618,Marco Scandella,D,MIN,-78,-38,hit_thrown
8474618,Marco Scandella,D,MIN,-77,-6,hit_thrown
8474618,Marco Scandella,D,MIN,97,-12,hit_thrown
8474618,Marco Scandella,D,MIN,32,-41,hit_thrown
8474618,Marco Scandella,D,MIN,48,-42,hit_thrown
8474618,Marco Scandella,D,MIN,42,-41,hit_thrown
8474618,Marco Scandella,D,MIN,98,19,hit_thrown
8474618,Marco Scandella,D,MIN,97,21,hit_thrown
8474618,Marco Scandella,D,MIN,95,-4,takeaway_hd
8474618,Marco Scandella,D,MIN,32,-32,takeaway_other
8474618,Marco Scandella,D,MIN,-72,39,takeaway_other
8474627,Jori Lehtera,C,STL,-40,26,block_non_hd
8474627,Jori Lehtera,C,STL,-67,12,block_non_hd
8474627,Jori Lehtera,C,STL,-66,5,block_non_hd
8474627,Jori Lehtera,C,STL,39,-25,block_non_hd
8474627,Jori Lehtera,C,STL,67,-12,block_non_hd
8474627,Jori Lehtera,C,STL,81,0,crease_goal
8474627,Jori Lehtera,C,STL,-69,-21,dz_faceoff_win
8474627,Jori Lehtera,C,STL,-85,33,dz_faceoff_win
8474627,Jori Lehtera,C,STL,70,-23,dz_faceoff_win
8474627,Jori Lehtera,C,STL,-68,-21,dz_faceoff_win
8474627,Jori Lehtera,C,STL,70,-22,dz_faceoff_win
8474627,Jori Lehtera,C,STL,-69,20,dz_faceoff_win
8474627,Jori Lehtera,C,STL,-58,-38,hit_taken
8474627,Jori Lehtera,C,STL,68,-18,hit_taken
8474627,Jori Lehtera,C,STL,97,21,hit_taken
8474627,Jori Lehtera,C,STL,74,-42,hit_taken
8474627,Jori Lehtera,C,STL,-75,40,hit_taken
8474627,Jori Lehtera,C,STL,26,41,hit_taken
8474627,Jori Lehtera,C,STL,94,27,hit_taken
8474627,Jori Lehtera,C,STL,-91,38,hit_taken
8474627,Jori Lehtera,C,STL,24,30,hit_taken
8474627,Jori Lehtera,C,STL,72,-40,hit_taken
8474627,Jori Lehtera,C,STL,-92,-38,hit_taken
8474627,Jori Lehtera,C,STL,-81,37,hit_taken
8474627,Jori Lehtera,C,STL,-76,39,hit_taken
8474627,Jori Lehtera,C,STL,-31,-40,hit_taken
8474627,Jori Lehtera,C,STL,15,-39,hit_thrown
8474627,Jori Lehtera,C,STL,-96,-15,hit_thrown
8474627,Jori Lehtera,C,STL,94,-38,hit_thrown
8474627,Jori Lehtera,C,STL,-64,41,hit_thrown
8474627,Jori Lehtera,C,STL,-56,-40,hit_thrown
8474627,Jori Lehtera,C,STL,99,-3,hit_thrown
8474627,Jori Lehtera,C,STL,-78,-41,hit_thrown
8474627,Jori Lehtera,C,STL,-55,38,hit_thrown
8474627,Jori Lehtera,C,STL,5,-35,hit_thrown
8474627,Jori Lehtera,C,STL,45,38,hit_thrown
8474627,Jori Lehtera,C,STL,-46,-39,hit_thrown
8474627,Jori Lehtera,C,STL,-96,-15,hit_thrown
8474627,Jori Lehtera,C,STL,-90,-40,hit_thrown
8474627,Jori Lehtera,C,STL,0,-41,hit_thrown
8474627,Jori Lehtera,C,STL,-95,26,hit_thrown
8474627,Jori Lehtera,C,STL,-33,37,takeaway_other
8474627,Jori Lehtera,C,STL,11,8,takeaway_other
8474628,Michael Stone,D,CGY,-70,1,block_hd
8474628,Michael Stone,D,CGY,-74,-6,block_hd
8474628,Michael Stone,D,CGY,-73,10,block_hd
8474628,Michael Stone,D,CGY,-72,-8,block_hd
8474628,Michael Stone,D,CGY,-72,5,block_hd
8474628,Michael Stone,D,CGY,-71,-1,block_hd
8474628,Michael Stone,D,CGY,-61,4,block_non_hd
8474628,Michael Stone,D,CGY,-64,-14,block_non_hd
8474628,Michael Stone,D,CGY,69,6,block_non_hd
8474628,Michael Stone,D,CGY,69,1,block_non_hd
8474628,Michael Stone,D,CGY,5,40,hit_taken
8474628,Michael Stone,D,CGY,-96,32,hit_taken
8474628,Michael Stone,D,CGY,64,40,hit_taken
8474628,Michael Stone,D,CGY,-97,13,hit_taken
8474628,Michael Stone,D,CGY,6,41,hit_taken
8474628,Michael Stone,D,CGY,97,26,hit_taken
8474628,Michael Stone,D,CGY,34,41,hit_taken
8474628,Michael Stone,D,CGY,-57,-41,hit_taken
8474628,Michael Stone,D,CGY,-94,-12,hit_taken
8474628,Michael Stone,D,CGY,-90,36,hit_taken
8474628,Michael Stone,D,CGY,98,29,hit_thrown
8474628,Michael Stone,D,CGY,-97,23,hit_thrown
8474628,Michael Stone,D,CGY,96,-35,hit_thrown
8474628,Michael Stone,D,CGY,97,6,hit_thrown
8474628,Michael Stone,D,CGY,-97,-4,hit_thrown
8474628,Michael Stone,D,CGY,-93,-38,hit_thrown
8474628,Michael Stone,D,CGY,97,-20,hit_thrown
8474628,Michael Stone,D,CGY,-97,-12,hit_thrown
8474642,Lance Bouma,L,CGY,48,-38,hit_taken
8474642,Lance Bouma,L,CGY,-29,26,hit_taken
8474642,Lance Bouma,L,CGY,10,23,hit_taken
8474642,Lance Bouma,L,CGY,-94,-8,hit_thrown
8474642,Lance Bouma,L,CGY,17,-38,hit_thrown
8474642,Lance Bouma,L,CGY,-60,41,hit_thrown
8474642,Lance Bouma,L,CGY,-17,-39,hit_thrown
8474642,Lance Bouma,L,CGY,97,24,hit_thrown
8474673,TJ Brodie,D,CGY,75,16,block_hd
8474673,TJ Brodie,D,CGY,83,9,block_hd
8474673,TJ Brodie,D,CGY,87,-21,block_non_hd
8474673,TJ Brodie,D,CGY,51,-12,block_non_hd
8474673,TJ Brodie,D,CGY,-68,-2,block_non_hd
8474673,TJ Brodie,D,CGY,53,-42,hit_taken
8474673,TJ Brodie,D,CGY,90,-38,hit_taken
8474673,TJ Brodie,D,CGY,-94,21,hit_taken
8474673,TJ Brodie,D,CGY,-98,25,hit_taken
8474673,TJ Brodie,D,CGY,62,-5,hit_thrown
8474673,TJ Brodie,D,CGY,-85,41,hit_thrown
8474673,TJ Brodie,D,CGY,-51,41,hit_thrown
8474673,TJ Brodie,D,CGY,-67,41,hit_thrown
8474673,TJ Brodie,D,CGY,-97,10,takeaway_hd
8474673,TJ Brodie,D,CGY,58,16,takeaway_other
8474673,TJ Brodie,D,CGY,-58,-18,takeaway_other
8474673,TJ Brodie,D,CGY,38,39,takeaway_other
8474685,Matt Calvert,L,CBJ,78,2,block_hd
8474685,Matt Calvert,L,CBJ,79,0,block_hd
8474685,Matt Calvert,L,CBJ,-48,1,hit_taken
8474685,Matt Calvert,L,CBJ,-6,40,hit_taken
8474685,Matt Calvert,L,CBJ,-60,41,hit_taken
8474685,Matt Calvert,L,CBJ,97,-32,hit_taken
8474685,Matt Calvert,L,CBJ,-97,-3,hit_taken
8474685,Matt Calvert,L,CBJ,-35,38,hit_taken
8474685,Matt Calvert,L,CBJ,-94,-36,hit_thrown
8474685,Matt Calvert,L,CBJ,-97,-30,hit_thrown
8474685,Matt Calvert,L,CBJ,97,33,hit_thrown
8474685,Matt Calvert,L,CBJ,97,-14,hit_thrown
8474685,Matt Calvert,L,CBJ,-92,36,hit_thrown
8474685,Matt Calvert,L,CBJ,-97,7,hit_thrown
8474685,Matt Calvert,L,CBJ,98,18,hit_thrown
8474685,Matt Calvert,L,CBJ,46,-38,hit_thrown
8474685,Matt Calvert,L,CBJ,98,-24,hit_thrown
8474685,Matt Calvert,L,CBJ,-7,29,hit_thrown
8474685,Matt Calvert,L,CBJ,50,-39,hit_thrown
8474685,Matt Calvert,L,CBJ,-9,3,hit_thrown
8474685,Matt Calvert,L,CBJ,-98,-26,hit_thrown
8474697,Mark Borowiecki,D,OTT,-76,-7,block_hd
8474697,Mark Borowiecki,D,OTT,34,37,hit_taken
8474697,Mark Borowiecki,D,OTT,-91,35,hit_taken
8474697,Mark Borowiecki,D,OTT,-5,-37,hit_taken
8474697,Mark Borowiecki,D,OTT,99,29,hit_taken
8474697,Mark Borowiecki,D,OTT,-97,-11,hit_taken
8474697,Mark Borowiecki,D,OTT,5,23,hit_thrown
8474697,Mark Borowiecki,D,OTT,10,39,hit_thrown
8474697,Mark Borowiecki,D,OTT,-16,34,hit_thrown
8474697,Mark Borowiecki,D,OTT,-91,-27,hit_thrown
8474697,Mark Borowiecki,D,OTT,-29,-38,hit_thrown
8474697,Mark Borowiecki,D,OTT,18,-36,hit_thrown
8474697,Mark Borowiecki,D,OTT,-6,32,hit_thrown
8474697,Mark Borowiecki,D,OTT,26,37,hit_thrown
8474709,Matt Martin,L,TOR,-66,29,block_non_hd
8474709,Matt Martin,L,TOR,57,-15,block_non_hd
8474709,Matt Martin,L,TOR,-55,20,block_non_hd
8474709,Matt Martin,L,TOR,97,-24,hit_taken
8474709,Matt Martin,L,TOR,98,3,hit_taken
8474709,Matt Martin,L,TOR,-76,38,hit_taken
8474709,Matt Martin,L,TOR,-63,40,hit_taken
8474709,Matt Martin,L,TOR,-63,41,hit_taken
8474709,Matt Martin,L,TOR,92,37,hit_taken
8474709,Matt Martin,L,TOR,-42,-12,hit_taken
8474709,Matt Martin,L,TOR,-69,39,hit_taken
8474709,Matt Martin,L,TOR,-43,28,hit_taken
8474709,Matt Martin,L,TOR,-35,-38,hit_taken
8474709,Matt Martin,L,TOR,-79,42,hit_taken
8474709,Matt Martin,L,TOR,-19,39,hit_taken
8474709,Matt Martin,L,TOR,54,-38,hit_taken
8474709,Matt Martin,L,TOR,67,38,hit_taken
8474709,Matt Martin,L,TOR,91,31,hit_taken
8474709,Matt Martin,L,TOR,3,-34,hit_thrown
8474709,Matt Martin,L,TOR,73,39,hit_thrown
8474709,Matt Martin,L,TOR,95,17,hit_thrown
8474709,Matt Martin,L,TOR,-93,-31,hit_thrown
8474709,Matt Martin,L,TOR,-8,-34,hit_thrown
8474709,Matt Martin,L,TOR,-15,40,hit_thrown
8474709,Matt Martin,L,TOR,-76,-36,hit_thrown
8474709,Matt Martin,L,TOR,-32,-34,hit_thrown
8474709,Matt Martin,L,TOR,-38,37,hit_thrown
8474709,Matt Martin,L,TOR,-35,-38,hit_thrown
8474709,Matt Martin,L,TOR,61,36,hit_thrown
8474709,Matt Martin,L,TOR,90,-30,hit_thrown
8474709,Matt Martin,L,TOR,-64,38,hit_thrown
8474709,Matt Martin,L,TOR,-65,37,hit_thrown
8474709,Matt Martin,L,TOR,-94,-12,hit_thrown
8474709,Matt Martin,L,TOR,34,-36,hit_thrown
8474709,Matt Martin,L,TOR,91,-30,hit_thrown
8474709,Matt Martin,L,TOR,33,-36,hit_thrown
8474709,Matt Martin,L,TOR,-85,37,hit_thrown
8474709,Matt Martin,L,TOR,-94,-10,hit_thrown
8474709,Matt Martin,L,TOR,-95,-34,hit_thrown
8474709,Matt Martin,L,TOR,-93,-33,hit_thrown
8474709,Matt Martin,L,TOR,48,-40,hit_thrown
8474709,Matt Martin,L,TOR,-94,6,hit_thrown
8474709,Matt Martin,L,TOR,-85,-38,hit_thrown
8474709,Matt Martin,L,TOR,-63,40,hit_thrown
8474709,Matt Martin,L,TOR,96,-9,hit_thrown
8474709,Matt Martin,L,TOR,-35,36,hit_thrown
8474709,Matt Martin,L,TOR,96,-10,hit_thrown
8474709,Matt Martin,L,TOR,-7,42,hit_thrown
8474709,Matt Martin,L,TOR,97,2,hit_thrown
8474709,Matt Martin,L,TOR,95,19,hit_thrown
8474709,Matt Martin,L,TOR,-93,-2,hit_thrown
8474709,Matt Martin,L,TOR,-26,-36,hit_thrown
8474709,Matt Martin,L,TOR,-39,39,hit_thrown
8474709,Matt Martin,L,TOR,-89,-34,hit_thrown
8474709,Matt Martin,L,TOR,-90,35,hit_thrown
8474709,Matt Martin,L,TOR,-35,34,hit_thrown
8474709,Matt Martin,L,TOR,94,-37,hit_thrown
8474709,Matt Martin,L,TOR,-87,-38,hit_thrown
8474709,Matt Martin,L,TOR,81,-38,takeaway_other
8474715,Cam Atkinson,R,CBJ,-75,-4,block_hd
8474715,Cam Atkinson,R,CBJ,34,23,block_non_hd
8474715,Cam Atkinson,R,CBJ,-48,-14,block_non_hd
8474715,Cam Atkinson,R,CBJ,85,-3,crease_goal
8474715,Cam Atkinson,R,CBJ,81,-2,crease_goal
8474715,Cam Atkinson,R,CBJ,-35,-39,hit_taken
8474715,Cam Atkinson,R,CBJ,-35,-40,hit_taken
8474715,Cam Atkinson,R,CBJ,97,-2,hit_taken
8474715,Cam Atkinson,R,CBJ,-33,-24,hit_taken
8474715,Cam Atkinson,R,CBJ,-7,-3,hit_taken
8474715,Cam Atkinson,R,CBJ,97,21,hit_taken
8474715,Cam Atkinson,R,CBJ,86,-39,hit_taken
8474715,Cam Atkinson,R,CBJ,98,-24,hit_thrown
8474715,Cam Atkinson,R,CBJ,-97,26,hit_thrown
8474715,Cam Atkinson,R,CBJ,-97,-35,hit_thrown
8474715,Cam Atkinson,R,CBJ,-94,34,hit_thrown
8474715,Cam Atkinson,R,CBJ,97,18,hit_thrown
8474715,Cam Atkinson,R,CBJ,92,-37,hit_thrown
8474715,Cam Atkinson,R,CBJ,51,-5,takeaway_other
8474715,Cam Atkinson,R,CBJ,80,33,takeaway_other
8474715,Cam Atkinson,R,CBJ,-28,-19,takeaway_other
8474716,Jared Spurgeon,D,MIN,73,9,block_hd
8474716,Jared Spurgeon,D,MIN,79,4,block_hd
8474716,Jared Spurgeon,D,MIN,-83,-4,block_hd
8474716,Jared Spurgeon,D,MIN,-57,16,block_non_hd
8474716,Jared Spurgeon,D,MIN,-70,20,block_non_hd
8474716,Jared Spurgeon,D,MIN,65,3,block_non_hd
8474716,Jared Spurgeon,D,MIN,69,1,block_non_hd
8474716,Jared Spurgeon,D,MIN,54,-2,block_non_hd
8474716,Jared Spurgeon,D,MIN,-63,2,block_non_hd
8474716,Jared Spurgeon,D,MIN,58,8,block_non_hd
8474716,Jared Spurgeon,D,MIN,95,33,hit_taken
8474716,Jared Spurgeon,D,MIN,-80,24,hit_taken
8474716,Jared Spurgeon,D,MIN,95,12,hit_taken
8474716,Jared Spurgeon,D,MIN,-30,38,hit_taken
8474716,Jared Spurgeon,D,MIN,-49,-39,hit_taken
8474716,Jared Spurgeon,D,MIN,44,40,hit_taken
8474716,Jared Spurgeon,D,MIN,96,36,hit_taken
8474716,Jared Spurgeon,D,MIN,-86,-42,hit_taken
8474716,Jared Spurgeon,D,MIN,19,-41,hit_taken
8474716,Jared Spurgeon,D,MIN,-13,-41,hit_taken
8474716,Jared Spurgeon,D,MIN,-90,38,hit_taken
8474716,Jared Spurgeon,D,MIN,-30,36,hit_taken
8474716,Jared Spurgeon,D,MIN,-97,-15,hit_taken
8474716,Jared Spurgeon,D,MIN,2,38,hit_taken
8474716,Jared Spurgeon,D,MIN,54,36,hit_thrown
8474716,Jared Spurgeon,D,MIN,98,-16,hit_thrown
8474716,Jared Spurgeon,D,MIN,-98,25,hit_thrown
8474716,Jared Spurgeon,D,MIN,-93,23,hit_thrown
8474716,Jared Spurgeon,D,MIN,71,-39,hit_thrown
8474716,Jared Spurgeon,D,MIN,-99,-7,hit_thrown
8474716,Jared Spurgeon,D,MIN,95,12,takeaway_hd
8474716,Jared Spurgeon,D,MIN,75,-25,takeaway_other
8474716,Jared Spurgeon,D,MIN,-38,-8,takeaway_other
8474739,Tommy Wingels,C,OTT,39,-8,block_non_hd
8474739,Tommy Wingels,C,OTT,-69,-21,dz_faceoff_win
8474739,Tommy Wingels,C,OTT,-69,22,dz_faceoff_win
8474739,Tommy Wingels,C,OTT,-68,-22,dz_faceoff_win
8474739,Tommy Wingels,C,OTT,98,11,hit_taken
8474739,Tommy Wingels,C,OTT,-6,-36,hit_taken
8474739,Tommy Wingels,C,OTT,96,-18,hit_taken
8474739,Tommy Wingels,C,OTT,-13,-38,hit_taken
8474739,Tommy Wingels,C,OTT,-95,-8,hit_taken
8474739,Tommy Wingels,C,OTT,48,36,hit_taken
8474739,Tommy Wingels,C,OTT,-93,30,hit_taken
8474739,Tommy Wingels,C,OTT,-98,0,hit_taken
8474739,Tommy Wingels,C,OTT,-98,-15,hit_taken
8474739,Tommy Wingels,C,OTT,11,-39,hit_taken
8474739,Tommy Wingels,C,OTT,70,11,hit_taken
8474739,Tommy Wingels,C,OTT,-84,39,hit_taken
8474739,Tommy Wingels,C,OTT,88,23,hit_taken
8474739,Tommy Wingels,C,OTT,-93,-36,hit_taken
8474739,Tommy Wingels,C,OTT,-82,-41,hit_taken
8474739,Tommy Wingels,C,OTT,-97,-4,hit_taken
8474739,Tommy Wingels,C,OTT,39,-21,hit_taken
8474739,Tommy Wingels,C,OTT,2,-40,hit_taken
8474739,Tommy Wingels,C,OTT,76,-39,hit_thrown
8474739,Tommy Wingels,C,OTT,96,20,hit_thrown
8474739,Tommy Wingels,C,OTT,96,30,hit_thrown
8474739,Tommy Wingels,C,OTT,-73,39,hit_thrown
8474739,Tommy Wingels,C,OTT,46,34,hit_thrown
8474739,Tommy Wingels,C,OTT,-10,41,hit_thrown
8474739,Tommy Wingels,C,OTT,95,34,hit_thrown
8474739,Tommy Wingels,C,OTT,76,37,hit_thrown
8474739,Tommy Wingels,C,OTT,-72,-31,hit_thrown
8474739,Tommy Wingels,C,OTT,-97,3,hit_thrown
8474739,Tommy Wingels,C,OTT,68,37,hit_thrown
8474739,Tommy Wingels,C,OTT,35,38,hit_thrown
8474739,Tommy Wingels,C,OTT,35,-31,hit_thrown
8474739,Tommy Wingels,C,OTT,97,-29,hit_thrown
8474739,Tommy Wingels,C,OTT,-93,36,hit_thrown
8474739,Tommy Wingels,C,OTT,48,-40,hit_thrown
8474739,Tommy Wingels,C,OTT,18,39,hit_thrown
8474739,Tommy Wingels,C,OTT,-68,39,hit_thrown
8474739,Tommy Wingels,C,OTT,63,-40,hit_thrown
8474739,Tommy Wingels,C,OTT,-91,-39,hit_thrown
8474739,Tommy Wingels,C,OTT,-55,-40,hit_thrown
8474739,Tommy Wingels,C,OTT,86,39,hit_thrown
8474739,Tommy Wingels,C,OTT,29,41,hit_thrown
8474739,Tommy Wingels,C,OTT,96,-33,hit_thrown
8474739,Tommy Wingels,C,OTT,71,-39,hit_thrown
8474739,Tommy Wingels,C,OTT,-97,-25,hit_thrown
8474739,Tommy Wingels,C,OTT,79,40,hit_thrown
8474739,Tommy Wingels,C,OTT,-93,-35,hit_thrown
8474739,Tommy Wingels,C,OTT,-74,36,takeaway_other
8474739,Tommy Wingels,C,OTT,-50,7,takeaway_other
8474749,Matt Bartkowski,D,CGY,88,-14,block_hd
8474749,Matt Bartkowski,D,CGY,79,10,block_hd
8474749,Matt Bartkowski,D,CGY,-82,-5,block_hd
8474749,Matt Bartkowski,D,CGY,-79,7,block_hd
8474749,Matt Bartkowski,D,CGY,67,10,block_non_hd
8474749,Matt Bartkowski,D,CGY,-37,23,block_non_hd
8474749,Matt Bartkowski,D,CGY,46,-16,block_non_hd
8474749,Matt Bartkowski,D,CGY,92,-11,hit_taken
8474749,Matt Bartkowski,D,CGY,-89,37,hit_taken
8474749,Matt Bartkowski,D,CGY,98,9,hit_taken
8474749,Matt Bartkowski,D,CGY,99,-6,hit_thrown
8474749,Matt Bartkowski,D,CGY,-96,34,hit_thrown
8474749,Matt Bartkowski,D,CGY,-52,-40,hit_thrown
8474749,Matt Bartkowski,D,CGY,98,-6,hit_thrown
8474749,Matt Bartkowski,D,CGY,60,-39,hit_thrown
8474749,Matt Bartkowski,D,CGY,41,-39,hit_thrown
8474749,Matt Bartkowski,D,CGY,45,-40,hit_thrown
8474749,Matt Bartkowski,D,CGY,98,0,hit_thrown
8474749,Matt Bartkowski,D,CGY,33,41,hit_thrown
8474749,Matt Bartkowski,D,CGY,-70,39,hit_thrown
8474749,Matt Bartkowski,D,CGY,-65,41,hit_thrown
8474749,Matt Bartkowski,D,CGY,-43,31,takeaway_other
8474818,Jordie Benn,D,MTL,-76,4,block_hd
8474818,Jordie Benn,D,MTL,-73,17,block_hd
8474818,Jordie Benn,D,MTL,-80,-1,block_hd
8474818,Jordie Benn,D,MTL,70,4,block_hd
8474818,Jordie Benn,D,MTL,71,5,block_hd
8474818,Jordie Benn,D,MTL,-76,4,block_hd
8474818,Jordie Benn,D,MTL,-81,-9,block_hd
8474818,Jordie Benn,D,MTL,50,-10,block_non_hd
8474818,Jordie Benn,D,MTL,14,-37,hit_taken
8474818,Jordie Benn,D,MTL,98,-31,hit_taken
8474818,Jordie Benn,D,MTL,97,28,hit_taken
8474818,Jordie Benn,D,MTL,97,-22,hit_taken
8474818,Jordie Benn,D,MTL,96,-32,hit_taken
8474818,Jordie Benn,D,MTL,42,41,hit_taken
8474818,Jordie Benn,D,MTL,97,-32,hit_taken
8474818,Jordie Benn,D,MTL,4,40,hit_taken
8474818,Jordie Benn,D,MTL,83,-41,hit_taken
8474818,Jordie Benn,D,MTL,-86,40,hit_taken
8474818,Jordie Benn,D,MTL,-95,33,hit_taken
8474818,Jordie Benn,D,MTL,-51,39,hit_taken
8474818,Jordie Benn,D,MTL,85,13,hit_taken
8474818,Jordie Benn,D,MTL,-84,39,hit_taken
8474818,Jordie Benn,D,MTL,-95,-32,hit_taken
8474818,Jordie Benn,D,MTL,-93,-29,hit_taken
8474818,Jordie Benn,D,MTL,-96,22,hit_taken
8474818,Jordie Benn,D,MTL,-90,39,hit_taken
8474818,Jordie Benn,D,MTL,-90,31,hit_taken
8474818,Jordie Benn,D,MTL,83,-42,hit_taken
8474818,Jordie Benn,D,MTL,30,-40,hit_taken
8474818,Jordie Benn,D,MTL,1,-39,hit_thrown
8474818,Jordie Benn,D,MTL,-93,-37,hit_thrown
8474818,Jordie Benn,D,MTL,94,-21,hit_thrown
8474818,Jordie Benn,D,MTL,-34,-1,hit_thrown
8474818,Jordie Benn,D,MTL,-40,40,hit_thrown
8474818,Jordie Benn,D,MTL,98,-9,takeaway_hd
8474818,Jordie Benn,D,MTL,82,8,takeaway_hd
8474818,Jordie Benn,D,MTL,91,-23,takeaway_other
8474818,Jordie Benn,D,MTL,-46,27,takeaway_other
8474884,Mike Hoffman,C,OTT,-86,-8,block_hd
8474884,Mike Hoffman,C,OTT,44,19,block_non_hd
8474884,Mike Hoffman,C,OTT,43,-2,block_non_hd
8474884,Mike Hoffman,C,OTT,-46,-1,block_non_hd
8474884,Mike Hoffman,C,OTT,-45,-2,block_non_hd
8474884,Mike Hoffman,C,OTT,-80,1,crease_goal
8474884,Mike Hoffman,C,OTT,90,8,crease_goal
8474884,Mike Hoffman,C,OTT,-28,39,hit_taken
8474884,Mike Hoffman,C,OTT,-97,8,hit_taken
8474884,Mike Hoffman,C,OTT,80,41,hit_taken
8474884,Mike Hoffman,C,OTT,98,-29,hit_taken
8474884,Mike Hoffman,C,OTT,91,-32,hit_taken
8474884,Mike Hoffman,C,OTT,19,-38,hit_taken
8474884,Mike Hoffman,C,OTT,31,20,hit_taken
8474884,Mike Hoffman,C,OTT,-92,34,hit_taken
8474884,Mike Hoffman,C,OTT,-96,-9,hit_taken
8474884,Mike Hoffman,C,OTT,61,-40,hit_taken
8474884,Mike Hoffman,C,OTT,-19,-38,hit_taken
8474884,Mike Hoffman,C,OTT,47,8,hit_taken
8474884,Mike Hoffman,C,OTT,-61,-3,hit_taken
8474884,Mike Hoffman,C,OTT,99,24,hit_taken
8474884,Mike Hoffman,C,OTT,-43,-40,hit_taken
8474884,Mike Hoffman,C,OTT,82,-41,hit_taken
8474884,Mike Hoffman,C,OTT,-1,-21,hit_taken
8474884,Mike Hoffman,C,OTT,75,40,hit_taken
8474884,Mike Hoffman,C,OTT,-21,-41,hit_taken
8474884,Mike Hoffman,C,OTT,-30,-39,hit_taken
8474884,Mike Hoffman,C,OTT,13,39,hit_taken
8474884,Mike Hoffman,C,OTT,-36,-39,hit_taken
8474884,Mike Hoffman,C,OTT,68,-40,hit_thrown
8474884,Mike Hoffman,C,OTT,98,27,hit_thrown
8474884,Mike Hoffman,C,OTT,-96,-27,hit_thrown
8474884,Mike Hoffman,C,OTT,75,-40,hit_thrown
8474884,Mike Hoffman,C,OTT,15,-40,hit_thrown
8474884,Mike Hoffman,C,OTT,-21,-30,hit_thrown
8474884,Mike Hoffman,C,OTT,-92,-12,hit_thrown
8474884,Mike Hoffman,C,OTT,31,-33,hit_thrown
8474884,Mike Hoffman,C,OTT,-76,36,hit_thrown
8474884,Mike Hoffman,C,OTT,82,-37,hit_thrown
8474884,Mike Hoffman,C,OTT,30,-36,hit_thrown
8474884,Mike Hoffman,C,OTT,97,-23,hit_thrown
8474884,Mike Hoffman,C,OTT,82,-39,hit_thrown
8474884,Mike Hoffman,C,OTT,51,39,hit_thrown
8474884,Mike Hoffman,C,OTT,-77,-37,hit_thrown
8474884,Mike Hoffman,C,OTT,-95,5,hit_thrown
8474884,Mike Hoffman,C,OTT,-77,35,hit_thrown
8474884,Mike Hoffman,C,OTT,-97,19,hit_thrown
8474884,Mike Hoffman,C,OTT,-50,-36,hit_thrown
8474884,Mike Hoffman,C,OTT,89,-40,hit_thrown
8474884,Mike Hoffman,C,OTT,80,-39,hit_thrown
8474884,Mike Hoffman,C,OTT,88,38,hit_thrown
8474884,Mike Hoffman,C,OTT,21,39,hit_thrown
8474884,Mike Hoffman,C,OTT,-40,-35,hit_thrown
8474884,Mike Hoffman,C,OTT,-84,-31,hit_thrown
8474884,Mike Hoffman,C,OTT,-94,-25,hit_thrown
8474884,Mike Hoffman,C,OTT,-96,15,hit_thrown
8474884,Mike Hoffman,C,OTT,-82,-39,hit_thrown
8474884,Mike Hoffman,C,OTT,92,-17,takeaway_hd
8474884,Mike Hoffman,C,OTT,27,-16,takeaway_other
8474884,Mike Hoffman,C,OTT,97,25,takeaway_other
8474884,Mike Hoffman,C,OTT,23,29,takeaway_other
8474884,Mike Hoffman,C,OTT,59,4,takeaway_other
8474884,Mike Hoffman,C,OTT,-93,-24,takeaway_other
8474884,Mike Hoffman,C,OTT,-38,36,takeaway_other
8474884,Mike Hoffman,C,OTT,61,-1,takeaway_other
8475098,Tyler Bozak,C,TOR,-72,11,block_hd
8475098,Tyler Bozak,C,TOR,47,19,block_non_hd
8475098,Tyler Bozak,C,TOR,66,-15,block_non_hd
8475098,Tyler Bozak,C,TOR,-69,21,dz_faceoff_win
8475098,Tyler Bozak,C,TOR,-68,-22,dz_faceoff_win
8475098,Tyler Bozak,C,TOR,-69,-23,dz_faceoff_win
8475098,Tyler Bozak,C,TOR,-69,-22,dz_faceoff_win
8475098,Tyler Bozak,C,TOR,69,-23,dz_faceoff_win
8475098,Tyler Bozak,C,TOR,69,22,dz_faceoff_win
8475098,Tyler Bozak,C,TOR,-68,-23,dz_faceoff_win
8475098,Tyler Bozak,C,TOR,69,-22,dz_faceoff_win
8475098,Tyler Bozak,C,TOR,-68,23,dz_faceoff_win
8475098,Tyler Bozak,C,TOR,70,22,dz_faceoff_win
8475098,Tyler Bozak,C,TOR,-69,-22,dz_faceoff_win
8475098,Tyler Bozak,C,TOR,-68,-23,dz_faceoff_win
8475098,Tyler Bozak,C,TOR,-69,-21,dz_faceoff_win
8475098,Tyler Bozak,C,TOR,70,21,dz_faceoff_win
8475098,Tyler Bozak,C,TOR,-69,-22,dz_faceoff_win
8475098,Tyler Bozak,C,TOR,69,21,dz_faceoff_win
8475098,Tyler Bozak,C,TOR,69,22,dz_faceoff_win
8475098,Tyler Bozak,C,TOR,-68,-21,dz_faceoff_win
8475098,Tyler Bozak,C,TOR,68,-23,dz_faceoff_win
8475098,Tyler Bozak,C,TOR,70,-21,dz_faceoff_win
8475098,Tyler Bozak,C,TOR,-69,-22,dz_faceoff_win
8475098,Tyler Bozak,C,TOR,-69,21,dz_faceoff_win
8475098,Tyler Bozak,C,TOR,-69,21,dz_faceoff_win
8475098,Tyler Bozak,C,TOR,69,23,dz_faceoff_win
8475098,Tyler Bozak,C,TOR,70,22,dz_faceoff_win
8475098,Tyler Bozak,C,TOR,69,21,dz_faceoff_win
8475098,Tyler Bozak,C,TOR,69,22,dz_faceoff_win
8475098,Tyler Bozak,C,TOR,-69,-23,dz_faceoff_win
8475098,Tyler Bozak,C,TOR,69,-21,dz_faceoff_win
8475098,Tyler Bozak,C,TOR,79,37,hit_taken
8475098,Tyler Bozak,C,TOR,-46,-30,hit_taken
8475098,Tyler Bozak,C,TOR,48,35,hit_taken
8475098,Tyler Bozak,C,TOR,-67,-40,hit_taken
8475098,Tyler Bozak,C,TOR,-52,-42,hit_taken
8475098,Tyler Bozak,C,TOR,-84,36,hit_taken
8475098,Tyler Bozak,C,TOR,-50,-38,hit_taken
8475098,Tyler Bozak,C,TOR,37,1,hit_taken
8475098,Tyler Bozak,C,TOR,-61,-40,hit_taken
8475098,Tyler Bozak,C,TOR,85,34,hit_taken
8475098,Tyler Bozak,C,TOR,-60,39,hit_taken
8475098,Tyler Bozak,C,TOR,-23,-36,hit_taken
8475098,Tyler Bozak,C,TOR,-70,-40,hit_thrown
8475098,Tyler Bozak,C,TOR,-91,29,hit_thrown
8475098,Tyler Bozak,C,TOR,96,26,hit_thrown
8475098,Tyler Bozak,C,TOR,71,39,hit_thrown
8475098,Tyler Bozak,C,TOR,-63,34,hit_thrown
8475098,Tyler Bozak,C,TOR,69,-37,hit_thrown
8475098,Tyler Bozak,C,TOR,4,38,hit_thrown
8475098,Tyler Bozak,C,TOR,74,40,hit_thrown
8475098,Tyler Bozak,C,TOR,-94,-6,hit_thrown
8475098,Tyler Bozak,C,TOR,82,37,hit_thrown
8475098,Tyler Bozak,C,TOR,-82,-37,hit_thrown
8475098,Tyler Bozak,C,TOR,-90,-35,hit_thrown
8475098,Tyler Bozak,C,TOR,-91,34,hit_thrown
8475098,Tyler Bozak,C,TOR,-96,-9,hit_thrown
8475098,Tyler Bozak,C,TOR,98,31,hit_thrown
8475098,Tyler Bozak,C,TOR,-62,-38,takeaway_other
8475098,Tyler Bozak,C,TOR,-11,39,takeaway_other
8475149,Marcus Johansson,L,WSH,-34,24,block_non_hd
8475149,Marcus Johansson,L,WSH,-55,27,block_non_hd
8475149,Marcus Johansson,L,WSH,-54,-36,hit_taken
8475149,Marcus Johansson,L,WSH,69,-37,hit_taken
8475149,Marcus Johansson,L,WSH,-82,-37,hit_taken
8475149,Marcus Johansson,L,WSH,77,-39,hit_taken
8475149,Marcus Johansson,L,WSH,-5,-39,hit_taken
8475149,Marcus Johansson,L,WSH,-51,39,hit_taken
8475149,Marcus Johansson,L,WSH,-91,35,hit_taken
8475149,Marcus Johansson,L,WSH,-93,35,hit_taken
8475149,Marcus Johansson,L,WSH,96,-1,hit_taken
8475149,Marcus Johansson,L,WSH,97,-24,hit_taken
8475149,Marcus Johansson,L,WSH,79,38,hit_taken
8475149,Marcus Johansson,L,WSH,89,-32,hit_taken
8475149,Marcus Johansson,L,WSH,97,12,hit_taken
8475149,Marcus Johansson,L,WSH,16,36,hit_taken
8475149,Marcus Johansson,L,WSH,79,-36,hit_taken
8475149,Marcus Johansson,L,WSH,-41,-39,hit_taken
8475149,Marcus Johansson,L,WSH,-72,-40,hit_taken
8475149,Marcus Johansson,L,WSH,79,40,hit_taken
8475149,Marcus Johansson,L,WSH,61,29,hit_taken
8475149,Marcus Johansson,L,WSH,-73,41,hit_taken
8475149,Marcus Johansson,L,WSH,92,-39,hit_taken
8475149,Marcus Johansson,L,WSH,77,-16,hit_taken
8475149,Marcus Johansson,L,WSH,72,-25,hit_taken
8475149,Marcus Johansson,L,WSH,-57,40,hit_taken
8475149,Marcus Johansson,L,WSH,-55,-39,hit_taken
8475149,Marcus Johansson,L,WSH,36,-40,hit_taken
8475149,Marcus Johansson,L,WSH,-88,38,hit_taken
8475149,Marcus Johansson,L,WSH,-95,-8,hit_thrown
8475149,Marcus Johansson,L,WSH,3,-38,hit_thrown
8475149,Marcus Johansson,L,WSH,-56,40,hit_thrown
8475149,Marcus Johansson,L,WSH,-63,41,hit_thrown
8475149,Marcus Johansson,L,WSH,97,9,hit_thrown
8475149,Marcus Johansson,L,WSH,81,38,hit_thrown
8475149,Marcus Johansson,L,WSH,96,9,hit_thrown
8475149,Marcus Johansson,L,WSH,97,-7,hit_thrown
8475149,Marcus Johansson,L,WSH,20,-8,hit_thrown
8475149,Marcus Johansson,L,WSH,94,-32,hit_thrown
8475149,Marcus Johansson,L,WSH,97,-16,hit_thrown
8475149,Marcus Johansson,L,WSH,84,-40,hit_thrown
8475149,Marcus Johansson,L,WSH,31,-36,hit_thrown
8475149,Marcus Johansson,L,WSH,-94,-27,hit_thrown
8475149,Marcus Johansson,L,WSH,-92,-31,hit_thrown
8475149,Marcus Johansson,L,WSH,-93,-38,hit_thrown
8475149,Marcus Johansson,L,WSH,-88,-29,hit_thrown
8475149,Marcus Johansson,L,WSH,-92,31,hit_thrown
8475149,Marcus Johansson,L,WSH,-68,39,hit_thrown
8475149,Marcus Johansson,L,WSH,84,40,hit_thrown
8475149,Marcus Johansson,L,WSH,96,33,hit_thrown
8475149,Marcus Johansson,L,WSH,-54,39,hit_thrown
8475149,Marcus Johansson,L,WSH,-53,-27,hit_thrown
8475149,Marcus Johansson,L,WSH,38,-37,hit_thrown
8475149,Marcus Johansson,L,WSH,97,-15,hit_thrown
8475149,Marcus Johansson,L,WSH,39,1,hit_thrown
8475149,Marcus Johansson,L,WSH,8,40,hit_thrown
8475149,Marcus Johansson,L,WSH,-96,28,hit_thrown
8475149,Marcus Johansson,L,WSH,6,37,hit_thrown
8475149,Marcus Johansson,L,WSH,86,37,takeaway_other
8475149,Marcus Johansson,L,WSH,40,5,takeaway_other
8475149,Marcus Johansson,L,WSH,-31,-24,takeaway_other
8475163,Alex Chiasson,R,CGY,75,-6,block_hd
8475163,Alex Chiasson,R,CGY,74,0,block_hd
8475163,Alex Chiasson,R,CGY,65,3,block_non_hd
8475163,Alex Chiasson,R,CGY,21,41,hit_taken
8475163,Alex Chiasson,R,CGY,20,40,hit_taken
8475163,Alex Chiasson,R,CGY,99,17,hit_taken
8475163,Alex Chiasson,R,CGY,-73,41,hit_taken
8475163,Alex Chiasson,R,CGY,34,37,hit_taken
8475163,Alex Chiasson,R,CGY,47,39,hit_taken
8475163,Alex Chiasson,R,CGY,31,-38,hit_taken
8475163,Alex Chiasson,R,CGY,37,38,hit_taken
8475163,Alex Chiasson,R,CGY,99,1,hit_taken
8475163,Alex Chiasson,R,CGY,90,38,hit_taken
8475163,Alex Chiasson,R,CGY,-98,20,hit_thrown
8475163,Alex Chiasson,R,CGY,86,-40,hit_thrown
8475163,Alex Chiasson,R,CGY,96,-3,hit_thrown
8475163,Alex Chiasson,R,CGY,-88,39,hit_thrown
8475163,Alex Chiasson,R,CGY,58,10,hit_thrown
8475163,Alex Chiasson,R,CGY,80,39,hit_thrown
8475163,Alex Chiasson,R,CGY,83,42,hit_thrown
8475163,Alex Chiasson,R,CGY,-29,40,hit_thrown
8475163,Alex Chiasson,R,CGY,-68,-40,hit_thrown
8475163,Alex Chiasson,R,CGY,93,35,hit_thrown
8475163,Alex Chiasson,R,CGY,97,31,hit_thrown
8475163,Alex Chiasson,R,CGY,-67,40,takeaway_other
8475163,Alex Chiasson,R,CGY,32,30,takeaway_other
8475164,Jakob Silfverberg,R,ANA,37,30,block_non_hd
8475164,Jakob Silfverberg,R,ANA,48,8,block_non_hd
8475164,Jakob Silfverberg,R,ANA,45,8,block_non_hd
8475164,Jakob Silfverberg,R,ANA,46,26,block_non_hd
8475164,Jakob Silfverberg,R,ANA,67,12,block_non_hd
8475164,Jakob Silfverberg,R,ANA,47,13,block_non_hd
8475164,Jakob Silfverberg,R,ANA,-57,-6,block_non_hd
8475164,Jakob Silfverberg,R,ANA,-58,-18,block_non_hd
8475164,Jakob Silfverberg,R,ANA,46,-19,block_non_hd
8475164,Jakob Silfverberg,R,ANA,-69,1,block_non_hd
8475164,Jakob Silfverberg,R,ANA,81,-5,crease_goal
8475164,Jakob Silfverberg,R,ANA,-82,-5,crease_goal
8475164,Jakob Silfverberg,R,ANA,-82,-6,crease_goal
8475164,Jakob Silfverberg,R,ANA,-85,41,hit_taken
8475164,Jakob Silfverberg,R,ANA,13,-20,hit_taken
8475164,Jakob Silfverberg,R,ANA,97,6,hit_taken
8475164,Jakob Silfverberg,R,ANA,-17,-39,hit_taken
8475164,Jakob Silfverberg,R,ANA,98,-24,hit_taken
8475164,Jakob Silfverberg,R,ANA,-91,40,hit_taken
8475164,Jakob Silfverberg,R,ANA,-9,40,hit_taken
8475164,Jakob Silfverberg,R,ANA,-71,39,hit_taken
8475164,Jakob Silfverberg,R,ANA,-83,-40,hit_taken
8475164,Jakob Silfverberg,R,ANA,97,0,hit_taken
8475164,Jakob Silfverberg,R,ANA,5,39,hit_taken
8475164,Jakob Silfverberg,R,ANA,-97,27,hit_taken
8475164,Jakob Silfverberg,R,ANA,-45,-35,hit_taken
8475164,Jakob Silfverberg,R,ANA,-66,-37,hit_taken
8475164,Jakob Silfverberg,R,ANA,-74,-36,hit_taken
8475164,Jakob Silfverberg,R,ANA,-63,36,hit_taken
8475164,Jakob Silfverberg,R,ANA,-11,39,hit_taken
8475164,Jakob Silfverberg,R,ANA,99,15,hit_taken
8475164,Jakob Silfverberg,R,ANA,96,-31,hit_taken
8475164,Jakob Silfverberg,R,ANA,27,28,hit_taken
8475164,Jakob Silfverberg,R,ANA,28,-39,hit_taken
8475164,Jakob Silfverberg,R,ANA,21,-13,hit_taken
8475164,Jakob Silfverberg,R,ANA,-90,38,hit_taken
8475164,Jakob Silfverberg,R,ANA,98,-3,hit_taken
8475164,Jakob Silfverberg,R,ANA,-45,-35,hit_taken
8475164,Jakob Silfverberg,R,ANA,86,-38,hit_taken
8475164,Jakob Silfverberg,R,ANA,-5,37,hit_taken
8475164,Jakob Silfverberg,R,ANA,-33,-31,hit_taken
8475164,Jakob Silfverberg,R,ANA,-59,38,hit_taken
8475164,Jakob Silfverberg,R,ANA,-8,-16,hit_taken
8475164,Jakob Silfverberg,R,ANA,-46,-40,hit_thrown
8475164,Jakob Silfverberg,R,ANA,69,40,hit_thrown
8475164,Jakob Silfverberg,R,ANA,97,-23,hit_thrown
8475164,Jakob Silfverberg,R,ANA,96,30,hit_thrown
8475164,Jakob Silfverberg,R,ANA,51,37,hit_thrown
8475164,Jakob Silfverberg,R,ANA,98,28,hit_thrown
8475164,Jakob Silfverberg,R,ANA,99,-27,hit_thrown
8475164,Jakob Silfverberg,R,ANA,-96,-2,hit_thrown
8475164,Jakob Silfverberg,R,ANA,-15,-36,hit_thrown
8475164,Jakob Silfverberg,R,ANA,-65,-40,hit_thrown
8475164,Jakob Silfverberg,R,ANA,61,39,hit_thrown
8475164,Jakob Silfverberg,R,ANA,94,12,hit_thrown
8475164,Jakob Silfverberg,R,ANA,-94,27,hit_thrown
8475164,Jakob Silfverberg,R,ANA,-97,14,hit_thrown
8475164,Jakob Silfverberg,R,ANA,-97,23,hit_thrown
8475164,Jakob Silfverberg,R,ANA,-93,-25,hit_thrown
8475164,Jakob Silfverberg,R,ANA,-97,3,hit_thrown
8475164,Jakob Silfverberg,R,ANA,92,-39,hit_thrown
8475164,Jakob Silfverberg,R,ANA,-86,15,takeaway_hd
8475164,Jakob Silfverberg,R,ANA,-86,14,takeaway_hd
8475164,Jakob Silfverberg,R,ANA,-97,-17,takeaway_hd
8475164,Jakob Silfverberg,R,ANA,94,30,takeaway_other
8475164,Jakob Silfverberg,R,ANA,15,25,takeaway_other
8475164,Jakob Silfverberg,R,ANA,16,-30,takeaway_other
8475164,Jakob Silfverberg,R,ANA,-36,-35,takeaway_other
8475164,Jakob Silfverberg,R,ANA,-39,-38,takeaway_other
8475164,Jakob Silfverberg,R,ANA,-58,37,takeaway_other
8475164,Jakob Silfverberg,R,ANA,29,-27,takeaway_other
8475164,Jakob Silfverberg,R,ANA,-86,37,takeaway_other
8475164,Jakob Silfverberg,R,ANA,5,-37,takeaway_other
8475164,Jakob Silfverberg,R,ANA,43,24,takeaway_other
8475164,Jakob Silfverberg,R,ANA,15,25,takeaway_other
8475164,Jakob Silfverberg,R,ANA,-2,-5,takeaway_other
8475164,Jakob Silfverberg,R,ANA,-61,12,takeaway_other
8475164,Jakob Silfverberg,R,ANA,-42,-3,takeaway_other
8475164,Jakob Silfverberg,R,ANA,13,-38,takeaway_other
8475164,Jakob Silfverberg,R,ANA,25,7,takeaway_other
8475172,Nazem Kadri,C,TOR,-80,10,block_hd
8475172,Nazem Kadri,C,TOR,71,14,block_hd
8475172,Nazem Kadri,C,TOR,41,-20,block_non_hd
8475172,Nazem Kadri,C,TOR,-61,3,block_non_hd
8475172,Nazem Kadri,C,TOR,-23,-29,block_non_hd
8475172,Nazem Kadri,C,TOR,39,15,block_non_hd
8475172,Nazem Kadri,C,TOR,70,-32,dz_faceoff_win
8475172,Nazem Kadri,C,TOR,-69,21,dz_faceoff_win
8475172,Nazem Kadri,C,TOR,69,-23,dz_faceoff_win
8475172,Nazem Kadri,C,TOR,-69,21,dz_faceoff_win
8475172,Nazem Kadri,C,TOR,-69,-21,dz_faceoff_win
8475172,Nazem Kadri,C,TOR,-68,22,dz_faceoff_win
8475172,Nazem Kadri,C,TOR,70,-22,dz_faceoff_win
8475172,Nazem Kadri,C,TOR,-69,22,dz_faceoff_win
8475172,Nazem Kadri,C,TOR,69,-21,dz_faceoff_win
8475172,Nazem Kadri,C,TOR,69,22,dz_faceoff_win
8475172,Nazem Kadri,C,TOR,-68,-23,dz_faceoff_win
8475172,Nazem Kadri,C,TOR,-69,22,dz_faceoff_win
8475172,Nazem Kadri,C,TOR,-68,21,dz_faceoff_win
8475172,Nazem Kadri,C,TOR,69,-21,dz_faceoff_win
8475172,Nazem Kadri,C,TOR,69,-22,dz_faceoff_win
8475172,Nazem Kadri,C,TOR,69,-22,dz_faceoff_win
8475172,Nazem Kadri,C,TOR,-33,-5,hit_taken
8475172,Nazem Kadri,C,TOR,90,36,hit_taken
8475172,Nazem Kadri,C,TOR,-52,-36,hit_taken
8475172,Nazem Kadri,C,TOR,38,-36,hit_taken
8475172,Nazem Kadri,C,TOR,0,21,hit_taken
8475172,Nazem Kadri,C,TOR,60,40,hit_taken
8475172,Nazem Kadri,C,TOR,-97,7,hit_taken
8475172,Nazem Kadri,C,TOR,-41,-36,hit_taken
8475172,Nazem Kadri,C,TOR,-80,40,hit_taken
8475172,Nazem Kadri,C,TOR,-29,36,hit_taken
8475172,Nazem Kadri,C,TOR,-93,36,hit_taken
8475172,Nazem Kadri,C,TOR,-10,36,hit_taken
8475172,Nazem Kadri,C,TOR,73,-40,hit_taken
8475172,Nazem Kadri,C,TOR,13,36,hit_taken
8475172,Nazem Kadri,C,TOR,-94,34,hit_taken
8475172,Nazem Kadri,C,TOR,-94,-32,hit_taken
8475172,Nazem Kadri,C,TOR,58,38,hit_taken
8475172,Nazem Kadri,C,TOR,6,38,hit_taken
8475172,Nazem Kadri,C,TOR,-58,-38,hit_taken
8475172,Nazem Kadri,C,TOR,-17,35,hit_taken
8475172,Nazem Kadri,C,TOR,-67,-38,hit_taken
8475172,Nazem Kadri,C,TOR,91,40,hit_thrown
8475172,Nazem Kadri,C,TOR,90,-32,hit_thrown
8475172,Nazem Kadri,C,TOR,90,36,hit_thrown
8475172,Nazem Kadri,C,TOR,-84,-35,hit_thrown
8475172,Nazem Kadri,C,TOR,-38,38,hit_thrown
8475172,Nazem Kadri,C,TOR,73,-22,hit_thrown
8475172,Nazem Kadri,C,TOR,-95,-12,hit_thrown
8475172,Nazem Kadri,C,TOR,-16,31,hit_thrown
8475172,Nazem Kadri,C,TOR,-88,35,hit_thrown
8475172,Nazem Kadri,C,TOR,-10,37,hit_thrown
8475172,Nazem Kadri,C,TOR,79,-37,hit_thrown
8475172,Nazem Kadri,C,TOR,-97,-21,hit_thrown
8475172,Nazem Kadri,C,TOR,86,34,hit_thrown
8475172,Nazem Kadri,C,TOR,-94,-34,hit_thrown
8475172,Nazem Kadri,C,TOR,80,38,hit_thrown
8475172,Nazem Kadri,C,TOR,94,-36,hit_thrown
8475172,Nazem Kadri,C,TOR,-63,37,hit_thrown
8475172,Nazem Kadri,C,TOR,94,26,hit_thrown
8475172,Nazem Kadri,C,TOR,-36,37,hit_thrown
8475172,Nazem Kadri,C,TOR,52,-8,takeaway_other
8475175,Magnus Paajarvi,L,STL,-71,0,block_hd
8475175,Magnus Paajarvi,L,STL,42,1,block_non_hd
8475175,Magnus Paajarvi,L,STL,-39,-17,block_non_hd
8475175,Magnus Paajarvi,L,STL,49,24,block_non_hd
8475175,Magnus Paajarvi,L,STL,40,-23,block_non_hd
8475175,Magnus Paajarvi,L,STL,96,-30,hit_taken
8475175,Magnus Paajarvi,L,STL,98,31,hit_taken
8475175,Magnus Paajarvi,L,STL,54,36,hit_taken
8475175,Magnus Paajarvi,L,STL,78,39,hit_taken
8475175,Magnus Paajarvi,L,STL,96,36,hit_taken
8475175,Magnus Paajarvi,L,STL,42,-41,hit_taken
8475175,Magnus Paajarvi,L,STL,-48,40,hit_taken
8475175,Magnus Paajarvi,L,STL,-29,-38,hit_taken
8475175,Magnus Paajarvi,L,STL,-94,6,hit_taken
8475175,Magnus Paajarvi,L,STL,25,-26,hit_taken
8475175,Magnus Paajarvi,L,STL,62,-39,hit_taken
8475175,Magnus Paajarvi,L,STL,99,11,hit_taken
8475175,Magnus Paajarvi,L,STL,-91,-40,hit_taken
8475175,Magnus Paajarvi,L,STL,98,-16,hit_thrown
8475175,Magnus Paajarvi,L,STL,70,40,hit_thrown
8475175,Magnus Paajarvi,L,STL,2,38,hit_thrown
8475175,Magnus Paajarvi,L,STL,77,40,hit_thrown
8475175,Magnus Paajarvi,L,STL,99,-24,hit_thrown
8475175,Magnus Paajarvi,L,STL,-94,31,hit_thrown
8475175,Magnus Paajarvi,L,STL,-90,-35,hit_thrown
8475175,Magnus Paajarvi,L,STL,11,-39,hit_thrown
8475175,Magnus Paajarvi,L,STL,-23,-38,hit_thrown
8475175,Magnus Paajarvi,L,STL,94,-36,hit_thrown
8475175,Magnus Paajarvi,L,STL,-76,-21,takeaway_other
8475176,Ryan Ellis,D,NSH,-82,7,block_hd
8475176,Ryan Ellis,D,NSH,-73,-5,block_hd
8475176,Ryan Ellis,D,NSH,75,1,block_hd
8475176,Ryan Ellis,D,NSH,73,9,block_hd
8475176,Ryan Ellis,D,NSH,78,1,block_hd
8475176,Ryan Ellis,D,NSH,88,-7,block_hd
8475176,Ryan Ellis,D,NSH,74,1,block_hd
8475176,Ryan Ellis,D,NSH,-75,6,block_hd
8475176,Ryan Ellis,D,NSH,-73,-3,block_hd
8475176,Ryan Ellis,D,NSH,75,-8,block_hd
8475176,Ryan Ellis,D,NSH,-71,-5,block_hd
8475176,Ryan Ellis,D,NSH,74,-4,block_hd
8475176,Ryan Ellis,D,NSH,73,1,block_hd
8475176,Ryan Ellis,D,NSH,-73,-6,block_hd
8475176,Ryan Ellis,D,NSH,75,1,block_hd
8475176,Ryan Ellis,D,NSH,70,-10,block_hd
8475176,Ryan Ellis,D,NSH,-75,7,block_hd
8475176,Ryan Ellis,D,NSH,82,-3,block_hd
8475176,Ryan Ellis,D,NSH,-87,-7,block_hd
8475176,Ryan Ellis,D,NSH,-72,-9,block_hd
8475176,Ryan Ellis,D,NSH,70,8,block_hd
8475176,Ryan Ellis,D,NSH,-77,-14,block_hd
8475176,Ryan Ellis,D,NSH,87,-16,block_hd
8475176,Ryan Ellis,D,NSH,79,-7,block_hd
8475176,Ryan Ellis,D,NSH,-74,2,block_hd
8475176,Ryan Ellis,D,NSH,-78,12,block_hd
8475176,Ryan Ellis,D,NSH,-70,2,block_hd
8475176,Ryan Ellis,D,NSH,74,-14,block_hd
8475176,Ryan Ellis,D,NSH,76,2,block_hd
8475176,Ryan Ellis,D,NSH,80,0,block_hd
8475176,Ryan Ellis,D,NSH,-67,-4,block_non_hd
8475176,Ryan Ellis,D,NSH,-49,-15,block_non_hd
8475176,Ryan Ellis,D,NSH,-66,-14,block_non_hd
8475176,Ryan Ellis,D,NSH,-69,-5,block_non_hd
8475176,Ryan Ellis,D,NSH,69,0,block_non_hd
8475176,Ryan Ellis,D,NSH,-68,6,block_non_hd
8475176,Ryan Ellis,D,NSH,-67,2,block_non_hd
8475176,Ryan Ellis,D,NSH,61,2,block_non_hd
8475176,Ryan Ellis,D,NSH,-56,-1,block_non_hd
8475176,Ryan Ellis,D,NSH,54,12,block_non_hd
8475176,Ryan Ellis,D,NSH,65,11,block_non_hd
8475176,Ryan Ellis,D,NSH,-65,12,block_non_hd
8475176,Ryan Ellis,D,NSH,-67,-1,block_non_hd
8475176,Ryan Ellis,D,NSH,-52,-15,block_non_hd
8475176,Ryan Ellis,D,NSH,64,18,block_non_hd
8475176,Ryan Ellis,D,NSH,-58,-31,block_non_hd
8475176,Ryan Ellis,D,NSH,58,-20,block_non_hd
8475176,Ryan Ellis,D,NSH,67,-29,block_non_hd
8475176,Ryan Ellis,D,NSH,-65,-2,block_non_hd
8475176,Ryan Ellis,D,NSH,-73,23,block_non_hd
8475176,Ryan Ellis,D,NSH,-37,-34,block_non_hd
8475176,Ryan Ellis,D,NSH,-92,35,hit_taken
8475176,Ryan Ellis,D,NSH,-93,37,hit_taken
8475176,Ryan Ellis,D,NSH,-58,-39,hit_taken
8475176,Ryan Ellis,D,NSH,39,-32,hit_taken
8475176,Ryan Ellis,D,NSH,97,20,hit_taken
8475176,Ryan Ellis,D,NSH,-52,-12,hit_taken
8475176,Ryan Ellis,D,NSH,-78,-41,hit_taken
8475176,Ryan Ellis,D,NSH,-92,-38,hit_taken
8475176,Ryan Ellis,D,NSH,-66,-39,hit_taken
8475176,Ryan Ellis,D,NSH,-10,31,hit_taken
8475176,Ryan Ellis,D,NSH,95,-12,hit_taken
8475176,Ryan Ellis,D,NSH,-42,-36,hit_taken
8475176,Ryan Ellis,D,NSH,-37,-39,hit_taken
8475176,Ryan Ellis,D,NSH,5,-35,hit_taken
8475176,Ryan Ellis,D,NSH,-90,-35,hit_taken
8475176,Ryan Ellis,D,NSH,97,-21,hit_taken
8475176,Ryan Ellis,D,NSH,-68,39,hit_taken
8475176,Ryan Ellis,D,NSH,-90,-40,hit_taken
8475176,Ryan Ellis,D,NSH,59,40,hit_taken
8475176,Ryan Ellis,D,NSH,94,36,hit_taken
8475176,Ryan Ellis,D,NSH,-94,31,hit_taken
8475176,Ryan Ellis,D,NSH,81,39,hit_taken
8475176,Ryan Ellis,D,NSH,95,28,hit_taken
8475176,Ryan Ellis,D,NSH,-87,40,hit_taken
8475176,Ryan Ellis,D,NSH,75,39,hit_taken
8475176,Ryan Ellis,D,NSH,-97,-36,hit_taken
8475176,Ryan Ellis,D,NSH,-6,37,hit_taken
8475176,Ryan Ellis,D,NSH,-96,1,hit_taken
8475176,Ryan Ellis,D,NSH,46,37,hit_taken
8475176,Ryan Ellis,D,NSH,-93,-24,hit_taken
8475176,Ryan Ellis,D,NSH,-95,19,hit_taken
8475176,Ryan Ellis,D,NSH,30,36,hit_taken
8475176,Ryan Ellis,D,NSH,90,-36,hit_taken
8475176,Ryan Ellis,D,NSH,97,21,hit_taken
8475176,Ryan Ellis,D,NSH,98,20,hit_taken
8475176,Ryan Ellis,D,NSH,-12,-40,hit_taken
8475176,Ryan Ellis,D,NSH,-90,-40,hit_taken
8475176,Ryan Ellis,D,NSH,-94,36,hit_taken
8475176,Ryan Ellis,D,NSH,-41,-39,hit_taken
8475176,Ryan Ellis,D,NSH,-94,-26,hit_taken
8475176,Ryan Ellis,D,NSH,-28,1,hit_taken
8475176,Ryan Ellis,D,NSH,94,-34,hit_taken
8475176,Ryan Ellis,D,NSH,-34,-36,hit_taken
8475176,Ryan Ellis,D,NSH,39,35,hit_taken
8475176,Ryan Ellis,D,NSH,-78,-40,hit_taken
8475176,Ryan Ellis,D,NSH,91,37,hit_thrown
8475176,Ryan Ellis,D,NSH,-96,13,hit_thrown
8475176,Ryan Ellis,D,NSH,-23,-40,hit_thrown
8475176,Ryan Ellis,D,NSH,-97,-16,hit_thrown
8475176,Ryan Ellis,D,NSH,-94,-13,hit_thrown
8475176,Ryan Ellis,D,NSH,-89,-38,hit_thrown
8475176,Ryan Ellis,D,NSH,-60,-41,hit_thrown
8475176,Ryan Ellis,D,NSH,94,-30,hit_thrown
8475176,Ryan Ellis,D,NSH,-97,-23,hit_thrown
8475176,Ryan Ellis,D,NSH,99,-21,hit_thrown
8475176,Ryan Ellis,D,NSH,-84,38,hit_thrown
8475176,Ryan Ellis,D,NSH,-61,38,hit_thrown
8475176,Ryan Ellis,D,NSH,-92,34,hit_thrown
8475176,Ryan Ellis,D,NSH,97,-35,hit_thrown
8475176,Ryan Ellis,D,NSH,21,-13,hit_thrown
8475176,Ryan Ellis,D,NSH,-34,-39,hit_thrown
8475176,Ryan Ellis,D,NSH,98,-3,hit_thrown
8475176,Ryan Ellis,D,NSH,94,-16,hit_thrown
8475176,Ryan Ellis,D,NSH,13,37,hit_thrown
8475176,Ryan Ellis,D,NSH,64,39,hit_thrown
8475176,Ryan Ellis,D,NSH,63,38,hit_thrown
8475176,Ryan Ellis,D,NSH,-41,-26,hit_thrown
8475176,Ryan Ellis,D,NSH,-95,-34,hit_thrown
8475176,Ryan Ellis,D,NSH,72,-40,hit_thrown
8475176,Ryan Ellis,D,NSH,-56,40,hit_thrown
8475176,Ryan Ellis,D,NSH,-94,-32,hit_thrown
8475176,Ryan Ellis,D,NSH,-27,37,hit_thrown
8475176,Ryan Ellis,D,NSH,-94,17,hit_thrown
8475176,Ryan Ellis,D,NSH,-67,-38,hit_thrown
8475176,Ryan Ellis,D,NSH,-94,-10,takeaway_hd
8475176,Ryan Ellis,D,NSH,-87,-12,takeaway_hd
8475176,Ryan Ellis,D,NSH,-33,-14,takeaway_other
8475176,Ryan Ellis,D,NSH,-40,-39,takeaway_other
8475176,Ryan Ellis,D,NSH,35,-37,takeaway_other
8475176,Ryan Ellis,D,NSH,-32,-32,takeaway_other
8475176,Ryan Ellis,D,NSH,-36,16,takeaway_other
8475176,Ryan Ellis,D,NSH,21,24,takeaway_other
8475176,Ryan Ellis,D,NSH,-47,-40,takeaway_other
8475176,Ryan Ellis,D,NSH,12,38,takeaway_other
8475176,Ryan Ellis,D,NSH,-20,-38,takeaway_other
8475176,Ryan Ellis,D,NSH,-18,-6,takeaway_other
8475176,Ryan Ellis,D,NSH,-2,-37,takeaway_other
8475178,Zack Kassian,R,EDM,-40,-14,block_non_hd
8475178,Zack Kassian,R,EDM,-37,-23,block_non_hd
8475178,Zack Kassian,R,EDM,-51,-2,block_non_hd
8475178,Zack Kassian,R,EDM,51,31,block_non_hd
8475178,Zack Kassian,R,EDM,8,-38,hit_taken
8475178,Zack Kassian,R,EDM,-93,29,hit_taken
8475178,Zack Kassian,R,EDM,53,-36,hit_taken
8475178,Zack Kassian,R,EDM,-90,-36,hit_taken
8475178,Zack Kassian,R,EDM,17,-38,hit_taken
8475178,Zack Kassian,R,EDM,96,-15,hit_taken
8475178,Zack Kassian,R,EDM,-39,39,hit_taken
8475178,Zack Kassian,R,EDM,95,-32,hit_taken
8475178,Zack Kassian,R,EDM,20,-40,hit_taken
8475178,Zack Kassian,R,EDM,85,41,hit_taken
8475178,Zack Kassian,R,EDM,-59,39,hit_taken
8475178,Zack Kassian,R,EDM,92,23,hit_taken
8475178,Zack Kassian,R,EDM,-42,-37,hit_taken
8475178,Zack Kassian,R,EDM,-55,-36,hit_taken
8475178,Zack Kassian,R,EDM,56,-34,hit_taken
8475178,Zack Kassian,R,EDM,-51,-38,hit_taken
8475178,Zack Kassian,R,EDM,-7,39,hit_taken
8475178,Zack Kassian,R,EDM,-98,10,hit_taken
8475178,Zack Kassian,R,EDM,-98,-7,hit_taken
8475178,Zack Kassian,R,EDM,-98,9,hit_taken
8475178,Zack Kassian,R,EDM,-6,2,hit_taken
8475178,Zack Kassian,R,EDM,-54,25,hit_taken
8475178,Zack Kassian,R,EDM,96,-5,hit_thrown
8475178,Zack Kassian,R,EDM,39,38,hit_thrown
8475178,Zack Kassian,R,EDM,96,14,hit_thrown
8475178,Zack Kassian,R,EDM,97,-28,hit_thrown
8475178,Zack Kassian,R,EDM,77,18,hit_thrown
8475178,Zack Kassian,R,EDM,89,-39,hit_thrown
8475178,Zack Kassian,R,EDM,8,-38,hit_thrown
8475178,Zack Kassian,R,EDM,5,40,hit_thrown
8475178,Zack Kassian,R,EDM,-53,37,hit_thrown
8475178,Zack Kassian,R,EDM,94,10,hit_thrown
8475178,Zack Kassian,R,EDM,85,40,hit_thrown
8475178,Zack Kassian,R,EDM,99,-25,hit_thrown
8475178,Zack Kassian,R,EDM,-22,-40,hit_thrown
8475178,Zack Kassian,R,EDM,97,20,hit_thrown
8475178,Zack Kassian,R,EDM,12,40,hit_thrown
8475178,Zack Kassian,R,EDM,-3,36,hit_thrown
8475178,Zack Kassian,R,EDM,-4,-36,hit_thrown
8475178,Zack Kassian,R,EDM,-95,34,hit_thrown
8475178,Zack Kassian,R,EDM,98,-6,hit_thrown
8475178,Zack Kassian,R,EDM,23,-39,hit_thrown
8475178,Zack Kassian,R,EDM,15,32,hit_thrown
8475178,Zack Kassian,R,EDM,-34,-33,hit_thrown
8475178,Zack Kassian,R,EDM,98,-26,hit_thrown
8475178,Zack Kassian,R,EDM,51,37,hit_thrown
8475178,Zack Kassian,R,EDM,89,38,hit_thrown
8475178,Zack Kassian,R,EDM,95,0,hit_thrown
8475178,Zack Kassian,R,EDM,-17,-36,hit_thrown
8475178,Zack Kassian,R,EDM,-96,-4,hit_thrown
8475178,Zack Kassian,R,EDM,-66,-37,hit_thrown
8475178,Zack Kassian,R,EDM,-31,-39,hit_thrown
8475178,Zack Kassian,R,EDM,96,-4,takeaway_hd
8475178,Zack Kassian,R,EDM,79,-17,takeaway_hd
8475178,Zack Kassian,R,EDM,-92,28,takeaway_other
8475178,Zack Kassian,R,EDM,54,37,takeaway_other
8475178,Zack Kassian,R,EDM,-9,25,takeaway_other
8475178,Zack Kassian,R,EDM,2,18,takeaway_other
8475178,Zack Kassian,R,EDM,-13,-35,takeaway_other
8475178,Zack Kassian,R,EDM,66,31,takeaway_other
8475178,Zack Kassian,R,EDM,91,34,takeaway_other
8475184,Chris Kreider,C,NYR,71,-7,block_hd
8475184,Chris Kreider,C,NYR,70,12,block_hd
8475184,Chris Kreider,C,NYR,40,-24,block_non_hd
8475184,Chris Kreider,C,NYR,-46,27,block_non_hd
8475184,Chris Kreider,C,NYR,-42,-3,block_non_hd
8475184,Chris Kreider,C,NYR,52,-25,block_non_hd
8475184,Chris Kreider,C,NYR,-80,-2,crease_goal
8475184,Chris Kreider,C,NYR,-82,-6,crease_goal
8475184,Chris Kreider,C,NYR,-81,-40,hit_taken
8475184,Chris Kreider,C,NYR,-71,-38,hit_taken
8475184,Chris Kreider,C,NYR,-93,-32,hit_taken
8475184,Chris Kreider,C,NYR,-91,-38,hit_taken
8475184,Chris Kreider,C,NYR,-98,9,hit_taken
8475184,Chris Kreider,C,NYR,-7,-37,hit_taken
8475184,Chris Kreider,C,NYR,96,2,hit_taken
8475184,Chris Kreider,C,NYR,-95,20,hit_taken
8475184,Chris Kreider,C,NYR,4,38,hit_taken
8475184,Chris Kreider,C,NYR,-96,17,hit_taken
8475184,Chris Kreider,C,NYR,31,-40,hit_taken
8475184,Chris Kreider,C,NYR,69,-40,hit_taken
8475184,Chris Kreider,C,NYR,10,31,hit_taken
8475184,Chris Kreider,C,NYR,-15,29,hit_taken
8475184,Chris Kreider,C,NYR,79,40,hit_thrown
8475184,Chris Kreider,C,NYR,-82,39,hit_thrown
8475184,Chris Kreider,C,NYR,-82,38,hit_thrown
8475184,Chris Kreider,C,NYR,-92,21,hit_thrown
8475184,Chris Kreider,C,NYR,-45,-40,hit_thrown
8475184,Chris Kreider,C,NYR,90,-40,hit_thrown
8475184,Chris Kreider,C,NYR,68,40,hit_thrown
8475184,Chris Kreider,C,NYR,68,32,hit_thrown
8475184,Chris Kreider,C,NYR,-93,-29,hit_thrown
8475184,Chris Kreider,C,NYR,-94,6,hit_thrown
8475184,Chris Kreider,C,NYR,-95,-21,hit_thrown
8475184,Chris Kreider,C,NYR,8,36,hit_thrown
8475184,Chris Kreider,C,NYR,83,-42,hit_thrown
8475184,Chris Kreider,C,NYR,-81,-37,hit_thrown
8475184,Chris Kreider,C,NYR,-69,38,hit_thrown
8475184,Chris Kreider,C,NYR,52,5,hit_thrown
8475184,Chris Kreider,C,NYR,-23,-38,hit_thrown
8475184,Chris Kreider,C,NYR,0,35,hit_thrown
8475184,Chris Kreider,C,NYR,45,-40,hit_thrown
8475184,Chris Kreider,C,NYR,-96,-9,hit_thrown
8475184,Chris Kreider,C,NYR,-75,-40,hit_thrown
8475184,Chris Kreider,C,NYR,98,10,hit_thrown
8475184,Chris Kreider,C,NYR,35,-36,hit_thrown
8475184,Chris Kreider,C,NYR,32,-35,hit_thrown
8475184,Chris Kreider,C,NYR,-11,-36,hit_thrown
8475184,Chris Kreider,C,NYR,-78,38,hit_thrown
8475184,Chris Kreider,C,NYR,-93,-33,hit_thrown
8475184,Chris Kreider,C,NYR,-91,37,hit_thrown
8475184,Chris Kreider,C,NYR,-85,-39,hit_thrown
8475184,Chris Kreider,C,NYR,17,39,hit_thrown
8475184,Chris Kreider,C,NYR,-70,39,hit_thrown
8475184,Chris Kreider,C,NYR,-14,40,hit_thrown
8475184,Chris Kreider,C,NYR,-60,39,hit_thrown
8475184,Chris Kreider,C,NYR,-84,40,hit_thrown
8475184,Chris Kreider,C,NYR,57,-1,takeaway_other
8475184,Chris Kreider,C,NYR,59,9,takeaway_other
8475184,Chris Kreider,C,NYR,16,37,takeaway_other
8475184,Chris Kreider,C,NYR,68,-36,takeaway_other
8475200,Dmitry Orlov,D,WSH,-70,-1,block_hd
8475200,Dmitry Orlov,D,WSH,-74,5,block_hd
8475200,Dmitry Orlov,D,WSH,-71,-17,block_hd
8475200,Dmitry Orlov,D,WSH,-73,-7,block_hd
8475200,Dmitry Orlov,D,WSH,-76,-8,block_hd
8475200,Dmitry Orlov,D,WSH,74,-2,block_hd
8475200,Dmitry Orlov,D,WSH,-74,0,block_hd
8475200,Dmitry Orlov,D,WSH,75,-11,block_hd
8475200,Dmitry Orlov,D,WSH,74,30,block_non_hd
8475200,Dmitry Orlov,D,WSH,-66,25,block_non_hd
8475200,Dmitry Orlov,D,WSH,-84,23,block_non_hd
8475200,Dmitry Orlov,D,WSH,65,-1,block_non_hd
8475200,Dmitry Orlov,D,WSH,-66,14,block_non_hd
8475200,Dmitry Orlov,D,WSH,61,2,block_non_hd
8475200,Dmitry Orlov,D,WSH,-78,27,block_non_hd
8475200,Dmitry Orlov,D,WSH,-69,20,block_non_hd
8475200,Dmitry Orlov,D,WSH,67,1,block_non_hd
8475200,Dmitry Orlov,D,WSH,65,-7,block_non_hd
8475200,Dmitry Orlov,D,WSH,82,-21,block_non_hd
8475200,Dmitry Orlov,D,WSH,58,16,block_non_hd
8475200,Dmitry Orlov,D,WSH,-5,-40,hit_taken
8475200,Dmitry Orlov,D,WSH,90,39,hit_taken
8475200,Dmitry Orlov,D,WSH,-4,29,hit_taken
8475200,Dmitry Orlov,D,WSH,5,-34,hit_taken
8475200,Dmitry Orlov,D,WSH,94,34,hit_taken
8475200,Dmitry Orlov,D,WSH,-63,-37,hit_taken
8475200,Dmitry Orlov,D,WSH,34,-36,hit_taken
8475200,Dmitry Orlov,D,WSH,96,13,hit_taken
8475200,Dmitry Orlov,D,WSH,-67,36,hit_taken
8475200,Dmitry Orlov,D,WSH,-13,39,hit_taken
8475200,Dmitry Orlov,D,WSH,56,38,hit_taken
8475200,Dmitry Orlov,D,WSH,-23,38,hit_taken
8475200,Dmitry Orlov,D,WSH,95,32,hit_taken
8475200,Dmitry Orlov,D,WSH,-91,19,hit_taken
8475200,Dmitry Orlov,D,WSH,94,21,hit_taken
8475200,Dmitry Orlov,D,WSH,95,21,hit_taken
8475200,Dmitry Orlov,D,WSH,-93,30,hit_taken
8475200,Dmitry Orlov,D,WSH,-97,3,hit_taken
8475200,Dmitry Orlov,D,WSH,86,-38,hit_taken
8475200,Dmitry Orlov,D,WSH,97,30,hit_taken
8475200,Dmitry Orlov,D,WSH,-96,29,hit_taken
8475200,Dmitry Orlov,D,WSH,-23,38,hit_taken
8475200,Dmitry Orlov,D,WSH,-97,16,hit_taken
8475200,Dmitry Orlov,D,WSH,96,-36,hit_taken
8475200,Dmitry Orlov,D,WSH,-5,40,hit_taken
8475200,Dmitry Orlov,D,WSH,-87,40,hit_taken
8475200,Dmitry Orlov,D,WSH,57,38,hit_taken
8475200,Dmitry Orlov,D,WSH,4,-32,hit_thrown
8475200,Dmitry Orlov,D,WSH,-69,41,hit_thrown
8475200,Dmitry Orlov,D,WSH,-90,-35,hit_thrown
8475200,Dmitry Orlov,D,WSH,90,36,hit_thrown
8475200,Dmitry Orlov,D,WSH,95,-15,hit_thrown
8475200,Dmitry Orlov,D,WSH,-94,21,hit_thrown
8475200,Dmitry Orlov,D,WSH,95,-35,hit_thrown
8475200,Dmitry Orlov,D,WSH,87,-35,hit_thrown
8475200,Dmitry Orlov,D,WSH,-51,20,hit_thrown
8475200,Dmitry Orlov,D,WSH,-33,-1,hit_thrown
8475200,Dmitry Orlov,D,WSH,-97,21,hit_thrown
8475200,Dmitry Orlov,D,WSH,85,34,hit_thrown
8475200,Dmitry Orlov,D,WSH,91,31,hit_thrown
8475200,Dmitry Orlov,D,WSH,-43,-36,hit_thrown
8475200,Dmitry Orlov,D,WSH,99,-4,hit_thrown
8475200,Dmitry Orlov,D,WSH,-11,41,hit_thrown
8475200,Dmitry Orlov,D,WSH,-34,36,hit_thrown
8475200,Dmitry Orlov,D,WSH,-97,-12,hit_thrown
8475200,Dmitry Orlov,D,WSH,-47,40,hit_thrown
8475200,Dmitry Orlov,D,WSH,10,-39,hit_thrown
8475200,Dmitry Orlov,D,WSH,-98,24,hit_thrown
8475200,Dmitry Orlov,D,WSH,97,34,hit_thrown
8475200,Dmitry Orlov,D,WSH,78,38,hit_thrown
8475200,Dmitry Orlov,D,WSH,-14,8,hit_thrown
8475200,Dmitry Orlov,D,WSH,-16,-41,hit_thrown
8475200,Dmitry Orlov,D,WSH,53,4,hit_thrown
8475200,Dmitry Orlov,D,WSH,-95,13,takeaway_hd
8475200,Dmitry Orlov,D,WSH,-96,6,takeaway_hd
8475200,Dmitry Orlov,D,WSH,66,38,takeaway_other
8475200,Dmitry Orlov,D,WSH,-36,-22,takeaway_other
8475200,Dmitry Orlov,D,WSH,15,3,takeaway_other
8475200,Dmitry Orlov,D,WSH,46,3,takeaway_other
8475200,Dmitry Orlov,D,WSH,5,17,takeaway_other
8475200,Dmitry Orlov,D,WSH,76,-36,takeaway_other
8475200,Dmitry Orlov,D,WSH,49,-31,takeaway_other
8475200,Dmitry Orlov,D,WSH,49,-37,takeaway_other
8475200,Dmitry Orlov,D,WSH,83,36,takeaway_other
8475208,Brian Dumoulin,D,PIT,-75,0,block_hd
8475208,Brian Dumoulin,D,PIT,-78,5,block_hd
8475208,Brian Dumoulin,D,PIT,73,12,block_hd
8475208,Brian Dumoulin,D,PIT,-81,17,block_hd
8475208,Brian Dumoulin,D,PIT,84,-6,block_hd
8475208,Brian Dumoulin,D,PIT,78,3,block_hd
8475208,Brian Dumoulin,D,PIT,78,5,block_hd
8475208,Brian Dumoulin,D,PIT,71,-10,block_hd
8475208,Brian Dumoulin,D,PIT,70,5,block_hd
8475208,Brian Dumoulin,D,PIT,82,17,block_hd
8475208,Brian Dumoulin,D,PIT,70,-8,block_hd
8475208,Brian Dumoulin,D,PIT,-75,10,block_hd
8475208,Brian Dumoulin,D,PIT,-72,6,block_hd
8475208,Brian Dumoulin,D,PIT,73,6,block_hd
8475208,Brian Dumoulin,D,PIT,78,-7,block_hd
8475208,Brian Dumoulin,D,PIT,75,14,block_hd
8475208,Brian Dumoulin,D,PIT,85,3,block_hd
8475208,Brian Dumoulin,D,PIT,71,-14,block_hd
8475208,Brian Dumoulin,D,PIT,-79,-4,block_hd
8475208,Brian Dumoulin,D,PIT,73,-9,block_hd
8475208,Brian Dumoulin,D,PIT,79,6,block_hd
8475208,Brian Dumoulin,D,PIT,81,10,block_hd
8475208,Brian Dumoulin,D,PIT,-68,13,block_non_hd
8475208,Brian Dumoulin,D,PIT,-48,23,block_non_hd
8475208,Brian Dumoulin,D,PIT,79,20,block_non_hd
8475208,Brian Dumoulin,D,PIT,-58,18,block_non_hd
8475208,Brian Dumoulin,D,PIT,69,0,block_non_hd
8475208,Brian Dumoulin,D,PIT,67,20,block_non_hd
8475208,Brian Dumoulin,D,PIT,-58,4,block_non_hd
8475208,Brian Dumoulin,D,PIT,66,-19,block_non_hd
8475208,Brian Dumoulin,D,PIT,-61,-3,block_non_hd
8475208,Brian Dumoulin,D,PIT,-75,20,block_non_hd
8475208,Brian Dumoulin,D,PIT,55,11,block_non_hd
8475208,Brian Dumoulin,D,PIT,-62,-7,block_non_hd
8475208,Brian Dumoulin,D,PIT,68,2,block_non_hd
8475208,Brian Dumoulin,D,PIT,61,21,block_non_hd
8475208,Brian Dumoulin,D,PIT,-57,17,block_non_hd
8475208,Brian Dumoulin,D,PIT,66,10,block_non_hd
8475208,Brian Dumoulin,D,PIT,59,-20,block_non_hd
8475208,Brian Dumoulin,D,PIT,58,-13,block_non_hd
8475208,Brian Dumoulin,D,PIT,71,-23,block_non_hd
8475208,Brian Dumoulin,D,PIT,-64,11,block_non_hd
8475208,Brian Dumoulin,D,PIT,-75,25,block_non_hd
8475208,Brian Dumoulin,D,PIT,-64,0,block_non_hd
8475208,Brian Dumoulin,D,PIT,-62,16,block_non_hd
8475208,Brian Dumoulin,D,PIT,54,-2,block_non_hd
8475208,Brian Dumoulin,D,PIT,40,-13,block_non_hd
8475208,Brian Dumoulin,D,PIT,65,-29,block_non_hd
8475208,Brian Dumoulin,D,PIT,-97,-18,hit_taken
8475208,Brian Dumoulin,D,PIT,-97,-30,hit_taken
8475208,Brian Dumoulin,D,PIT,-90,-27,hit_taken
8475208,Brian Dumoulin,D,PIT,-71,-40,hit_taken
8475208,Brian Dumoulin,D,PIT,98,-24,hit_taken
8475208,Brian Dumoulin,D,PIT,75,-39,hit_taken
8475208,Brian Dumoulin,D,PIT,79,40,hit_taken
8475208,Brian Dumoulin,D,PIT,-98,-1,hit_taken
8475208,Brian Dumoulin,D,PIT,-96,-31,hit_taken
8475208,Brian Dumoulin,D,PIT,-97,-35,hit_taken
8475208,Brian Dumoulin,D,PIT,-91,-37,hit_taken
8475208,Brian Dumoulin,D,PIT,-70,40,hit_taken
8475208,Brian Dumoulin,D,PIT,73,40,hit_taken
8475208,Brian Dumoulin,D,PIT,98,-24,hit_taken
8475208,Brian Dumoulin,D,PIT,96,-34,hit_taken
8475208,Brian Dumoulin,D,PIT,97,-34,hit_taken
8475208,Brian Dumoulin,D,PIT,-80,41,hit_taken
8475208,Brian Dumoulin,D,PIT,99,-12,hit_taken
8475208,Brian Dumoulin,D,PIT,97,5,hit_taken
8475208,Brian Dumoulin,D,PIT,96,30,hit_taken
8475208,Brian Dumoulin,D,PIT,91,-29,hit_taken
8475208,Brian Dumoulin,D,PIT,-95,-14,hit_taken
8475208,Brian Dumoulin,D,PIT,-95,22,hit_taken
8475208,Brian Dumoulin,D,PIT,16,-36,hit_taken
8475208,Brian Dumoulin,D,PIT,-96,-25,hit_taken
8475208,Brian Dumoulin,D,PIT,-97,13,hit_taken
8475208,Brian Dumoulin,D,PIT,98,7,hit_taken
8475208,Brian Dumoulin,D,PIT,-98,18,hit_taken
8475208,Brian Dumoulin,D,PIT,86,39,hit_taken
8475208,Brian Dumoulin,D,PIT,-97,10,hit_taken
8475208,Brian Dumoulin,D,PIT,96,29,hit_taken
8475208,Brian Dumoulin,D,PIT,81,38,hit_taken
8475208,Brian Dumoulin,D,PIT,-67,41,hit_taken
8475208,Brian Dumoulin,D,PIT,85,40,hit_taken
8475208,Brian Dumoulin,D,PIT,-95,33,hit_taken
8475208,Brian Dumoulin,D,PIT,-96,11,hit_taken
8475208,Brian Dumoulin,D,PIT,-93,-10,hit_taken
8475208,Brian Dumoulin,D,PIT,-95,-12,hit_taken
8475208,Brian Dumoulin,D,PIT,85,-39,hit_taken
8475208,Brian Dumoulin,D,PIT,-98,-25,hit_taken
8475208,Brian Dumoulin,D,PIT,28,40,hit_taken
8475208,Brian Dumoulin,D,PIT,57,39,hit_taken
8475208,Brian Dumoulin,D,PIT,85,40,hit_taken
8475208,Brian Dumoulin,D,PIT,48,-40,hit_taken
8475208,Brian Dumoulin,D,PIT,99,32,hit_taken
8475208,Brian Dumoulin,D,PIT,22,40,hit_taken
8475208,Brian Dumoulin,D,PIT,88,-42,hit_taken
8475208,Brian Dumoulin,D,PIT,89,-40,hit_taken
8475208,Brian Dumoulin,D,PIT,95,-35,hit_taken
8475208,Brian Dumoulin,D,PIT,88,-40,hit_taken
8475208,Brian Dumoulin,D,PIT,12,40,hit_taken
8475208,Brian Dumoulin,D,PIT,97,3,hit_taken
8475208,Brian Dumoulin,D,PIT,-97,6,hit_taken
8475208,Brian Dumoulin,D,PIT,-93,36,hit_taken
8475208,Brian Dumoulin,D,PIT,97,30,hit_taken
8475208,Brian Dumoulin,D,PIT,-97,8,hit_taken
8475208,Brian Dumoulin,D,PIT,-96,-12,hit_taken
8475208,Brian Dumoulin,D,PIT,-60,39,hit_taken
8475208,Brian Dumoulin,D,PIT,72,-37,hit_taken
8475208,Brian Dumoulin,D,PIT,-82,-39,hit_taken
8475208,Brian Dumoulin,D,PIT,24,40,hit_taken
8475208,Brian Dumoulin,D,PIT,-91,38,hit_taken
8475208,Brian Dumoulin,D,PIT,-96,-19,hit_taken
8475208,Brian Dumoulin,D,PIT,88,40,hit_taken
8475208,Brian Dumoulin,D,PIT,-97,-18,hit_taken
8475208,Brian Dumoulin,D,PIT,-81,40,hit_taken
8475208,Brian Dumoulin,D,PIT,-98,12,hit_taken
8475208,Brian Dumoulin,D,PIT,-94,35,hit_taken
8475208,Brian Dumoulin,D,PIT,74,40,hit_taken
8475208,Brian Dumoulin,D,PIT,-39,41,hit_taken
8475208,Brian Dumoulin,D,PIT,97,28,hit_taken
8475208,Brian Dumoulin,D,PIT,58,-37,hit_taken
8475208,Brian Dumoulin,D,PIT,-60,-36,hit_taken
8475208,Brian Dumoulin,D,PIT,-46,36,hit_taken
8475208,Brian Dumoulin,D,PIT,-31,31,hit_taken
8475208,Brian Dumoulin,D,PIT,82,-38,hit_taken
8475208,Brian Dumoulin,D,PIT,-98,1,hit_taken
8475208,Brian Dumoulin,D,PIT,-46,-39,hit_taken
8475208,Brian Dumoulin,D,PIT,-14,-38,hit_taken
8475208,Brian Dumoulin,D,PIT,1,-38,hit_taken
8475208,Brian Dumoulin,D,PIT,-86,-39,hit_thrown
8475208,Brian Dumoulin,D,PIT,-40,-4,hit_thrown
8475208,Brian Dumoulin,D,PIT,-96,12,hit_thrown
8475208,Brian Dumoulin,D,PIT,-97,1,hit_thrown
8475208,Brian Dumoulin,D,PIT,56,41,hit_thrown
8475208,Brian Dumoulin,D,PIT,72,40,hit_thrown
8475208,Brian Dumoulin,D,PIT,-31,-35,hit_thrown
8475208,Brian Dumoulin,D,PIT,86,-39,hit_thrown
8475208,Brian Dumoulin,D,PIT,97,5,hit_thrown
8475208,Brian Dumoulin,D,PIT,-97,21,hit_thrown
8475208,Brian Dumoulin,D,PIT,-94,-30,hit_thrown
8475208,Brian Dumoulin,D,PIT,-85,39,hit_thrown
8475208,Brian Dumoulin,D,PIT,-61,-41,hit_thrown
8475208,Brian Dumoulin,D,PIT,-97,21,hit_thrown
8475208,Brian Dumoulin,D,PIT,61,29,hit_thrown
8475208,Brian Dumoulin,D,PIT,99,24,hit_thrown
8475208,Brian Dumoulin,D,PIT,-90,-39,hit_thrown
8475208,Brian Dumoulin,D,PIT,-91,34,hit_thrown
8475208,Brian Dumoulin,D,PIT,-53,34,hit_thrown
8475208,Brian Dumoulin,D,PIT,-81,40,hit_thrown
8475208,Brian Dumoulin,D,PIT,97,-7,hit_thrown
8475208,Brian Dumoulin,D,PIT,38,30,hit_thrown
8475208,Brian Dumoulin,D,PIT,-47,37,hit_thrown
8475208,Brian Dumoulin,D,PIT,-78,40,hit_thrown
8475208,Brian Dumoulin,D,PIT,97,-9,hit_thrown
8475208,Brian Dumoulin,D,PIT,-40,-5,hit_thrown
8475208,Brian Dumoulin,D,PIT,63,-40,hit_thrown
8475208,Brian Dumoulin,D,PIT,35,18,hit_thrown
8475208,Brian Dumoulin,D,PIT,-93,-26,hit_thrown
8475208,Brian Dumoulin,D,PIT,17,33,hit_thrown
8475208,Brian Dumoulin,D,PIT,-18,38,hit_thrown
8475208,Brian Dumoulin,D,PIT,82,40,hit_thrown
8475208,Brian Dumoulin,D,PIT,62,-34,hit_thrown
8475208,Brian Dumoulin,D,PIT,16,-38,hit_thrown
8475208,Brian Dumoulin,D,PIT,82,5,hit_thrown
8475208,Brian Dumoulin,D,PIT,-93,36,hit_thrown
8475208,Brian Dumoulin,D,PIT,94,34,hit_thrown
8475208,Brian Dumoulin,D,PIT,36,32,hit_thrown
8475208,Brian Dumoulin,D,PIT,94,27,hit_thrown
8475208,Brian Dumoulin,D,PIT,-97,25,hit_thrown
8475208,Brian Dumoulin,D,PIT,-72,39,hit_thrown
8475208,Brian Dumoulin,D,PIT,24,-40,hit_thrown
8475208,Brian Dumoulin,D,PIT,-40,-36,hit_thrown
8475208,Brian Dumoulin,D,PIT,-67,32,takeaway_other
8475208,Brian Dumoulin,D,PIT,-50,13,takeaway_other
8475208,Brian Dumoulin,D,PIT,44,-38,takeaway_other
8475208,Brian Dumoulin,D,PIT,11,-3,takeaway_other
8475208,Brian Dumoulin,D,PIT,31,-11,takeaway_other
8475208,Brian Dumoulin,D,PIT,65,-13,takeaway_other
8475208,Brian Dumoulin,D,PIT,-43,-37,takeaway_other
8475208,Brian Dumoulin,D,PIT,35,39,takeaway_other
8475209,Richard Panik,R,CHI,-75,-8,block_hd
8475209,Richard Panik,R,CHI,42,1,block_non_hd
8475209,Richard Panik,R,CHI,62,17,block_non_hd
8475209,Richard Panik,R,CHI,49,38,hit_taken
8475209,Richard Panik,R,CHI,-37,-36,hit_taken
8475209,Richard Panik,R,CHI,82,-37,hit_taken
8475209,Richard Panik,R,CHI,91,37,hit_taken
8475209,Richard Panik,R,CHI,48,37,hit_taken
8475209,Richard Panik,R,CHI,65,39,hit_taken
8475209,Richard Panik,R,CHI,-94,-17,hit_taken
8475209,Richard Panik,R,CHI,60,-39,hit_taken
8475209,Richard Panik,R,CHI,-95,21,hit_taken
8475209,Richard Panik,R,CHI,-45,-38,hit_taken
8475209,Richard Panik,R,CHI,-20,28,hit_taken
8475209,Richard Panik,R,CHI,-91,11,hit_taken
8475209,Richard Panik,R,CHI,66,37,hit_taken
8475209,Richard Panik,R,CHI,-31,6,hit_taken
8475209,Richard Panik,R,CHI,-29,38,hit_taken
8475209,Richard Panik,R,CHI,-55,-40,hit_thrown
8475209,Richard Panik,R,CHI,-73,39,hit_thrown
8475209,Richard Panik,R,CHI,-72,39,hit_thrown
8475209,Richard Panik,R,CHI,50,39,hit_thrown
8475209,Richard Panik,R,CHI,24,-36,hit_thrown
8475209,Richard Panik,R,CHI,-40,40,hit_thrown
8475209,Richard Panik,R,CHI,52,39,hit_thrown
8475209,Richard Panik,R,CHI,51,-36,hit_thrown
8475209,Richard Panik,R,CHI,-54,-37,hit_thrown
8475209,Richard Panik,R,CHI,5,-38,hit_thrown
8475209,Richard Panik,R,CHI,20,40,hit_thrown
8475209,Richard Panik,R,CHI,-98,17,hit_thrown
8475209,Richard Panik,R,CHI,-43,37,hit_thrown
8475209,Richard Panik,R,CHI,-96,-2,hit_thrown
8475209,Richard Panik,R,CHI,40,36,hit_thrown
8475218,Mattias Ekholm,D,NSH,79,-12,block_hd
8475218,Mattias Ekholm,D,NSH,70,7,block_hd
8475218,Mattias Ekholm,D,NSH,-78,5,block_hd
8475218,Mattias Ekholm,D,NSH,83,16,block_hd
8475218,Mattias Ekholm,D,NSH,-87,16,block_hd
8475218,Mattias Ekholm,D,NSH,80,-5,block_hd
8475218,Mattias Ekholm,D,NSH,76,4,block_hd
8475218,Mattias Ekholm,D,NSH,76,-33,block_non_hd
8475218,Mattias Ekholm,D,NSH,41,3,block_non_hd
8475218,Mattias Ekholm,D,NSH,-59,16,block_non_hd
8475218,Mattias Ekholm,D,NSH,-60,6,block_non_hd
8475218,Mattias Ekholm,D,NSH,-69,3,block_non_hd
8475218,Mattias Ekholm,D,NSH,77,-23,block_non_hd
8475218,Mattias Ekholm,D,NSH,66,4,block_non_hd
8475218,Mattias Ekholm,D,NSH,-64,23,block_non_hd
8475218,Mattias Ekholm,D,NSH,-57,3,block_non_hd
8475218,Mattias Ekholm,D,NSH,-61,9,block_non_hd
8475218,Mattias Ekholm,D,NSH,-61,0,block_non_hd
8475218,Mattias Ekholm,D,NSH,56,-10,block_non_hd
8475218,Mattias Ekholm,D,NSH,43,-9,block_non_hd
8475218,Mattias Ekholm,D,NSH,64,-21,block_non_hd
8475218,Mattias Ekholm,D,NSH,-47,39,hit_taken
8475218,Mattias Ekholm,D,NSH,-94,13,hit_taken
8475218,Mattias Ekholm,D,NSH,-9,39,hit_taken
8475218,Mattias Ekholm,D,NSH,51,-36,hit_taken
8475218,Mattias Ekholm,D,NSH,-93,28,hit_taken
8475218,Mattias Ekholm,D,NSH,76,-38,hit_taken
8475218,Mattias Ekholm,D,NSH,90,-38,hit_taken
8475218,Mattias Ekholm,D,NSH,40,37,hit_taken
8475218,Mattias Ekholm,D,NSH,-95,21,hit_taken
8475218,Mattias Ekholm,D,NSH,5,35,hit_taken
8475218,Mattias Ekholm,D,NSH,-94,31,hit_taken
8475218,Mattias Ekholm,D,NSH,-46,-39,hit_taken
8475218,Mattias Ekholm,D,NSH,-57,-38,hit_taken
8475218,Mattias Ekholm,D,NSH,-57,-40,hit_taken
8475218,Mattias Ekholm,D,NSH,94,34,hit_taken
8475218,Mattias Ekholm,D,NSH,98,-27,hit_taken
8475218,Mattias Ekholm,D,NSH,99,13,hit_taken
8475218,Mattias Ekholm,D,NSH,94,-36,hit_taken
8475218,Mattias Ekholm,D,NSH,-96,26,hit_taken
8475218,Mattias Ekholm,D,NSH,-96,24,hit_taken
8475218,Mattias Ekholm,D,NSH,-95,-24,hit_taken
8475218,Mattias Ekholm,D,NSH,58,-39,hit_taken
8475218,Mattias Ekholm,D,NSH,-95,-26,hit_taken
8475218,Mattias Ekholm,D,NSH,95,-30,hit_taken
8475218,Mattias Ekholm,D,NSH,-93,-25,hit_taken
8475218,Mattias Ekholm,D,NSH,-31,38,hit_taken
8475218,Mattias Ekholm,D,NSH,93,33,hit_taken
8475218,Mattias Ekholm,D,NSH,47,-38,hit_taken
8475218,Mattias Ekholm,D,NSH,95,13,hit_taken
8475218,Mattias Ekholm,D,NSH,-97,3,hit_taken
8475218,Mattias Ekholm,D,NSH,92,-39,hit_taken
8475218,Mattias Ekholm,D,NSH,12,-40,hit_taken
8475218,Mattias Ekholm,D,NSH,54,-38,hit_taken
8475218,Mattias Ekholm,D,NSH,95,-7,hit_taken
8475218,Mattias Ekholm,D,NSH,-96,25,hit_taken
8475218,Mattias Ekholm,D,NSH,-97,-31,hit_taken
8475218,Mattias Ekholm,D,NSH,48,40,hit_taken
8475218,Mattias Ekholm,D,NSH,-66,15,hit_taken
8475218,Mattias Ekholm,D,NSH,94,-35,hit_taken
8475218,Mattias Ekholm,D,NSH,98,17,hit_taken
8475218,Mattias Ekholm,D,NSH,-93,32,hit_taken
8475218,Mattias Ekholm,D,NSH,-84,-38,hit_taken
8475218,Mattias Ekholm,D,NSH,-32,-36,hit_taken
8475218,Mattias Ekholm,D,NSH,-92,-29,hit_taken
8475218,Mattias Ekholm,D,NSH,90,-39,hit_taken
8475218,Mattias Ekholm,D,NSH,92,-32,hit_taken
8475218,Mattias Ekholm,D,NSH,-97,0,hit_taken
8475218,Mattias Ekholm,D,NSH,-11,-38,hit_taken
8475218,Mattias Ekholm,D,NSH,91,35,hit_taken
8475218,Mattias Ekholm,D,NSH,65,39,hit_thrown
8475218,Mattias Ekholm,D,NSH,99,-15,hit_thrown
8475218,Mattias Ekholm,D,NSH,93,36,hit_thrown
8475218,Mattias Ekholm,D,NSH,46,-39,hit_thrown
8475218,Mattias Ekholm,D,NSH,-82,38,hit_thrown
8475218,Mattias Ekholm,D,NSH,-84,11,hit_thrown
8475218,Mattias Ekholm,D,NSH,72,-40,hit_thrown
8475218,Mattias Ekholm,D,NSH,-11,37,hit_thrown
8475218,Mattias Ekholm,D,NSH,-26,-24,hit_thrown
8475218,Mattias Ekholm,D,NSH,-92,33,hit_thrown
8475218,Mattias Ekholm,D,NSH,-49,38,hit_thrown
8475218,Mattias Ekholm,D,NSH,-6,10,hit_thrown
8475218,Mattias Ekholm,D,NSH,-85,38,hit_thrown
8475218,Mattias Ekholm,D,NSH,-33,-31,hit_thrown
8475218,Mattias Ekholm,D,NSH,-98,18,hit_thrown
8475218,Mattias Ekholm,D,NSH,-84,-40,hit_thrown
8475218,Mattias Ekholm,D,NSH,75,40,hit_thrown
8475218,Mattias Ekholm,D,NSH,43,-18,hit_thrown
8475218,Mattias Ekholm,D,NSH,93,35,hit_thrown
8475218,Mattias Ekholm,D,NSH,81,41,hit_thrown
8475218,Mattias Ekholm,D,NSH,-94,31,hit_thrown
8475218,Mattias Ekholm,D,NSH,-17,-40,hit_thrown
8475218,Mattias Ekholm,D,NSH,-69,-39,hit_thrown
8475218,Mattias Ekholm,D,NSH,-86,40,hit_thrown
8475218,Mattias Ekholm,D,NSH,-94,-7,hit_thrown
8475218,Mattias Ekholm,D,NSH,-91,-16,takeaway_hd
8475218,Mattias Ekholm,D,NSH,97,14,takeaway_hd
8475218,Mattias Ekholm,D,NSH,97,-10,takeaway_hd
8475218,Mattias Ekholm,D,NSH,-70,1,takeaway_hd
8475218,Mattias Ekholm,D,NSH,73,-3,takeaway_hd
8475218,Mattias Ekholm,D,NSH,95,7,takeaway_hd
8475218,Mattias Ekholm,D,NSH,22,-5,takeaway_other
8475218,Mattias Ekholm,D,NSH,-53,8,takeaway_other
8475218,Mattias Ekholm,D,NSH,-78,40,takeaway_other
8475218,Mattias Ekholm,D,NSH,-38,-31,takeaway_other
8475218,Mattias Ekholm,D,NSH,7,-4,takeaway_other
8475218,Mattias Ekholm,D,NSH,-58,38,takeaway_other
8475222,Sami Vatanen,D,ANA,-70,3,block_hd
8475222,Sami Vatanen,D,ANA,79,-6,block_hd
8475222,Sami Vatanen,D,ANA,80,-2,block_hd
8475222,Sami Vatanen,D,ANA,-71,4,block_hd
8475222,Sami Vatanen,D,ANA,82,-7,block_hd
8475222,Sami Vatanen,D,ANA,78,9,block_hd
8475222,Sami Vatanen,D,ANA,-70,5,block_hd
8475222,Sami Vatanen,D,ANA,74,16,block_hd
8475222,Sami Vatanen,D,ANA,-75,-9,block_hd
8475222,Sami Vatanen,D,ANA,72,3,block_hd
8475222,Sami Vatanen,D,ANA,-71,-5,block_hd
8475222,Sami Vatanen,D,ANA,-79,4,block_hd
8475222,Sami Vatanen,D,ANA,-74,2,block_hd
8475222,Sami Vatanen,D,ANA,-70,-7,block_hd
8475222,Sami Vatanen,D,ANA,73,12,block_hd
8475222,Sami Vatanen,D,ANA,-87,11,block_hd
8475222,Sami Vatanen,D,ANA,-74,18,block_hd
8475222,Sami Vatanen,D,ANA,81,-4,block_hd
8475222,Sami Vatanen,D,ANA,66,13,block_non_hd
8475222,Sami Vatanen,D,ANA,-69,-3,block_non_hd
8475222,Sami Vatanen,D,ANA,49,27,block_non_hd
8475222,Sami Vatanen,D,ANA,54,16,block_non_hd
8475222,Sami Vatanen,D,ANA,68,8,block_non_hd
8475222,Sami Vatanen,D,ANA,66,5,block_non_hd
8475222,Sami Vatanen,D,ANA,68,-2,block_non_hd
8475222,Sami Vatanen,D,ANA,75,-31,block_non_hd
8475222,Sami Vatanen,D,ANA,-58,27,block_non_hd
8475222,Sami Vatanen,D,ANA,68,-6,block_non_hd
8475222,Sami Vatanen,D,ANA,50,-11,block_non_hd
8475222,Sami Vatanen,D,ANA,96,1,hit_taken
8475222,Sami Vatanen,D,ANA,52,39,hit_taken
8475222,Sami Vatanen,D,ANA,-63,39,hit_taken
8475222,Sami Vatanen,D,ANA,-69,-35,hit_taken
8475222,Sami Vatanen,D,ANA,83,37,hit_taken
8475222,Sami Vatanen,D,ANA,63,-38,hit_taken
8475222,Sami Vatanen,D,ANA,73,40,hit_taken
8475222,Sami Vatanen,D,ANA,98,-3,hit_taken
8475222,Sami Vatanen,D,ANA,94,20,hit_taken
8475222,Sami Vatanen,D,ANA,-89,40,hit_taken
8475222,Sami Vatanen,D,ANA,-96,-4,hit_taken
8475222,Sami Vatanen,D,ANA,97,-18,hit_taken
8475222,Sami Vatanen,D,ANA,-72,40,hit_taken
8475222,Sami Vatanen,D,ANA,96,7,hit_taken
8475222,Sami Vatanen,D,ANA,68,3,hit_taken
8475222,Sami Vatanen,D,ANA,-34,-37,hit_taken
8475222,Sami Vatanen,D,ANA,96,1,hit_taken
8475222,Sami Vatanen,D,ANA,76,36,hit_taken
8475222,Sami Vatanen,D,ANA,-84,38,hit_taken
8475222,Sami Vatanen,D,ANA,90,-33,hit_taken
8475222,Sami Vatanen,D,ANA,-63,-38,hit_taken
8475222,Sami Vatanen,D,ANA,21,41,hit_thrown
8475222,Sami Vatanen,D,ANA,-52,40,hit_thrown
8475222,Sami Vatanen,D,ANA,40,37,hit_thrown
8475222,Sami Vatanen,D,ANA,-24,29,hit_thrown
8475222,Sami Vatanen,D,ANA,-42,-37,hit_thrown
8475222,Sami Vatanen,D,ANA,98,11,hit_thrown
8475222,Sami Vatanen,D,ANA,97,-21,hit_thrown
8475222,Sami Vatanen,D,ANA,82,-38,hit_thrown
8475222,Sami Vatanen,D,ANA,-44,-40,hit_thrown
8475222,Sami Vatanen,D,ANA,59,39,hit_thrown
8475222,Sami Vatanen,D,ANA,-28,37,hit_thrown
8475222,Sami Vatanen,D,ANA,56,-34,hit_thrown
8475222,Sami Vatanen,D,ANA,95,15,hit_thrown
8475222,Sami Vatanen,D,ANA,-96,-21,hit_thrown
8475222,Sami Vatanen,D,ANA,72,-39,hit_thrown
8475222,Sami Vatanen,D,ANA,-40,-39,hit_thrown
8475222,Sami Vatanen,D,ANA,-92,35,hit_thrown
8475222,Sami Vatanen,D,ANA,-92,-38,hit_thrown
8475222,Sami Vatanen,D,ANA,-48,-36,hit_thrown
8475222,Sami Vatanen,D,ANA,-84,41,hit_thrown
8475222,Sami Vatanen,D,ANA,95,16,hit_thrown
8475222,Sami Vatanen,D,ANA,64,36,hit_thrown
8475222,Sami Vatanen,D,ANA,81,-14,takeaway_hd
8475222,Sami Vatanen,D,ANA,-92,9,takeaway_hd
8475222,Sami Vatanen,D,ANA,-78,36,takeaway_other
8475222,Sami Vatanen,D,ANA,-65,-36,takeaway_other
8475222,Sami Vatanen,D,ANA,-31,4,takeaway_other
8475225,Craig Smith,C,NSH,68,5,block_non_hd
8475225,Craig Smith,C,NSH,51,-38,hit_taken
8475225,Craig Smith,C,NSH,-83,-40,hit_taken
8475225,Craig Smith,C,NSH,52,-20,hit_taken
8475225,Craig Smith,C,NSH,-91,-12,hit_taken
8475225,Craig Smith,C,NSH,-40,40,hit_taken
8475225,Craig Smith,C,NSH,7,37,hit_taken
8475225,Craig Smith,C,NSH,88,37,hit_taken
8475225,Craig Smith,C,NSH,-2,-40,hit_taken
8475225,Craig Smith,C,NSH,-79,-40,hit_taken
8475225,Craig Smith,C,NSH,95,-20,hit_taken
8475225,Craig Smith,C,NSH,-96,6,hit_taken
8475225,Craig Smith,C,NSH,96,10,hit_taken
8475225,Craig Smith,C,NSH,66,-37,hit_taken
8475225,Craig Smith,C,NSH,63,35,hit_taken
8475225,Craig Smith,C,NSH,21,-27,hit_taken
8475225,Craig Smith,C,NSH,-72,40,hit_taken
8475225,Craig Smith,C,NSH,96,21,hit_taken
8475225,Craig Smith,C,NSH,49,-38,hit_thrown
8475225,Craig Smith,C,NSH,-7,31,hit_thrown
8475225,Craig Smith,C,NSH,35,39,hit_thrown
8475225,Craig Smith,C,NSH,74,38,hit_thrown
8475225,Craig Smith,C,NSH,-95,27,hit_thrown
8475225,Craig Smith,C,NSH,98,-20,hit_thrown
8475225,Craig Smith,C,NSH,-37,40,hit_thrown
8475225,Craig Smith,C,NSH,6,39,hit_thrown
8475225,Craig Smith,C,NSH,32,-36,hit_thrown
8475225,Craig Smith,C,NSH,96,-8,hit_thrown
8475225,Craig Smith,C,NSH,-97,-3,hit_thrown
8475225,Craig Smith,C,NSH,96,-36,hit_thrown
8475225,Craig Smith,C,NSH,91,-39,hit_thrown
8475225,Craig Smith,C,NSH,79,-35,hit_thrown
8475225,Craig Smith,C,NSH,96,3,hit_thrown
8475225,Craig Smith,C,NSH,-96,7,takeaway_hd
8475225,Craig Smith,C,NSH,-19,35,takeaway_other
8475225,Craig Smith,C,NSH,-17,39,takeaway_other
8475225,Craig Smith,C,NSH,-28,2,takeaway_other
8475227,Chris Wideman,D,OTT,-79,0,block_hd
8475227,Chris Wideman,D,OTT,-76,-15,block_hd
8475227,Chris Wideman,D,OTT,79,4,block_hd
8475227,Chris Wideman,D,OTT,-75,9,block_hd
8475227,Chris Wideman,D,OTT,-75,-3,block_hd
8475227,Chris Wideman,D,OTT,-64,-25,block_non_hd
8475227,Chris Wideman,D,OTT,-68,-14,block_non_hd
8475227,Chris Wideman,D,OTT,60,15,block_non_hd
8475227,Chris Wideman,D,OTT,-66,-10,block_non_hd
8475227,Chris Wideman,D,OTT,-64,-12,block_non_hd
8475227,Chris Wideman,D,OTT,65,-7,block_non_hd
8475227,Chris Wideman,D,OTT,-49,-20,block_non_hd
8475227,Chris Wideman,D,OTT,-9,-36,hit_taken
8475227,Chris Wideman,D,OTT,21,-37,hit_taken
8475227,Chris Wideman,D,OTT,16,-40,hit_taken
8475227,Chris Wideman,D,OTT,-28,41,hit_taken
8475227,Chris Wideman,D,OTT,95,36,hit_taken
8475227,Chris Wideman,D,OTT,38,-39,hit_taken
8475227,Chris Wideman,D,OTT,-53,33,hit_taken
8475227,Chris Wideman,D,OTT,-82,36,hit_taken
8475227,Chris Wideman,D,OTT,-11,-35,hit_taken
8475227,Chris Wideman,D,OTT,95,-16,hit_taken
8475227,Chris Wideman,D,OTT,-94,12,hit_taken
8475227,Chris Wideman,D,OTT,-96,3,hit_taken
8475227,Chris Wideman,D,OTT,-94,-33,hit_taken
8475227,Chris Wideman,D,OTT,-96,-27,hit_taken
8475227,Chris Wideman,D,OTT,99,14,hit_taken
8475227,Chris Wideman,D,OTT,98,-6,hit_taken
8475227,Chris Wideman,D,OTT,-25,-40,hit_taken
8475227,Chris Wideman,D,OTT,-93,-35,hit_taken
8475227,Chris Wideman,D,OTT,-98,-8,hit_taken
8475227,Chris Wideman,D,OTT,98,-2,hit_taken
8475227,Chris Wideman,D,OTT,-50,-38,hit_taken
8475227,Chris Wideman,D,OTT,-96,-19,hit_taken
8475227,Chris Wideman,D,OTT,-98,2,hit_taken
8475227,Chris Wideman,D,OTT,-85,-39,hit_taken
8475227,Chris Wideman,D,OTT,-91,-37,hit_taken
8475227,Chris Wideman,D,OTT,-96,-5,hit_taken
8475227,Chris Wideman,D,OTT,-59,37,hit_taken
8475227,Chris Wideman,D,OTT,-13,-40,hit_taken
8475227,Chris Wideman,D,OTT,-86,-36,hit_taken
8475227,Chris Wideman,D,OTT,71,-39,hit_taken
8475227,Chris Wideman,D,OTT,43,-40,hit_taken
8475227,Chris Wideman,D,OTT,99,-23,hit_taken
8475227,Chris Wideman,D,OTT,79,40,hit_taken
8475227,Chris Wideman,D,OTT,-96,-19,hit_taken
8475227,Chris Wideman,D,OTT,80,41,hit_taken
8475227,Chris Wideman,D,OTT,70,38,hit_taken
8475227,Chris Wideman,D,OTT,80,-18,hit_taken
8475227,Chris Wideman,D,OTT,83,-37,hit_taken
8475227,Chris Wideman,D,OTT,-95,-31,hit_taken
8475227,Chris Wideman,D,OTT,57,-39,hit_taken
8475227,Chris Wideman,D,OTT,55,-40,hit_taken
8475227,Chris Wideman,D,OTT,98,13,hit_taken
8475227,Chris Wideman,D,OTT,-81,-39,hit_taken
8475227,Chris Wideman,D,OTT,-97,3,hit_thrown
8475227,Chris Wideman,D,OTT,-96,10,hit_thrown
8475227,Chris Wideman,D,OTT,-11,-26,hit_thrown
8475227,Chris Wideman,D,OTT,93,16,hit_thrown
8475227,Chris Wideman,D,OTT,60,37,hit_thrown
8475227,Chris Wideman,D,OTT,10,-22,hit_thrown
8475227,Chris Wideman,D,OTT,-80,-39,hit_thrown
8475227,Chris Wideman,D,OTT,-96,30,hit_thrown
8475227,Chris Wideman,D,OTT,-11,-38,hit_thrown
8475227,Chris Wideman,D,OTT,-16,-39,hit_thrown
8475227,Chris Wideman,D,OTT,-75,-39,hit_thrown
8475227,Chris Wideman,D,OTT,96,11,hit_thrown
8475227,Chris Wideman,D,OTT,-96,-26,hit_thrown
8475227,Chris Wideman,D,OTT,-87,-36,hit_thrown
8475227,Chris Wideman,D,OTT,-89,35,takeaway_other
8475233,David Savard,D,CBJ,81,-14,block_hd
8475233,David Savard,D,CBJ,-78,5,block_hd
8475233,David Savard,D,CBJ,79,-4,block_hd
8475233,David Savard,D,CBJ,75,3,block_hd
8475233,David Savard,D,CBJ,77,2,block_hd
8475233,David Savard,D,CBJ,-76,6,block_hd
8475233,David Savard,D,CBJ,-76,2,block_hd
8475233,David Savard,D,CBJ,-75,0,block_hd
8475233,David Savard,D,CBJ,-81,-5,block_hd
8475233,David Savard,D,CBJ,71,2,block_hd
8475233,David Savard,D,CBJ,76,-10,block_hd
8475233,David Savard,D,CBJ,-78,8,block_hd
8475233,David Savard,D,CBJ,73,-8,block_hd
8475233,David Savard,D,CBJ,65,5,block_non_hd
8475233,David Savard,D,CBJ,-65,8,block_non_hd
8475233,David Savard,D,CBJ,69,12,block_non_hd
8475233,David Savard,D,CBJ,58,-8,block_non_hd
8475233,David Savard,D,CBJ,65,12,block_non_hd
8475233,David Savard,D,CBJ,88,41,hit_taken
8475233,David Savard,D,CBJ,88,42,hit_taken
8475233,David Savard,D,CBJ,93,38,hit_taken
8475233,David Savard,D,CBJ,-37,-39,hit_taken
8475233,David Savard,D,CBJ,-96,-5,hit_taken
8475233,David Savard,D,CBJ,15,-40,hit_taken
8475233,David Savard,D,CBJ,-87,42,hit_taken
8475233,David Savard,D,CBJ,98,-21,hit_taken
8475233,David Savard,D,CBJ,99,7,hit_taken
8475233,David Savard,D,CBJ,97,-18,hit_taken
8475233,David Savard,D,CBJ,73,-39,hit_taken
8475233,David Savard,D,CBJ,-74,-40,hit_taken
8475233,David Savard,D,CBJ,83,39,hit_taken
8475233,David Savard,D,CBJ,-95,-33,hit_taken
8475233,David Savard,D,CBJ,-64,-40,hit_taken
8475233,David Savard,D,CBJ,-88,39,hit_thrown
8475233,David Savard,D,CBJ,-76,41,hit_thrown
8475233,David Savard,D,CBJ,92,-38,hit_thrown
8475233,David Savard,D,CBJ,-23,-40,hit_thrown
8475233,David Savard,D,CBJ,-45,39,hit_thrown
8475233,David Savard,D,CBJ,98,2,hit_thrown
8475233,David Savard,D,CBJ,-7,34,hit_thrown
8475233,David Savard,D,CBJ,-97,16,hit_thrown
8475233,David Savard,D,CBJ,96,25,hit_thrown
8475233,David Savard,D,CBJ,-96,-26,hit_thrown
8475233,David Savard,D,CBJ,-96,-6,hit_thrown
8475233,David Savard,D,CBJ,32,41,hit_thrown
8475233,David Savard,D,CBJ,98,-8,hit_thrown
8475233,David Savard,D,CBJ,93,-28,hit_thrown
8475233,David Savard,D,CBJ,8,39,hit_thrown
8475233,David Savard,D,CBJ,-72,-30,takeaway_other
8475287,Erik Haula,L,MIN,88,-6,block_hd
8475287,Erik Haula,L,MIN,63,10,block_non_hd
8475287,Erik Haula,L,MIN,55,19,block_non_hd
8475287,Erik Haula,L,MIN,70,21,dz_faceoff_win
8475287,Erik Haula,L,MIN,-69,21,dz_faceoff_win
8475287,Erik Haula,L,MIN,90,-33,dz_faceoff_win
8475287,Erik Haula,L,MIN,94,-36,hit_taken
8475287,Erik Haula,L,MIN,97,-10,hit_taken
8475287,Erik Haula,L,MIN,98,-16,hit_taken
8475287,Erik Haula,L,MIN,47,40,hit_taken
8475287,Erik Haula,L,MIN,59,-39,hit_taken
8475287,Erik Haula,L,MIN,-12,-41,hit_taken
8475287,Erik Haula,L,MIN,-91,-39,hit_taken
8475287,Erik Haula,L,MIN,-46,-41,hit_taken
8475287,Erik Haula,L,MIN,-48,-40,hit_thrown
8475287,Erik Haula,L,MIN,-97,-12,hit_thrown
8475287,Erik Haula,L,MIN,-96,30,hit_thrown
8475287,Erik Haula,L,MIN,96,-9,hit_thrown
8475287,Erik Haula,L,MIN,-76,40,hit_thrown
8475287,Erik Haula,L,MIN,-76,40,hit_thrown
8475287,Erik Haula,L,MIN,63,39,hit_thrown
8475287,Erik Haula,L,MIN,-96,18,takeaway_hd
8475287,Erik Haula,L,MIN,-52,-39,takeaway_other
8475323,Marcus Kruger,C,CHI,71,-2,block_hd
8475323,Marcus Kruger,C,CHI,-45,20,block_non_hd
8475323,Marcus Kruger,C,CHI,63,9,block_non_hd
8475323,Marcus Kruger,C,CHI,54,3,block_non_hd
8475323,Marcus Kruger,C,CHI,70,-21,dz_faceoff_win
8475323,Marcus Kruger,C,CHI,-68,-23,dz_faceoff_win
8475323,Marcus Kruger,C,CHI,-71,23,dz_faceoff_win
8475323,Marcus Kruger,C,CHI,69,-23,dz_faceoff_win
8475323,Marcus Kruger,C,CHI,70,-23,dz_faceoff_win
8475323,Marcus Kruger,C,CHI,70,21,dz_faceoff_win
8475323,Marcus Kruger,C,CHI,70,-22,dz_faceoff_win
8475323,Marcus Kruger,C,CHI,69,-23,dz_faceoff_win
8475323,Marcus Kruger,C,CHI,-69,22,dz_faceoff_win
8475323,Marcus Kruger,C,CHI,69,21,dz_faceoff_win
8475323,Marcus Kruger,C,CHI,-40,-39,hit_taken
8475323,Marcus Kruger,C,CHI,52,36,hit_taken
8475323,Marcus Kruger,C,CHI,-76,35,hit_taken
8475323,Marcus Kruger,C,CHI,-60,-41,hit_taken
8475323,Marcus Kruger,C,CHI,-52,-37,hit_taken
8475323,Marcus Kruger,C,CHI,-77,-37,hit_thrown
8475323,Marcus Kruger,C,CHI,-95,21,hit_thrown
8475323,Marcus Kruger,C,CHI,54,-37,takeaway_other
8475323,Marcus Kruger,C,CHI,-5,37,takeaway_other
8475455,Brenden Dillon,D,SJS,-74,17,block_hd
8475455,Brenden Dillon,D,SJS,71,-9,block_hd
8475455,Brenden Dillon,D,SJS,73,-16,block_hd
8475455,Brenden Dillon,D,SJS,71,4,block_hd
8475455,Brenden Dillon,D,SJS,49,4,block_non_hd
8475455,Brenden Dillon,D,SJS,66,-7,block_non_hd
8475455,Brenden Dillon,D,SJS,57,-10,block_non_hd
8475455,Brenden Dillon,D,SJS,-46,-9,block_non_hd
8475455,Brenden Dillon,D,SJS,96,-5,hit_taken
8475455,Brenden Dillon,D,SJS,52,38,hit_taken
8475455,Brenden Dillon,D,SJS,77,18,hit_taken
8475455,Brenden Dillon,D,SJS,89,-38,hit_taken
8475455,Brenden Dillon,D,SJS,13,-34,hit_taken
8475455,Brenden Dillon,D,SJS,96,-4,hit_taken
8475455,Brenden Dillon,D,SJS,-96,14,hit_taken
8475455,Brenden Dillon,D,SJS,-97,-22,hit_taken
8475455,Brenden Dillon,D,SJS,82,-38,hit_taken
8475455,Brenden Dillon,D,SJS,40,41,hit_taken
8475455,Brenden Dillon,D,SJS,-97,21,hit_taken
8475455,Brenden Dillon,D,SJS,-57,40,hit_taken
8475455,Brenden Dillon,D,SJS,96,35,hit_taken
8475455,Brenden Dillon,D,SJS,26,38,hit_thrown
8475455,Brenden Dillon,D,SJS,90,37,hit_thrown
8475455,Brenden Dillon,D,SJS,-37,-35,hit_thrown
8475455,Brenden Dillon,D,SJS,96,-15,hit_thrown
8475455,Brenden Dillon,D,SJS,-4,40,hit_thrown
8475455,Brenden Dillon,D,SJS,-47,41,hit_thrown
8475455,Brenden Dillon,D,SJS,76,-40,hit_thrown
8475455,Brenden Dillon,D,SJS,97,-7,hit_thrown
8475455,Brenden Dillon,D,SJS,-71,41,hit_thrown
8475455,Brenden Dillon,D,SJS,-46,39,hit_thrown
8475455,Brenden Dillon,D,SJS,29,33,hit_thrown
8475455,Brenden Dillon,D,SJS,-84,37,hit_thrown
8475455,Brenden Dillon,D,SJS,-20,40,hit_thrown
8475455,Brenden Dillon,D,SJS,-50,39,hit_thrown
8475455,Brenden Dillon,D,SJS,31,39,takeaway_other
8475613,Nate Prosser,D,MIN,61,40,hit_taken
8475613,Nate Prosser,D,MIN,61,40,hit_taken
8475613,Nate Prosser,D,MIN,55,39,hit_taken
8475613,Nate Prosser,D,MIN,-92,-37,hit_taken
8475613,Nate Prosser,D,MIN,41,35,hit_thrown
8475613,Nate Prosser,D,MIN,-94,-37,hit_thrown
8475613,Nate Prosser,D,MIN,54,-39,takeaway_other
8475625,Matt Irwin,D,NSH,75,-4,block_hd
8475625,Matt Irwin,D,NSH,-72,-4,block_hd
8475625,Matt Irwin,D,NSH,-79,0,block_hd
8475625,Matt Irwin,D,NSH,82,-5,block_hd
8475625,Matt Irwin,D,NSH,-82,0,block_hd
8475625,Matt Irwin,D,NSH,79,4,block_hd
8475625,Matt Irwin,D,NSH,71,10,block_hd
8475625,Matt Irwin,D,NSH,76,-7,block_hd
8475625,Matt Irwin,D,NSH,-74,0,block_hd
8475625,Matt Irwin,D,NSH,75,10,block_hd
8475625,Matt Irwin,D,NSH,-76,-3,block_hd
8475625,Matt Irwin,D,NSH,75,-16,block_hd
8475625,Matt Irwin,D,NSH,76,-8,block_hd
8475625,Matt Irwin,D,NSH,-80,-4,block_hd
8475625,Matt Irwin,D,NSH,77,-11,block_hd
8475625,Matt Irwin,D,NSH,79,-2,block_hd
8475625,Matt Irwin,D,NSH,71,-14,block_hd
8475625,Matt Irwin,D,NSH,-74,14,block_hd
8475625,Matt Irwin,D,NSH,69,-16,block_non_hd
8475625,Matt Irwin,D,NSH,-43,-1,block_non_hd
8475625,Matt Irwin,D,NSH,66,-12,block_non_hd
8475625,Matt Irwin,D,NSH,-64,3,block_non_hd
8475625,Matt Irwin,D,NSH,-67,14,block_non_hd
8475625,Matt Irwin,D,NSH,-68,3,block_non_hd
8475625,Matt Irwin,D,NSH,-58,-14,block_non_hd
8475625,Matt Irwin,D,NSH,67,-16,block_non_hd
8475625,Matt Irwin,D,NSH,61,-3,block_non_hd
8475625,Matt Irwin,D,NSH,-60,-5,block_non_hd
8475625,Matt Irwin,D,NSH,-53,-1,block_non_hd
8475625,Matt Irwin,D,NSH,-80,31,block_non_hd
8475625,Matt Irwin,D,NSH,-56,0,block_non_hd
8475625,Matt Irwin,D,NSH,53,3,block_non_hd
8475625,Matt Irwin,D,NSH,-94,-24,hit_taken
8475625,Matt Irwin,D,NSH,86,-33,hit_taken
8475625,Matt Irwin,D,NSH,-96,-2,hit_taken
8475625,Matt Irwin,D,NSH,-49,-38,hit_taken
8475625,Matt Irwin,D,NSH,-79,-40,hit_taken
8475625,Matt Irwin,D,NSH,98,-27,hit_taken
8475625,Matt Irwin,D,NSH,77,-40,hit_taken
8475625,Matt Irwin,D,NSH,-64,41,hit_taken
8475625,Matt Irwin,D,NSH,-97,7,hit_taken
8475625,Matt Irwin,D,NSH,99,-24,hit_taken
8475625,Matt Irwin,D,NSH,99,24,hit_taken
8475625,Matt Irwin,D,NSH,90,-40,hit_taken
8475625,Matt Irwin,D,NSH,-47,40,hit_taken
8475625,Matt Irwin,D,NSH,94,35,hit_taken
8475625,Matt Irwin,D,NSH,-92,-33,hit_taken
8475625,Matt Irwin,D,NSH,96,7,hit_taken
8475625,Matt Irwin,D,NSH,-96,7,hit_taken
8475625,Matt Irwin,D,NSH,-98,14,hit_taken
8475625,Matt Irwin,D,NSH,-96,4,hit_taken
8475625,Matt Irwin,D,NSH,34,38,hit_taken
8475625,Matt Irwin,D,NSH,0,-41,hit_taken
8475625,Matt Irwin,D,NSH,-82,-39,hit_taken
8475625,Matt Irwin,D,NSH,93,-35,hit_taken
8475625,Matt Irwin,D,NSH,-32,-40,hit_taken
8475625,Matt Irwin,D,NSH,-97,14,hit_taken
8475625,Matt Irwin,D,NSH,37,-39,hit_taken
8475625,Matt Irwin,D,NSH,-93,36,hit_taken
8475625,Matt Irwin,D,NSH,-86,-37,hit_taken
8475625,Matt Irwin,D,NSH,-19,-36,hit_taken
8475625,Matt Irwin,D,NSH,97,10,hit_taken
8475625,Matt Irwin,D,NSH,-10,37,hit_taken
8475625,Matt Irwin,D,NSH,70,38,hit_taken
8475625,Matt Irwin,D,NSH,-84,38,hit_taken
8475625,Matt Irwin,D,NSH,-79,37,hit_taken
8475625,Matt Irwin,D,NSH,-96,-8,hit_taken
8475625,Matt Irwin,D,NSH,-70,-37,hit_taken
8475625,Matt Irwin,D,NSH,51,-40,hit_taken
8475625,Matt Irwin,D,NSH,-92,-38,hit_taken
8475625,Matt Irwin,D,NSH,-99,27,hit_taken
8475625,Matt Irwin,D,NSH,39,-35,hit_taken
8475625,Matt Irwin,D,NSH,-71,-39,hit_taken
8475625,Matt Irwin,D,NSH,49,-40,hit_taken
8475625,Matt Irwin,D,NSH,-23,-40,hit_taken
8475625,Matt Irwin,D,NSH,72,-41,hit_taken
8475625,Matt Irwin,D,NSH,4,-39,hit_taken
8475625,Matt Irwin,D,NSH,-93,34,hit_taken
8475625,Matt Irwin,D,NSH,94,-31,hit_taken
8475625,Matt Irwin,D,NSH,-99,21,hit_taken
8475625,Matt Irwin,D,NSH,-97,32,hit_taken
8475625,Matt Irwin,D,NSH,41,40,hit_taken
8475625,Matt Irwin,D,NSH,-69,-39,hit_taken
8475625,Matt Irwin,D,NSH,-96,17,hit_taken
8475625,Matt Irwin,D,NSH,99,-20,hit_taken
8475625,Matt Irwin,D,NSH,56,-37,hit_taken
8475625,Matt Irwin,D,NSH,-94,-15,hit_thrown
8475625,Matt Irwin,D,NSH,9,38,hit_thrown
8475625,Matt Irwin,D,NSH,-66,-20,hit_thrown
8475625,Matt Irwin,D,NSH,-95,21,hit_thrown
8475625,Matt Irwin,D,NSH,-55,40,hit_thrown
8475625,Matt Irwin,D,NSH,-60,-40,hit_thrown
8475625,Matt Irwin,D,NSH,91,36,hit_thrown
8475625,Matt Irwin,D,NSH,-91,11,hit_thrown
8475625,Matt Irwin,D,NSH,-31,-36,hit_thrown
8475625,Matt Irwin,D,NSH,99,-9,hit_thrown
8475625,Matt Irwin,D,NSH,26,41,hit_thrown
8475625,Matt Irwin,D,NSH,92,-38,hit_thrown
8475625,Matt Irwin,D,NSH,24,30,hit_thrown
8475625,Matt Irwin,D,NSH,-46,-41,hit_thrown
8475625,Matt Irwin,D,NSH,85,-42,hit_thrown
8475625,Matt Irwin,D,NSH,66,-40,hit_thrown
8475625,Matt Irwin,D,NSH,84,38,hit_thrown
8475625,Matt Irwin,D,NSH,-79,38,hit_thrown
8475625,Matt Irwin,D,NSH,25,-26,hit_thrown
8475625,Matt Irwin,D,NSH,-69,39,hit_thrown
8475625,Matt Irwin,D,NSH,82,-38,hit_thrown
8475625,Matt Irwin,D,NSH,98,23,hit_thrown
8475625,Matt Irwin,D,NSH,-90,38,hit_thrown
8475625,Matt Irwin,D,NSH,97,-16,hit_thrown
8475625,Matt Irwin,D,NSH,43,-38,hit_thrown
8475625,Matt Irwin,D,NSH,-56,38,hit_thrown
8475625,Matt Irwin,D,NSH,13,38,hit_thrown
8475625,Matt Irwin,D,NSH,-60,39,hit_thrown
8475625,Matt Irwin,D,NSH,30,-40,hit_thrown
8475625,Matt Irwin,D,NSH,-97,-17,hit_thrown
8475625,Matt Irwin,D,NSH,9,38,hit_thrown
8475625,Matt Irwin,D,NSH,83,-40,hit_thrown
8475625,Matt Irwin,D,NSH,-94,-29,hit_thrown
8475625,Matt Irwin,D,NSH,37,-30,hit_thrown
8475625,Matt Irwin,D,NSH,93,34,hit_thrown
8475625,Matt Irwin,D,NSH,-93,8,hit_thrown
8475625,Matt Irwin,D,NSH,-18,34,hit_thrown
8475625,Matt Irwin,D,NSH,-96,29,hit_thrown
8475625,Matt Irwin,D,NSH,-31,31,hit_thrown
8475625,Matt Irwin,D,NSH,64,40,hit_thrown
8475625,Matt Irwin,D,NSH,-67,5,hit_thrown
8475625,Matt Irwin,D,NSH,12,-21,hit_thrown
8475625,Matt Irwin,D,NSH,56,-37,hit_thrown
8475625,Matt Irwin,D,NSH,-84,37,hit_thrown
8475625,Matt Irwin,D,NSH,99,-29,takeaway_other
8475625,Matt Irwin,D,NSH,-18,37,takeaway_other
8475625,Matt Irwin,D,NSH,-46,24,takeaway_other
8475625,Matt Irwin,D,NSH,-94,25,takeaway_other
8475625,Matt Irwin,D,NSH,32,-5,takeaway_other
8475692,Mats Zuccarello,C,NYR,-70,-4,block_hd
8475692,Mats Zuccarello,C,NYR,70,8,block_hd
8475692,Mats Zuccarello,C,NYR,83,5,block_hd
8475692,Mats Zuccarello,C,NYR,65,13,block_non_hd
8475692,Mats Zuccarello,C,NYR,56,3,block_non_hd
8475692,Mats Zuccarello,C,NYR,52,7,block_non_hd
8475692,Mats Zuccarello,C,NYR,39,-28,block_non_hd
8475692,Mats Zuccarello,C,NYR,53,-9,block_non_hd
8475692,Mats Zuccarello,C,NYR,-67,1,block_non_hd
8475692,Mats Zuccarello,C,NYR,66,-22,block_non_hd
8475692,Mats Zuccarello,C,NYR,-84,4,crease_goal
8475692,Mats Zuccarello,C,NYR,84,-8,crease_goal
8475692,Mats Zuccarello,C,NYR,92,40,hit_taken
8475692,Mats Zuccarello,C,NYR,65,40,hit_taken
8475692,Mats Zuccarello,C,NYR,-16,-42,hit_taken
8475692,Mats Zuccarello,C,NYR,-58,-39,hit_taken
8475692,Mats Zuccarello,C,NYR,-4,-41,hit_taken
8475692,Mats Zuccarello,C,NYR,32,40,hit_taken
8475692,Mats Zuccarello,C,NYR,-91,32,hit_taken
8475692,Mats Zuccarello,C,NYR,-40,40,hit_taken
8475692,Mats Zuccarello,C,NYR,-46,41,hit_taken
8475692,Mats Zuccarello,C,NYR,50,38,hit_taken
8475692,Mats Zuccarello,C,NYR,-63,-37,hit_taken
8475692,Mats Zuccarello,C,NYR,-18,37,hit_taken
8475692,Mats Zuccarello,C,NYR,95,-38,hit_taken
8475692,Mats Zuccarello,C,NYR,-97,10,hit_taken
8475692,Mats Zuccarello,C,NYR,-96,10,hit_taken
8475692,Mats Zuccarello,C,NYR,-14,-39,hit_taken
8475692,Mats Zuccarello,C,NYR,76,38,hit_taken
8475692,Mats Zuccarello,C,NYR,21,29,hit_taken
8475692,Mats Zuccarello,C,NYR,-6,39,hit_taken
8475692,Mats Zuccarello,C,NYR,-51,-40,hit_taken
8475692,Mats Zuccarello,C,NYR,13,-39,hit_taken
8475692,Mats Zuccarello,C,NYR,11,-39,hit_taken
8475692,Mats Zuccarello,C,NYR,-96,-6,hit_taken
8475692,Mats Zuccarello,C,NYR,95,35,hit_taken
8475692,Mats Zuccarello,C,NYR,47,-39,hit_taken
8475692,Mats Zuccarello,C,NYR,98,-27,hit_taken
8475692,Mats Zuccarello,C,NYR,-95,12,hit_taken
8475692,Mats Zuccarello,C,NYR,-44,-39,hit_taken
8475692,Mats Zuccarello,C,NYR,94,34,hit_taken
8475692,Mats Zuccarello,C,NYR,-78,-37,hit_taken
8475692,Mats Zuccarello,C,NYR,-59,39,hit_taken
8475692,Mats Zuccarello,C,NYR,46,28,hit_taken
8475692,Mats Zuccarello,C,NYR,-80,-39,hit_taken
8475692,Mats Zuccarello,C,NYR,72,38,hit_taken
8475692,Mats Zuccarello,C,NYR,-32,38,hit_taken
8475692,Mats Zuccarello,C,NYR,-92,38,hit_taken
8475692,Mats Zuccarello,C,NYR,-23,-40,hit_taken
8475692,Mats Zuccarello,C,NYR,-44,-39,hit_taken
8475692,Mats Zuccarello,C,NYR,-17,-40,hit_taken
8475692,Mats Zuccarello,C,NYR,-70,38,hit_taken
8475692,Mats Zuccarello,C,NYR,-93,34,hit_taken
8475692,Mats Zuccarello,C,NYR,81,-39,hit_thrown
8475692,Mats Zuccarello,C,NYR,-10,-39,hit_thrown
8475692,Mats Zuccarello,C,NYR,96,35,hit_thrown
8475692,Mats Zuccarello,C,NYR,96,-32,hit_thrown
8475692,Mats Zuccarello,C,NYR,42,41,hit_thrown
8475692,Mats Zuccarello,C,NYR,83,-41,hit_thrown
8475692,Mats Zuccarello,C,NYR,-41,-36,hit_thrown
8475692,Mats Zuccarello,C,NYR,-93,36,hit_thrown
8475692,Mats Zuccarello,C,NYR,95,29,hit_thrown
8475692,Mats Zuccarello,C,NYR,-51,39,hit_thrown
8475692,Mats Zuccarello,C,NYR,-96,6,hit_thrown
8475692,Mats Zuccarello,C,NYR,-28,36,hit_thrown
8475692,Mats Zuccarello,C,NYR,95,-9,hit_thrown
8475692,Mats Zuccarello,C,NYR,-16,-39,hit_thrown
8475692,Mats Zuccarello,C,NYR,-88,39,hit_thrown
8475692,Mats Zuccarello,C,NYR,-37,-38,hit_thrown
8475692,Mats Zuccarello,C,NYR,-72,-1,hit_thrown
8475692,Mats Zuccarello,C,NYR,-56,41,hit_thrown
8475692,Mats Zuccarello,C,NYR,-32,-29,hit_thrown
8475692,Mats Zuccarello,C,NYR,32,-40,hit_thrown
8475692,Mats Zuccarello,C,NYR,23,-35,hit_thrown
8475692,Mats Zuccarello,C,NYR,-65,-39,hit_thrown
8475692,Mats Zuccarello,C,NYR,42,-38,hit_thrown
8475692,Mats Zuccarello,C,NYR,-78,39,hit_thrown
8475692,Mats Zuccarello,C,NYR,-96,22,hit_thrown
8475692,Mats Zuccarello,C,NYR,98,1,hit_thrown
8475692,Mats Zuccarello,C,NYR,86,-39,hit_thrown
8475692,Mats Zuccarello,C,NYR,-98,-22,hit_thrown
8475692,Mats Zuccarello,C,NYR,-76,-38,hit_thrown
8475692,Mats Zuccarello,C,NYR,-92,36,hit_thrown
8475692,Mats Zuccarello,C,NYR,97,-14,hit_thrown
8475692,Mats Zuccarello,C,NYR,-95,-3,takeaway_hd
8475692,Mats Zuccarello,C,NYR,-12,-38,takeaway_other
8475692,Mats Zuccarello,C,NYR,-5,28,takeaway_other
8475692,Mats Zuccarello,C,NYR,73,38,takeaway_other
8475692,Mats Zuccarello,C,NYR,-41,20,takeaway_other
8475692,Mats Zuccarello,C,NYR,33,-35,takeaway_other
8475692,Mats Zuccarello,C,NYR,-81,39,takeaway_other
8475692,Mats Zuccarello,C,NYR,14,-16,takeaway_other
8475692,Mats Zuccarello,C,NYR,-69,38,takeaway_other
8475692,Mats Zuccarello,C,NYR,-3,38,takeaway_other
8475714,Calle Jarnkrok,C,NSH,-74,8,block_hd
8475714,Calle Jarnkrok,C,NSH,72,10,block_hd
8475714,Calle Jarnkrok,C,NSH,-75,-18,block_hd
8475714,Calle Jarnkrok,C,NSH,57,0,block_non_hd
8475714,Calle Jarnkrok,C,NSH,47,12,block_non_hd
8475714,Calle Jarnkrok,C,NSH,-65,13,block_non_hd
8475714,Calle Jarnkrok,C,NSH,80,-20,block_non_hd
8475714,Calle Jarnkrok,C,NSH,-49,-20,block_non_hd
8475714,Calle Jarnkrok,C,NSH,67,-39,block_non_hd
8475714,Calle Jarnkrok,C,NSH,-34,-27,block_non_hd
8475714,Calle Jarnkrok,C,NSH,83,-3,crease_goal
8475714,Calle Jarnkrok,C,NSH,69,21,dz_faceoff_win
8475714,Calle Jarnkrok,C,NSH,-67,-20,dz_faceoff_win
8475714,Calle Jarnkrok,C,NSH,-69,22,dz_faceoff_win
8475714,Calle Jarnkrok,C,NSH,-69,-23,dz_faceoff_win
8475714,Calle Jarnkrok,C,NSH,-69,-23,dz_faceoff_win
8475714,Calle Jarnkrok,C,NSH,69,23,dz_faceoff_win
8475714,Calle Jarnkrok,C,NSH,70,-24,dz_faceoff_win
8475714,Calle Jarnkrok,C,NSH,-69,21,dz_faceoff_win
8475714,Calle Jarnkrok,C,NSH,-71,22,dz_faceoff_win
8475714,Calle Jarnkrok,C,NSH,70,-23,dz_faceoff_win
8475714,Calle Jarnkrok,C,NSH,-68,-23,dz_faceoff_win
8475714,Calle Jarnkrok,C,NSH,70,22,dz_faceoff_win
8475714,Calle Jarnkrok,C,NSH,70,22,dz_faceoff_win
8475714,Calle Jarnkrok,C,NSH,-74,18,dz_faceoff_win
8475714,Calle Jarnkrok,C,NSH,-69,-22,dz_faceoff_win
8475714,Calle Jarnkrok,C,NSH,-68,21,dz_faceoff_win
8475714,Calle Jarnkrok,C,NSH,-69,-23,dz_faceoff_win
8475714,Calle Jarnkrok,C,NSH,-69,21,dz_faceoff_win
8475714,Calle Jarnkrok,C,NSH,70,-23,dz_faceoff_win
8475714,Calle Jarnkrok,C,NSH,-68,22,dz_faceoff_win
8475714,Calle Jarnkrok,C,NSH,-71,-22,dz_faceoff_win
8475714,Calle Jarnkrok,C,NSH,69,-23,dz_faceoff_win
8475714,Calle Jarnkrok,C,NSH,69,22,dz_faceoff_win
8475714,Calle Jarnkrok,C,NSH,-68,21,dz_faceoff_win
8475714,Calle Jarnkrok,C,NSH,70,22,dz_faceoff_win
8475714,Calle Jarnkrok,C,NSH,68,25,dz_faceoff_win
8475714,Calle Jarnkrok,C,NSH,-67,21,dz_faceoff_win
8475714,Calle Jarnkrok,C,NSH,-67,-20,dz_faceoff_win
8475714,Calle Jarnkrok,C,NSH,70,21,dz_faceoff_win
8475714,Calle Jarnkrok,C,NSH,70,21,dz_faceoff_win
8475714,Calle Jarnkrok,C,NSH,-68,-22,dz_faceoff_win
8475714,Calle Jarnkrok,C,NSH,70,-23,dz_faceoff_win
8475714,Calle Jarnkrok,C,NSH,-72,-23,dz_faceoff_win
8475714,Calle Jarnkrok,C,NSH,69,22,dz_faceoff_win
8475714,Calle Jarnkrok,C,NSH,70,23,dz_faceoff_win
8475714,Calle Jarnkrok,C,NSH,68,20,dz_faceoff_win
8475714,Calle Jarnkrok,C,NSH,68,24,dz_faceoff_win
8475714,Calle Jarnkrok,C,NSH,70,-22,dz_faceoff_win
8475714,Calle Jarnkrok,C,NSH,-68,-21,dz_faceoff_win
8475714,Calle Jarnkrok,C,NSH,70,22,dz_faceoff_win
8475714,Calle Jarnkrok,C,NSH,71,21,dz_faceoff_win
8475714,Calle Jarnkrok,C,NSH,70,-24,dz_faceoff_win
8475714,Calle Jarnkrok,C,NSH,-69,21,dz_faceoff_win
8475714,Calle Jarnkrok,C,NSH,-68,-21,dz_faceoff_win
8475714,Calle Jarnkrok,C,NSH,-69,-22,dz_faceoff_win
8475714,Calle Jarnkrok,C,NSH,69,-22,dz_faceoff_win
8475714,Calle Jarnkrok,C,NSH,69,22,dz_faceoff_win
8475714,Calle Jarnkrok,C,NSH,-68,-22,dz_faceoff_win
8475714,Calle Jarnkrok,C,NSH,-69,22,dz_faceoff_win
8475714,Calle Jarnkrok,C,NSH,-69,-22,dz_faceoff_win
8475714,Calle Jarnkrok,C,NSH,69,-22,dz_faceoff_win
8475714,Calle Jarnkrok,C,NSH,70,21,dz_faceoff_win
8475714,Calle Jarnkrok,C,NSH,69,-22,dz_faceoff_win
8475714,Calle Jarnkrok,C,NSH,69,-22,dz_faceoff_win
8475714,Calle Jarnkrok,C,NSH,70,-22,dz_faceoff_win
8475714,Calle Jarnkrok,C,NSH,-69,-22,dz_faceoff_win
8475714,Calle Jarnkrok,C,NSH,-69,-22,dz_faceoff_win
8475714,Calle Jarnkrok,C,NSH,77,39,hit_taken
8475714,Calle Jarnkrok,C,NSH,52,39,hit_taken
8475714,Calle Jarnkrok,C,NSH,75,38,hit_taken
8475714,Calle Jarnkrok,C,NSH,-54,-37,hit_taken
8475714,Calle Jarnkrok,C,NSH,87,40,hit_taken
8475714,Calle Jarnkrok,C,NSH,-13,-39,hit_taken
8475714,Calle Jarnkrok,C,NSH,54,35,hit_taken
8475714,Calle Jarnkrok,C,NSH,48,39,hit_taken
8475714,Calle Jarnkrok,C,NSH,46,-37,hit_taken
8475714,Calle Jarnkrok,C,NSH,-35,-39,hit_taken
8475714,Calle Jarnkrok,C,NSH,13,40,hit_taken
8475714,Calle Jarnkrok,C,NSH,90,38,hit_taken
8475714,Calle Jarnkrok,C,NSH,72,-41,hit_taken
8475714,Calle Jarnkrok,C,NSH,52,-40,hit_taken
8475714,Calle Jarnkrok,C,NSH,49,39,hit_taken
8475714,Calle Jarnkrok,C,NSH,-16,41,hit_taken
8475714,Calle Jarnkrok,C,NSH,94,-37,hit_taken
8475714,Calle Jarnkrok,C,NSH,-89,-39,hit_taken
8475714,Calle Jarnkrok,C,NSH,-46,-40,hit_taken
8475714,Calle Jarnkrok,C,NSH,86,38,hit_taken
8475714,Calle Jarnkrok,C,NSH,82,39,hit_taken
8475714,Calle Jarnkrok,C,NSH,-30,-38,hit_taken
8475714,Calle Jarnkrok,C,NSH,-76,40,hit_taken
8475714,Calle Jarnkrok,C,NSH,-86,40,hit_taken
8475714,Calle Jarnkrok,C,NSH,-97,-3,hit_taken
8475714,Calle Jarnkrok,C,NSH,96,34,hit_taken
8475714,Calle Jarnkrok,C,NSH,15,39,hit_taken
8475714,Calle Jarnkrok,C,NSH,-81,-39,hit_taken
8475714,Calle Jarnkrok,C,NSH,12,-18,hit_taken
8475714,Calle Jarnkrok,C,NSH,-85,-40,hit_taken
8475714,Calle Jarnkrok,C,NSH,29,37,hit_taken
8475714,Calle Jarnkrok,C,NSH,47,-38,hit_thrown
8475714,Calle Jarnkrok,C,NSH,-77,40,hit_thrown
8475714,Calle Jarnkrok,C,NSH,-49,-38,hit_thrown
8475714,Calle Jarnkrok,C,NSH,49,38,hit_thrown
8475714,Calle Jarnkrok,C,NSH,-58,-38,hit_thrown
8475714,Calle Jarnkrok,C,NSH,-97,3,hit_thrown
8475714,Calle Jarnkrok,C,NSH,-23,18,hit_thrown
8475714,Calle Jarnkrok,C,NSH,-7,37,hit_thrown
8475714,Calle Jarnkrok,C,NSH,97,-7,hit_thrown
8475714,Calle Jarnkrok,C,NSH,90,-33,hit_thrown
8475714,Calle Jarnkrok,C,NSH,-8,-16,hit_thrown
8475714,Calle Jarnkrok,C,NSH,10,-40,hit_thrown
8475714,Calle Jarnkrok,C,NSH,16,-40,hit_thrown
8475714,Calle Jarnkrok,C,NSH,87,-40,hit_thrown
8475714,Calle Jarnkrok,C,NSH,-50,-40,hit_thrown
8475714,Calle Jarnkrok,C,NSH,46,-36,hit_thrown
8475714,Calle Jarnkrok,C,NSH,-94,-33,hit_thrown
8475714,Calle Jarnkrok,C,NSH,-93,34,hit_thrown
8475714,Calle Jarnkrok,C,NSH,-98,29,hit_thrown
8475714,Calle Jarnkrok,C,NSH,40,-40,hit_thrown
8475714,Calle Jarnkrok,C,NSH,-48,39,hit_thrown
8475714,Calle Jarnkrok,C,NSH,99,-11,takeaway_hd
8475714,Calle Jarnkrok,C,NSH,97,-2,takeaway_hd
8475714,Calle Jarnkrok,C,NSH,82,38,takeaway_other
8475714,Calle Jarnkrok,C,NSH,-40,13,takeaway_other
8475714,Calle Jarnkrok,C,NSH,-1,-20,takeaway_other
8475714,Calle Jarnkrok,C,NSH,-31,-38,takeaway_other
8475714,Calle Jarnkrok,C,NSH,41,36,takeaway_other
8475714,Calle Jarnkrok,C,NSH,-61,38,takeaway_other
8475714,Calle Jarnkrok,C,NSH,-53,-39,takeaway_other
8475714,Calle Jarnkrok,C,NSH,-52,-19,takeaway_other
8475715,Oscar Lindberg,C,NYR,82,-6,block_hd
8475715,Oscar Lindberg,C,NYR,-67,12,block_non_hd
8475715,Oscar Lindberg,C,NYR,-43,-23,block_non_hd
8475715,Oscar Lindberg,C,NYR,84,-9,crease_goal
8475715,Oscar Lindberg,C,NYR,81,-8,crease_goal
8475715,Oscar Lindberg,C,NYR,69,-22,dz_faceoff_win
8475715,Oscar Lindberg,C,NYR,-69,-21,dz_faceoff_win
8475715,Oscar Lindberg,C,NYR,69,-21,dz_faceoff_win
8475715,Oscar Lindberg,C,NYR,69,22,dz_faceoff_win
8475715,Oscar Lindberg,C,NYR,69,22,dz_faceoff_win
8475715,Oscar Lindberg,C,NYR,-69,-22,dz_faceoff_win
8475715,Oscar Lindberg,C,NYR,69,22,dz_faceoff_win
8475715,Oscar Lindberg,C,NYR,-68,21,dz_faceoff_win
8475715,Oscar Lindberg,C,NYR,69,-23,dz_faceoff_win
8475715,Oscar Lindberg,C,NYR,-69,-23,dz_faceoff_win
8475715,Oscar Lindberg,C,NYR,-97,26,hit_taken
8475715,Oscar Lindberg,C,NYR,49,39,hit_taken
8475715,Oscar Lindberg,C,NYR,-66,-39,hit_taken
8475715,Oscar Lindberg,C,NYR,-96,-7,hit_taken
8475715,Oscar Lindberg,C,NYR,23,-38,hit_taken
8475715,Oscar Lindberg,C,NYR,94,34,hit_taken
8475715,Oscar Lindberg,C,NYR,-91,-40,hit_taken
8475715,Oscar Lindberg,C,NYR,-92,36,hit_taken
8475715,Oscar Lindberg,C,NYR,45,-40,hit_taken
8475715,Oscar Lindberg,C,NYR,-39,-39,hit_taken
8475715,Oscar Lindberg,C,NYR,12,-24,hit_taken
8475715,Oscar Lindberg,C,NYR,-30,41,hit_taken
8475715,Oscar Lindberg,C,NYR,-92,37,hit_taken
8475715,Oscar Lindberg,C,NYR,-7,-37,hit_taken
8475715,Oscar Lindberg,C,NYR,51,39,hit_taken
8475715,Oscar Lindberg,C,NYR,93,-35,hit_taken
8475715,Oscar Lindberg,C,NYR,-96,10,hit_thrown
8475715,Oscar Lindberg,C,NYR,58,41,hit_thrown
8475715,Oscar Lindberg,C,NYR,13,40,hit_thrown
8475715,Oscar Lindberg,C,NYR,-90,-40,hit_thrown
8475715,Oscar Lindberg,C,NYR,74,-40,hit_thrown
8475715,Oscar Lindberg,C,NYR,97,21,hit_thrown
8475715,Oscar Lindberg,C,NYR,-69,39,hit_thrown
8475715,Oscar Lindberg,C,NYR,82,-39,hit_thrown
8475715,Oscar Lindberg,C,NYR,-96,7,hit_thrown
8475715,Oscar Lindberg,C,NYR,97,-8,hit_thrown
8475715,Oscar Lindberg,C,NYR,83,-26,hit_thrown
8475715,Oscar Lindberg,C,NYR,88,41,hit_thrown
8475715,Oscar Lindberg,C,NYR,-78,-8,hit_thrown
8475715,Oscar Lindberg,C,NYR,82,-39,hit_thrown
8475715,Oscar Lindberg,C,NYR,-96,-9,hit_thrown
8475715,Oscar Lindberg,C,NYR,-89,38,hit_thrown
8475715,Oscar Lindberg,C,NYR,5,-39,hit_thrown
8475715,Oscar Lindberg,C,NYR,76,-40,hit_thrown
8475715,Oscar Lindberg,C,NYR,-93,32,hit_thrown
8475715,Oscar Lindberg,C,NYR,-56,-40,hit_thrown
8475715,Oscar Lindberg,C,NYR,-63,-40,hit_thrown
8475715,Oscar Lindberg,C,NYR,27,-40,hit_thrown
8475715,Oscar Lindberg,C,NYR,94,-23,hit_thrown
8475715,Oscar Lindberg,C,NYR,65,41,hit_thrown
8475715,Oscar Lindberg,C,NYR,-92,28,hit_thrown
8475715,Oscar Lindberg,C,NYR,73,39,hit_thrown
8475715,Oscar Lindberg,C,NYR,-84,39,hit_thrown
8475715,Oscar Lindberg,C,NYR,87,-39,hit_thrown
8475715,Oscar Lindberg,C,NYR,-38,35,hit_thrown
8475715,Oscar Lindberg,C,NYR,-75,-37,hit_thrown
8475715,Oscar Lindberg,C,NYR,-96,-22,hit_thrown
8475715,Oscar Lindberg,C,NYR,98,-6,hit_thrown
8475715,Oscar Lindberg,C,NYR,98,10,hit_thrown
8475715,Oscar Lindberg,C,NYR,-87,-38,hit_thrown
8475715,Oscar Lindberg,C,NYR,-97,-9,hit_thrown
8475715,Oscar Lindberg,C,NYR,-29,-40,hit_thrown
8475715,Oscar Lindberg,C,NYR,-39,41,hit_thrown
8475715,Oscar Lindberg,C,NYR,-95,8,hit_thrown
8475715,Oscar Lindberg,C,NYR,-95,-28,hit_thrown
8475715,Oscar Lindberg,C,NYR,-93,-35,hit_thrown
8475715,Oscar Lindberg,C,NYR,-69,-29,takeaway_other
8475716,Martin Marincin,D,TOR,-82,-3,block_hd
8475716,Martin Marincin,D,TOR,-76,8,block_hd
8475716,Martin Marincin,D,TOR,-86,6,block_hd
8475716,Martin Marincin,D,TOR,75,-2,block_hd
8475716,Martin Marincin,D,TOR,-74,5,block_hd
8475716,Martin Marincin,D,TOR,78,-4,block_hd
8475716,Martin Marincin,D,TOR,74,-14,block_hd
8475716,Martin Marincin,D,TOR,-79,-8,block_hd
8475716,Martin Marincin,D,TOR,72,-13,block_hd
8475716,Martin Marincin,D,TOR,-67,-7,block_non_hd
8475716,Martin Marincin,D,TOR,57,11,block_non_hd
8475716,Martin Marincin,D,TOR,88,-29,hit_taken
8475716,Martin Marincin,D,TOR,92,-25,hit_taken
8475716,Martin Marincin,D,TOR,-81,-38,hit_taken
8475716,Martin Marincin,D,TOR,96,-14,hit_taken
8475716,Martin Marincin,D,TOR,-95,14,hit_taken
8475716,Martin Marincin,D,TOR,-92,38,hit_taken
8475716,Martin Marincin,D,TOR,77,40,hit_thrown
8475716,Martin Marincin,D,TOR,-58,2,hit_thrown
8475716,Martin Marincin,D,TOR,95,-26,hit_thrown
8475716,Martin Marincin,D,TOR,55,38,hit_thrown
8475716,Martin Marincin,D,TOR,96,-12,hit_thrown
8475716,Martin Marincin,D,TOR,89,-32,hit_thrown
8475716,Martin Marincin,D,TOR,-72,12,takeaway_hd
8475716,Martin Marincin,D,TOR,-62,36,takeaway_other
8475716,Martin Marincin,D,TOR,-32,-37,takeaway_other
8475722,Jason Zucker,L,MIN,-78,1,block_hd
8475722,Jason Zucker,L,MIN,59,-30,block_non_hd
8475722,Jason Zucker,L,MIN,46,40,hit_taken
8475722,Jason Zucker,L,MIN,-37,-38,hit_thrown
8475722,Jason Zucker,L,MIN,63,38,hit_thrown
8475722,Jason Zucker,L,MIN,-50,-39,hit_thrown
8475722,Jason Zucker,L,MIN,-95,-13,hit_thrown
8475722,Jason Zucker,L,MIN,90,-41,hit_thrown
8475722,Jason Zucker,L,MIN,-73,-40,hit_thrown
8475722,Jason Zucker,L,MIN,8,-39,hit_thrown
8475722,Jason Zucker,L,MIN,-59,40,hit_thrown
8475722,Jason Zucker,L,MIN,57,-38,hit_thrown
8475722,Jason Zucker,L,MIN,79,39,hit_thrown
8475722,Jason Zucker,L,MIN,-35,-4,takeaway_other
8475722,Jason Zucker,L,MIN,12,-1,takeaway_other
8475722,Jason Zucker,L,MIN,-53,38,takeaway_other
8475727,Ryan Spooner,C,BOS,37,18,block_non_hd
8475727,Ryan Spooner,C,BOS,69,-23,dz_faceoff_win
8475727,Ryan Spooner,C,BOS,5,23,hit_taken
8475727,Ryan Spooner,C,BOS,31,-31,hit_taken
8475727,Ryan Spooner,C,BOS,85,-31,hit_taken
8475727,Ryan Spooner,C,BOS,16,-40,hit_thrown
8475727,Ryan Spooner,C,BOS,80,41,hit_thrown
8475727,Ryan Spooner,C,BOS,-61,40,hit_thrown
8475727,Ryan Spooner,C,BOS,94,-20,hit_thrown
8475727,Ryan Spooner,C,BOS,-88,35,hit_thrown
8475727,Ryan Spooner,C,BOS,57,40,hit_thrown
8475744,Evgeny Kuznetsov,C,WSH,-71,-1,block_hd
8475744,Evgeny Kuznetsov,C,WSH,71,-1,block_hd
8475744,Evgeny Kuznetsov,C,WSH,-75,4,block_hd
8475744,Evgeny Kuznetsov,C,WSH,67,8,block_non_hd
8475744,Evgeny Kuznetsov,C,WSH,-63,6,block_non_hd
8475744,Evgeny Kuznetsov,C,WSH,-39,-26,block_non_hd
8475744,Evgeny Kuznetsov,C,WSH,-61,-5,block_non_hd
8475744,Evgeny Kuznetsov,C,WSH,69,-23,dz_faceoff_win
8475744,Evgeny Kuznetsov,C,WSH,-69,-22,dz_faceoff_win
8475744,Evgeny Kuznetsov,C,WSH,70,-23,dz_faceoff_win
8475744,Evgeny Kuznetsov,C,WSH,-69,22,dz_faceoff_win
8475744,Evgeny Kuznetsov,C,WSH,-69,-21,dz_faceoff_win
8475744,Evgeny Kuznetsov,C,WSH,-70,22,dz_faceoff_win
8475744,Evgeny Kuznetsov,C,WSH,-68,22,dz_faceoff_win
8475744,Evgeny Kuznetsov,C,WSH,69,23,dz_faceoff_win
8475744,Evgeny Kuznetsov,C,WSH,69,23,dz_faceoff_win
8475744,Evgeny Kuznetsov,C,WSH,70,22,dz_faceoff_win
8475744,Evgeny Kuznetsov,C,WSH,-69,21,dz_faceoff_win
8475744,Evgeny Kuznetsov,C,WSH,69,22,dz_faceoff_win
8475744,Evgeny Kuznetsov,C,WSH,70,-23,dz_faceoff_win
8475744,Evgeny Kuznetsov,C,WSH,-70,23,dz_faceoff_win
8475744,Evgeny Kuznetsov,C,WSH,69,-22,dz_faceoff_win
8475744,Evgeny Kuznetsov,C,WSH,69,-21,dz_faceoff_win
8475744,Evgeny Kuznetsov,C,WSH,69,-22,dz_faceoff_win
8475744,Evgeny Kuznetsov,C,WSH,69,22,dz_faceoff_win
8475744,Evgeny Kuznetsov,C,WSH,-63,34,hit_taken
8475744,Evgeny Kuznetsov,C,WSH,-98,16,hit_taken
8475744,Evgeny Kuznetsov,C,WSH,54,-38,hit_taken
8475744,Evgeny Kuznetsov,C,WSH,-9,37,hit_taken
8475744,Evgeny Kuznetsov,C,WSH,93,-22,hit_taken
8475744,Evgeny Kuznetsov,C,WSH,-88,36,hit_taken
8475744,Evgeny Kuznetsov,C,WSH,-78,-20,hit_taken
8475744,Evgeny Kuznetsov,C,WSH,85,-39,hit_taken
8475744,Evgeny Kuznetsov,C,WSH,-97,-4,hit_taken
8475744,Evgeny Kuznetsov,C,WSH,78,39,hit_taken
8475744,Evgeny Kuznetsov,C,WSH,93,-32,hit_taken
8475744,Evgeny Kuznetsov,C,WSH,-52,25,hit_taken
8475744,Evgeny Kuznetsov,C,WSH,95,21,hit_taken
8475744,Evgeny Kuznetsov,C,WSH,-95,27,hit_taken
8475744,Evgeny Kuznetsov,C,WSH,-97,18,hit_taken
8475744,Evgeny Kuznetsov,C,WSH,98,2,hit_taken
8475744,Evgeny Kuznetsov,C,WSH,-85,39,hit_taken
8475744,Evgeny Kuznetsov,C,WSH,-85,-38,hit_taken
8475744,Evgeny Kuznetsov,C,WSH,-94,-32,hit_taken
8475744,Evgeny Kuznetsov,C,WSH,-21,-29,hit_taken
8475744,Evgeny Kuznetsov,C,WSH,-90,-39,hit_taken
8475744,Evgeny Kuznetsov,C,WSH,52,-36,hit_taken
8475744,Evgeny Kuznetsov,C,WSH,94,-34,hit_thrown
8475744,Evgeny Kuznetsov,C,WSH,-50,39,hit_thrown
8475744,Evgeny Kuznetsov,C,WSH,70,-36,hit_thrown
8475744,Evgeny Kuznetsov,C,WSH,-22,-37,hit_thrown
8475744,Evgeny Kuznetsov,C,WSH,-54,-3,hit_thrown
8475744,Evgeny Kuznetsov,C,WSH,-97,7,hit_thrown
8475744,Evgeny Kuznetsov,C,WSH,94,-29,hit_thrown
8475744,Evgeny Kuznetsov,C,WSH,38,37,hit_thrown
8475744,Evgeny Kuznetsov,C,WSH,78,-37,hit_thrown
8475744,Evgeny Kuznetsov,C,WSH,-85,36,hit_thrown
8475744,Evgeny Kuznetsov,C,WSH,-33,-40,hit_thrown
8475744,Evgeny Kuznetsov,C,WSH,-94,27,hit_thrown
8475744,Evgeny Kuznetsov,C,WSH,-18,-40,hit_thrown
8475744,Evgeny Kuznetsov,C,WSH,-67,41,hit_thrown
8475744,Evgeny Kuznetsov,C,WSH,-83,-39,hit_thrown
8475744,Evgeny Kuznetsov,C,WSH,31,36,hit_thrown
8475744,Evgeny Kuznetsov,C,WSH,0,41,hit_thrown
8475744,Evgeny Kuznetsov,C,WSH,-96,-33,hit_thrown
8475744,Evgeny Kuznetsov,C,WSH,-87,-39,hit_thrown
8475744,Evgeny Kuznetsov,C,WSH,-34,-38,hit_thrown
8475744,Evgeny Kuznetsov,C,WSH,96,28,hit_thrown
8475744,Evgeny Kuznetsov,C,WSH,86,-39,hit_thrown
8475744,Evgeny Kuznetsov,C,WSH,27,40,hit_thrown
8475744,Evgeny Kuznetsov,C,WSH,-61,-6,takeaway_other
8475744,Evgeny Kuznetsov,C,WSH,0,-35,takeaway_other
8475744,Evgeny Kuznetsov,C,WSH,-65,-4,takeaway_other
8475744,Evgeny Kuznetsov,C,WSH,41,36,takeaway_other
8475745,Charlie Coyle,C,MIN,76,2,block_hd
8475745,Charlie Coyle,C,MIN,52,-6,block_non_hd
8475745,Charlie Coyle,C,MIN,82,6,crease_goal
8475745,Charlie Coyle,C,MIN,-89,-33,dz_faceoff_win
8475745,Charlie Coyle,C,MIN,97,-3,hit_taken
8475745,Charlie Coyle,C,MIN,-11,-39,hit_taken
8475745,Charlie Coyle,C,MIN,63,40,hit_taken
8475745,Charlie Coyle,C,MIN,55,41,hit_taken
8475745,Charlie Coyle,C,MIN,-96,-15,hit_taken
8475745,Charlie Coyle,C,MIN,51,37,hit_thrown
8475745,Charlie Coyle,C,MIN,-83,38,hit_thrown
8475745,Charlie Coyle,C,MIN,55,36,hit_thrown
8475745,Charlie Coyle,C,MIN,97,14,hit_thrown
8475745,Charlie Coyle,C,MIN,-49,36,hit_thrown
8475745,Charlie Coyle,C,MIN,-96,11,hit_thrown
8475745,Charlie Coyle,C,MIN,-43,38,hit_thrown
8475745,Charlie Coyle,C,MIN,-97,13,hit_thrown
8475745,Charlie Coyle,C,MIN,97,0,hit_thrown
8475745,Charlie Coyle,C,MIN,97,7,hit_thrown
8475745,Charlie Coyle,C,MIN,96,36,hit_thrown
8475745,Charlie Coyle,C,MIN,-75,-41,hit_thrown
8475745,Charlie Coyle,C,MIN,-88,39,hit_thrown
8475745,Charlie Coyle,C,MIN,99,-1,hit_thrown
8475745,Charlie Coyle,C,MIN,-87,36,hit_thrown
8475745,Charlie Coyle,C,MIN,-82,11,takeaway_hd
8475745,Charlie Coyle,C,MIN,-16,25,takeaway_other
8475745,Charlie Coyle,C,MIN,-86,-39,takeaway_other
8475745,Charlie Coyle,C,MIN,-9,0,takeaway_other
8475745,Charlie Coyle,C,MIN,-59,12,takeaway_other
8475763,Kevin Hayes,R,NYR,80,4,block_hd
8475763,Kevin Hayes,R,NYR,-78,11,block_hd
8475763,Kevin Hayes,R,NYR,48,23,block_non_hd
8475763,Kevin Hayes,R,NYR,-51,-37,block_non_hd
8475763,Kevin Hayes,R,NYR,-56,-33,block_non_hd
8475763,Kevin Hayes,R,NYR,45,-32,block_non_hd
8475763,Kevin Hayes,R,NYR,63,-14,block_non_hd
8475763,Kevin Hayes,R,NYR,-54,-33,block_non_hd
8475763,Kevin Hayes,R,NYR,69,-22,dz_faceoff_win
8475763,Kevin Hayes,R,NYR,69,-22,dz_faceoff_win
8475763,Kevin Hayes,R,NYR,-69,-22,dz_faceoff_win
8475763,Kevin Hayes,R,NYR,-69,23,dz_faceoff_win
8475763,Kevin Hayes,R,NYR,69,23,dz_faceoff_win
8475763,Kevin Hayes,R,NYR,69,-22,dz_faceoff_win
8475763,Kevin Hayes,R,NYR,-69,-22,dz_faceoff_win
8475763,Kevin Hayes,R,NYR,-69,22,dz_faceoff_win
8475763,Kevin Hayes,R,NYR,-69,21,dz_faceoff_win
8475763,Kevin Hayes,R,NYR,-69,23,dz_faceoff_win
8475763,Kevin Hayes,R,NYR,69,-21,dz_faceoff_win
8475763,Kevin Hayes,R,NYR,69,-23,dz_faceoff_win
8475763,Kevin Hayes,R,NYR,69,21,dz_faceoff_win
8475763,Kevin Hayes,R,NYR,70,-23,dz_faceoff_win
8475763,Kevin Hayes,R,NYR,69,-23,dz_faceoff_win
8475763,Kevin Hayes,R,NYR,69,21,dz_faceoff_win
8475763,Kevin Hayes,R,NYR,69,-23,dz_faceoff_win
8475763,Kevin Hayes,R,NYR,-68,-23,dz_faceoff_win
8475763,Kevin Hayes,R,NYR,70,-23,dz_faceoff_win
8475763,Kevin Hayes,R,NYR,69,-23,dz_faceoff_win
8475763,Kevin Hayes,R,NYR,69,-23,dz_faceoff_win
8475763,Kevin Hayes,R,NYR,69,-22,dz_faceoff_win
8475763,Kevin Hayes,R,NYR,-69,-23,dz_faceoff_win
8475763,Kevin Hayes,R,NYR,69,-22,dz_faceoff_win
8475763,Kevin Hayes,R,NYR,69,-23,dz_faceoff_win
8475763,Kevin Hayes,R,NYR,70,-22,dz_faceoff_win
8475763,Kevin Hayes,R,NYR,69,-23,dz_faceoff_win
8475763,Kevin Hayes,R,NYR,-68,21,dz_faceoff_win
8475763,Kevin Hayes,R,NYR,-68,20,dz_faceoff_win
8475763,Kevin Hayes,R,NYR,-68,20,dz_faceoff_win
8475763,Kevin Hayes,R,NYR,70,-23,dz_faceoff_win
8475763,Kevin Hayes,R,NYR,69,-23,dz_faceoff_win
8475763,Kevin Hayes,R,NYR,69,-23,dz_faceoff_win
8475763,Kevin Hayes,R,NYR,68,-22,dz_faceoff_win
8475763,Kevin Hayes,R,NYR,69,-23,dz_faceoff_win
8475763,Kevin Hayes,R,NYR,70,-22,dz_faceoff_win
8475763,Kevin Hayes,R,NYR,69,-22,dz_faceoff_win
8475763,Kevin Hayes,R,NYR,69,-22,dz_faceoff_win
8475763,Kevin Hayes,R,NYR,-69,-22,dz_faceoff_win
8475763,Kevin Hayes,R,NYR,-69,-22,dz_faceoff_win
8475763,Kevin Hayes,R,NYR,69,-23,dz_faceoff_win
8475763,Kevin Hayes,R,NYR,69,-23,dz_faceoff_win
8475763,Kevin Hayes,R,NYR,-68,-22,dz_faceoff_win
8475763,Kevin Hayes,R,NYR,69,22,dz_faceoff_win
8475763,Kevin Hayes,R,NYR,69,21,dz_faceoff_win
8475763,Kevin Hayes,R,NYR,-68,21,dz_faceoff_win
8475763,Kevin Hayes,R,NYR,-69,21,dz_faceoff_win
8475763,Kevin Hayes,R,NYR,69,-23,dz_faceoff_win
8475763,Kevin Hayes,R,NYR,70,-23,dz_faceoff_win
8475763,Kevin Hayes,R,NYR,-68,21,dz_faceoff_win
8475763,Kevin Hayes,R,NYR,70,-23,dz_faceoff_win
8475763,Kevin Hayes,R,NYR,70,22,dz_faceoff_win
8475763,Kevin Hayes,R,NYR,-69,21,dz_faceoff_win
8475763,Kevin Hayes,R,NYR,-46,-37,hit_taken
8475763,Kevin Hayes,R,NYR,-46,40,hit_taken
8475763,Kevin Hayes,R,NYR,-66,42,hit_taken
8475763,Kevin Hayes,R,NYR,-73,-39,hit_taken
8475763,Kevin Hayes,R,NYR,-43,40,hit_taken
8475763,Kevin Hayes,R,NYR,-3,-2,hit_taken
8475763,Kevin Hayes,R,NYR,77,40,hit_taken
8475763,Kevin Hayes,R,NYR,-94,-33,hit_taken
8475763,Kevin Hayes,R,NYR,76,-40,hit_taken
8475763,Kevin Hayes,R,NYR,-15,-37,hit_taken
8475763,Kevin Hayes,R,NYR,-94,-11,hit_taken
8475763,Kevin Hayes,R,NYR,75,38,hit_taken
8475763,Kevin Hayes,R,NYR,-80,-39,hit_taken
8475763,Kevin Hayes,R,NYR,-38,-39,hit_taken
8475763,Kevin Hayes,R,NYR,98,-19,hit_taken
8475763,Kevin Hayes,R,NYR,72,-19,hit_taken
8475763,Kevin Hayes,R,NYR,90,39,hit_thrown
8475763,Kevin Hayes,R,NYR,-94,34,hit_thrown
8475763,Kevin Hayes,R,NYR,35,-38,hit_thrown
8475763,Kevin Hayes,R,NYR,-34,-42,hit_thrown
8475763,Kevin Hayes,R,NYR,98,-25,hit_thrown
8475763,Kevin Hayes,R,NYR,-93,-37,hit_thrown
8475763,Kevin Hayes,R,NYR,-8,-40,hit_thrown
8475763,Kevin Hayes,R,NYR,-58,-40,hit_thrown
8475763,Kevin Hayes,R,NYR,-77,40,hit_thrown
8475763,Kevin Hayes,R,NYR,55,-38,hit_thrown
8475763,Kevin Hayes,R,NYR,80,40,hit_thrown
8475763,Kevin Hayes,R,NYR,97,25,hit_thrown
8475763,Kevin Hayes,R,NYR,-96,-14,hit_thrown
8475763,Kevin Hayes,R,NYR,16,33,hit_thrown
8475763,Kevin Hayes,R,NYR,73,39,hit_thrown
8475763,Kevin Hayes,R,NYR,85,9,hit_thrown
8475763,Kevin Hayes,R,NYR,70,38,hit_thrown
8475763,Kevin Hayes,R,NYR,94,-11,takeaway_hd
8475763,Kevin Hayes,R,NYR,70,34,takeaway_other
8475763,Kevin Hayes,R,NYR,35,37,takeaway_other
8475763,Kevin Hayes,R,NYR,-63,39,takeaway_other
8475763,Kevin Hayes,R,NYR,1,-5,takeaway_other
8475763,Kevin Hayes,R,NYR,47,-12,takeaway_other
8475764,Cam Fowler,D,ANA,79,-2,block_hd
8475764,Cam Fowler,D,ANA,75,-11,block_hd
8475764,Cam Fowler,D,ANA,77,-1,block_hd
8475764,Cam Fowler,D,ANA,71,4,block_hd
8475764,Cam Fowler,D,ANA,79,-8,block_hd
8475764,Cam Fowler,D,ANA,86,-4,block_hd
8475764,Cam Fowler,D,ANA,72,12,block_hd
8475764,Cam Fowler,D,ANA,-79,11,block_hd
8475764,Cam Fowler,D,ANA,82,-8,block_hd
8475764,Cam Fowler,D,ANA,66,0,block_non_hd
8475764,Cam Fowler,D,ANA,-70,19,block_non_hd
8475764,Cam Fowler,D,ANA,-52,-14,block_non_hd
8475764,Cam Fowler,D,ANA,-60,14,block_non_hd
8475764,Cam Fowler,D,ANA,67,-3,block_non_hd
8475764,Cam Fowler,D,ANA,-68,-8,block_non_hd
8475764,Cam Fowler,D,ANA,-60,12,block_non_hd
8475764,Cam Fowler,D,ANA,-68,7,block_non_hd
8475764,Cam Fowler,D,ANA,-66,-25,block_non_hd
8475764,Cam Fowler,D,ANA,-64,-5,block_non_hd
8475764,Cam Fowler,D,ANA,-83,-39,hit_taken
8475764,Cam Fowler,D,ANA,97,10,hit_taken
8475764,Cam Fowler,D,ANA,-96,8,hit_taken
8475764,Cam Fowler,D,ANA,95,14,hit_taken
8475764,Cam Fowler,D,ANA,41,0,hit_taken
8475764,Cam Fowler,D,ANA,88,37,hit_taken
8475764,Cam Fowler,D,ANA,-75,-40,hit_taken
8475764,Cam Fowler,D,ANA,-73,-37,hit_taken
8475764,Cam Fowler,D,ANA,94,-15,hit_taken
8475764,Cam Fowler,D,ANA,71,40,hit_taken
8475764,Cam Fowler,D,ANA,-22,39,hit_taken
8475764,Cam Fowler,D,ANA,-92,-37,hit_taken
8475764,Cam Fowler,D,ANA,-88,38,hit_taken
8475764,Cam Fowler,D,ANA,76,-38,hit_taken
8475764,Cam Fowler,D,ANA,95,1,hit_taken
8475764,Cam Fowler,D,ANA,96,-19,hit_taken
8475764,Cam Fowler,D,ANA,-43,38,hit_taken
8475764,Cam Fowler,D,ANA,-90,-39,hit_taken
8475764,Cam Fowler,D,ANA,93,-34,hit_taken
8475764,Cam Fowler,D,ANA,-98,18,hit_taken
8475764,Cam Fowler,D,ANA,-97,31,hit_taken
8475764,Cam Fowler,D,ANA,-91,33,hit_taken
8475764,Cam Fowler,D,ANA,92,-31,hit_taken
8475764,Cam Fowler,D,ANA,-45,-40,hit_thrown
8475764,Cam Fowler,D,ANA,-97,30,hit_thrown
8475764,Cam Fowler,D,ANA,68,-37,hit_thrown
8475764,Cam Fowler,D,ANA,73,-36,hit_thrown
8475764,Cam Fowler,D,ANA,-40,40,hit_thrown
8475764,Cam Fowler,D,ANA,-31,39,hit_thrown
8475764,Cam Fowler,D,ANA,-96,-5,takeaway_hd
8475764,Cam Fowler,D,ANA,-42,7,takeaway_other
8475764,Cam Fowler,D,ANA,78,-34,takeaway_other
8475764,Cam Fowler,D,ANA,76,-23,takeaway_other
8475764,Cam Fowler,D,ANA,-44,39,takeaway_other
8475764,Cam Fowler,D,ANA,46,-26,takeaway_other
8475764,Cam Fowler,D,ANA,96,23,takeaway_other
8475764,Cam Fowler,D,ANA,22,-3,takeaway_other
8475764,Cam Fowler,D,ANA,66,-34,takeaway_other
8475765,Vladimir Tarasenko,R,STL,-73,-13,block_hd
8475765,Vladimir Tarasenko,R,STL,-76,-5,block_hd
8475765,Vladimir Tarasenko,R,STL,-53,17,block_non_hd
8475765,Vladimir Tarasenko,R,STL,-43,-24,block_non_hd
8475765,Vladimir Tarasenko,R,STL,65,25,block_non_hd
8475765,Vladimir Tarasenko,R,STL,45,15,block_non_hd
8475765,Vladimir Tarasenko,R,STL,-66,-9,block_non_hd
8475765,Vladimir Tarasenko,R,STL,51,28,block_non_hd
8475765,Vladimir Tarasenko,R,STL,82,1,crease_goal
8475765,Vladimir Tarasenko,R,STL,-48,-40,hit_taken
8475765,Vladimir Tarasenko,R,STL,-49,-38,hit_taken
8475765,Vladimir Tarasenko,R,STL,-82,40,hit_taken
8475765,Vladimir Tarasenko,R,STL,15,-35,hit_taken
8475765,Vladimir Tarasenko,R,STL,32,-41,hit_taken
8475765,Vladimir Tarasenko,R,STL,-96,10,hit_taken
8475765,Vladimir Tarasenko,R,STL,-12,40,hit_taken
8475765,Vladimir Tarasenko,R,STL,-99,-3,hit_taken
8475765,Vladimir Tarasenko,R,STL,-11,37,hit_taken
8475765,Vladimir Tarasenko,R,STL,-50,39,hit_taken
8475765,Vladimir Tarasenko,R,STL,-96,-10,hit_taken
8475765,Vladimir Tarasenko,R,STL,-96,12,hit_taken
8475765,Vladimir Tarasenko,R,STL,-49,-38,hit_taken
8475765,Vladimir Tarasenko,R,STL,-36,23,hit_taken
8475765,Vladimir Tarasenko,R,STL,-36,-38,hit_taken
8475765,Vladimir Tarasenko,R,STL,-80,24,hit_thrown
8475765,Vladimir Tarasenko,R,STL,96,36,hit_thrown
8475765,Vladimir Tarasenko,R,STL,-35,-40,hit_thrown
8475765,Vladimir Tarasenko,R,STL,97,20,hit_thrown
8475765,Vladimir Tarasenko,R,STL,98,22,hit_thrown
8475765,Vladimir Tarasenko,R,STL,40,37,hit_thrown
8475765,Vladimir Tarasenko,R,STL,94,-10,hit_thrown
8475765,Vladimir Tarasenko,R,STL,-95,21,hit_thrown
8475765,Vladimir Tarasenko,R,STL,-57,-40,hit_thrown
8475765,Vladimir Tarasenko,R,STL,53,38,hit_thrown
8475765,Vladimir Tarasenko,R,STL,13,38,hit_thrown
8475765,Vladimir Tarasenko,R,STL,52,28,hit_thrown
8475765,Vladimir Tarasenko,R,STL,95,28,hit_thrown
8475765,Vladimir Tarasenko,R,STL,-8,-38,takeaway_other
8475765,Vladimir Tarasenko,R,STL,-27,27,takeaway_other
8475765,Vladimir Tarasenko,R,STL,-26,-30,takeaway_other
8475765,Vladimir Tarasenko,R,STL,61,36,takeaway_other
8475766,Austin Watson,L,NSH,80,6,block_hd
8475766,Austin Watson,L,NSH,-78,-7,block_hd
8475766,Austin Watson,L,NSH,-71,12,block_hd
8475766,Austin Watson,L,NSH,-48,-13,block_non_hd
8475766,Austin Watson,L,NSH,-45,-18,block_non_hd
8475766,Austin Watson,L,NSH,-47,-22,block_non_hd
8475766,Austin Watson,L,NSH,75,-25,block_non_hd
8475766,Austin Watson,L,NSH,52,19,block_non_hd
8475766,Austin Watson,L,NSH,42,2,block_non_hd
8475766,Austin Watson,L,NSH,-69,5,block_non_hd
8475766,Austin Watson,L,NSH,68,12,block_non_hd
8475766,Austin Watson,L,NSH,-33,-25,block_non_hd
8475766,Austin Watson,L,NSH,-61,14,block_non_hd
8475766,Austin Watson,L,NSH,-54,-29,block_non_hd
8475766,Austin Watson,L,NSH,58,-9,block_non_hd
8475766,Austin Watson,L,NSH,48,7,block_non_hd
8475766,Austin Watson,L,NSH,-72,24,block_non_hd
8475766,Austin Watson,L,NSH,-55,-5,block_non_hd
8475766,Austin Watson,L,NSH,65,-3,block_non_hd
8475766,Austin Watson,L,NSH,55,24,block_non_hd
8475766,Austin Watson,L,NSH,49,-2,block_non_hd
8475766,Austin Watson,L,NSH,-38,-31,block_non_hd
8475766,Austin Watson,L,NSH,57,-7,block_non_hd
8475766,Austin Watson,L,NSH,41,-25,block_non_hd
8475766,Austin Watson,L,NSH,40,-11,block_non_hd
8475766,Austin Watson,L,NSH,42,-2,block_non_hd
8475766,Austin Watson,L,NSH,-70,-21,dz_faceoff_win
8475766,Austin Watson,L,NSH,-77,-37,hit_taken
8475766,Austin Watson,L,NSH,50,39,hit_taken
8475766,Austin Watson,L,NSH,85,38,hit_taken
8475766,Austin Watson,L,NSH,-40,40,hit_taken
8475766,Austin Watson,L,NSH,95,35,hit_taken
8475766,Austin Watson,L,NSH,65,38,hit_taken
8475766,Austin Watson,L,NSH,41,40,hit_taken
8475766,Austin Watson,L,NSH,48,40,hit_taken
8475766,Austin Watson,L,NSH,45,-41,hit_taken
8475766,Austin Watson,L,NSH,47,-40,hit_taken
8475766,Austin Watson,L,NSH,10,-36,hit_taken
8475766,Austin Watson,L,NSH,-55,38,hit_taken
8475766,Austin Watson,L,NSH,-39,-37,hit_taken
8475766,Austin Watson,L,NSH,-97,-17,hit_taken
8475766,Austin Watson,L,NSH,62,39,hit_taken
8475766,Austin Watson,L,NSH,-86,36,hit_taken
8475766,Austin Watson,L,NSH,13,38,hit_taken
8475766,Austin Watson,L,NSH,-84,-38,hit_taken
8475766,Austin Watson,L,NSH,60,40,hit_taken
8475766,Austin Watson,L,NSH,8,-37,hit_taken
8475766,Austin Watson,L,NSH,44,36,hit_taken
8475766,Austin Watson,L,NSH,-43,-39,hit_taken
8475766,Austin Watson,L,NSH,76,-39,hit_taken
8475766,Austin Watson,L,NSH,84,38,hit_taken
8475766,Austin Watson,L,NSH,60,40,hit_taken
8475766,Austin Watson,L,NSH,84,-40,hit_taken
8475766,Austin Watson,L,NSH,-98,24,hit_taken
8475766,Austin Watson,L,NSH,30,40,hit_taken
8475766,Austin Watson,L,NSH,87,38,hit_taken
8475766,Austin Watson,L,NSH,98,23,hit_taken
8475766,Austin Watson,L,NSH,47,39,hit_taken
8475766,Austin Watson,L,NSH,14,-38,hit_taken
8475766,Austin Watson,L,NSH,24,-40,hit_taken
8475766,Austin Watson,L,NSH,95,-9,hit_taken
8475766,Austin Watson,L,NSH,39,-39,hit_thrown
8475766,Austin Watson,L,NSH,-88,-36,hit_thrown
8475766,Austin Watson,L,NSH,-36,18,hit_thrown
8475766,Austin Watson,L,NSH,8,37,hit_thrown
8475766,Austin Watson,L,NSH,58,-38,hit_thrown
8475766,Austin Watson,L,NSH,97,-28,hit_thrown
8475766,Austin Watson,L,NSH,93,39,hit_thrown
8475766,Austin Watson,L,NSH,95,-34,hit_thrown
8475766,Austin Watson,L,NSH,43,40,hit_thrown
8475766,Austin Watson,L,NSH,-1,-29,hit_thrown
8475766,Austin Watson,L,NSH,-90,-37,hit_thrown
8475766,Austin Watson,L,NSH,41,-12,hit_thrown
8475766,Austin Watson,L,NSH,56,-37,hit_thrown
8475766,Austin Watson,L,NSH,-20,28,hit_thrown
8475766,Austin Watson,L,NSH,-37,-36,hit_thrown
8475766,Austin Watson,L,NSH,94,-21,hit_thrown
8475766,Austin Watson,L,NSH,86,-39,hit_thrown
8475766,Austin Watson,L,NSH,-42,-38,hit_thrown
8475766,Austin Watson,L,NSH,66,37,hit_thrown
8475766,Austin Watson,L,NSH,-8,-39,hit_thrown
8475766,Austin Watson,L,NSH,-82,38,hit_thrown
8475766,Austin Watson,L,NSH,33,-38,hit_thrown
8475766,Austin Watson,L,NSH,-31,-39,hit_thrown
8475766,Austin Watson,L,NSH,8,-40,hit_thrown
8475766,Austin Watson,L,NSH,30,39,hit_thrown
8475766,Austin Watson,L,NSH,-97,-30,hit_thrown
8475766,Austin Watson,L,NSH,-98,-30,hit_thrown
8475766,Austin Watson,L,NSH,10,2,hit_thrown
8475766,Austin Watson,L,NSH,-12,40,hit_thrown
8475766,Austin Watson,L,NSH,91,6,hit_thrown
8475766,Austin Watson,L,NSH,-99,-1,hit_thrown
8475766,Austin Watson,L,NSH,-96,11,hit_thrown
8475766,Austin Watson,L,NSH,-71,41,hit_thrown
8475766,Austin Watson,L,NSH,-96,29,hit_thrown
8475766,Austin Watson,L,NSH,-95,-37,hit_thrown
8475766,Austin Watson,L,NSH,-26,-37,hit_thrown
8475766,Austin Watson,L,NSH,96,-29,hit_thrown
8475766,Austin Watson,L,NSH,8,-38,hit_thrown
8475766,Austin Watson,L,NSH,60,37,hit_thrown
8475766,Austin Watson,L,NSH,-28,-38,hit_thrown
8475766,Austin Watson,L,NSH,36,37,hit_thrown
8475766,Austin Watson,L,NSH,-38,-40,hit_thrown
8475766,Austin Watson,L,NSH,90,37,hit_thrown
8475766,Austin Watson,L,NSH,-66,-38,hit_thrown
8475766,Austin Watson,L,NSH,-92,36,hit_thrown
8475766,Austin Watson,L,NSH,30,39,hit_thrown
8475766,Austin Watson,L,NSH,-26,-23,hit_thrown
8475766,Austin Watson,L,NSH,-94,6,hit_thrown
8475766,Austin Watson,L,NSH,62,-39,hit_thrown
8475766,Austin Watson,L,NSH,67,41,hit_thrown
8475766,Austin Watson,L,NSH,49,40,hit_thrown
8475766,Austin Watson,L,NSH,-4,40,hit_thrown
8475766,Austin Watson,L,NSH,-56,-41,hit_thrown
8475766,Austin Watson,L,NSH,-92,-39,hit_thrown
8475766,Austin Watson,L,NSH,26,40,hit_thrown
8475766,Austin Watson,L,NSH,-39,-25,hit_thrown
8475766,Austin Watson,L,NSH,-38,37,hit_thrown
8475766,Austin Watson,L,NSH,7,38,hit_thrown
8475766,Austin Watson,L,NSH,2,-41,hit_thrown
8475766,Austin Watson,L,NSH,68,-38,hit_thrown
8475766,Austin Watson,L,NSH,-72,40,hit_thrown
8475766,Austin Watson,L,NSH,97,-1,hit_thrown
8475766,Austin Watson,L,NSH,96,31,hit_thrown
8475766,Austin Watson,L,NSH,93,-38,hit_thrown
8475766,Austin Watson,L,NSH,-30,-40,hit_thrown
8475766,Austin Watson,L,NSH,-96,-8,hit_thrown
8475766,Austin Watson,L,NSH,-12,19,hit_thrown
8475766,Austin Watson,L,NSH,96,7,hit_thrown
8475766,Austin Watson,L,NSH,-37,-39,hit_thrown
8475766,Austin Watson,L,NSH,86,-38,hit_thrown
8475766,Austin Watson,L,NSH,95,-18,hit_thrown
8475766,Austin Watson,L,NSH,96,24,hit_thrown
8475766,Austin Watson,L,NSH,-1,-39,hit_thrown
8475766,Austin Watson,L,NSH,93,-5,hit_thrown
8475766,Austin Watson,L,NSH,96,31,hit_thrown
8475766,Austin Watson,L,NSH,-20,39,hit_thrown
8475766,Austin Watson,L,NSH,46,38,hit_thrown
8475766,Austin Watson,L,NSH,44,33,hit_thrown
8475766,Austin Watson,L,NSH,74,-2,hit_thrown
8475766,Austin Watson,L,NSH,2,1,hit_thrown
8475766,Austin Watson,L,NSH,39,37,hit_thrown
8475766,Austin Watson,L,NSH,81,39,hit_thrown
8475766,Austin Watson,L,NSH,-96,-19,hit_thrown
8475766,Austin Watson,L,NSH,-97,-2,hit_thrown
8475766,Austin Watson,L,NSH,-97,-18,hit_thrown
8475766,Austin Watson,L,NSH,5,-27,hit_thrown
8475766,Austin Watson,L,NSH,-76,-40,hit_thrown
8475766,Austin Watson,L,NSH,71,40,hit_thrown
8475766,Austin Watson,L,NSH,-17,39,hit_thrown
8475766,Austin Watson,L,NSH,-38,38,hit_thrown
8475766,Austin Watson,L,NSH,70,38,hit_thrown
8475766,Austin Watson,L,NSH,96,-27,hit_thrown
8475766,Austin Watson,L,NSH,36,-38,hit_thrown
8475766,Austin Watson,L,NSH,-91,35,hit_thrown
8475766,Austin Watson,L,NSH,-94,-17,hit_thrown
8475766,Austin Watson,L,NSH,93,-27,hit_thrown
8475766,Austin Watson,L,NSH,82,-38,hit_thrown
8475766,Austin Watson,L,NSH,93,-38,hit_thrown
8475766,Austin Watson,L,NSH,-95,-7,hit_thrown
8475766,Austin Watson,L,NSH,97,3,hit_thrown
8475766,Austin Watson,L,NSH,67,40,hit_thrown
8475766,Austin Watson,L,NSH,-46,-39,hit_thrown
8475766,Austin Watson,L,NSH,82,40,hit_thrown
8475766,Austin Watson,L,NSH,-49,-40,hit_thrown
8475766,Austin Watson,L,NSH,-14,-38,hit_thrown
8475766,Austin Watson,L,NSH,1,-38,hit_thrown
8475766,Austin Watson,L,NSH,48,-37,takeaway_other
8475766,Austin Watson,L,NSH,19,-24,takeaway_other
8475766,Austin Watson,L,NSH,-51,29,takeaway_other
8475766,Austin Watson,L,NSH,-35,-1,takeaway_other
8475766,Austin Watson,L,NSH,-35,-39,takeaway_other
8475768,Jaden Schwartz,C,STL,-72,1,block_hd
8475768,Jaden Schwartz,C,STL,72,-7,block_hd
8475768,Jaden Schwartz,C,STL,43,26,block_non_hd
8475768,Jaden Schwartz,C,STL,-58,1,block_non_hd
8475768,Jaden Schwartz,C,STL,-41,-3,block_non_hd
8475768,Jaden Schwartz,C,STL,-38,-1,block_non_hd
8475768,Jaden Schwartz,C,STL,-51,23,block_non_hd
8475768,Jaden Schwartz,C,STL,43,-25,block_non_hd
8475768,Jaden Schwartz,C,STL,-85,7,crease_goal
8475768,Jaden Schwartz,C,STL,78,0,crease_goal
8475768,Jaden Schwartz,C,STL,82,-7,crease_goal
8475768,Jaden Schwartz,C,STL,97,-27,hit_taken
8475768,Jaden Schwartz,C,STL,63,38,hit_taken
8475768,Jaden Schwartz,C,STL,-17,-39,hit_taken
8475768,Jaden Schwartz,C,STL,14,38,hit_taken
8475768,Jaden Schwartz,C,STL,67,39,hit_taken
8475768,Jaden Schwartz,C,STL,-43,38,hit_taken
8475768,Jaden Schwartz,C,STL,82,-39,hit_taken
8475768,Jaden Schwartz,C,STL,-39,40,hit_taken
8475768,Jaden Schwartz,C,STL,98,26,hit_taken
8475768,Jaden Schwartz,C,STL,-94,-37,hit_taken
8475768,Jaden Schwartz,C,STL,58,39,hit_taken
8475768,Jaden Schwartz,C,STL,97,21,hit_taken
8475768,Jaden Schwartz,C,STL,10,-40,hit_taken
8475768,Jaden Schwartz,C,STL,99,-21,hit_taken
8475768,Jaden Schwartz,C,STL,98,-14,hit_taken
8475768,Jaden Schwartz,C,STL,98,-12,hit_taken
8475768,Jaden Schwartz,C,STL,-2,-36,hit_taken
8475768,Jaden Schwartz,C,STL,-26,-24,hit_taken
8475768,Jaden Schwartz,C,STL,-79,38,hit_taken
8475768,Jaden Schwartz,C,STL,-92,33,hit_taken
8475768,Jaden Schwartz,C,STL,72,37,hit_taken
8475768,Jaden Schwartz,C,STL,-26,39,hit_taken
8475768,Jaden Schwartz,C,STL,-49,40,hit_taken
8475768,Jaden Schwartz,C,STL,72,39,hit_taken
8475768,Jaden Schwartz,C,STL,-83,36,hit_taken
8475768,Jaden Schwartz,C,STL,48,-39,hit_thrown
8475768,Jaden Schwartz,C,STL,68,41,hit_thrown
8475768,Jaden Schwartz,C,STL,-98,-22,hit_thrown
8475768,Jaden Schwartz,C,STL,-13,-41,hit_thrown
8475768,Jaden Schwartz,C,STL,-5,39,hit_thrown
8475768,Jaden Schwartz,C,STL,-92,-37,hit_thrown
8475768,Jaden Schwartz,C,STL,-55,-40,hit_thrown
8475768,Jaden Schwartz,C,STL,-92,-38,hit_thrown
8475768,Jaden Schwartz,C,STL,-93,-35,hit_thrown
8475768,Jaden Schwartz,C,STL,10,-36,hit_thrown
8475768,Jaden Schwartz,C,STL,-33,-37,hit_thrown
8475768,Jaden Schwartz,C,STL,-42,-36,hit_thrown
8475768,Jaden Schwartz,C,STL,38,-2,hit_thrown
8475768,Jaden Schwartz,C,STL,-24,38,hit_thrown
8475768,Jaden Schwartz,C,STL,-34,-38,hit_thrown
8475768,Jaden Schwartz,C,STL,95,-12,hit_thrown
8475768,Jaden Schwartz,C,STL,59,40,hit_thrown
8475768,Jaden Schwartz,C,STL,99,9,hit_thrown
8475768,Jaden Schwartz,C,STL,7,37,hit_thrown
8475768,Jaden Schwartz,C,STL,-35,11,takeaway_other
8475768,Jaden Schwartz,C,STL,-13,24,takeaway_other
8475768,Jaden Schwartz,C,STL,61,41,takeaway_other
8475768,Jaden Schwartz,C,STL,99,-19,takeaway_other
8475768,Jaden Schwartz,C,STL,-4,-23,takeaway_other
8475768,Jaden Schwartz,C,STL,-6,18,takeaway_other
8475768,Jaden Schwartz,C,STL,58,-39,takeaway_other
8475780,Chris Wagner,R,ANA,72,-3,block_hd
8475780,Chris Wagner,R,ANA,-49,-3,block_non_hd
8475780,Chris Wagner,R,ANA,57,18,block_non_hd
8475780,Chris Wagner,R,ANA,49,3,block_non_hd
8475780,Chris Wagner,R,ANA,-54,-10,block_non_hd
8475780,Chris Wagner,R,ANA,67,-28,block_non_hd
8475780,Chris Wagner,R,ANA,59,14,block_non_hd
8475780,Chris Wagner,R,ANA,57,18,block_non_hd
8475780,Chris Wagner,R,ANA,41,30,block_non_hd
8475780,Chris Wagner,R,ANA,40,22,block_non_hd
8475780,Chris Wagner,R,ANA,56,-4,block_non_hd
8475780,Chris Wagner,R,ANA,-31,18,block_non_hd
8475780,Chris Wagner,R,ANA,-79,5,crease_goal
8475780,Chris Wagner,R,ANA,-86,-5,crease_goal
8475780,Chris Wagner,R,ANA,-69,-23,dz_faceoff_win
8475780,Chris Wagner,R,ANA,-67,-23,dz_faceoff_win
8475780,Chris Wagner,R,ANA,-69,-22,dz_faceoff_win
8475780,Chris Wagner,R,ANA,-69,-22,dz_faceoff_win
8475780,Chris Wagner,R,ANA,-69,-22,dz_faceoff_win
8475780,Chris Wagner,R,ANA,99,-6,hit_taken
8475780,Chris Wagner,R,ANA,57,41,hit_taken
8475780,Chris Wagner,R,ANA,-60,41,hit_taken
8475780,Chris Wagner,R,ANA,-2,-38,hit_taken
8475780,Chris Wagner,R,ANA,-51,41,hit_taken
8475780,Chris Wagner,R,ANA,-29,38,hit_taken
8475780,Chris Wagner,R,ANA,-22,-33,hit_taken
8475780,Chris Wagner,R,ANA,-65,41,hit_taken
8475780,Chris Wagner,R,ANA,-6,-41,hit_taken
8475780,Chris Wagner,R,ANA,-75,-41,hit_taken
8475780,Chris Wagner,R,ANA,96,34,hit_taken
8475780,Chris Wagner,R,ANA,-97,1,hit_taken
8475780,Chris Wagner,R,ANA,93,-34,hit_taken
8475780,Chris Wagner,R,ANA,-94,11,hit_taken
8475780,Chris Wagner,R,ANA,-75,-35,hit_taken
8475780,Chris Wagner,R,ANA,-38,31,hit_taken
8475780,Chris Wagner,R,ANA,-4,10,hit_taken
8475780,Chris Wagner,R,ANA,-66,-5,hit_taken
8475780,Chris Wagner,R,ANA,66,-41,hit_taken
8475780,Chris Wagner,R,ANA,93,-33,hit_taken
8475780,Chris Wagner,R,ANA,-80,38,hit_taken
8475780,Chris Wagner,R,ANA,90,-28,hit_taken
8475780,Chris Wagner,R,ANA,-35,-36,hit_taken
8475780,Chris Wagner,R,ANA,31,-39,hit_taken
8475780,Chris Wagner,R,ANA,97,-33,hit_taken
8475780,Chris Wagner,R,ANA,95,-18,hit_taken
8475780,Chris Wagner,R,ANA,13,37,hit_taken
8475780,Chris Wagner,R,ANA,32,-37,hit_taken
8475780,Chris Wagner,R,ANA,13,38,hit_taken
8475780,Chris Wagner,R,ANA,11,-9,hit_taken
8475780,Chris Wagner,R,ANA,-57,-39,hit_taken
8475780,Chris Wagner,R,ANA,-54,39,hit_thrown
8475780,Chris Wagner,R,ANA,91,-38,hit_thrown
8475780,Chris Wagner,R,ANA,-60,39,hit_thrown
8475780,Chris Wagner,R,ANA,98,7,hit_thrown
8475780,Chris Wagner,R,ANA,-88,-38,hit_thrown
8475780,Chris Wagner,R,ANA,90,38,hit_thrown
8475780,Chris Wagner,R,ANA,96,-34,hit_thrown
8475780,Chris Wagner,R,ANA,-42,-39,hit_thrown
8475780,Chris Wagner,R,ANA,2,40,hit_thrown
8475780,Chris Wagner,R,ANA,27,38,hit_thrown
8475780,Chris Wagner,R,ANA,54,39,hit_thrown
8475780,Chris Wagner,R,ANA,15,40,hit_thrown
8475780,Chris Wagner,R,ANA,22,25,hit_thrown
8475780,Chris Wagner,R,ANA,-95,-15,hit_thrown
8475780,Chris Wagner,R,ANA,-80,-10,hit_thrown
8475780,Chris Wagner,R,ANA,-7,39,hit_thrown
8475780,Chris Wagner,R,ANA,44,-36,hit_thrown
8475780,Chris Wagner,R,ANA,34,38,hit_thrown
8475780,Chris Wagner,R,ANA,96,-28,hit_thrown
8475780,Chris Wagner,R,ANA,31,40,hit_thrown
8475780,Chris Wagner,R,ANA,-79,40,hit_thrown
8475780,Chris Wagner,R,ANA,-94,5,hit_thrown
8475780,Chris Wagner,R,ANA,74,39,hit_thrown
8475780,Chris Wagner,R,ANA,95,18,hit_thrown
8475780,Chris Wagner,R,ANA,-95,3,hit_thrown
8475780,Chris Wagner,R,ANA,83,-40,hit_thrown
8475780,Chris Wagner,R,ANA,-81,41,hit_thrown
8475780,Chris Wagner,R,ANA,98,-15,hit_thrown
8475780,Chris Wagner,R,ANA,-56,39,hit_thrown
8475780,Chris Wagner,R,ANA,-51,-42,hit_thrown
8475780,Chris Wagner,R,ANA,-97,10,hit_thrown
8475780,Chris Wagner,R,ANA,-96,1,hit_thrown
8475780,Chris Wagner,R,ANA,-20,-29,hit_thrown
8475780,Chris Wagner,R,ANA,87,38,hit_thrown
8475780,Chris Wagner,R,ANA,-19,-36,hit_thrown
8475780,Chris Wagner,R,ANA,97,10,hit_thrown
8475780,Chris Wagner,R,ANA,18,-38,hit_thrown
8475780,Chris Wagner,R,ANA,-93,-24,hit_thrown
8475780,Chris Wagner,R,ANA,-96,-8,hit_thrown
8475780,Chris Wagner,R,ANA,-70,-37,hit_thrown
8475780,Chris Wagner,R,ANA,-47,40,hit_thrown
8475780,Chris Wagner,R,ANA,95,13,hit_thrown
8475780,Chris Wagner,R,ANA,-97,-2,hit_thrown
8475780,Chris Wagner,R,ANA,-90,-10,takeaway_hd
8475780,Chris Wagner,R,ANA,-25,36,takeaway_other
8475780,Chris Wagner,R,ANA,-93,30,takeaway_other
8475786,Zach Hyman,C,TOR,-56,19,block_non_hd
8475786,Zach Hyman,C,TOR,68,3,block_non_hd
8475786,Zach Hyman,C,TOR,-46,9,block_non_hd
8475786,Zach Hyman,C,TOR,-78,-2,crease_goal
8475786,Zach Hyman,C,TOR,-4,36,hit_taken
8475786,Zach Hyman,C,TOR,-56,-35,hit_taken
8475786,Zach Hyman,C,TOR,31,-35,hit_taken
8475786,Zach Hyman,C,TOR,70,-36,hit_taken
8475786,Zach Hyman,C,TOR,-58,-32,hit_taken
8475786,Zach Hyman,C,TOR,95,-15,hit_taken
8475786,Zach Hyman,C,TOR,-91,-6,hit_taken
8475786,Zach Hyman,C,TOR,-94,21,hit_taken
8475786,Zach Hyman,C,TOR,-89,-35,hit_taken
8475786,Zach Hyman,C,TOR,-93,-20,hit_taken
8475786,Zach Hyman,C,TOR,-89,36,hit_taken
8475786,Zach Hyman,C,TOR,-36,31,hit_taken
8475786,Zach Hyman,C,TOR,53,-19,hit_taken
8475786,Zach Hyman,C,TOR,48,-18,hit_taken
8475786,Zach Hyman,C,TOR,87,-35,hit_taken
8475786,Zach Hyman,C,TOR,36,-35,hit_taken
8475786,Zach Hyman,C,TOR,20,-8,hit_taken
8475786,Zach Hyman,C,TOR,-95,-24,hit_taken
8475786,Zach Hyman,C,TOR,-33,-1,hit_taken
8475786,Zach Hyman,C,TOR,58,35,hit_taken
8475786,Zach Hyman,C,TOR,5,-34,hit_thrown
8475786,Zach Hyman,C,TOR,-9,37,hit_thrown
8475786,Zach Hyman,C,TOR,96,13,hit_thrown
8475786,Zach Hyman,C,TOR,-97,-9,hit_thrown
8475786,Zach Hyman,C,TOR,32,14,hit_thrown
8475786,Zach Hyman,C,TOR,-67,-36,hit_thrown
8475786,Zach Hyman,C,TOR,86,-37,hit_thrown
8475786,Zach Hyman,C,TOR,96,-31,hit_thrown
8475786,Zach Hyman,C,TOR,96,7,hit_thrown
8475786,Zach Hyman,C,TOR,56,38,hit_thrown
8475786,Zach Hyman,C,TOR,-92,-37,hit_thrown
8475786,Zach Hyman,C,TOR,-23,38,hit_thrown
8475786,Zach Hyman,C,TOR,78,39,hit_thrown
8475786,Zach Hyman,C,TOR,-51,39,hit_thrown
8475786,Zach Hyman,C,TOR,-91,35,hit_thrown
8475786,Zach Hyman,C,TOR,-94,-7,hit_thrown
8475786,Zach Hyman,C,TOR,95,21,hit_thrown
8475786,Zach Hyman,C,TOR,-97,3,hit_thrown
8475786,Zach Hyman,C,TOR,96,-12,hit_thrown
8475786,Zach Hyman,C,TOR,97,30,hit_thrown
8475786,Zach Hyman,C,TOR,-98,9,hit_thrown
8475786,Zach Hyman,C,TOR,99,-7,takeaway_hd
8475786,Zach Hyman,C,TOR,-36,-41,takeaway_other
8475786,Zach Hyman,C,TOR,29,-17,takeaway_other
8475792,Brett Connolly,R,WSH,75,11,block_hd
8475792,Brett Connolly,R,WSH,42,7,block_non_hd
8475792,Brett Connolly,R,WSH,-7,-27,hit_taken
8475792,Brett Connolly,R,WSH,-4,-26,hit_taken
8475792,Brett Connolly,R,WSH,61,36,hit_taken
8475792,Brett Connolly,R,WSH,63,-36,hit_taken
8475792,Brett Connolly,R,WSH,-64,38,hit_taken
8475792,Brett Connolly,R,WSH,-65,37,hit_taken
8475792,Brett Connolly,R,WSH,-35,36,hit_taken
8475792,Brett Connolly,R,WSH,48,-40,hit_taken
8475792,Brett Connolly,R,WSH,14,-39,hit_taken
8475792,Brett Connolly,R,WSH,-90,28,hit_thrown
8475792,Brett Connolly,R,WSH,99,-1,hit_thrown
8475792,Brett Connolly,R,WSH,96,-14,hit_thrown
8475792,Brett Connolly,R,WSH,-35,-38,hit_thrown
8475792,Brett Connolly,R,WSH,-65,40,hit_thrown
8475792,Brett Connolly,R,WSH,96,-10,hit_thrown
8475792,Brett Connolly,R,WSH,-40,38,hit_thrown
8475792,Brett Connolly,R,WSH,-95,-14,hit_thrown
8475792,Brett Connolly,R,WSH,13,-1,takeaway_other
8475793,Ryan Johansen,C,NSH,43,0,block_non_hd
8475793,Ryan Johansen,C,NSH,-42,-28,block_non_hd
8475793,Ryan Johansen,C,NSH,-43,-13,block_non_hd
8475793,Ryan Johansen,C,NSH,-59,4,block_non_hd
8475793,Ryan Johansen,C,NSH,80,-1,crease_goal
8475793,Ryan Johansen,C,NSH,86,3,crease_goal
8475793,Ryan Johansen,C,NSH,-69,24,dz_faceoff_win
8475793,Ryan Johansen,C,NSH,70,22,dz_faceoff_win
8475793,Ryan Johansen,C,NSH,69,-21,dz_faceoff_win
8475793,Ryan Johansen,C,NSH,-67,-22,dz_faceoff_win
8475793,Ryan Johansen,C,NSH,-69,21,dz_faceoff_win
8475793,Ryan Johansen,C,NSH,68,-22,dz_faceoff_win
8475793,Ryan Johansen,C,NSH,-68,-22,dz_faceoff_win
8475793,Ryan Johansen,C,NSH,-69,22,dz_faceoff_win
8475793,Ryan Johansen,C,NSH,69,22,dz_faceoff_win
8475793,Ryan Johansen,C,NSH,88,-25,dz_faceoff_win
8475793,Ryan Johansen,C,NSH,-69,-23,dz_faceoff_win
8475793,Ryan Johansen,C,NSH,-69,22,dz_faceoff_win
8475793,Ryan Johansen,C,NSH,-69,22,dz_faceoff_win
8475793,Ryan Johansen,C,NSH,69,-22,dz_faceoff_win
8475793,Ryan Johansen,C,NSH,69,-23,dz_faceoff_win
8475793,Ryan Johansen,C,NSH,-69,-23,dz_faceoff_win
8475793,Ryan Johansen,C,NSH,-68,20,dz_faceoff_win
8475793,Ryan Johansen,C,NSH,-68,-22,dz_faceoff_win
8475793,Ryan Johansen,C,NSH,-67,21,dz_faceoff_win
8475793,Ryan Johansen,C,NSH,-69,-23,dz_faceoff_win
8475793,Ryan Johansen,C,NSH,-69,-24,dz_faceoff_win
8475793,Ryan Johansen,C,NSH,-68,-23,dz_faceoff_win
8475793,Ryan Johansen,C,NSH,-69,21,dz_faceoff_win
8475793,Ryan Johansen,C,NSH,72,-24,dz_faceoff_win
8475793,Ryan Johansen,C,NSH,71,22,dz_faceoff_win
8475793,Ryan Johansen,C,NSH,69,-22,dz_faceoff_win
8475793,Ryan Johansen,C,NSH,-69,-23,dz_faceoff_win
8475793,Ryan Johansen,C,NSH,69,-23,dz_faceoff_win
8475793,Ryan Johansen,C,NSH,-69,-23,dz_faceoff_win
8475793,Ryan Johansen,C,NSH,70,22,dz_faceoff_win
8475793,Ryan Johansen,C,NSH,70,-23,dz_faceoff_win
8475793,Ryan Johansen,C,NSH,-69,-23,dz_faceoff_win
8475793,Ryan Johansen,C,NSH,70,-22,dz_faceoff_win
8475793,Ryan Johansen,C,NSH,-70,21,dz_faceoff_win
8475793,Ryan Johansen,C,NSH,-67,-21,dz_faceoff_win
8475793,Ryan Johansen,C,NSH,-69,-23,dz_faceoff_win
8475793,Ryan Johansen,C,NSH,-67,-21,dz_faceoff_win
8475793,Ryan Johansen,C,NSH,-69,23,dz_faceoff_win
8475793,Ryan Johansen,C,NSH,-68,-22,dz_faceoff_win
8475793,Ryan Johansen,C,NSH,69,21,dz_faceoff_win
8475793,Ryan Johansen,C,NSH,-68,21,dz_faceoff_win
8475793,Ryan Johansen,C,NSH,69,-22,dz_faceoff_win
8475793,Ryan Johansen,C,NSH,71,21,dz_faceoff_win
8475793,Ryan Johansen,C,NSH,-9,-39,hit_taken
8475793,Ryan Johansen,C,NSH,-41,-36,hit_taken
8475793,Ryan Johansen,C,NSH,95,-33,hit_taken
8475793,Ryan Johansen,C,NSH,94,-10,hit_taken
8475793,Ryan Johansen,C,NSH,53,38,hit_taken
8475793,Ryan Johansen,C,NSH,-8,-36,hit_taken
8475793,Ryan Johansen,C,NSH,89,-36,hit_taken
8475793,Ryan Johansen,C,NSH,34,31,hit_taken
8475793,Ryan Johansen,C,NSH,-47,-38,hit_thrown
8475793,Ryan Johansen,C,NSH,-64,-35,hit_thrown
8475793,Ryan Johansen,C,NSH,95,23,hit_thrown
8475793,Ryan Johansen,C,NSH,96,9,hit_thrown
8475793,Ryan Johansen,C,NSH,89,-29,hit_thrown
8475793,Ryan Johansen,C,NSH,33,38,hit_thrown
8475793,Ryan Johansen,C,NSH,40,-38,hit_thrown
8475793,Ryan Johansen,C,NSH,-18,38,hit_thrown
8475793,Ryan Johansen,C,NSH,-58,-41,hit_thrown
8475793,Ryan Johansen,C,NSH,-50,39,hit_thrown
8475793,Ryan Johansen,C,NSH,-96,12,hit_thrown
8475793,Ryan Johansen,C,NSH,-83,-34,hit_thrown
8475793,Ryan Johansen,C,NSH,-26,39,hit_thrown
8475793,Ryan Johansen,C,NSH,-36,23,hit_thrown
8475793,Ryan Johansen,C,NSH,-36,-38,hit_thrown
8475793,Ryan Johansen,C,NSH,-96,-21,hit_thrown
8475793,Ryan Johansen,C,NSH,71,-39,hit_thrown
8475793,Ryan Johansen,C,NSH,-3,29,hit_thrown
8475793,Ryan Johansen,C,NSH,-28,39,hit_thrown
8475793,Ryan Johansen,C,NSH,96,-19,hit_thrown
8475793,Ryan Johansen,C,NSH,-94,-27,hit_thrown
8475793,Ryan Johansen,C,NSH,-48,38,hit_thrown
8475793,Ryan Johansen,C,NSH,93,-34,hit_thrown
8475793,Ryan Johansen,C,NSH,-93,6,takeaway_hd
8475793,Ryan Johansen,C,NSH,-1,-1,takeaway_other
8475793,Ryan Johansen,C,NSH,3,-1,takeaway_other
8475793,Ryan Johansen,C,NSH,-63,-29,takeaway_other
8475793,Ryan Johansen,C,NSH,61,-6,takeaway_other
8475793,Ryan Johansen,C,NSH,-31,16,takeaway_other
8475793,Ryan Johansen,C,NSH,-1,7,takeaway_other
8475793,Ryan Johansen,C,NSH,-40,-37,takeaway_other
8475793,Ryan Johansen,C,NSH,-46,20,takeaway_other
8475793,Ryan Johansen,C,NSH,-31,33,takeaway_other
8475798,Mikael Granlund,C,MIN,49,13,block_non_hd
8475798,Mikael Granlund,C,MIN,-96,9,hit_taken
8475798,Mikael Granlund,C,MIN,-93,31,hit_taken
8475798,Mikael Granlund,C,MIN,75,40,hit_taken
8475798,Mikael Granlund,C,MIN,-57,41,hit_taken
8475798,Mikael Granlund,C,MIN,-91,-40,hit_taken
8475798,Mikael Granlund,C,MIN,66,-40,hit_taken
8475798,Mikael Granlund,C,MIN,59,41,hit_taken
8475798,Mikael Granlund,C,MIN,-46,38,hit_taken
8475798,Mikael Granlund,C,MIN,-95,-24,hit_thrown
8475798,Mikael Granlund,C,MIN,14,38,hit_thrown
8475798,Mikael Granlund,C,MIN,-91,-38,hit_thrown
8475798,Mikael Granlund,C,MIN,58,39,hit_thrown
8475798,Mikael Granlund,C,MIN,-95,-17,hit_thrown
8475798,Mikael Granlund,C,MIN,-40,-39,hit_thrown
8475798,Mikael Granlund,C,MIN,-48,36,takeaway_other
8475798,Mikael Granlund,C,MIN,-31,-35,takeaway_other
8475798,Mikael Granlund,C,MIN,-43,40,takeaway_other
8475798,Mikael Granlund,C,MIN,46,-25,takeaway_other
8475799,Nino Niederreiter,R,MIN,-18,-40,hit_taken
8475799,Nino Niederreiter,R,MIN,40,-25,hit_taken
8475799,Nino Niederreiter,R,MIN,-94,37,hit_taken
8475799,Nino Niederreiter,R,MIN,63,-41,hit_taken
8475799,Nino Niederreiter,R,MIN,-79,10,hit_thrown
8475799,Nino Niederreiter,R,MIN,-94,34,hit_thrown
8475799,Nino Niederreiter,R,MIN,-88,37,hit_thrown
8475799,Nino Niederreiter,R,MIN,78,39,hit_thrown
8475799,Nino Niederreiter,R,MIN,-58,-30,hit_thrown
8475799,Nino Niederreiter,R,MIN,-82,-38,hit_thrown
8475799,Nino Niederreiter,R,MIN,82,-39,hit_thrown
8475799,Nino Niederreiter,R,MIN,-97,-22,hit_thrown
8475799,Nino Niederreiter,R,MIN,-72,-40,hit_thrown
8475799,Nino Niederreiter,R,MIN,-99,-11,hit_thrown
8475799,Nino Niederreiter,R,MIN,-92,-21,hit_thrown
8475799,Nino Niederreiter,R,MIN,-67,-39,hit_thrown
8475799,Nino Niederreiter,R,MIN,-96,-11,takeaway_hd
8475810,Bryan Rust,R,PIT,70,-8,block_hd
8475810,Bryan Rust,R,PIT,-73,-10,block_hd
8475810,Bryan Rust,R,PIT,-64,15,block_non_hd
8475810,Bryan Rust,R,PIT,-55,-10,block_non_hd
8475810,Bryan Rust,R,PIT,-69,9,block_non_hd
8475810,Bryan Rust,R,PIT,-62,-21,block_non_hd
8475810,Bryan Rust,R,PIT,-58,18,block_non_hd
8475810,Bryan Rust,R,PIT,-66,-20,block_non_hd
8475810,Bryan Rust,R,PIT,-41,-20,block_non_hd
8475810,Bryan Rust,R,PIT,57,18,block_non_hd
8475810,Bryan Rust,R,PIT,-51,18,block_non_hd
8475810,Bryan Rust,R,PIT,-54,-12,block_non_hd
8475810,Bryan Rust,R,PIT,-55,-10,block_non_hd
8475810,Bryan Rust,R,PIT,-45,11,block_non_hd
8475810,Bryan Rust,R,PIT,66,-17,block_non_hd
8475810,Bryan Rust,R,PIT,45,23,block_non_hd
8475810,Bryan Rust,R,PIT,54,29,block_non_hd
8475810,Bryan Rust,R,PIT,39,3,block_non_hd
8475810,Bryan Rust,R,PIT,78,-35,block_non_hd
8475810,Bryan Rust,R,PIT,51,-8,block_non_hd
8475810,Bryan Rust,R,PIT,-46,-27,block_non_hd
8475810,Bryan Rust,R,PIT,41,6,block_non_hd
8475810,Bryan Rust,R,PIT,86,-5,crease_goal
8475810,Bryan Rust,R,PIT,-84,-7,crease_goal
8475810,Bryan Rust,R,PIT,-99,20,hit_taken
8475810,Bryan Rust,R,PIT,-87,-40,hit_taken
8475810,Bryan Rust,R,PIT,43,-39,hit_taken
8475810,Bryan Rust,R,PIT,-96,-16,hit_taken
8475810,Bryan Rust,R,PIT,-81,12,hit_taken
8475810,Bryan Rust,R,PIT,97,-11,hit_taken
8475810,Bryan Rust,R,PIT,70,-41,hit_taken
8475810,Bryan Rust,R,PIT,75,38,hit_taken
8475810,Bryan Rust,R,PIT,68,-41,hit_taken
8475810,Bryan Rust,R,PIT,22,38,hit_taken
8475810,Bryan Rust,R,PIT,98,2,hit_taken
8475810,Bryan Rust,R,PIT,82,-40,hit_taken
8475810,Bryan Rust,R,PIT,99,-4,hit_taken
8475810,Bryan Rust,R,PIT,92,35,hit_taken
8475810,Bryan Rust,R,PIT,96,27,hit_taken
8475810,Bryan Rust,R,PIT,-95,28,hit_taken
8475810,Bryan Rust,R,PIT,-47,40,hit_taken
8475810,Bryan Rust,R,PIT,-46,41,hit_taken
8475810,Bryan Rust,R,PIT,97,20,hit_taken
8475810,Bryan Rust,R,PIT,-19,29,hit_taken
8475810,Bryan Rust,R,PIT,99,-22,hit_taken
8475810,Bryan Rust,R,PIT,-14,8,hit_taken
8475810,Bryan Rust,R,PIT,-96,-31,hit_taken
8475810,Bryan Rust,R,PIT,86,-39,hit_taken
8475810,Bryan Rust,R,PIT,-94,-35,hit_taken
8475810,Bryan Rust,R,PIT,10,39,hit_taken
8475810,Bryan Rust,R,PIT,37,38,hit_taken
8475810,Bryan Rust,R,PIT,-40,-36,hit_taken
8475810,Bryan Rust,R,PIT,35,37,hit_taken
8475810,Bryan Rust,R,PIT,63,-1,hit_taken
8475810,Bryan Rust,R,PIT,77,41,hit_taken
8475810,Bryan Rust,R,PIT,74,40,hit_taken
8475810,Bryan Rust,R,PIT,-96,-20,hit_taken
8475810,Bryan Rust,R,PIT,6,32,hit_taken
8475810,Bryan Rust,R,PIT,-67,41,hit_taken
8475810,Bryan Rust,R,PIT,38,-35,hit_taken
8475810,Bryan Rust,R,PIT,-73,39,hit_taken
8475810,Bryan Rust,R,PIT,44,36,hit_taken
8475810,Bryan Rust,R,PIT,4,33,hit_taken
8475810,Bryan Rust,R,PIT,57,40,hit_taken
8475810,Bryan Rust,R,PIT,16,-41,hit_taken
8475810,Bryan Rust,R,PIT,93,35,hit_taken
8475810,Bryan Rust,R,PIT,77,40,hit_taken
8475810,Bryan Rust,R,PIT,94,-20,hit_taken
8475810,Bryan Rust,R,PIT,52,39,hit_taken
8475810,Bryan Rust,R,PIT,81,-1,hit_taken
8475810,Bryan Rust,R,PIT,-58,42,hit_taken
8475810,Bryan Rust,R,PIT,23,-39,hit_taken
8475810,Bryan Rust,R,PIT,-69,-39,hit_taken
8475810,Bryan Rust,R,PIT,56,-37,hit_taken
8475810,Bryan Rust,R,PIT,-95,32,hit_thrown
8475810,Bryan Rust,R,PIT,-98,-6,hit_thrown
8475810,Bryan Rust,R,PIT,46,35,hit_thrown
8475810,Bryan Rust,R,PIT,-38,38,hit_thrown
8475810,Bryan Rust,R,PIT,-50,37,hit_thrown
8475810,Bryan Rust,R,PIT,-97,-3,hit_thrown
8475810,Bryan Rust,R,PIT,29,-33,hit_thrown
8475810,Bryan Rust,R,PIT,97,-9,hit_thrown
8475810,Bryan Rust,R,PIT,-93,1,hit_thrown
8475810,Bryan Rust,R,PIT,-23,38,hit_thrown
8475810,Bryan Rust,R,PIT,-82,40,hit_thrown
8475810,Bryan Rust,R,PIT,98,2,hit_thrown
8475810,Bryan Rust,R,PIT,69,-40,hit_thrown
8475810,Bryan Rust,R,PIT,-57,40,hit_thrown
8475810,Bryan Rust,R,PIT,36,-40,hit_thrown
8475810,Bryan Rust,R,PIT,94,-31,hit_thrown
8475810,Bryan Rust,R,PIT,98,30,hit_thrown
8475810,Bryan Rust,R,PIT,-19,40,hit_thrown
8475810,Bryan Rust,R,PIT,99,-23,hit_thrown
8475810,Bryan Rust,R,PIT,80,-18,hit_thrown
8475810,Bryan Rust,R,PIT,67,37,hit_thrown
8475810,Bryan Rust,R,PIT,73,37,hit_thrown
8475810,Bryan Rust,R,PIT,13,39,hit_thrown
8475810,Bryan Rust,R,PIT,-95,-31,hit_thrown
8475810,Bryan Rust,R,PIT,-54,-40,hit_thrown
8475810,Bryan Rust,R,PIT,98,23,hit_thrown
8475810,Bryan Rust,R,PIT,75,14,hit_thrown
8475810,Bryan Rust,R,PIT,-87,39,hit_thrown
8475810,Bryan Rust,R,PIT,81,-40,hit_thrown
8475810,Bryan Rust,R,PIT,27,-39,hit_thrown
8475810,Bryan Rust,R,PIT,-73,38,hit_thrown
8475810,Bryan Rust,R,PIT,-99,-29,hit_thrown
8475810,Bryan Rust,R,PIT,4,-39,hit_thrown
8475810,Bryan Rust,R,PIT,8,40,hit_thrown
8475810,Bryan Rust,R,PIT,-91,-36,hit_thrown
8475810,Bryan Rust,R,PIT,-41,37,hit_thrown
8475810,Bryan Rust,R,PIT,-28,1,hit_thrown
8475810,Bryan Rust,R,PIT,-12,39,hit_thrown
8475810,Bryan Rust,R,PIT,-98,3,hit_thrown
8475810,Bryan Rust,R,PIT,-97,32,hit_thrown
8475810,Bryan Rust,R,PIT,95,-9,hit_thrown
8475810,Bryan Rust,R,PIT,-93,-30,hit_thrown
8475810,Bryan Rust,R,PIT,91,-12,takeaway_hd
8475810,Bryan Rust,R,PIT,-10,16,takeaway_other
8475810,Bryan Rust,R,PIT,-84,-31,takeaway_other
8475810,Bryan Rust,R,PIT,32,16,takeaway_other
8475810,Bryan Rust,R,PIT,51,5,takeaway_other
8475810,Bryan Rust,R,PIT,57,32,takeaway_other
8475820,Joonas Donskoi,R,SJS,51,15,block_non_hd
8475820,Joonas Donskoi,R,SJS,-64,7,block_non_hd
8475820,Joonas Donskoi,R,SJS,-95,31,hit_taken
8475820,Joonas Donskoi,R,SJS,-94,-22,hit_taken
8475820,Joonas Donskoi,R,SJS,-45,-40,hit_taken
8475820,Joonas Donskoi,R,SJS,5,39,hit_taken
8475820,Joonas Donskoi,R,SJS,-91,-38,hit_taken
8475820,Joonas Donskoi,R,SJS,7,37,hit_taken
8475820,Joonas Donskoi,R,SJS,-78,-41,hit_taken
8475820,Joonas Donskoi,R,SJS,-96,14,hit_taken
8475820,Joonas Donskoi,R,SJS,-32,-39,hit_taken
8475820,Joonas Donskoi,R,SJS,99,-19,hit_taken
8475820,Joonas Donskoi,R,SJS,19,41,hit_taken
8475820,Joonas Donskoi,R,SJS,-88,-40,hit_taken
8475820,Joonas Donskoi,R,SJS,28,41,hit_taken
8475820,Joonas Donskoi,R,SJS,45,31,takeaway_other
8475832,Tom Kuhnhackl,R,PIT,-67,-6,block_non_hd
8475832,Tom Kuhnhackl,R,PIT,53,5,block_non_hd
8475832,Tom Kuhnhackl,R,PIT,-55,15,block_non_hd
8475832,Tom Kuhnhackl,R,PIT,-66,-2,block_non_hd
8475832,Tom Kuhnhackl,R,PIT,-62,-14,block_non_hd
8475832,Tom Kuhnhackl,R,PIT,63,-10,block_non_hd
8475832,Tom Kuhnhackl,R,PIT,-84,-4,crease_goal
8475832,Tom Kuhnhackl,R,PIT,-88,39,hit_taken
8475832,Tom Kuhnhackl,R,PIT,-70,40,hit_taken
8475832,Tom Kuhnhackl,R,PIT,98,-6,hit_taken
8475832,Tom Kuhnhackl,R,PIT,24,39,hit_taken
8475832,Tom Kuhnhackl,R,PIT,-97,24,hit_taken
8475832,Tom Kuhnhackl,R,PIT,-14,-38,hit_taken
8475832,Tom Kuhnhackl,R,PIT,67,37,hit_taken
8475832,Tom Kuhnhackl,R,PIT,-91,32,hit_taken
8475832,Tom Kuhnhackl,R,PIT,8,39,hit_taken
8475832,Tom Kuhnhackl,R,PIT,-11,41,hit_taken
8475832,Tom Kuhnhackl,R,PIT,-23,-30,hit_taken
8475832,Tom Kuhnhackl,R,PIT,21,40,hit_taken
8475832,Tom Kuhnhackl,R,PIT,-18,-7,hit_taken
8475832,Tom Kuhnhackl,R,PIT,-96,22,hit_taken
8475832,Tom Kuhnhackl,R,PIT,64,-24,hit_taken
8475832,Tom Kuhnhackl,R,PIT,-94,-35,hit_taken
8475832,Tom Kuhnhackl,R,PIT,-16,40,hit_taken
8475832,Tom Kuhnhackl,R,PIT,-96,-32,hit_taken
8475832,Tom Kuhnhackl,R,PIT,90,36,hit_taken
8475832,Tom Kuhnhackl,R,PIT,53,4,hit_taken
8475832,Tom Kuhnhackl,R,PIT,88,41,hit_thrown
8475832,Tom Kuhnhackl,R,PIT,91,-39,hit_thrown
8475832,Tom Kuhnhackl,R,PIT,68,-39,hit_thrown
8475832,Tom Kuhnhackl,R,PIT,-75,14,hit_thrown
8475832,Tom Kuhnhackl,R,PIT,15,-40,hit_thrown
8475832,Tom Kuhnhackl,R,PIT,-87,42,hit_thrown
8475832,Tom Kuhnhackl,R,PIT,-72,40,hit_thrown
8475832,Tom Kuhnhackl,R,PIT,-97,25,hit_thrown
8475832,Tom Kuhnhackl,R,PIT,-74,3,hit_thrown
8475832,Tom Kuhnhackl,R,PIT,84,40,hit_thrown
8475832,Tom Kuhnhackl,R,PIT,-45,25,hit_thrown
8475832,Tom Kuhnhackl,R,PIT,-54,-37,hit_thrown
8475832,Tom Kuhnhackl,R,PIT,98,11,hit_thrown
8475832,Tom Kuhnhackl,R,PIT,-44,38,hit_thrown
8475832,Tom Kuhnhackl,R,PIT,73,-39,hit_thrown
8475832,Tom Kuhnhackl,R,PIT,-97,-4,hit_thrown
8475832,Tom Kuhnhackl,R,PIT,-95,-33,hit_thrown
8475832,Tom Kuhnhackl,R,PIT,97,-33,hit_thrown
8475832,Tom Kuhnhackl,R,PIT,94,-32,hit_thrown
8475832,Tom Kuhnhackl,R,PIT,-38,-33,hit_thrown
8475832,Tom Kuhnhackl,R,PIT,24,37,hit_thrown
8475832,Tom Kuhnhackl,R,PIT,95,32,hit_thrown
8475832,Tom Kuhnhackl,R,PIT,96,-22,hit_thrown
8475832,Tom Kuhnhackl,R,PIT,-97,14,hit_thrown
8475832,Tom Kuhnhackl,R,PIT,-97,29,hit_thrown
8475832,Tom Kuhnhackl,R,PIT,-96,27,hit_thrown
8475832,Tom Kuhnhackl,R,PIT,-14,-39,hit_thrown
8475832,Tom Kuhnhackl,R,PIT,79,39,hit_thrown
8475832,Tom Kuhnhackl,R,PIT,70,-42,hit_thrown
8475832,Tom Kuhnhackl,R,PIT,97,-32,hit_thrown
8475832,Tom Kuhnhackl,R,PIT,57,38,hit_thrown
8475832,Tom Kuhnhackl,R,PIT,85,-39,hit_thrown
8475832,Tom Kuhnhackl,R,PIT,-4,40,hit_thrown
8475832,Tom Kuhnhackl,R,PIT,85,5,hit_thrown
8475832,Tom Kuhnhackl,R,PIT,-13,39,hit_thrown
8475832,Tom Kuhnhackl,R,PIT,-82,-35,hit_thrown
8475832,Tom Kuhnhackl,R,PIT,96,35,hit_thrown
8475832,Tom Kuhnhackl,R,PIT,-97,22,hit_thrown
8475832,Tom Kuhnhackl,R,PIT,30,-7,takeaway_other
8475832,Tom Kuhnhackl,R,PIT,-54,-10,takeaway_other
8475834,Marcus Sorensen,L,SJS,80,-4,crease_goal
8475834,Marcus Sorensen,L,SJS,-21,-37,hit_taken
8475834,Marcus Sorensen,L,SJS,-95,-19,hit_taken
8475834,Marcus Sorensen,L,SJS,-94,-38,hit_taken
8475834,Marcus Sorensen,L,SJS,-97,12,hit_taken
8475834,Marcus Sorensen,L,SJS,93,37,hit_taken
8475834,Marcus Sorensen,L,SJS,-4,-41,hit_taken
8475834,Marcus Sorensen,L,SJS,46,40,hit_taken
8475834,Marcus Sorensen,L,SJS,4,-35,hit_taken
8475834,Marcus Sorensen,L,SJS,-19,22,hit_taken
8475834,Marcus Sorensen,L,SJS,-97,-9,hit_thrown
8475834,Marcus Sorensen,L,SJS,81,40,hit_thrown
8475834,Marcus Sorensen,L,SJS,-96,23,hit_thrown
8475834,Marcus Sorensen,L,SJS,99,1,hit_thrown
8475834,Marcus Sorensen,L,SJS,17,-40,takeaway_other
8475848,Brendan Gallagher,R,MTL,61,13,block_non_hd
8475848,Brendan Gallagher,R,MTL,66,25,block_non_hd
8475848,Brendan Gallagher,R,MTL,45,21,block_non_hd
8475848,Brendan Gallagher,R,MTL,4,41,hit_taken
8475848,Brendan Gallagher,R,MTL,-97,-24,hit_taken
8475848,Brendan Gallagher,R,MTL,-65,41,hit_taken
8475848,Brendan Gallagher,R,MTL,-30,-32,hit_taken
8475848,Brendan Gallagher,R,MTL,-41,-36,hit_taken
8475848,Brendan Gallagher,R,MTL,40,-38,hit_taken
8475848,Brendan Gallagher,R,MTL,34,-29,hit_taken
8475848,Brendan Gallagher,R,MTL,80,37,hit_taken
8475848,Brendan Gallagher,R,MTL,43,-39,hit_taken
8475848,Brendan Gallagher,R,MTL,22,-40,hit_taken
8475848,Brendan Gallagher,R,MTL,80,-16,hit_taken
8475848,Brendan Gallagher,R,MTL,-37,38,hit_taken
8475848,Brendan Gallagher,R,MTL,90,38,hit_taken
8475848,Brendan Gallagher,R,MTL,-96,14,hit_taken
8475848,Brendan Gallagher,R,MTL,16,-31,hit_taken
8475848,Brendan Gallagher,R,MTL,38,-40,hit_taken
8475848,Brendan Gallagher,R,MTL,94,-9,hit_taken
8475848,Brendan Gallagher,R,MTL,97,22,hit_taken
8475848,Brendan Gallagher,R,MTL,-89,-6,hit_taken
8475848,Brendan Gallagher,R,MTL,-85,-2,hit_taken
8475848,Brendan Gallagher,R,MTL,-97,-30,hit_thrown
8475848,Brendan Gallagher,R,MTL,-31,40,hit_thrown
8475848,Brendan Gallagher,R,MTL,-96,8,hit_thrown
8475848,Brendan Gallagher,R,MTL,-94,-36,hit_thrown
8475848,Brendan Gallagher,R,MTL,-85,-38,hit_thrown
8475848,Brendan Gallagher,R,MTL,96,17,hit_thrown
8475848,Brendan Gallagher,R,MTL,96,-30,hit_thrown
8475848,Brendan Gallagher,R,MTL,97,-11,hit_thrown
8475848,Brendan Gallagher,R,MTL,-96,20,hit_thrown
8475848,Brendan Gallagher,R,MTL,-50,40,hit_thrown
8475848,Brendan Gallagher,R,MTL,84,41,hit_thrown
8475848,Brendan Gallagher,R,MTL,-54,-38,hit_thrown
8475848,Brendan Gallagher,R,MTL,76,38,hit_thrown
8475848,Brendan Gallagher,R,MTL,-6,39,hit_thrown
8475848,Brendan Gallagher,R,MTL,-96,27,hit_thrown
8475848,Brendan Gallagher,R,MTL,-71,-38,hit_thrown
8475848,Brendan Gallagher,R,MTL,96,20,hit_thrown
8475848,Brendan Gallagher,R,MTL,10,-22,takeaway_other
8475848,Brendan Gallagher,R,MTL,-68,-28,takeaway_other
8475848,Brendan Gallagher,R,MTL,13,-12,takeaway_other
8475855,Jesper Fast,R,NYR,-73,-10,block_hd
8475855,Jesper Fast,R,NYR,-50,-10,block_non_hd
8475855,Jesper Fast,R,NYR,-44,-22,block_non_hd
8475855,Jesper Fast,R,NYR,-73,26,block_non_hd
8475855,Jesper Fast,R,NYR,-48,4,block_non_hd
8475855,Jesper Fast,R,NYR,-69,13,block_non_hd
8475855,Jesper Fast,R,NYR,48,10,block_non_hd
8475855,Jesper Fast,R,NYR,-41,2,block_non_hd
8475855,Jesper Fast,R,NYR,-83,3,crease_goal
8475855,Jesper Fast,R,NYR,78,0,crease_goal
8475855,Jesper Fast,R,NYR,-36,-40,hit_taken
8475855,Jesper Fast,R,NYR,99,-10,hit_taken
8475855,Jesper Fast,R,NYR,15,39,hit_taken
8475855,Jesper Fast,R,NYR,23,41,hit_taken
8475855,Jesper Fast,R,NYR,-60,39,hit_taken
8475855,Jesper Fast,R,NYR,-49,41,hit_taken
8475855,Jesper Fast,R,NYR,-96,-11,hit_taken
8475855,Jesper Fast,R,NYR,45,-38,hit_taken
8475855,Jesper Fast,R,NYR,-71,-39,hit_taken
8475855,Jesper Fast,R,NYR,-36,-21,hit_taken
8475855,Jesper Fast,R,NYR,71,33,hit_taken
8475855,Jesper Fast,R,NYR,96,24,hit_taken
8475855,Jesper Fast,R,NYR,-34,38,hit_taken
8475855,Jesper Fast,R,NYR,76,37,hit_taken
8475855,Jesper Fast,R,NYR,91,-20,hit_taken
8475855,Jesper Fast,R,NYR,-95,-18,hit_taken
8475855,Jesper Fast,R,NYR,82,36,hit_taken
8475855,Jesper Fast,R,NYR,-29,30,hit_taken
8475855,Jesper Fast,R,NYR,-79,-38,hit_taken
8475855,Jesper Fast,R,NYR,76,-39,hit_taken
8475855,Jesper Fast,R,NYR,-87,37,hit_taken
8475855,Jesper Fast,R,NYR,-85,-38,hit_taken
8475855,Jesper Fast,R,NYR,-11,42,hit_taken
8475855,Jesper Fast,R,NYR,97,17,hit_taken
8475855,Jesper Fast,R,NYR,-60,40,hit_taken
8475855,Jesper Fast,R,NYR,11,41,hit_taken
8475855,Jesper Fast,R,NYR,-85,33,hit_taken
8475855,Jesper Fast,R,NYR,-81,40,hit_taken
8475855,Jesper Fast,R,NYR,-33,38,hit_taken
8475855,Jesper Fast,R,NYR,59,-41,hit_thrown
8475855,Jesper Fast,R,NYR,14,-37,hit_thrown
8475855,Jesper Fast,R,NYR,97,-30,hit_thrown
8475855,Jesper Fast,R,NYR,-82,-38,hit_thrown
8475855,Jesper Fast,R,NYR,-11,-41,hit_thrown
8475855,Jesper Fast,R,NYR,53,39,hit_thrown
8475855,Jesper Fast,R,NYR,98,-27,hit_thrown
8475855,Jesper Fast,R,NYR,98,-22,hit_thrown
8475855,Jesper Fast,R,NYR,4,40,hit_thrown
8475855,Jesper Fast,R,NYR,-80,41,hit_thrown
8475855,Jesper Fast,R,NYR,-97,27,hit_thrown
8475855,Jesper Fast,R,NYR,-94,38,hit_thrown
8475855,Jesper Fast,R,NYR,-86,40,hit_thrown
8475855,Jesper Fast,R,NYR,15,21,hit_thrown
8475855,Jesper Fast,R,NYR,6,-39,hit_thrown
8475855,Jesper Fast,R,NYR,-89,39,hit_thrown
8475855,Jesper Fast,R,NYR,-36,39,hit_thrown
8475855,Jesper Fast,R,NYR,-95,33,hit_thrown
8475855,Jesper Fast,R,NYR,-90,39,hit_thrown
8475855,Jesper Fast,R,NYR,97,-10,hit_thrown
8475855,Jesper Fast,R,NYR,6,-42,hit_thrown
8475855,Jesper Fast,R,NYR,-91,40,hit_thrown
8475855,Jesper Fast,R,NYR,28,41,hit_thrown
8475855,Jesper Fast,R,NYR,-96,-8,hit_thrown
8475855,Jesper Fast,R,NYR,-89,39,hit_thrown
8475855,Jesper Fast,R,NYR,43,-37,hit_thrown
8475855,Jesper Fast,R,NYR,-95,16,hit_thrown
8475855,Jesper Fast,R,NYR,-95,-9,hit_thrown
8475855,Jesper Fast,R,NYR,-88,-39,hit_thrown
8475855,Jesper Fast,R,NYR,-91,-38,hit_thrown
8475855,Jesper Fast,R,NYR,-19,-40,hit_thrown
8475855,Jesper Fast,R,NYR,-43,-40,hit_thrown
8475855,Jesper Fast,R,NYR,-96,23,hit_thrown
8475855,Jesper Fast,R,NYR,-58,-3,takeaway_other
8475855,Jesper Fast,R,NYR,40,-20,takeaway_other
8475855,Jesper Fast,R,NYR,-68,39,takeaway_other
8475855,Jesper Fast,R,NYR,-31,37,takeaway_other
8475869,Brandon Davidson,D,MTL,-80,-2,block_hd
8475869,Brandon Davidson,D,MTL,71,9,block_hd
8475869,Brandon Davidson,D,MTL,-74,8,block_hd
8475869,Brandon Davidson,D,MTL,82,39,hit_taken
8475869,Brandon Davidson,D,MTL,93,-38,hit_taken
8475869,Brandon Davidson,D,MTL,-89,39,hit_taken
8475869,Brandon Davidson,D,MTL,-36,39,hit_taken
8475869,Brandon Davidson,D,MTL,95,-9,hit_taken
8475869,Brandon Davidson,D,MTL,96,6,hit_thrown
8475869,Brandon Davidson,D,MTL,-74,18,takeaway_hd
8475878,Freddie Hamilton,C,CGY,26,-39,hit_thrown
8475878,Freddie Hamilton,C,CGY,13,40,hit_thrown
8475878,Freddie Hamilton,C,CGY,98,-31,hit_thrown
8475907,Micheal Ferland,L,CGY,80,-18,block_hd
8475907,Micheal Ferland,L,CGY,-50,-4,block_non_hd
8475907,Micheal Ferland,L,CGY,-52,40,hit_taken
8475907,Micheal Ferland,L,CGY,-29,-40,hit_taken
8475907,Micheal Ferland,L,CGY,79,-42,hit_taken
8475907,Micheal Ferland,L,CGY,79,-41,hit_taken
8475907,Micheal Ferland,L,CGY,-65,-41,hit_thrown
8475907,Micheal Ferland,L,CGY,96,7,hit_thrown
8475907,Micheal Ferland,L,CGY,52,39,hit_thrown
8475907,Micheal Ferland,L,CGY,-48,-37,hit_thrown
8475907,Micheal Ferland,L,CGY,-94,-22,hit_thrown
8475907,Micheal Ferland,L,CGY,15,39,hit_thrown
8475907,Micheal Ferland,L,CGY,91,-36,hit_thrown
8475907,Micheal Ferland,L,CGY,99,1,hit_thrown
8475907,Micheal Ferland,L,CGY,99,21,hit_thrown
8475907,Micheal Ferland,L,CGY,96,14,hit_thrown
8475907,Micheal Ferland,L,CGY,-87,39,hit_thrown
8475907,Micheal Ferland,L,CGY,-51,-40,hit_thrown
8475907,Micheal Ferland,L,CGY,79,39,takeaway_other
8475907,Micheal Ferland,L,CGY,91,-39,takeaway_other
8475913,Mark Stone,R,OTT,75,9,block_hd
8475913,Mark Stone,R,OTT,86,-12,block_hd
8475913,Mark Stone,R,OTT,67,-6,block_non_hd
8475913,Mark Stone,R,OTT,-58,-5,block_non_hd
8475913,Mark Stone,R,OTT,66,-9,block_non_hd
8475913,Mark Stone,R,OTT,-44,27,block_non_hd
8475913,Mark Stone,R,OTT,-69,-34,block_non_hd
8475913,Mark Stone,R,OTT,65,23,block_non_hd
8475913,Mark Stone,R,OTT,55,2,block_non_hd
8475913,Mark Stone,R,OTT,-62,-26,block_non_hd
8475913,Mark Stone,R,OTT,42,3,block_non_hd
8475913,Mark Stone,R,OTT,-47,-10,block_non_hd
8475913,Mark Stone,R,OTT,47,-18,block_non_hd
8475913,Mark Stone,R,OTT,-44,-25,block_non_hd
8475913,Mark Stone,R,OTT,85,6,crease_goal
8475913,Mark Stone,R,OTT,-69,-23,dz_faceoff_win
8475913,Mark Stone,R,OTT,93,-31,hit_taken
8475913,Mark Stone,R,OTT,91,-36,hit_taken
8475913,Mark Stone,R,OTT,-21,-14,hit_taken
8475913,Mark Stone,R,OTT,75,-41,hit_taken
8475913,Mark Stone,R,OTT,-12,15,hit_taken
8475913,Mark Stone,R,OTT,-16,-29,hit_taken
8475913,Mark Stone,R,OTT,-91,24,hit_taken
8475913,Mark Stone,R,OTT,-16,-36,hit_taken
8475913,Mark Stone,R,OTT,86,10,hit_taken
8475913,Mark Stone,R,OTT,98,10,hit_taken
8475913,Mark Stone,R,OTT,-28,-37,hit_taken
8475913,Mark Stone,R,OTT,-96,-25,hit_taken
8475913,Mark Stone,R,OTT,85,-38,hit_taken
8475913,Mark Stone,R,OTT,43,-40,hit_taken
8475913,Mark Stone,R,OTT,-29,-40,hit_taken
8475913,Mark Stone,R,OTT,18,34,hit_taken
8475913,Mark Stone,R,OTT,-46,-40,hit_taken
8475913,Mark Stone,R,OTT,37,39,hit_taken
8475913,Mark Stone,R,OTT,27,-39,hit_taken
8475913,Mark Stone,R,OTT,63,39,hit_taken
8475913,Mark Stone,R,OTT,-18,38,hit_taken
8475913,Mark Stone,R,OTT,30,-40,hit_taken
8475913,Mark Stone,R,OTT,82,40,hit_taken
8475913,Mark Stone,R,OTT,-9,-40,hit_taken
8475913,Mark Stone,R,OTT,52,35,hit_taken
8475913,Mark Stone,R,OTT,-29,-36,hit_thrown
8475913,Mark Stone,R,OTT,-65,-4,hit_thrown
8475913,Mark Stone,R,OTT,-78,-39,hit_thrown
8475913,Mark Stone,R,OTT,-8,-40,hit_thrown
8475913,Mark Stone,R,OTT,-78,39,hit_thrown
8475913,Mark Stone,R,OTT,-76,-41,hit_thrown
8475913,Mark Stone,R,OTT,99,-18,hit_thrown
8475913,Mark Stone,R,OTT,63,-35,hit_thrown
8475913,Mark Stone,R,OTT,-81,35,hit_thrown
8475913,Mark Stone,R,OTT,91,34,hit_thrown
8475913,Mark Stone,R,OTT,93,7,hit_thrown
8475913,Mark Stone,R,OTT,-32,12,hit_thrown
8475913,Mark Stone,R,OTT,-23,38,hit_thrown
8475913,Mark Stone,R,OTT,25,-36,hit_thrown
8475913,Mark Stone,R,OTT,14,-39,hit_thrown
8475913,Mark Stone,R,OTT,-95,-8,hit_thrown
8475913,Mark Stone,R,OTT,-85,-38,hit_thrown
8475913,Mark Stone,R,OTT,-49,-39,hit_thrown
8475913,Mark Stone,R,OTT,29,40,hit_thrown
8475913,Mark Stone,R,OTT,-97,-2,hit_thrown
8475913,Mark Stone,R,OTT,-3,37,hit_thrown
8475913,Mark Stone,R,OTT,-96,-27,hit_thrown
8475913,Mark Stone,R,OTT,-32,38,hit_thrown
8475913,Mark Stone,R,OTT,-8,-39,hit_thrown
8475913,Mark Stone,R,OTT,-95,-6,hit_thrown
8475913,Mark Stone,R,OTT,88,-40,hit_thrown
8475913,Mark Stone,R,OTT,-97,6,hit_thrown
8475913,Mark Stone,R,OTT,-97,8,hit_thrown
8475913,Mark Stone,R,OTT,45,-40,hit_thrown
8475913,Mark Stone,R,OTT,-12,-14,hit_thrown
8475913,Mark Stone,R,OTT,24,40,hit_thrown
8475913,Mark Stone,R,OTT,31,-39,hit_thrown
8475913,Mark Stone,R,OTT,92,-1,takeaway_hd
8475913,Mark Stone,R,OTT,-72,-1,takeaway_hd
8475913,Mark Stone,R,OTT,-82,18,takeaway_hd
8475913,Mark Stone,R,OTT,8,12,takeaway_other
8475913,Mark Stone,R,OTT,90,25,takeaway_other
8475913,Mark Stone,R,OTT,77,29,takeaway_other
8475913,Mark Stone,R,OTT,-19,-35,takeaway_other
8475913,Mark Stone,R,OTT,-20,25,takeaway_other
8475913,Mark Stone,R,OTT,-4,29,takeaway_other
8475913,Mark Stone,R,OTT,-95,33,takeaway_other
8475913,Mark Stone,R,OTT,-93,-36,takeaway_other
8475913,Mark Stone,R,OTT,24,1,takeaway_other
8475913,Mark Stone,R,OTT,-90,-19,takeaway_other
8475913,Mark Stone,R,OTT,61,-15,takeaway_other
8475913,Mark Stone,R,OTT,-3,-19,takeaway_other
8475913,Mark Stone,R,OTT,65,-39,takeaway_other
8475913,Mark Stone,R,OTT,-40,-29,takeaway_other
8475913,Mark Stone,R,OTT,24,-18,takeaway_other
8475913,Mark Stone,R,OTT,32,-29,takeaway_other
8476158,Harry Zolnierczyk,L,NSH,45,0,block_non_hd
8476158,Harry Zolnierczyk,L,NSH,-29,25,hit_taken
8476158,Harry Zolnierczyk,L,NSH,-96,33,hit_taken
8476158,Harry Zolnierczyk,L,NSH,90,-39,hit_taken
8476158,Harry Zolnierczyk,L,NSH,-11,-37,hit_taken
8476158,Harry Zolnierczyk,L,NSH,-93,-23,hit_taken
8476158,Harry Zolnierczyk,L,NSH,-94,31,hit_taken
8476158,Harry Zolnierczyk,L,NSH,40,36,hit_taken
8476158,Harry Zolnierczyk,L,NSH,-28,-38,hit_taken
8476158,Harry Zolnierczyk,L,NSH,70,40,hit_taken
8476158,Harry Zolnierczyk,L,NSH,99,27,hit_taken
8476158,Harry Zolnierczyk,L,NSH,19,20,hit_taken
8476158,Harry Zolnierczyk,L,NSH,-21,37,hit_taken
8476158,Harry Zolnierczyk,L,NSH,43,-39,hit_taken
8476158,Harry Zolnierczyk,L,NSH,-99,8,hit_taken
8476158,Harry Zolnierczyk,L,NSH,24,-40,hit_taken
8476158,Harry Zolnierczyk,L,NSH,-98,3,hit_taken
8476158,Harry Zolnierczyk,L,NSH,59,39,hit_thrown
8476158,Harry Zolnierczyk,L,NSH,92,-38,hit_thrown
8476158,Harry Zolnierczyk,L,NSH,77,-37,hit_thrown
8476158,Harry Zolnierczyk,L,NSH,54,37,hit_thrown
8476158,Harry Zolnierczyk,L,NSH,-52,-39,hit_thrown
8476158,Harry Zolnierczyk,L,NSH,95,26,hit_thrown
8476158,Harry Zolnierczyk,L,NSH,-11,36,hit_thrown
8476158,Harry Zolnierczyk,L,NSH,-94,-27,hit_thrown
8476158,Harry Zolnierczyk,L,NSH,-29,38,hit_thrown
8476158,Harry Zolnierczyk,L,NSH,12,-39,hit_thrown
8476158,Harry Zolnierczyk,L,NSH,-63,-39,hit_thrown
8476158,Harry Zolnierczyk,L,NSH,60,-42,hit_thrown
8476158,Harry Zolnierczyk,L,NSH,58,-37,hit_thrown
8476158,Harry Zolnierczyk,L,NSH,39,-36,hit_thrown
8476158,Harry Zolnierczyk,L,NSH,60,-38,hit_thrown
8476158,Harry Zolnierczyk,L,NSH,-35,38,hit_thrown
8476158,Harry Zolnierczyk,L,NSH,43,38,hit_thrown
8476158,Harry Zolnierczyk,L,NSH,77,-39,hit_thrown
8476158,Harry Zolnierczyk,L,NSH,-96,-1,hit_thrown
8476158,Harry Zolnierczyk,L,NSH,-45,35,takeaway_other
8476158,Harry Zolnierczyk,L,NSH,33,36,takeaway_other
8476191,Kevan Miller,D,BOS,-81,-4,block_hd
8476191,Kevan Miller,D,BOS,-79,-3,block_hd
8476191,Kevan Miller,D,BOS,75,16,block_hd
8476191,Kevan Miller,D,BOS,-79,-10,block_hd
8476191,Kevan Miller,D,BOS,79,-6,block_hd
8476191,Kevan Miller,D,BOS,76,15,block_hd
8476191,Kevan Miller,D,BOS,-78,-9,block_hd
8476191,Kevan Miller,D,BOS,77,-1,block_hd
8476191,Kevan Miller,D,BOS,-75,8,block_hd
8476191,Kevan Miller,D,BOS,77,2,block_hd
8476191,Kevan Miller,D,BOS,75,11,block_hd
8476191,Kevan Miller,D,BOS,-71,12,block_hd
8476191,Kevan Miller,D,BOS,71,12,block_hd
8476191,Kevan Miller,D,BOS,66,7,block_non_hd
8476191,Kevan Miller,D,BOS,-56,-11,block_non_hd
8476191,Kevan Miller,D,BOS,67,10,block_non_hd
8476191,Kevan Miller,D,BOS,51,15,block_non_hd
8476191,Kevan Miller,D,BOS,96,20,hit_taken
8476191,Kevan Miller,D,BOS,-60,36,hit_taken
8476191,Kevan Miller,D,BOS,-29,-37,hit_taken
8476191,Kevan Miller,D,BOS,76,38,hit_taken
8476191,Kevan Miller,D,BOS,94,-31,hit_taken
8476191,Kevan Miller,D,BOS,97,-6,hit_taken
8476191,Kevan Miller,D,BOS,98,-7,hit_taken
8476191,Kevan Miller,D,BOS,95,36,hit_taken
8476191,Kevan Miller,D,BOS,-48,-40,hit_taken
8476191,Kevan Miller,D,BOS,86,-6,hit_taken
8476191,Kevan Miller,D,BOS,81,40,hit_taken
8476191,Kevan Miller,D,BOS,-61,-36,hit_taken
8476191,Kevan Miller,D,BOS,-73,36,hit_taken
8476191,Kevan Miller,D,BOS,60,-38,hit_taken
8476191,Kevan Miller,D,BOS,91,34,hit_taken
8476191,Kevan Miller,D,BOS,-86,36,hit_taken
8476191,Kevan Miller,D,BOS,83,-42,hit_taken
8476191,Kevan Miller,D,BOS,93,7,hit_taken
8476191,Kevan Miller,D,BOS,-73,39,hit_taken
8476191,Kevan Miller,D,BOS,44,-36,hit_taken
8476191,Kevan Miller,D,BOS,-28,-37,hit_taken
8476191,Kevan Miller,D,BOS,87,41,hit_thrown
8476191,Kevan Miller,D,BOS,-21,-41,hit_thrown
8476191,Kevan Miller,D,BOS,43,38,hit_thrown
8476191,Kevan Miller,D,BOS,98,11,hit_thrown
8476191,Kevan Miller,D,BOS,98,-29,hit_thrown
8476191,Kevan Miller,D,BOS,98,-1,hit_thrown
8476191,Kevan Miller,D,BOS,-67,-33,hit_thrown
8476191,Kevan Miller,D,BOS,83,-36,hit_thrown
8476191,Kevan Miller,D,BOS,51,-29,hit_thrown
8476191,Kevan Miller,D,BOS,86,-40,hit_thrown
8476191,Kevan Miller,D,BOS,95,-25,hit_thrown
8476191,Kevan Miller,D,BOS,46,-35,hit_thrown
8476191,Kevan Miller,D,BOS,-88,-34,hit_thrown
8476191,Kevan Miller,D,BOS,80,-25,hit_thrown
8476191,Kevan Miller,D,BOS,-88,35,hit_thrown
8476191,Kevan Miller,D,BOS,-36,-36,hit_thrown
8476191,Kevan Miller,D,BOS,-92,34,hit_thrown
8476191,Kevan Miller,D,BOS,-86,-33,hit_thrown
8476191,Kevan Miller,D,BOS,94,-24,hit_thrown
8476191,Kevan Miller,D,BOS,99,12,hit_thrown
8476191,Kevan Miller,D,BOS,-73,3,takeaway_hd
8476191,Kevan Miller,D,BOS,68,35,takeaway_other
8476288,Ryan Dzingel,C,OTT,69,-1,block_non_hd
8476288,Ryan Dzingel,C,OTT,48,-30,block_non_hd
8476288,Ryan Dzingel,C,OTT,-48,-12,block_non_hd
8476288,Ryan Dzingel,C,OTT,69,21,block_non_hd
8476288,Ryan Dzingel,C,OTT,-80,5,crease_goal
8476288,Ryan Dzingel,C,OTT,18,-37,hit_taken
8476288,Ryan Dzingel,C,OTT,-94,-6,hit_taken
8476288,Ryan Dzingel,C,OTT,95,-25,hit_taken
8476288,Ryan Dzingel,C,OTT,46,-35,hit_taken
8476288,Ryan Dzingel,C,OTT,-43,37,hit_taken
8476288,Ryan Dzingel,C,OTT,64,-33,hit_taken
8476288,Ryan Dzingel,C,OTT,6,-38,hit_taken
8476288,Ryan Dzingel,C,OTT,93,-31,hit_taken
8476288,Ryan Dzingel,C,OTT,-94,-8,hit_taken
8476288,Ryan Dzingel,C,OTT,-86,-33,hit_taken
8476288,Ryan Dzingel,C,OTT,45,-34,hit_taken
8476288,Ryan Dzingel,C,OTT,-56,41,hit_taken
8476288,Ryan Dzingel,C,OTT,43,-37,hit_taken
8476288,Ryan Dzingel,C,OTT,-96,10,hit_taken
8476288,Ryan Dzingel,C,OTT,-72,5,hit_taken
8476288,Ryan Dzingel,C,OTT,-73,-37,hit_taken
8476288,Ryan Dzingel,C,OTT,94,-33,hit_taken
8476288,Ryan Dzingel,C,OTT,4,-37,hit_taken
8476288,Ryan Dzingel,C,OTT,-83,41,hit_taken
8476288,Ryan Dzingel,C,OTT,55,-39,hit_taken
8476288,Ryan Dzingel,C,OTT,59,-38,hit_taken
8476288,Ryan Dzingel,C,OTT,42,-40,hit_taken
8476288,Ryan Dzingel,C,OTT,-92,23,hit_taken
8476288,Ryan Dzingel,C,OTT,-49,39,hit_taken
8476288,Ryan Dzingel,C,OTT,49,40,hit_thrown
8476288,Ryan Dzingel,C,OTT,97,13,hit_thrown
8476288,Ryan Dzingel,C,OTT,40,35,hit_thrown
8476288,Ryan Dzingel,C,OTT,-89,-33,hit_thrown
8476288,Ryan Dzingel,C,OTT,-10,38,hit_thrown
8476288,Ryan Dzingel,C,OTT,-79,39,hit_thrown
8476288,Ryan Dzingel,C,OTT,2,36,hit_thrown
8476288,Ryan Dzingel,C,OTT,16,39,hit_thrown
8476288,Ryan Dzingel,C,OTT,27,40,hit_thrown
8476288,Ryan Dzingel,C,OTT,-90,-34,hit_thrown
8476288,Ryan Dzingel,C,OTT,-13,-38,hit_thrown
8476288,Ryan Dzingel,C,OTT,53,-42,hit_thrown
8476288,Ryan Dzingel,C,OTT,48,-40,hit_thrown
8476288,Ryan Dzingel,C,OTT,-94,-33,hit_thrown
8476288,Ryan Dzingel,C,OTT,-79,-38,hit_thrown
8476288,Ryan Dzingel,C,OTT,76,-39,hit_thrown
8476288,Ryan Dzingel,C,OTT,-3,40,hit_thrown
8476288,Ryan Dzingel,C,OTT,-95,8,hit_thrown
8476288,Ryan Dzingel,C,OTT,-70,-37,hit_thrown
8476288,Ryan Dzingel,C,OTT,68,11,hit_thrown
8476288,Ryan Dzingel,C,OTT,64,40,hit_thrown
8476288,Ryan Dzingel,C,OTT,18,-39,hit_thrown
8476288,Ryan Dzingel,C,OTT,34,-37,hit_thrown
8476288,Ryan Dzingel,C,OTT,-75,-41,hit_thrown
8476288,Ryan Dzingel,C,OTT,58,-41,hit_thrown
8476288,Ryan Dzingel,C,OTT,44,36,hit_thrown
8476288,Ryan Dzingel,C,OTT,53,-33,takeaway_other
8476288,Ryan Dzingel,C,OTT,-66,35,takeaway_other
8476288,Ryan Dzingel,C,OTT,-90,29,takeaway_other
8476288,Ryan Dzingel,C,OTT,-46,-17,takeaway_other
8476288,Ryan Dzingel,C,OTT,-49,34,takeaway_other
8476288,Ryan Dzingel,C,OTT,17,5,takeaway_other
8476293,Scott Wilson,C,PIT,85,7,block_hd
8476293,Scott Wilson,C,PIT,-73,14,block_hd
8476293,Scott Wilson,C,PIT,-84,-2,block_hd
8476293,Scott Wilson,C,PIT,-66,-7,block_non_hd
8476293,Scott Wilson,C,PIT,-62,-8,block_non_hd
8476293,Scott Wilson,C,PIT,50,-12,block_non_hd
8476293,Scott Wilson,C,PIT,43,-13,block_non_hd
8476293,Scott Wilson,C,PIT,68,29,block_non_hd
8476293,Scott Wilson,C,PIT,69,-8,block_non_hd
8476293,Scott Wilson,C,PIT,52,-21,block_non_hd
8476293,Scott Wilson,C,PIT,-61,22,block_non_hd
8476293,Scott Wilson,C,PIT,66,4,block_non_hd
8476293,Scott Wilson,C,PIT,63,14,block_non_hd
8476293,Scott Wilson,C,PIT,91,-10,crease_goal
8476293,Scott Wilson,C,PIT,-17,40,hit_taken
8476293,Scott Wilson,C,PIT,-88,41,hit_taken
8476293,Scott Wilson,C,PIT,82,39,hit_taken
8476293,Scott Wilson,C,PIT,-23,38,hit_taken
8476293,Scott Wilson,C,PIT,92,-38,hit_taken
8476293,Scott Wilson,C,PIT,-96,30,hit_taken
8476293,Scott Wilson,C,PIT,91,38,hit_taken
8476293,Scott Wilson,C,PIT,-41,-40,hit_taken
8476293,Scott Wilson,C,PIT,-94,33,hit_taken
8476293,Scott Wilson,C,PIT,20,-37,hit_taken
8476293,Scott Wilson,C,PIT,-92,-29,hit_taken
8476293,Scott Wilson,C,PIT,90,34,hit_taken
8476293,Scott Wilson,C,PIT,32,40,hit_taken
8476293,Scott Wilson,C,PIT,12,-38,hit_taken
8476293,Scott Wilson,C,PIT,-16,-39,hit_taken
8476293,Scott Wilson,C,PIT,-32,34,hit_taken
8476293,Scott Wilson,C,PIT,99,-14,hit_taken
8476293,Scott Wilson,C,PIT,92,-8,hit_taken
8476293,Scott Wilson,C,PIT,34,-37,hit_taken
8476293,Scott Wilson,C,PIT,-97,-12,hit_taken
8476293,Scott Wilson,C,PIT,-54,-39,hit_taken
8476293,Scott Wilson,C,PIT,39,37,hit_taken
8476293,Scott Wilson,C,PIT,-96,-24,hit_taken
8476293,Scott Wilson,C,PIT,86,-36,hit_taken
8476293,Scott Wilson,C,PIT,-12,-14,hit_taken
8476293,Scott Wilson,C,PIT,49,39,hit_taken
8476293,Scott Wilson,C,PIT,13,41,hit_taken
8476293,Scott Wilson,C,PIT,-95,-34,hit_taken
8476293,Scott Wilson,C,PIT,-1,-40,hit_taken
8476293,Scott Wilson,C,PIT,72,-40,hit_taken
8476293,Scott Wilson,C,PIT,39,-36,hit_taken
8476293,Scott Wilson,C,PIT,45,38,hit_taken
8476293,Scott Wilson,C,PIT,-93,-34,hit_taken
8476293,Scott Wilson,C,PIT,63,40,hit_taken
8476293,Scott Wilson,C,PIT,-48,39,hit_taken
8476293,Scott Wilson,C,PIT,40,-38,hit_taken
8476293,Scott Wilson,C,PIT,93,38,hit_thrown
8476293,Scott Wilson,C,PIT,-96,-5,hit_thrown
8476293,Scott Wilson,C,PIT,-61,-40,hit_thrown
8476293,Scott Wilson,C,PIT,94,36,hit_thrown
8476293,Scott Wilson,C,PIT,39,33,hit_thrown
8476293,Scott Wilson,C,PIT,99,7,hit_thrown
8476293,Scott Wilson,C,PIT,-96,-4,hit_thrown
8476293,Scott Wilson,C,PIT,-98,-17,hit_thrown
8476293,Scott Wilson,C,PIT,7,-39,hit_thrown
8476293,Scott Wilson,C,PIT,-68,40,hit_thrown
8476293,Scott Wilson,C,PIT,-9,-40,hit_thrown
8476293,Scott Wilson,C,PIT,-64,-40,hit_thrown
8476293,Scott Wilson,C,PIT,93,36,hit_thrown
8476293,Scott Wilson,C,PIT,-85,40,hit_thrown
8476293,Scott Wilson,C,PIT,-73,-35,hit_thrown
8476293,Scott Wilson,C,PIT,-97,-5,hit_thrown
8476293,Scott Wilson,C,PIT,-48,-37,hit_thrown
8476293,Scott Wilson,C,PIT,62,-39,hit_thrown
8476293,Scott Wilson,C,PIT,81,-41,hit_thrown
8476293,Scott Wilson,C,PIT,45,-29,hit_thrown
8476293,Scott Wilson,C,PIT,23,40,hit_thrown
8476293,Scott Wilson,C,PIT,-58,40,hit_thrown
8476293,Scott Wilson,C,PIT,-96,-19,hit_thrown
8476293,Scott Wilson,C,PIT,-98,2,hit_thrown
8476293,Scott Wilson,C,PIT,55,-40,hit_thrown
8476293,Scott Wilson,C,PIT,98,8,hit_thrown
8476293,Scott Wilson,C,PIT,-12,40,hit_thrown
8476293,Scott Wilson,C,PIT,13,-38,hit_thrown
8476293,Scott Wilson,C,PIT,-96,-5,hit_thrown
8476293,Scott Wilson,C,PIT,-93,18,hit_thrown
8476293,Scott Wilson,C,PIT,-96,-23,hit_thrown
8476293,Scott Wilson,C,PIT,43,-39,hit_thrown
8476293,Scott Wilson,C,PIT,-76,-42,hit_thrown
8476293,Scott Wilson,C,PIT,97,34,hit_thrown
8476293,Scott Wilson,C,PIT,-52,-27,hit_thrown
8476293,Scott Wilson,C,PIT,33,38,hit_thrown
8476293,Scott Wilson,C,PIT,-6,-39,hit_thrown
8476293,Scott Wilson,C,PIT,79,40,hit_thrown
8476293,Scott Wilson,C,PIT,-87,38,hit_thrown
8476293,Scott Wilson,C,PIT,-96,28,hit_thrown
8476293,Scott Wilson,C,PIT,-74,-38,hit_thrown
8476293,Scott Wilson,C,PIT,-91,-31,hit_thrown
8476293,Scott Wilson,C,PIT,10,19,hit_thrown
8476293,Scott Wilson,C,PIT,78,-41,hit_thrown
8476293,Scott Wilson,C,PIT,77,-40,hit_thrown
8476293,Scott Wilson,C,PIT,-59,37,hit_thrown
8476293,Scott Wilson,C,PIT,99,22,hit_thrown
8476293,Scott Wilson,C,PIT,98,13,hit_thrown
8476293,Scott Wilson,C,PIT,87,41,hit_thrown
8476293,Scott Wilson,C,PIT,-18,-38,hit_thrown
8476293,Scott Wilson,C,PIT,80,40,hit_thrown
8476293,Scott Wilson,C,PIT,-96,25,hit_thrown
8476293,Scott Wilson,C,PIT,-42,-1,hit_thrown
8476293,Scott Wilson,C,PIT,-87,-40,hit_thrown
8476293,Scott Wilson,C,PIT,96,10,hit_thrown
8476293,Scott Wilson,C,PIT,66,-39,hit_thrown
8476293,Scott Wilson,C,PIT,-52,-40,hit_thrown
8476293,Scott Wilson,C,PIT,-12,-40,hit_thrown
8476293,Scott Wilson,C,PIT,14,-37,hit_thrown
8476293,Scott Wilson,C,PIT,-41,-39,hit_thrown
8476293,Scott Wilson,C,PIT,12,-18,hit_thrown
8476293,Scott Wilson,C,PIT,51,37,hit_thrown
8476293,Scott Wilson,C,PIT,-69,-39,hit_thrown
8476293,Scott Wilson,C,PIT,-33,-11,hit_thrown
8476293,Scott Wilson,C,PIT,33,-38,hit_thrown
8476293,Scott Wilson,C,PIT,-11,-38,hit_thrown
8476293,Scott Wilson,C,PIT,98,-10,takeaway_hd
8476293,Scott Wilson,C,PIT,-37,-1,takeaway_other
8476293,Scott Wilson,C,PIT,-88,30,takeaway_other
8476293,Scott Wilson,C,PIT,42,-12,takeaway_other
8476293,Scott Wilson,C,PIT,-65,-39,takeaway_other
8476300,Nikita Nesterov,D,MTL,-74,5,block_hd
8476300,Nikita Nesterov,D,MTL,-78,7,block_hd
8476300,Nikita Nesterov,D,MTL,-62,2,block_non_hd
8476300,Nikita Nesterov,D,MTL,59,-41,hit_taken
8476300,Nikita Nesterov,D,MTL,58,41,hit_taken
8476300,Nikita Nesterov,D,MTL,-39,41,hit_taken
8476300,Nikita Nesterov,D,MTL,98,-27,hit_taken
8476300,Nikita Nesterov,D,MTL,-8,-40,hit_taken
8476300,Nikita Nesterov,D,MTL,77,-40,hit_thrown
8476300,Nikita Nesterov,D,MTL,50,-40,hit_thrown
8476300,Nikita Nesterov,D,MTL,15,39,hit_thrown
8476300,Nikita Nesterov,D,MTL,94,35,hit_thrown
8476300,Nikita Nesterov,D,MTL,18,37,hit_thrown
8476300,Nikita Nesterov,D,MTL,-31,37,takeaway_other
8476310,Lukas Sedlak,C,CBJ,-60,-10,block_non_hd
8476310,Lukas Sedlak,C,CBJ,-69,13,block_non_hd
8476310,Lukas Sedlak,C,CBJ,-69,39,dz_faceoff_win
8476310,Lukas Sedlak,C,CBJ,69,39,dz_faceoff_win
8476310,Lukas Sedlak,C,CBJ,-68,-38,dz_faceoff_win
8476310,Lukas Sedlak,C,CBJ,-95,21,hit_taken
8476312,Josh Manson,D,ANA,73,-4,block_hd
8476312,Josh Manson,D,ANA,-72,3,block_hd
8476312,Josh Manson,D,ANA,-79,3,block_hd
8476312,Josh Manson,D,ANA,-80,-1,block_hd
8476312,Josh Manson,D,ANA,-74,-16,block_hd
8476312,Josh Manson,D,ANA,79,-1,block_hd
8476312,Josh Manson,D,ANA,78,-3,block_hd
8476312,Josh Manson,D,ANA,70,13,block_hd
8476312,Josh Manson,D,ANA,74,-10,block_hd
8476312,Josh Manson,D,ANA,72,-11,block_hd
8476312,Josh Manson,D,ANA,-86,5,block_hd
8476312,Josh Manson,D,ANA,-80,9,block_hd
8476312,Josh Manson,D,ANA,86,-7,block_hd
8476312,Josh Manson,D,ANA,-71,-14,block_hd
8476312,Josh Manson,D,ANA,80,-4,block_hd
8476312,Josh Manson,D,ANA,79,-7,block_hd
8476312,Josh Manson,D,ANA,76,11,block_hd
8476312,Josh Manson,D,ANA,-71,4,block_hd
8476312,Josh Manson,D,ANA,51,2,block_non_hd
8476312,Josh Manson,D,ANA,69,-2,block_non_hd
8476312,Josh Manson,D,ANA,-57,-1,block_non_hd
8476312,Josh Manson,D,ANA,-53,-24,block_non_hd
8476312,Josh Manson,D,ANA,-61,3,block_non_hd
8476312,Josh Manson,D,ANA,68,6,block_non_hd
8476312,Josh Manson,D,ANA,-65,-41,hit_taken
8476312,Josh Manson,D,ANA,96,7,hit_taken
8476312,Josh Manson,D,ANA,-97,26,hit_taken
8476312,Josh Manson,D,ANA,80,39,hit_taken
8476312,Josh Manson,D,ANA,93,35,hit_taken
8476312,Josh Manson,D,ANA,98,-6,hit_taken
8476312,Josh Manson,D,ANA,18,38,hit_taken
8476312,Josh Manson,D,ANA,-75,40,hit_taken
8476312,Josh Manson,D,ANA,63,40,hit_taken
8476312,Josh Manson,D,ANA,-97,-16,hit_taken
8476312,Josh Manson,D,ANA,89,34,hit_taken
8476312,Josh Manson,D,ANA,-91,36,hit_taken
8476312,Josh Manson,D,ANA,-78,38,hit_taken
8476312,Josh Manson,D,ANA,-95,26,hit_taken
8476312,Josh Manson,D,ANA,5,39,hit_taken
8476312,Josh Manson,D,ANA,97,-15,hit_taken
8476312,Josh Manson,D,ANA,-26,41,hit_taken
8476312,Josh Manson,D,ANA,94,35,hit_taken
8476312,Josh Manson,D,ANA,-95,29,hit_taken
8476312,Josh Manson,D,ANA,-66,-37,hit_taken
8476312,Josh Manson,D,ANA,-3,-38,hit_taken
8476312,Josh Manson,D,ANA,-85,-36,hit_taken
8476312,Josh Manson,D,ANA,97,-1,hit_taken
8476312,Josh Manson,D,ANA,-89,16,hit_taken
8476312,Josh Manson,D,ANA,96,31,hit_taken
8476312,Josh Manson,D,ANA,68,37,hit_taken
8476312,Josh Manson,D,ANA,14,-23,hit_taken
8476312,Josh Manson,D,ANA,96,24,hit_taken
8476312,Josh Manson,D,ANA,96,31,hit_taken
8476312,Josh Manson,D,ANA,74,38,hit_taken
8476312,Josh Manson,D,ANA,-33,38,hit_taken
8476312,Josh Manson,D,ANA,96,16,hit_taken
8476312,Josh Manson,D,ANA,-48,38,hit_taken
8476312,Josh Manson,D,ANA,97,-3,hit_taken
8476312,Josh Manson,D,ANA,-40,38,hit_taken
8476312,Josh Manson,D,ANA,12,-24,hit_taken
8476312,Josh Manson,D,ANA,74,-2,hit_taken
8476312,Josh Manson,D,ANA,-76,-1,hit_taken
8476312,Josh Manson,D,ANA,85,39,hit_taken
8476312,Josh Manson,D,ANA,-18,-32,hit_taken
8476312,Josh Manson,D,ANA,82,36,hit_taken
8476312,Josh Manson,D,ANA,4,40,hit_thrown
8476312,Josh Manson,D,ANA,73,25,hit_thrown
8476312,Josh Manson,D,ANA,98,15,hit_thrown
8476312,Josh Manson,D,ANA,55,41,hit_thrown
8476312,Josh Manson,D,ANA,-35,-24,hit_thrown
8476312,Josh Manson,D,ANA,-97,-16,hit_thrown
8476312,Josh Manson,D,ANA,-94,21,hit_thrown
8476312,Josh Manson,D,ANA,88,35,hit_thrown
8476312,Josh Manson,D,ANA,29,40,hit_thrown
8476312,Josh Manson,D,ANA,-2,-19,hit_thrown
8476312,Josh Manson,D,ANA,-77,-40,hit_thrown
8476312,Josh Manson,D,ANA,35,-37,hit_thrown
8476312,Josh Manson,D,ANA,7,39,hit_thrown
8476312,Josh Manson,D,ANA,-63,41,hit_thrown
8476312,Josh Manson,D,ANA,-97,-10,hit_thrown
8476312,Josh Manson,D,ANA,-68,-40,hit_thrown
8476312,Josh Manson,D,ANA,-94,-34,hit_thrown
8476312,Josh Manson,D,ANA,79,-36,hit_thrown
8476312,Josh Manson,D,ANA,74,38,hit_thrown
8476312,Josh Manson,D,ANA,8,38,hit_thrown
8476312,Josh Manson,D,ANA,46,37,hit_thrown
8476312,Josh Manson,D,ANA,54,36,hit_thrown
8476312,Josh Manson,D,ANA,-29,32,hit_thrown
8476312,Josh Manson,D,ANA,-47,-40,hit_thrown
8476312,Josh Manson,D,ANA,66,-39,hit_thrown
8476312,Josh Manson,D,ANA,96,-12,hit_thrown
8476312,Josh Manson,D,ANA,1,35,hit_thrown
8476312,Josh Manson,D,ANA,-98,10,hit_thrown
8476312,Josh Manson,D,ANA,-91,-28,hit_thrown
8476312,Josh Manson,D,ANA,-98,9,hit_thrown
8476312,Josh Manson,D,ANA,-86,-39,hit_thrown
8476312,Josh Manson,D,ANA,15,-18,hit_thrown
8476312,Josh Manson,D,ANA,33,38,hit_thrown
8476312,Josh Manson,D,ANA,96,35,hit_thrown
8476312,Josh Manson,D,ANA,-35,-40,hit_thrown
8476312,Josh Manson,D,ANA,2,-40,hit_thrown
8476312,Josh Manson,D,ANA,-6,2,hit_thrown
8476312,Josh Manson,D,ANA,-44,-31,hit_thrown
8476312,Josh Manson,D,ANA,58,-39,hit_thrown
8476312,Josh Manson,D,ANA,55,-38,hit_thrown
8476312,Josh Manson,D,ANA,-78,39,hit_thrown
8476312,Josh Manson,D,ANA,-54,-40,hit_thrown
8476312,Josh Manson,D,ANA,-31,-40,hit_thrown
8476312,Josh Manson,D,ANA,33,-40,hit_thrown
8476312,Josh Manson,D,ANA,92,37,hit_thrown
8476312,Josh Manson,D,ANA,44,36,hit_thrown
8476312,Josh Manson,D,ANA,-49,38,hit_thrown
8476312,Josh Manson,D,ANA,93,-34,hit_thrown
8476312,Josh Manson,D,ANA,76,-39,hit_thrown
8476312,Josh Manson,D,ANA,-96,1,hit_thrown
8476312,Josh Manson,D,ANA,96,7,hit_thrown
8476312,Josh Manson,D,ANA,-50,-19,hit_thrown
8476312,Josh Manson,D,ANA,30,36,hit_thrown
8476312,Josh Manson,D,ANA,94,-9,hit_thrown
8476312,Josh Manson,D,ANA,95,14,takeaway_hd
8476312,Josh Manson,D,ANA,57,36,takeaway_other
8476312,Josh Manson,D,ANA,28,-38,takeaway_other
8476312,Josh Manson,D,ANA,-94,24,takeaway_other
8476312,Josh Manson,D,ANA,93,-21,takeaway_other
8476312,Josh Manson,D,ANA,60,36,takeaway_other
8476312,Josh Manson,D,ANA,-70,-37,takeaway_other
8476312,Josh Manson,D,ANA,72,24,takeaway_other
8476312,Josh Manson,D,ANA,36,37,takeaway_other
8476312,Josh Manson,D,ANA,24,-5,takeaway_other
8476312,Josh Manson,D,ANA,-57,-34,takeaway_other
8476312,Josh Manson,D,ANA,-53,3,takeaway_other
8476326,Josh Archibald,R,PIT,3,38,hit_taken
8476326,Josh Archibald,R,PIT,66,-39,hit_taken
8476326,Josh Archibald,R,PIT,13,36,hit_taken
8476326,Josh Archibald,R,PIT,29,41,hit_taken
8476326,Josh Archibald,R,PIT,-6,-38,hit_taken
8476326,Josh Archibald,R,PIT,87,-39,hit_taken
8476326,Josh Archibald,R,PIT,-93,-35,hit_taken
8476326,Josh Archibald,R,PIT,20,40,hit_taken
8476326,Josh Archibald,R,PIT,-80,36,hit_taken
8476326,Josh Archibald,R,PIT,61,37,hit_taken
8476326,Josh Archibald,R,PIT,-96,29,hit_taken
8476326,Josh Archibald,R,PIT,-89,-3,hit_taken
8476326,Josh Archibald,R,PIT,-76,-40,hit_thrown
8476326,Josh Archibald,R,PIT,-84,40,hit_thrown
8476326,Josh Archibald,R,PIT,80,41,hit_thrown
8476326,Josh Archibald,R,PIT,70,38,hit_thrown
8476326,Josh Archibald,R,PIT,97,-18,hit_thrown
8476326,Josh Archibald,R,PIT,97,-26,hit_thrown
8476326,Josh Archibald,R,PIT,92,-29,hit_thrown
8476326,Josh Archibald,R,PIT,-93,34,hit_thrown
8476326,Josh Archibald,R,PIT,-35,-37,hit_thrown
8476336,Iiro Pakarinen,R,EDM,30,-38,hit_taken
8476336,Iiro Pakarinen,R,EDM,-2,37,hit_taken
8476336,Iiro Pakarinen,R,EDM,-83,-38,hit_thrown
8476336,Iiro Pakarinen,R,EDM,80,-38,hit_thrown
8476336,Iiro Pakarinen,R,EDM,52,38,hit_thrown
8476336,Iiro Pakarinen,R,EDM,-96,20,hit_thrown
8476346,Johnny Gaudreau,L,CGY,-44,32,block_non_hd
8476346,Johnny Gaudreau,L,CGY,-2,-19,takeaway_other
8476346,Johnny Gaudreau,L,CGY,65,4,takeaway_other
8476368,Fredrik Claesson,D,OTT,-78,-8,block_hd
8476368,Fredrik Claesson,D,OTT,-80,10,block_hd
8476368,Fredrik Claesson,D,OTT,-79,4,block_hd
8476368,Fredrik Claesson,D,OTT,79,7,block_hd
8476368,Fredrik Claesson,D,OTT,-80,14,block_hd
8476368,Fredrik Claesson,D,OTT,76,2,block_hd
8476368,Fredrik Claesson,D,OTT,58,-21,block_non_hd
8476368,Fredrik Claesson,D,OTT,-51,-17,block_non_hd
8476368,Fredrik Claesson,D,OTT,-51,-8,block_non_hd
8476368,Fredrik Claesson,D,OTT,23,39,hit_taken
8476368,Fredrik Claesson,D,OTT,10,-37,hit_taken
8476368,Fredrik Claesson,D,OTT,-94,30,hit_taken
8476368,Fredrik Claesson,D,OTT,-96,22,hit_taken
8476368,Fredrik Claesson,D,OTT,-35,38,hit_taken
8476368,Fredrik Claesson,D,OTT,-94,5,hit_taken
8476368,Fredrik Claesson,D,OTT,94,-23,hit_taken
8476368,Fredrik Claesson,D,OTT,65,41,hit_taken
8476368,Fredrik Claesson,D,OTT,-92,28,hit_taken
8476368,Fredrik Claesson,D,OTT,-78,39,hit_taken
8476368,Fredrik Claesson,D,OTT,-95,-9,hit_taken
8476368,Fredrik Claesson,D,OTT,96,17,hit_taken
8476368,Fredrik Claesson,D,OTT,88,-28,hit_taken
8476368,Fredrik Claesson,D,OTT,-95,8,hit_taken
8476368,Fredrik Claesson,D,OTT,81,-39,hit_taken
8476368,Fredrik Claesson,D,OTT,-96,23,hit_taken
8476368,Fredrik Claesson,D,OTT,-90,41,hit_taken
8476368,Fredrik Claesson,D,OTT,86,-39,hit_taken
8476368,Fredrik Claesson,D,OTT,-93,-37,hit_taken
8476368,Fredrik Claesson,D,OTT,-58,40,hit_taken
8476368,Fredrik Claesson,D,OTT,13,-38,hit_taken
8476368,Fredrik Claesson,D,OTT,-93,18,hit_taken
8476368,Fredrik Claesson,D,OTT,-89,31,hit_taken
8476368,Fredrik Claesson,D,OTT,-97,-20,hit_taken
8476368,Fredrik Claesson,D,OTT,-92,38,hit_taken
8476368,Fredrik Claesson,D,OTT,90,-39,hit_taken
8476368,Fredrik Claesson,D,OTT,96,-34,hit_taken
8476368,Fredrik Claesson,D,OTT,95,-36,hit_taken
8476368,Fredrik Claesson,D,OTT,35,-40,hit_taken
8476368,Fredrik Claesson,D,OTT,-87,38,hit_taken
8476368,Fredrik Claesson,D,OTT,-76,-40,hit_taken
8476368,Fredrik Claesson,D,OTT,-84,40,hit_taken
8476368,Fredrik Claesson,D,OTT,97,-18,hit_taken
8476368,Fredrik Claesson,D,OTT,97,-26,hit_taken
8476368,Fredrik Claesson,D,OTT,-77,41,hit_taken
8476368,Fredrik Claesson,D,OTT,94,10,hit_taken
8476368,Fredrik Claesson,D,OTT,92,-29,hit_taken
8476368,Fredrik Claesson,D,OTT,47,-39,hit_taken
8476368,Fredrik Claesson,D,OTT,-85,40,hit_taken
8476368,Fredrik Claesson,D,OTT,86,41,hit_taken
8476368,Fredrik Claesson,D,OTT,69,-40,hit_taken
8476368,Fredrik Claesson,D,OTT,79,-11,hit_thrown
8476368,Fredrik Claesson,D,OTT,54,-38,hit_thrown
8476368,Fredrik Claesson,D,OTT,85,-32,hit_thrown
8476368,Fredrik Claesson,D,OTT,69,36,hit_thrown
8476368,Fredrik Claesson,D,OTT,12,-24,hit_thrown
8476368,Fredrik Claesson,D,OTT,21,-40,hit_thrown
8476368,Fredrik Claesson,D,OTT,-96,19,hit_thrown
8476368,Fredrik Claesson,D,OTT,-11,27,hit_thrown
8476368,Fredrik Claesson,D,OTT,-95,-18,hit_thrown
8476368,Fredrik Claesson,D,OTT,-7,-39,hit_thrown
8476368,Fredrik Claesson,D,OTT,-50,39,hit_thrown
8476368,Fredrik Claesson,D,OTT,-85,40,hit_thrown
8476368,Fredrik Claesson,D,OTT,99,-5,hit_thrown
8476368,Fredrik Claesson,D,OTT,-68,41,hit_thrown
8476368,Fredrik Claesson,D,OTT,11,41,hit_thrown
8476368,Fredrik Claesson,D,OTT,-85,33,hit_thrown
8476368,Fredrik Claesson,D,OTT,-33,38,hit_thrown
8476368,Fredrik Claesson,D,OTT,-17,38,hit_thrown
8476368,Fredrik Claesson,D,OTT,-4,39,hit_thrown
8476368,Fredrik Claesson,D,OTT,36,38,hit_thrown
8476368,Fredrik Claesson,D,OTT,-94,37,hit_thrown
8476368,Fredrik Claesson,D,OTT,98,-10,hit_thrown
8476368,Fredrik Claesson,D,OTT,99,-14,hit_thrown
8476368,Fredrik Claesson,D,OTT,92,-8,hit_thrown
8476368,Fredrik Claesson,D,OTT,-97,-12,hit_thrown
8476368,Fredrik Claesson,D,OTT,39,37,hit_thrown
8476368,Fredrik Claesson,D,OTT,93,38,hit_thrown
8476368,Fredrik Claesson,D,OTT,-74,-39,hit_thrown
8476368,Fredrik Claesson,D,OTT,13,36,hit_thrown
8476368,Fredrik Claesson,D,OTT,87,-39,hit_thrown
8476368,Fredrik Claesson,D,OTT,61,37,hit_thrown
8476368,Fredrik Claesson,D,OTT,51,37,hit_thrown
8476368,Fredrik Claesson,D,OTT,97,16,hit_thrown
8476368,Fredrik Claesson,D,OTT,93,16,takeaway_hd
8476368,Fredrik Claesson,D,OTT,-87,11,takeaway_hd
8476368,Fredrik Claesson,D,OTT,-16,30,takeaway_other
8476368,Fredrik Claesson,D,OTT,-72,-38,takeaway_other
8476374,Sean Kuraly,C,BOS,74,-3,block_hd
8476374,Sean Kuraly,C,BOS,-43,27,block_non_hd
8476374,Sean Kuraly,C,BOS,90,8,crease_goal
8476374,Sean Kuraly,C,BOS,70,-22,dz_faceoff_win
8476374,Sean Kuraly,C,BOS,76,-39,hit_taken
8476374,Sean Kuraly,C,BOS,96,-20,hit_taken
8476374,Sean Kuraly,C,BOS,99,-14,hit_taken
8476374,Sean Kuraly,C,BOS,-21,-30,hit_taken
8476374,Sean Kuraly,C,BOS,0,-39,hit_taken
8476374,Sean Kuraly,C,BOS,97,14,hit_taken
8476374,Sean Kuraly,C,BOS,-93,-17,hit_taken
8476374,Sean Kuraly,C,BOS,69,36,hit_taken
8476374,Sean Kuraly,C,BOS,-9,-36,hit_thrown
8476374,Sean Kuraly,C,BOS,-6,-36,hit_thrown
8476374,Sean Kuraly,C,BOS,-97,26,hit_thrown
8476374,Sean Kuraly,C,BOS,-28,41,hit_thrown
8476374,Sean Kuraly,C,BOS,80,40,hit_thrown
8476374,Sean Kuraly,C,BOS,91,-32,hit_thrown
8476374,Sean Kuraly,C,BOS,83,-36,hit_thrown
8476374,Sean Kuraly,C,BOS,95,-16,hit_thrown
8476374,Sean Kuraly,C,BOS,34,36,hit_thrown
8476374,Sean Kuraly,C,BOS,98,5,takeaway_hd
8476381,Andrew Shaw,C,MTL,-77,-4,block_hd
8476381,Andrew Shaw,C,MTL,63,1,block_non_hd
8476381,Andrew Shaw,C,MTL,-53,-33,block_non_hd
8476381,Andrew Shaw,C,MTL,69,22,dz_faceoff_win
8476381,Andrew Shaw,C,MTL,-69,-23,dz_faceoff_win
8476381,Andrew Shaw,C,MTL,-96,33,hit_taken
8476381,Andrew Shaw,C,MTL,44,40,hit_taken
8476381,Andrew Shaw,C,MTL,-12,40,hit_taken
8476381,Andrew Shaw,C,MTL,54,39,hit_taken
8476381,Andrew Shaw,C,MTL,-58,-40,hit_taken
8476381,Andrew Shaw,C,MTL,-72,-39,hit_taken
8476381,Andrew Shaw,C,MTL,-73,41,hit_taken
8476381,Andrew Shaw,C,MTL,56,-40,hit_taken
8476381,Andrew Shaw,C,MTL,-52,38,hit_taken
8476381,Andrew Shaw,C,MTL,4,24,hit_taken
8476381,Andrew Shaw,C,MTL,-19,36,hit_taken
8476381,Andrew Shaw,C,MTL,-94,-36,hit_taken
8476381,Andrew Shaw,C,MTL,43,40,hit_taken
8476381,Andrew Shaw,C,MTL,95,-16,hit_taken
8476381,Andrew Shaw,C,MTL,82,-39,hit_taken
8476381,Andrew Shaw,C,MTL,28,41,hit_taken
8476381,Andrew Shaw,C,MTL,97,8,hit_taken
8476381,Andrew Shaw,C,MTL,-89,38,hit_taken
8476381,Andrew Shaw,C,MTL,-55,-40,hit_thrown
8476381,Andrew Shaw,C,MTL,94,35,hit_thrown
8476381,Andrew Shaw,C,MTL,49,39,hit_thrown
8476381,Andrew Shaw,C,MTL,98,15,hit_thrown
8476381,Andrew Shaw,C,MTL,97,31,hit_thrown
8476381,Andrew Shaw,C,MTL,97,8,hit_thrown
8476381,Andrew Shaw,C,MTL,60,-39,hit_thrown
8476381,Andrew Shaw,C,MTL,72,-38,hit_thrown
8476381,Andrew Shaw,C,MTL,21,38,hit_thrown
8476381,Andrew Shaw,C,MTL,-70,40,hit_thrown
8476381,Andrew Shaw,C,MTL,-95,7,hit_thrown
8476381,Andrew Shaw,C,MTL,-92,36,hit_thrown
8476400,Logan Shaw,R,ANA,-79,15,block_hd
8476400,Logan Shaw,R,ANA,-78,-5,block_hd
8476400,Logan Shaw,R,ANA,-63,-15,block_non_hd
8476400,Logan Shaw,R,ANA,48,24,block_non_hd
8476400,Logan Shaw,R,ANA,98,-6,hit_taken
8476400,Logan Shaw,R,ANA,-67,41,hit_taken
8476400,Logan Shaw,R,ANA,-94,-37,hit_taken
8476400,Logan Shaw,R,ANA,-51,-40,hit_taken
8476400,Logan Shaw,R,ANA,-52,-36,hit_taken
8476400,Logan Shaw,R,ANA,21,-36,hit_taken
8476400,Logan Shaw,R,ANA,-43,-40,hit_taken
8476400,Logan Shaw,R,ANA,-96,23,hit_taken
8476400,Logan Shaw,R,ANA,-82,-36,hit_taken
8476400,Logan Shaw,R,ANA,-61,35,hit_taken
8476400,Logan Shaw,R,ANA,-93,33,hit_taken
8476400,Logan Shaw,R,ANA,51,37,hit_taken
8476400,Logan Shaw,R,ANA,92,34,hit_taken
8476400,Logan Shaw,R,ANA,75,38,hit_taken
8476400,Logan Shaw,R,ANA,93,-22,hit_taken
8476400,Logan Shaw,R,ANA,43,39,hit_taken
8476400,Logan Shaw,R,ANA,88,-39,hit_taken
8476400,Logan Shaw,R,ANA,-53,39,hit_taken
8476400,Logan Shaw,R,ANA,94,-36,hit_thrown
8476400,Logan Shaw,R,ANA,53,-42,hit_thrown
8476400,Logan Shaw,R,ANA,-29,26,hit_thrown
8476400,Logan Shaw,R,ANA,8,-40,hit_thrown
8476400,Logan Shaw,R,ANA,-94,-12,hit_thrown
8476400,Logan Shaw,R,ANA,97,1,hit_thrown
8476400,Logan Shaw,R,ANA,99,-16,hit_thrown
8476400,Logan Shaw,R,ANA,-59,39,hit_thrown
8476400,Logan Shaw,R,ANA,8,-28,hit_thrown
8476400,Logan Shaw,R,ANA,-94,21,hit_thrown
8476400,Logan Shaw,R,ANA,79,-39,hit_thrown
8476400,Logan Shaw,R,ANA,98,-19,hit_thrown
8476400,Logan Shaw,R,ANA,98,8,hit_thrown
8476400,Logan Shaw,R,ANA,-94,10,takeaway_hd
8476400,Logan Shaw,R,ANA,32,-14,takeaway_other
8476400,Logan Shaw,R,ANA,49,23,takeaway_other
8476419,Jean-Gabriel Pageau,C,OTT,-78,-9,block_hd
8476419,Jean-Gabriel Pageau,C,OTT,-75,-5,block_hd
8476419,Jean-Gabriel Pageau,C,OTT,-79,-12,block_hd
8476419,Jean-Gabriel Pageau,C,OTT,87,0,block_hd
8476419,Jean-Gabriel Pageau,C,OTT,-74,8,block_hd
8476419,Jean-Gabriel Pageau,C,OTT,-70,-5,block_hd
8476419,Jean-Gabriel Pageau,C,OTT,-75,6,block_hd
8476419,Jean-Gabriel Pageau,C,OTT,-72,-3,block_hd
8476419,Jean-Gabriel Pageau,C,OTT,74,0,block_hd
8476419,Jean-Gabriel Pageau,C,OTT,78,4,block_hd
8476419,Jean-Gabriel Pageau,C,OTT,-75,6,block_hd
8476419,Jean-Gabriel Pageau,C,OTT,74,3,block_hd
8476419,Jean-Gabriel Pageau,C,OTT,-54,18,block_non_hd
8476419,Jean-Gabriel Pageau,C,OTT,-46,21,block_non_hd
8476419,Jean-Gabriel Pageau,C,OTT,-54,15,block_non_hd
8476419,Jean-Gabriel Pageau,C,OTT,-37,27,block_non_hd
8476419,Jean-Gabriel Pageau,C,OTT,-38,28,block_non_hd
8476419,Jean-Gabriel Pageau,C,OTT,65,20,block_non_hd
8476419,Jean-Gabriel Pageau,C,OTT,66,13,block_non_hd
8476419,Jean-Gabriel Pageau,C,OTT,56,-5,block_non_hd
8476419,Jean-Gabriel Pageau,C,OTT,42,-5,block_non_hd
8476419,Jean-Gabriel Pageau,C,OTT,-63,-5,block_non_hd
8476419,Jean-Gabriel Pageau,C,OTT,-41,-14,block_non_hd
8476419,Jean-Gabriel Pageau,C,OTT,55,3,block_non_hd
8476419,Jean-Gabriel Pageau,C,OTT,-45,11,block_non_hd
8476419,Jean-Gabriel Pageau,C,OTT,55,20,block_non_hd
8476419,Jean-Gabriel Pageau,C,OTT,65,2,block_non_hd
8476419,Jean-Gabriel Pageau,C,OTT,-69,19,block_non_hd
8476419,Jean-Gabriel Pageau,C,OTT,53,6,block_non_hd
8476419,Jean-Gabriel Pageau,C,OTT,-46,12,block_non_hd
8476419,Jean-Gabriel Pageau,C,OTT,-84,10,crease_goal
8476419,Jean-Gabriel Pageau,C,OTT,-69,-21,dz_faceoff_win
8476419,Jean-Gabriel Pageau,C,OTT,-68,-21,dz_faceoff_win
8476419,Jean-Gabriel Pageau,C,OTT,-68,-22,dz_faceoff_win
8476419,Jean-Gabriel Pageau,C,OTT,70,22,dz_faceoff_win
8476419,Jean-Gabriel Pageau,C,OTT,69,22,dz_faceoff_win
8476419,Jean-Gabriel Pageau,C,OTT,-69,-22,dz_faceoff_win
8476419,Jean-Gabriel Pageau,C,OTT,-69,-23,dz_faceoff_win
8476419,Jean-Gabriel Pageau,C,OTT,70,22,dz_faceoff_win
8476419,Jean-Gabriel Pageau,C,OTT,-69,-22,dz_faceoff_win
8476419,Jean-Gabriel Pageau,C,OTT,69,23,dz_faceoff_win
8476419,Jean-Gabriel Pageau,C,OTT,70,22,dz_faceoff_win
8476419,Jean-Gabriel Pageau,C,OTT,-69,-22,dz_faceoff_win
8476419,Jean-Gabriel Pageau,C,OTT,-69,-22,dz_faceoff_win
8476419,Jean-Gabriel Pageau,C,OTT,69,22,dz_faceoff_win
8476419,Jean-Gabriel Pageau,C,OTT,-69,-22,dz_faceoff_win
8476419,Jean-Gabriel Pageau,C,OTT,69,22,dz_faceoff_win
8476419,Jean-Gabriel Pageau,C,OTT,-68,21,dz_faceoff_win
8476419,Jean-Gabriel Pageau,C,OTT,-69,22,dz_faceoff_win
8476419,Jean-Gabriel Pageau,C,OTT,69,22,dz_faceoff_win
8476419,Jean-Gabriel Pageau,C,OTT,69,-22,dz_faceoff_win
8476419,Jean-Gabriel Pageau,C,OTT,69,22,dz_faceoff_win
8476419,Jean-Gabriel Pageau,C,OTT,-69,-22,dz_faceoff_win
8476419,Jean-Gabriel Pageau,C,OTT,69,22,dz_faceoff_win
8476419,Jean-Gabriel Pageau,C,OTT,69,23,dz_faceoff_win
8476419,Jean-Gabriel Pageau,C,OTT,-69,-23,dz_faceoff_win
8476419,Jean-Gabriel Pageau,C,OTT,69,-23,dz_faceoff_win
8476419,Jean-Gabriel Pageau,C,OTT,-68,21,dz_faceoff_win
8476419,Jean-Gabriel Pageau,C,OTT,-69,-22,dz_faceoff_win
8476419,Jean-Gabriel Pageau,C,OTT,-69,21,dz_faceoff_win
8476419,Jean-Gabriel Pageau,C,OTT,-69,-22,dz_faceoff_win
8476419,Jean-Gabriel Pageau,C,OTT,-68,21,dz_faceoff_win
8476419,Jean-Gabriel Pageau,C,OTT,70,21,dz_faceoff_win
8476419,Jean-Gabriel Pageau,C,OTT,-69,-22,dz_faceoff_win
8476419,Jean-Gabriel Pageau,C,OTT,-69,21,dz_faceoff_win
8476419,Jean-Gabriel Pageau,C,OTT,-68,-23,dz_faceoff_win
8476419,Jean-Gabriel Pageau,C,OTT,69,21,dz_faceoff_win
8476419,Jean-Gabriel Pageau,C,OTT,70,-23,dz_faceoff_win
8476419,Jean-Gabriel Pageau,C,OTT,70,21,dz_faceoff_win
8476419,Jean-Gabriel Pageau,C,OTT,-68,21,dz_faceoff_win
8476419,Jean-Gabriel Pageau,C,OTT,-69,21,dz_faceoff_win
8476419,Jean-Gabriel Pageau,C,OTT,69,-22,dz_faceoff_win
8476419,Jean-Gabriel Pageau,C,OTT,-69,22,dz_faceoff_win
8476419,Jean-Gabriel Pageau,C,OTT,-69,-22,dz_faceoff_win
8476419,Jean-Gabriel Pageau,C,OTT,-69,-22,dz_faceoff_win
8476419,Jean-Gabriel Pageau,C,OTT,69,-22,dz_faceoff_win
8476419,Jean-Gabriel Pageau,C,OTT,69,-22,dz_faceoff_win
8476419,Jean-Gabriel Pageau,C,OTT,69,22,dz_faceoff_win
8476419,Jean-Gabriel Pageau,C,OTT,69,23,dz_faceoff_win
8476419,Jean-Gabriel Pageau,C,OTT,69,-22,dz_faceoff_win
8476419,Jean-Gabriel Pageau,C,OTT,-69,-21,dz_faceoff_win
8476419,Jean-Gabriel Pageau,C,OTT,70,22,dz_faceoff_win
8476419,Jean-Gabriel Pageau,C,OTT,-70,-22,dz_faceoff_win
8476419,Jean-Gabriel Pageau,C,OTT,69,23,dz_faceoff_win
8476419,Jean-Gabriel Pageau,C,OTT,69,23,dz_faceoff_win
8476419,Jean-Gabriel Pageau,C,OTT,69,-22,dz_faceoff_win
8476419,Jean-Gabriel Pageau,C,OTT,69,22,dz_faceoff_win
8476419,Jean-Gabriel Pageau,C,OTT,69,-22,dz_faceoff_win
8476419,Jean-Gabriel Pageau,C,OTT,69,-22,dz_faceoff_win
8476419,Jean-Gabriel Pageau,C,OTT,-67,-23,dz_faceoff_win
8476419,Jean-Gabriel Pageau,C,OTT,-69,-22,dz_faceoff_win
8476419,Jean-Gabriel Pageau,C,OTT,-68,-23,dz_faceoff_win
8476419,Jean-Gabriel Pageau,C,OTT,69,23,dz_faceoff_win
8476419,Jean-Gabriel Pageau,C,OTT,69,-22,dz_faceoff_win
8476419,Jean-Gabriel Pageau,C,OTT,-69,22,dz_faceoff_win
8476419,Jean-Gabriel Pageau,C,OTT,-69,22,dz_faceoff_win
8476419,Jean-Gabriel Pageau,C,OTT,-69,22,dz_faceoff_win
8476419,Jean-Gabriel Pageau,C,OTT,69,22,dz_faceoff_win
8476419,Jean-Gabriel Pageau,C,OTT,69,22,dz_faceoff_win
8476419,Jean-Gabriel Pageau,C,OTT,69,23,dz_faceoff_win
8476419,Jean-Gabriel Pageau,C,OTT,19,-38,hit_taken
8476419,Jean-Gabriel Pageau,C,OTT,43,-38,hit_taken
8476419,Jean-Gabriel Pageau,C,OTT,-93,-36,hit_taken
8476419,Jean-Gabriel Pageau,C,OTT,43,38,hit_taken
8476419,Jean-Gabriel Pageau,C,OTT,-28,-40,hit_taken
8476419,Jean-Gabriel Pageau,C,OTT,82,40,hit_taken
8476419,Jean-Gabriel Pageau,C,OTT,76,36,hit_taken
8476419,Jean-Gabriel Pageau,C,OTT,96,-10,hit_taken
8476419,Jean-Gabriel Pageau,C,OTT,-22,40,hit_taken
8476419,Jean-Gabriel Pageau,C,OTT,67,36,hit_taken
8476419,Jean-Gabriel Pageau,C,OTT,96,-26,hit_taken
8476419,Jean-Gabriel Pageau,C,OTT,98,-11,hit_taken
8476419,Jean-Gabriel Pageau,C,OTT,55,-39,hit_taken
8476419,Jean-Gabriel Pageau,C,OTT,-31,39,hit_taken
8476419,Jean-Gabriel Pageau,C,OTT,29,37,hit_taken
8476419,Jean-Gabriel Pageau,C,OTT,96,18,hit_taken
8476419,Jean-Gabriel Pageau,C,OTT,-64,-40,hit_taken
8476419,Jean-Gabriel Pageau,C,OTT,97,-5,hit_taken
8476419,Jean-Gabriel Pageau,C,OTT,-98,6,hit_taken
8476419,Jean-Gabriel Pageau,C,OTT,6,39,hit_taken
8476419,Jean-Gabriel Pageau,C,OTT,96,-33,hit_taken
8476419,Jean-Gabriel Pageau,C,OTT,1,35,hit_taken
8476419,Jean-Gabriel Pageau,C,OTT,86,-39,hit_taken
8476419,Jean-Gabriel Pageau,C,OTT,53,38,hit_taken
8476419,Jean-Gabriel Pageau,C,OTT,61,40,hit_taken
8476419,Jean-Gabriel Pageau,C,OTT,17,39,hit_taken
8476419,Jean-Gabriel Pageau,C,OTT,-39,41,hit_taken
8476419,Jean-Gabriel Pageau,C,OTT,61,-38,hit_taken
8476419,Jean-Gabriel Pageau,C,OTT,-70,39,hit_taken
8476419,Jean-Gabriel Pageau,C,OTT,96,0,hit_taken
8476419,Jean-Gabriel Pageau,C,OTT,-42,-42,hit_taken
8476419,Jean-Gabriel Pageau,C,OTT,-99,26,hit_taken
8476419,Jean-Gabriel Pageau,C,OTT,-95,28,hit_taken
8476419,Jean-Gabriel Pageau,C,OTT,44,-39,hit_taken
8476419,Jean-Gabriel Pageau,C,OTT,97,35,hit_taken
8476419,Jean-Gabriel Pageau,C,OTT,96,-10,hit_taken
8476419,Jean-Gabriel Pageau,C,OTT,-97,-27,hit_taken
8476419,Jean-Gabriel Pageau,C,OTT,44,-39,hit_taken
8476419,Jean-Gabriel Pageau,C,OTT,-97,-13,hit_taken
8476419,Jean-Gabriel Pageau,C,OTT,-93,-26,hit_taken
8476419,Jean-Gabriel Pageau,C,OTT,17,33,hit_taken
8476419,Jean-Gabriel Pageau,C,OTT,-54,-40,hit_taken
8476419,Jean-Gabriel Pageau,C,OTT,96,-15,hit_taken
8476419,Jean-Gabriel Pageau,C,OTT,-58,-40,hit_thrown
8476419,Jean-Gabriel Pageau,C,OTT,94,-31,hit_thrown
8476419,Jean-Gabriel Pageau,C,OTT,-69,40,hit_thrown
8476419,Jean-Gabriel Pageau,C,OTT,94,-18,hit_thrown
8476419,Jean-Gabriel Pageau,C,OTT,-61,-36,hit_thrown
8476419,Jean-Gabriel Pageau,C,OTT,-78,-36,hit_thrown
8476419,Jean-Gabriel Pageau,C,OTT,9,24,hit_thrown
8476419,Jean-Gabriel Pageau,C,OTT,60,-38,hit_thrown
8476419,Jean-Gabriel Pageau,C,OTT,-96,-25,hit_thrown
8476419,Jean-Gabriel Pageau,C,OTT,-33,35,hit_thrown
8476419,Jean-Gabriel Pageau,C,OTT,85,-31,hit_thrown
8476419,Jean-Gabriel Pageau,C,OTT,-86,23,hit_thrown
8476419,Jean-Gabriel Pageau,C,OTT,-61,29,hit_thrown
8476419,Jean-Gabriel Pageau,C,OTT,-28,38,hit_thrown
8476419,Jean-Gabriel Pageau,C,OTT,-94,-25,hit_thrown
8476419,Jean-Gabriel Pageau,C,OTT,97,-3,hit_thrown
8476419,Jean-Gabriel Pageau,C,OTT,50,40,hit_thrown
8476419,Jean-Gabriel Pageau,C,OTT,62,-36,hit_thrown
8476419,Jean-Gabriel Pageau,C,OTT,-90,28,hit_thrown
8476419,Jean-Gabriel Pageau,C,OTT,-93,-17,hit_thrown
8476419,Jean-Gabriel Pageau,C,OTT,48,-39,hit_thrown
8476419,Jean-Gabriel Pageau,C,OTT,96,18,hit_thrown
8476419,Jean-Gabriel Pageau,C,OTT,91,35,hit_thrown
8476419,Jean-Gabriel Pageau,C,OTT,-42,-39,hit_thrown
8476419,Jean-Gabriel Pageau,C,OTT,-15,-37,hit_thrown
8476419,Jean-Gabriel Pageau,C,OTT,-91,35,hit_thrown
8476419,Jean-Gabriel Pageau,C,OTT,-92,-34,hit_thrown
8476419,Jean-Gabriel Pageau,C,OTT,-50,-39,hit_thrown
8476419,Jean-Gabriel Pageau,C,OTT,97,6,hit_thrown
8476419,Jean-Gabriel Pageau,C,OTT,15,-38,hit_thrown
8476419,Jean-Gabriel Pageau,C,OTT,97,-20,hit_thrown
8476419,Jean-Gabriel Pageau,C,OTT,69,-40,hit_thrown
8476419,Jean-Gabriel Pageau,C,OTT,98,-19,hit_thrown
8476419,Jean-Gabriel Pageau,C,OTT,-32,-38,hit_thrown
8476419,Jean-Gabriel Pageau,C,OTT,-51,4,hit_thrown
8476419,Jean-Gabriel Pageau,C,OTT,-79,-39,hit_thrown
8476419,Jean-Gabriel Pageau,C,OTT,99,-1,hit_thrown
8476419,Jean-Gabriel Pageau,C,OTT,48,-39,hit_thrown
8476419,Jean-Gabriel Pageau,C,OTT,-84,40,hit_thrown
8476419,Jean-Gabriel Pageau,C,OTT,21,40,hit_thrown
8476419,Jean-Gabriel Pageau,C,OTT,92,40,hit_thrown
8476419,Jean-Gabriel Pageau,C,OTT,-79,39,hit_thrown
8476419,Jean-Gabriel Pageau,C,OTT,97,-1,hit_thrown
8476419,Jean-Gabriel Pageau,C,OTT,-22,36,hit_thrown
8476419,Jean-Gabriel Pageau,C,OTT,-37,-40,hit_thrown
8476419,Jean-Gabriel Pageau,C,OTT,-16,-42,hit_thrown
8476419,Jean-Gabriel Pageau,C,OTT,-97,19,hit_thrown
8476419,Jean-Gabriel Pageau,C,OTT,-48,-21,hit_thrown
8476419,Jean-Gabriel Pageau,C,OTT,96,29,hit_thrown
8476419,Jean-Gabriel Pageau,C,OTT,-16,-20,hit_thrown
8476419,Jean-Gabriel Pageau,C,OTT,45,-39,hit_thrown
8476419,Jean-Gabriel Pageau,C,OTT,-13,37,hit_thrown
8476419,Jean-Gabriel Pageau,C,OTT,36,-41,hit_thrown
8476419,Jean-Gabriel Pageau,C,OTT,94,3,takeaway_hd
8476419,Jean-Gabriel Pageau,C,OTT,-97,-4,takeaway_hd
8476419,Jean-Gabriel Pageau,C,OTT,-2,32,takeaway_other
8476419,Jean-Gabriel Pageau,C,OTT,-12,-21,takeaway_other
8476419,Jean-Gabriel Pageau,C,OTT,77,-35,takeaway_other
8476419,Jean-Gabriel Pageau,C,OTT,31,8,takeaway_other
8476419,Jean-Gabriel Pageau,C,OTT,9,38,takeaway_other
8476419,Jean-Gabriel Pageau,C,OTT,-40,1,takeaway_other
8476432,Boone Jenner,C,CBJ,-39,17,block_non_hd
8476432,Boone Jenner,C,CBJ,-43,21,block_non_hd
8476432,Boone Jenner,C,CBJ,-41,22,block_non_hd
8476432,Boone Jenner,C,CBJ,-55,7,block_non_hd
8476432,Boone Jenner,C,CBJ,84,-5,crease_goal
8476432,Boone Jenner,C,CBJ,79,3,crease_goal
8476432,Boone Jenner,C,CBJ,-75,14,hit_taken
8476432,Boone Jenner,C,CBJ,-74,3,hit_taken
8476432,Boone Jenner,C,CBJ,-43,-39,hit_taken
8476432,Boone Jenner,C,CBJ,99,5,hit_taken
8476432,Boone Jenner,C,CBJ,-6,31,hit_taken
8476432,Boone Jenner,C,CBJ,29,3,hit_taken
8476432,Boone Jenner,C,CBJ,-60,37,hit_taken
8476432,Boone Jenner,C,CBJ,51,40,hit_taken
8476432,Boone Jenner,C,CBJ,3,39,hit_thrown
8476432,Boone Jenner,C,CBJ,-90,-27,hit_thrown
8476432,Boone Jenner,C,CBJ,-98,8,hit_thrown
8476432,Boone Jenner,C,CBJ,75,-39,hit_thrown
8476432,Boone Jenner,C,CBJ,50,-41,hit_thrown
8476432,Boone Jenner,C,CBJ,-96,-27,hit_thrown
8476432,Boone Jenner,C,CBJ,-87,41,hit_thrown
8476432,Boone Jenner,C,CBJ,-90,28,hit_thrown
8476432,Boone Jenner,C,CBJ,-97,1,hit_thrown
8476432,Boone Jenner,C,CBJ,-97,6,hit_thrown
8476432,Boone Jenner,C,CBJ,-27,-40,hit_thrown
8476432,Boone Jenner,C,CBJ,-98,-19,hit_thrown
8476432,Boone Jenner,C,CBJ,94,-37,hit_thrown
8476432,Boone Jenner,C,CBJ,-84,41,hit_thrown
8476432,Boone Jenner,C,CBJ,-14,-38,hit_thrown
8476432,Boone Jenner,C,CBJ,98,-25,hit_thrown
8476432,Boone Jenner,C,CBJ,97,1,hit_thrown
8476432,Boone Jenner,C,CBJ,94,-33,hit_thrown
8476432,Boone Jenner,C,CBJ,-25,-40,hit_thrown
8476432,Boone Jenner,C,CBJ,75,38,hit_thrown
8476432,Boone Jenner,C,CBJ,14,-39,hit_thrown
8476432,Boone Jenner,C,CBJ,22,38,hit_thrown
8476432,Boone Jenner,C,CBJ,-16,-40,hit_thrown
8476432,Boone Jenner,C,CBJ,-93,37,hit_thrown
8476432,Boone Jenner,C,CBJ,-93,-36,hit_thrown
8476432,Boone Jenner,C,CBJ,17,-7,takeaway_other
8476432,Boone Jenner,C,CBJ,-96,32,takeaway_other
8476434,John Gibson,G,ANA,-94,-7,hit_taken
8476436,Dmitrij Jaskin,R,STL,-46,-21,block_non_hd
8476436,Dmitrij Jaskin,R,STL,-64,5,block_non_hd
8476436,Dmitrij Jaskin,R,STL,49,40,hit_taken
8476436,Dmitrij Jaskin,R,STL,96,-38,hit_taken
8476436,Dmitrij Jaskin,R,STL,97,-35,hit_taken
8476436,Dmitrij Jaskin,R,STL,-68,39,hit_thrown
8476436,Dmitrij Jaskin,R,STL,98,-27,hit_thrown
8476436,Dmitrij Jaskin,R,STL,-99,-20,hit_thrown
8476436,Dmitrij Jaskin,R,STL,-27,-42,hit_thrown
8476436,Dmitrij Jaskin,R,STL,-79,38,hit_thrown
8476436,Dmitrij Jaskin,R,STL,-56,-38,hit_thrown
8476436,Dmitrij Jaskin,R,STL,-83,-37,hit_thrown
8476436,Dmitrij Jaskin,R,STL,-83,41,takeaway_other
8476436,Dmitrij Jaskin,R,STL,-32,-11,takeaway_other
8476438,Brandon Saad,L,CBJ,-40,-4,hit_taken
8476438,Brandon Saad,L,CBJ,-23,40,hit_taken
8476438,Brandon Saad,L,CBJ,-96,30,hit_taken
8476438,Brandon Saad,L,CBJ,-88,41,hit_thrown
8476438,Brandon Saad,L,CBJ,34,38,hit_thrown
8476438,Brandon Saad,L,CBJ,-45,-38,hit_thrown
8476438,Brandon Saad,L,CBJ,88,39,hit_thrown
8476438,Brandon Saad,L,CBJ,48,39,hit_thrown
8476438,Brandon Saad,L,CBJ,-55,-40,hit_thrown
8476438,Brandon Saad,L,CBJ,-79,-37,takeaway_other
8476441,Joel Edmundson,D,STL,75,6,block_hd
8476441,Joel Edmundson,D,STL,73,2,block_hd
8476441,Joel Edmundson,D,STL,-79,-11,block_hd
8476441,Joel Edmundson,D,STL,75,-6,block_hd
8476441,Joel Edmundson,D,STL,-70,5,block_hd
8476441,Joel Edmundson,D,STL,-75,-5,block_hd
8476441,Joel Edmundson,D,STL,77,-9,block_hd
8476441,Joel Edmundson,D,STL,72,15,block_hd
8476441,Joel Edmundson,D,STL,72,7,block_hd
8476441,Joel Edmundson,D,STL,78,10,block_hd
8476441,Joel Edmundson,D,STL,-58,-22,block_non_hd
8476441,Joel Edmundson,D,STL,-54,1,block_non_hd
8476441,Joel Edmundson,D,STL,-54,4,block_non_hd
8476441,Joel Edmundson,D,STL,-67,-13,block_non_hd
8476441,Joel Edmundson,D,STL,-77,21,block_non_hd
8476441,Joel Edmundson,D,STL,-68,-21,block_non_hd
8476441,Joel Edmundson,D,STL,75,-19,block_non_hd
8476441,Joel Edmundson,D,STL,68,-10,block_non_hd
8476441,Joel Edmundson,D,STL,67,15,block_non_hd
8476441,Joel Edmundson,D,STL,67,-1,block_non_hd
8476441,Joel Edmundson,D,STL,63,-16,block_non_hd
8476441,Joel Edmundson,D,STL,51,-6,block_non_hd
8476441,Joel Edmundson,D,STL,-81,-40,hit_taken
8476441,Joel Edmundson,D,STL,-88,37,hit_taken
8476441,Joel Edmundson,D,STL,76,-37,hit_taken
8476441,Joel Edmundson,D,STL,78,39,hit_taken
8476441,Joel Edmundson,D,STL,96,-9,hit_taken
8476441,Joel Edmundson,D,STL,-38,-40,hit_taken
8476441,Joel Edmundson,D,STL,-73,-40,hit_taken
8476441,Joel Edmundson,D,STL,-76,40,hit_taken
8476441,Joel Edmundson,D,STL,30,39,hit_taken
8476441,Joel Edmundson,D,STL,-96,11,hit_taken
8476441,Joel Edmundson,D,STL,-99,-20,hit_taken
8476441,Joel Edmundson,D,STL,96,-29,hit_taken
8476441,Joel Edmundson,D,STL,-38,-40,hit_taken
8476441,Joel Edmundson,D,STL,-66,-38,hit_taken
8476441,Joel Edmundson,D,STL,-96,-21,hit_taken
8476441,Joel Edmundson,D,STL,95,-10,hit_taken
8476441,Joel Edmundson,D,STL,44,41,hit_thrown
8476441,Joel Edmundson,D,STL,-71,-40,hit_thrown
8476441,Joel Edmundson,D,STL,-97,-15,hit_thrown
8476441,Joel Edmundson,D,STL,24,7,hit_thrown
8476441,Joel Edmundson,D,STL,-97,18,hit_thrown
8476441,Joel Edmundson,D,STL,-41,40,hit_thrown
8476441,Joel Edmundson,D,STL,-96,8,hit_thrown
8476441,Joel Edmundson,D,STL,48,39,hit_thrown
8476441,Joel Edmundson,D,STL,-97,25,hit_thrown
8476441,Joel Edmundson,D,STL,88,37,hit_thrown
8476441,Joel Edmundson,D,STL,34,-38,takeaway_other
8476441,Joel Edmundson,D,STL,-63,29,takeaway_other
8476447,Miikka Salomaki,R,NSH,-52,-19,block_non_hd
8476447,Miikka Salomaki,R,NSH,-21,-41,hit_taken
8476447,Miikka Salomaki,R,NSH,-96,22,hit_taken
8476447,Miikka Salomaki,R,NSH,-97,-15,hit_taken
8476447,Miikka Salomaki,R,NSH,-96,-35,hit_taken
8476447,Miikka Salomaki,R,NSH,-98,-25,hit_thrown
8476447,Miikka Salomaki,R,NSH,-91,-38,hit_thrown
8476447,Miikka Salomaki,R,NSH,49,-42,hit_thrown
8476447,Miikka Salomaki,R,NSH,-75,39,hit_thrown
8476447,Miikka Salomaki,R,NSH,-99,-20,hit_thrown
8476447,Miikka Salomaki,R,NSH,-32,34,hit_thrown
8476447,Miikka Salomaki,R,NSH,96,-23,hit_thrown
8476447,Miikka Salomaki,R,NSH,72,37,hit_thrown
8476447,Miikka Salomaki,R,NSH,-87,37,hit_thrown
8476447,Miikka Salomaki,R,NSH,-36,-38,hit_thrown
8476447,Miikka Salomaki,R,NSH,92,-31,hit_thrown
8476447,Miikka Salomaki,R,NSH,82,36,hit_thrown
8476448,William Karlsson,C,CBJ,82,-3,block_hd
8476448,William Karlsson,C,CBJ,78,20,block_non_hd
8476448,William Karlsson,C,CBJ,90,10,crease_goal
8476448,William Karlsson,C,CBJ,69,22,dz_faceoff_win
8476448,William Karlsson,C,CBJ,69,-22,dz_faceoff_win
8476448,William Karlsson,C,CBJ,69,22,dz_faceoff_win
8476448,William Karlsson,C,CBJ,69,-22,dz_faceoff_win
8476448,William Karlsson,C,CBJ,69,-22,dz_faceoff_win
8476448,William Karlsson,C,CBJ,-70,39,dz_faceoff_win
8476448,William Karlsson,C,CBJ,-67,39,dz_faceoff_win
8476448,William Karlsson,C,CBJ,69,40,dz_faceoff_win
8476448,William Karlsson,C,CBJ,69,-37,dz_faceoff_win
8476448,William Karlsson,C,CBJ,70,-35,dz_faceoff_win
8476448,William Karlsson,C,CBJ,-68,-39,dz_faceoff_win
8476448,William Karlsson,C,CBJ,-68,-39,dz_faceoff_win
8476448,William Karlsson,C,CBJ,-68,-40,dz_faceoff_win
8476448,William Karlsson,C,CBJ,-68,38,dz_faceoff_win
8476448,William Karlsson,C,CBJ,71,-38,dz_faceoff_win
8476448,William Karlsson,C,CBJ,-69,-36,dz_faceoff_win
8476448,William Karlsson,C,CBJ,-69,-37,dz_faceoff_win
8476448,William Karlsson,C,CBJ,69,22,dz_faceoff_win
8476448,William Karlsson,C,CBJ,69,23,dz_faceoff_win
8476448,William Karlsson,C,CBJ,-69,-21,dz_faceoff_win
8476448,William Karlsson,C,CBJ,69,22,dz_faceoff_win
8476448,William Karlsson,C,CBJ,69,22,dz_faceoff_win
8476448,William Karlsson,C,CBJ,59,-42,hit_taken
8476448,William Karlsson,C,CBJ,18,-39,hit_taken
8476448,William Karlsson,C,CBJ,23,37,hit_taken
8476448,William Karlsson,C,CBJ,-97,-1,hit_thrown
8476448,William Karlsson,C,CBJ,59,38,hit_thrown
8476448,William Karlsson,C,CBJ,98,21,hit_thrown
8476448,William Karlsson,C,CBJ,-95,-34,hit_thrown
8476448,William Karlsson,C,CBJ,86,-18,takeaway_hd
8476449,Scott Harrington,D,CBJ,-75,9,block_hd
8476449,Scott Harrington,D,CBJ,-75,-11,block_hd
8476449,Scott Harrington,D,CBJ,62,-12,block_non_hd
8476449,Scott Harrington,D,CBJ,50,5,block_non_hd
8476449,Scott Harrington,D,CBJ,96,4,hit_taken
8476449,Scott Harrington,D,CBJ,85,-40,hit_taken
8476449,Scott Harrington,D,CBJ,-97,26,hit_taken
8476449,Scott Harrington,D,CBJ,-54,-37,hit_taken
8476449,Scott Harrington,D,CBJ,62,-39,hit_taken
8476449,Scott Harrington,D,CBJ,94,-36,hit_taken
8476449,Scott Harrington,D,CBJ,-34,-39,hit_taken
8476449,Scott Harrington,D,CBJ,99,4,hit_thrown
8476449,Scott Harrington,D,CBJ,93,-35,hit_thrown
8476449,Scott Harrington,D,CBJ,79,40,hit_thrown
8476449,Scott Harrington,D,CBJ,24,39,hit_thrown
8476449,Scott Harrington,D,CBJ,49,-38,hit_thrown
8476449,Scott Harrington,D,CBJ,91,38,hit_thrown
8476449,Scott Harrington,D,CBJ,97,14,hit_thrown
8476454,Ryan Nugent-Hopkins,C,EDM,72,-18,block_hd
8476454,Ryan Nugent-Hopkins,C,EDM,-80,-3,block_hd
8476454,Ryan Nugent-Hopkins,C,EDM,86,7,block_hd
8476454,Ryan Nugent-Hopkins,C,EDM,-84,18,block_hd
8476454,Ryan Nugent-Hopkins,C,EDM,43,-25,block_non_hd
8476454,Ryan Nugent-Hopkins,C,EDM,-56,-9,block_non_hd
8476454,Ryan Nugent-Hopkins,C,EDM,69,-1,block_non_hd
8476454,Ryan Nugent-Hopkins,C,EDM,48,21,block_non_hd
8476454,Ryan Nugent-Hopkins,C,EDM,47,-13,block_non_hd
8476454,Ryan Nugent-Hopkins,C,EDM,51,-2,block_non_hd
8476454,Ryan Nugent-Hopkins,C,EDM,65,32,block_non_hd
8476454,Ryan Nugent-Hopkins,C,EDM,65,-18,block_non_hd
8476454,Ryan Nugent-Hopkins,C,EDM,-69,22,dz_faceoff_win
8476454,Ryan Nugent-Hopkins,C,EDM,-68,22,dz_faceoff_win
8476454,Ryan Nugent-Hopkins,C,EDM,-68,23,dz_faceoff_win
8476454,Ryan Nugent-Hopkins,C,EDM,-69,22,dz_faceoff_win
8476454,Ryan Nugent-Hopkins,C,EDM,-68,21,dz_faceoff_win
8476454,Ryan Nugent-Hopkins,C,EDM,-69,22,dz_faceoff_win
8476454,Ryan Nugent-Hopkins,C,EDM,-69,21,dz_faceoff_win
8476454,Ryan Nugent-Hopkins,C,EDM,69,22,dz_faceoff_win
8476454,Ryan Nugent-Hopkins,C,EDM,69,-23,dz_faceoff_win
8476454,Ryan Nugent-Hopkins,C,EDM,69,-23,dz_faceoff_win
8476454,Ryan Nugent-Hopkins,C,EDM,69,-23,dz_faceoff_win
8476454,Ryan Nugent-Hopkins,C,EDM,-69,22,dz_faceoff_win
8476454,Ryan Nugent-Hopkins,C,EDM,71,-23,dz_faceoff_win
8476454,Ryan Nugent-Hopkins,C,EDM,68,-20,dz_faceoff_win
8476454,Ryan Nugent-Hopkins,C,EDM,72,-22,dz_faceoff_win
8476454,Ryan Nugent-Hopkins,C,EDM,72,22,dz_faceoff_win
8476454,Ryan Nugent-Hopkins,C,EDM,-69,22,dz_faceoff_win
8476454,Ryan Nugent-Hopkins,C,EDM,-70,22,dz_faceoff_win
8476454,Ryan Nugent-Hopkins,C,EDM,-69,21,dz_faceoff_win
8476454,Ryan Nugent-Hopkins,C,EDM,69,-21,dz_faceoff_win
8476454,Ryan Nugent-Hopkins,C,EDM,71,-23,dz_faceoff_win
8476454,Ryan Nugent-Hopkins,C,EDM,72,-22,dz_faceoff_win
8476454,Ryan Nugent-Hopkins,C,EDM,70,-22,dz_faceoff_win
8476454,Ryan Nugent-Hopkins,C,EDM,69,-22,dz_faceoff_win
8476454,Ryan Nugent-Hopkins,C,EDM,-68,22,dz_faceoff_win
8476454,Ryan Nugent-Hopkins,C,EDM,70,-21,dz_faceoff_win
8476454,Ryan Nugent-Hopkins,C,EDM,-68,21,dz_faceoff_win
8476454,Ryan Nugent-Hopkins,C,EDM,-69,-23,dz_faceoff_win
8476454,Ryan Nugent-Hopkins,C,EDM,73,-23,dz_faceoff_win
8476454,Ryan Nugent-Hopkins,C,EDM,67,22,dz_faceoff_win
8476454,Ryan Nugent-Hopkins,C,EDM,66,38,hit_taken
8476454,Ryan Nugent-Hopkins,C,EDM,-94,-24,hit_taken
8476454,Ryan Nugent-Hopkins,C,EDM,90,36,hit_taken
8476454,Ryan Nugent-Hopkins,C,EDM,85,41,hit_taken
8476454,Ryan Nugent-Hopkins,C,EDM,63,-39,hit_taken
8476454,Ryan Nugent-Hopkins,C,EDM,-46,39,hit_taken
8476454,Ryan Nugent-Hopkins,C,EDM,99,11,hit_taken
8476454,Ryan Nugent-Hopkins,C,EDM,-20,40,hit_taken
8476454,Ryan Nugent-Hopkins,C,EDM,-96,33,hit_taken
8476454,Ryan Nugent-Hopkins,C,EDM,-97,30,hit_taken
8476454,Ryan Nugent-Hopkins,C,EDM,-75,38,hit_taken
8476454,Ryan Nugent-Hopkins,C,EDM,96,-28,hit_taken
8476454,Ryan Nugent-Hopkins,C,EDM,97,1,hit_taken
8476454,Ryan Nugent-Hopkins,C,EDM,-29,40,hit_taken
8476454,Ryan Nugent-Hopkins,C,EDM,-17,-25,hit_taken
8476454,Ryan Nugent-Hopkins,C,EDM,12,-39,hit_thrown
8476454,Ryan Nugent-Hopkins,C,EDM,96,19,hit_thrown
8476454,Ryan Nugent-Hopkins,C,EDM,-79,22,hit_thrown
8476454,Ryan Nugent-Hopkins,C,EDM,-99,-5,hit_thrown
8476454,Ryan Nugent-Hopkins,C,EDM,97,-23,hit_thrown
8476454,Ryan Nugent-Hopkins,C,EDM,98,-30,hit_thrown
8476454,Ryan Nugent-Hopkins,C,EDM,-4,-41,hit_thrown
8476454,Ryan Nugent-Hopkins,C,EDM,-96,14,hit_thrown
8476454,Ryan Nugent-Hopkins,C,EDM,-95,-30,hit_thrown
8476454,Ryan Nugent-Hopkins,C,EDM,96,33,hit_thrown
8476454,Ryan Nugent-Hopkins,C,EDM,-94,11,hit_thrown
8476454,Ryan Nugent-Hopkins,C,EDM,-41,-37,hit_thrown
8476454,Ryan Nugent-Hopkins,C,EDM,-11,39,hit_thrown
8476454,Ryan Nugent-Hopkins,C,EDM,75,38,hit_thrown
8476454,Ryan Nugent-Hopkins,C,EDM,-96,4,hit_thrown
8476454,Ryan Nugent-Hopkins,C,EDM,74,39,hit_thrown
8476454,Ryan Nugent-Hopkins,C,EDM,71,40,hit_thrown
8476454,Ryan Nugent-Hopkins,C,EDM,-67,-40,hit_thrown
8476454,Ryan Nugent-Hopkins,C,EDM,-90,31,takeaway_other
8476454,Ryan Nugent-Hopkins,C,EDM,-56,29,takeaway_other
8476454,Ryan Nugent-Hopkins,C,EDM,63,-31,takeaway_other
8476454,Ryan Nugent-Hopkins,C,EDM,4,20,takeaway_other
8476454,Ryan Nugent-Hopkins,C,EDM,-44,-3,takeaway_other
8476454,Ryan Nugent-Hopkins,C,EDM,-34,25,takeaway_other
8476454,Ryan Nugent-Hopkins,C,EDM,-38,-31,takeaway_other
8476454,Ryan Nugent-Hopkins,C,EDM,-45,-36,takeaway_other
8476454,Ryan Nugent-Hopkins,C,EDM,44,6,takeaway_other
8476454,Ryan Nugent-Hopkins,C,EDM,89,38,takeaway_other
8476454,Ryan Nugent-Hopkins,C,EDM,91,31,takeaway_other
8476457,Adam Larsson,D,EDM,74,-5,block_hd
8476457,Adam Larsson,D,EDM,75,16,block_hd
8476457,Adam Larsson,D,EDM,-75,-1,block_hd
8476457,Adam Larsson,D,EDM,81,4,block_hd
8476457,Adam Larsson,D,EDM,80,-10,block_hd
8476457,Adam Larsson,D,EDM,-73,18,block_hd
8476457,Adam Larsson,D,EDM,-76,16,block_hd
8476457,Adam Larsson,D,EDM,-82,11,block_hd
8476457,Adam Larsson,D,EDM,74,-3,block_hd
8476457,Adam Larsson,D,EDM,-73,-4,block_hd
8476457,Adam Larsson,D,EDM,-78,-3,block_hd
8476457,Adam Larsson,D,EDM,77,0,block_hd
8476457,Adam Larsson,D,EDM,72,7,block_hd
8476457,Adam Larsson,D,EDM,-75,1,block_hd
8476457,Adam Larsson,D,EDM,-71,12,block_hd
8476457,Adam Larsson,D,EDM,-72,-8,block_hd
8476457,Adam Larsson,D,EDM,74,12,block_hd
8476457,Adam Larsson,D,EDM,73,-16,block_hd
8476457,Adam Larsson,D,EDM,-57,14,block_non_hd
8476457,Adam Larsson,D,EDM,67,12,block_non_hd
8476457,Adam Larsson,D,EDM,-75,19,block_non_hd
8476457,Adam Larsson,D,EDM,52,24,block_non_hd
8476457,Adam Larsson,D,EDM,68,7,block_non_hd
8476457,Adam Larsson,D,EDM,66,-5,block_non_hd
8476457,Adam Larsson,D,EDM,69,1,block_non_hd
8476457,Adam Larsson,D,EDM,81,-22,block_non_hd
8476457,Adam Larsson,D,EDM,-95,8,crease_goal
8476457,Adam Larsson,D,EDM,-96,8,hit_taken
8476457,Adam Larsson,D,EDM,97,-14,hit_taken
8476457,Adam Larsson,D,EDM,96,-10,hit_taken
8476457,Adam Larsson,D,EDM,97,-7,hit_taken
8476457,Adam Larsson,D,EDM,-96,-36,hit_taken
8476457,Adam Larsson,D,EDM,-71,40,hit_taken
8476457,Adam Larsson,D,EDM,-97,7,hit_taken
8476457,Adam Larsson,D,EDM,-18,-40,hit_taken
8476457,Adam Larsson,D,EDM,98,-16,hit_taken
8476457,Adam Larsson,D,EDM,-43,-36,hit_taken
8476457,Adam Larsson,D,EDM,-93,-33,hit_taken
8476457,Adam Larsson,D,EDM,-92,-38,hit_taken
8476457,Adam Larsson,D,EDM,79,42,hit_taken
8476457,Adam Larsson,D,EDM,-98,-5,hit_taken
8476457,Adam Larsson,D,EDM,-94,36,hit_taken
8476457,Adam Larsson,D,EDM,96,-11,hit_taken
8476457,Adam Larsson,D,EDM,97,1,hit_taken
8476457,Adam Larsson,D,EDM,21,42,hit_taken
8476457,Adam Larsson,D,EDM,-97,-23,hit_taken
8476457,Adam Larsson,D,EDM,67,39,hit_taken
8476457,Adam Larsson,D,EDM,98,9,hit_taken
8476457,Adam Larsson,D,EDM,97,-29,hit_taken
8476457,Adam Larsson,D,EDM,-92,-24,hit_taken
8476457,Adam Larsson,D,EDM,-95,22,hit_taken
8476457,Adam Larsson,D,EDM,-94,-35,hit_taken
8476457,Adam Larsson,D,EDM,81,38,hit_taken
8476457,Adam Larsson,D,EDM,-94,29,hit_taken
8476457,Adam Larsson,D,EDM,96,-35,hit_taken
8476457,Adam Larsson,D,EDM,91,40,hit_taken
8476457,Adam Larsson,D,EDM,97,19,hit_taken
8476457,Adam Larsson,D,EDM,-75,-37,hit_taken
8476457,Adam Larsson,D,EDM,-76,-38,hit_taken
8476457,Adam Larsson,D,EDM,96,24,hit_taken
8476457,Adam Larsson,D,EDM,84,38,hit_taken
8476457,Adam Larsson,D,EDM,95,18,hit_taken
8476457,Adam Larsson,D,EDM,-65,-37,hit_taken
8476457,Adam Larsson,D,EDM,-96,35,hit_taken
8476457,Adam Larsson,D,EDM,96,3,hit_taken
8476457,Adam Larsson,D,EDM,97,33,hit_taken
8476457,Adam Larsson,D,EDM,-54,37,hit_thrown
8476457,Adam Larsson,D,EDM,-78,-36,hit_thrown
8476457,Adam Larsson,D,EDM,-65,-36,hit_thrown
8476457,Adam Larsson,D,EDM,-40,-37,hit_thrown
8476457,Adam Larsson,D,EDM,96,25,hit_thrown
8476457,Adam Larsson,D,EDM,80,38,hit_thrown
8476457,Adam Larsson,D,EDM,96,-16,hit_thrown
8476457,Adam Larsson,D,EDM,-46,-35,hit_thrown
8476457,Adam Larsson,D,EDM,-32,-39,hit_thrown
8476457,Adam Larsson,D,EDM,-94,-22,hit_thrown
8476457,Adam Larsson,D,EDM,-21,-37,hit_thrown
8476457,Adam Larsson,D,EDM,-26,23,hit_thrown
8476457,Adam Larsson,D,EDM,-93,-8,hit_thrown
8476457,Adam Larsson,D,EDM,-91,-38,hit_thrown
8476457,Adam Larsson,D,EDM,93,37,hit_thrown
8476457,Adam Larsson,D,EDM,-21,-36,hit_thrown
8476457,Adam Larsson,D,EDM,80,-11,hit_thrown
8476457,Adam Larsson,D,EDM,96,-14,hit_thrown
8476457,Adam Larsson,D,EDM,-94,-35,hit_thrown
8476457,Adam Larsson,D,EDM,-98,-2,hit_thrown
8476457,Adam Larsson,D,EDM,40,41,hit_thrown
8476457,Adam Larsson,D,EDM,-97,29,hit_thrown
8476457,Adam Larsson,D,EDM,96,34,hit_thrown
8476457,Adam Larsson,D,EDM,94,36,hit_thrown
8476457,Adam Larsson,D,EDM,-52,-36,hit_thrown
8476457,Adam Larsson,D,EDM,-93,-39,hit_thrown
8476457,Adam Larsson,D,EDM,95,14,hit_thrown
8476457,Adam Larsson,D,EDM,-94,-10,hit_thrown
8476457,Adam Larsson,D,EDM,-66,-37,hit_thrown
8476457,Adam Larsson,D,EDM,-75,-35,hit_thrown
8476457,Adam Larsson,D,EDM,-93,17,hit_thrown
8476457,Adam Larsson,D,EDM,-74,-36,hit_thrown
8476457,Adam Larsson,D,EDM,5,39,hit_thrown
8476457,Adam Larsson,D,EDM,-66,-5,hit_thrown
8476457,Adam Larsson,D,EDM,-61,-38,hit_thrown
8476457,Adam Larsson,D,EDM,99,2,hit_thrown
8476457,Adam Larsson,D,EDM,84,41,hit_thrown
8476457,Adam Larsson,D,EDM,97,26,hit_thrown
8476457,Adam Larsson,D,EDM,93,-39,hit_thrown
8476457,Adam Larsson,D,EDM,-81,-40,hit_thrown
8476457,Adam Larsson,D,EDM,97,30,hit_thrown
8476457,Adam Larsson,D,EDM,-98,16,hit_thrown
8476457,Adam Larsson,D,EDM,-76,-35,takeaway_other
8476457,Adam Larsson,D,EDM,-62,36,takeaway_other
8476457,Adam Larsson,D,EDM,-58,-11,takeaway_other
8476457,Adam Larsson,D,EDM,72,36,takeaway_other
8476457,Adam Larsson,D,EDM,-92,20,takeaway_other
8476459,Mika Zibanejad,C,NYR,83,-7,block_hd
8476459,Mika Zibanejad,C,NYR,-70,7,block_hd
8476459,Mika Zibanejad,C,NYR,55,-6,block_non_hd
8476459,Mika Zibanejad,C,NYR,69,-5,block_non_hd
8476459,Mika Zibanejad,C,NYR,-65,30,block_non_hd
8476459,Mika Zibanejad,C,NYR,66,4,block_non_hd
8476459,Mika Zibanejad,C,NYR,-63,-4,block_non_hd
8476459,Mika Zibanejad,C,NYR,72,29,block_non_hd
8476459,Mika Zibanejad,C,NYR,59,-3,block_non_hd
8476459,Mika Zibanejad,C,NYR,68,37,block_non_hd
8476459,Mika Zibanejad,C,NYR,67,-7,block_non_hd
8476459,Mika Zibanejad,C,NYR,56,-15,block_non_hd
8476459,Mika Zibanejad,C,NYR,56,-3,block_non_hd
8476459,Mika Zibanejad,C,NYR,-69,-22,dz_faceoff_win
8476459,Mika Zibanejad,C,NYR,69,-21,dz_faceoff_win
8476459,Mika Zibanejad,C,NYR,-68,-22,dz_faceoff_win
8476459,Mika Zibanejad,C,NYR,69,22,dz_faceoff_win
8476459,Mika Zibanejad,C,NYR,69,-22,dz_faceoff_win
8476459,Mika Zibanejad,C,NYR,69,22,dz_faceoff_win
8476459,Mika Zibanejad,C,NYR,-69,21,dz_faceoff_win
8476459,Mika Zibanejad,C,NYR,-69,-23,dz_faceoff_win
8476459,Mika Zibanejad,C,NYR,69,21,dz_faceoff_win
8476459,Mika Zibanejad,C,NYR,69,22,dz_faceoff_win
8476459,Mika Zibanejad,C,NYR,69,22,dz_faceoff_win
8476459,Mika Zibanejad,C,NYR,-68,-23,dz_faceoff_win
8476459,Mika Zibanejad,C,NYR,70,22,dz_faceoff_win
8476459,Mika Zibanejad,C,NYR,69,21,dz_faceoff_win
8476459,Mika Zibanejad,C,NYR,-68,-23,dz_faceoff_win
8476459,Mika Zibanejad,C,NYR,68,22,dz_faceoff_win
8476459,Mika Zibanejad,C,NYR,69,21,dz_faceoff_win
8476459,Mika Zibanejad,C,NYR,69,-21,dz_faceoff_win
8476459,Mika Zibanejad,C,NYR,68,22,dz_faceoff_win
8476459,Mika Zibanejad,C,NYR,-69,-22,dz_faceoff_win
8476459,Mika Zibanejad,C,NYR,-69,-23,dz_faceoff_win
8476459,Mika Zibanejad,C,NYR,-69,21,dz_faceoff_win
8476459,Mika Zibanejad,C,NYR,70,-23,dz_faceoff_win
8476459,Mika Zibanejad,C,NYR,70,22,dz_faceoff_win
8476459,Mika Zibanejad,C,NYR,70,-23,dz_faceoff_win
8476459,Mika Zibanejad,C,NYR,-68,-23,dz_faceoff_win
8476459,Mika Zibanejad,C,NYR,70,22,dz_faceoff_win
8476459,Mika Zibanejad,C,NYR,69,-23,dz_faceoff_win
8476459,Mika Zibanejad,C,NYR,-68,-23,dz_faceoff_win
8476459,Mika Zibanejad,C,NYR,-69,21,dz_faceoff_win
8476459,Mika Zibanejad,C,NYR,-97,-17,hit_taken
8476459,Mika Zibanejad,C,NYR,77,-40,hit_taken
8476459,Mika Zibanejad,C,NYR,-40,39,hit_taken
8476459,Mika Zibanejad,C,NYR,-55,-40,hit_taken
8476459,Mika Zibanejad,C,NYR,-94,36,hit_taken
8476459,Mika Zibanejad,C,NYR,-78,-39,hit_taken
8476459,Mika Zibanejad,C,NYR,-34,-1,hit_taken
8476459,Mika Zibanejad,C,NYR,15,-41,hit_taken
8476459,Mika Zibanejad,C,NYR,-12,-39,hit_taken
8476459,Mika Zibanejad,C,NYR,97,-5,hit_taken
8476459,Mika Zibanejad,C,NYR,64,35,hit_taken
8476459,Mika Zibanejad,C,NYR,95,25,hit_taken
8476459,Mika Zibanejad,C,NYR,-82,41,hit_taken
8476459,Mika Zibanejad,C,NYR,98,-11,hit_taken
8476459,Mika Zibanejad,C,NYR,-64,-39,hit_taken
8476459,Mika Zibanejad,C,NYR,-96,27,hit_taken
8476459,Mika Zibanejad,C,NYR,81,38,hit_taken
8476459,Mika Zibanejad,C,NYR,93,33,hit_taken
8476459,Mika Zibanejad,C,NYR,82,-39,hit_taken
8476459,Mika Zibanejad,C,NYR,81,39,hit_taken
8476459,Mika Zibanejad,C,NYR,97,-32,hit_taken
8476459,Mika Zibanejad,C,NYR,-97,-10,hit_taken
8476459,Mika Zibanejad,C,NYR,-96,32,hit_taken
8476459,Mika Zibanejad,C,NYR,-97,-24,hit_thrown
8476459,Mika Zibanejad,C,NYR,-95,35,hit_thrown
8476459,Mika Zibanejad,C,NYR,-97,-6,hit_thrown
8476459,Mika Zibanejad,C,NYR,85,13,hit_thrown
8476459,Mika Zibanejad,C,NYR,-96,22,hit_thrown
8476459,Mika Zibanejad,C,NYR,-30,-12,hit_thrown
8476459,Mika Zibanejad,C,NYR,-97,-19,hit_thrown
8476459,Mika Zibanejad,C,NYR,16,-31,hit_thrown
8476459,Mika Zibanejad,C,NYR,-95,35,hit_thrown
8476459,Mika Zibanejad,C,NYR,97,-14,hit_thrown
8476459,Mika Zibanejad,C,NYR,-94,29,hit_thrown
8476459,Mika Zibanejad,C,NYR,-18,40,hit_thrown
8476459,Mika Zibanejad,C,NYR,-90,-38,hit_thrown
8476459,Mika Zibanejad,C,NYR,-48,-40,hit_thrown
8476459,Mika Zibanejad,C,NYR,-5,36,hit_thrown
8476459,Mika Zibanejad,C,NYR,-19,-38,hit_thrown
8476459,Mika Zibanejad,C,NYR,-49,-39,hit_thrown
8476459,Mika Zibanejad,C,NYR,6,39,hit_thrown
8476459,Mika Zibanejad,C,NYR,94,-35,hit_thrown
8476459,Mika Zibanejad,C,NYR,88,-28,hit_thrown
8476459,Mika Zibanejad,C,NYR,-28,-40,takeaway_other
8476459,Mika Zibanejad,C,NYR,-51,31,takeaway_other
8476459,Mika Zibanejad,C,NYR,38,-1,takeaway_other
8476459,Mika Zibanejad,C,NYR,-67,37,takeaway_other
8476459,Mika Zibanejad,C,NYR,-96,33,takeaway_other
8476462,Dougie Hamilton,D,CGY,73,-10,block_hd
8476462,Dougie Hamilton,D,CGY,-72,-11,block_hd
8476462,Dougie Hamilton,D,CGY,-64,7,block_non_hd
8476462,Dougie Hamilton,D,CGY,96,-2,hit_taken
8476462,Dougie Hamilton,D,CGY,75,39,hit_taken
8476462,Dougie Hamilton,D,CGY,-72,-40,hit_taken
8476462,Dougie Hamilton,D,CGY,-70,39,hit_taken
8476462,Dougie Hamilton,D,CGY,-77,-5,hit_taken
8476462,Dougie Hamilton,D,CGY,-46,-40,hit_taken
8476462,Dougie Hamilton,D,CGY,23,-40,hit_taken
8476462,Dougie Hamilton,D,CGY,-80,20,hit_thrown
8476462,Dougie Hamilton,D,CGY,81,38,hit_thrown
8476462,Dougie Hamilton,D,CGY,93,39,hit_thrown
8476462,Dougie Hamilton,D,CGY,-98,-21,hit_thrown
8476462,Dougie Hamilton,D,CGY,-75,-41,hit_thrown
8476462,Dougie Hamilton,D,CGY,-85,-28,takeaway_other
8476463,Jonas Brodin,D,MIN,72,-9,block_hd
8476463,Jonas Brodin,D,MIN,70,10,block_hd
8476463,Jonas Brodin,D,MIN,-63,-18,block_non_hd
8476463,Jonas Brodin,D,MIN,58,12,block_non_hd
8476463,Jonas Brodin,D,MIN,67,24,block_non_hd
8476463,Jonas Brodin,D,MIN,-66,-8,block_non_hd
8476463,Jonas Brodin,D,MIN,-63,0,block_non_hd
8476463,Jonas Brodin,D,MIN,-84,40,hit_taken
8476463,Jonas Brodin,D,MIN,94,35,hit_taken
8476463,Jonas Brodin,D,MIN,96,-10,hit_taken
8476463,Jonas Brodin,D,MIN,71,-41,hit_taken
8476463,Jonas Brodin,D,MIN,-97,20,hit_taken
8476463,Jonas Brodin,D,MIN,-73,39,hit_taken
8476463,Jonas Brodin,D,MIN,-14,-41,hit_taken
8476463,Jonas Brodin,D,MIN,85,42,hit_taken
8476463,Jonas Brodin,D,MIN,-94,-39,hit_taken
8476463,Jonas Brodin,D,MIN,-96,-25,hit_taken
8476463,Jonas Brodin,D,MIN,76,40,hit_taken
8476463,Jonas Brodin,D,MIN,-81,-39,hit_taken
8476463,Jonas Brodin,D,MIN,-96,16,hit_thrown
8476463,Jonas Brodin,D,MIN,-6,-24,takeaway_other
8476463,Jonas Brodin,D,MIN,-43,30,takeaway_other
8476468,J.T. Miller,C,NYR,77,13,block_hd
8476468,J.T. Miller,C,NYR,-72,-13,block_hd
8476468,J.T. Miller,C,NYR,70,-4,block_hd
8476468,J.T. Miller,C,NYR,-38,-30,block_non_hd
8476468,J.T. Miller,C,NYR,-54,4,block_non_hd
8476468,J.T. Miller,C,NYR,63,2,block_non_hd
8476468,J.T. Miller,C,NYR,51,10,block_non_hd
8476468,J.T. Miller,C,NYR,41,-25,block_non_hd
8476468,J.T. Miller,C,NYR,49,-14,block_non_hd
8476468,J.T. Miller,C,NYR,-64,-4,block_non_hd
8476468,J.T. Miller,C,NYR,51,3,block_non_hd
8476468,J.T. Miller,C,NYR,-93,-37,hit_taken
8476468,J.T. Miller,C,NYR,-8,41,hit_taken
8476468,J.T. Miller,C,NYR,51,-9,hit_taken
8476468,J.T. Miller,C,NYR,94,-21,hit_taken
8476468,J.T. Miller,C,NYR,66,40,hit_taken
8476468,J.T. Miller,C,NYR,18,37,hit_taken
8476468,J.T. Miller,C,NYR,6,39,hit_taken
8476468,J.T. Miller,C,NYR,65,-39,hit_taken
8476468,J.T. Miller,C,NYR,85,-37,hit_taken
8476468,J.T. Miller,C,NYR,-30,-39,hit_taken
8476468,J.T. Miller,C,NYR,-87,38,hit_taken
8476468,J.T. Miller,C,NYR,21,38,hit_taken
8476468,J.T. Miller,C,NYR,84,41,hit_taken
8476468,J.T. Miller,C,NYR,85,-37,hit_taken
8476468,J.T. Miller,C,NYR,96,5,hit_taken
8476468,J.T. Miller,C,NYR,-86,38,hit_taken
8476468,J.T. Miller,C,NYR,98,-4,hit_taken
8476468,J.T. Miller,C,NYR,-90,39,hit_taken
8476468,J.T. Miller,C,NYR,28,-34,hit_taken
8476468,J.T. Miller,C,NYR,35,-31,hit_taken
8476468,J.T. Miller,C,NYR,-94,15,hit_taken
8476468,J.T. Miller,C,NYR,-7,-39,hit_taken
8476468,J.T. Miller,C,NYR,-50,39,hit_taken
8476468,J.T. Miller,C,NYR,-2,38,hit_taken
8476468,J.T. Miller,C,NYR,-67,-39,hit_taken
8476468,J.T. Miller,C,NYR,-49,-39,hit_taken
8476468,J.T. Miller,C,NYR,37,32,hit_taken
8476468,J.T. Miller,C,NYR,71,-41,hit_taken
8476468,J.T. Miller,C,NYR,23,-20,hit_taken
8476468,J.T. Miller,C,NYR,-66,41,hit_thrown
8476468,J.T. Miller,C,NYR,-70,-40,hit_thrown
8476468,J.T. Miller,C,NYR,97,28,hit_thrown
8476468,J.T. Miller,C,NYR,96,-7,hit_thrown
8476468,J.T. Miller,C,NYR,96,17,hit_thrown
8476468,J.T. Miller,C,NYR,-7,39,hit_thrown
8476468,J.T. Miller,C,NYR,-67,28,hit_thrown
8476468,J.T. Miller,C,NYR,51,-39,hit_thrown
8476468,J.T. Miller,C,NYR,96,-1,hit_thrown
8476468,J.T. Miller,C,NYR,2,38,hit_thrown
8476468,J.T. Miller,C,NYR,-96,-13,hit_thrown
8476468,J.T. Miller,C,NYR,17,-38,hit_thrown
8476468,J.T. Miller,C,NYR,19,-20,hit_thrown
8476468,J.T. Miller,C,NYR,66,-41,hit_thrown
8476468,J.T. Miller,C,NYR,-78,-39,hit_thrown
8476468,J.T. Miller,C,NYR,95,-3,hit_thrown
8476468,J.T. Miller,C,NYR,30,-40,hit_thrown
8476468,J.T. Miller,C,NYR,9,28,hit_thrown
8476468,J.T. Miller,C,NYR,87,-39,hit_thrown
8476468,J.T. Miller,C,NYR,95,-30,hit_thrown
8476468,J.T. Miller,C,NYR,3,-38,hit_thrown
8476468,J.T. Miller,C,NYR,93,-36,hit_thrown
8476468,J.T. Miller,C,NYR,-72,-23,hit_thrown
8476468,J.T. Miller,C,NYR,7,-31,hit_thrown
8476468,J.T. Miller,C,NYR,28,40,hit_thrown
8476468,J.T. Miller,C,NYR,-75,37,hit_thrown
8476468,J.T. Miller,C,NYR,92,-18,takeaway_hd
8476468,J.T. Miller,C,NYR,-47,-36,takeaway_other
8476468,J.T. Miller,C,NYR,55,37,takeaway_other
8476468,J.T. Miller,C,NYR,-58,-36,takeaway_other
8476468,J.T. Miller,C,NYR,24,-39,takeaway_other
8476470,Nathan Beaulieu,D,MTL,-80,-7,block_hd
8476470,Nathan Beaulieu,D,MTL,-75,2,block_hd
8476470,Nathan Beaulieu,D,MTL,-73,1,block_hd
8476470,Nathan Beaulieu,D,MTL,77,2,block_hd
8476470,Nathan Beaulieu,D,MTL,-60,13,block_non_hd
8476470,Nathan Beaulieu,D,MTL,-99,-12,hit_taken
8476470,Nathan Beaulieu,D,MTL,97,20,hit_taken
8476470,Nathan Beaulieu,D,MTL,81,-36,hit_taken
8476470,Nathan Beaulieu,D,MTL,-97,27,hit_taken
8476470,Nathan Beaulieu,D,MTL,51,-39,hit_taken
8476470,Nathan Beaulieu,D,MTL,97,21,hit_taken
8476470,Nathan Beaulieu,D,MTL,-69,39,hit_taken
8476470,Nathan Beaulieu,D,MTL,-94,38,hit_taken
8476470,Nathan Beaulieu,D,MTL,83,-39,hit_taken
8476470,Nathan Beaulieu,D,MTL,85,-39,hit_taken
8476470,Nathan Beaulieu,D,MTL,97,-8,hit_taken
8476470,Nathan Beaulieu,D,MTL,97,-10,hit_taken
8476470,Nathan Beaulieu,D,MTL,6,-42,hit_taken
8476470,Nathan Beaulieu,D,MTL,-63,-1,hit_taken
8476470,Nathan Beaulieu,D,MTL,-91,40,hit_taken
8476470,Nathan Beaulieu,D,MTL,77,41,hit_taken
8476470,Nathan Beaulieu,D,MTL,98,-27,hit_thrown
8476470,Nathan Beaulieu,D,MTL,22,-39,hit_thrown
8476470,Nathan Beaulieu,D,MTL,-34,-40,hit_thrown
8476470,Nathan Beaulieu,D,MTL,-96,-21,hit_thrown
8476470,Nathan Beaulieu,D,MTL,-56,39,hit_thrown
8476470,Nathan Beaulieu,D,MTL,95,25,hit_thrown
8476470,Nathan Beaulieu,D,MTL,-97,10,hit_thrown
8476470,Nathan Beaulieu,D,MTL,96,24,hit_thrown
8476470,Nathan Beaulieu,D,MTL,-79,-10,takeaway_hd
8476472,Oscar Klefbom,D,EDM,-80,18,block_hd
8476472,Oscar Klefbom,D,EDM,-75,-2,block_hd
8476472,Oscar Klefbom,D,EDM,-74,2,block_hd
8476472,Oscar Klefbom,D,EDM,76,-1,block_hd
8476472,Oscar Klefbom,D,EDM,78,3,block_hd
8476472,Oscar Klefbom,D,EDM,77,-2,block_hd
8476472,Oscar Klefbom,D,EDM,71,-12,block_hd
8476472,Oscar Klefbom,D,EDM,-72,9,block_hd
8476472,Oscar Klefbom,D,EDM,78,16,block_hd
8476472,Oscar Klefbom,D,EDM,-74,-1,block_hd
8476472,Oscar Klefbom,D,EDM,77,-5,block_hd
8476472,Oscar Klefbom,D,EDM,71,-11,block_hd
8476472,Oscar Klefbom,D,EDM,70,-3,block_hd
8476472,Oscar Klefbom,D,EDM,75,4,block_hd
8476472,Oscar Klefbom,D,EDM,-72,3,block_hd
8476472,Oscar Klefbom,D,EDM,-76,-8,block_hd
8476472,Oscar Klefbom,D,EDM,-69,10,block_non_hd
8476472,Oscar Klefbom,D,EDM,69,20,block_non_hd
8476472,Oscar Klefbom,D,EDM,-69,-2,block_non_hd
8476472,Oscar Klefbom,D,EDM,-63,7,block_non_hd
8476472,Oscar Klefbom,D,EDM,68,-3,block_non_hd
8476472,Oscar Klefbom,D,EDM,-58,24,block_non_hd
8476472,Oscar Klefbom,D,EDM,69,-15,block_non_hd
8476472,Oscar Klefbom,D,EDM,61,-8,block_non_hd
8476472,Oscar Klefbom,D,EDM,82,-29,block_non_hd
8476472,Oscar Klefbom,D,EDM,-64,18,block_non_hd
8476472,Oscar Klefbom,D,EDM,-60,37,block_non_hd
8476472,Oscar Klefbom,D,EDM,-60,12,block_non_hd
8476472,Oscar Klefbom,D,EDM,78,-22,hit_taken
8476472,Oscar Klefbom,D,EDM,-97,-19,hit_taken
8476472,Oscar Klefbom,D,EDM,75,-36,hit_taken
8476472,Oscar Klefbom,D,EDM,-98,32,hit_taken
8476472,Oscar Klefbom,D,EDM,93,-35,hit_taken
8476472,Oscar Klefbom,D,EDM,-97,24,hit_taken
8476472,Oscar Klefbom,D,EDM,-96,5,hit_taken
8476472,Oscar Klefbom,D,EDM,97,21,hit_taken
8476472,Oscar Klefbom,D,EDM,69,-40,hit_taken
8476472,Oscar Klefbom,D,EDM,97,-7,hit_taken
8476472,Oscar Klefbom,D,EDM,-94,-15,hit_taken
8476472,Oscar Klefbom,D,EDM,97,-17,hit_taken
8476472,Oscar Klefbom,D,EDM,99,1,hit_taken
8476472,Oscar Klefbom,D,EDM,34,-40,hit_taken
8476472,Oscar Klefbom,D,EDM,51,-39,hit_taken
8476472,Oscar Klefbom,D,EDM,96,-35,hit_taken
8476472,Oscar Klefbom,D,EDM,97,-9,hit_taken
8476472,Oscar Klefbom,D,EDM,98,-5,hit_taken
8476472,Oscar Klefbom,D,EDM,22,25,hit_taken
8476472,Oscar Klefbom,D,EDM,74,-40,hit_taken
8476472,Oscar Klefbom,D,EDM,-94,27,hit_taken
8476472,Oscar Klefbom,D,EDM,-58,38,hit_taken
8476472,Oscar Klefbom,D,EDM,69,-33,hit_taken
8476472,Oscar Klefbom,D,EDM,-7,39,hit_taken
8476472,Oscar Klefbom,D,EDM,-93,31,hit_taken
8476472,Oscar Klefbom,D,EDM,-95,-9,hit_taken
8476472,Oscar Klefbom,D,EDM,94,24,hit_taken
8476472,Oscar Klefbom,D,EDM,98,-19,hit_taken
8476472,Oscar Klefbom,D,EDM,85,-27,hit_taken
8476472,Oscar Klefbom,D,EDM,71,-41,hit_taken
8476472,Oscar Klefbom,D,EDM,98,-15,hit_taken
8476472,Oscar Klefbom,D,EDM,95,-16,hit_thrown
8476472,Oscar Klefbom,D,EDM,-87,36,hit_thrown
8476472,Oscar Klefbom,D,EDM,-95,-19,hit_thrown
8476472,Oscar Klefbom,D,EDM,92,-29,hit_thrown
8476472,Oscar Klefbom,D,EDM,57,-41,hit_thrown
8476472,Oscar Klefbom,D,EDM,-83,-40,hit_thrown
8476472,Oscar Klefbom,D,EDM,-96,26,hit_thrown
8476472,Oscar Klefbom,D,EDM,92,-39,hit_thrown
8476472,Oscar Klefbom,D,EDM,99,15,hit_thrown
8476472,Oscar Klefbom,D,EDM,28,-39,hit_thrown
8476472,Oscar Klefbom,D,EDM,-82,42,hit_thrown
8476472,Oscar Klefbom,D,EDM,-62,36,takeaway_other
8476472,Oscar Klefbom,D,EDM,-9,40,takeaway_other
8476472,Oscar Klefbom,D,EDM,46,-16,takeaway_other
8476472,Oscar Klefbom,D,EDM,-33,-35,takeaway_other
8476472,Oscar Klefbom,D,EDM,-94,-20,takeaway_other
8476472,Oscar Klefbom,D,EDM,-38,35,takeaway_other
8476476,Joe Morrow,D,BOS,-79,13,block_hd
8476476,Joe Morrow,D,BOS,-72,-10,block_hd
8476476,Joe Morrow,D,BOS,80,-3,block_hd
8476476,Joe Morrow,D,BOS,-83,-9,block_hd
8476476,Joe Morrow,D,BOS,49,-16,block_non_hd
8476476,Joe Morrow,D,BOS,-64,11,block_non_hd
8476476,Joe Morrow,D,BOS,37,4,hit_taken
8476476,Joe Morrow,D,BOS,-35,-39,hit_taken
8476476,Joe Morrow,D,BOS,-91,25,hit_taken
8476476,Joe Morrow,D,BOS,93,33,hit_taken
8476476,Joe Morrow,D,BOS,-66,-19,hit_taken
8476476,Joe Morrow,D,BOS,94,-26,hit_taken
8476476,Joe Morrow,D,BOS,2,36,hit_taken
8476476,Joe Morrow,D,BOS,33,-36,hit_taken
8476476,Joe Morrow,D,BOS,96,-34,hit_taken
8476476,Joe Morrow,D,BOS,92,32,hit_taken
8476476,Joe Morrow,D,BOS,43,-38,hit_thrown
8476476,Joe Morrow,D,BOS,70,-38,hit_thrown
8476476,Joe Morrow,D,BOS,-97,24,hit_thrown
8476476,Joe Morrow,D,BOS,-12,15,hit_thrown
8476476,Joe Morrow,D,BOS,-32,-40,hit_thrown
8476476,Joe Morrow,D,BOS,-52,38,hit_thrown
8476476,Joe Morrow,D,BOS,5,37,hit_thrown
8476476,Joe Morrow,D,BOS,-96,10,hit_thrown
8476476,Joe Morrow,D,BOS,43,-36,hit_thrown
8476476,Joe Morrow,D,BOS,-90,-35,hit_thrown
8476476,Joe Morrow,D,BOS,-91,24,hit_thrown
8476476,Joe Morrow,D,BOS,92,-34,hit_thrown
8476476,Joe Morrow,D,BOS,-43,-40,hit_thrown
8476476,Joe Morrow,D,BOS,15,-38,hit_thrown
8476476,Joe Morrow,D,BOS,-94,-27,hit_thrown
8476476,Joe Morrow,D,BOS,-94,12,takeaway_hd
8476479,Phillip Danault,L,MTL,-72,10,block_hd
8476479,Phillip Danault,L,MTL,-43,-14,block_non_hd
8476479,Phillip Danault,L,MTL,-60,3,block_non_hd
8476479,Phillip Danault,L,MTL,66,21,block_non_hd
8476479,Phillip Danault,L,MTL,-73,29,block_non_hd
8476479,Phillip Danault,L,MTL,54,-3,block_non_hd
8476479,Phillip Danault,L,MTL,48,-8,block_non_hd
8476479,Phillip Danault,L,MTL,70,-22,dz_faceoff_win
8476479,Phillip Danault,L,MTL,-69,-22,dz_faceoff_win
8476479,Phillip Danault,L,MTL,-69,22,dz_faceoff_win
8476479,Phillip Danault,L,MTL,69,22,dz_faceoff_win
8476479,Phillip Danault,L,MTL,-68,21,dz_faceoff_win
8476479,Phillip Danault,L,MTL,-69,21,dz_faceoff_win
8476479,Phillip Danault,L,MTL,-68,22,dz_faceoff_win
8476479,Phillip Danault,L,MTL,69,22,dz_faceoff_win
8476479,Phillip Danault,L,MTL,69,-23,dz_faceoff_win
8476479,Phillip Danault,L,MTL,69,-22,dz_faceoff_win
8476479,Phillip Danault,L,MTL,-68,21,dz_faceoff_win
8476479,Phillip Danault,L,MTL,-68,-22,dz_faceoff_win
8476479,Phillip Danault,L,MTL,69,21,dz_faceoff_win
8476479,Phillip Danault,L,MTL,-69,22,dz_faceoff_win
8476479,Phillip Danault,L,MTL,70,-23,dz_faceoff_win
8476479,Phillip Danault,L,MTL,-69,-23,dz_faceoff_win
8476479,Phillip Danault,L,MTL,-69,21,dz_faceoff_win
8476479,Phillip Danault,L,MTL,72,-14,hit_taken
8476479,Phillip Danault,L,MTL,13,40,hit_taken
8476479,Phillip Danault,L,MTL,-11,-41,hit_taken
8476479,Phillip Danault,L,MTL,-18,-38,hit_taken
8476479,Phillip Danault,L,MTL,-7,39,hit_taken
8476479,Phillip Danault,L,MTL,-96,-30,hit_taken
8476479,Phillip Danault,L,MTL,-93,-38,hit_taken
8476479,Phillip Danault,L,MTL,-96,-34,hit_taken
8476479,Phillip Danault,L,MTL,6,-39,hit_taken
8476479,Phillip Danault,L,MTL,-15,-21,hit_taken
8476479,Phillip Danault,L,MTL,-97,-17,hit_thrown
8476479,Phillip Danault,L,MTL,39,-41,hit_thrown
8476479,Phillip Danault,L,MTL,20,-38,hit_thrown
8476479,Phillip Danault,L,MTL,-96,2,hit_thrown
8476479,Phillip Danault,L,MTL,96,28,hit_thrown
8476479,Phillip Danault,L,MTL,-60,39,hit_thrown
8476479,Phillip Danault,L,MTL,-90,28,hit_thrown
8476479,Phillip Danault,L,MTL,-88,-36,hit_thrown
8476479,Phillip Danault,L,MTL,-66,-39,hit_thrown
8476479,Phillip Danault,L,MTL,90,38,hit_thrown
8476479,Phillip Danault,L,MTL,22,39,hit_thrown
8476479,Phillip Danault,L,MTL,-82,41,hit_thrown
8476479,Phillip Danault,L,MTL,21,29,hit_thrown
8476479,Phillip Danault,L,MTL,90,36,hit_thrown
8476479,Phillip Danault,L,MTL,-79,39,hit_thrown
8476479,Phillip Danault,L,MTL,-51,-40,hit_thrown
8476479,Phillip Danault,L,MTL,95,31,hit_thrown
8476479,Phillip Danault,L,MTL,80,39,hit_thrown
8476479,Phillip Danault,L,MTL,97,-18,hit_thrown
8476479,Phillip Danault,L,MTL,83,-15,takeaway_hd
8476479,Phillip Danault,L,MTL,71,18,takeaway_hd
8476479,Phillip Danault,L,MTL,43,9,takeaway_other
8476479,Phillip Danault,L,MTL,-40,38,takeaway_other
8476479,Phillip Danault,L,MTL,-64,7,takeaway_other
8476483,Rickard Rakell,R,ANA,-82,0,block_hd
8476483,Rickard Rakell,R,ANA,69,12,block_non_hd
8476483,Rickard Rakell,R,ANA,-68,8,block_non_hd
8476483,Rickard Rakell,R,ANA,-36,1,block_non_hd
8476483,Rickard Rakell,R,ANA,57,-7,block_non_hd
8476483,Rickard Rakell,R,ANA,-52,-4,block_non_hd
8476483,Rickard Rakell,R,ANA,-80,5,crease_goal
8476483,Rickard Rakell,R,ANA,84,7,crease_goal
8476483,Rickard Rakell,R,ANA,-96,34,hit_taken
8476483,Rickard Rakell,R,ANA,-52,-40,hit_taken
8476483,Rickard Rakell,R,ANA,-80,20,hit_taken
8476483,Rickard Rakell,R,ANA,-28,-28,hit_taken
8476483,Rickard Rakell,R,ANA,19,15,hit_taken
8476483,Rickard Rakell,R,ANA,-96,1,hit_taken
8476483,Rickard Rakell,R,ANA,97,22,hit_taken
8476483,Rickard Rakell,R,ANA,-93,-20,hit_taken
8476483,Rickard Rakell,R,ANA,-96,27,hit_taken
8476483,Rickard Rakell,R,ANA,-41,-37,hit_taken
8476483,Rickard Rakell,R,ANA,51,-37,hit_taken
8476483,Rickard Rakell,R,ANA,11,-36,hit_taken
8476483,Rickard Rakell,R,ANA,52,36,hit_taken
8476483,Rickard Rakell,R,ANA,34,-37,hit_taken
8476483,Rickard Rakell,R,ANA,74,39,hit_taken
8476483,Rickard Rakell,R,ANA,73,41,hit_taken
8476483,Rickard Rakell,R,ANA,98,31,hit_taken
8476483,Rickard Rakell,R,ANA,-70,40,hit_taken
8476483,Rickard Rakell,R,ANA,14,39,hit_taken
8476483,Rickard Rakell,R,ANA,46,29,hit_taken
8476483,Rickard Rakell,R,ANA,-94,29,hit_taken
8476483,Rickard Rakell,R,ANA,-81,-36,hit_taken
8476483,Rickard Rakell,R,ANA,97,30,hit_taken
8476483,Rickard Rakell,R,ANA,99,-21,hit_taken
8476483,Rickard Rakell,R,ANA,12,39,hit_taken
8476483,Rickard Rakell,R,ANA,31,5,hit_taken
8476483,Rickard Rakell,R,ANA,34,-36,hit_taken
8476483,Rickard Rakell,R,ANA,62,-40,hit_taken
8476483,Rickard Rakell,R,ANA,-96,1,hit_taken
8476483,Rickard Rakell,R,ANA,-94,-27,hit_taken
8476483,Rickard Rakell,R,ANA,-32,-38,hit_taken
8476483,Rickard Rakell,R,ANA,56,-40,hit_thrown
8476483,Rickard Rakell,R,ANA,-76,34,hit_thrown
8476483,Rickard Rakell,R,ANA,-70,39,hit_thrown
8476483,Rickard Rakell,R,ANA,98,-18,hit_thrown
8476483,Rickard Rakell,R,ANA,64,40,hit_thrown
8476483,Rickard Rakell,R,ANA,-99,28,hit_thrown
8476483,Rickard Rakell,R,ANA,-56,-41,hit_thrown
8476483,Rickard Rakell,R,ANA,70,40,hit_thrown
8476483,Rickard Rakell,R,ANA,91,-40,hit_thrown
8476483,Rickard Rakell,R,ANA,99,22,hit_thrown
8476483,Rickard Rakell,R,ANA,21,42,hit_thrown
8476483,Rickard Rakell,R,ANA,85,41,hit_thrown
8476483,Rickard Rakell,R,ANA,67,39,hit_thrown
8476483,Rickard Rakell,R,ANA,-95,22,hit_thrown
8476483,Rickard Rakell,R,ANA,95,-33,hit_thrown
8476483,Rickard Rakell,R,ANA,5,-37,hit_thrown
8476483,Rickard Rakell,R,ANA,75,-36,hit_thrown
8476483,Rickard Rakell,R,ANA,91,40,hit_thrown
8476483,Rickard Rakell,R,ANA,-94,16,hit_thrown
8476483,Rickard Rakell,R,ANA,96,24,hit_thrown
8476483,Rickard Rakell,R,ANA,16,40,hit_thrown
8476483,Rickard Rakell,R,ANA,-57,40,hit_thrown
8476483,Rickard Rakell,R,ANA,97,16,hit_thrown
8476483,Rickard Rakell,R,ANA,13,40,hit_thrown
8476483,Rickard Rakell,R,ANA,-31,38,hit_thrown
8476483,Rickard Rakell,R,ANA,-75,-40,hit_thrown
8476483,Rickard Rakell,R,ANA,-84,38,hit_thrown
8476483,Rickard Rakell,R,ANA,93,33,hit_thrown
8476483,Rickard Rakell,R,ANA,-35,40,hit_thrown
8476483,Rickard Rakell,R,ANA,-40,2,hit_thrown
8476483,Rickard Rakell,R,ANA,-95,19,hit_thrown
8476483,Rickard Rakell,R,ANA,55,-1,takeaway_other
8476483,Rickard Rakell,R,ANA,-48,37,takeaway_other
8476483,Rickard Rakell,R,ANA,-67,9,takeaway_other
8476483,Rickard Rakell,R,ANA,29,32,takeaway_other
8476483,Rickard Rakell,R,ANA,57,27,takeaway_other
8476525,Colin Miller,D,BOS,70,-7,block_hd
8476525,Colin Miller,D,BOS,54,-7,block_non_hd
8476525,Colin Miller,D,BOS,-89,33,hit_taken
8476525,Colin Miller,D,BOS,-91,-27,hit_taken
8476525,Colin Miller,D,BOS,-96,-25,hit_taken
8476525,Colin Miller,D,BOS,-28,38,hit_taken
8476525,Colin Miller,D,BOS,97,-3,hit_taken
8476525,Colin Miller,D,BOS,-91,-12,hit_taken
8476525,Colin Miller,D,BOS,-90,28,hit_taken
8476525,Colin Miller,D,BOS,34,37,hit_thrown
8476525,Colin Miller,D,BOS,95,19,hit_thrown
8476525,Colin Miller,D,BOS,78,40,hit_thrown
8476525,Colin Miller,D,BOS,86,37,hit_thrown
8476525,Colin Miller,D,BOS,-43,37,hit_thrown
8476525,Colin Miller,D,BOS,93,-31,hit_thrown
8476525,Colin Miller,D,BOS,91,-24,hit_thrown
8476808,Brian Flynn,C,MTL,-57,-19,block_non_hd
8476808,Brian Flynn,C,MTL,-69,-23,dz_faceoff_win
8476808,Brian Flynn,C,MTL,-81,-37,hit_taken
8476808,Brian Flynn,C,MTL,-81,-25,takeaway_other
8476851,Alex Galchenyuk,C,MTL,-73,-1,block_hd
8476851,Alex Galchenyuk,C,MTL,79,-1,block_hd
8476851,Alex Galchenyuk,C,MTL,39,-22,block_non_hd
8476851,Alex Galchenyuk,C,MTL,51,-1,block_non_hd
8476851,Alex Galchenyuk,C,MTL,-63,-2,block_non_hd
8476851,Alex Galchenyuk,C,MTL,70,-22,dz_faceoff_win
8476851,Alex Galchenyuk,C,MTL,97,-30,hit_taken
8476851,Alex Galchenyuk,C,MTL,-45,-40,hit_taken
8476851,Alex Galchenyuk,C,MTL,90,-30,hit_taken
8476851,Alex Galchenyuk,C,MTL,98,-30,hit_taken
8476851,Alex Galchenyuk,C,MTL,74,39,hit_taken
8476851,Alex Galchenyuk,C,MTL,96,-23,hit_taken
8476851,Alex Galchenyuk,C,MTL,-29,38,hit_taken
8476851,Alex Galchenyuk,C,MTL,19,-36,hit_taken
8476851,Alex Galchenyuk,C,MTL,55,-38,hit_taken
8476851,Alex Galchenyuk,C,MTL,-93,-36,hit_taken
8476851,Alex Galchenyuk,C,MTL,61,42,hit_taken
8476851,Alex Galchenyuk,C,MTL,63,-39,hit_taken
8476851,Alex Galchenyuk,C,MTL,45,-40,hit_taken
8476851,Alex Galchenyuk,C,MTL,-93,32,hit_taken
8476851,Alex Galchenyuk,C,MTL,56,-40,hit_thrown
8476851,Alex Galchenyuk,C,MTL,71,-7,takeaway_hd
8476851,Alex Galchenyuk,C,MTL,-31,11,takeaway_other
8476851,Alex Galchenyuk,C,MTL,-36,-34,takeaway_other
8476851,Alex Galchenyuk,C,MTL,32,-36,takeaway_other
8476851,Alex Galchenyuk,C,MTL,72,-40,takeaway_other
8476852,Griffin Reinhart,D,EDM,-76,-1,block_hd
8476852,Griffin Reinhart,D,EDM,-95,25,hit_taken
8476852,Griffin Reinhart,D,EDM,-94,27,hit_taken
8476852,Griffin Reinhart,D,EDM,-95,3,hit_taken
8476852,Griffin Reinhart,D,EDM,-94,27,hit_thrown
8476852,Griffin Reinhart,D,EDM,46,29,hit_thrown
8476852,Griffin Reinhart,D,EDM,31,-39,hit_thrown
8476852,Griffin Reinhart,D,EDM,91,35,hit_thrown
8476852,Griffin Reinhart,D,EDM,-91,-33,hit_thrown
8476853,Morgan Rielly,D,TOR,-77,2,block_hd
8476853,Morgan Rielly,D,TOR,81,-6,block_hd
8476853,Morgan Rielly,D,TOR,77,8,block_hd
8476853,Morgan Rielly,D,TOR,79,1,block_hd
8476853,Morgan Rielly,D,TOR,-70,0,block_hd
8476853,Morgan Rielly,D,TOR,72,-14,block_hd
8476853,Morgan Rielly,D,TOR,76,4,block_hd
8476853,Morgan Rielly,D,TOR,76,-6,block_hd
8476853,Morgan Rielly,D,TOR,-66,35,block_non_hd
8476853,Morgan Rielly,D,TOR,64,-15,block_non_hd
8476853,Morgan Rielly,D,TOR,-72,-22,block_non_hd
8476853,Morgan Rielly,D,TOR,-81,21,block_non_hd
8476853,Morgan Rielly,D,TOR,-67,5,block_non_hd
8476853,Morgan Rielly,D,TOR,96,29,hit_taken
8476853,Morgan Rielly,D,TOR,-76,40,hit_taken
8476853,Morgan Rielly,D,TOR,-95,-8,hit_taken
8476853,Morgan Rielly,D,TOR,-60,38,hit_taken
8476853,Morgan Rielly,D,TOR,92,-29,hit_taken
8476853,Morgan Rielly,D,TOR,-94,1,hit_taken
8476853,Morgan Rielly,D,TOR,44,38,hit_taken
8476853,Morgan Rielly,D,TOR,-90,35,hit_taken
8476853,Morgan Rielly,D,TOR,97,-7,hit_taken
8476853,Morgan Rielly,D,TOR,-95,-9,hit_taken
8476853,Morgan Rielly,D,TOR,94,-32,hit_taken
8476853,Morgan Rielly,D,TOR,86,37,hit_taken
8476853,Morgan Rielly,D,TOR,97,-16,hit_taken
8476853,Morgan Rielly,D,TOR,-88,-38,hit_taken
8476853,Morgan Rielly,D,TOR,78,-37,hit_taken
8476853,Morgan Rielly,D,TOR,-93,10,hit_thrown
8476853,Morgan Rielly,D,TOR,-84,39,hit_thrown
8476853,Morgan Rielly,D,TOR,99,-22,hit_thrown
8476853,Morgan Rielly,D,TOR,94,34,hit_thrown
8476853,Morgan Rielly,D,TOR,-63,-37,hit_thrown
8476853,Morgan Rielly,D,TOR,-96,9,hit_thrown
8476853,Morgan Rielly,D,TOR,31,-22,hit_thrown
8476853,Morgan Rielly,D,TOR,11,-37,hit_thrown
8476853,Morgan Rielly,D,TOR,-88,36,hit_thrown
8476853,Morgan Rielly,D,TOR,-91,-35,hit_thrown
8476853,Morgan Rielly,D,TOR,-93,35,hit_thrown
8476853,Morgan Rielly,D,TOR,-52,25,hit_thrown
8476853,Morgan Rielly,D,TOR,-93,13,hit_thrown
8476853,Morgan Rielly,D,TOR,95,21,hit_thrown
8476853,Morgan Rielly,D,TOR,-61,21,takeaway_other
8476853,Morgan Rielly,D,TOR,-75,-36,takeaway_other
8476853,Morgan Rielly,D,TOR,-51,38,takeaway_other
8476853,Morgan Rielly,D,TOR,-11,27,takeaway_other
8476854,Hampus Lindholm,D,ANA,-76,9,block_hd
8476854,Hampus Lindholm,D,ANA,77,-10,block_hd
8476854,Hampus Lindholm,D,ANA,80,4,block_hd
8476854,Hampus Lindholm,D,ANA,76,-9,block_hd
8476854,Hampus Lindholm,D,ANA,72,8,block_hd
8476854,Hampus Lindholm,D,ANA,81,-6,block_hd
8476854,Hampus Lindholm,D,ANA,70,-4,block_hd
8476854,Hampus Lindholm,D,ANA,81,-4,block_hd
8476854,Hampus Lindholm,D,ANA,74,-4,block_hd
8476854,Hampus Lindholm,D,ANA,73,12,block_hd
8476854,Hampus Lindholm,D,ANA,-83,13,block_hd
8476854,Hampus Lindholm,D,ANA,74,-15,block_hd
8476854,Hampus Lindholm,D,ANA,76,-3,block_hd
8476854,Hampus Lindholm,D,ANA,-72,15,block_hd
8476854,Hampus Lindholm,D,ANA,-79,-4,block_hd
8476854,Hampus Lindholm,D,ANA,76,8,block_hd
8476854,Hampus Lindholm,D,ANA,-86,-10,block_hd
8476854,Hampus Lindholm,D,ANA,-78,3,block_hd
8476854,Hampus Lindholm,D,ANA,77,-11,block_hd
8476854,Hampus Lindholm,D,ANA,-57,8,block_non_hd
8476854,Hampus Lindholm,D,ANA,-66,1,block_non_hd
8476854,Hampus Lindholm,D,ANA,-56,13,block_non_hd
8476854,Hampus Lindholm,D,ANA,-46,14,block_non_hd
8476854,Hampus Lindholm,D,ANA,-60,17,block_non_hd
8476854,Hampus Lindholm,D,ANA,-64,2,block_non_hd
8476854,Hampus Lindholm,D,ANA,-53,-1,block_non_hd
8476854,Hampus Lindholm,D,ANA,-64,16,block_non_hd
8476854,Hampus Lindholm,D,ANA,73,-21,block_non_hd
8476854,Hampus Lindholm,D,ANA,-69,15,block_non_hd
8476854,Hampus Lindholm,D,ANA,-49,3,block_non_hd
8476854,Hampus Lindholm,D,ANA,-73,25,block_non_hd
8476854,Hampus Lindholm,D,ANA,80,-19,block_non_hd
8476854,Hampus Lindholm,D,ANA,-94,-8,hit_taken
8476854,Hampus Lindholm,D,ANA,-91,39,hit_taken
8476854,Hampus Lindholm,D,ANA,15,39,hit_taken
8476854,Hampus Lindholm,D,ANA,94,-34,hit_taken
8476854,Hampus Lindholm,D,ANA,-88,39,hit_taken
8476854,Hampus Lindholm,D,ANA,99,-7,hit_taken
8476854,Hampus Lindholm,D,ANA,98,24,hit_taken
8476854,Hampus Lindholm,D,ANA,26,-39,hit_taken
8476854,Hampus Lindholm,D,ANA,-98,-10,hit_taken
8476854,Hampus Lindholm,D,ANA,97,18,hit_taken
8476854,Hampus Lindholm,D,ANA,95,14,hit_taken
8476854,Hampus Lindholm,D,ANA,-95,26,hit_taken
8476854,Hampus Lindholm,D,ANA,-93,17,hit_taken
8476854,Hampus Lindholm,D,ANA,92,-10,hit_taken
8476854,Hampus Lindholm,D,ANA,-95,20,hit_taken
8476854,Hampus Lindholm,D,ANA,89,38,hit_taken
8476854,Hampus Lindholm,D,ANA,95,0,hit_taken
8476854,Hampus Lindholm,D,ANA,-96,29,hit_taken
8476854,Hampus Lindholm,D,ANA,94,-18,hit_taken
8476854,Hampus Lindholm,D,ANA,-74,40,hit_taken
8476854,Hampus Lindholm,D,ANA,84,41,hit_taken
8476854,Hampus Lindholm,D,ANA,94,-25,hit_taken
8476854,Hampus Lindholm,D,ANA,-38,-33,hit_taken
8476854,Hampus Lindholm,D,ANA,-96,-5,hit_taken
8476854,Hampus Lindholm,D,ANA,98,23,hit_taken
8476854,Hampus Lindholm,D,ANA,-97,0,hit_taken
8476854,Hampus Lindholm,D,ANA,-34,-39,hit_taken
8476854,Hampus Lindholm,D,ANA,68,-38,hit_taken
8476854,Hampus Lindholm,D,ANA,-30,-40,hit_taken
8476854,Hampus Lindholm,D,ANA,95,-35,hit_taken
8476854,Hampus Lindholm,D,ANA,-37,-39,hit_taken
8476854,Hampus Lindholm,D,ANA,-96,1,hit_taken
8476854,Hampus Lindholm,D,ANA,94,-32,hit_taken
8476854,Hampus Lindholm,D,ANA,-84,38,hit_taken
8476854,Hampus Lindholm,D,ANA,46,38,hit_taken
8476854,Hampus Lindholm,D,ANA,82,30,hit_taken
8476854,Hampus Lindholm,D,ANA,39,37,hit_taken
8476854,Hampus Lindholm,D,ANA,-62,-39,hit_taken
8476854,Hampus Lindholm,D,ANA,-96,6,hit_thrown
8476854,Hampus Lindholm,D,ANA,-13,-30,hit_thrown
8476854,Hampus Lindholm,D,ANA,79,-41,hit_thrown
8476854,Hampus Lindholm,D,ANA,-94,-36,hit_thrown
8476854,Hampus Lindholm,D,ANA,49,29,hit_thrown
8476854,Hampus Lindholm,D,ANA,84,39,hit_thrown
8476854,Hampus Lindholm,D,ANA,41,-40,hit_thrown
8476854,Hampus Lindholm,D,ANA,-97,1,hit_thrown
8476854,Hampus Lindholm,D,ANA,92,23,hit_thrown
8476854,Hampus Lindholm,D,ANA,-94,-8,hit_thrown
8476854,Hampus Lindholm,D,ANA,-5,-28,hit_thrown
8476854,Hampus Lindholm,D,ANA,89,-36,hit_thrown
8476854,Hampus Lindholm,D,ANA,97,1,hit_thrown
8476854,Hampus Lindholm,D,ANA,88,35,hit_thrown
8476854,Hampus Lindholm,D,ANA,41,41,hit_thrown
8476854,Hampus Lindholm,D,ANA,-14,31,hit_thrown
8476854,Hampus Lindholm,D,ANA,-4,38,hit_thrown
8476854,Hampus Lindholm,D,ANA,-98,-7,hit_thrown
8476854,Hampus Lindholm,D,ANA,57,-40,hit_thrown
8476854,Hampus Lindholm,D,ANA,-54,25,hit_thrown
8476854,Hampus Lindholm,D,ANA,-96,-20,hit_thrown
8476854,Hampus Lindholm,D,ANA,-47,-38,hit_thrown
8476854,Hampus Lindholm,D,ANA,34,31,hit_thrown
8476854,Hampus Lindholm,D,ANA,84,38,hit_thrown
8476854,Hampus Lindholm,D,ANA,-32,-2,hit_thrown
8476854,Hampus Lindholm,D,ANA,98,9,hit_thrown
8476854,Hampus Lindholm,D,ANA,91,24,takeaway_other
8476854,Hampus Lindholm,D,ANA,96,-20,takeaway_other
8476854,Hampus Lindholm,D,ANA,42,16,takeaway_other
8476854,Hampus Lindholm,D,ANA,-92,23,takeaway_other
8476854,Hampus Lindholm,D,ANA,-15,1,takeaway_other
8476854,Hampus Lindholm,D,ANA,91,-32,takeaway_other
8476856,Mathew Dumba,D,MIN,-60,-30,block_non_hd
8476856,Mathew Dumba,D,MIN,-63,-18,block_non_hd
8476856,Mathew Dumba,D,MIN,-53,-6,block_non_hd
8476856,Mathew Dumba,D,MIN,56,16,block_non_hd
8476856,Mathew Dumba,D,MIN,81,40,hit_taken
8476856,Mathew Dumba,D,MIN,98,-13,hit_taken
8476856,Mathew Dumba,D,MIN,39,-41,hit_taken
8476856,Mathew Dumba,D,MIN,-94,36,hit_taken
8476856,Mathew Dumba,D,MIN,85,38,hit_taken
8476856,Mathew Dumba,D,MIN,-5,39,hit_taken
8476856,Mathew Dumba,D,MIN,99,-20,hit_taken
8476856,Mathew Dumba,D,MIN,70,40,hit_taken
8476856,Mathew Dumba,D,MIN,97,-16,hit_taken
8476856,Mathew Dumba,D,MIN,-97,9,hit_taken
8476856,Mathew Dumba,D,MIN,-20,-39,hit_taken
8476856,Mathew Dumba,D,MIN,97,-27,hit_thrown
8476856,Mathew Dumba,D,MIN,82,39,hit_thrown
8476856,Mathew Dumba,D,MIN,-85,-38,hit_thrown
8476856,Mathew Dumba,D,MIN,96,-30,hit_thrown
8476856,Mathew Dumba,D,MIN,21,36,hit_thrown
8476856,Mathew Dumba,D,MIN,-17,-39,hit_thrown
8476856,Mathew Dumba,D,MIN,67,39,hit_thrown
8476856,Mathew Dumba,D,MIN,54,36,hit_thrown
8476856,Mathew Dumba,D,MIN,-14,15,hit_thrown
8476856,Mathew Dumba,D,MIN,99,28,hit_thrown
8476856,Mathew Dumba,D,MIN,16,40,hit_thrown
8476856,Mathew Dumba,D,MIN,73,41,hit_thrown
8476856,Mathew Dumba,D,MIN,71,-41,hit_thrown
8476856,Mathew Dumba,D,MIN,-97,17,hit_thrown
8476856,Mathew Dumba,D,MIN,-31,40,hit_thrown
8476856,Mathew Dumba,D,MIN,77,41,hit_thrown
8476856,Mathew Dumba,D,MIN,-96,-12,hit_thrown
8476856,Mathew Dumba,D,MIN,-47,37,hit_thrown
8476856,Mathew Dumba,D,MIN,-57,-37,hit_thrown
8476856,Mathew Dumba,D,MIN,-40,-8,takeaway_other
8476856,Mathew Dumba,D,MIN,-67,33,takeaway_other
8476857,Pontus Aberg,L,NSH,-80,16,block_hd
8476857,Pontus Aberg,L,NSH,-44,-21,block_non_hd
8476857,Pontus Aberg,L,NSH,56,-18,block_non_hd
8476857,Pontus Aberg,L,NSH,59,-13,block_non_hd
8476857,Pontus Aberg,L,NSH,-78,3,crease_goal
8476857,Pontus Aberg,L,NSH,-48,-40,hit_taken
8476857,Pontus Aberg,L,NSH,90,36,hit_taken
8476857,Pontus Aberg,L,NSH,34,-34,hit_taken
8476857,Pontus Aberg,L,NSH,38,38,hit_taken
8476857,Pontus Aberg,L,NSH,-51,-42,hit_taken
8476857,Pontus Aberg,L,NSH,-31,-40,hit_taken
8476857,Pontus Aberg,L,NSH,96,37,hit_taken
8476857,Pontus Aberg,L,NSH,-92,35,hit_taken
8476857,Pontus Aberg,L,NSH,55,-20,hit_taken
8476857,Pontus Aberg,L,NSH,96,-23,hit_taken
8476857,Pontus Aberg,L,NSH,4,-40,hit_taken
8476857,Pontus Aberg,L,NSH,-69,-41,hit_taken
8476857,Pontus Aberg,L,NSH,36,-20,hit_taken
8476857,Pontus Aberg,L,NSH,37,40,hit_taken
8476857,Pontus Aberg,L,NSH,18,24,hit_taken
8476857,Pontus Aberg,L,NSH,34,-33,hit_taken
8476857,Pontus Aberg,L,NSH,94,27,hit_taken
8476857,Pontus Aberg,L,NSH,-41,2,hit_taken
8476857,Pontus Aberg,L,NSH,90,36,hit_taken
8476857,Pontus Aberg,L,NSH,57,40,hit_thrown
8476857,Pontus Aberg,L,NSH,-52,-37,hit_thrown
8476857,Pontus Aberg,L,NSH,34,-36,hit_thrown
8476857,Pontus Aberg,L,NSH,76,36,hit_thrown
8476857,Pontus Aberg,L,NSH,-40,38,hit_thrown
8476857,Pontus Aberg,L,NSH,-73,40,hit_thrown
8476857,Pontus Aberg,L,NSH,-91,33,hit_thrown
8476857,Pontus Aberg,L,NSH,-88,39,hit_thrown
8476857,Pontus Aberg,L,NSH,-81,40,hit_thrown
8476857,Pontus Aberg,L,NSH,-98,12,hit_thrown
8476857,Pontus Aberg,L,NSH,-97,21,hit_thrown
8476857,Pontus Aberg,L,NSH,-94,35,hit_thrown
8476857,Pontus Aberg,L,NSH,-97,3,hit_thrown
8476857,Pontus Aberg,L,NSH,-17,-24,takeaway_other
8476857,Pontus Aberg,L,NSH,47,-33,takeaway_other
8476857,Pontus Aberg,L,NSH,-46,41,takeaway_other
8476857,Pontus Aberg,L,NSH,-10,37,takeaway_other
8476857,Pontus Aberg,L,NSH,-50,17,takeaway_other
8476857,Pontus Aberg,L,NSH,-53,4,takeaway_other
8476857,Pontus Aberg,L,NSH,17,31,takeaway_other
8476857,Pontus Aberg,L,NSH,9,37,takeaway_other
8476857,Pontus Aberg,L,NSH,-38,-36,takeaway_other
8476857,Pontus Aberg,L,NSH,-41,-29,takeaway_other
8476866,Nicolas Kerdiles,L,ANA,69,-37,hit_taken
8476866,Nicolas Kerdiles,L,ANA,16,-38,hit_taken
8476866,Nicolas Kerdiles,L,ANA,97,19,hit_thrown
8476866,Nicolas Kerdiles,L,ANA,82,-38,hit_thrown
8476866,Nicolas Kerdiles,L,ANA,-65,-37,hit_thrown
8476866,Nicolas Kerdiles,L,ANA,-7,39,hit_thrown
8476866,Nicolas Kerdiles,L,ANA,-12,28,hit_thrown
8476866,Nicolas Kerdiles,L,ANA,-95,30,hit_thrown
8476866,Nicolas Kerdiles,L,ANA,39,-35,hit_thrown
8476866,Nicolas Kerdiles,L,ANA,-71,-39,hit_thrown
8476869,Brady Skjei,D,NYR,71,2,block_hd
8476869,Brady Skjei,D,NYR,74,-4,block_hd
8476869,Brady Skjei,D,NYR,81,-10,block_hd
8476869,Brady Skjei,D,NYR,-78,16,block_hd
8476869,Brady Skjei,D,NYR,88,-11,block_hd
8476869,Brady Skjei,D,NYR,-61,-12,block_non_hd
8476869,Brady Skjei,D,NYR,-45,-9,block_non_hd
8476869,Brady Skjei,D,NYR,72,-26,block_non_hd
8476869,Brady Skjei,D,NYR,-64,-8,block_non_hd
8476869,Brady Skjei,D,NYR,66,-25,block_non_hd
8476869,Brady Skjei,D,NYR,-76,27,block_non_hd
8476869,Brady Skjei,D,NYR,61,-18,block_non_hd
8476869,Brady Skjei,D,NYR,71,-32,block_non_hd
8476869,Brady Skjei,D,NYR,-79,-3,crease_goal
8476869,Brady Skjei,D,NYR,-84,-40,hit_taken
8476869,Brady Skjei,D,NYR,94,35,hit_taken
8476869,Brady Skjei,D,NYR,-55,-40,hit_taken
8476869,Brady Skjei,D,NYR,-96,3,hit_taken
8476869,Brady Skjei,D,NYR,-92,-34,hit_taken
8476869,Brady Skjei,D,NYR,-94,-10,hit_taken
8476869,Brady Skjei,D,NYR,1,-39,hit_taken
8476869,Brady Skjei,D,NYR,97,-14,hit_taken
8476869,Brady Skjei,D,NYR,54,-39,hit_taken
8476869,Brady Skjei,D,NYR,97,-20,hit_taken
8476869,Brady Skjei,D,NYR,13,40,hit_taken
8476869,Brady Skjei,D,NYR,97,-11,hit_taken
8476869,Brady Skjei,D,NYR,-97,13,hit_taken
8476869,Brady Skjei,D,NYR,61,40,hit_taken
8476869,Brady Skjei,D,NYR,96,25,hit_taken
8476869,Brady Skjei,D,NYR,87,38,hit_taken
8476869,Brady Skjei,D,NYR,-98,-20,hit_taken
8476869,Brady Skjei,D,NYR,-23,38,hit_taken
8476869,Brady Skjei,D,NYR,25,-36,hit_taken
8476869,Brady Skjei,D,NYR,91,35,hit_taken
8476869,Brady Skjei,D,NYR,48,-40,hit_taken
8476869,Brady Skjei,D,NYR,-97,3,hit_taken
8476869,Brady Skjei,D,NYR,-94,-31,hit_taken
8476869,Brady Skjei,D,NYR,-94,35,hit_taken
8476869,Brady Skjei,D,NYR,97,18,hit_taken
8476869,Brady Skjei,D,NYR,97,-11,hit_taken
8476869,Brady Skjei,D,NYR,-94,31,hit_taken
8476869,Brady Skjei,D,NYR,-95,8,hit_taken
8476869,Brady Skjei,D,NYR,-95,-8,hit_taken
8476869,Brady Skjei,D,NYR,-96,21,hit_taken
8476869,Brady Skjei,D,NYR,-84,37,hit_taken
8476869,Brady Skjei,D,NYR,-88,39,hit_thrown
8476869,Brady Skjei,D,NYR,4,41,hit_thrown
8476869,Brady Skjei,D,NYR,-41,-36,hit_thrown
8476869,Brady Skjei,D,NYR,-55,39,hit_thrown
8476869,Brady Skjei,D,NYR,-16,30,hit_thrown
8476869,Brady Skjei,D,NYR,-12,40,hit_thrown
8476869,Brady Skjei,D,NYR,-65,41,hit_thrown
8476869,Brady Skjei,D,NYR,-30,-32,hit_thrown
8476869,Brady Skjei,D,NYR,-61,20,hit_thrown
8476869,Brady Skjei,D,NYR,-72,-39,hit_thrown
8476869,Brady Skjei,D,NYR,98,-30,hit_thrown
8476869,Brady Skjei,D,NYR,71,-39,hit_thrown
8476869,Brady Skjei,D,NYR,11,-38,hit_thrown
8476869,Brady Skjei,D,NYR,66,-38,hit_thrown
8476869,Brady Skjei,D,NYR,96,-23,hit_thrown
8476869,Brady Skjei,D,NYR,-14,-40,hit_thrown
8476869,Brady Skjei,D,NYR,-52,38,hit_thrown
8476869,Brady Skjei,D,NYR,22,-40,hit_thrown
8476869,Brady Skjei,D,NYR,90,38,hit_thrown
8476869,Brady Skjei,D,NYR,97,-14,hit_thrown
8476869,Brady Skjei,D,NYR,83,-39,hit_thrown
8476869,Brady Skjei,D,NYR,97,10,hit_thrown
8476869,Brady Skjei,D,NYR,-98,0,hit_thrown
8476869,Brady Skjei,D,NYR,11,-39,hit_thrown
8476869,Brady Skjei,D,NYR,-20,35,hit_thrown
8476869,Brady Skjei,D,NYR,96,-8,hit_thrown
8476869,Brady Skjei,D,NYR,81,-38,hit_thrown
8476869,Brady Skjei,D,NYR,28,-34,hit_thrown
8476869,Brady Skjei,D,NYR,-96,-25,hit_thrown
8476869,Brady Skjei,D,NYR,97,-35,hit_thrown
8476869,Brady Skjei,D,NYR,-95,-17,hit_thrown
8476869,Brady Skjei,D,NYR,-94,5,hit_thrown
8476869,Brady Skjei,D,NYR,-96,2,takeaway_hd
8476869,Brady Skjei,D,NYR,-73,11,takeaway_hd
8476869,Brady Skjei,D,NYR,-8,-7,takeaway_other
8476869,Brady Skjei,D,NYR,-11,3,takeaway_other
8476869,Brady Skjei,D,NYR,65,13,takeaway_other
8476869,Brady Skjei,D,NYR,23,-9,takeaway_other
8476869,Brady Skjei,D,NYR,35,-22,takeaway_other
8476874,Olli Määttä,D,PIT,72,0,block_hd
8476874,Olli Määttä,D,PIT,76,8,block_hd
8476874,Olli Määttä,D,PIT,-71,-7,block_hd
8476874,Olli Määttä,D,PIT,75,-4,block_hd
8476874,Olli Määttä,D,PIT,80,8,block_hd
8476874,Olli Määttä,D,PIT,-76,0,block_hd
8476874,Olli Määttä,D,PIT,76,-1,block_hd
8476874,Olli Määttä,D,PIT,-78,2,block_hd
8476874,Olli Määttä,D,PIT,-70,5,block_hd
8476874,Olli Määttä,D,PIT,74,9,block_hd
8476874,Olli Määttä,D,PIT,-79,18,block_hd
8476874,Olli Määttä,D,PIT,-85,-12,block_hd
8476874,Olli Määttä,D,PIT,-70,5,block_hd
8476874,Olli Määttä,D,PIT,81,-13,block_hd
8476874,Olli Määttä,D,PIT,70,1,block_hd
8476874,Olli Määttä,D,PIT,75,6,block_hd
8476874,Olli Määttä,D,PIT,81,-9,block_hd
8476874,Olli Määttä,D,PIT,-75,-8,block_hd
8476874,Olli Määttä,D,PIT,85,12,block_hd
8476874,Olli Määttä,D,PIT,76,-2,block_hd
8476874,Olli Määttä,D,PIT,-76,-13,block_hd
8476874,Olli Määttä,D,PIT,77,-10,block_hd
8476874,Olli Määttä,D,PIT,85,11,block_hd
8476874,Olli Määttä,D,PIT,74,16,block_hd
8476874,Olli Määttä,D,PIT,-77,5,block_hd
8476874,Olli Määttä,D,PIT,-72,-8,block_hd
8476874,Olli Määttä,D,PIT,74,-15,block_hd
8476874,Olli Määttä,D,PIT,63,10,block_non_hd
8476874,Olli Määttä,D,PIT,-66,14,block_non_hd
8476874,Olli Määttä,D,PIT,-65,-15,block_non_hd
8476874,Olli Määttä,D,PIT,58,-3,block_non_hd
8476874,Olli Määttä,D,PIT,66,4,block_non_hd
8476874,Olli Määttä,D,PIT,60,-10,block_non_hd
8476874,Olli Määttä,D,PIT,-55,-9,block_non_hd
8476874,Olli Määttä,D,PIT,65,7,block_non_hd
8476874,Olli Määttä,D,PIT,-64,16,block_non_hd
8476874,Olli Määttä,D,PIT,60,-12,block_non_hd
8476874,Olli Määttä,D,PIT,69,-6,block_non_hd
8476874,Olli Määttä,D,PIT,-67,14,block_non_hd
8476874,Olli Määttä,D,PIT,-68,6,block_non_hd
8476874,Olli Määttä,D,PIT,-75,28,block_non_hd
8476874,Olli Määttä,D,PIT,69,-28,block_non_hd
8476874,Olli Määttä,D,PIT,76,25,block_non_hd
8476874,Olli Määttä,D,PIT,85,33,block_non_hd
8476874,Olli Määttä,D,PIT,-96,28,hit_taken
8476874,Olli Määttä,D,PIT,-91,-40,hit_taken
8476874,Olli Määttä,D,PIT,97,5,hit_taken
8476874,Olli Määttä,D,PIT,-92,36,hit_taken
8476874,Olli Määttä,D,PIT,-96,31,hit_taken
8476874,Olli Määttä,D,PIT,-61,39,hit_taken
8476874,Olli Määttä,D,PIT,-94,34,hit_taken
8476874,Olli Määttä,D,PIT,-97,7,hit_taken
8476874,Olli Määttä,D,PIT,97,18,hit_taken
8476874,Olli Määttä,D,PIT,-64,-39,hit_taken
8476874,Olli Määttä,D,PIT,-9,3,hit_taken
8476874,Olli Määttä,D,PIT,97,1,hit_taken
8476874,Olli Määttä,D,PIT,94,-33,hit_taken
8476874,Olli Määttä,D,PIT,-91,38,hit_taken
8476874,Olli Määttä,D,PIT,-96,-31,hit_taken
8476874,Olli Määttä,D,PIT,88,-40,hit_taken
8476874,Olli Määttä,D,PIT,-93,-36,hit_taken
8476874,Olli Määttä,D,PIT,-94,-35,hit_taken
8476874,Olli Määttä,D,PIT,-85,36,hit_taken
8476874,Olli Määttä,D,PIT,-95,35,hit_taken
8476874,Olli Määttä,D,PIT,96,2,hit_taken
8476874,Olli Määttä,D,PIT,-93,-38,hit_taken
8476874,Olli Määttä,D,PIT,-95,-27,hit_taken
8476874,Olli Määttä,D,PIT,-94,27,hit_taken
8476874,Olli Määttä,D,PIT,-94,-4,hit_taken
8476874,Olli Määttä,D,PIT,-93,-19,hit_taken
8476874,Olli Määttä,D,PIT,-95,21,hit_taken
8476874,Olli Määttä,D,PIT,-92,31,hit_taken
8476874,Olli Määttä,D,PIT,-19,-40,hit_taken
8476874,Olli Määttä,D,PIT,-93,37,hit_taken
8476874,Olli Määttä,D,PIT,39,40,hit_taken
8476874,Olli Määttä,D,PIT,-68,39,hit_taken
8476874,Olli Määttä,D,PIT,79,-41,hit_taken
8476874,Olli Määttä,D,PIT,-9,-40,hit_taken
8476874,Olli Määttä,D,PIT,-96,22,hit_taken
8476874,Olli Määttä,D,PIT,-96,-20,hit_taken
8476874,Olli Määttä,D,PIT,-93,35,hit_taken
8476874,Olli Määttä,D,PIT,-98,-25,hit_taken
8476874,Olli Määttä,D,PIT,-96,34,hit_taken
8476874,Olli Määttä,D,PIT,-87,-39,hit_taken
8476874,Olli Määttä,D,PIT,97,0,hit_taken
8476874,Olli Määttä,D,PIT,98,-23,hit_taken
8476874,Olli Määttä,D,PIT,88,-40,hit_taken
8476874,Olli Määttä,D,PIT,-96,-8,hit_taken
8476874,Olli Määttä,D,PIT,66,40,hit_taken
8476874,Olli Määttä,D,PIT,96,-27,hit_taken
8476874,Olli Määttä,D,PIT,-92,28,hit_taken
8476874,Olli Määttä,D,PIT,-84,40,hit_taken
8476874,Olli Määttä,D,PIT,-97,-2,hit_taken
8476874,Olli Määttä,D,PIT,-93,36,hit_taken
8476874,Olli Määttä,D,PIT,-77,35,hit_taken
8476874,Olli Määttä,D,PIT,96,20,hit_taken
8476874,Olli Määttä,D,PIT,53,-38,hit_taken
8476874,Olli Määttä,D,PIT,-97,28,hit_taken
8476874,Olli Määttä,D,PIT,99,-1,hit_taken
8476874,Olli Määttä,D,PIT,-93,35,hit_taken
8476874,Olli Määttä,D,PIT,-50,-36,hit_taken
8476874,Olli Määttä,D,PIT,94,-12,hit_taken
8476874,Olli Määttä,D,PIT,-34,40,hit_taken
8476874,Olli Määttä,D,PIT,-79,39,hit_taken
8476874,Olli Määttä,D,PIT,-96,31,hit_taken
8476874,Olli Määttä,D,PIT,-69,-41,hit_taken
8476874,Olli Määttä,D,PIT,97,-1,hit_taken
8476874,Olli Määttä,D,PIT,80,-39,hit_taken
8476874,Olli Määttä,D,PIT,76,40,hit_taken
8476874,Olli Määttä,D,PIT,99,-5,hit_taken
8476874,Olli Määttä,D,PIT,99,-30,hit_taken
8476874,Olli Määttä,D,PIT,-73,-33,hit_taken
8476874,Olli Määttä,D,PIT,-96,-2,hit_taken
8476874,Olli Määttä,D,PIT,58,-41,hit_taken
8476874,Olli Määttä,D,PIT,52,39,hit_taken
8476874,Olli Määttä,D,PIT,-40,-13,hit_taken
8476874,Olli Määttä,D,PIT,-37,40,hit_taken
8476874,Olli Määttä,D,PIT,-98,-7,hit_taken
8476874,Olli Määttä,D,PIT,71,40,hit_taken
8476874,Olli Määttä,D,PIT,-97,21,hit_taken
8476874,Olli Määttä,D,PIT,8,-40,hit_taken
8476874,Olli Määttä,D,PIT,98,-12,hit_taken
8476874,Olli Määttä,D,PIT,6,39,hit_taken
8476874,Olli Määttä,D,PIT,46,-36,hit_taken
8476874,Olli Määttä,D,PIT,32,-36,hit_taken
8476874,Olli Määttä,D,PIT,-66,38,hit_taken
8476874,Olli Määttä,D,PIT,-35,38,hit_taken
8476874,Olli Määttä,D,PIT,36,-38,hit_taken
8476874,Olli Määttä,D,PIT,-91,35,hit_taken
8476874,Olli Määttä,D,PIT,-97,-3,hit_taken
8476874,Olli Määttä,D,PIT,98,31,hit_taken
8476874,Olli Määttä,D,PIT,0,-38,hit_taken
8476874,Olli Määttä,D,PIT,84,41,hit_taken
8476874,Olli Määttä,D,PIT,-97,31,hit_thrown
8476874,Olli Määttä,D,PIT,-91,35,hit_thrown
8476874,Olli Määttä,D,PIT,-60,37,hit_thrown
8476874,Olli Määttä,D,PIT,-72,38,hit_thrown
8476874,Olli Määttä,D,PIT,79,-36,hit_thrown
8476874,Olli Määttä,D,PIT,-89,38,hit_thrown
8476874,Olli Määttä,D,PIT,-97,28,hit_thrown
8476874,Olli Määttä,D,PIT,-94,-35,hit_thrown
8476874,Olli Määttä,D,PIT,-46,-40,hit_thrown
8476874,Olli Määttä,D,PIT,-72,39,hit_thrown
8476874,Olli Määttä,D,PIT,-73,41,hit_thrown
8476874,Olli Määttä,D,PIT,85,-40,hit_thrown
8476874,Olli Määttä,D,PIT,2,-40,hit_thrown
8476874,Olli Määttä,D,PIT,-88,38,hit_thrown
8476874,Olli Määttä,D,PIT,-45,3,hit_thrown
8476874,Olli Määttä,D,PIT,-15,-36,hit_thrown
8476874,Olli Määttä,D,PIT,-58,-41,hit_thrown
8476874,Olli Määttä,D,PIT,-93,-37,hit_thrown
8476874,Olli Määttä,D,PIT,37,39,hit_thrown
8476874,Olli Määttä,D,PIT,44,-40,hit_thrown
8476874,Olli Määttä,D,PIT,86,-41,hit_thrown
8476874,Olli Määttä,D,PIT,-28,-33,hit_thrown
8476874,Olli Määttä,D,PIT,61,-40,hit_thrown
8476874,Olli Määttä,D,PIT,-97,-27,hit_thrown
8476874,Olli Määttä,D,PIT,39,-21,hit_thrown
8476874,Olli Määttä,D,PIT,97,18,hit_thrown
8476874,Olli Määttä,D,PIT,-97,24,hit_thrown
8476874,Olli Määttä,D,PIT,-9,-40,hit_thrown
8476874,Olli Määttä,D,PIT,-96,23,hit_thrown
8476874,Olli Määttä,D,PIT,-86,40,hit_thrown
8476874,Olli Määttä,D,PIT,-98,24,hit_thrown
8476874,Olli Määttä,D,PIT,24,-40,hit_thrown
8476874,Olli Määttä,D,PIT,-49,39,hit_thrown
8476874,Olli Määttä,D,PIT,94,31,hit_thrown
8476874,Olli Määttä,D,PIT,66,-37,hit_thrown
8476874,Olli Määttä,D,PIT,-96,8,hit_thrown
8476874,Olli Määttä,D,PIT,99,-10,hit_thrown
8476874,Olli Määttä,D,PIT,97,-16,hit_thrown
8476874,Olli Määttä,D,PIT,-71,3,takeaway_hd
8476874,Olli Määttä,D,PIT,-82,-4,takeaway_hd
8476874,Olli Määttä,D,PIT,-72,-4,takeaway_hd
8476877,Jordan Schmaltz,D,STL,-46,-10,block_non_hd
8476877,Jordan Schmaltz,D,STL,-78,-40,hit_taken
8476879,Cody Ceci,D,OTT,-78,1,block_hd
8476879,Cody Ceci,D,OTT,-76,-8,block_hd
8476879,Cody Ceci,D,OTT,76,1,block_hd
8476879,Cody Ceci,D,OTT,84,5,block_hd
8476879,Cody Ceci,D,OTT,-79,3,block_hd
8476879,Cody Ceci,D,OTT,84,-14,block_hd
8476879,Cody Ceci,D,OTT,78,-7,block_hd
8476879,Cody Ceci,D,OTT,73,11,block_hd
8476879,Cody Ceci,D,OTT,-72,11,block_hd
8476879,Cody Ceci,D,OTT,-74,-13,block_hd
8476879,Cody Ceci,D,OTT,-70,3,block_hd
8476879,Cody Ceci,D,OTT,77,5,block_hd
8476879,Cody Ceci,D,OTT,79,0,block_hd
8476879,Cody Ceci,D,OTT,71,2,block_hd
8476879,Cody Ceci,D,OTT,76,7,block_hd
8476879,Cody Ceci,D,OTT,-79,-4,block_hd
8476879,Cody Ceci,D,OTT,-78,0,block_hd
8476879,Cody Ceci,D,OTT,-78,-7,block_hd
8476879,Cody Ceci,D,OTT,-70,0,block_hd
8476879,Cody Ceci,D,OTT,-81,-6,block_hd
8476879,Cody Ceci,D,OTT,71,-3,block_hd
8476879,Cody Ceci,D,OTT,-74,3,block_hd
8476879,Cody Ceci,D,OTT,-78,5,block_hd
8476879,Cody Ceci,D,OTT,-81,-7,block_hd
8476879,Cody Ceci,D,OTT,78,-1,block_hd
8476879,Cody Ceci,D,OTT,80,-1,block_hd
8476879,Cody Ceci,D,OTT,-79,15,block_hd
8476879,Cody Ceci,D,OTT,-70,-18,block_hd
8476879,Cody Ceci,D,OTT,-82,6,block_hd
8476879,Cody Ceci,D,OTT,79,-1,block_hd
8476879,Cody Ceci,D,OTT,-58,-3,block_non_hd
8476879,Cody Ceci,D,OTT,49,16,block_non_hd
8476879,Cody Ceci,D,OTT,69,8,block_non_hd
8476879,Cody Ceci,D,OTT,63,9,block_non_hd
8476879,Cody Ceci,D,OTT,-66,1,block_non_hd
8476879,Cody Ceci,D,OTT,61,-17,block_non_hd
8476879,Cody Ceci,D,OTT,56,5,block_non_hd
8476879,Cody Ceci,D,OTT,-44,-10,block_non_hd
8476879,Cody Ceci,D,OTT,61,-3,block_non_hd
8476879,Cody Ceci,D,OTT,-55,-19,block_non_hd
8476879,Cody Ceci,D,OTT,-70,19,block_non_hd
8476879,Cody Ceci,D,OTT,-76,20,block_non_hd
8476879,Cody Ceci,D,OTT,-52,0,block_non_hd
8476879,Cody Ceci,D,OTT,67,25,block_non_hd
8476879,Cody Ceci,D,OTT,62,1,block_non_hd
8476879,Cody Ceci,D,OTT,65,3,block_non_hd
8476879,Cody Ceci,D,OTT,-64,-22,block_non_hd
8476879,Cody Ceci,D,OTT,-77,20,block_non_hd
8476879,Cody Ceci,D,OTT,-66,-4,block_non_hd
8476879,Cody Ceci,D,OTT,16,-38,hit_taken
8476879,Cody Ceci,D,OTT,-97,-6,hit_taken
8476879,Cody Ceci,D,OTT,-1,-36,hit_taken
8476879,Cody Ceci,D,OTT,-61,40,hit_taken
8476879,Cody Ceci,D,OTT,98,11,hit_taken
8476879,Cody Ceci,D,OTT,-21,-40,hit_taken
8476879,Cody Ceci,D,OTT,-96,19,hit_taken
8476879,Cody Ceci,D,OTT,-96,7,hit_taken
8476879,Cody Ceci,D,OTT,94,-20,hit_taken
8476879,Cody Ceci,D,OTT,-88,-34,hit_taken
8476879,Cody Ceci,D,OTT,93,21,hit_taken
8476879,Cody Ceci,D,OTT,94,24,hit_taken
8476879,Cody Ceci,D,OTT,91,31,hit_taken
8476879,Cody Ceci,D,OTT,53,-37,hit_taken
8476879,Cody Ceci,D,OTT,43,-36,hit_taken
8476879,Cody Ceci,D,OTT,-91,-31,hit_taken
8476879,Cody Ceci,D,OTT,40,36,hit_taken
8476879,Cody Ceci,D,OTT,-35,40,hit_taken
8476879,Cody Ceci,D,OTT,40,37,hit_taken
8476879,Cody Ceci,D,OTT,-64,37,hit_taken
8476879,Cody Ceci,D,OTT,-78,-34,hit_taken
8476879,Cody Ceci,D,OTT,-95,9,hit_taken
8476879,Cody Ceci,D,OTT,-71,38,hit_taken
8476879,Cody Ceci,D,OTT,-69,-36,hit_taken
8476879,Cody Ceci,D,OTT,97,25,hit_taken
8476879,Cody Ceci,D,OTT,35,-36,hit_taken
8476879,Cody Ceci,D,OTT,-20,35,hit_taken
8476879,Cody Ceci,D,OTT,-95,16,hit_taken
8476879,Cody Ceci,D,OTT,80,-36,hit_taken
8476879,Cody Ceci,D,OTT,-93,-33,hit_taken
8476879,Cody Ceci,D,OTT,20,39,hit_taken
8476879,Cody Ceci,D,OTT,-88,-39,hit_taken
8476879,Cody Ceci,D,OTT,-91,-38,hit_taken
8476879,Cody Ceci,D,OTT,36,-39,hit_taken
8476879,Cody Ceci,D,OTT,-98,-22,hit_taken
8476879,Cody Ceci,D,OTT,28,40,hit_taken
8476879,Cody Ceci,D,OTT,-84,40,hit_taken
8476879,Cody Ceci,D,OTT,96,31,hit_taken
8476879,Cody Ceci,D,OTT,87,41,hit_taken
8476879,Cody Ceci,D,OTT,10,-40,hit_taken
8476879,Cody Ceci,D,OTT,44,-40,hit_taken
8476879,Cody Ceci,D,OTT,43,-39,hit_taken
8476879,Cody Ceci,D,OTT,-98,-24,hit_taken
8476879,Cody Ceci,D,OTT,33,38,hit_taken
8476879,Cody Ceci,D,OTT,-6,-39,hit_taken
8476879,Cody Ceci,D,OTT,-74,-38,hit_taken
8476879,Cody Ceci,D,OTT,-91,-31,hit_taken
8476879,Cody Ceci,D,OTT,-32,-38,hit_taken
8476879,Cody Ceci,D,OTT,-59,37,hit_taken
8476879,Cody Ceci,D,OTT,96,18,hit_thrown
8476879,Cody Ceci,D,OTT,74,-41,hit_thrown
8476879,Cody Ceci,D,OTT,-74,-37,hit_thrown
8476879,Cody Ceci,D,OTT,78,-33,hit_thrown
8476879,Cody Ceci,D,OTT,50,38,hit_thrown
8476879,Cody Ceci,D,OTT,19,36,hit_thrown
8476879,Cody Ceci,D,OTT,60,40,hit_thrown
8476879,Cody Ceci,D,OTT,96,2,hit_thrown
8476879,Cody Ceci,D,OTT,-94,-11,hit_thrown
8476879,Cody Ceci,D,OTT,-94,15,hit_thrown
8476879,Cody Ceci,D,OTT,-29,30,hit_thrown
8476879,Cody Ceci,D,OTT,-59,39,hit_thrown
8476879,Cody Ceci,D,OTT,31,-40,hit_thrown
8476879,Cody Ceci,D,OTT,-80,-39,hit_thrown
8476879,Cody Ceci,D,OTT,97,28,hit_thrown
8476879,Cody Ceci,D,OTT,-32,38,hit_thrown
8476879,Cody Ceci,D,OTT,41,-38,hit_thrown
8476879,Cody Ceci,D,OTT,79,40,hit_thrown
8476879,Cody Ceci,D,OTT,99,-8,hit_thrown
8476879,Cody Ceci,D,OTT,-64,-38,hit_thrown
8476879,Cody Ceci,D,OTT,99,11,hit_thrown
8476879,Cody Ceci,D,OTT,-49,-38,hit_thrown
8476879,Cody Ceci,D,OTT,77,41,hit_thrown
8476879,Cody Ceci,D,OTT,74,40,hit_thrown
8476879,Cody Ceci,D,OTT,-73,-33,hit_thrown
8476879,Cody Ceci,D,OTT,89,-10,takeaway_hd
8476879,Cody Ceci,D,OTT,-88,16,takeaway_hd
8476879,Cody Ceci,D,OTT,-93,-12,takeaway_hd
8476879,Cody Ceci,D,OTT,-68,38,takeaway_other
8476879,Cody Ceci,D,OTT,-3,16,takeaway_other
8476879,Cody Ceci,D,OTT,-82,-31,takeaway_other
8476879,Cody Ceci,D,OTT,-93,38,takeaway_other
8476879,Cody Ceci,D,OTT,62,-18,takeaway_other
8476879,Cody Ceci,D,OTT,-71,39,takeaway_other
8476880,Tom Wilson,R,WSH,-72,-4,block_hd
8476880,Tom Wilson,R,WSH,-71,-8,block_hd
8476880,Tom Wilson,R,WSH,69,-7,block_non_hd
8476880,Tom Wilson,R,WSH,48,-14,block_non_hd
8476880,Tom Wilson,R,WSH,92,-22,hit_taken
8476880,Tom Wilson,R,WSH,-93,29,hit_taken
8476880,Tom Wilson,R,WSH,-76,-36,hit_taken
8476880,Tom Wilson,R,WSH,-96,32,hit_taken
8476880,Tom Wilson,R,WSH,99,-22,hit_taken
8476880,Tom Wilson,R,WSH,11,-28,hit_taken
8476880,Tom Wilson,R,WSH,-58,-38,hit_taken
8476880,Tom Wilson,R,WSH,35,-37,hit_taken
8476880,Tom Wilson,R,WSH,-34,-35,hit_taken
8476880,Tom Wilson,R,WSH,-95,-34,hit_taken
8476880,Tom Wilson,R,WSH,95,-26,hit_taken
8476880,Tom Wilson,R,WSH,95,-23,hit_taken
8476880,Tom Wilson,R,WSH,99,-8,hit_taken
8476880,Tom Wilson,R,WSH,-29,37,hit_taken
8476880,Tom Wilson,R,WSH,-89,-35,hit_taken
8476880,Tom Wilson,R,WSH,93,36,hit_taken
8476880,Tom Wilson,R,WSH,97,-7,hit_taken
8476880,Tom Wilson,R,WSH,92,32,hit_taken
8476880,Tom Wilson,R,WSH,-7,42,hit_taken
8476880,Tom Wilson,R,WSH,97,2,hit_taken
8476880,Tom Wilson,R,WSH,55,38,hit_taken
8476880,Tom Wilson,R,WSH,-96,31,hit_taken
8476880,Tom Wilson,R,WSH,-96,-9,hit_taken
8476880,Tom Wilson,R,WSH,85,-34,hit_taken
8476880,Tom Wilson,R,WSH,-90,35,hit_taken
8476880,Tom Wilson,R,WSH,80,-38,hit_taken
8476880,Tom Wilson,R,WSH,-1,-1,hit_taken
8476880,Tom Wilson,R,WSH,-12,41,hit_taken
8476880,Tom Wilson,R,WSH,-30,-39,hit_taken
8476880,Tom Wilson,R,WSH,5,-37,hit_taken
8476880,Tom Wilson,R,WSH,-5,41,hit_taken
8476880,Tom Wilson,R,WSH,-39,-30,hit_taken
8476880,Tom Wilson,R,WSH,-97,28,hit_taken
8476880,Tom Wilson,R,WSH,-58,-40,hit_taken
8476880,Tom Wilson,R,WSH,87,38,hit_taken
8476880,Tom Wilson,R,WSH,99,24,hit_taken
8476880,Tom Wilson,R,WSH,46,40,hit_taken
8476880,Tom Wilson,R,WSH,-96,-16,hit_taken
8476880,Tom Wilson,R,WSH,96,35,hit_taken
8476880,Tom Wilson,R,WSH,85,-40,hit_taken
8476880,Tom Wilson,R,WSH,-75,-4,hit_taken
8476880,Tom Wilson,R,WSH,-51,40,hit_taken
8476880,Tom Wilson,R,WSH,97,-7,hit_taken
8476880,Tom Wilson,R,WSH,-15,-36,hit_taken
8476880,Tom Wilson,R,WSH,62,-39,hit_taken
8476880,Tom Wilson,R,WSH,-91,-9,hit_thrown
8476880,Tom Wilson,R,WSH,-52,36,hit_thrown
8476880,Tom Wilson,R,WSH,99,-28,hit_thrown
8476880,Tom Wilson,R,WSH,52,37,hit_thrown
8476880,Tom Wilson,R,WSH,-95,9,hit_thrown
8476880,Tom Wilson,R,WSH,60,40,hit_thrown
8476880,Tom Wilson,R,WSH,94,36,hit_thrown
8476880,Tom Wilson,R,WSH,92,-29,hit_thrown
8476880,Tom Wilson,R,WSH,-48,37,hit_thrown
8476880,Tom Wilson,R,WSH,-42,-12,hit_thrown
8476880,Tom Wilson,R,WSH,9,-35,hit_thrown
8476880,Tom Wilson,R,WSH,-93,-31,hit_thrown
8476880,Tom Wilson,R,WSH,-87,38,hit_thrown
8476880,Tom Wilson,R,WSH,-48,40,hit_thrown
8476880,Tom Wilson,R,WSH,-57,40,hit_thrown
8476880,Tom Wilson,R,WSH,43,-38,hit_thrown
8476880,Tom Wilson,R,WSH,-60,39,hit_thrown
8476880,Tom Wilson,R,WSH,89,-32,hit_thrown
8476880,Tom Wilson,R,WSH,-23,-36,hit_thrown
8476880,Tom Wilson,R,WSH,20,-37,hit_thrown
8476880,Tom Wilson,R,WSH,-95,-29,hit_thrown
8476880,Tom Wilson,R,WSH,-90,37,hit_thrown
8476880,Tom Wilson,R,WSH,97,5,hit_thrown
8476880,Tom Wilson,R,WSH,-92,36,hit_thrown
8476880,Tom Wilson,R,WSH,-95,21,hit_thrown
8476880,Tom Wilson,R,WSH,-93,37,hit_thrown
8476880,Tom Wilson,R,WSH,-46,41,hit_thrown
8476880,Tom Wilson,R,WSH,64,-24,hit_thrown
8476880,Tom Wilson,R,WSH,-87,-40,hit_thrown
8476880,Tom Wilson,R,WSH,-97,13,hit_thrown
8476880,Tom Wilson,R,WSH,79,-41,hit_thrown
8476880,Tom Wilson,R,WSH,-96,22,hit_thrown
8476880,Tom Wilson,R,WSH,89,-40,hit_thrown
8476880,Tom Wilson,R,WSH,99,-6,hit_thrown
8476880,Tom Wilson,R,WSH,62,41,hit_thrown
8476880,Tom Wilson,R,WSH,96,0,hit_thrown
8476880,Tom Wilson,R,WSH,64,-41,hit_thrown
8476880,Tom Wilson,R,WSH,-97,-6,hit_thrown
8476880,Tom Wilson,R,WSH,-94,-27,hit_thrown
8476880,Tom Wilson,R,WSH,-94,17,hit_thrown
8476880,Tom Wilson,R,WSH,-95,-17,hit_thrown
8476880,Tom Wilson,R,WSH,85,-39,hit_thrown
8476880,Tom Wilson,R,WSH,98,-23,hit_thrown
8476880,Tom Wilson,R,WSH,32,30,hit_thrown
8476880,Tom Wilson,R,WSH,-97,25,hit_thrown
8476880,Tom Wilson,R,WSH,98,23,hit_thrown
8476880,Tom Wilson,R,WSH,-66,38,hit_thrown
8476880,Tom Wilson,R,WSH,80,-39,hit_thrown
8476880,Tom Wilson,R,WSH,-38,-39,hit_thrown
8476880,Tom Wilson,R,WSH,77,5,takeaway_hd
8476880,Tom Wilson,R,WSH,9,-38,takeaway_other
8476880,Tom Wilson,R,WSH,-47,18,takeaway_other
8476880,Tom Wilson,R,WSH,39,-32,takeaway_other
8476880,Tom Wilson,R,WSH,57,36,takeaway_other
8476880,Tom Wilson,R,WSH,-34,-28,takeaway_other
8476880,Tom Wilson,R,WSH,10,36,takeaway_other
8476880,Tom Wilson,R,WSH,-40,-33,takeaway_other
8476880,Tom Wilson,R,WSH,-61,0,takeaway_other
8476880,Tom Wilson,R,WSH,-92,-35,takeaway_other
8476881,Tomas Hertl,C,SJS,-76,8,block_hd
8476881,Tomas Hertl,C,SJS,77,-6,block_hd
8476881,Tomas Hertl,C,SJS,46,-1,block_non_hd
8476881,Tomas Hertl,C,SJS,69,-9,block_non_hd
8476881,Tomas Hertl,C,SJS,44,4,block_non_hd
8476881,Tomas Hertl,C,SJS,67,-4,block_non_hd
8476881,Tomas Hertl,C,SJS,74,-23,dz_faceoff_win
8476881,Tomas Hertl,C,SJS,-68,22,dz_faceoff_win
8476881,Tomas Hertl,C,SJS,69,-22,dz_faceoff_win
8476881,Tomas Hertl,C,SJS,-69,-22,dz_faceoff_win
8476881,Tomas Hertl,C,SJS,-69,22,dz_faceoff_win
8476881,Tomas Hertl,C,SJS,69,23,dz_faceoff_win
8476881,Tomas Hertl,C,SJS,69,-23,dz_faceoff_win
8476881,Tomas Hertl,C,SJS,68,22,dz_faceoff_win
8476881,Tomas Hertl,C,SJS,69,22,dz_faceoff_win
8476881,Tomas Hertl,C,SJS,-69,22,dz_faceoff_win
8476881,Tomas Hertl,C,SJS,-69,22,dz_faceoff_win
8476881,Tomas Hertl,C,SJS,-69,-22,dz_faceoff_win
8476881,Tomas Hertl,C,SJS,-69,22,dz_faceoff_win
8476881,Tomas Hertl,C,SJS,69,-23,dz_faceoff_win
8476881,Tomas Hertl,C,SJS,69,-22,dz_faceoff_win
8476881,Tomas Hertl,C,SJS,69,-23,dz_faceoff_win
8476881,Tomas Hertl,C,SJS,69,-22,dz_faceoff_win
8476881,Tomas Hertl,C,SJS,69,22,dz_faceoff_win
8476881,Tomas Hertl,C,SJS,69,22,dz_faceoff_win
8476881,Tomas Hertl,C,SJS,69,-23,dz_faceoff_win
8476881,Tomas Hertl,C,SJS,70,-23,dz_faceoff_win
8476881,Tomas Hertl,C,SJS,70,-22,dz_faceoff_win
8476881,Tomas Hertl,C,SJS,69,-37,hit_taken
8476881,Tomas Hertl,C,SJS,75,38,hit_taken
8476881,Tomas Hertl,C,SJS,-65,-36,hit_taken
8476881,Tomas Hertl,C,SJS,-40,-37,hit_taken
8476881,Tomas Hertl,C,SJS,-93,29,hit_taken
8476881,Tomas Hertl,C,SJS,-94,29,hit_taken
8476881,Tomas Hertl,C,SJS,20,-33,hit_taken
8476881,Tomas Hertl,C,SJS,29,-33,hit_taken
8476881,Tomas Hertl,C,SJS,-53,-33,hit_taken
8476881,Tomas Hertl,C,SJS,-32,-39,hit_taken
8476881,Tomas Hertl,C,SJS,-98,21,hit_taken
8476881,Tomas Hertl,C,SJS,-61,-41,hit_taken
8476881,Tomas Hertl,C,SJS,-3,36,hit_taken
8476881,Tomas Hertl,C,SJS,-4,-36,hit_taken
8476881,Tomas Hertl,C,SJS,-90,-38,hit_taken
8476881,Tomas Hertl,C,SJS,-78,37,hit_taken
8476881,Tomas Hertl,C,SJS,96,-28,hit_taken
8476881,Tomas Hertl,C,SJS,-95,34,hit_taken
8476881,Tomas Hertl,C,SJS,-97,28,hit_taken
8476881,Tomas Hertl,C,SJS,-63,-37,hit_thrown
8476881,Tomas Hertl,C,SJS,78,31,hit_thrown
8476881,Tomas Hertl,C,SJS,96,-10,hit_thrown
8476881,Tomas Hertl,C,SJS,95,-29,hit_thrown
8476881,Tomas Hertl,C,SJS,74,-41,hit_thrown
8476881,Tomas Hertl,C,SJS,-37,39,hit_thrown
8476881,Tomas Hertl,C,SJS,-28,-13,hit_thrown
8476881,Tomas Hertl,C,SJS,-99,5,hit_thrown
8476881,Tomas Hertl,C,SJS,46,40,hit_thrown
8476881,Tomas Hertl,C,SJS,-97,7,hit_thrown
8476881,Tomas Hertl,C,SJS,-85,40,hit_thrown
8476881,Tomas Hertl,C,SJS,52,39,hit_thrown
8476881,Tomas Hertl,C,SJS,97,21,hit_thrown
8476881,Tomas Hertl,C,SJS,95,12,takeaway_hd
8476881,Tomas Hertl,C,SJS,-6,-37,takeaway_other
8476887,Filip Forsberg,L,NSH,88,-5,block_hd
8476887,Filip Forsberg,L,NSH,87,8,block_hd
8476887,Filip Forsberg,L,NSH,51,12,block_non_hd
8476887,Filip Forsberg,L,NSH,-41,2,block_non_hd
8476887,Filip Forsberg,L,NSH,47,-27,block_non_hd
8476887,Filip Forsberg,L,NSH,-36,7,block_non_hd
8476887,Filip Forsberg,L,NSH,35,-15,block_non_hd
8476887,Filip Forsberg,L,NSH,-57,-17,block_non_hd
8476887,Filip Forsberg,L,NSH,62,34,block_non_hd
8476887,Filip Forsberg,L,NSH,-48,21,block_non_hd
8476887,Filip Forsberg,L,NSH,59,-20,block_non_hd
8476887,Filip Forsberg,L,NSH,46,14,block_non_hd
8476887,Filip Forsberg,L,NSH,55,-14,block_non_hd
8476887,Filip Forsberg,L,NSH,81,-25,block_non_hd
8476887,Filip Forsberg,L,NSH,88,-1,crease_goal
8476887,Filip Forsberg,L,NSH,81,1,crease_goal
8476887,Filip Forsberg,L,NSH,-78,0,crease_goal
8476887,Filip Forsberg,L,NSH,85,6,crease_goal
8476887,Filip Forsberg,L,NSH,-73,39,hit_taken
8476887,Filip Forsberg,L,NSH,81,12,hit_taken
8476887,Filip Forsberg,L,NSH,-73,-39,hit_taken
8476887,Filip Forsberg,L,NSH,-80,39,hit_taken
8476887,Filip Forsberg,L,NSH,77,-37,hit_taken
8476887,Filip Forsberg,L,NSH,90,-6,hit_taken
8476887,Filip Forsberg,L,NSH,38,-8,hit_taken
8476887,Filip Forsberg,L,NSH,31,-16,hit_taken
8476887,Filip Forsberg,L,NSH,72,-31,hit_taken
8476887,Filip Forsberg,L,NSH,48,41,hit_taken
8476887,Filip Forsberg,L,NSH,98,22,hit_taken
8476887,Filip Forsberg,L,NSH,-47,-42,hit_taken
8476887,Filip Forsberg,L,NSH,68,-39,hit_taken
8476887,Filip Forsberg,L,NSH,95,28,hit_taken
8476887,Filip Forsberg,L,NSH,-34,-38,hit_taken
8476887,Filip Forsberg,L,NSH,95,19,hit_taken
8476887,Filip Forsberg,L,NSH,-92,-29,hit_taken
8476887,Filip Forsberg,L,NSH,81,37,hit_taken
8476887,Filip Forsberg,L,NSH,96,-36,hit_taken
8476887,Filip Forsberg,L,NSH,-40,-39,hit_taken
8476887,Filip Forsberg,L,NSH,-35,40,hit_taken
8476887,Filip Forsberg,L,NSH,98,1,hit_taken
8476887,Filip Forsberg,L,NSH,-97,23,hit_taken
8476887,Filip Forsberg,L,NSH,-93,36,hit_taken
8476887,Filip Forsberg,L,NSH,-15,38,hit_taken
8476887,Filip Forsberg,L,NSH,94,34,hit_taken
8476887,Filip Forsberg,L,NSH,-41,37,hit_taken
8476887,Filip Forsberg,L,NSH,-15,-41,hit_taken
8476887,Filip Forsberg,L,NSH,-33,-11,hit_taken
8476887,Filip Forsberg,L,NSH,31,38,hit_taken
8476887,Filip Forsberg,L,NSH,-89,-37,hit_thrown
8476887,Filip Forsberg,L,NSH,-92,-23,hit_thrown
8476887,Filip Forsberg,L,NSH,80,40,hit_thrown
8476887,Filip Forsberg,L,NSH,-58,-40,hit_thrown
8476887,Filip Forsberg,L,NSH,-49,40,hit_thrown
8476887,Filip Forsberg,L,NSH,-10,38,hit_thrown
8476887,Filip Forsberg,L,NSH,-89,16,hit_thrown
8476887,Filip Forsberg,L,NSH,-45,-35,hit_thrown
8476887,Filip Forsberg,L,NSH,-35,36,hit_thrown
8476887,Filip Forsberg,L,NSH,-6,-37,hit_thrown
8476887,Filip Forsberg,L,NSH,-84,38,hit_thrown
8476887,Filip Forsberg,L,NSH,97,-3,hit_thrown
8476887,Filip Forsberg,L,NSH,-99,1,hit_thrown
8476887,Filip Forsberg,L,NSH,-97,-18,hit_thrown
8476887,Filip Forsberg,L,NSH,99,-22,hit_thrown
8476887,Filip Forsberg,L,NSH,97,11,hit_thrown
8476887,Filip Forsberg,L,NSH,4,33,hit_thrown
8476887,Filip Forsberg,L,NSH,32,39,hit_thrown
8476887,Filip Forsberg,L,NSH,40,38,hit_thrown
8476887,Filip Forsberg,L,NSH,-94,-2,hit_thrown
8476887,Filip Forsberg,L,NSH,-66,38,hit_thrown
8476887,Filip Forsberg,L,NSH,-87,-36,hit_thrown
8476887,Filip Forsberg,L,NSH,79,-38,hit_thrown
8476887,Filip Forsberg,L,NSH,-94,-25,hit_thrown
8476887,Filip Forsberg,L,NSH,96,-7,hit_thrown
8476887,Filip Forsberg,L,NSH,34,-14,hit_thrown
8476887,Filip Forsberg,L,NSH,93,-8,hit_thrown
8476887,Filip Forsberg,L,NSH,69,-40,hit_thrown
8476887,Filip Forsberg,L,NSH,40,-38,hit_thrown
8476887,Filip Forsberg,L,NSH,-34,30,takeaway_other
8476887,Filip Forsberg,L,NSH,57,-30,takeaway_other
8476887,Filip Forsberg,L,NSH,45,24,takeaway_other
8476887,Filip Forsberg,L,NSH,69,33,takeaway_other
8476887,Filip Forsberg,L,NSH,-10,3,takeaway_other
8476887,Filip Forsberg,L,NSH,-34,-14,takeaway_other
8476887,Filip Forsberg,L,NSH,-36,14,takeaway_other
8476887,Filip Forsberg,L,NSH,5,-24,takeaway_other
8476887,Filip Forsberg,L,NSH,39,32,takeaway_other
8476887,Filip Forsberg,L,NSH,-7,36,takeaway_other
8476887,Filip Forsberg,L,NSH,31,5,takeaway_other
8476887,Filip Forsberg,L,NSH,66,-1,takeaway_other
8476887,Filip Forsberg,L,NSH,-6,7,takeaway_other
8476887,Filip Forsberg,L,NSH,14,-20,takeaway_other
8476887,Filip Forsberg,L,NSH,17,-29,takeaway_other
8476887,Filip Forsberg,L,NSH,-7,38,takeaway_other
8476887,Filip Forsberg,L,NSH,96,27,takeaway_other
8476887,Filip Forsberg,L,NSH,-6,36,takeaway_other
8476887,Filip Forsberg,L,NSH,-62,37,takeaway_other
8476887,Filip Forsberg,L,NSH,7,6,takeaway_other
8476887,Filip Forsberg,L,NSH,-6,23,takeaway_other
8476892,Colton Parayko,D,STL,-81,6,block_hd
8476892,Colton Parayko,D,STL,-75,12,block_hd
8476892,Colton Parayko,D,STL,75,1,block_hd
8476892,Colton Parayko,D,STL,-70,15,block_hd
8476892,Colton Parayko,D,STL,-79,7,block_hd
8476892,Colton Parayko,D,STL,-70,-7,block_hd
8476892,Colton Parayko,D,STL,75,-11,block_hd
8476892,Colton Parayko,D,STL,81,1,block_hd
8476892,Colton Parayko,D,STL,83,4,block_hd
8476892,Colton Parayko,D,STL,75,5,block_hd
8476892,Colton Parayko,D,STL,72,-8,block_hd
8476892,Colton Parayko,D,STL,-74,5,block_hd
8476892,Colton Parayko,D,STL,-79,-8,block_hd
8476892,Colton Parayko,D,STL,-76,3,block_hd
8476892,Colton Parayko,D,STL,-71,-11,block_hd
8476892,Colton Parayko,D,STL,63,21,block_non_hd
8476892,Colton Parayko,D,STL,65,25,block_non_hd
8476892,Colton Parayko,D,STL,-45,-5,block_non_hd
8476892,Colton Parayko,D,STL,-64,2,block_non_hd
8476892,Colton Parayko,D,STL,74,26,block_non_hd
8476892,Colton Parayko,D,STL,68,-4,block_non_hd
8476892,Colton Parayko,D,STL,-64,-2,block_non_hd
8476892,Colton Parayko,D,STL,73,-32,block_non_hd
8476892,Colton Parayko,D,STL,66,-5,block_non_hd
8476892,Colton Parayko,D,STL,65,20,block_non_hd
8476892,Colton Parayko,D,STL,36,-31,block_non_hd
8476892,Colton Parayko,D,STL,-79,-39,hit_taken
8476892,Colton Parayko,D,STL,87,39,hit_taken
8476892,Colton Parayko,D,STL,-85,-38,hit_taken
8476892,Colton Parayko,D,STL,98,23,hit_taken
8476892,Colton Parayko,D,STL,-96,-17,hit_taken
8476892,Colton Parayko,D,STL,-82,-38,hit_taken
8476892,Colton Parayko,D,STL,99,28,hit_taken
8476892,Colton Parayko,D,STL,-97,13,hit_taken
8476892,Colton Parayko,D,STL,-75,-41,hit_taken
8476892,Colton Parayko,D,STL,-97,-22,hit_taken
8476892,Colton Parayko,D,STL,-88,39,hit_taken
8476892,Colton Parayko,D,STL,-97,1,hit_taken
8476892,Colton Parayko,D,STL,77,41,hit_taken
8476892,Colton Parayko,D,STL,99,-1,hit_taken
8476892,Colton Parayko,D,STL,-87,36,hit_taken
8476892,Colton Parayko,D,STL,-95,-9,hit_taken
8476892,Colton Parayko,D,STL,13,-40,hit_taken
8476892,Colton Parayko,D,STL,-98,-25,hit_taken
8476892,Colton Parayko,D,STL,-97,-10,hit_taken
8476892,Colton Parayko,D,STL,-75,39,hit_taken
8476892,Colton Parayko,D,STL,8,-38,hit_taken
8476892,Colton Parayko,D,STL,-4,40,hit_taken
8476892,Colton Parayko,D,STL,-31,-38,hit_taken
8476892,Colton Parayko,D,STL,56,39,hit_thrown
8476892,Colton Parayko,D,STL,89,38,hit_thrown
8476892,Colton Parayko,D,STL,95,12,hit_thrown
8476892,Colton Parayko,D,STL,-96,9,hit_thrown
8476892,Colton Parayko,D,STL,-93,31,hit_thrown
8476892,Colton Parayko,D,STL,-66,-40,hit_thrown
8476892,Colton Parayko,D,STL,-94,37,hit_thrown
8476892,Colton Parayko,D,STL,-87,-41,hit_thrown
8476892,Colton Parayko,D,STL,41,-41,hit_thrown
8476892,Colton Parayko,D,STL,95,19,hit_thrown
8476892,Colton Parayko,D,STL,-97,-17,hit_thrown
8476892,Colton Parayko,D,STL,-99,-12,hit_thrown
8476892,Colton Parayko,D,STL,99,13,hit_thrown
8476892,Colton Parayko,D,STL,41,37,hit_thrown
8476892,Colton Parayko,D,STL,86,39,hit_thrown
8476892,Colton Parayko,D,STL,-92,-29,hit_thrown
8476892,Colton Parayko,D,STL,-93,-36,hit_thrown
8476892,Colton Parayko,D,STL,-95,-24,hit_thrown
8476892,Colton Parayko,D,STL,95,6,takeaway_hd
8476892,Colton Parayko,D,STL,72,16,takeaway_hd
8476892,Colton Parayko,D,STL,-95,37,takeaway_other
8476892,Colton Parayko,D,STL,-10,20,takeaway_other
8476892,Colton Parayko,D,STL,24,17,takeaway_other
8476918,Jimmy Vesey,L,NYR,-55,28,block_non_hd
8476918,Jimmy Vesey,L,NYR,52,-8,block_non_hd
8476918,Jimmy Vesey,L,NYR,64,1,block_non_hd
8476918,Jimmy Vesey,L,NYR,-85,5,crease_goal
8476918,Jimmy Vesey,L,NYR,50,-40,hit_taken
8476918,Jimmy Vesey,L,NYR,-34,-40,hit_taken
8476918,Jimmy Vesey,L,NYR,76,-39,hit_taken
8476918,Jimmy Vesey,L,NYR,-90,28,hit_taken
8476918,Jimmy Vesey,L,NYR,76,-38,hit_taken
8476918,Jimmy Vesey,L,NYR,-95,-26,hit_taken
8476918,Jimmy Vesey,L,NYR,-96,-26,hit_taken
8476918,Jimmy Vesey,L,NYR,38,-39,hit_taken
8476918,Jimmy Vesey,L,NYR,-42,40,hit_taken
8476918,Jimmy Vesey,L,NYR,7,-40,hit_taken
8476918,Jimmy Vesey,L,NYR,97,-8,hit_taken
8476918,Jimmy Vesey,L,NYR,-64,-38,hit_taken
8476918,Jimmy Vesey,L,NYR,39,-40,hit_taken
8476918,Jimmy Vesey,L,NYR,56,-40,hit_taken
8476918,Jimmy Vesey,L,NYR,90,36,hit_taken
8476918,Jimmy Vesey,L,NYR,53,-42,hit_taken
8476918,Jimmy Vesey,L,NYR,22,30,hit_taken
8476918,Jimmy Vesey,L,NYR,61,40,hit_taken
8476918,Jimmy Vesey,L,NYR,15,-42,hit_thrown
8476918,Jimmy Vesey,L,NYR,-15,-34,hit_thrown
8476918,Jimmy Vesey,L,NYR,-18,-38,hit_thrown
8476918,Jimmy Vesey,L,NYR,97,-32,hit_thrown
8476918,Jimmy Vesey,L,NYR,-97,19,hit_thrown
8476918,Jimmy Vesey,L,NYR,85,-39,hit_thrown
8476918,Jimmy Vesey,L,NYR,-95,-31,hit_thrown
8476918,Jimmy Vesey,L,NYR,68,-39,hit_thrown
8476918,Jimmy Vesey,L,NYR,-4,-39,hit_thrown
8476918,Jimmy Vesey,L,NYR,-95,-26,hit_thrown
8476918,Jimmy Vesey,L,NYR,-76,-40,hit_thrown
8476918,Jimmy Vesey,L,NYR,-96,36,hit_thrown
8476918,Jimmy Vesey,L,NYR,-95,24,hit_thrown
8476918,Jimmy Vesey,L,NYR,96,17,hit_thrown
8476918,Jimmy Vesey,L,NYR,-95,30,hit_thrown
8476918,Jimmy Vesey,L,NYR,-93,-35,hit_thrown
8476918,Jimmy Vesey,L,NYR,99,14,hit_thrown
8476918,Jimmy Vesey,L,NYR,-92,-35,hit_thrown
8476918,Jimmy Vesey,L,NYR,76,-25,takeaway_other
8476918,Jimmy Vesey,L,NYR,-40,-16,takeaway_other
8476918,Jimmy Vesey,L,NYR,15,-12,takeaway_other
8476918,Jimmy Vesey,L,NYR,-37,-19,takeaway_other
8476918,Jimmy Vesey,L,NYR,-11,-5,takeaway_other
8476918,Jimmy Vesey,L,NYR,91,21,takeaway_other
8476918,Jimmy Vesey,L,NYR,-22,-18,takeaway_other
8476918,Jimmy Vesey,L,NYR,-70,-28,takeaway_other
8476918,Jimmy Vesey,L,NYR,-78,35,takeaway_other
8476918,Jimmy Vesey,L,NYR,-25,10,takeaway_other
8476919,Chris Tierney,C,SJS,72,2,block_hd
8476919,Chris Tierney,C,SJS,76,3,block_hd
8476919,Chris Tierney,C,SJS,81,7,block_hd
8476919,Chris Tierney,C,SJS,48,21,block_non_hd
8476919,Chris Tierney,C,SJS,-63,-6,block_non_hd
8476919,Chris Tierney,C,SJS,60,-11,block_non_hd
8476919,Chris Tierney,C,SJS,60,11,block_non_hd
8476919,Chris Tierney,C,SJS,-58,-1,block_non_hd
8476919,Chris Tierney,C,SJS,64,2,block_non_hd
8476919,Chris Tierney,C,SJS,69,9,block_non_hd
8476919,Chris Tierney,C,SJS,-67,23,dz_faceoff_win
8476919,Chris Tierney,C,SJS,69,-22,dz_faceoff_win
8476919,Chris Tierney,C,SJS,69,-23,dz_faceoff_win
8476919,Chris Tierney,C,SJS,69,-23,dz_faceoff_win
8476919,Chris Tierney,C,SJS,68,-22,dz_faceoff_win
8476919,Chris Tierney,C,SJS,-69,21,dz_faceoff_win
8476919,Chris Tierney,C,SJS,69,-23,dz_faceoff_win
8476919,Chris Tierney,C,SJS,-69,-22,dz_faceoff_win
8476919,Chris Tierney,C,SJS,71,-36,hit_taken
8476919,Chris Tierney,C,SJS,89,-39,hit_taken
8476919,Chris Tierney,C,SJS,-91,39,hit_taken
8476919,Chris Tierney,C,SJS,98,-30,hit_taken
8476919,Chris Tierney,C,SJS,61,-40,hit_taken
8476919,Chris Tierney,C,SJS,-20,39,hit_taken
8476919,Chris Tierney,C,SJS,74,-34,hit_taken
8476919,Chris Tierney,C,SJS,-97,20,hit_taken
8476919,Chris Tierney,C,SJS,91,29,hit_thrown
8476919,Chris Tierney,C,SJS,66,38,hit_thrown
8476919,Chris Tierney,C,SJS,-97,-19,hit_thrown
8476919,Chris Tierney,C,SJS,90,36,hit_thrown
8476919,Chris Tierney,C,SJS,-96,-36,hit_thrown
8476919,Chris Tierney,C,SJS,-98,-8,hit_thrown
8476919,Chris Tierney,C,SJS,76,-40,hit_thrown
8476919,Chris Tierney,C,SJS,-15,39,hit_thrown
8476919,Chris Tierney,C,SJS,-60,-31,takeaway_other
8476919,Chris Tierney,C,SJS,25,41,takeaway_other
8476919,Chris Tierney,C,SJS,-36,8,takeaway_other
8476925,Colton Sissons,C,NSH,-76,1,block_hd
8476925,Colton Sissons,C,NSH,-41,18,block_non_hd
8476925,Colton Sissons,C,NSH,60,5,block_non_hd
8476925,Colton Sissons,C,NSH,-49,16,block_non_hd
8476925,Colton Sissons,C,NSH,55,-12,block_non_hd
8476925,Colton Sissons,C,NSH,55,-14,block_non_hd
8476925,Colton Sissons,C,NSH,-39,5,block_non_hd
8476925,Colton Sissons,C,NSH,81,0,crease_goal
8476925,Colton Sissons,C,NSH,-78,0,crease_goal
8476925,Colton Sissons,C,NSH,-70,-23,dz_faceoff_win
8476925,Colton Sissons,C,NSH,-68,-20,dz_faceoff_win
8476925,Colton Sissons,C,NSH,69,20,dz_faceoff_win
8476925,Colton Sissons,C,NSH,69,21,dz_faceoff_win
8476925,Colton Sissons,C,NSH,70,-23,dz_faceoff_win
8476925,Colton Sissons,C,NSH,-68,21,dz_faceoff_win
8476925,Colton Sissons,C,NSH,-68,-22,dz_faceoff_win
8476925,Colton Sissons,C,NSH,70,-23,dz_faceoff_win
8476925,Colton Sissons,C,NSH,-69,20,dz_faceoff_win
8476925,Colton Sissons,C,NSH,-69,22,dz_faceoff_win
8476925,Colton Sissons,C,NSH,-70,21,dz_faceoff_win
8476925,Colton Sissons,C,NSH,70,-22,dz_faceoff_win
8476925,Colton Sissons,C,NSH,70,-23,dz_faceoff_win
8476925,Colton Sissons,C,NSH,70,-23,dz_faceoff_win
8476925,Colton Sissons,C,NSH,-68,21,dz_faceoff_win
8476925,Colton Sissons,C,NSH,-69,-23,dz_faceoff_win
8476925,Colton Sissons,C,NSH,72,-22,dz_faceoff_win
8476925,Colton Sissons,C,NSH,68,-22,dz_faceoff_win
8476925,Colton Sissons,C,NSH,70,22,dz_faceoff_win
8476925,Colton Sissons,C,NSH,70,21,dz_faceoff_win
8476925,Colton Sissons,C,NSH,70,-23,dz_faceoff_win
8476925,Colton Sissons,C,NSH,-68,21,dz_faceoff_win
8476925,Colton Sissons,C,NSH,69,-22,dz_faceoff_win
8476925,Colton Sissons,C,NSH,-69,23,dz_faceoff_win
8476925,Colton Sissons,C,NSH,69,22,dz_faceoff_win
8476925,Colton Sissons,C,NSH,69,-22,dz_faceoff_win
8476925,Colton Sissons,C,NSH,69,22,dz_faceoff_win
8476925,Colton Sissons,C,NSH,69,-22,dz_faceoff_win
8476925,Colton Sissons,C,NSH,-69,22,dz_faceoff_win
8476925,Colton Sissons,C,NSH,69,22,dz_faceoff_win
8476925,Colton Sissons,C,NSH,-68,-22,dz_faceoff_win
8476925,Colton Sissons,C,NSH,69,-22,dz_faceoff_win
8476925,Colton Sissons,C,NSH,69,21,dz_faceoff_win
8476925,Colton Sissons,C,NSH,-69,-24,dz_faceoff_win
8476925,Colton Sissons,C,NSH,69,22,dz_faceoff_win
8476925,Colton Sissons,C,NSH,-69,21,dz_faceoff_win
8476925,Colton Sissons,C,NSH,-70,-26,dz_faceoff_win
8476925,Colton Sissons,C,NSH,-68,-21,dz_faceoff_win
8476925,Colton Sissons,C,NSH,69,22,dz_faceoff_win
8476925,Colton Sissons,C,NSH,-69,-21,dz_faceoff_win
8476925,Colton Sissons,C,NSH,-69,-23,dz_faceoff_win
8476925,Colton Sissons,C,NSH,70,21,dz_faceoff_win
8476925,Colton Sissons,C,NSH,70,22,dz_faceoff_win
8476925,Colton Sissons,C,NSH,69,-22,dz_faceoff_win
8476925,Colton Sissons,C,NSH,68,-22,dz_faceoff_win
8476925,Colton Sissons,C,NSH,-69,-23,dz_faceoff_win
8476925,Colton Sissons,C,NSH,84,30,hit_taken
8476925,Colton Sissons,C,NSH,-94,26,hit_taken
8476925,Colton Sissons,C,NSH,84,-37,hit_taken
8476925,Colton Sissons,C,NSH,93,34,hit_taken
8476925,Colton Sissons,C,NSH,84,39,hit_taken
8476925,Colton Sissons,C,NSH,-87,-41,hit_taken
8476925,Colton Sissons,C,NSH,42,38,hit_taken
8476925,Colton Sissons,C,NSH,-23,-38,hit_taken
8476925,Colton Sissons,C,NSH,-24,38,hit_taken
8476925,Colton Sissons,C,NSH,16,-25,hit_taken
8476925,Colton Sissons,C,NSH,-32,35,hit_taken
8476925,Colton Sissons,C,NSH,-79,38,hit_taken
8476925,Colton Sissons,C,NSH,86,39,hit_taken
8476925,Colton Sissons,C,NSH,-9,-40,hit_taken
8476925,Colton Sissons,C,NSH,79,40,hit_taken
8476925,Colton Sissons,C,NSH,64,-40,hit_taken
8476925,Colton Sissons,C,NSH,13,36,hit_taken
8476925,Colton Sissons,C,NSH,54,40,hit_taken
8476925,Colton Sissons,C,NSH,79,38,hit_taken
8476925,Colton Sissons,C,NSH,87,41,hit_taken
8476925,Colton Sissons,C,NSH,16,-38,hit_taken
8476925,Colton Sissons,C,NSH,94,-25,hit_taken
8476925,Colton Sissons,C,NSH,96,-30,hit_taken
8476925,Colton Sissons,C,NSH,73,-39,hit_taken
8476925,Colton Sissons,C,NSH,68,-38,hit_taken
8476925,Colton Sissons,C,NSH,43,-39,hit_taken
8476925,Colton Sissons,C,NSH,83,39,hit_taken
8476925,Colton Sissons,C,NSH,-97,25,hit_taken
8476925,Colton Sissons,C,NSH,-96,8,hit_taken
8476925,Colton Sissons,C,NSH,-72,39,hit_taken
8476925,Colton Sissons,C,NSH,-48,38,hit_thrown
8476925,Colton Sissons,C,NSH,52,39,hit_thrown
8476925,Colton Sissons,C,NSH,59,-40,hit_thrown
8476925,Colton Sissons,C,NSH,97,-14,hit_thrown
8476925,Colton Sissons,C,NSH,-37,-36,hit_thrown
8476925,Colton Sissons,C,NSH,-89,38,hit_thrown
8476925,Colton Sissons,C,NSH,34,-37,hit_thrown
8476925,Colton Sissons,C,NSH,-93,-33,hit_thrown
8476925,Colton Sissons,C,NSH,40,-38,hit_thrown
8476925,Colton Sissons,C,NSH,-13,37,hit_thrown
8476925,Colton Sissons,C,NSH,-75,40,hit_thrown
8476925,Colton Sissons,C,NSH,98,-14,hit_thrown
8476925,Colton Sissons,C,NSH,-97,-10,hit_thrown
8476925,Colton Sissons,C,NSH,98,-12,hit_thrown
8476925,Colton Sissons,C,NSH,73,40,hit_thrown
8476925,Colton Sissons,C,NSH,-97,10,hit_thrown
8476925,Colton Sissons,C,NSH,95,-23,hit_thrown
8476925,Colton Sissons,C,NSH,-34,37,hit_thrown
8476925,Colton Sissons,C,NSH,-81,37,hit_thrown
8476925,Colton Sissons,C,NSH,11,-40,hit_thrown
8476925,Colton Sissons,C,NSH,34,40,hit_thrown
8476925,Colton Sissons,C,NSH,75,-38,hit_thrown
8476925,Colton Sissons,C,NSH,95,-29,hit_thrown
8476925,Colton Sissons,C,NSH,-91,-35,hit_thrown
8476925,Colton Sissons,C,NSH,70,-38,hit_thrown
8476925,Colton Sissons,C,NSH,95,-10,hit_thrown
8476925,Colton Sissons,C,NSH,-49,40,hit_thrown
8476925,Colton Sissons,C,NSH,-97,0,hit_thrown
8476925,Colton Sissons,C,NSH,-9,40,hit_thrown
8476925,Colton Sissons,C,NSH,-96,1,hit_thrown
8476925,Colton Sissons,C,NSH,-93,-36,hit_thrown
8476925,Colton Sissons,C,NSH,-51,40,hit_thrown
8476925,Colton Sissons,C,NSH,86,-32,hit_thrown
8476925,Colton Sissons,C,NSH,96,16,hit_thrown
8476925,Colton Sissons,C,NSH,98,28,hit_thrown
8476925,Colton Sissons,C,NSH,99,-23,hit_thrown
8476925,Colton Sissons,C,NSH,46,40,hit_thrown
8476925,Colton Sissons,C,NSH,57,40,hit_thrown
8476925,Colton Sissons,C,NSH,74,40,hit_thrown
8476925,Colton Sissons,C,NSH,-5,1,hit_thrown
8476925,Colton Sissons,C,NSH,95,-28,hit_thrown
8476925,Colton Sissons,C,NSH,-83,38,hit_thrown
8476925,Colton Sissons,C,NSH,94,34,hit_thrown
8476925,Colton Sissons,C,NSH,95,-35,hit_thrown
8476925,Colton Sissons,C,NSH,95,-34,hit_thrown
8476925,Colton Sissons,C,NSH,-27,-38,hit_thrown
8476925,Colton Sissons,C,NSH,94,-42,hit_thrown
8476925,Colton Sissons,C,NSH,23,-39,hit_thrown
8476925,Colton Sissons,C,NSH,98,31,hit_thrown
8476925,Colton Sissons,C,NSH,62,40,hit_thrown
8476925,Colton Sissons,C,NSH,-94,0,hit_thrown
8476925,Colton Sissons,C,NSH,96,-10,takeaway_hd
8476925,Colton Sissons,C,NSH,-98,3,takeaway_hd
8476925,Colton Sissons,C,NSH,98,1,takeaway_hd
8476925,Colton Sissons,C,NSH,2,1,takeaway_other
8476925,Colton Sissons,C,NSH,42,33,takeaway_other
8476925,Colton Sissons,C,NSH,-30,1,takeaway_other
8476925,Colton Sissons,C,NSH,43,-3,takeaway_other
8476925,Colton Sissons,C,NSH,-69,-32,takeaway_other
8476925,Colton Sissons,C,NSH,51,-22,takeaway_other
8476925,Colton Sissons,C,NSH,93,33,takeaway_other
8476941,Connor Carrick,D,TOR,76,1,block_hd
8476941,Connor Carrick,D,TOR,73,9,block_hd
8476941,Connor Carrick,D,TOR,-78,-12,block_hd
8476941,Connor Carrick,D,TOR,-70,-4,block_hd
8476941,Connor Carrick,D,TOR,72,-2,block_hd
8476941,Connor Carrick,D,TOR,-49,3,block_non_hd
8476941,Connor Carrick,D,TOR,-54,-29,block_non_hd
8476941,Connor Carrick,D,TOR,67,2,block_non_hd
8476941,Connor Carrick,D,TOR,52,17,block_non_hd
8476941,Connor Carrick,D,TOR,-69,-3,block_non_hd
8476941,Connor Carrick,D,TOR,-74,-34,hit_taken
8476941,Connor Carrick,D,TOR,11,-35,hit_taken
8476941,Connor Carrick,D,TOR,95,21,hit_taken
8476941,Connor Carrick,D,TOR,-69,41,hit_taken
8476941,Connor Carrick,D,TOR,88,38,hit_taken
8476941,Connor Carrick,D,TOR,-56,40,hit_taken
8476941,Connor Carrick,D,TOR,-91,-29,hit_taken
8476941,Connor Carrick,D,TOR,-48,-35,hit_taken
8476941,Connor Carrick,D,TOR,94,36,hit_taken
8476941,Connor Carrick,D,TOR,99,-1,hit_taken
8476941,Connor Carrick,D,TOR,81,38,hit_taken
8476941,Connor Carrick,D,TOR,-31,35,hit_taken
8476941,Connor Carrick,D,TOR,94,-29,hit_taken
8476941,Connor Carrick,D,TOR,-75,38,hit_taken
8476941,Connor Carrick,D,TOR,-48,40,hit_taken
8476941,Connor Carrick,D,TOR,19,-39,hit_taken
8476941,Connor Carrick,D,TOR,-96,-17,hit_thrown
8476941,Connor Carrick,D,TOR,98,-8,hit_thrown
8476941,Connor Carrick,D,TOR,-91,37,hit_thrown
8476941,Connor Carrick,D,TOR,99,-8,hit_thrown
8476941,Connor Carrick,D,TOR,78,38,hit_thrown
8476941,Connor Carrick,D,TOR,-93,38,hit_thrown
8476941,Connor Carrick,D,TOR,85,-38,hit_thrown
8476941,Connor Carrick,D,TOR,37,-13,hit_thrown
8476941,Connor Carrick,D,TOR,-94,-17,hit_thrown
8476941,Connor Carrick,D,TOR,-94,-31,takeaway_other
8476981,Josh Anderson,R,CBJ,46,-5,block_non_hd
8476981,Josh Anderson,R,CBJ,52,1,block_non_hd
8476981,Josh Anderson,R,CBJ,86,-7,crease_goal
8476981,Josh Anderson,R,CBJ,56,41,hit_taken
8476981,Josh Anderson,R,CBJ,-35,39,hit_taken
8476981,Josh Anderson,R,CBJ,-97,-18,hit_thrown
8476981,Josh Anderson,R,CBJ,-12,30,hit_thrown
8476981,Josh Anderson,R,CBJ,44,-38,hit_thrown
8476981,Josh Anderson,R,CBJ,79,40,hit_thrown
8476981,Josh Anderson,R,CBJ,42,-3,hit_thrown
8476981,Josh Anderson,R,CBJ,72,-40,hit_thrown
8476981,Josh Anderson,R,CBJ,85,39,hit_thrown
8476981,Josh Anderson,R,CBJ,-48,40,hit_thrown
8476981,Josh Anderson,R,CBJ,-96,31,hit_thrown
8476981,Josh Anderson,R,CBJ,-43,34,hit_thrown
8476981,Josh Anderson,R,CBJ,52,7,hit_thrown
8476981,Josh Anderson,R,CBJ,-87,-40,hit_thrown
8476981,Josh Anderson,R,CBJ,95,35,hit_thrown
8476981,Josh Anderson,R,CBJ,43,-39,hit_thrown
8476981,Josh Anderson,R,CBJ,82,40,hit_thrown
8476981,Josh Anderson,R,CBJ,-94,33,hit_thrown
8476981,Josh Anderson,R,CBJ,68,-41,hit_thrown
8476981,Josh Anderson,R,CBJ,-64,-39,hit_thrown
8476981,Josh Anderson,R,CBJ,-56,12,takeaway_other
8476981,Josh Anderson,R,CBJ,30,13,takeaway_other
8476981,Josh Anderson,R,CBJ,49,37,takeaway_other
8476988,Matt Benning,D,EDM,-84,8,block_hd
8476988,Matt Benning,D,EDM,-86,-10,block_hd
8476988,Matt Benning,D,EDM,73,-5,block_hd
8476988,Matt Benning,D,EDM,-78,-5,block_hd
8476988,Matt Benning,D,EDM,-75,1,block_hd
8476988,Matt Benning,D,EDM,-57,-19,block_non_hd
8476988,Matt Benning,D,EDM,78,-24,block_non_hd
8476988,Matt Benning,D,EDM,61,10,block_non_hd
8476988,Matt Benning,D,EDM,-61,-2,block_non_hd
8476988,Matt Benning,D,EDM,50,27,block_non_hd
8476988,Matt Benning,D,EDM,-56,-40,hit_taken
8476988,Matt Benning,D,EDM,76,-40,hit_taken
8476988,Matt Benning,D,EDM,-81,24,hit_taken
8476988,Matt Benning,D,EDM,-96,-14,hit_taken
8476988,Matt Benning,D,EDM,64,-39,hit_taken
8476988,Matt Benning,D,EDM,43,-38,hit_taken
8476988,Matt Benning,D,EDM,89,29,hit_taken
8476988,Matt Benning,D,EDM,94,-21,hit_taken
8476988,Matt Benning,D,EDM,-93,-38,hit_taken
8476988,Matt Benning,D,EDM,-96,3,hit_taken
8476988,Matt Benning,D,EDM,2,40,hit_taken
8476988,Matt Benning,D,EDM,97,-23,hit_taken
8476988,Matt Benning,D,EDM,-96,-2,hit_taken
8476988,Matt Benning,D,EDM,-96,26,hit_taken
8476988,Matt Benning,D,EDM,-96,19,hit_taken
8476988,Matt Benning,D,EDM,-94,8,hit_taken
8476988,Matt Benning,D,EDM,98,-3,hit_taken
8476988,Matt Benning,D,EDM,-11,39,hit_taken
8476988,Matt Benning,D,EDM,-94,5,hit_taken
8476988,Matt Benning,D,EDM,89,35,hit_taken
8476988,Matt Benning,D,EDM,-9,38,hit_taken
8476988,Matt Benning,D,EDM,-45,-40,hit_thrown
8476988,Matt Benning,D,EDM,-98,21,hit_thrown
8476988,Matt Benning,D,EDM,5,39,hit_thrown
8476988,Matt Benning,D,EDM,-20,40,hit_thrown
8476988,Matt Benning,D,EDM,-34,-39,hit_thrown
8476988,Matt Benning,D,EDM,-61,-40,hit_thrown
8476988,Matt Benning,D,EDM,89,-38,hit_thrown
8476988,Matt Benning,D,EDM,4,40,hit_thrown
8476988,Matt Benning,D,EDM,94,39,hit_thrown
8476988,Matt Benning,D,EDM,-97,12,hit_thrown
8476988,Matt Benning,D,EDM,-96,14,hit_thrown
8476988,Matt Benning,D,EDM,-71,-40,hit_thrown
8476988,Matt Benning,D,EDM,46,40,hit_thrown
8476988,Matt Benning,D,EDM,4,-35,hit_thrown
8476988,Matt Benning,D,EDM,-88,39,hit_thrown
8476988,Matt Benning,D,EDM,-90,-38,hit_thrown
8476988,Matt Benning,D,EDM,-45,-40,hit_thrown
8476988,Matt Benning,D,EDM,91,33,hit_thrown
8476988,Matt Benning,D,EDM,-59,-39,hit_thrown
8476988,Matt Benning,D,EDM,-97,28,hit_thrown
8476988,Matt Benning,D,EDM,-97,20,hit_thrown
8476988,Matt Benning,D,EDM,86,11,hit_thrown
8476988,Matt Benning,D,EDM,84,-38,hit_thrown
8476988,Matt Benning,D,EDM,8,40,hit_thrown
8476988,Matt Benning,D,EDM,-35,-25,hit_thrown
8476988,Matt Benning,D,EDM,-15,-39,hit_thrown
8476988,Matt Benning,D,EDM,97,-14,hit_thrown
8476988,Matt Benning,D,EDM,97,22,hit_thrown
8476988,Matt Benning,D,EDM,-32,-35,hit_thrown
8476988,Matt Benning,D,EDM,-30,-38,hit_thrown
8476988,Matt Benning,D,EDM,50,-40,hit_thrown
8476988,Matt Benning,D,EDM,-95,26,hit_thrown
8476988,Matt Benning,D,EDM,-4,10,hit_thrown
8476988,Matt Benning,D,EDM,-57,-36,hit_thrown
8476988,Matt Benning,D,EDM,-61,35,hit_thrown
8476988,Matt Benning,D,EDM,-93,33,hit_thrown
8476988,Matt Benning,D,EDM,-48,-31,hit_thrown
8476988,Matt Benning,D,EDM,37,38,hit_thrown
8476988,Matt Benning,D,EDM,-53,39,hit_thrown
8476988,Matt Benning,D,EDM,-81,42,hit_thrown
8476988,Matt Benning,D,EDM,-35,-36,hit_thrown
8476988,Matt Benning,D,EDM,-94,-36,hit_thrown
8476988,Matt Benning,D,EDM,-96,-2,hit_thrown
8476988,Matt Benning,D,EDM,53,-39,hit_thrown
8476988,Matt Benning,D,EDM,99,24,hit_thrown
8476988,Matt Benning,D,EDM,78,39,hit_thrown
8476988,Matt Benning,D,EDM,69,-37,hit_thrown
8476988,Matt Benning,D,EDM,16,-39,hit_thrown
8476988,Matt Benning,D,EDM,-14,-21,takeaway_other
8476988,Matt Benning,D,EDM,83,-28,takeaway_other
8476988,Matt Benning,D,EDM,93,-31,takeaway_other
8476994,Vinnie Hinostroza,C,CHI,-23,-39,hit_taken
8476994,Vinnie Hinostroza,C,CHI,-94,-24,hit_thrown
8477015,Connor Brown,R,TOR,72,-1,block_hd
8477015,Connor Brown,R,TOR,-76,-8,block_hd
8477015,Connor Brown,R,TOR,-70,27,block_non_hd
8477015,Connor Brown,R,TOR,57,27,block_non_hd
8477015,Connor Brown,R,TOR,-63,-12,block_non_hd
8477015,Connor Brown,R,TOR,-46,-6,block_non_hd
8477015,Connor Brown,R,TOR,-52,36,hit_taken
8477015,Connor Brown,R,TOR,-1,23,hit_taken
8477015,Connor Brown,R,TOR,85,-33,hit_taken
8477015,Connor Brown,R,TOR,88,33,hit_taken
8477015,Connor Brown,R,TOR,50,38,hit_taken
8477015,Connor Brown,R,TOR,-7,38,hit_taken
8477015,Connor Brown,R,TOR,95,-35,hit_taken
8477015,Connor Brown,R,TOR,-51,40,hit_taken
8477015,Connor Brown,R,TOR,59,38,hit_taken
8477015,Connor Brown,R,TOR,98,-16,hit_taken
8477015,Connor Brown,R,TOR,-43,-36,hit_taken
8477015,Connor Brown,R,TOR,92,-17,hit_thrown
8477015,Connor Brown,R,TOR,94,13,hit_thrown
8477015,Connor Brown,R,TOR,-98,-5,hit_thrown
8477015,Connor Brown,R,TOR,94,-36,hit_thrown
8477015,Connor Brown,R,TOR,-95,-32,hit_thrown
8477015,Connor Brown,R,TOR,-71,-36,takeaway_other
8477015,Connor Brown,R,TOR,44,-20,takeaway_other
8477213,Tim Schaller,C,BOS,-74,6,block_hd
8477213,Tim Schaller,C,BOS,64,0,block_non_hd
8477213,Tim Schaller,C,BOS,62,-12,block_non_hd
8477213,Tim Schaller,C,BOS,68,-23,dz_faceoff_win
8477213,Tim Schaller,C,BOS,-16,34,hit_taken
8477213,Tim Schaller,C,BOS,26,37,hit_taken
8477213,Tim Schaller,C,BOS,-95,31,hit_taken
8477213,Tim Schaller,C,BOS,74,-41,hit_taken
8477213,Tim Schaller,C,BOS,-74,-37,hit_taken
8477213,Tim Schaller,C,BOS,56,-35,hit_taken
8477213,Tim Schaller,C,BOS,-7,-38,hit_taken
8477213,Tim Schaller,C,BOS,-94,-10,hit_taken
8477213,Tim Schaller,C,BOS,-95,27,hit_taken
8477213,Tim Schaller,C,BOS,90,-20,hit_taken
8477213,Tim Schaller,C,BOS,85,-32,hit_taken
8477213,Tim Schaller,C,BOS,-17,38,hit_thrown
8477213,Tim Schaller,C,BOS,-51,-40,hit_thrown
8477213,Tim Schaller,C,BOS,-98,12,hit_thrown
8477213,Tim Schaller,C,BOS,-97,-11,hit_thrown
8477213,Tim Schaller,C,BOS,-16,-36,hit_thrown
8477213,Tim Schaller,C,BOS,81,40,hit_thrown
8477213,Tim Schaller,C,BOS,34,39,hit_thrown
8477213,Tim Schaller,C,BOS,-53,33,hit_thrown
8477213,Tim Schaller,C,BOS,-33,-37,hit_thrown
8477213,Tim Schaller,C,BOS,-35,40,hit_thrown
8477213,Tim Schaller,C,BOS,94,-15,hit_thrown
8477213,Tim Schaller,C,BOS,-93,9,hit_thrown
8477213,Tim Schaller,C,BOS,98,-3,takeaway_hd
8477213,Tim Schaller,C,BOS,17,-36,takeaway_other
8477213,Tim Schaller,C,BOS,-61,36,takeaway_other
8477213,Tim Schaller,C,BOS,56,14,takeaway_other
8477220,Nate Schmidt,D,WSH,-76,-1,block_hd
8477220,Nate Schmidt,D,WSH,-72,-9,block_hd
8477220,Nate Schmidt,D,WSH,70,-6,block_hd
8477220,Nate Schmidt,D,WSH,74,1,block_hd
8477220,Nate Schmidt,D,WSH,79,-12,block_hd
8477220,Nate Schmidt,D,WSH,77,1,block_hd
8477220,Nate Schmidt,D,WSH,-79,13,block_hd
8477220,Nate Schmidt,D,WSH,-62,-11,block_non_hd
8477220,Nate Schmidt,D,WSH,-42,-1,block_non_hd
8477220,Nate Schmidt,D,WSH,66,-10,block_non_hd
8477220,Nate Schmidt,D,WSH,-68,26,block_non_hd
8477220,Nate Schmidt,D,WSH,93,-35,hit_taken
8477220,Nate Schmidt,D,WSH,-85,-38,hit_taken
8477220,Nate Schmidt,D,WSH,12,37,hit_taken
8477220,Nate Schmidt,D,WSH,-98,-5,hit_taken
8477220,Nate Schmidt,D,WSH,94,-36,hit_taken
8477220,Nate Schmidt,D,WSH,-94,-17,hit_taken
8477220,Nate Schmidt,D,WSH,-59,-37,hit_taken
8477220,Nate Schmidt,D,WSH,-58,-37,hit_taken
8477220,Nate Schmidt,D,WSH,-91,36,hit_taken
8477220,Nate Schmidt,D,WSH,94,-32,hit_taken
8477220,Nate Schmidt,D,WSH,-91,-34,hit_taken
8477220,Nate Schmidt,D,WSH,85,-40,hit_taken
8477220,Nate Schmidt,D,WSH,-59,-40,hit_taken
8477220,Nate Schmidt,D,WSH,-85,40,hit_taken
8477220,Nate Schmidt,D,WSH,-73,-35,hit_taken
8477220,Nate Schmidt,D,WSH,69,-40,hit_taken
8477220,Nate Schmidt,D,WSH,-89,-35,hit_thrown
8477220,Nate Schmidt,D,WSH,-96,-25,hit_thrown
8477220,Nate Schmidt,D,WSH,53,-19,hit_thrown
8477220,Nate Schmidt,D,WSH,-94,34,hit_thrown
8477220,Nate Schmidt,D,WSH,49,-20,hit_thrown
8477220,Nate Schmidt,D,WSH,98,-16,hit_thrown
8477220,Nate Schmidt,D,WSH,97,-28,hit_thrown
8477220,Nate Schmidt,D,WSH,97,-26,hit_thrown
8477220,Nate Schmidt,D,WSH,-35,27,takeaway_other
8477220,Nate Schmidt,D,WSH,53,-38,takeaway_other
8477220,Nate Schmidt,D,WSH,-8,8,takeaway_other
8477220,Nate Schmidt,D,WSH,10,-33,takeaway_other
8477220,Nate Schmidt,D,WSH,-39,-28,takeaway_other
8477220,Nate Schmidt,D,WSH,-64,-39,takeaway_other
8477240,Carter Rowney,R,PIT,79,-2,block_hd
8477240,Carter Rowney,R,PIT,-75,11,block_hd
8477240,Carter Rowney,R,PIT,77,-2,block_hd
8477240,Carter Rowney,R,PIT,-43,-16,block_non_hd
8477240,Carter Rowney,R,PIT,-67,8,block_non_hd
8477240,Carter Rowney,R,PIT,59,16,block_non_hd
8477240,Carter Rowney,R,PIT,-58,21,block_non_hd
8477240,Carter Rowney,R,PIT,54,14,block_non_hd
8477240,Carter Rowney,R,PIT,-69,8,block_non_hd
8477240,Carter Rowney,R,PIT,-59,1,block_non_hd
8477240,Carter Rowney,R,PIT,-64,-8,block_non_hd
8477240,Carter Rowney,R,PIT,-63,9,block_non_hd
8477240,Carter Rowney,R,PIT,37,0,block_non_hd
8477240,Carter Rowney,R,PIT,69,-23,dz_faceoff_win
8477240,Carter Rowney,R,PIT,69,22,dz_faceoff_win
8477240,Carter Rowney,R,PIT,-69,-22,dz_faceoff_win
8477240,Carter Rowney,R,PIT,-69,-22,dz_faceoff_win
8477240,Carter Rowney,R,PIT,70,22,dz_faceoff_win
8477240,Carter Rowney,R,PIT,70,21,dz_faceoff_win
8477240,Carter Rowney,R,PIT,69,-22,dz_faceoff_win
8477240,Carter Rowney,R,PIT,-68,21,dz_faceoff_win
8477240,Carter Rowney,R,PIT,-68,22,dz_faceoff_win
8477240,Carter Rowney,R,PIT,-69,-22,dz_faceoff_win
8477240,Carter Rowney,R,PIT,69,-22,dz_faceoff_win
8477240,Carter Rowney,R,PIT,70,22,dz_faceoff_win
8477240,Carter Rowney,R,PIT,48,-39,hit_taken
8477240,Carter Rowney,R,PIT,-50,-37,hit_taken
8477240,Carter Rowney,R,PIT,-10,-41,hit_taken
8477240,Carter Rowney,R,PIT,83,40,hit_taken
8477240,Carter Rowney,R,PIT,-7,29,hit_taken
8477240,Carter Rowney,R,PIT,59,38,hit_taken
8477240,Carter Rowney,R,PIT,48,39,hit_taken
8477240,Carter Rowney,R,PIT,92,-37,hit_taken
8477240,Carter Rowney,R,PIT,97,-31,hit_taken
8477240,Carter Rowney,R,PIT,72,38,hit_taken
8477240,Carter Rowney,R,PIT,99,-3,hit_taken
8477240,Carter Rowney,R,PIT,-75,-39,hit_taken
8477240,Carter Rowney,R,PIT,71,38,hit_taken
8477240,Carter Rowney,R,PIT,-95,-6,hit_taken
8477240,Carter Rowney,R,PIT,-15,31,hit_taken
8477240,Carter Rowney,R,PIT,-59,-37,hit_taken
8477240,Carter Rowney,R,PIT,-96,-26,hit_taken
8477240,Carter Rowney,R,PIT,92,40,hit_taken
8477240,Carter Rowney,R,PIT,93,-38,hit_taken
8477240,Carter Rowney,R,PIT,-75,-41,hit_taken
8477240,Carter Rowney,R,PIT,-49,-38,hit_taken
8477240,Carter Rowney,R,PIT,-37,-40,hit_taken
8477240,Carter Rowney,R,PIT,-74,-39,hit_taken
8477240,Carter Rowney,R,PIT,-97,-25,hit_taken
8477240,Carter Rowney,R,PIT,87,40,hit_taken
8477240,Carter Rowney,R,PIT,-32,-36,hit_taken
8477240,Carter Rowney,R,PIT,51,37,hit_taken
8477240,Carter Rowney,R,PIT,86,40,hit_taken
8477240,Carter Rowney,R,PIT,9,38,hit_taken
8477240,Carter Rowney,R,PIT,43,-18,hit_taken
8477240,Carter Rowney,R,PIT,66,-39,hit_taken
8477240,Carter Rowney,R,PIT,97,-18,hit_taken
8477240,Carter Rowney,R,PIT,88,36,hit_taken
8477240,Carter Rowney,R,PIT,47,-40,hit_taken
8477240,Carter Rowney,R,PIT,93,36,hit_taken
8477240,Carter Rowney,R,PIT,87,-39,hit_thrown
8477240,Carter Rowney,R,PIT,60,39,hit_thrown
8477240,Carter Rowney,R,PIT,9,41,hit_thrown
8477240,Carter Rowney,R,PIT,-27,41,hit_thrown
8477240,Carter Rowney,R,PIT,23,40,hit_thrown
8477240,Carter Rowney,R,PIT,-96,34,hit_thrown
8477240,Carter Rowney,R,PIT,-94,-37,hit_thrown
8477240,Carter Rowney,R,PIT,-92,36,hit_thrown
8477240,Carter Rowney,R,PIT,28,-39,hit_thrown
8477240,Carter Rowney,R,PIT,-60,41,hit_thrown
8477240,Carter Rowney,R,PIT,63,-39,hit_thrown
8477240,Carter Rowney,R,PIT,-97,26,hit_thrown
8477240,Carter Rowney,R,PIT,-17,-37,hit_thrown
8477240,Carter Rowney,R,PIT,-23,40,hit_thrown
8477240,Carter Rowney,R,PIT,-82,38,hit_thrown
8477240,Carter Rowney,R,PIT,-34,-39,hit_thrown
8477240,Carter Rowney,R,PIT,-95,21,hit_thrown
8477240,Carter Rowney,R,PIT,-23,-38,hit_thrown
8477240,Carter Rowney,R,PIT,98,22,hit_thrown
8477240,Carter Rowney,R,PIT,51,40,hit_thrown
8477240,Carter Rowney,R,PIT,-86,-40,hit_thrown
8477240,Carter Rowney,R,PIT,97,-20,hit_thrown
8477240,Carter Rowney,R,PIT,-93,36,hit_thrown
8477240,Carter Rowney,R,PIT,93,38,hit_thrown
8477240,Carter Rowney,R,PIT,52,-36,hit_thrown
8477240,Carter Rowney,R,PIT,67,-39,hit_thrown
8477240,Carter Rowney,R,PIT,-91,39,hit_thrown
8477240,Carter Rowney,R,PIT,70,-40,hit_thrown
8477240,Carter Rowney,R,PIT,-85,-39,hit_thrown
8477240,Carter Rowney,R,PIT,-91,-37,hit_thrown
8477240,Carter Rowney,R,PIT,96,-7,hit_thrown
8477240,Carter Rowney,R,PIT,85,40,hit_thrown
8477240,Carter Rowney,R,PIT,97,23,hit_thrown
8477240,Carter Rowney,R,PIT,86,-40,hit_thrown
8477240,Carter Rowney,R,PIT,-59,37,hit_thrown
8477240,Carter Rowney,R,PIT,-93,-29,hit_thrown
8477240,Carter Rowney,R,PIT,66,-38,hit_thrown
8477240,Carter Rowney,R,PIT,-89,31,hit_thrown
8477240,Carter Rowney,R,PIT,-92,25,hit_thrown
8477240,Carter Rowney,R,PIT,-97,-20,hit_thrown
8477240,Carter Rowney,R,PIT,56,-40,hit_thrown
8477240,Carter Rowney,R,PIT,56,-40,hit_thrown
8477240,Carter Rowney,R,PIT,35,-40,hit_thrown
8477240,Carter Rowney,R,PIT,40,26,hit_thrown
8477240,Carter Rowney,R,PIT,63,39,hit_thrown
8477240,Carter Rowney,R,PIT,-77,41,hit_thrown
8477240,Carter Rowney,R,PIT,-63,37,hit_thrown
8477240,Carter Rowney,R,PIT,94,10,hit_thrown
8477240,Carter Rowney,R,PIT,-32,-36,hit_thrown
8477240,Carter Rowney,R,PIT,57,-39,hit_thrown
8477240,Carter Rowney,R,PIT,55,-40,hit_thrown
8477240,Carter Rowney,R,PIT,-85,40,hit_thrown
8477240,Carter Rowney,R,PIT,-97,33,hit_thrown
8477240,Carter Rowney,R,PIT,86,41,hit_thrown
8477240,Carter Rowney,R,PIT,52,35,hit_thrown
8477240,Carter Rowney,R,PIT,96,-15,hit_thrown
8477240,Carter Rowney,R,PIT,69,-40,hit_thrown
8477240,Carter Rowney,R,PIT,49,-40,hit_thrown
8477240,Carter Rowney,R,PIT,30,-39,hit_thrown
8477240,Carter Rowney,R,PIT,85,40,hit_thrown
8477240,Carter Rowney,R,PIT,45,-40,hit_thrown
8477240,Carter Rowney,R,PIT,83,41,hit_thrown
8477240,Carter Rowney,R,PIT,72,-41,hit_thrown
8477240,Carter Rowney,R,PIT,44,-40,hit_thrown
8477240,Carter Rowney,R,PIT,-96,-30,hit_thrown
8477240,Carter Rowney,R,PIT,-47,40,hit_thrown
8477240,Carter Rowney,R,PIT,94,-35,hit_thrown
8477240,Carter Rowney,R,PIT,98,17,hit_thrown
8477240,Carter Rowney,R,PIT,15,39,hit_thrown
8477240,Carter Rowney,R,PIT,98,23,hit_thrown
8477240,Carter Rowney,R,PIT,-93,33,hit_thrown
8477240,Carter Rowney,R,PIT,94,-25,hit_thrown
8477240,Carter Rowney,R,PIT,89,38,hit_thrown
8477240,Carter Rowney,R,PIT,96,-30,hit_thrown
8477240,Carter Rowney,R,PIT,73,-39,hit_thrown
8477240,Carter Rowney,R,PIT,96,-19,hit_thrown
8477240,Carter Rowney,R,PIT,92,-32,hit_thrown
8477240,Carter Rowney,R,PIT,99,-20,hit_thrown
8477240,Carter Rowney,R,PIT,56,-37,hit_thrown
8477240,Carter Rowney,R,PIT,-40,-35,hit_thrown
8477240,Carter Rowney,R,PIT,-94,-3,takeaway_hd
8477240,Carter Rowney,R,PIT,-71,-40,takeaway_other
8477240,Carter Rowney,R,PIT,48,-40,takeaway_other
8477240,Carter Rowney,R,PIT,40,25,takeaway_other
8477240,Carter Rowney,R,PIT,-88,34,takeaway_other
8477240,Carter Rowney,R,PIT,-44,-8,takeaway_other
8477240,Carter Rowney,R,PIT,-76,25,takeaway_other
8477240,Carter Rowney,R,PIT,72,40,takeaway_other
8477240,Carter Rowney,R,PIT,17,-34,takeaway_other
8477240,Carter Rowney,R,PIT,40,17,takeaway_other
8477240,Carter Rowney,R,PIT,95,22,takeaway_other
8477244,Chad Ruhwedel,D,PIT,-78,-9,block_hd
8477244,Chad Ruhwedel,D,PIT,-76,-18,block_hd
8477244,Chad Ruhwedel,D,PIT,-48,-18,block_non_hd
8477244,Chad Ruhwedel,D,PIT,95,38,hit_taken
8477244,Chad Ruhwedel,D,PIT,5,-42,hit_taken
8477244,Chad Ruhwedel,D,PIT,-95,-27,hit_taken
8477244,Chad Ruhwedel,D,PIT,80,-39,hit_taken
8477244,Chad Ruhwedel,D,PIT,-22,41,hit_taken
8477244,Chad Ruhwedel,D,PIT,-4,39,hit_taken
8477244,Chad Ruhwedel,D,PIT,-68,39,hit_taken
8477244,Chad Ruhwedel,D,PIT,18,-39,hit_taken
8477244,Chad Ruhwedel,D,PIT,96,-9,hit_taken
8477244,Chad Ruhwedel,D,PIT,-7,-35,hit_taken
8477244,Chad Ruhwedel,D,PIT,96,34,hit_taken
8477244,Chad Ruhwedel,D,PIT,93,-38,hit_taken
8477244,Chad Ruhwedel,D,PIT,90,37,hit_thrown
8477244,Chad Ruhwedel,D,PIT,-96,9,hit_thrown
8477244,Chad Ruhwedel,D,PIT,-1,-21,hit_thrown
8477244,Chad Ruhwedel,D,PIT,-88,18,hit_thrown
8477244,Chad Ruhwedel,D,PIT,-17,-40,hit_thrown
8477244,Chad Ruhwedel,D,PIT,-97,-4,hit_thrown
8477244,Chad Ruhwedel,D,PIT,92,38,hit_thrown
8477244,Chad Ruhwedel,D,PIT,55,-39,hit_thrown
8477244,Chad Ruhwedel,D,PIT,-20,31,hit_thrown
8477244,Chad Ruhwedel,D,PIT,42,-40,hit_thrown
8477244,Chad Ruhwedel,D,PIT,86,-38,hit_thrown
8477244,Chad Ruhwedel,D,PIT,-94,13,hit_thrown
8477401,John Hayden,C,CHI,8,37,hit_taken
8477401,John Hayden,C,CHI,49,-38,hit_taken
8477401,John Hayden,C,CHI,-47,39,hit_thrown
8477401,John Hayden,C,CHI,85,38,hit_thrown
8477401,John Hayden,C,CHI,-31,7,takeaway_other
8477402,Pavel Buchnevich,L,NYR,-47,-28,block_non_hd
8477402,Pavel Buchnevich,L,NYR,46,-12,block_non_hd
8477402,Pavel Buchnevich,L,NYR,-44,17,block_non_hd
8477402,Pavel Buchnevich,L,NYR,-41,1,block_non_hd
8477402,Pavel Buchnevich,L,NYR,10,40,hit_taken
8477402,Pavel Buchnevich,L,NYR,-71,-38,hit_taken
8477402,Pavel Buchnevich,L,NYR,-87,38,hit_taken
8477402,Pavel Buchnevich,L,NYR,-95,1,hit_taken
8477402,Pavel Buchnevich,L,NYR,-42,-39,hit_taken
8477402,Pavel Buchnevich,L,NYR,17,39,hit_taken
8477402,Pavel Buchnevich,L,NYR,-29,38,hit_thrown
8477402,Pavel Buchnevich,L,NYR,96,-33,hit_thrown
8477402,Pavel Buchnevich,L,NYR,-42,-38,hit_thrown
8477402,Pavel Buchnevich,L,NYR,-94,-36,hit_thrown
8477402,Pavel Buchnevich,L,NYR,-96,4,hit_thrown
8477404,Jake Guentzel,C,PIT,81,8,block_hd
8477404,Jake Guentzel,C,PIT,-87,4,block_hd
8477404,Jake Guentzel,C,PIT,-75,6,block_hd
8477404,Jake Guentzel,C,PIT,-59,-4,block_non_hd
8477404,Jake Guentzel,C,PIT,54,-15,block_non_hd
8477404,Jake Guentzel,C,PIT,-32,-25,block_non_hd
8477404,Jake Guentzel,C,PIT,58,-16,block_non_hd
8477404,Jake Guentzel,C,PIT,-61,6,block_non_hd
8477404,Jake Guentzel,C,PIT,-59,28,block_non_hd
8477404,Jake Guentzel,C,PIT,42,-18,block_non_hd
8477404,Jake Guentzel,C,PIT,60,23,block_non_hd
8477404,Jake Guentzel,C,PIT,-60,-8,block_non_hd
8477404,Jake Guentzel,C,PIT,-75,-19,block_non_hd
8477404,Jake Guentzel,C,PIT,-85,-6,crease_goal
8477404,Jake Guentzel,C,PIT,-88,-5,crease_goal
8477404,Jake Guentzel,C,PIT,-81,0,crease_goal
8477404,Jake Guentzel,C,PIT,87,-7,crease_goal
8477404,Jake Guentzel,C,PIT,-79,0,crease_goal
8477404,Jake Guentzel,C,PIT,3,39,hit_taken
8477404,Jake Guentzel,C,PIT,93,-35,hit_taken
8477404,Jake Guentzel,C,PIT,94,-33,hit_taken
8477404,Jake Guentzel,C,PIT,42,-3,hit_taken
8477404,Jake Guentzel,C,PIT,-48,40,hit_taken
8477404,Jake Guentzel,C,PIT,46,-38,hit_taken
8477404,Jake Guentzel,C,PIT,-53,-38,hit_taken
8477404,Jake Guentzel,C,PIT,-68,37,hit_taken
8477404,Jake Guentzel,C,PIT,98,2,hit_taken
8477404,Jake Guentzel,C,PIT,-7,34,hit_taken
8477404,Jake Guentzel,C,PIT,-97,16,hit_taken
8477404,Jake Guentzel,C,PIT,93,-36,hit_taken
8477404,Jake Guentzel,C,PIT,-97,25,hit_taken
8477404,Jake Guentzel,C,PIT,-96,-26,hit_taken
8477404,Jake Guentzel,C,PIT,-73,-40,hit_taken
8477404,Jake Guentzel,C,PIT,98,21,hit_taken
8477404,Jake Guentzel,C,PIT,-96,-6,hit_taken
8477404,Jake Guentzel,C,PIT,95,32,hit_taken
8477404,Jake Guentzel,C,PIT,-20,-33,hit_taken
8477404,Jake Guentzel,C,PIT,12,39,hit_taken
8477404,Jake Guentzel,C,PIT,76,40,hit_taken
8477404,Jake Guentzel,C,PIT,33,38,hit_taken
8477404,Jake Guentzel,C,PIT,64,39,hit_taken
8477404,Jake Guentzel,C,PIT,-97,-12,hit_taken
8477404,Jake Guentzel,C,PIT,97,-8,hit_taken
8477404,Jake Guentzel,C,PIT,-96,23,hit_taken
8477404,Jake Guentzel,C,PIT,78,38,hit_taken
8477404,Jake Guentzel,C,PIT,96,-34,hit_taken
8477404,Jake Guentzel,C,PIT,94,-32,hit_taken
8477404,Jake Guentzel,C,PIT,33,-38,hit_taken
8477404,Jake Guentzel,C,PIT,95,-31,hit_taken
8477404,Jake Guentzel,C,PIT,8,40,hit_taken
8477404,Jake Guentzel,C,PIT,-16,-41,hit_taken
8477404,Jake Guentzel,C,PIT,-34,-38,hit_taken
8477404,Jake Guentzel,C,PIT,-96,-12,hit_taken
8477404,Jake Guentzel,C,PIT,-38,-39,hit_taken
8477404,Jake Guentzel,C,PIT,65,37,hit_taken
8477404,Jake Guentzel,C,PIT,29,40,hit_taken
8477404,Jake Guentzel,C,PIT,-14,-37,hit_taken
8477404,Jake Guentzel,C,PIT,-51,4,hit_taken
8477404,Jake Guentzel,C,PIT,18,39,hit_taken
8477404,Jake Guentzel,C,PIT,97,25,hit_taken
8477404,Jake Guentzel,C,PIT,58,-38,hit_taken
8477404,Jake Guentzel,C,PIT,68,11,hit_taken
8477404,Jake Guentzel,C,PIT,-79,-39,hit_taken
8477404,Jake Guentzel,C,PIT,-48,4,hit_taken
8477404,Jake Guentzel,C,PIT,97,33,hit_taken
8477404,Jake Guentzel,C,PIT,21,40,hit_taken
8477404,Jake Guentzel,C,PIT,94,-32,hit_taken
8477404,Jake Guentzel,C,PIT,-91,38,hit_taken
8477404,Jake Guentzel,C,PIT,85,-41,hit_taken
8477404,Jake Guentzel,C,PIT,60,-41,hit_taken
8477404,Jake Guentzel,C,PIT,-88,-14,hit_taken
8477404,Jake Guentzel,C,PIT,-19,-38,hit_taken
8477404,Jake Guentzel,C,PIT,-40,-35,hit_taken
8477404,Jake Guentzel,C,PIT,72,39,hit_taken
8477404,Jake Guentzel,C,PIT,98,-12,hit_taken
8477404,Jake Guentzel,C,PIT,73,35,hit_taken
8477404,Jake Guentzel,C,PIT,-94,-32,hit_taken
8477404,Jake Guentzel,C,PIT,-27,37,hit_taken
8477404,Jake Guentzel,C,PIT,-38,38,hit_taken
8477404,Jake Guentzel,C,PIT,95,-34,hit_taken
8477404,Jake Guentzel,C,PIT,34,-14,hit_taken
8477404,Jake Guentzel,C,PIT,-27,-38,hit_taken
8477404,Jake Guentzel,C,PIT,40,-40,hit_taken
8477404,Jake Guentzel,C,PIT,-40,38,hit_taken
8477404,Jake Guentzel,C,PIT,-94,17,hit_taken
8477404,Jake Guentzel,C,PIT,81,40,hit_thrown
8477404,Jake Guentzel,C,PIT,-97,27,hit_thrown
8477404,Jake Guentzel,C,PIT,4,40,hit_thrown
8477404,Jake Guentzel,C,PIT,-95,-8,hit_thrown
8477404,Jake Guentzel,C,PIT,98,-1,hit_thrown
8477404,Jake Guentzel,C,PIT,83,39,hit_thrown
8477404,Jake Guentzel,C,PIT,-31,38,hit_thrown
8477404,Jake Guentzel,C,PIT,-16,38,hit_thrown
8477404,Jake Guentzel,C,PIT,-96,31,hit_thrown
8477404,Jake Guentzel,C,PIT,98,-27,hit_thrown
8477404,Jake Guentzel,C,PIT,92,-39,hit_thrown
8477404,Jake Guentzel,C,PIT,-29,-18,hit_thrown
8477404,Jake Guentzel,C,PIT,99,-3,hit_thrown
8477404,Jake Guentzel,C,PIT,93,-36,hit_thrown
8477404,Jake Guentzel,C,PIT,62,-39,hit_thrown
8477404,Jake Guentzel,C,PIT,-96,25,hit_thrown
8477404,Jake Guentzel,C,PIT,-96,-3,hit_thrown
8477404,Jake Guentzel,C,PIT,83,39,hit_thrown
8477404,Jake Guentzel,C,PIT,98,-25,hit_thrown
8477404,Jake Guentzel,C,PIT,4,38,hit_thrown
8477404,Jake Guentzel,C,PIT,-83,-41,hit_thrown
8477404,Jake Guentzel,C,PIT,97,35,hit_thrown
8477404,Jake Guentzel,C,PIT,-88,39,hit_thrown
8477404,Jake Guentzel,C,PIT,-94,-10,hit_thrown
8477404,Jake Guentzel,C,PIT,-61,-40,hit_thrown
8477404,Jake Guentzel,C,PIT,90,-36,hit_thrown
8477404,Jake Guentzel,C,PIT,-23,-40,hit_thrown
8477404,Jake Guentzel,C,PIT,43,-39,hit_thrown
8477404,Jake Guentzel,C,PIT,94,-31,hit_thrown
8477404,Jake Guentzel,C,PIT,-28,40,hit_thrown
8477404,Jake Guentzel,C,PIT,-14,-39,hit_thrown
8477404,Jake Guentzel,C,PIT,-72,-14,takeaway_hd
8477404,Jake Guentzel,C,PIT,-29,-2,takeaway_other
8477404,Jake Guentzel,C,PIT,52,-39,takeaway_other
8477404,Jake Guentzel,C,PIT,-35,37,takeaway_other
8477404,Jake Guentzel,C,PIT,45,17,takeaway_other
8477404,Jake Guentzel,C,PIT,8,2,takeaway_other
8477404,Jake Guentzel,C,PIT,41,10,takeaway_other
8477404,Jake Guentzel,C,PIT,74,-34,takeaway_other
8477404,Jake Guentzel,C,PIT,2,39,takeaway_other
8477415,Anton Slepyshev,L,EDM,71,2,block_hd
8477415,Anton Slepyshev,L,EDM,58,3,block_non_hd
8477415,Anton Slepyshev,L,EDM,-46,-14,block_non_hd
8477415,Anton Slepyshev,L,EDM,-81,4,crease_goal
8477415,Anton Slepyshev,L,EDM,98,8,hit_taken
8477415,Anton Slepyshev,L,EDM,-27,-39,hit_taken
8477415,Anton Slepyshev,L,EDM,74,40,hit_taken
8477415,Anton Slepyshev,L,EDM,6,40,hit_taken
8477415,Anton Slepyshev,L,EDM,-81,36,hit_taken
8477415,Anton Slepyshev,L,EDM,-18,36,hit_taken
8477415,Anton Slepyshev,L,EDM,-98,21,hit_taken
8477415,Anton Slepyshev,L,EDM,28,-41,hit_taken
8477415,Anton Slepyshev,L,EDM,-22,40,hit_taken
8477415,Anton Slepyshev,L,EDM,-91,-37,hit_taken
8477415,Anton Slepyshev,L,EDM,-29,38,hit_taken
8477415,Anton Slepyshev,L,EDM,27,38,hit_taken
8477415,Anton Slepyshev,L,EDM,79,-36,hit_taken
8477415,Anton Slepyshev,L,EDM,96,-34,hit_taken
8477415,Anton Slepyshev,L,EDM,8,-39,hit_taken
8477415,Anton Slepyshev,L,EDM,-80,-37,hit_taken
8477415,Anton Slepyshev,L,EDM,-80,-40,hit_taken
8477415,Anton Slepyshev,L,EDM,95,-16,hit_thrown
8477415,Anton Slepyshev,L,EDM,27,40,hit_thrown
8477415,Anton Slepyshev,L,EDM,-52,-41,hit_thrown
8477415,Anton Slepyshev,L,EDM,98,20,hit_thrown
8477415,Anton Slepyshev,L,EDM,-28,40,hit_thrown
8477415,Anton Slepyshev,L,EDM,82,-38,hit_thrown
8477415,Anton Slepyshev,L,EDM,97,18,hit_thrown
8477415,Anton Slepyshev,L,EDM,66,-41,hit_thrown
8477415,Anton Slepyshev,L,EDM,93,-33,hit_thrown
8477415,Anton Slepyshev,L,EDM,-94,-7,hit_thrown
8477415,Anton Slepyshev,L,EDM,35,-35,hit_thrown
8477415,Anton Slepyshev,L,EDM,46,29,hit_thrown
8477415,Anton Slepyshev,L,EDM,8,11,takeaway_other
8477415,Anton Slepyshev,L,EDM,-21,12,takeaway_other
8477415,Anton Slepyshev,L,EDM,77,-36,takeaway_other
8477415,Anton Slepyshev,L,EDM,-97,-24,takeaway_other
8477415,Anton Slepyshev,L,EDM,62,35,takeaway_other
8477415,Anton Slepyshev,L,EDM,6,35,takeaway_other
8477416,Oliver Bjorkstrand,R,CBJ,-75,-17,block_hd
8477416,Oliver Bjorkstrand,R,CBJ,-64,-16,block_non_hd
8477416,Oliver Bjorkstrand,R,CBJ,-86,-39,hit_taken
8477416,Oliver Bjorkstrand,R,CBJ,60,39,hit_taken
8477416,Oliver Bjorkstrand,R,CBJ,9,41,hit_taken
8477416,Oliver Bjorkstrand,R,CBJ,23,40,hit_taken
8477416,Oliver Bjorkstrand,R,CBJ,0,-39,hit_taken
8477416,Oliver Bjorkstrand,R,CBJ,95,-36,hit_taken
8477416,Oliver Bjorkstrand,R,CBJ,-31,-35,hit_taken
8477416,Oliver Bjorkstrand,R,CBJ,96,-21,hit_taken
8477416,Oliver Bjorkstrand,R,CBJ,-44,38,hit_taken
8477416,Oliver Bjorkstrand,R,CBJ,-16,-40,hit_taken
8477416,Oliver Bjorkstrand,R,CBJ,-9,-40,hit_taken
8477416,Oliver Bjorkstrand,R,CBJ,-54,40,hit_taken
8477416,Oliver Bjorkstrand,R,CBJ,-84,40,hit_thrown
8477416,Oliver Bjorkstrand,R,CBJ,-10,-41,hit_thrown
8477416,Oliver Bjorkstrand,R,CBJ,-97,-8,hit_thrown
8477416,Oliver Bjorkstrand,R,CBJ,67,37,hit_thrown
8477416,Oliver Bjorkstrand,R,CBJ,-8,-37,hit_thrown
8477416,Oliver Bjorkstrand,R,CBJ,97,-31,hit_thrown
8477416,Oliver Bjorkstrand,R,CBJ,-82,40,hit_thrown
8477416,Oliver Bjorkstrand,R,CBJ,97,0,takeaway_hd
8477433,Ben Harpur,D,OTT,-74,1,block_hd
8477433,Ben Harpur,D,OTT,-73,-1,block_hd
8477433,Ben Harpur,D,OTT,77,2,block_hd
8477433,Ben Harpur,D,OTT,76,-7,block_hd
8477433,Ben Harpur,D,OTT,70,-15,block_hd
8477433,Ben Harpur,D,OTT,68,-5,block_non_hd
8477433,Ben Harpur,D,OTT,-69,6,block_non_hd
8477433,Ben Harpur,D,OTT,62,-7,block_non_hd
8477433,Ben Harpur,D,OTT,58,-1,block_non_hd
8477433,Ben Harpur,D,OTT,-78,-33,block_non_hd
8477433,Ben Harpur,D,OTT,-68,-8,block_non_hd
8477433,Ben Harpur,D,OTT,-19,-40,hit_taken
8477433,Ben Harpur,D,OTT,95,20,hit_taken
8477433,Ben Harpur,D,OTT,97,26,hit_taken
8477433,Ben Harpur,D,OTT,-96,-16,hit_taken
8477433,Ben Harpur,D,OTT,-93,-21,hit_taken
8477433,Ben Harpur,D,OTT,-76,35,hit_taken
8477433,Ben Harpur,D,OTT,81,40,hit_taken
8477433,Ben Harpur,D,OTT,93,-13,hit_taken
8477433,Ben Harpur,D,OTT,-51,38,hit_taken
8477433,Ben Harpur,D,OTT,-86,-35,hit_taken
8477433,Ben Harpur,D,OTT,-70,12,hit_taken
8477433,Ben Harpur,D,OTT,93,23,hit_taken
8477433,Ben Harpur,D,OTT,-12,-21,hit_taken
8477433,Ben Harpur,D,OTT,93,-30,hit_taken
8477433,Ben Harpur,D,OTT,76,37,hit_taken
8477433,Ben Harpur,D,OTT,95,17,hit_taken
8477433,Ben Harpur,D,OTT,60,38,hit_taken
8477433,Ben Harpur,D,OTT,-75,-40,hit_taken
8477433,Ben Harpur,D,OTT,23,-35,hit_taken
8477433,Ben Harpur,D,OTT,-96,4,hit_taken
8477433,Ben Harpur,D,OTT,-96,-14,hit_taken
8477433,Ben Harpur,D,OTT,95,-30,hit_taken
8477433,Ben Harpur,D,OTT,-78,38,hit_taken
8477433,Ben Harpur,D,OTT,-53,38,hit_taken
8477433,Ben Harpur,D,OTT,73,39,hit_taken
8477433,Ben Harpur,D,OTT,96,19,hit_taken
8477433,Ben Harpur,D,OTT,95,-10,hit_taken
8477433,Ben Harpur,D,OTT,-72,-23,hit_taken
8477433,Ben Harpur,D,OTT,-75,-37,hit_taken
8477433,Ben Harpur,D,OTT,97,27,hit_taken
8477433,Ben Harpur,D,OTT,-66,-19,hit_thrown
8477433,Ben Harpur,D,OTT,31,-35,hit_thrown
8477433,Ben Harpur,D,OTT,-44,-33,hit_thrown
8477433,Ben Harpur,D,OTT,-57,-25,hit_thrown
8477433,Ben Harpur,D,OTT,-86,36,hit_thrown
8477433,Ben Harpur,D,OTT,96,-34,hit_thrown
8477433,Ben Harpur,D,OTT,96,-23,hit_thrown
8477433,Ben Harpur,D,OTT,0,-39,hit_thrown
8477433,Ben Harpur,D,OTT,-85,9,hit_thrown
8477433,Ben Harpur,D,OTT,-11,40,hit_thrown
8477433,Ben Harpur,D,OTT,95,35,hit_thrown
8477433,Ben Harpur,D,OTT,4,38,hit_thrown
8477433,Ben Harpur,D,OTT,-22,-37,hit_thrown
8477433,Ben Harpur,D,OTT,-92,37,hit_thrown
8477433,Ben Harpur,D,OTT,-38,-39,hit_thrown
8477433,Ben Harpur,D,OTT,22,30,hit_thrown
8477433,Ben Harpur,D,OTT,60,-41,hit_thrown
8477433,Ben Harpur,D,OTT,-5,-37,hit_thrown
8477433,Ben Harpur,D,OTT,6,32,hit_thrown
8477433,Ben Harpur,D,OTT,-19,-39,takeaway_other
8477433,Ben Harpur,D,OTT,-3,31,takeaway_other
8477433,Ben Harpur,D,OTT,-92,-19,takeaway_other
8477444,Andre Burakovsky,L,WSH,-39,-16,block_non_hd
8477444,Andre Burakovsky,L,WSH,52,-23,block_non_hd
8477444,Andre Burakovsky,L,WSH,82,7,crease_goal
8477444,Andre Burakovsky,L,WSH,-96,-23,hit_taken
8477444,Andre Burakovsky,L,WSH,93,-9,hit_taken
8477444,Andre Burakovsky,L,WSH,-91,37,hit_taken
8477444,Andre Burakovsky,L,WSH,-87,-39,hit_taken
8477444,Andre Burakovsky,L,WSH,78,38,hit_taken
8477444,Andre Burakovsky,L,WSH,11,-36,hit_taken
8477444,Andre Burakovsky,L,WSH,9,38,hit_taken
8477444,Andre Burakovsky,L,WSH,-53,40,hit_taken
8477444,Andre Burakovsky,L,WSH,32,-40,hit_taken
8477444,Andre Burakovsky,L,WSH,37,-13,hit_taken
8477444,Andre Burakovsky,L,WSH,96,19,hit_taken
8477444,Andre Burakovsky,L,WSH,33,31,hit_taken
8477444,Andre Burakovsky,L,WSH,-90,-31,hit_taken
8477444,Andre Burakovsky,L,WSH,54,-39,hit_taken
8477444,Andre Burakovsky,L,WSH,-93,-36,hit_taken
8477444,Andre Burakovsky,L,WSH,22,39,hit_taken
8477444,Andre Burakovsky,L,WSH,76,36,hit_taken
8477444,Andre Burakovsky,L,WSH,44,-39,hit_taken
8477444,Andre Burakovsky,L,WSH,-2,3,hit_taken
8477444,Andre Burakovsky,L,WSH,2,-40,hit_taken
8477444,Andre Burakovsky,L,WSH,4,39,hit_taken
8477444,Andre Burakovsky,L,WSH,40,41,hit_taken
8477444,Andre Burakovsky,L,WSH,-96,18,hit_thrown
8477444,Andre Burakovsky,L,WSH,86,40,hit_thrown
8477444,Andre Burakovsky,L,WSH,51,35,hit_thrown
8477444,Andre Burakovsky,L,WSH,-95,20,hit_thrown
8477444,Andre Burakovsky,L,WSH,96,-12,hit_thrown
8477444,Andre Burakovsky,L,WSH,-78,-38,hit_thrown
8477444,Andre Burakovsky,L,WSH,86,37,hit_thrown
8477444,Andre Burakovsky,L,WSH,-92,38,hit_thrown
8477444,Andre Burakovsky,L,WSH,-88,-38,hit_thrown
8477444,Andre Burakovsky,L,WSH,-94,-13,hit_thrown
8477444,Andre Burakovsky,L,WSH,-55,36,hit_thrown
8477444,Andre Burakovsky,L,WSH,-9,-40,hit_thrown
8477444,Andre Burakovsky,L,WSH,77,-40,hit_thrown
8477444,Andre Burakovsky,L,WSH,92,39,hit_thrown
8477444,Andre Burakovsky,L,WSH,57,39,hit_thrown
8477444,Andre Burakovsky,L,WSH,98,1,hit_thrown
8477444,Andre Burakovsky,L,WSH,96,-23,hit_thrown
8477444,Andre Burakovsky,L,WSH,78,-36,hit_thrown
8477444,Andre Burakovsky,L,WSH,-96,8,takeaway_hd
8477444,Andre Burakovsky,L,WSH,65,5,takeaway_other
8477444,Andre Burakovsky,L,WSH,-69,7,takeaway_other
8477444,Andre Burakovsky,L,WSH,-91,33,takeaway_other
8477444,Andre Burakovsky,L,WSH,-15,39,takeaway_other
8477444,Andre Burakovsky,L,WSH,4,36,takeaway_other
8477444,Andre Burakovsky,L,WSH,20,-35,takeaway_other
8477444,Andre Burakovsky,L,WSH,-69,-31,takeaway_other
8477444,Andre Burakovsky,L,WSH,25,22,takeaway_other
8477444,Andre Burakovsky,L,WSH,35,35,takeaway_other
8477444,Andre Burakovsky,L,WSH,-10,38,takeaway_other
8477446,Michael McCarron,R,MTL,5,-39,hit_taken
8477446,Michael McCarron,R,MTL,85,38,hit_thrown
8477446,Michael McCarron,R,MTL,96,-25,hit_thrown
8477447,Shea Theodore,D,ANA,79,-13,block_hd
8477447,Shea Theodore,D,ANA,74,-3,block_hd
8477447,Shea Theodore,D,ANA,-81,-3,block_hd
8477447,Shea Theodore,D,ANA,72,-10,block_hd
8477447,Shea Theodore,D,ANA,77,3,block_hd
8477447,Shea Theodore,D,ANA,-80,-4,block_hd
8477447,Shea Theodore,D,ANA,-81,1,block_hd
8477447,Shea Theodore,D,ANA,70,-12,block_hd
8477447,Shea Theodore,D,ANA,73,-14,block_hd
8477447,Shea Theodore,D,ANA,64,5,block_non_hd
8477447,Shea Theodore,D,ANA,-69,5,block_non_hd
8477447,Shea Theodore,D,ANA,68,-3,block_non_hd
8477447,Shea Theodore,D,ANA,47,-18,block_non_hd
8477447,Shea Theodore,D,ANA,-60,1,block_non_hd
8477447,Shea Theodore,D,ANA,61,-24,block_non_hd
8477447,Shea Theodore,D,ANA,53,-24,block_non_hd
8477447,Shea Theodore,D,ANA,59,-5,block_non_hd
8477447,Shea Theodore,D,ANA,66,14,block_non_hd
8477447,Shea Theodore,D,ANA,74,-38,block_non_hd
8477447,Shea Theodore,D,ANA,-92,-36,hit_taken
8477447,Shea Theodore,D,ANA,-36,40,hit_taken
8477447,Shea Theodore,D,ANA,84,40,hit_taken
8477447,Shea Theodore,D,ANA,91,-32,hit_taken
8477447,Shea Theodore,D,ANA,-99,-10,hit_taken
8477447,Shea Theodore,D,ANA,58,10,hit_taken
8477447,Shea Theodore,D,ANA,-94,31,hit_taken
8477447,Shea Theodore,D,ANA,-34,-33,hit_taken
8477447,Shea Theodore,D,ANA,98,-26,hit_taken
8477447,Shea Theodore,D,ANA,-96,-21,hit_taken
8477447,Shea Theodore,D,ANA,92,8,hit_taken
8477447,Shea Theodore,D,ANA,-98,-22,hit_taken
8477447,Shea Theodore,D,ANA,82,41,hit_taken
8477447,Shea Theodore,D,ANA,-67,-40,hit_taken
8477447,Shea Theodore,D,ANA,99,-9,hit_taken
8477447,Shea Theodore,D,ANA,-96,1,hit_taken
8477447,Shea Theodore,D,ANA,86,-32,hit_taken
8477447,Shea Theodore,D,ANA,94,-16,hit_taken
8477447,Shea Theodore,D,ANA,93,-5,hit_taken
8477447,Shea Theodore,D,ANA,-98,11,hit_thrown
8477447,Shea Theodore,D,ANA,-94,-35,hit_thrown
8477447,Shea Theodore,D,ANA,51,-41,hit_thrown
8477447,Shea Theodore,D,ANA,95,-35,hit_thrown
8477447,Shea Theodore,D,ANA,-73,40,hit_thrown
8477451,Ryan Hartman,R,CHI,-43,5,block_non_hd
8477451,Ryan Hartman,R,CHI,-40,-30,block_non_hd
8477451,Ryan Hartman,R,CHI,-94,-15,hit_taken
8477451,Ryan Hartman,R,CHI,-93,3,hit_taken
8477451,Ryan Hartman,R,CHI,55,-39,hit_taken
8477451,Ryan Hartman,R,CHI,-36,18,hit_taken
8477451,Ryan Hartman,R,CHI,-92,17,hit_taken
8477451,Ryan Hartman,R,CHI,-66,-20,hit_taken
8477451,Ryan Hartman,R,CHI,-96,13,hit_taken
8477451,Ryan Hartman,R,CHI,-44,-37,hit_taken
8477451,Ryan Hartman,R,CHI,41,-12,hit_taken
8477451,Ryan Hartman,R,CHI,-36,-38,hit_taken
8477451,Ryan Hartman,R,CHI,-25,-33,hit_taken
8477451,Ryan Hartman,R,CHI,-60,-40,hit_taken
8477451,Ryan Hartman,R,CHI,40,-38,hit_taken
8477451,Ryan Hartman,R,CHI,-39,-36,hit_taken
8477451,Ryan Hartman,R,CHI,94,-30,hit_taken
8477451,Ryan Hartman,R,CHI,1,-38,hit_thrown
8477451,Ryan Hartman,R,CHI,-32,-41,hit_thrown
8477451,Ryan Hartman,R,CHI,-29,25,hit_thrown
8477451,Ryan Hartman,R,CHI,-58,-39,hit_thrown
8477451,Ryan Hartman,R,CHI,-11,-37,hit_thrown
8477451,Ryan Hartman,R,CHI,86,-33,hit_thrown
8477451,Ryan Hartman,R,CHI,34,-34,hit_thrown
8477476,Artturi Lehkonen,L,MTL,74,-1,block_hd
8477476,Artturi Lehkonen,L,MTL,-75,4,block_hd
8477476,Artturi Lehkonen,L,MTL,58,-24,block_non_hd
8477476,Artturi Lehkonen,L,MTL,-62,20,block_non_hd
8477476,Artturi Lehkonen,L,MTL,-86,7,crease_goal
8477476,Artturi Lehkonen,L,MTL,-82,-38,hit_taken
8477476,Artturi Lehkonen,L,MTL,-41,-36,hit_taken
8477476,Artturi Lehkonen,L,MTL,-95,35,hit_taken
8477476,Artturi Lehkonen,L,MTL,-80,41,hit_taken
8477476,Artturi Lehkonen,L,MTL,-36,-40,hit_taken
8477476,Artturi Lehkonen,L,MTL,-23,-36,hit_taken
8477476,Artturi Lehkonen,L,MTL,96,32,hit_taken
8477476,Artturi Lehkonen,L,MTL,11,-38,hit_taken
8477476,Artturi Lehkonen,L,MTL,-14,-40,hit_taken
8477476,Artturi Lehkonen,L,MTL,-76,40,hit_taken
8477476,Artturi Lehkonen,L,MTL,83,30,hit_taken
8477476,Artturi Lehkonen,L,MTL,-84,39,hit_taken
8477476,Artturi Lehkonen,L,MTL,16,-21,hit_taken
8477476,Artturi Lehkonen,L,MTL,47,-21,hit_taken
8477476,Artturi Lehkonen,L,MTL,49,-39,hit_taken
8477476,Artturi Lehkonen,L,MTL,7,36,hit_taken
8477476,Artturi Lehkonen,L,MTL,96,-25,hit_taken
8477476,Artturi Lehkonen,L,MTL,-93,8,hit_taken
8477476,Artturi Lehkonen,L,MTL,52,5,hit_taken
8477476,Artturi Lehkonen,L,MTL,-23,-38,hit_taken
8477476,Artturi Lehkonen,L,MTL,77,-39,hit_taken
8477476,Artturi Lehkonen,L,MTL,-46,-37,hit_thrown
8477476,Artturi Lehkonen,L,MTL,-79,15,hit_thrown
8477476,Artturi Lehkonen,L,MTL,-96,-9,hit_thrown
8477476,Artturi Lehkonen,L,MTL,-55,-40,hit_thrown
8477476,Artturi Lehkonen,L,MTL,-89,-40,hit_thrown
8477476,Artturi Lehkonen,L,MTL,1,-39,hit_thrown
8477476,Artturi Lehkonen,L,MTL,-96,-6,hit_thrown
8477476,Artturi Lehkonen,L,MTL,85,-37,hit_thrown
8477476,Artturi Lehkonen,L,MTL,76,-38,hit_thrown
8477476,Artturi Lehkonen,L,MTL,23,-38,hit_thrown
8477476,Artturi Lehkonen,L,MTL,-97,13,hit_thrown
8477476,Artturi Lehkonen,L,MTL,61,40,hit_thrown
8477476,Artturi Lehkonen,L,MTL,13,-39,hit_thrown
8477476,Artturi Lehkonen,L,MTL,-90,14,takeaway_hd
8477476,Artturi Lehkonen,L,MTL,16,15,takeaway_other
8477476,Artturi Lehkonen,L,MTL,65,28,takeaway_other
8477482,Zachary Sanford,L,STL,-74,6,block_hd
8477482,Zachary Sanford,L,STL,-40,-24,block_non_hd
8477482,Zachary Sanford,L,STL,-40,17,block_non_hd
8477482,Zachary Sanford,L,STL,71,-39,hit_taken
8477482,Zachary Sanford,L,STL,-96,16,hit_taken
8477482,Zachary Sanford,L,STL,-15,37,hit_taken
8477482,Zachary Sanford,L,STL,41,35,hit_taken
8477482,Zachary Sanford,L,STL,98,18,hit_taken
8477482,Zachary Sanford,L,STL,14,-39,hit_taken
8477482,Zachary Sanford,L,STL,-26,-23,hit_taken
8477482,Zachary Sanford,L,STL,-49,-39,hit_thrown
8477482,Zachary Sanford,L,STL,75,40,hit_thrown
8477482,Zachary Sanford,L,STL,55,41,hit_thrown
8477482,Zachary Sanford,L,STL,85,38,hit_thrown
8477482,Zachary Sanford,L,STL,5,35,hit_thrown
8477482,Zachary Sanford,L,STL,-95,24,hit_thrown
8477495,Seth Jones,D,CBJ,-79,3,block_hd
8477495,Seth Jones,D,CBJ,81,1,block_hd
8477495,Seth Jones,D,CBJ,-71,-3,block_hd
8477495,Seth Jones,D,CBJ,-63,7,block_non_hd
8477495,Seth Jones,D,CBJ,68,7,block_non_hd
8477495,Seth Jones,D,CBJ,60,4,block_non_hd
8477495,Seth Jones,D,CBJ,-69,11,block_non_hd
8477495,Seth Jones,D,CBJ,-64,-7,block_non_hd
8477495,Seth Jones,D,CBJ,81,40,hit_taken
8477495,Seth Jones,D,CBJ,82,41,hit_taken
8477495,Seth Jones,D,CBJ,91,-39,hit_taken
8477495,Seth Jones,D,CBJ,68,-39,hit_taken
8477495,Seth Jones,D,CBJ,-98,-6,hit_taken
8477495,Seth Jones,D,CBJ,-72,40,hit_taken
8477495,Seth Jones,D,CBJ,84,40,hit_taken
8477495,Seth Jones,D,CBJ,-45,25,hit_taken
8477495,Seth Jones,D,CBJ,46,35,hit_taken
8477495,Seth Jones,D,CBJ,-11,-38,hit_taken
8477495,Seth Jones,D,CBJ,-91,35,hit_taken
8477495,Seth Jones,D,CBJ,-98,-17,hit_taken
8477495,Seth Jones,D,CBJ,-94,-33,hit_taken
8477495,Seth Jones,D,CBJ,7,-39,hit_taken
8477495,Seth Jones,D,CBJ,-68,40,hit_taken
8477495,Seth Jones,D,CBJ,97,-33,hit_taken
8477495,Seth Jones,D,CBJ,91,40,hit_thrown
8477495,Seth Jones,D,CBJ,-97,24,hit_thrown
8477495,Seth Jones,D,CBJ,-95,35,hit_thrown
8477495,Seth Jones,D,CBJ,78,-2,hit_thrown
8477495,Seth Jones,D,CBJ,-41,-40,hit_thrown
8477495,Seth Jones,D,CBJ,91,-36,hit_thrown
8477495,Seth Jones,D,CBJ,-20,-33,hit_thrown
8477495,Seth Jones,D,CBJ,98,2,hit_thrown
8477495,Seth Jones,D,CBJ,-63,36,hit_thrown
8477495,Seth Jones,D,CBJ,-78,-5,takeaway_hd
8477495,Seth Jones,D,CBJ,-72,-13,takeaway_hd
8477495,Seth Jones,D,CBJ,-40,23,takeaway_other
8477495,Seth Jones,D,CBJ,59,8,takeaway_other
8477497,Sean Monahan,C,CGY,-58,6,block_non_hd
8477497,Sean Monahan,C,CGY,-81,-4,crease_goal
8477497,Sean Monahan,C,CGY,-78,0,crease_goal
8477497,Sean Monahan,C,CGY,72,22,dz_faceoff_win
8477497,Sean Monahan,C,CGY,68,21,dz_faceoff_win
8477497,Sean Monahan,C,CGY,-75,31,dz_faceoff_win
8477497,Sean Monahan,C,CGY,84,34,dz_faceoff_win
8477497,Sean Monahan,C,CGY,-69,-22,dz_faceoff_win
8477497,Sean Monahan,C,CGY,-92,-36,hit_taken
8477497,Sean Monahan,C,CGY,-91,39,hit_thrown
8477497,Sean Monahan,C,CGY,98,-24,hit_thrown
8477497,Sean Monahan,C,CGY,-1,40,hit_thrown
8477497,Sean Monahan,C,CGY,-87,36,takeaway_other
8477497,Sean Monahan,C,CGY,30,-30,takeaway_other
8477497,Sean Monahan,C,CGY,-14,38,takeaway_other
8477498,Darnell Nurse,D,EDM,82,-6,block_hd
8477498,Darnell Nurse,D,EDM,-71,-14,block_hd
8477498,Darnell Nurse,D,EDM,-78,2,block_hd
8477498,Darnell Nurse,D,EDM,-82,-8,block_hd
8477498,Darnell Nurse,D,EDM,-82,9,block_hd
8477498,Darnell Nurse,D,EDM,71,-16,block_hd
8477498,Darnell Nurse,D,EDM,67,-15,block_non_hd
8477498,Darnell Nurse,D,EDM,58,-10,block_non_hd
8477498,Darnell Nurse,D,EDM,49,-20,block_non_hd
8477498,Darnell Nurse,D,EDM,-69,10,block_non_hd
8477498,Darnell Nurse,D,EDM,55,-19,block_non_hd
8477498,Darnell Nurse,D,EDM,-28,7,block_non_hd
8477498,Darnell Nurse,D,EDM,-68,10,block_non_hd
8477498,Darnell Nurse,D,EDM,-96,-4,hit_taken
8477498,Darnell Nurse,D,EDM,43,-35,hit_taken
8477498,Darnell Nurse,D,EDM,-96,-9,hit_taken
8477498,Darnell Nurse,D,EDM,-17,40,hit_taken
8477498,Darnell Nurse,D,EDM,-77,40,hit_taken
8477498,Darnell Nurse,D,EDM,81,40,hit_taken
8477498,Darnell Nurse,D,EDM,98,-10,hit_taken
8477498,Darnell Nurse,D,EDM,96,-9,hit_taken
8477498,Darnell Nurse,D,EDM,99,-24,hit_taken
8477498,Darnell Nurse,D,EDM,-99,5,hit_taken
8477498,Darnell Nurse,D,EDM,-96,23,hit_taken
8477498,Darnell Nurse,D,EDM,-78,41,hit_taken
8477498,Darnell Nurse,D,EDM,98,20,hit_taken
8477498,Darnell Nurse,D,EDM,97,-2,hit_taken
8477498,Darnell Nurse,D,EDM,-43,3,hit_taken
8477498,Darnell Nurse,D,EDM,-50,-37,hit_taken
8477498,Darnell Nurse,D,EDM,99,-8,hit_taken
8477498,Darnell Nurse,D,EDM,8,38,hit_taken
8477498,Darnell Nurse,D,EDM,98,29,hit_taken
8477498,Darnell Nurse,D,EDM,1,39,hit_taken
8477498,Darnell Nurse,D,EDM,-29,-30,hit_taken
8477498,Darnell Nurse,D,EDM,82,-38,hit_taken
8477498,Darnell Nurse,D,EDM,-42,-35,hit_taken
8477498,Darnell Nurse,D,EDM,-94,16,hit_taken
8477498,Darnell Nurse,D,EDM,16,40,hit_taken
8477498,Darnell Nurse,D,EDM,-57,40,hit_taken
8477498,Darnell Nurse,D,EDM,-35,-40,hit_taken
8477498,Darnell Nurse,D,EDM,-66,40,hit_thrown
8477498,Darnell Nurse,D,EDM,61,-40,hit_thrown
8477498,Darnell Nurse,D,EDM,-78,-41,hit_thrown
8477498,Darnell Nurse,D,EDM,-61,-41,hit_thrown
8477498,Darnell Nurse,D,EDM,-20,39,hit_thrown
8477498,Darnell Nurse,D,EDM,-59,-39,hit_thrown
8477498,Darnell Nurse,D,EDM,-64,39,hit_thrown
8477498,Darnell Nurse,D,EDM,46,-37,hit_thrown
8477498,Darnell Nurse,D,EDM,71,-40,hit_thrown
8477498,Darnell Nurse,D,EDM,43,-40,hit_thrown
8477498,Darnell Nurse,D,EDM,65,40,hit_thrown
8477498,Darnell Nurse,D,EDM,3,33,hit_thrown
8477498,Darnell Nurse,D,EDM,-67,41,hit_thrown
8477498,Darnell Nurse,D,EDM,21,-36,hit_thrown
8477498,Darnell Nurse,D,EDM,5,39,hit_thrown
8477498,Darnell Nurse,D,EDM,-97,1,hit_thrown
8477498,Darnell Nurse,D,EDM,-45,-35,hit_thrown
8477498,Darnell Nurse,D,EDM,-96,23,hit_thrown
8477498,Darnell Nurse,D,EDM,91,-12,hit_thrown
8477498,Darnell Nurse,D,EDM,-63,36,hit_thrown
8477498,Darnell Nurse,D,EDM,-8,-36,hit_thrown
8477498,Darnell Nurse,D,EDM,-95,15,hit_thrown
8477498,Darnell Nurse,D,EDM,63,-38,hit_thrown
8477498,Darnell Nurse,D,EDM,96,-31,hit_thrown
8477498,Darnell Nurse,D,EDM,97,13,hit_thrown
8477498,Darnell Nurse,D,EDM,-78,42,hit_thrown
8477498,Darnell Nurse,D,EDM,-76,40,hit_thrown
8477498,Darnell Nurse,D,EDM,-88,-37,hit_thrown
8477498,Darnell Nurse,D,EDM,35,20,hit_thrown
8477498,Darnell Nurse,D,EDM,-94,29,hit_thrown
8477498,Darnell Nurse,D,EDM,98,9,hit_thrown
8477498,Darnell Nurse,D,EDM,98,-27,hit_thrown
8477498,Darnell Nurse,D,EDM,-81,40,hit_thrown
8477498,Darnell Nurse,D,EDM,99,-21,hit_thrown
8477498,Darnell Nurse,D,EDM,39,-40,hit_thrown
8477498,Darnell Nurse,D,EDM,49,-36,hit_thrown
8477498,Darnell Nurse,D,EDM,-81,9,takeaway_hd
8477498,Darnell Nurse,D,EDM,-83,38,takeaway_other
8477498,Darnell Nurse,D,EDM,-69,36,takeaway_other
8477498,Darnell Nurse,D,EDM,3,-36,takeaway_other
8477505,Alexander Wennberg,C,CBJ,69,-22,dz_faceoff_win
8477505,Alexander Wennberg,C,CBJ,69,23,dz_faceoff_win
8477505,Alexander Wennberg,C,CBJ,69,-22,dz_faceoff_win
8477505,Alexander Wennberg,C,CBJ,-70,-38,dz_faceoff_win
8477505,Alexander Wennberg,C,CBJ,-67,39,dz_faceoff_win
8477505,Alexander Wennberg,C,CBJ,69,-23,dz_faceoff_win
8477505,Alexander Wennberg,C,CBJ,-69,-38,dz_faceoff_win
8477505,Alexander Wennberg,C,CBJ,-27,41,hit_taken
8477505,Alexander Wennberg,C,CBJ,62,40,hit_taken
8477505,Alexander Wennberg,C,CBJ,-97,27,hit_taken
8477505,Alexander Wennberg,C,CBJ,4,40,hit_taken
8477505,Alexander Wennberg,C,CBJ,-94,21,hit_taken
8477505,Alexander Wennberg,C,CBJ,98,22,hit_taken
8477505,Alexander Wennberg,C,CBJ,-97,21,hit_taken
8477505,Alexander Wennberg,C,CBJ,-17,40,hit_thrown
8477505,Alexander Wennberg,C,CBJ,80,41,hit_thrown
8477505,Alexander Wennberg,C,CBJ,-23,38,hit_thrown
8477505,Alexander Wennberg,C,CBJ,94,35,hit_thrown
8477505,Alexander Wennberg,C,CBJ,-96,-5,takeaway_hd
8477505,Alexander Wennberg,C,CBJ,-43,-38,takeaway_other
8477505,Alexander Wennberg,C,CBJ,-56,-16,takeaway_other
8477505,Alexander Wennberg,C,CBJ,-43,36,takeaway_other
8477508,Curtis Lazar,C,CGY,-85,30,block_non_hd
8477508,Curtis Lazar,C,CGY,-69,-22,dz_faceoff_win
8477508,Curtis Lazar,C,CGY,-14,-40,hit_taken
8477839,Conor Sheary,L,PIT,70,-10,block_hd
8477839,Conor Sheary,L,PIT,-45,-13,block_non_hd
8477839,Conor Sheary,L,PIT,-54,-3,block_non_hd
8477839,Conor Sheary,L,PIT,-65,-1,block_non_hd
8477839,Conor Sheary,L,PIT,46,28,block_non_hd
8477839,Conor Sheary,L,PIT,41,22,block_non_hd
8477839,Conor Sheary,L,PIT,43,-30,block_non_hd
8477839,Conor Sheary,L,PIT,-48,-20,block_non_hd
8477839,Conor Sheary,L,PIT,-79,-4,crease_goal
8477839,Conor Sheary,L,PIT,-95,35,hit_taken
8477839,Conor Sheary,L,PIT,62,-38,hit_taken
8477839,Conor Sheary,L,PIT,96,25,hit_taken
8477839,Conor Sheary,L,PIT,96,-35,hit_taken
8477839,Conor Sheary,L,PIT,-56,38,hit_taken
8477839,Conor Sheary,L,PIT,-97,1,hit_taken
8477839,Conor Sheary,L,PIT,-63,36,hit_taken
8477839,Conor Sheary,L,PIT,-89,-31,hit_taken
8477839,Conor Sheary,L,PIT,-55,36,hit_taken
8477839,Conor Sheary,L,PIT,-84,39,hit_taken
8477839,Conor Sheary,L,PIT,78,7,hit_taken
8477839,Conor Sheary,L,PIT,97,-7,hit_taken
8477839,Conor Sheary,L,PIT,-66,38,hit_taken
8477839,Conor Sheary,L,PIT,16,-35,hit_taken
8477839,Conor Sheary,L,PIT,-97,-7,hit_taken
8477839,Conor Sheary,L,PIT,36,38,hit_taken
8477839,Conor Sheary,L,PIT,-34,-33,hit_taken
8477839,Conor Sheary,L,PIT,-28,39,hit_taken
8477839,Conor Sheary,L,PIT,-49,40,hit_taken
8477839,Conor Sheary,L,PIT,99,-8,hit_taken
8477839,Conor Sheary,L,PIT,-32,38,hit_taken
8477839,Conor Sheary,L,PIT,-8,-39,hit_taken
8477839,Conor Sheary,L,PIT,-94,-4,hit_taken
8477839,Conor Sheary,L,PIT,63,-40,hit_taken
8477839,Conor Sheary,L,PIT,97,8,hit_taken
8477839,Conor Sheary,L,PIT,99,11,hit_taken
8477839,Conor Sheary,L,PIT,-91,-39,hit_taken
8477839,Conor Sheary,L,PIT,10,-40,hit_taken
8477839,Conor Sheary,L,PIT,40,38,hit_taken
8477839,Conor Sheary,L,PIT,94,-42,hit_taken
8477839,Conor Sheary,L,PIT,62,40,hit_taken
8477839,Conor Sheary,L,PIT,-67,-38,hit_taken
8477839,Conor Sheary,L,PIT,-35,-39,hit_thrown
8477839,Conor Sheary,L,PIT,82,41,hit_thrown
8477839,Conor Sheary,L,PIT,-6,40,hit_thrown
8477839,Conor Sheary,L,PIT,-40,-39,hit_thrown
8477839,Conor Sheary,L,PIT,59,-42,hit_thrown
8477839,Conor Sheary,L,PIT,-7,-3,hit_thrown
8477839,Conor Sheary,L,PIT,-74,-40,hit_thrown
8477839,Conor Sheary,L,PIT,-94,-33,hit_thrown
8477839,Conor Sheary,L,PIT,98,7,hit_thrown
8477839,Conor Sheary,L,PIT,98,-27,hit_thrown
8477839,Conor Sheary,L,PIT,86,35,hit_thrown
8477839,Conor Sheary,L,PIT,98,-11,hit_thrown
8477839,Conor Sheary,L,PIT,77,-16,hit_thrown
8477839,Conor Sheary,L,PIT,44,-39,hit_thrown
8477839,Conor Sheary,L,PIT,99,-10,hit_thrown
8477839,Conor Sheary,L,PIT,-98,-8,hit_thrown
8477839,Conor Sheary,L,PIT,-90,41,hit_thrown
8477839,Conor Sheary,L,PIT,86,-39,hit_thrown
8477839,Conor Sheary,L,PIT,83,-40,hit_thrown
8477839,Conor Sheary,L,PIT,97,27,hit_thrown
8477839,Conor Sheary,L,PIT,-92,38,hit_thrown
8477839,Conor Sheary,L,PIT,-81,-39,hit_thrown
8477839,Conor Sheary,L,PIT,97,0,hit_thrown
8477839,Conor Sheary,L,PIT,98,20,hit_thrown
8477839,Conor Sheary,L,PIT,-97,-3,hit_thrown
8477839,Conor Sheary,L,PIT,99,3,hit_thrown
8477839,Conor Sheary,L,PIT,99,23,hit_thrown
8477839,Conor Sheary,L,PIT,59,41,hit_thrown
8477839,Conor Sheary,L,PIT,-4,-40,hit_thrown
8477839,Conor Sheary,L,PIT,98,11,takeaway_hd
8477839,Conor Sheary,L,PIT,94,7,takeaway_hd
8477839,Conor Sheary,L,PIT,-88,-6,takeaway_hd
8477839,Conor Sheary,L,PIT,-52,11,takeaway_other
8477839,Conor Sheary,L,PIT,-46,39,takeaway_other
8477839,Conor Sheary,L,PIT,33,-1,takeaway_other
8477839,Conor Sheary,L,PIT,87,19,takeaway_other
8477839,Conor Sheary,L,PIT,8,36,takeaway_other
8477839,Conor Sheary,L,PIT,-49,-39,takeaway_other
8477845,Trevor van Riemsdyk,D,CHI,72,3,block_hd
8477845,Trevor van Riemsdyk,D,CHI,68,20,block_non_hd
8477845,Trevor van Riemsdyk,D,CHI,63,37,block_non_hd
8477845,Trevor van Riemsdyk,D,CHI,67,-19,block_non_hd
8477845,Trevor van Riemsdyk,D,CHI,67,-18,block_non_hd
8477845,Trevor van Riemsdyk,D,CHI,63,13,block_non_hd
8477845,Trevor van Riemsdyk,D,CHI,59,39,hit_taken
8477845,Trevor van Riemsdyk,D,CHI,93,39,hit_taken
8477845,Trevor van Riemsdyk,D,CHI,-1,-29,hit_taken
8477845,Trevor van Riemsdyk,D,CHI,-89,-37,hit_taken
8477845,Trevor van Riemsdyk,D,CHI,95,35,hit_thrown
8477845,Trevor van Riemsdyk,D,CHI,95,34,hit_thrown
8477845,Trevor van Riemsdyk,D,CHI,97,14,takeaway_hd
8477845,Trevor van Riemsdyk,D,CHI,-32,0,takeaway_other
8477850,Christian Folin,D,MIN,38,29,block_non_hd
8477850,Christian Folin,D,MIN,2,32,hit_taken
8477850,Christian Folin,D,MIN,-96,-14,hit_taken
8477850,Christian Folin,D,MIN,-63,-39,hit_taken
8477850,Christian Folin,D,MIN,-60,38,hit_taken
8477850,Christian Folin,D,MIN,-68,-39,hit_taken
8477850,Christian Folin,D,MIN,-87,-37,hit_thrown
8477850,Christian Folin,D,MIN,-27,27,hit_thrown
8477850,Christian Folin,D,MIN,-15,37,hit_thrown
8477919,Frederick Gaudreau,C,NSH,-39,-7,block_non_hd
8477919,Frederick Gaudreau,C,NSH,63,-18,block_non_hd
8477919,Frederick Gaudreau,C,NSH,-87,-3,crease_goal
8477919,Frederick Gaudreau,C,NSH,70,-22,dz_faceoff_win
8477919,Frederick Gaudreau,C,NSH,69,22,dz_faceoff_win
8477919,Frederick Gaudreau,C,NSH,-69,22,dz_faceoff_win
8477919,Frederick Gaudreau,C,NSH,-69,21,dz_faceoff_win
8477919,Frederick Gaudreau,C,NSH,-67,-22,dz_faceoff_win
8477919,Frederick Gaudreau,C,NSH,-48,-36,hit_taken
8477919,Frederick Gaudreau,C,NSH,98,-2,hit_taken
8477919,Frederick Gaudreau,C,NSH,88,-12,hit_taken
8477919,Frederick Gaudreau,C,NSH,96,10,hit_taken
8477919,Frederick Gaudreau,C,NSH,-47,40,hit_taken
8477919,Frederick Gaudreau,C,NSH,-19,-39,hit_taken
8477919,Frederick Gaudreau,C,NSH,-97,27,hit_taken
8477919,Frederick Gaudreau,C,NSH,39,38,hit_taken
8477919,Frederick Gaudreau,C,NSH,71,1,hit_thrown
8477919,Frederick Gaudreau,C,NSH,99,-21,hit_thrown
8477919,Frederick Gaudreau,C,NSH,66,-39,hit_thrown
8477919,Frederick Gaudreau,C,NSH,-92,-33,hit_thrown
8477919,Frederick Gaudreau,C,NSH,45,38,hit_thrown
8477919,Frederick Gaudreau,C,NSH,-46,36,hit_thrown
8477919,Frederick Gaudreau,C,NSH,-58,42,hit_thrown
8477919,Frederick Gaudreau,C,NSH,40,38,takeaway_other
8477919,Frederick Gaudreau,C,NSH,42,39,takeaway_other
8477919,Frederick Gaudreau,C,NSH,82,40,takeaway_other
8477919,Frederick Gaudreau,C,NSH,-16,32,takeaway_other
8477922,Melker Karlsson,C,SJS,66,-4,block_non_hd
8477922,Melker Karlsson,C,SJS,52,-12,block_non_hd
8477922,Melker Karlsson,C,SJS,-50,0,block_non_hd
8477922,Melker Karlsson,C,SJS,58,-7,block_non_hd
8477922,Melker Karlsson,C,SJS,48,5,block_non_hd
8477922,Melker Karlsson,C,SJS,-50,12,block_non_hd
8477922,Melker Karlsson,C,SJS,-80,23,block_non_hd
8477922,Melker Karlsson,C,SJS,-60,-14,block_non_hd
8477922,Melker Karlsson,C,SJS,-54,37,hit_taken
8477922,Melker Karlsson,C,SJS,38,38,hit_taken
8477922,Melker Karlsson,C,SJS,81,-9,hit_taken
8477922,Melker Karlsson,C,SJS,95,-16,hit_taken
8477922,Melker Karlsson,C,SJS,80,38,hit_taken
8477922,Melker Karlsson,C,SJS,12,-39,hit_taken
8477922,Melker Karlsson,C,SJS,-99,-5,hit_taken
8477922,Melker Karlsson,C,SJS,35,-1,hit_taken
8477922,Melker Karlsson,C,SJS,-61,-40,hit_taken
8477922,Melker Karlsson,C,SJS,-59,-41,hit_taken
8477922,Melker Karlsson,C,SJS,-22,-40,hit_taken
8477922,Melker Karlsson,C,SJS,-71,-40,hit_taken
8477922,Melker Karlsson,C,SJS,91,33,hit_taken
8477922,Melker Karlsson,C,SJS,-5,-42,hit_taken
8477922,Melker Karlsson,C,SJS,22,-42,hit_taken
8477922,Melker Karlsson,C,SJS,66,-8,hit_thrown
8477922,Melker Karlsson,C,SJS,-93,29,hit_thrown
8477922,Melker Karlsson,C,SJS,-97,24,hit_thrown
8477922,Melker Karlsson,C,SJS,96,-6,hit_thrown
8477922,Melker Karlsson,C,SJS,-49,40,hit_thrown
8477922,Melker Karlsson,C,SJS,-56,-40,hit_thrown
8477922,Melker Karlsson,C,SJS,-83,41,hit_thrown
8477922,Melker Karlsson,C,SJS,-60,-40,hit_thrown
8477922,Melker Karlsson,C,SJS,98,-10,hit_thrown
8477922,Melker Karlsson,C,SJS,95,-32,hit_thrown
8477922,Melker Karlsson,C,SJS,-3,-40,hit_thrown
8477922,Melker Karlsson,C,SJS,-63,-27,hit_thrown
8477922,Melker Karlsson,C,SJS,89,29,hit_thrown
8477922,Melker Karlsson,C,SJS,94,-21,hit_thrown
8477922,Melker Karlsson,C,SJS,-93,-33,hit_thrown
8477922,Melker Karlsson,C,SJS,-94,33,hit_thrown
8477922,Melker Karlsson,C,SJS,98,20,hit_thrown
8477922,Melker Karlsson,C,SJS,16,-5,takeaway_other
8477922,Melker Karlsson,C,SJS,25,23,takeaway_other
8477929,Dennis Rasmussen,C,CHI,70,3,block_hd
8477929,Dennis Rasmussen,C,CHI,-44,1,block_non_hd
8477929,Dennis Rasmussen,C,CHI,86,-25,block_non_hd
8477929,Dennis Rasmussen,C,CHI,87,-4,crease_goal
8477929,Dennis Rasmussen,C,CHI,85,37,hit_taken
8477929,Dennis Rasmussen,C,CHI,90,-39,hit_thrown
8477929,Dennis Rasmussen,C,CHI,-43,38,hit_thrown
8477929,Dennis Rasmussen,C,CHI,-41,-36,hit_thrown
8477929,Dennis Rasmussen,C,CHI,38,-38,hit_thrown
8477929,Dennis Rasmussen,C,CHI,37,-34,hit_thrown
8477929,Dennis Rasmussen,C,CHI,11,38,takeaway_other
8477929,Dennis Rasmussen,C,CHI,-23,-39,takeaway_other
8477929,Dennis Rasmussen,C,CHI,-49,38,takeaway_other
8477934,Leon Draisaitl,C,EDM,-72,-12,block_hd
8477934,Leon Draisaitl,C,EDM,-76,6,block_hd
8477934,Leon Draisaitl,C,EDM,73,13,block_hd
8477934,Leon Draisaitl,C,EDM,48,16,block_non_hd
8477934,Leon Draisaitl,C,EDM,-60,-19,block_non_hd
8477934,Leon Draisaitl,C,EDM,64,16,block_non_hd
8477934,Leon Draisaitl,C,EDM,83,-3,crease_goal
8477934,Leon Draisaitl,C,EDM,-69,23,dz_faceoff_win
8477934,Leon Draisaitl,C,EDM,-69,22,dz_faceoff_win
8477934,Leon Draisaitl,C,EDM,-69,21,dz_faceoff_win
8477934,Leon Draisaitl,C,EDM,-69,21,dz_faceoff_win
8477934,Leon Draisaitl,C,EDM,69,21,dz_faceoff_win
8477934,Leon Draisaitl,C,EDM,-67,22,dz_faceoff_win
8477934,Leon Draisaitl,C,EDM,-69,22,dz_faceoff_win
8477934,Leon Draisaitl,C,EDM,69,-23,dz_faceoff_win
8477934,Leon Draisaitl,C,EDM,69,-23,dz_faceoff_win
8477934,Leon Draisaitl,C,EDM,69,-23,dz_faceoff_win
8477934,Leon Draisaitl,C,EDM,-68,21,dz_faceoff_win
8477934,Leon Draisaitl,C,EDM,69,-22,dz_faceoff_win
8477934,Leon Draisaitl,C,EDM,-68,21,dz_faceoff_win
8477934,Leon Draisaitl,C,EDM,-69,21,dz_faceoff_win
8477934,Leon Draisaitl,C,EDM,69,-23,dz_faceoff_win
8477934,Leon Draisaitl,C,EDM,-70,20,dz_faceoff_win
8477934,Leon Draisaitl,C,EDM,68,-22,dz_faceoff_win
8477934,Leon Draisaitl,C,EDM,72,-21,dz_faceoff_win
8477934,Leon Draisaitl,C,EDM,70,-23,dz_faceoff_win
8477934,Leon Draisaitl,C,EDM,72,-23,dz_faceoff_win
8477934,Leon Draisaitl,C,EDM,-66,-20,dz_faceoff_win
8477934,Leon Draisaitl,C,EDM,-69,22,dz_faceoff_win
8477934,Leon Draisaitl,C,EDM,69,-21,dz_faceoff_win
8477934,Leon Draisaitl,C,EDM,71,-23,dz_faceoff_win
8477934,Leon Draisaitl,C,EDM,67,-21,dz_faceoff_win
8477934,Leon Draisaitl,C,EDM,71,-22,dz_faceoff_win
8477934,Leon Draisaitl,C,EDM,-68,-24,dz_faceoff_win
8477934,Leon Draisaitl,C,EDM,-69,23,dz_faceoff_win
8477934,Leon Draisaitl,C,EDM,-69,-23,dz_faceoff_win
8477934,Leon Draisaitl,C,EDM,-34,41,hit_taken
8477934,Leon Draisaitl,C,EDM,-71,41,hit_taken
8477934,Leon Draisaitl,C,EDM,35,42,hit_taken
8477934,Leon Draisaitl,C,EDM,90,40,hit_taken
8477934,Leon Draisaitl,C,EDM,-77,-40,hit_taken
8477934,Leon Draisaitl,C,EDM,88,-39,hit_taken
8477934,Leon Draisaitl,C,EDM,98,23,hit_taken
8477934,Leon Draisaitl,C,EDM,-92,-36,hit_taken
8477934,Leon Draisaitl,C,EDM,-52,-35,hit_taken
8477934,Leon Draisaitl,C,EDM,54,36,hit_taken
8477934,Leon Draisaitl,C,EDM,89,-36,hit_taken
8477934,Leon Draisaitl,C,EDM,96,7,hit_taken
8477934,Leon Draisaitl,C,EDM,-44,-40,hit_taken
8477934,Leon Draisaitl,C,EDM,57,-38,hit_taken
8477934,Leon Draisaitl,C,EDM,95,15,hit_taken
8477934,Leon Draisaitl,C,EDM,-96,-21,hit_taken
8477934,Leon Draisaitl,C,EDM,-90,40,hit_taken
8477934,Leon Draisaitl,C,EDM,87,-39,hit_taken
8477934,Leon Draisaitl,C,EDM,-44,-31,hit_taken
8477934,Leon Draisaitl,C,EDM,69,38,hit_thrown
8477934,Leon Draisaitl,C,EDM,47,39,hit_thrown
8477934,Leon Draisaitl,C,EDM,20,-33,hit_thrown
8477934,Leon Draisaitl,C,EDM,29,-33,hit_thrown
8477934,Leon Draisaitl,C,EDM,-50,-36,hit_thrown
8477934,Leon Draisaitl,C,EDM,79,36,hit_thrown
8477934,Leon Draisaitl,C,EDM,75,41,hit_thrown
8477934,Leon Draisaitl,C,EDM,96,-36,hit_thrown
8477934,Leon Draisaitl,C,EDM,54,-42,hit_thrown
8477934,Leon Draisaitl,C,EDM,22,-39,hit_thrown
8477934,Leon Draisaitl,C,EDM,-98,6,hit_thrown
8477934,Leon Draisaitl,C,EDM,-92,-29,hit_thrown
8477934,Leon Draisaitl,C,EDM,90,-40,hit_thrown
8477934,Leon Draisaitl,C,EDM,19,41,hit_thrown
8477934,Leon Draisaitl,C,EDM,73,41,hit_thrown
8477934,Leon Draisaitl,C,EDM,-98,-22,hit_thrown
8477934,Leon Draisaitl,C,EDM,88,-39,hit_thrown
8477934,Leon Draisaitl,C,EDM,94,-25,hit_thrown
8477934,Leon Draisaitl,C,EDM,94,20,hit_thrown
8477934,Leon Draisaitl,C,EDM,14,39,hit_thrown
8477934,Leon Draisaitl,C,EDM,-89,40,hit_thrown
8477934,Leon Draisaitl,C,EDM,96,0,takeaway_hd
8477934,Leon Draisaitl,C,EDM,-93,-10,takeaway_hd
8477934,Leon Draisaitl,C,EDM,-22,26,takeaway_other
8477934,Leon Draisaitl,C,EDM,94,-20,takeaway_other
8477934,Leon Draisaitl,C,EDM,11,-38,takeaway_other
8477934,Leon Draisaitl,C,EDM,86,-30,takeaway_other
8477934,Leon Draisaitl,C,EDM,-54,6,takeaway_other
8477934,Leon Draisaitl,C,EDM,-88,33,takeaway_other
8477935,Sam Bennett,C,CGY,80,-1,crease_goal
8477935,Sam Bennett,C,CGY,-85,3,crease_goal
8477935,Sam Bennett,C,CGY,75,23,dz_faceoff_win
8477935,Sam Bennett,C,CGY,68,20,dz_faceoff_win
8477935,Sam Bennett,C,CGY,67,-21,dz_faceoff_win
8477935,Sam Bennett,C,CGY,69,-23,dz_faceoff_win
8477935,Sam Bennett,C,CGY,-68,-22,dz_faceoff_win
8477935,Sam Bennett,C,CGY,70,22,dz_faceoff_win
8477935,Sam Bennett,C,CGY,-50,-40,hit_taken
8477935,Sam Bennett,C,CGY,-97,-16,hit_taken
8477935,Sam Bennett,C,CGY,44,-41,hit_thrown
8477935,Sam Bennett,C,CGY,61,23,hit_thrown
8477935,Sam Bennett,C,CGY,96,27,hit_thrown
8477935,Sam Bennett,C,CGY,-10,-27,hit_thrown
8477935,Sam Bennett,C,CGY,-28,-28,hit_thrown
8477935,Sam Bennett,C,CGY,93,-37,hit_thrown
8477935,Sam Bennett,C,CGY,-2,-38,hit_thrown
8477935,Sam Bennett,C,CGY,-97,12,hit_thrown
8477935,Sam Bennett,C,CGY,95,31,hit_thrown
8477935,Sam Bennett,C,CGY,10,41,hit_thrown
8477935,Sam Bennett,C,CGY,-90,-39,hit_thrown
8477935,Sam Bennett,C,CGY,25,41,hit_thrown
8477935,Sam Bennett,C,CGY,-12,-35,hit_thrown
8477935,Sam Bennett,C,CGY,58,0,takeaway_other
8477939,William Nylander,C,TOR,-76,8,block_hd
8477939,William Nylander,C,TOR,43,-8,block_non_hd
8477939,William Nylander,C,TOR,36,21,block_non_hd
8477939,William Nylander,C,TOR,81,-3,crease_goal
8477939,William Nylander,C,TOR,-68,-22,dz_faceoff_win
8477939,William Nylander,C,TOR,-69,-22,dz_faceoff_win
8477939,William Nylander,C,TOR,-50,39,hit_taken
8477939,William Nylander,C,TOR,-22,-37,hit_taken
8477939,William Nylander,C,TOR,16,-16,hit_taken
8477939,William Nylander,C,TOR,56,5,hit_taken
8477939,William Nylander,C,TOR,38,37,hit_taken
8477939,William Nylander,C,TOR,94,-31,hit_taken
8477939,William Nylander,C,TOR,-10,20,hit_taken
8477939,William Nylander,C,TOR,-70,42,hit_thrown
8477939,William Nylander,C,TOR,94,21,hit_thrown
8477939,William Nylander,C,TOR,13,-6,takeaway_other
8477939,William Nylander,C,TOR,-53,-36,takeaway_other
8477939,William Nylander,C,TOR,-39,-9,takeaway_other
8477939,William Nylander,C,TOR,2,-34,takeaway_other
8477939,William Nylander,C,TOR,-89,35,takeaway_other
8477939,William Nylander,C,TOR,54,36,takeaway_other
8477941,Nick Ritchie,L,ANA,-73,12,block_hd
8477941,Nick Ritchie,L,ANA,-72,7,block_hd
8477941,Nick Ritchie,L,ANA,54,-2,block_non_hd
8477941,Nick Ritchie,L,ANA,-43,16,block_non_hd
8477941,Nick Ritchie,L,ANA,-66,6,block_non_hd
8477941,Nick Ritchie,L,ANA,55,-33,hit_taken
8477941,Nick Ritchie,L,ANA,93,-37,hit_taken
8477941,Nick Ritchie,L,ANA,0,-39,hit_taken
8477941,Nick Ritchie,L,ANA,-29,40,hit_taken
8477941,Nick Ritchie,L,ANA,-98,-21,hit_taken
8477941,Nick Ritchie,L,ANA,-95,-30,hit_taken
8477941,Nick Ritchie,L,ANA,-35,-25,hit_taken
8477941,Nick Ritchie,L,ANA,-15,-39,hit_taken
8477941,Nick Ritchie,L,ANA,-96,26,hit_taken
8477941,Nick Ritchie,L,ANA,-94,-11,hit_taken
8477941,Nick Ritchie,L,ANA,-61,-38,hit_taken
8477941,Nick Ritchie,L,ANA,90,-40,hit_taken
8477941,Nick Ritchie,L,ANA,-94,-36,hit_taken
8477941,Nick Ritchie,L,ANA,-96,-2,hit_taken
8477941,Nick Ritchie,L,ANA,65,-38,hit_taken
8477941,Nick Ritchie,L,ANA,-88,-37,hit_taken
8477941,Nick Ritchie,L,ANA,78,39,hit_taken
8477941,Nick Ritchie,L,ANA,91,35,hit_taken
8477941,Nick Ritchie,L,ANA,-94,-6,hit_taken
8477941,Nick Ritchie,L,ANA,93,-39,hit_taken
8477941,Nick Ritchie,L,ANA,-82,42,hit_taken
8477941,Nick Ritchie,L,ANA,-81,-40,hit_taken
8477941,Nick Ritchie,L,ANA,-91,37,hit_taken
8477941,Nick Ritchie,L,ANA,49,-36,hit_taken
8477941,Nick Ritchie,L,ANA,-35,-39,hit_taken
8477941,Nick Ritchie,L,ANA,-9,40,hit_taken
8477941,Nick Ritchie,L,ANA,94,-38,hit_taken
8477941,Nick Ritchie,L,ANA,-51,40,hit_taken
8477941,Nick Ritchie,L,ANA,80,-38,hit_taken
8477941,Nick Ritchie,L,ANA,-1,-39,hit_taken
8477941,Nick Ritchie,L,ANA,-7,37,hit_taken
8477941,Nick Ritchie,L,ANA,-60,39,hit_taken
8477941,Nick Ritchie,L,ANA,64,39,hit_taken
8477941,Nick Ritchie,L,ANA,92,39,hit_taken
8477941,Nick Ritchie,L,ANA,-45,41,hit_thrown
8477941,Nick Ritchie,L,ANA,-41,-38,hit_thrown
8477941,Nick Ritchie,L,ANA,47,39,hit_thrown
8477941,Nick Ritchie,L,ANA,31,-38,hit_thrown
8477941,Nick Ritchie,L,ANA,85,-39,hit_thrown
8477941,Nick Ritchie,L,ANA,-57,-41,hit_thrown
8477941,Nick Ritchie,L,ANA,-57,-40,hit_thrown
8477941,Nick Ritchie,L,ANA,-14,-40,hit_thrown
8477941,Nick Ritchie,L,ANA,23,-40,hit_thrown
8477941,Nick Ritchie,L,ANA,8,40,hit_thrown
8477941,Nick Ritchie,L,ANA,96,-11,hit_thrown
8477941,Nick Ritchie,L,ANA,34,-40,hit_thrown
8477941,Nick Ritchie,L,ANA,97,-2,hit_thrown
8477941,Nick Ritchie,L,ANA,-52,39,hit_thrown
8477941,Nick Ritchie,L,ANA,-29,38,hit_thrown
8477941,Nick Ritchie,L,ANA,-96,19,hit_thrown
8477941,Nick Ritchie,L,ANA,-69,37,hit_thrown
8477941,Nick Ritchie,L,ANA,83,37,hit_thrown
8477941,Nick Ritchie,L,ANA,-95,22,hit_thrown
8477941,Nick Ritchie,L,ANA,-11,37,hit_thrown
8477941,Nick Ritchie,L,ANA,58,37,hit_thrown
8477941,Nick Ritchie,L,ANA,-21,-37,hit_thrown
8477941,Nick Ritchie,L,ANA,1,39,hit_thrown
8477941,Nick Ritchie,L,ANA,94,24,hit_thrown
8477941,Nick Ritchie,L,ANA,-96,-26,hit_thrown
8477941,Nick Ritchie,L,ANA,-77,40,hit_thrown
8477941,Nick Ritchie,L,ANA,-95,25,hit_thrown
8477941,Nick Ritchie,L,ANA,68,-34,hit_thrown
8477941,Nick Ritchie,L,ANA,8,-39,hit_thrown
8477941,Nick Ritchie,L,ANA,-46,38,hit_thrown
8477941,Nick Ritchie,L,ANA,-93,-23,hit_thrown
8477941,Nick Ritchie,L,ANA,98,9,hit_thrown
8477941,Nick Ritchie,L,ANA,90,23,hit_thrown
8477941,Nick Ritchie,L,ANA,-90,40,hit_thrown
8477941,Nick Ritchie,L,ANA,-47,-39,hit_thrown
8477941,Nick Ritchie,L,ANA,-35,-39,hit_thrown
8477941,Nick Ritchie,L,ANA,72,-41,hit_thrown
8477941,Nick Ritchie,L,ANA,96,-36,hit_thrown
8477941,Nick Ritchie,L,ANA,95,-30,hit_thrown
8477941,Nick Ritchie,L,ANA,37,-39,hit_thrown
8477941,Nick Ritchie,L,ANA,97,31,hit_thrown
8477941,Nick Ritchie,L,ANA,79,40,hit_thrown
8477941,Nick Ritchie,L,ANA,49,39,hit_thrown
8477941,Nick Ritchie,L,ANA,-93,36,hit_thrown
8477941,Nick Ritchie,L,ANA,11,-38,hit_thrown
8477941,Nick Ritchie,L,ANA,46,37,hit_thrown
8477941,Nick Ritchie,L,ANA,47,-38,hit_thrown
8477941,Nick Ritchie,L,ANA,-88,39,hit_thrown
8477941,Nick Ritchie,L,ANA,94,31,hit_thrown
8477941,Nick Ritchie,L,ANA,97,14,hit_thrown
8477941,Nick Ritchie,L,ANA,60,39,hit_thrown
8477941,Nick Ritchie,L,ANA,-30,-38,hit_thrown
8477941,Nick Ritchie,L,ANA,54,-21,takeaway_other
8477942,Kevin Fiala,L,NSH,-78,13,block_hd
8477942,Kevin Fiala,L,NSH,-86,5,crease_goal
8477942,Kevin Fiala,L,NSH,45,-7,hit_taken
8477942,Kevin Fiala,L,NSH,-43,38,hit_taken
8477942,Kevin Fiala,L,NSH,88,-37,hit_taken
8477942,Kevin Fiala,L,NSH,5,-38,hit_taken
8477942,Kevin Fiala,L,NSH,95,8,hit_taken
8477942,Kevin Fiala,L,NSH,95,34,hit_taken
8477942,Kevin Fiala,L,NSH,-55,-40,hit_taken
8477942,Kevin Fiala,L,NSH,96,9,hit_taken
8477942,Kevin Fiala,L,NSH,55,-39,hit_thrown
8477942,Kevin Fiala,L,NSH,60,-39,hit_thrown
8477942,Kevin Fiala,L,NSH,-93,-33,hit_thrown
8477942,Kevin Fiala,L,NSH,10,-40,hit_thrown
8477942,Kevin Fiala,L,NSH,-82,14,takeaway_hd
8477942,Kevin Fiala,L,NSH,61,-37,takeaway_other
8477942,Kevin Fiala,L,NSH,98,33,takeaway_other
8477942,Kevin Fiala,L,NSH,-54,38,takeaway_other
8477951,Nick Schmaltz,C,CHI,45,-18,block_non_hd
8477951,Nick Schmaltz,C,CHI,63,-21,block_non_hd
8477951,Nick Schmaltz,C,CHI,-46,-18,block_non_hd
8477951,Nick Schmaltz,C,CHI,-46,19,block_non_hd
8477951,Nick Schmaltz,C,CHI,-69,22,dz_faceoff_win
8477951,Nick Schmaltz,C,CHI,-64,-35,hit_taken
8477951,Nick Schmaltz,C,CHI,-48,38,hit_taken
8477951,Nick Schmaltz,C,CHI,93,36,hit_taken
8477951,Nick Schmaltz,C,CHI,-93,-33,hit_taken
8477951,Nick Schmaltz,C,CHI,84,-38,hit_taken
8477951,Nick Schmaltz,C,CHI,-93,-25,hit_taken
8477951,Nick Schmaltz,C,CHI,82,-39,hit_thrown
8477951,Nick Schmaltz,C,CHI,-72,40,hit_thrown
8477951,Nick Schmaltz,C,CHI,31,-16,hit_thrown
8477951,Nick Schmaltz,C,CHI,76,-38,hit_thrown
8477951,Nick Schmaltz,C,CHI,-16,6,takeaway_other
8477951,Nick Schmaltz,C,CHI,-98,20,takeaway_other
8477951,Nick Schmaltz,C,CHI,5,38,takeaway_other
8477951,Nick Schmaltz,C,CHI,8,38,takeaway_other
8477953,Kasperi Kapanen,R,TOR,63,23,block_non_hd
8477953,Kasperi Kapanen,R,TOR,-79,1,crease_goal
8477953,Kasperi Kapanen,R,TOR,79,-2,hit_taken
8477953,Kasperi Kapanen,R,TOR,11,39,hit_taken
8477953,Kasperi Kapanen,R,TOR,7,-38,hit_taken
8477953,Kasperi Kapanen,R,TOR,-96,-25,hit_taken
8477953,Kasperi Kapanen,R,TOR,49,-20,hit_taken
8477953,Kasperi Kapanen,R,TOR,92,-37,hit_taken
8477953,Kasperi Kapanen,R,TOR,92,-35,hit_taken
8477953,Kasperi Kapanen,R,TOR,84,-40,hit_taken
8477953,Kasperi Kapanen,R,TOR,31,-36,hit_taken
8477953,Kasperi Kapanen,R,TOR,93,25,hit_thrown
8477953,Kasperi Kapanen,R,TOR,-54,-36,hit_thrown
8477953,Kasperi Kapanen,R,TOR,-95,-3,hit_thrown
8477953,Kasperi Kapanen,R,TOR,-91,-35,hit_thrown
8477953,Kasperi Kapanen,R,TOR,69,-36,hit_thrown
8477953,Kasperi Kapanen,R,TOR,93,36,hit_thrown
8477953,Kasperi Kapanen,R,TOR,9,38,hit_thrown
8477953,Kasperi Kapanen,R,TOR,-93,30,hit_thrown
8477953,Kasperi Kapanen,R,TOR,-91,-34,hit_thrown
8477953,Kasperi Kapanen,R,TOR,79,38,hit_thrown
8477953,Kasperi Kapanen,R,TOR,-16,-38,hit_thrown
8477953,Kasperi Kapanen,R,TOR,20,2,takeaway_other
8477956,David Pastrnak,R,BOS,41,27,block_non_hd
8477956,David Pastrnak,R,BOS,53,18,block_non_hd
8477956,David Pastrnak,R,BOS,91,33,hit_taken
8477956,David Pastrnak,R,BOS,60,-41,hit_taken
8477956,David Pastrnak,R,BOS,97,-12,hit_taken
8477956,David Pastrnak,R,BOS,40,35,hit_taken
8477956,David Pastrnak,R,BOS,-44,-33,hit_taken
8477956,David Pastrnak,R,BOS,-92,-12,hit_taken
8477956,David Pastrnak,R,BOS,-88,31,hit_taken
8477956,David Pastrnak,R,BOS,98,8,hit_taken
8477956,David Pastrnak,R,BOS,-85,9,hit_taken
8477956,David Pastrnak,R,BOS,81,36,hit_taken
8477956,David Pastrnak,R,BOS,91,35,hit_taken
8477956,David Pastrnak,R,BOS,19,-38,hit_thrown
8477956,David Pastrnak,R,BOS,-96,-15,hit_thrown
8477956,David Pastrnak,R,BOS,-28,-40,hit_thrown
8477956,David Pastrnak,R,BOS,28,-40,hit_thrown
8477956,David Pastrnak,R,BOS,82,40,hit_thrown
8477956,David Pastrnak,R,BOS,-19,-40,hit_thrown
8477956,David Pastrnak,R,BOS,-69,-33,hit_thrown
8477956,David Pastrnak,R,BOS,-80,-36,hit_thrown
8477956,David Pastrnak,R,BOS,93,23,hit_thrown
8477956,David Pastrnak,R,BOS,-92,-10,hit_thrown
8477956,David Pastrnak,R,BOS,37,-36,hit_thrown
8477956,David Pastrnak,R,BOS,45,-34,hit_thrown
8477956,David Pastrnak,R,BOS,48,36,hit_thrown
8477956,David Pastrnak,R,BOS,87,37,hit_thrown
8477956,David Pastrnak,R,BOS,-94,2,takeaway_hd
8477956,David Pastrnak,R,BOS,-12,1,takeaway_other
8477956,David Pastrnak,R,BOS,-97,22,takeaway_other
8477956,David Pastrnak,R,BOS,-7,-23,takeaway_other
8477964,Ivan Barbashev,C,STL,-68,-23,dz_faceoff_win
8477964,Ivan Barbashev,C,STL,-69,22,dz_faceoff_win
8477964,Ivan Barbashev,C,STL,-69,-22,dz_faceoff_win
8477964,Ivan Barbashev,C,STL,54,36,hit_taken
8477964,Ivan Barbashev,C,STL,-78,-38,hit_taken
8477964,Ivan Barbashev,C,STL,-88,-40,hit_taken
8477964,Ivan Barbashev,C,STL,91,-40,hit_taken
8477964,Ivan Barbashev,C,STL,49,-42,hit_taken
8477964,Ivan Barbashev,C,STL,-96,29,hit_taken
8477964,Ivan Barbashev,C,STL,-51,37,hit_taken
8477964,Ivan Barbashev,C,STL,-93,-14,hit_thrown
8477964,Ivan Barbashev,C,STL,11,-10,hit_thrown
8477964,Ivan Barbashev,C,STL,-30,38,hit_thrown
8477964,Ivan Barbashev,C,STL,63,40,hit_thrown
8477964,Ivan Barbashev,C,STL,44,40,hit_thrown
8477964,Ivan Barbashev,C,STL,86,41,hit_thrown
8477964,Ivan Barbashev,C,STL,-94,36,hit_thrown
8477964,Ivan Barbashev,C,STL,-48,40,hit_thrown
8477964,Ivan Barbashev,C,STL,61,-39,hit_thrown
8477964,Ivan Barbashev,C,STL,86,38,hit_thrown
8477964,Ivan Barbashev,C,STL,96,7,hit_thrown
8477964,Ivan Barbashev,C,STL,70,40,takeaway_other
8477986,Brandon Montour,D,ANA,-74,-14,block_hd
8477986,Brandon Montour,D,ANA,-72,6,block_hd
8477986,Brandon Montour,D,ANA,81,-6,block_hd
8477986,Brandon Montour,D,ANA,74,5,block_hd
8477986,Brandon Montour,D,ANA,-78,-1,block_hd
8477986,Brandon Montour,D,ANA,-79,-1,block_hd
8477986,Brandon Montour,D,ANA,84,7,block_hd
8477986,Brandon Montour,D,ANA,-82,-4,block_hd
8477986,Brandon Montour,D,ANA,66,-3,block_non_hd
8477986,Brandon Montour,D,ANA,-63,-8,block_non_hd
8477986,Brandon Montour,D,ANA,63,-3,block_non_hd
8477986,Brandon Montour,D,ANA,-58,-4,block_non_hd
8477986,Brandon Montour,D,ANA,-55,17,block_non_hd
8477986,Brandon Montour,D,ANA,-54,2,block_non_hd
8477986,Brandon Montour,D,ANA,-42,-22,block_non_hd
8477986,Brandon Montour,D,ANA,66,9,block_non_hd
8477986,Brandon Montour,D,ANA,45,-40,hit_taken
8477986,Brandon Montour,D,ANA,-94,-22,hit_taken
8477986,Brandon Montour,D,ANA,97,24,hit_taken
8477986,Brandon Montour,D,ANA,-71,-40,hit_taken
8477986,Brandon Montour,D,ANA,-31,39,hit_taken
8477986,Brandon Montour,D,ANA,-97,24,hit_taken
8477986,Brandon Montour,D,ANA,-81,40,hit_taken
8477986,Brandon Montour,D,ANA,80,-36,hit_taken
8477986,Brandon Montour,D,ANA,-84,-34,hit_taken
8477986,Brandon Montour,D,ANA,-93,29,hit_taken
8477986,Brandon Montour,D,ANA,90,31,hit_taken
8477986,Brandon Montour,D,ANA,-96,4,hit_taken
8477986,Brandon Montour,D,ANA,25,-29,hit_taken
8477986,Brandon Montour,D,ANA,-90,33,hit_taken
8477986,Brandon Montour,D,ANA,-95,10,hit_taken
8477986,Brandon Montour,D,ANA,98,-27,hit_taken
8477986,Brandon Montour,D,ANA,97,26,hit_taken
8477986,Brandon Montour,D,ANA,25,40,hit_taken
8477986,Brandon Montour,D,ANA,-93,-36,hit_taken
8477986,Brandon Montour,D,ANA,1,37,hit_taken
8477986,Brandon Montour,D,ANA,56,39,hit_taken
8477986,Brandon Montour,D,ANA,-88,39,hit_taken
8477986,Brandon Montour,D,ANA,99,17,hit_thrown
8477986,Brandon Montour,D,ANA,98,23,hit_thrown
8477986,Brandon Montour,D,ANA,-75,38,hit_thrown
8477986,Brandon Montour,D,ANA,-96,-9,hit_thrown
8477986,Brandon Montour,D,ANA,85,-37,hit_thrown
8477986,Brandon Montour,D,ANA,42,40,hit_thrown
8477986,Brandon Montour,D,ANA,60,40,hit_thrown
8477986,Brandon Montour,D,ANA,94,11,takeaway_hd
8477986,Brandon Montour,D,ANA,84,10,takeaway_hd
8477986,Brandon Montour,D,ANA,-74,37,takeaway_other
8477986,Brandon Montour,D,ANA,12,39,takeaway_other
8477986,Brandon Montour,D,ANA,-58,-35,takeaway_other
8478042,Viktor Arvidsson,L,NSH,78,4,block_hd
8478042,Viktor Arvidsson,L,NSH,-60,8,block_non_hd
8478042,Viktor Arvidsson,L,NSH,-36,20,block_non_hd
8478042,Viktor Arvidsson,L,NSH,-41,-19,block_non_hd
8478042,Viktor Arvidsson,L,NSH,-61,3,block_non_hd
8478042,Viktor Arvidsson,L,NSH,49,1,block_non_hd
8478042,Viktor Arvidsson,L,NSH,-41,21,block_non_hd
8478042,Viktor Arvidsson,L,NSH,38,26,block_non_hd
8478042,Viktor Arvidsson,L,NSH,-41,-2,block_non_hd
8478042,Viktor Arvidsson,L,NSH,-61,7,block_non_hd
8478042,Viktor Arvidsson,L,NSH,-66,8,block_non_hd
8478042,Viktor Arvidsson,L,NSH,73,-29,block_non_hd
8478042,Viktor Arvidsson,L,NSH,-61,0,block_non_hd
8478042,Viktor Arvidsson,L,NSH,-49,12,block_non_hd
8478042,Viktor Arvidsson,L,NSH,37,1,block_non_hd
8478042,Viktor Arvidsson,L,NSH,57,1,block_non_hd
8478042,Viktor Arvidsson,L,NSH,83,-8,crease_goal
8478042,Viktor Arvidsson,L,NSH,78,-1,crease_goal
8478042,Viktor Arvidsson,L,NSH,-79,2,crease_goal
8478042,Viktor Arvidsson,L,NSH,-69,21,dz_faceoff_win
8478042,Viktor Arvidsson,L,NSH,-54,40,hit_taken
8478042,Viktor Arvidsson,L,NSH,82,-39,hit_taken
8478042,Viktor Arvidsson,L,NSH,-88,36,hit_taken
8478042,Viktor Arvidsson,L,NSH,96,-38,hit_taken
8478042,Viktor Arvidsson,L,NSH,-72,40,hit_taken
8478042,Viktor Arvidsson,L,NSH,-90,-35,hit_taken
8478042,Viktor Arvidsson,L,NSH,85,37,hit_taken
8478042,Viktor Arvidsson,L,NSH,-39,-39,hit_taken
8478042,Viktor Arvidsson,L,NSH,36,37,hit_taken
8478042,Viktor Arvidsson,L,NSH,-34,-38,hit_taken
8478042,Viktor Arvidsson,L,NSH,-96,30,hit_taken
8478042,Viktor Arvidsson,L,NSH,-41,40,hit_taken
8478042,Viktor Arvidsson,L,NSH,-33,-37,hit_taken
8478042,Viktor Arvidsson,L,NSH,80,38,hit_taken
8478042,Viktor Arvidsson,L,NSH,58,38,hit_taken
8478042,Viktor Arvidsson,L,NSH,38,-2,hit_taken
8478042,Viktor Arvidsson,L,NSH,-77,-40,hit_taken
8478042,Viktor Arvidsson,L,NSH,-79,2,hit_taken
8478042,Viktor Arvidsson,L,NSH,-93,-13,hit_taken
8478042,Viktor Arvidsson,L,NSH,-97,25,hit_taken
8478042,Viktor Arvidsson,L,NSH,52,28,hit_taken
8478042,Viktor Arvidsson,L,NSH,-93,-36,hit_taken
8478042,Viktor Arvidsson,L,NSH,-83,-37,hit_taken
8478042,Viktor Arvidsson,L,NSH,7,40,hit_taken
8478042,Viktor Arvidsson,L,NSH,84,41,hit_taken
8478042,Viktor Arvidsson,L,NSH,33,-40,hit_taken
8478042,Viktor Arvidsson,L,NSH,-47,-38,hit_taken
8478042,Viktor Arvidsson,L,NSH,18,-38,hit_taken
8478042,Viktor Arvidsson,L,NSH,14,-38,hit_taken
8478042,Viktor Arvidsson,L,NSH,8,-39,hit_taken
8478042,Viktor Arvidsson,L,NSH,-50,-19,hit_taken
8478042,Viktor Arvidsson,L,NSH,31,38,hit_taken
8478042,Viktor Arvidsson,L,NSH,13,38,hit_taken
8478042,Viktor Arvidsson,L,NSH,80,40,hit_taken
8478042,Viktor Arvidsson,L,NSH,-42,-1,hit_taken
8478042,Viktor Arvidsson,L,NSH,-87,-40,hit_taken
8478042,Viktor Arvidsson,L,NSH,-73,38,hit_taken
8478042,Viktor Arvidsson,L,NSH,-32,38,hit_taken
8478042,Viktor Arvidsson,L,NSH,36,32,hit_taken
8478042,Viktor Arvidsson,L,NSH,-91,-36,hit_taken
8478042,Viktor Arvidsson,L,NSH,82,38,hit_taken
8478042,Viktor Arvidsson,L,NSH,39,-37,hit_taken
8478042,Viktor Arvidsson,L,NSH,-98,-26,hit_taken
8478042,Viktor Arvidsson,L,NSH,-40,-36,hit_taken
8478042,Viktor Arvidsson,L,NSH,96,0,hit_taken
8478042,Viktor Arvidsson,L,NSH,-20,41,hit_thrown
8478042,Viktor Arvidsson,L,NSH,52,36,hit_thrown
8478042,Viktor Arvidsson,L,NSH,-48,38,hit_thrown
8478042,Viktor Arvidsson,L,NSH,76,-38,hit_thrown
8478042,Viktor Arvidsson,L,NSH,95,33,hit_thrown
8478042,Viktor Arvidsson,L,NSH,80,38,hit_thrown
8478042,Viktor Arvidsson,L,NSH,14,-38,hit_thrown
8478042,Viktor Arvidsson,L,NSH,93,27,hit_thrown
8478042,Viktor Arvidsson,L,NSH,35,-36,hit_thrown
8478042,Viktor Arvidsson,L,NSH,12,39,hit_thrown
8478042,Viktor Arvidsson,L,NSH,-88,38,hit_thrown
8478042,Viktor Arvidsson,L,NSH,62,-40,hit_thrown
8478042,Viktor Arvidsson,L,NSH,95,-35,hit_thrown
8478042,Viktor Arvidsson,L,NSH,-34,-37,hit_thrown
8478042,Viktor Arvidsson,L,NSH,-61,36,hit_thrown
8478042,Viktor Arvidsson,L,NSH,-98,-7,hit_thrown
8478042,Viktor Arvidsson,L,NSH,-67,39,hit_thrown
8478042,Viktor Arvidsson,L,NSH,73,35,hit_thrown
8478042,Viktor Arvidsson,L,NSH,13,-39,hit_thrown
8478042,Viktor Arvidsson,L,NSH,-76,7,takeaway_hd
8478042,Viktor Arvidsson,L,NSH,-95,-11,takeaway_hd
8478042,Viktor Arvidsson,L,NSH,99,-10,takeaway_hd
8478042,Viktor Arvidsson,L,NSH,-93,-16,takeaway_hd
8478042,Viktor Arvidsson,L,NSH,-18,-23,takeaway_other
8478042,Viktor Arvidsson,L,NSH,22,33,takeaway_other
8478042,Viktor Arvidsson,L,NSH,-14,-27,takeaway_other
8478042,Viktor Arvidsson,L,NSH,31,-40,takeaway_other
8478042,Viktor Arvidsson,L,NSH,-11,33,takeaway_other
8478042,Viktor Arvidsson,L,NSH,-35,-14,takeaway_other
8478042,Viktor Arvidsson,L,NSH,-37,32,takeaway_other
8478042,Viktor Arvidsson,L,NSH,-10,4,takeaway_other
8478042,Viktor Arvidsson,L,NSH,91,-35,takeaway_other
8478042,Viktor Arvidsson,L,NSH,48,36,takeaway_other
8478042,Viktor Arvidsson,L,NSH,62,1,takeaway_other
8478042,Viktor Arvidsson,L,NSH,-37,32,takeaway_other
8478042,Viktor Arvidsson,L,NSH,-52,37,takeaway_other
8478042,Viktor Arvidsson,L,NSH,10,3,takeaway_other
8478042,Viktor Arvidsson,L,NSH,-16,-10,takeaway_other
8478042,Viktor Arvidsson,L,NSH,-41,-27,takeaway_other
8478042,Viktor Arvidsson,L,NSH,-3,6,takeaway_other
8478042,Viktor Arvidsson,L,NSH,-10,6,takeaway_other
8478042,Viktor Arvidsson,L,NSH,-3,-3,takeaway_other
8478131,Ondrej Kase,R,ANA,71,-13,block_hd
8478131,Ondrej Kase,R,ANA,71,-1,block_hd
8478131,Ondrej Kase,R,ANA,60,-20,block_non_hd
8478131,Ondrej Kase,R,ANA,44,19,block_non_hd
8478131,Ondrej Kase,R,ANA,-83,6,crease_goal
8478131,Ondrej Kase,R,ANA,78,4,crease_goal
8478131,Ondrej Kase,R,ANA,44,-41,hit_taken
8478131,Ondrej Kase,R,ANA,61,23,hit_taken
8478131,Ondrej Kase,R,ANA,-37,-40,hit_taken
8478131,Ondrej Kase,R,ANA,2,-41,hit_taken
8478131,Ondrej Kase,R,ANA,-6,10,hit_taken
8478131,Ondrej Kase,R,ANA,-28,39,hit_taken
8478131,Ondrej Kase,R,ANA,63,38,hit_taken
8478131,Ondrej Kase,R,ANA,20,40,hit_thrown
8478131,Ondrej Kase,R,ANA,-91,-40,hit_thrown
8478131,Ondrej Kase,R,ANA,-80,-40,hit_thrown
8478131,Ondrej Kase,R,ANA,-70,21,hit_thrown
8478131,Ondrej Kase,R,ANA,98,16,hit_thrown
8478131,Ondrej Kase,R,ANA,-32,-40,hit_thrown
8478131,Ondrej Kase,R,ANA,97,27,hit_thrown
8478131,Ondrej Kase,R,ANA,-86,-37,hit_thrown
8478131,Ondrej Kase,R,ANA,-43,-39,hit_thrown
8478131,Ondrej Kase,R,ANA,-61,40,hit_thrown
8478131,Ondrej Kase,R,ANA,40,29,takeaway_other
8478131,Ondrej Kase,R,ANA,-35,-2,takeaway_other
8478366,Frank Vatrano,C,BOS,52,7,block_non_hd
8478366,Frank Vatrano,C,BOS,-28,-21,hit_taken
8478366,Frank Vatrano,C,BOS,-29,-36,hit_taken
8478366,Frank Vatrano,C,BOS,-30,40,hit_taken
8478366,Frank Vatrano,C,BOS,61,-41,hit_taken
8478366,Frank Vatrano,C,BOS,-97,3,hit_taken
8478366,Frank Vatrano,C,BOS,93,-38,hit_taken
8478366,Frank Vatrano,C,BOS,-33,35,hit_taken
8478366,Frank Vatrano,C,BOS,27,40,hit_taken
8478366,Frank Vatrano,C,BOS,94,22,hit_taken
8478366,Frank Vatrano,C,BOS,22,-37,hit_taken
8478366,Frank Vatrano,C,BOS,96,18,hit_taken
8478366,Frank Vatrano,C,BOS,94,-27,hit_thrown
8478366,Frank Vatrano,C,BOS,23,39,hit_thrown
8478366,Frank Vatrano,C,BOS,-97,-6,hit_thrown
8478366,Frank Vatrano,C,BOS,97,7,hit_thrown
8478366,Frank Vatrano,C,BOS,-20,-39,hit_thrown
8478366,Frank Vatrano,C,BOS,28,-40,hit_thrown
8478366,Frank Vatrano,C,BOS,95,20,hit_thrown
8478366,Frank Vatrano,C,BOS,-91,21,hit_thrown
8478366,Frank Vatrano,C,BOS,-93,-21,hit_thrown
8478366,Frank Vatrano,C,BOS,45,-39,hit_thrown
8478366,Frank Vatrano,C,BOS,-11,-35,hit_thrown
8478366,Frank Vatrano,C,BOS,-86,-35,hit_thrown
8478366,Frank Vatrano,C,BOS,93,33,hit_thrown
8478366,Frank Vatrano,C,BOS,-93,-5,hit_thrown
8478366,Frank Vatrano,C,BOS,-64,37,hit_thrown
8478366,Frank Vatrano,C,BOS,-71,38,hit_thrown
8478366,Frank Vatrano,C,BOS,-96,22,hit_thrown
8478366,Frank Vatrano,C,BOS,-60,-35,takeaway_other
8478366,Frank Vatrano,C,BOS,8,-39,takeaway_other
8478400,Colin White,C,OTT,-84,-5,block_hd
8478400,Colin White,C,OTT,-85,37,hit_taken
8478402,Connor McDavid,C,EDM,72,9,block_hd
8478402,Connor McDavid,C,EDM,78,3,block_hd
8478402,Connor McDavid,C,EDM,-73,10,block_hd
8478402,Connor McDavid,C,EDM,-70,-10,block_hd
8478402,Connor McDavid,C,EDM,-54,-14,block_non_hd
8478402,Connor McDavid,C,EDM,47,20,block_non_hd
8478402,Connor McDavid,C,EDM,-65,-12,block_non_hd
8478402,Connor McDavid,C,EDM,-66,12,block_non_hd
8478402,Connor McDavid,C,EDM,-65,8,block_non_hd
8478402,Connor McDavid,C,EDM,82,-8,crease_goal
8478402,Connor McDavid,C,EDM,80,-5,crease_goal
8478402,Connor McDavid,C,EDM,69,23,dz_faceoff_win
8478402,Connor McDavid,C,EDM,-69,22,dz_faceoff_win
8478402,Connor McDavid,C,EDM,69,-22,dz_faceoff_win
8478402,Connor McDavid,C,EDM,-68,21,dz_faceoff_win
8478402,Connor McDavid,C,EDM,-67,24,dz_faceoff_win
8478402,Connor McDavid,C,EDM,-70,21,dz_faceoff_win
8478402,Connor McDavid,C,EDM,70,-21,dz_faceoff_win
8478402,Connor McDavid,C,EDM,69,-23,dz_faceoff_win
8478402,Connor McDavid,C,EDM,-69,-22,dz_faceoff_win
8478402,Connor McDavid,C,EDM,5,25,hit_taken
8478402,Connor McDavid,C,EDM,1,12,hit_taken
8478402,Connor McDavid,C,EDM,-6,35,hit_taken
8478402,Connor McDavid,C,EDM,44,-41,hit_taken
8478402,Connor McDavid,C,EDM,-5,39,hit_taken
8478402,Connor McDavid,C,EDM,52,39,hit_taken
8478402,Connor McDavid,C,EDM,79,-38,hit_taken
8478402,Connor McDavid,C,EDM,-38,36,hit_taken
8478402,Connor McDavid,C,EDM,81,38,hit_taken
8478402,Connor McDavid,C,EDM,-94,-27,hit_taken
8478402,Connor McDavid,C,EDM,-94,33,hit_taken
8478402,Connor McDavid,C,EDM,87,-40,hit_taken
8478402,Connor McDavid,C,EDM,51,37,hit_taken
8478402,Connor McDavid,C,EDM,35,-37,hit_taken
8478402,Connor McDavid,C,EDM,-97,-10,hit_taken
8478402,Connor McDavid,C,EDM,-98,24,hit_taken
8478402,Connor McDavid,C,EDM,84,39,hit_taken
8478402,Connor McDavid,C,EDM,41,-40,hit_taken
8478402,Connor McDavid,C,EDM,-15,-36,hit_taken
8478402,Connor McDavid,C,EDM,46,37,hit_taken
8478402,Connor McDavid,C,EDM,66,-39,hit_taken
8478402,Connor McDavid,C,EDM,-91,-28,hit_taken
8478402,Connor McDavid,C,EDM,83,40,hit_taken
8478402,Connor McDavid,C,EDM,-57,40,hit_taken
8478402,Connor McDavid,C,EDM,98,-12,hit_thrown
8478402,Connor McDavid,C,EDM,92,-34,hit_thrown
8478402,Connor McDavid,C,EDM,-96,27,hit_thrown
8478402,Connor McDavid,C,EDM,75,42,hit_thrown
8478402,Connor McDavid,C,EDM,83,41,hit_thrown
8478402,Connor McDavid,C,EDM,-11,-41,hit_thrown
8478402,Connor McDavid,C,EDM,49,-41,hit_thrown
8478402,Connor McDavid,C,EDM,98,12,hit_thrown
8478402,Connor McDavid,C,EDM,86,40,hit_thrown
8478402,Connor McDavid,C,EDM,-19,22,hit_thrown
8478402,Connor McDavid,C,EDM,-69,-35,hit_thrown
8478402,Connor McDavid,C,EDM,97,-15,hit_thrown
8478402,Connor McDavid,C,EDM,34,-37,hit_thrown
8478402,Connor McDavid,C,EDM,-75,-40,hit_thrown
8478402,Connor McDavid,C,EDM,-78,-39,hit_thrown
8478402,Connor McDavid,C,EDM,38,-38,takeaway_other
8478402,Connor McDavid,C,EDM,1,38,takeaway_other
8478402,Connor McDavid,C,EDM,91,34,takeaway_other
8478402,Connor McDavid,C,EDM,63,38,takeaway_other
8478402,Connor McDavid,C,EDM,-96,20,takeaway_other
8478402,Connor McDavid,C,EDM,-10,-23,takeaway_other
8478402,Connor McDavid,C,EDM,57,-29,takeaway_other
8478402,Connor McDavid,C,EDM,-79,37,takeaway_other
8478402,Connor McDavid,C,EDM,54,-14,takeaway_other
8478402,Connor McDavid,C,EDM,92,32,takeaway_other
8478402,Connor McDavid,C,EDM,-20,30,takeaway_other
8478414,Timo Meier,R,SJS,51,-20,block_non_hd
8478414,Timo Meier,R,SJS,-40,-20,block_non_hd
8478414,Timo Meier,R,SJS,-45,-36,hit_taken
8478414,Timo Meier,R,SJS,-94,-8,hit_taken
8478414,Timo Meier,R,SJS,1,24,hit_taken
8478414,Timo Meier,R,SJS,-46,-35,hit_taken
8478414,Timo Meier,R,SJS,-96,-25,hit_taken
8478414,Timo Meier,R,SJS,27,40,hit_taken
8478414,Timo Meier,R,SJS,82,-42,hit_taken
8478414,Timo Meier,R,SJS,-59,-39,hit_taken
8478414,Timo Meier,R,SJS,-68,40,hit_taken
8478414,Timo Meier,R,SJS,-97,24,hit_taken
8478414,Timo Meier,R,SJS,-45,-40,hit_taken
8478414,Timo Meier,R,SJS,-93,31,hit_thrown
8478414,Timo Meier,R,SJS,-80,39,hit_thrown
8478414,Timo Meier,R,SJS,97,-14,hit_thrown
8478414,Timo Meier,R,SJS,75,39,hit_thrown
8478414,Timo Meier,R,SJS,-17,40,hit_thrown
8478414,Timo Meier,R,SJS,-98,32,hit_thrown
8478414,Timo Meier,R,SJS,-49,41,hit_thrown
8478414,Timo Meier,R,SJS,39,-39,hit_thrown
8478414,Timo Meier,R,SJS,-97,34,hit_thrown
8478414,Timo Meier,R,SJS,-27,-39,hit_thrown
8478414,Timo Meier,R,SJS,-31,41,hit_thrown
8478414,Timo Meier,R,SJS,93,38,hit_thrown
8478414,Timo Meier,R,SJS,99,-24,hit_thrown
8478414,Timo Meier,R,SJS,-97,24,hit_thrown
8478414,Timo Meier,R,SJS,-96,-14,hit_thrown
8478414,Timo Meier,R,SJS,-33,40,hit_thrown
8478414,Timo Meier,R,SJS,-84,37,hit_thrown
8478414,Timo Meier,R,SJS,7,-36,takeaway_other
8478414,Timo Meier,R,SJS,24,23,takeaway_other
8478414,Timo Meier,R,SJS,63,39,takeaway_other
8478460,Zach Werenski,D,CBJ,73,6,block_hd
8478460,Zach Werenski,D,CBJ,75,-8,block_hd
8478460,Zach Werenski,D,CBJ,-75,12,block_hd
8478460,Zach Werenski,D,CBJ,-65,-19,block_non_hd
8478460,Zach Werenski,D,CBJ,-56,-14,block_non_hd
8478460,Zach Werenski,D,CBJ,66,25,block_non_hd
8478460,Zach Werenski,D,CBJ,54,-2,block_non_hd
8478460,Zach Werenski,D,CBJ,-96,11,hit_taken
8478460,Zach Werenski,D,CBJ,-40,-39,hit_taken
8478460,Zach Werenski,D,CBJ,-97,31,hit_taken
8478460,Zach Werenski,D,CBJ,97,3,hit_taken
8478460,Zach Werenski,D,CBJ,48,-39,hit_thrown
8478460,Zach Werenski,D,CBJ,-97,-4,hit_thrown
8478460,Zach Werenski,D,CBJ,-96,22,hit_thrown
8478483,Mitch Marner,C,TOR,-68,-6,block_non_hd
8478483,Mitch Marner,C,TOR,4,-32,hit_taken
8478483,Mitch Marner,C,TOR,-91,-9,hit_taken
8478483,Mitch Marner,C,TOR,-60,-5,hit_taken
8478483,Mitch Marner,C,TOR,-83,-38,hit_taken
8478483,Mitch Marner,C,TOR,93,-31,hit_taken
8478483,Mitch Marner,C,TOR,-57,-37,hit_taken
8478483,Mitch Marner,C,TOR,-30,-13,hit_taken
8478483,Mitch Marner,C,TOR,-79,14,hit_taken
8478483,Mitch Marner,C,TOR,-87,38,hit_taken
8478483,Mitch Marner,C,TOR,-51,20,hit_taken
8478483,Mitch Marner,C,TOR,-46,-38,hit_taken
8478483,Mitch Marner,C,TOR,98,-12,hit_thrown
8478483,Mitch Marner,C,TOR,-67,36,hit_thrown
8478483,Mitch Marner,C,TOR,-94,-32,hit_thrown
8478483,Mitch Marner,C,TOR,97,-21,hit_thrown
8478483,Mitch Marner,C,TOR,96,19,hit_thrown
8478483,Mitch Marner,C,TOR,-96,31,hit_thrown
8478483,Mitch Marner,C,TOR,86,-38,hit_thrown
8478483,Mitch Marner,C,TOR,81,38,hit_thrown
8478483,Mitch Marner,C,TOR,-96,29,hit_thrown
8478483,Mitch Marner,C,TOR,-58,-33,takeaway_other
8478483,Mitch Marner,C,TOR,-82,41,takeaway_other
8478483,Mitch Marner,C,TOR,63,5,takeaway_other
8478483,Mitch Marner,C,TOR,49,38,takeaway_other
8478483,Mitch Marner,C,TOR,-71,20,takeaway_other
8478493,Joel Eriksson Ek,C,MIN,70,-22,dz_faceoff_win
8478493,Joel Eriksson Ek,C,MIN,-69,-23,dz_faceoff_win
8478493,Joel Eriksson Ek,C,MIN,-31,-38,hit_taken
8478493,Joel Eriksson Ek,C,MIN,-14,38,hit_thrown
8478493,Joel Eriksson Ek,C,MIN,99,-9,hit_thrown
8478493,Joel Eriksson Ek,C,MIN,-81,-40,hit_thrown
8478493,Joel Eriksson Ek,C,MIN,15,-35,hit_thrown
8478506,Gabriel Carlsson,D,CBJ,-82,-4,block_hd
8478506,Gabriel Carlsson,D,CBJ,-70,-7,block_hd
8478506,Gabriel Carlsson,D,CBJ,-61,-15,block_non_hd
8478506,Gabriel Carlsson,D,CBJ,94,36,hit_taken
8478506,Gabriel Carlsson,D,CBJ,-96,-4,hit_taken
8478506,Gabriel Carlsson,D,CBJ,-95,-8,hit_taken
8478506,Gabriel Carlsson,D,CBJ,98,-1,hit_taken
8478506,Gabriel Carlsson,D,CBJ,98,11,hit_taken
8478506,Gabriel Carlsson,D,CBJ,-86,-40,hit_taken
8478506,Gabriel Carlsson,D,CBJ,98,-29,hit_thrown
8478506,Gabriel Carlsson,D,CBJ,5,28,takeaway_other
8478506,Gabriel Carlsson,D,CBJ,-31,-7,takeaway_other
8478528,Tanner Kero,C,CHI,72,-13,block_hd
8478528,Tanner Kero,C,CHI,88,-5,block_hd
8478528,Tanner Kero,C,CHI,75,9,block_hd
8478528,Tanner Kero,C,CHI,-70,-11,block_hd
8478528,Tanner Kero,C,CHI,69,23,dz_faceoff_win
8478528,Tanner Kero,C,CHI,-69,20,dz_faceoff_win
8478528,Tanner Kero,C,CHI,68,-22,dz_faceoff_win
8478528,Tanner Kero,C,CHI,68,22,dz_faceoff_win
8478528,Tanner Kero,C,CHI,70,21,dz_faceoff_win
8478528,Tanner Kero,C,CHI,-68,-23,dz_faceoff_win
8478528,Tanner Kero,C,CHI,70,-22,dz_faceoff_win
8478528,Tanner Kero,C,CHI,69,-22,dz_faceoff_win
8478528,Tanner Kero,C,CHI,69,22,dz_faceoff_win
8478528,Tanner Kero,C,CHI,-67,21,dz_faceoff_win
8478528,Tanner Kero,C,CHI,-69,-22,dz_faceoff_win
8478528,Tanner Kero,C,CHI,-48,38,hit_taken
8478528,Tanner Kero,C,CHI,95,13,hit_taken
8478528,Tanner Kero,C,CHI,58,-38,hit_taken
8478528,Tanner Kero,C,CHI,-94,-13,hit_taken
8478528,Tanner Kero,C,CHI,-45,-39,hit_taken
8478528,Tanner Kero,C,CHI,40,-38,hit_taken
8478528,Tanner Kero,C,CHI,-82,38,hit_taken
8478528,Tanner Kero,C,CHI,-67,39,hit_taken
8478528,Tanner Kero,C,CHI,-91,36,hit_thrown
8478528,Tanner Kero,C,CHI,-96,33,hit_thrown
8478528,Tanner Kero,C,CHI,84,30,hit_thrown
8478528,Tanner Kero,C,CHI,45,-7,hit_thrown
8478528,Tanner Kero,C,CHI,-94,13,hit_thrown
8478528,Tanner Kero,C,CHI,-9,39,hit_thrown
8478528,Tanner Kero,C,CHI,19,39,hit_thrown
8478528,Tanner Kero,C,CHI,39,-32,hit_thrown
8478528,Tanner Kero,C,CHI,-75,39,takeaway_other
8478528,Tanner Kero,C,CHI,-96,-29,takeaway_other
8478528,Tanner Kero,C,CHI,-94,29,takeaway_other
8478550,Artemi Panarin,C,CHI,50,-19,block_non_hd
8478550,Artemi Panarin,C,CHI,-23,-40,hit_taken
8478550,Artemi Panarin,C,CHI,-95,-30,hit_taken
8478550,Artemi Panarin,C,CHI,-37,-36,hit_taken
8478550,Artemi Panarin,C,CHI,-42,-38,hit_taken
8478550,Artemi Panarin,C,CHI,91,36,hit_taken
8478550,Artemi Panarin,C,CHI,97,3,hit_taken
8478550,Artemi Panarin,C,CHI,-77,40,hit_taken
8478550,Artemi Panarin,C,CHI,-18,38,hit_taken
8478550,Artemi Panarin,C,CHI,88,-36,hit_thrown
8478550,Artemi Panarin,C,CHI,-89,-37,hit_thrown
8478550,Artemi Panarin,C,CHI,-93,37,hit_thrown
8478550,Artemi Panarin,C,CHI,35,19,takeaway_other
8478550,Artemi Panarin,C,CHI,-29,-18,takeaway_other
8478550,Artemi Panarin,C,CHI,-31,4,takeaway_other
8478550,Artemi Panarin,C,CHI,79,-20,takeaway_other
8478550,Artemi Panarin,C,CHI,-13,37,takeaway_other
8478561,Andreas Martinsen,L,MTL,-81,-10,block_hd
8478561,Andreas Martinsen,L,MTL,-76,4,block_hd
8478561,Andreas Martinsen,L,MTL,-88,39,hit_taken
8478561,Andreas Martinsen,L,MTL,54,40,hit_taken
8478561,Andreas Martinsen,L,MTL,-95,34,hit_taken
8478561,Andreas Martinsen,L,MTL,-55,39,hit_taken
8478561,Andreas Martinsen,L,MTL,-16,30,hit_taken
8478561,Andreas Martinsen,L,MTL,53,39,hit_taken
8478561,Andreas Martinsen,L,MTL,-13,-39,hit_taken
8478561,Andreas Martinsen,L,MTL,99,11,hit_taken
8478561,Andreas Martinsen,L,MTL,-97,26,hit_thrown
8478561,Andreas Martinsen,L,MTL,99,-10,hit_thrown
8478561,Andreas Martinsen,L,MTL,-39,23,hit_thrown
8478561,Andreas Martinsen,L,MTL,-81,-40,hit_thrown
8478561,Andreas Martinsen,L,MTL,91,40,hit_thrown
8478561,Andreas Martinsen,L,MTL,-97,-23,hit_thrown
8478561,Andreas Martinsen,L,MTL,-92,-34,hit_thrown
8478561,Andreas Martinsen,L,MTL,76,-39,hit_thrown
8478561,Andreas Martinsen,L,MTL,96,27,hit_thrown
8478569,Noel Acciari,C,BOS,-67,-12,block_non_hd
8478569,Noel Acciari,C,BOS,51,5,block_non_hd
8478569,Noel Acciari,C,BOS,56,12,block_non_hd
8478569,Noel Acciari,C,BOS,66,-19,block_non_hd
8478569,Noel Acciari,C,BOS,63,-12,block_non_hd
8478569,Noel Acciari,C,BOS,64,15,block_non_hd
8478569,Noel Acciari,C,BOS,-69,-23,dz_faceoff_win
8478569,Noel Acciari,C,BOS,69,23,dz_faceoff_win
8478569,Noel Acciari,C,BOS,-69,22,dz_faceoff_win
8478569,Noel Acciari,C,BOS,47,37,hit_taken
8478569,Noel Acciari,C,BOS,-78,-36,hit_taken
8478569,Noel Acciari,C,BOS,12,37,hit_taken
8478569,Noel Acciari,C,BOS,-14,35,hit_taken
8478569,Noel Acciari,C,BOS,60,37,hit_taken
8478569,Noel Acciari,C,BOS,-11,-36,hit_taken
8478569,Noel Acciari,C,BOS,-64,38,hit_taken
8478569,Noel Acciari,C,BOS,-22,-40,hit_taken
8478569,Noel Acciari,C,BOS,-95,-22,hit_taken
8478569,Noel Acciari,C,BOS,13,38,hit_taken
8478569,Noel Acciari,C,BOS,16,39,hit_taken
8478569,Noel Acciari,C,BOS,-33,-39,hit_taken
8478569,Noel Acciari,C,BOS,-28,-37,hit_taken
8478569,Noel Acciari,C,BOS,-10,-32,hit_taken
8478569,Noel Acciari,C,BOS,58,35,hit_taken
8478569,Noel Acciari,C,BOS,96,-6,hit_taken
8478569,Noel Acciari,C,BOS,53,-36,hit_thrown
8478569,Noel Acciari,C,BOS,-21,17,hit_thrown
8478569,Noel Acciari,C,BOS,93,-13,hit_thrown
8478569,Noel Acciari,C,BOS,76,36,hit_thrown
8478569,Noel Acciari,C,BOS,-85,35,hit_thrown
8478569,Noel Acciari,C,BOS,93,-16,hit_thrown
8478569,Noel Acciari,C,BOS,91,31,hit_thrown
8478569,Noel Acciari,C,BOS,-51,38,hit_thrown
8478569,Noel Acciari,C,BOS,83,-35,hit_thrown
8478569,Noel Acciari,C,BOS,-89,-40,hit_thrown
8478569,Noel Acciari,C,BOS,-69,38,hit_thrown
8478569,Noel Acciari,C,BOS,94,27,hit_thrown
8478569,Noel Acciari,C,BOS,50,-37,hit_thrown
8478569,Noel Acciari,C,BOS,-16,-36,hit_thrown
8478569,Noel Acciari,C,BOS,-94,-8,hit_thrown
8478569,Noel Acciari,C,BOS,-30,-23,hit_thrown
8478569,Noel Acciari,C,BOS,-78,-34,hit_thrown
8478569,Noel Acciari,C,BOS,-95,9,hit_thrown
8478569,Noel Acciari,C,BOS,57,35,hit_thrown
8478569,Noel Acciari,C,BOS,-69,-36,hit_thrown
8478569,Noel Acciari,C,BOS,60,38,hit_thrown
8478569,Noel Acciari,C,BOS,20,-37,hit_thrown
8478569,Noel Acciari,C,BOS,5,3,takeaway_other
8478569,Noel Acciari,C,BOS,94,36,takeaway_other
8478569,Noel Acciari,C,BOS,71,22,takeaway_other
8478569,Noel Acciari,C,BOS,-70,-31,takeaway_other
8478906,Markus Nutivaara,D,CBJ,63,-13,block_non_hd
8478906,Markus Nutivaara,D,CBJ,60,-1,block_non_hd
8478906,Markus Nutivaara,D,CBJ,-81,8,crease_goal
8478906,Markus Nutivaara,D,CBJ,-23,-38,hit_taken
8478906,Markus Nutivaara,D,CBJ,-97,-5,hit_taken
8478906,Markus Nutivaara,D,CBJ,98,7,hit_taken
8478906,Markus Nutivaara,D,CBJ,92,-37,hit_thrown
8478906,Markus Nutivaara,D,CBJ,97,-11,hit_thrown
8478906,Markus Nutivaara,D,CBJ,-20,29,takeaway_other
8479314,Matthew Tkachuk,L,CGY,70,-13,block_hd
8479314,Matthew Tkachuk,L,CGY,-52,-3,block_non_hd
8479314,Matthew Tkachuk,L,CGY,56,-40,hit_taken
8479314,Matthew Tkachuk,L,CGY,-98,11,hit_taken
8479314,Matthew Tkachuk,L,CGY,-76,34,hit_taken
8479314,Matthew Tkachuk,L,CGY,4,40,hit_taken
8479314,Matthew Tkachuk,L,CGY,87,-38,hit_taken
8479314,Matthew Tkachuk,L,CGY,31,-18,hit_taken
8479314,Matthew Tkachuk,L,CGY,73,25,hit_taken
8479314,Matthew Tkachuk,L,CGY,98,15,hit_taken
8479314,Matthew Tkachuk,L,CGY,88,8,hit_taken
8479314,Matthew Tkachuk,L,CGY,-92,-36,hit_thrown
8479314,Matthew Tkachuk,L,CGY,97,25,hit_thrown
8479314,Matthew Tkachuk,L,CGY,58,-30,hit_thrown
8479314,Matthew Tkachuk,L,CGY,86,41,hit_thrown
8479314,Matthew Tkachuk,L,CGY,98,24,hit_thrown
8479314,Matthew Tkachuk,L,CGY,-22,-33,hit_thrown
8479314,Matthew Tkachuk,L,CGY,-71,-40,hit_thrown
8479314,Matthew Tkachuk,L,CGY,-92,36,takeaway_other
8479318,Auston Matthews,C,TOR,74,10,block_hd
8479318,Auston Matthews,C,TOR,76,8,block_hd
8479318,Auston Matthews,C,TOR,-72,6,block_hd
8479318,Auston Matthews,C,TOR,-85,-17,block_hd
8479318,Auston Matthews,C,TOR,-73,-12,block_hd
8479318,Auston Matthews,C,TOR,-52,7,block_non_hd
8479318,Auston Matthews,C,TOR,-84,-20,block_non_hd
8479318,Auston Matthews,C,TOR,55,10,block_non_hd
8479318,Auston Matthews,C,TOR,-80,-5,crease_goal
8479318,Auston Matthews,C,TOR,-84,-5,crease_goal
8479318,Auston Matthews,C,TOR,70,-22,dz_faceoff_win
8479318,Auston Matthews,C,TOR,69,-23,dz_faceoff_win
8479318,Auston Matthews,C,TOR,69,-22,dz_faceoff_win
8479318,Auston Matthews,C,TOR,70,-22,dz_faceoff_win
8479318,Auston Matthews,C,TOR,69,-22,dz_faceoff_win
8479318,Auston Matthews,C,TOR,69,-21,dz_faceoff_win
8479318,Auston Matthews,C,TOR,69,-23,dz_faceoff_win
8479318,Auston Matthews,C,TOR,-94,-28,hit_taken
8479318,Auston Matthews,C,TOR,-67,-37,hit_taken
8479318,Auston Matthews,C,TOR,-90,-35,hit_taken
8479318,Auston Matthews,C,TOR,93,31,hit_taken
8479318,Auston Matthews,C,TOR,-53,-35,hit_taken
8479318,Auston Matthews,C,TOR,65,-42,hit_taken
8479318,Auston Matthews,C,TOR,-93,-31,hit_taken
8479318,Auston Matthews,C,TOR,15,-34,hit_taken
8479318,Auston Matthews,C,TOR,-55,37,hit_taken
8479318,Auston Matthews,C,TOR,-38,-4,hit_taken
8479318,Auston Matthews,C,TOR,-57,40,hit_taken
8479318,Auston Matthews,C,TOR,-97,21,hit_taken
8479318,Auston Matthews,C,TOR,11,-28,hit_thrown
8479318,Auston Matthews,C,TOR,77,-39,hit_thrown
8479318,Auston Matthews,C,TOR,-43,-38,hit_thrown
8479318,Auston Matthews,C,TOR,-78,-20,hit_thrown
8479318,Auston Matthews,C,TOR,85,-39,hit_thrown
8479318,Auston Matthews,C,TOR,-97,-4,hit_thrown
8479318,Auston Matthews,C,TOR,95,32,hit_thrown
8479318,Auston Matthews,C,TOR,92,32,hit_thrown
8479318,Auston Matthews,C,TOR,-47,-38,hit_thrown
8479318,Auston Matthews,C,TOR,-94,6,takeaway_hd
8479318,Auston Matthews,C,TOR,40,-38,takeaway_other
8479318,Auston Matthews,C,TOR,54,-5,takeaway_other
8479318,Auston Matthews,C,TOR,30,-6,takeaway_other
8479325,Charlie McAvoy,D,BOS,-79,-10,block_hd
8479325,Charlie McAvoy,D,BOS,72,-3,block_hd
8479325,Charlie McAvoy,D,BOS,77,1,block_hd
8479325,Charlie McAvoy,D,BOS,-72,-9,block_hd
8479325,Charlie McAvoy,D,BOS,-70,-15,block_hd
8479325,Charlie McAvoy,D,BOS,-63,-3,block_non_hd
8479325,Charlie McAvoy,D,BOS,-72,20,block_non_hd
8479325,Charlie McAvoy,D,BOS,-63,-16,block_non_hd
8479325,Charlie McAvoy,D,BOS,-67,11,block_non_hd
8479325,Charlie McAvoy,D,BOS,10,39,hit_taken
8479325,Charlie McAvoy,D,BOS,96,34,hit_taken
8479325,Charlie McAvoy,D,BOS,-91,-37,hit_taken
8479325,Charlie McAvoy,D,BOS,-42,40,hit_taken
8479325,Charlie McAvoy,D,BOS,99,-18,hit_taken
8479325,Charlie McAvoy,D,BOS,75,-40,hit_taken
8479325,Charlie McAvoy,D,BOS,98,25,hit_taken
8479325,Charlie McAvoy,D,BOS,9,24,hit_taken
8479325,Charlie McAvoy,D,BOS,-97,-9,hit_taken
8479325,Charlie McAvoy,D,BOS,-86,23,hit_taken
8479325,Charlie McAvoy,D,BOS,46,34,hit_taken
8479325,Charlie McAvoy,D,BOS,48,-39,hit_taken
8479325,Charlie McAvoy,D,BOS,28,-37,hit_thrown
8479325,Charlie McAvoy,D,BOS,-93,-36,hit_thrown
8479325,Charlie McAvoy,D,BOS,-21,-14,hit_thrown
8479325,Charlie McAvoy,D,BOS,81,-11,hit_thrown
8479325,Charlie McAvoy,D,BOS,54,39,hit_thrown
8479325,Charlie McAvoy,D,BOS,-21,-40,hit_thrown
8479325,Charlie McAvoy,D,BOS,-22,40,hit_thrown
8479325,Charlie McAvoy,D,BOS,-28,-36,hit_thrown
8479325,Charlie McAvoy,D,BOS,76,37,hit_thrown
8479325,Charlie McAvoy,D,BOS,43,-36,hit_thrown
8479325,Charlie McAvoy,D,BOS,86,-35,hit_thrown
8479325,Charlie McAvoy,D,BOS,86,10,hit_thrown
8479325,Charlie McAvoy,D,BOS,92,10,takeaway_hd
8479325,Charlie McAvoy,D,BOS,-2,-25,takeaway_other
8479325,Charlie McAvoy,D,BOS,27,19,takeaway_other
8479325,Charlie McAvoy,D,BOS,4,31,takeaway_other
8479325,Charlie McAvoy,D,BOS,-77,-35,takeaway_other
8479325,Charlie McAvoy,D,BOS,-43,-38,takeaway_other
8479458,Nikita Zaitsev,D,TOR,77,-12,block_hd
8479458,Nikita Zaitsev,D,TOR,71,3,block_hd
8479458,Nikita Zaitsev,D,TOR,-75,3,block_hd
8479458,Nikita Zaitsev,D,TOR,77,-9,block_hd
8479458,Nikita Zaitsev,D,TOR,-73,-15,block_hd
8479458,Nikita Zaitsev,D,TOR,76,-6,block_hd
8479458,Nikita Zaitsev,D,TOR,-62,-1,block_non_hd
8479458,Nikita Zaitsev,D,TOR,66,1,block_non_hd
8479458,Nikita Zaitsev,D,TOR,-86,38,hit_taken
8479458,Nikita Zaitsev,D,TOR,-87,32,hit_taken
8479458,Nikita Zaitsev,D,TOR,-90,-36,hit_taken
8479458,Nikita Zaitsev,D,TOR,32,-36,hit_taken
8479458,Nikita Zaitsev,D,TOR,-92,-35,hit_taken
8479458,Nikita Zaitsev,D,TOR,-92,-23,hit_taken
8479458,Nikita Zaitsev,D,TOR,-92,-10,hit_taken
8479458,Nikita Zaitsev,D,TOR,77,38,hit_taken
8479458,Nikita Zaitsev,D,TOR,-97,28,hit_taken
8479458,Nikita Zaitsev,D,TOR,87,-39,hit_taken
8479458,Nikita Zaitsev,D,TOR,-94,-27,hit_taken
8479458,Nikita Zaitsev,D,TOR,94,33,hit_thrown
8479458,Nikita Zaitsev,D,TOR,-87,-39,hit_thrown
8479458,Nikita Zaitsev,D,TOR,9,42,hit_thrown
8479458,Nikita Zaitsev,D,TOR,-89,-35,hit_thrown
8479458,Nikita Zaitsev,D,TOR,96,3,hit_thrown
8479458,Nikita Zaitsev,D,TOR,-5,-39,hit_thrown
8479458,Nikita Zaitsev,D,TOR,-93,-36,hit_thrown
8479458,Nikita Zaitsev,D,TOR,93,-32,hit_thrown
8479458,Nikita Zaitsev,D,TOR,-94,-17,hit_thrown
8479458,Nikita Zaitsev,D,TOR,-58,-37,hit_thrown
8479458,Nikita Zaitsev,D,TOR,97,-24,hit_thrown
8479458,Nikita Zaitsev,D,TOR,-43,-38,hit_thrown
8479458,Nikita Zaitsev,D,TOR,-43,-27,hit_thrown
8479458,Nikita Zaitsev,D,TOR,98,-28,hit_thrown
8479458,Nikita Zaitsev,D,TOR,-96,-15,takeaway_hd
8479458,Nikita Zaitsev,D,TOR,91,-38,takeaway_other
8479465,Drake Caggiula,C,EDM,74,9,block_hd
8479465,Drake Caggiula,C,EDM,-77,-1,block_hd
8479465,Drake Caggiula,C,EDM,-82,16,block_hd
8479465,Drake Caggiula,C,EDM,44,-18,block_non_hd
8479465,Drake Caggiula,C,EDM,59,-17,block_non_hd
8479465,Drake Caggiula,C,EDM,66,0,block_non_hd
8479465,Drake Caggiula,C,EDM,-59,-18,block_non_hd
8479465,Drake Caggiula,C,EDM,53,-21,block_non_hd
8479465,Drake Caggiula,C,EDM,78,3,crease_goal
8479465,Drake Caggiula,C,EDM,83,-9,crease_goal
8479465,Drake Caggiula,C,EDM,-83,-1,crease_goal
8479465,Drake Caggiula,C,EDM,69,-20,dz_faceoff_win
8479465,Drake Caggiula,C,EDM,-69,22,dz_faceoff_win
8479465,Drake Caggiula,C,EDM,66,-8,hit_taken
8479465,Drake Caggiula,C,EDM,-63,-37,hit_taken
8479465,Drake Caggiula,C,EDM,46,-39,hit_taken
8479465,Drake Caggiula,C,EDM,94,28,hit_taken
8479465,Drake Caggiula,C,EDM,-49,41,hit_taken
8479465,Drake Caggiula,C,EDM,-4,40,hit_taken
8479465,Drake Caggiula,C,EDM,-83,41,hit_taken
8479465,Drake Caggiula,C,EDM,-60,-40,hit_taken
8479465,Drake Caggiula,C,EDM,97,-7,hit_taken
8479465,Drake Caggiula,C,EDM,77,-39,hit_taken
8479465,Drake Caggiula,C,EDM,-3,-40,hit_taken
8479465,Drake Caggiula,C,EDM,48,40,hit_taken
8479465,Drake Caggiula,C,EDM,-24,29,hit_taken
8479465,Drake Caggiula,C,EDM,85,-37,hit_taken
8479465,Drake Caggiula,C,EDM,98,8,hit_taken
8479465,Drake Caggiula,C,EDM,-65,-40,hit_taken
8479465,Drake Caggiula,C,EDM,41,41,hit_taken
8479465,Drake Caggiula,C,EDM,94,12,hit_taken
8479465,Drake Caggiula,C,EDM,-16,38,hit_taken
8479465,Drake Caggiula,C,EDM,-40,40,hit_taken
8479465,Drake Caggiula,C,EDM,81,-9,hit_thrown
8479465,Drake Caggiula,C,EDM,-34,-37,hit_thrown
8479465,Drake Caggiula,C,EDM,96,15,hit_thrown
8479465,Drake Caggiula,C,EDM,-36,-33,hit_thrown
8479465,Drake Caggiula,C,EDM,-67,-29,hit_thrown
8479465,Drake Caggiula,C,EDM,39,-40,hit_thrown
8479465,Drake Caggiula,C,EDM,96,-23,hit_thrown
8479465,Drake Caggiula,C,EDM,8,-39,hit_thrown
8479465,Drake Caggiula,C,EDM,98,-9,hit_thrown
8479465,Drake Caggiula,C,EDM,-52,-40,hit_thrown
8479465,Drake Caggiula,C,EDM,-87,39,hit_thrown
8479465,Drake Caggiula,C,EDM,-38,31,hit_thrown
8479465,Drake Caggiula,C,EDM,92,-10,hit_thrown
8479465,Drake Caggiula,C,EDM,-46,38,hit_thrown
8479465,Drake Caggiula,C,EDM,-95,26,hit_thrown
8479465,Drake Caggiula,C,EDM,-95,20,hit_thrown
8479465,Drake Caggiula,C,EDM,88,37,hit_thrown
8479465,Drake Caggiula,C,EDM,92,34,hit_thrown
8479465,Drake Caggiula,C,EDM,-96,29,hit_thrown
8479465,Drake Caggiula,C,EDM,43,39,hit_thrown
8479465,Drake Caggiula,C,EDM,-26,41,hit_thrown
8479465,Drake Caggiula,C,EDM,-74,40,hit_thrown
8479465,Drake Caggiula,C,EDM,98,-3,hit_thrown
8479465,Drake Caggiula,C,EDM,44,-9,hit_thrown
8479465,Drake Caggiula,C,EDM,-38,-33,hit_thrown
8479465,Drake Caggiula,C,EDM,-81,-2,takeaway_hd
8479465,Drake Caggiula,C,EDM,-6,2,takeaway_other
8479465,Drake Caggiula,C,EDM,-64,27,takeaway_other
8479465,Drake Caggiula,C,EDM,-9,-25,takeaway_other
8479482,Michal Kempny,D,CHI,84,-8,block_hd
8479482,Michal Kempny,D,CHI,-31,-36,hit_taken
8479482,Michal Kempny,D,CHI,90,36,hit_thrown
8479482,Michal Kempny,D,CHI,84,-37,hit_thrown
