player_id,name,position,team,x,y,event_type
8470600,Ryan Suter,D,DAL,74,-1,block_hd
8470600,Ryan Suter,D,DAL,83,-10,block_hd
8470600,Ryan Suter,D,DAL,74,9,block_hd
8470600,Ryan Suter,D,DAL,76,-8,block_hd
8470600,Ryan Suter,D,DAL,89,0,block_hd
8470600,Ryan Suter,D,DAL,78,6,block_hd
8470600,Ryan Suter,D,DAL,80,-6,block_hd
8470600,Ryan Suter,D,DAL,72,12,block_hd
8470600,Ryan Suter,D,DAL,88,6,block_hd
8470600,Ryan Suter,D,DAL,57,16,block_non_hd
8470600,Ryan Suter,D,DAL,55,-20,block_non_hd
8470600,Ryan Suter,D,DAL,54,-6,block_non_hd
8470600,Ryan Suter,D,DAL,66,27,block_non_hd
8470600,Ryan Suter,D,DAL,85,-27,block_non_hd
8470600,Ryan Suter,D,DAL,67,-13,block_non_hd
8470600,Ryan Suter,D,DAL,44,31,block_non_hd
8470600,Ryan Suter,D,DAL,69,5,block_non_hd
8470600,Ryan Suter,D,DAL,87,21,block_non_hd
8470600,Ryan Suter,D,DAL,78,29,block_non_hd
8470600,Ryan Suter,D,DAL,45,38,hit_taken
8470600,Ryan Suter,D,DAL,96,25,hit_taken
8470600,Ryan Suter,D,DAL,97,7,hit_taken
8470600,Ryan Suter,D,DAL,93,-31,hit_taken
8470600,Ryan Suter,D,DAL,31,-40,hit_taken
8470600,Ryan Suter,D,DAL,90,-33,hit_taken
8470600,Ryan Suter,D,DAL,83,-36,hit_taken
8470600,Ryan Suter,D,DAL,68,-25,hit_taken
8470600,Ryan Suter,D,DAL,99,3,hit_taken
8470600,Ryan Suter,D,DAL,82,-36,hit_taken
8470600,Ryan Suter,D,DAL,97,-21,hit_taken
8470600,Ryan Suter,D,DAL,55,-40,hit_taken
8470600,Ryan Suter,D,DAL,92,-25,hit_taken
8470600,Ryan Suter,D,DAL,83,-38,hit_taken
8470600,Ryan Suter,D,DAL,98,4,hit_taken
8470600,Ryan Suter,D,DAL,95,26,hit_taken
8470600,Ryan Suter,D,DAL,91,-31,hit_taken
8470600,Ryan Suter,D,DAL,97,-19,hit_taken
8470600,Ryan Suter,D,DAL,93,-29,hit_taken
8470600,Ryan Suter,D,DAL,95,-23,hit_taken
8470600,Ryan Suter,D,DAL,68,-38,hit_taken
8470600,Ryan Suter,D,DAL,94,-27,hit_taken
8470600,Ryan Suter,D,DAL,99,-11,hit_taken
8470600,Ryan Suter,D,DAL,96,-24,hit_taken
8470600,Ryan Suter,D,DAL,91,29,hit_taken
8470600,Ryan Suter,D,DAL,86,34,hit_taken
8470600,Ryan Suter,D,DAL,74,39,hit_taken
8470600,Ryan Suter,D,DAL,96,15,hit_taken
8470600,Ryan Suter,D,DAL,97,6,hit_taken
8470600,Ryan Suter,D,DAL,98,-8,hit_thrown
8470600,Ryan Suter,D,DAL,53,-38,hit_thrown
8470600,Ryan Suter,D,DAL,97,9,hit_thrown
8470600,Ryan Suter,D,DAL,97,8,hit_thrown
8470600,Ryan Suter,D,DAL,99,-19,hit_thrown
8470600,Ryan Suter,D,DAL,78,40,hit_thrown
8470600,Ryan Suter,D,DAL,98,-9,hit_thrown
8470600,Ryan Suter,D,DAL,97,-20,hit_thrown
8470600,Ryan Suter,D,DAL,46,-40,hit_thrown
8470600,Ryan Suter,D,DAL,53,-40,hit_thrown
8470600,Ryan Suter,D,DAL,12,-26,hit_thrown
8470600,Ryan Suter,D,DAL,98,12,hit_thrown
8470600,Ryan Suter,D,DAL,98,-20,hit_thrown
8470600,Ryan Suter,D,DAL,91,32,hit_thrown
8470600,Ryan Suter,D,DAL,46,-39,hit_thrown
8470600,Ryan Suter,D,DAL,93,-21,hit_thrown
8470600,Ryan Suter,D,DAL,40,-39,hit_thrown
8470600,Ryan Suter,D,DAL,99,-11,hit_thrown
8470600,Ryan Suter,D,DAL,96,-24,hit_thrown
8470600,Ryan Suter,D,DAL,97,-4,takeaway_hd
8470600,Ryan Suter,D,DAL,23,28,takeaway_other
8470610,Zach Parise,L,COL,76,0,block_hd
8470610,Zach Parise,L,COL,74,2,block_hd
8470610,Zach Parise,L,COL,83,8,block_hd
8470610,Zach Parise,L,COL,69,-2,block_non_hd
8470610,Zach Parise,L,COL,57,-11,block_non_hd
8470610,Zach Parise,L,COL,45,-28,block_non_hd
8470610,Zach Parise,L,COL,49,-11,block_non_hd
8470610,Zach Parise,L,COL,67,6,block_non_hd
8470610,Zach Parise,L,COL,57,4,block_non_hd
8470610,Zach Parise,L,COL,53,13,block_non_hd
8470610,Zach Parise,L,COL,59,8,block_non_hd
8470610,Zach Parise,L,COL,39,-7,block_non_hd
8470610,Zach Parise,L,COL,81,-7,crease_goal
8470610,Zach Parise,L,COL,80,-38,hit_taken
8470610,Zach Parise,L,COL,85,-36,hit_taken
8470610,Zach Parise,L,COL,12,39,hit_taken
8470610,Zach Parise,L,COL,96,-15,hit_taken
8470610,Zach Parise,L,COL,61,38,hit_taken
8470610,Zach Parise,L,COL,69,40,hit_taken
8470610,Zach Parise,L,COL,14,40,hit_taken
8470610,Zach Parise,L,COL,52,-40,hit_taken
8470610,Zach Parise,L,COL,13,-39,hit_taken
8470610,Zach Parise,L,COL,73,-31,hit_taken
8470610,Zach Parise,L,COL,16,24,hit_taken
8470610,Zach Parise,L,COL,39,-40,hit_taken
8470610,Zach Parise,L,COL,91,-32,hit_taken
8470610,Zach Parise,L,COL,12,29,hit_taken
8470610,Zach Parise,L,COL,59,-25,hit_taken
8470610,Zach Parise,L,COL,63,-37,hit_taken
8470610,Zach Parise,L,COL,98,8,hit_taken
8470610,Zach Parise,L,COL,51,-40,hit_taken
8470610,Zach Parise,L,COL,75,40,hit_taken
8470610,Zach Parise,L,COL,98,-20,hit_taken
8470610,Zach Parise,L,COL,97,-6,hit_taken
8470610,Zach Parise,L,COL,94,26,hit_taken
8470610,Zach Parise,L,COL,88,-7,hit_taken
8470610,Zach Parise,L,COL,96,21,hit_thrown
8470610,Zach Parise,L,COL,95,-13,hit_thrown
8470610,Zach Parise,L,COL,38,-41,hit_thrown
8470610,Zach Parise,L,COL,95,22,hit_thrown
8470610,Zach Parise,L,COL,82,37,hit_thrown
8470610,Zach Parise,L,COL,95,29,hit_thrown
8470610,Zach Parise,L,COL,94,25,hit_thrown
8470610,Zach Parise,L,COL,62,-41,hit_thrown
8470610,Zach Parise,L,COL,42,40,hit_thrown
8470610,Zach Parise,L,COL,26,6,hit_thrown
8470610,Zach Parise,L,COL,93,-32,hit_thrown
8470610,Zach Parise,L,COL,85,-36,hit_thrown
8470610,Zach Parise,L,COL,81,39,hit_thrown
8470610,Zach Parise,L,COL,33,-41,hit_thrown
8470610,Zach Parise,L,COL,41,37,hit_thrown
8470610,Zach Parise,L,COL,94,26,hit_thrown
8470610,Zach Parise,L,COL,96,0,hit_thrown
8470610,Zach Parise,L,COL,97,-8,hit_thrown
8470610,Zach Parise,L,COL,14,41,hit_thrown
8470610,Zach Parise,L,COL,91,34,hit_thrown
8470610,Zach Parise,L,COL,41,40,hit_thrown
8470610,Zach Parise,L,COL,36,-39,hit_thrown
8470610,Zach Parise,L,COL,92,-28,hit_thrown
8470610,Zach Parise,L,COL,98,-2,hit_thrown
8470610,Zach Parise,L,COL,72,-41,hit_thrown
8470610,Zach Parise,L,COL,95,-20,hit_thrown
8470610,Zach Parise,L,COL,90,32,hit_thrown
8470610,Zach Parise,L,COL,98,10,hit_thrown
8470610,Zach Parise,L,COL,97,-1,hit_thrown
8470610,Zach Parise,L,COL,90,-33,hit_thrown
8470610,Zach Parise,L,COL,41,31,takeaway_other
8470610,Zach Parise,L,COL,11,39,takeaway_other
8470613,Brent Burns,D,CAR,80,7,block_hd
8470613,Brent Burns,D,CAR,77,-8,block_hd
8470613,Brent Burns,D,CAR,76,-3,block_hd
8470613,Brent Burns,D,CAR,75,-6,block_hd
8470613,Brent Burns,D,CAR,79,-6,block_hd
8470613,Brent Burns,D,CAR,80,-4,block_hd
8470613,Brent Burns,D,CAR,82,-2,block_hd
8470613,Brent Burns,D,CAR,74,-5,block_hd
8470613,Brent Burns,D,CAR,80,-7,block_hd
8470613,Brent Burns,D,CAR,75,8,block_hd
8470613,Brent Burns,D,CAR,70,-11,block_hd
8470613,Brent Burns,D,CAR,61,15,block_non_hd
8470613,Brent Burns,D,CAR,66,-2,block_non_hd
8470613,Brent Burns,D,CAR,60,15,block_non_hd
8470613,Brent Burns,D,CAR,40,23,block_non_hd
8470613,Brent Burns,D,CAR,64,0,block_non_hd
8470613,Brent Burns,D,CAR,68,0,block_non_hd
8470613,Brent Burns,D,CAR,97,-2,hit_taken
8470613,Brent Burns,D,CAR,95,13,hit_taken
8470613,Brent Burns,D,CAR,71,39,hit_taken
8470613,Brent Burns,D,CAR,91,27,hit_taken
8470613,Brent Burns,D,CAR,91,-31,hit_taken
8470613,Brent Burns,D,CAR,97,8,hit_taken
8470613,Brent Burns,D,CAR,87,32,hit_taken
8470613,Brent Burns,D,CAR,88,33,hit_taken
8470613,Brent Burns,D,CAR,90,32,hit_taken
8470613,Brent Burns,D,CAR,89,-30,hit_thrown
8470613,Brent Burns,D,CAR,88,-33,hit_thrown
8470613,Brent Burns,D,CAR,96,8,hit_thrown
8470613,Brent Burns,D,CAR,51,-33,hit_thrown
8470613,Brent Burns,D,CAR,50,41,hit_thrown
8470613,Brent Burns,D,CAR,67,-30,hit_thrown
8470613,Brent Burns,D,CAR,97,-1,takeaway_hd
8470613,Brent Burns,D,CAR,91,6,takeaway_hd
8470613,Brent Burns,D,CAR,98,0,takeaway_hd
8470613,Brent Burns,D,CAR,33,-39,takeaway_other
8470613,Brent Burns,D,CAR,27,27,takeaway_other
8470613,Brent Burns,D,CAR,33,-25,takeaway_other
8470613,Brent Burns,D,CAR,33,31,takeaway_other
8470613,Brent Burns,D,CAR,34,28,takeaway_other
8470621,Corey Perry,R,EDM,81,-1,block_hd
8470621,Corey Perry,R,EDM,66,11,block_non_hd
8470621,Corey Perry,R,EDM,51,-1,block_non_hd
8470621,Corey Perry,R,EDM,82,-4,crease_goal
8470621,Corey Perry,R,EDM,13,40,hit_taken
8470621,Corey Perry,R,EDM,9,39,hit_taken
8470621,Corey Perry,R,EDM,3,-38,hit_taken
8470621,Corey Perry,R,EDM,94,-29,hit_taken
8470621,Corey Perry,R,EDM,93,17,hit_taken
8470621,Corey Perry,R,EDM,45,-38,hit_taken
8470621,Corey Perry,R,EDM,77,39,hit_taken
8470621,Corey Perry,R,EDM,46,-38,hit_taken
8470621,Corey Perry,R,EDM,96,-23,hit_taken
8470621,Corey Perry,R,EDM,38,39,hit_taken
8470621,Corey Perry,R,EDM,5,-39,hit_taken
8470621,Corey Perry,R,EDM,94,-30,hit_taken
8470621,Corey Perry,R,EDM,59,-40,hit_taken
8470621,Corey Perry,R,EDM,13,21,hit_taken
8470621,Corey Perry,R,EDM,24,-39,hit_taken
8470621,Corey Perry,R,EDM,83,39,hit_taken
8470621,Corey Perry,R,EDM,73,-36,hit_taken
8470621,Corey Perry,R,EDM,29,37,hit_taken
8470621,Corey Perry,R,EDM,53,40,hit_taken
8470621,Corey Perry,R,EDM,96,-13,hit_taken
8470621,Corey Perry,R,EDM,88,-31,hit_taken
8470621,Corey Perry,R,EDM,68,23,hit_taken
8470621,Corey Perry,R,EDM,73,-34,hit_taken
8470621,Corey Perry,R,EDM,14,-41,hit_taken
8470621,Corey Perry,R,EDM,34,40,hit_taken
8470621,Corey Perry,R,EDM,48,-38,hit_taken
8470621,Corey Perry,R,EDM,95,-7,hit_taken
8470621,Corey Perry,R,EDM,71,-40,hit_taken
8470621,Corey Perry,R,EDM,42,-37,hit_taken
8470621,Corey Perry,R,EDM,94,-22,hit_taken
8470621,Corey Perry,R,EDM,69,38,hit_taken
8470621,Corey Perry,R,EDM,29,35,hit_taken
8470621,Corey Perry,R,EDM,14,40,hit_taken
8470621,Corey Perry,R,EDM,70,38,hit_taken
8470621,Corey Perry,R,EDM,95,25,hit_taken
8470621,Corey Perry,R,EDM,13,-39,hit_thrown
8470621,Corey Perry,R,EDM,98,2,hit_thrown
8470621,Corey Perry,R,EDM,98,-16,hit_thrown
8470621,Corey Perry,R,EDM,93,5,hit_thrown
8470621,Corey Perry,R,EDM,94,-21,hit_thrown
8470621,Corey Perry,R,EDM,83,36,hit_thrown
8470621,Corey Perry,R,EDM,99,-16,hit_thrown
8470621,Corey Perry,R,EDM,56,39,hit_thrown
8470621,Corey Perry,R,EDM,95,13,hit_thrown
8470621,Corey Perry,R,EDM,37,38,hit_thrown
8470621,Corey Perry,R,EDM,92,32,hit_thrown
8470621,Corey Perry,R,EDM,96,17,hit_thrown
8470621,Corey Perry,R,EDM,8,-40,hit_thrown
8470621,Corey Perry,R,EDM,68,34,hit_thrown
8470621,Corey Perry,R,EDM,90,-28,hit_thrown
8470621,Corey Perry,R,EDM,92,-26,hit_thrown
8470621,Corey Perry,R,EDM,95,10,hit_thrown
8470621,Corey Perry,R,EDM,88,22,hit_thrown
8470621,Corey Perry,R,EDM,18,-38,takeaway_other
8470621,Corey Perry,R,EDM,22,23,takeaway_other
8470621,Corey Perry,R,EDM,75,-37,takeaway_other
8470621,Corey Perry,R,EDM,20,39,takeaway_other
8470621,Corey Perry,R,EDM,34,21,takeaway_other
8470621,Corey Perry,R,EDM,32,-7,takeaway_other
8470621,Corey Perry,R,EDM,70,25,takeaway_other
8470621,Corey Perry,R,EDM,70,41,takeaway_other
8470794,Joe Pavelski,C,DAL,79,6,block_hd
8470794,Joe Pavelski,C,DAL,75,-1,block_hd
8470794,Joe Pavelski,C,DAL,75,-8,block_hd
8470794,Joe Pavelski,C,DAL,59,6,block_non_hd
8470794,Joe Pavelski,C,DAL,62,-14,block_non_hd
8470794,Joe Pavelski,C,DAL,52,7,block_non_hd
8470794,Joe Pavelski,C,DAL,36,22,block_non_hd
8470794,Joe Pavelski,C,DAL,78,-21,block_non_hd
8470794,Joe Pavelski,C,DAL,68,3,block_non_hd
8470794,Joe Pavelski,C,DAL,52,3,block_non_hd
8470794,Joe Pavelski,C,DAL,46,-12,block_non_hd
8470794,Joe Pavelski,C,DAL,41,-10,block_non_hd
8470794,Joe Pavelski,C,DAL,45,19,block_non_hd
8470794,Joe Pavelski,C,DAL,46,-11,block_non_hd
8470794,Joe Pavelski,C,DAL,56,-14,block_non_hd
8470794,Joe Pavelski,C,DAL,47,29,block_non_hd
8470794,Joe Pavelski,C,DAL,45,-10,block_non_hd
8470794,Joe Pavelski,C,DAL,55,-3,block_non_hd
8470794,Joe Pavelski,C,DAL,49,20,block_non_hd
8470794,Joe Pavelski,C,DAL,81,1,crease_goal
8470794,Joe Pavelski,C,DAL,69,22,dz_faceoff_win
8470794,Joe Pavelski,C,DAL,69,22,dz_faceoff_win
8470794,Joe Pavelski,C,DAL,69,22,dz_faceoff_win
8470794,Joe Pavelski,C,DAL,69,22,dz_faceoff_win
8470794,Joe Pavelski,C,DAL,69,22,dz_faceoff_win
8470794,Joe Pavelski,C,DAL,69,22,dz_faceoff_win
8470794,Joe Pavelski,C,DAL,69,22,dz_faceoff_win
8470794,Joe Pavelski,C,DAL,69,22,dz_faceoff_win
8470794,Joe Pavelski,C,DAL,69,22,dz_faceoff_win
8470794,Joe Pavelski,C,DAL,69,22,dz_faceoff_win
8470794,Joe Pavelski,C,DAL,69,22,dz_faceoff_win
8470794,Joe Pavelski,C,DAL,69,22,dz_faceoff_win
8470794,Joe Pavelski,C,DAL,69,22,dz_faceoff_win
8470794,Joe Pavelski,C,DAL,69,22,dz_faceoff_win
8470794,Joe Pavelski,C,DAL,69,22,dz_faceoff_win
8470794,Joe Pavelski,C,DAL,69,22,dz_faceoff_win
8470794,Joe Pavelski,C,DAL,69,22,dz_faceoff_win
8470794,Joe Pavelski,C,DAL,69,22,dz_faceoff_win
8470794,Joe Pavelski,C,DAL,69,22,dz_faceoff_win
8470794,Joe Pavelski,C,DAL,69,22,dz_faceoff_win
8470794,Joe Pavelski,C,DAL,69,22,dz_faceoff_win
8470794,Joe Pavelski,C,DAL,69,22,dz_faceoff_win
8470794,Joe Pavelski,C,DAL,69,22,dz_faceoff_win
8470794,Joe Pavelski,C,DAL,69,22,dz_faceoff_win
8470794,Joe Pavelski,C,DAL,84,-38,hit_taken
8470794,Joe Pavelski,C,DAL,90,29,hit_taken
8470794,Joe Pavelski,C,DAL,90,-34,hit_taken
8470794,Joe Pavelski,C,DAL,36,-39,hit_taken
8470794,Joe Pavelski,C,DAL,27,40,hit_taken
8470794,Joe Pavelski,C,DAL,52,-21,hit_taken
8470794,Joe Pavelski,C,DAL,99,-11,hit_taken
8470794,Joe Pavelski,C,DAL,0,-37,hit_taken
8470794,Joe Pavelski,C,DAL,10,-34,hit_taken
8470794,Joe Pavelski,C,DAL,86,-36,hit_taken
8470794,Joe Pavelski,C,DAL,91,34,hit_taken
8470794,Joe Pavelski,C,DAL,40,-40,hit_taken
8470794,Joe Pavelski,C,DAL,91,34,hit_taken
8470794,Joe Pavelski,C,DAL,61,37,hit_taken
8470794,Joe Pavelski,C,DAL,48,-39,hit_taken
8470794,Joe Pavelski,C,DAL,91,-31,hit_taken
8470794,Joe Pavelski,C,DAL,59,40,hit_taken
8470794,Joe Pavelski,C,DAL,24,39,hit_taken
8470794,Joe Pavelski,C,DAL,97,-14,hit_taken
8470794,Joe Pavelski,C,DAL,75,33,hit_taken
8470794,Joe Pavelski,C,DAL,97,-22,hit_thrown
8470794,Joe Pavelski,C,DAL,98,16,hit_thrown
8470794,Joe Pavelski,C,DAL,88,34,hit_thrown
8470794,Joe Pavelski,C,DAL,96,14,hit_thrown
8470794,Joe Pavelski,C,DAL,91,-31,hit_thrown
8470794,Joe Pavelski,C,DAL,93,27,hit_thrown
8470794,Joe Pavelski,C,DAL,97,9,hit_thrown
8470794,Joe Pavelski,C,DAL,91,34,hit_thrown
8470794,Joe Pavelski,C,DAL,15,-40,hit_thrown
8470794,Joe Pavelski,C,DAL,62,-41,hit_thrown
8470794,Joe Pavelski,C,DAL,89,6,hit_thrown
8470794,Joe Pavelski,C,DAL,88,34,hit_thrown
8470794,Joe Pavelski,C,DAL,63,42,hit_thrown
8470794,Joe Pavelski,C,DAL,98,7,hit_thrown
8470794,Joe Pavelski,C,DAL,89,32,hit_thrown
8470794,Joe Pavelski,C,DAL,98,22,hit_thrown
8470794,Joe Pavelski,C,DAL,95,-24,hit_thrown
8470794,Joe Pavelski,C,DAL,69,41,hit_thrown
8470794,Joe Pavelski,C,DAL,97,-15,hit_thrown
8470794,Joe Pavelski,C,DAL,14,42,hit_thrown
8470794,Joe Pavelski,C,DAL,99,-13,hit_thrown
8470794,Joe Pavelski,C,DAL,73,-39,hit_thrown
8470794,Joe Pavelski,C,DAL,93,-31,hit_thrown
8470794,Joe Pavelski,C,DAL,51,-40,hit_thrown
8470794,Joe Pavelski,C,DAL,92,-27,hit_thrown
8470794,Joe Pavelski,C,DAL,63,-40,hit_thrown
8470794,Joe Pavelski,C,DAL,68,-40,hit_thrown
8470794,Joe Pavelski,C,DAL,93,26,hit_thrown
8470794,Joe Pavelski,C,DAL,87,-36,hit_thrown
8470794,Joe Pavelski,C,DAL,88,-31,hit_thrown
8470794,Joe Pavelski,C,DAL,78,-41,hit_thrown
8470794,Joe Pavelski,C,DAL,78,39,hit_thrown
8470794,Joe Pavelski,C,DAL,92,-27,hit_thrown
8470794,Joe Pavelski,C,DAL,74,-39,hit_thrown
8470794,Joe Pavelski,C,DAL,98,-16,takeaway_hd
8470794,Joe Pavelski,C,DAL,30,-1,takeaway_other
8470794,Joe Pavelski,C,DAL,51,-27,takeaway_other
8470794,Joe Pavelski,C,DAL,39,34,takeaway_other
8470794,Joe Pavelski,C,DAL,55,-2,takeaway_other
8470794,Joe Pavelski,C,DAL,39,-20,takeaway_other
8470794,Joe Pavelski,C,DAL,52,-18,takeaway_other
8470794,Joe Pavelski,C,DAL,54,2,takeaway_other
8470794,Joe Pavelski,C,DAL,66,-1,takeaway_other
8471214,Alex Ovechkin,L,WSH,11,-1,block_non_hd
8471214,Alex Ovechkin,L,WSH,55,38,hit_taken
8471214,Alex Ovechkin,L,WSH,59,39,hit_taken
8471214,Alex Ovechkin,L,WSH,53,-37,hit_taken
8471214,Alex Ovechkin,L,WSH,97,-4,hit_thrown
8471214,Alex Ovechkin,L,WSH,24,40,hit_thrown
8471214,Alex Ovechkin,L,WSH,16,40,hit_thrown
8471214,Alex Ovechkin,L,WSH,87,36,hit_thrown
8471214,Alex Ovechkin,L,WSH,34,-35,hit_thrown
8471214,Alex Ovechkin,L,WSH,20,-37,hit_thrown
8471214,Alex Ovechkin,L,WSH,91,-28,hit_thrown
8471214,Alex Ovechkin,L,WSH,63,-38,hit_thrown
8471214,Alex Ovechkin,L,WSH,92,-30,hit_thrown
8471214,Alex Ovechkin,L,WSH,13,39,hit_thrown
8471214,Alex Ovechkin,L,WSH,56,40,hit_thrown
8471214,Alex Ovechkin,L,WSH,53,37,hit_thrown
8471218,Blake Wheeler,R,NYR,55,21,block_non_hd
8471218,Blake Wheeler,R,NYR,44,-7,block_non_hd
8471218,Blake Wheeler,R,NYR,56,41,hit_thrown
8471218,Blake Wheeler,R,NYR,83,37,hit_thrown
8471218,Blake Wheeler,R,NYR,93,-30,hit_thrown
8471218,Blake Wheeler,R,NYR,98,-9,hit_thrown
8471218,Blake Wheeler,R,NYR,28,0,takeaway_other
8471677,Jack Johnson,D,COL,76,6,block_hd
8471677,Jack Johnson,D,COL,75,-3,block_hd
8471677,Jack Johnson,D,COL,77,7,block_hd
8471677,Jack Johnson,D,COL,89,-3,block_hd
8471677,Jack Johnson,D,COL,52,-9,block_non_hd
8471677,Jack Johnson,D,COL,57,-14,block_non_hd
8471677,Jack Johnson,D,COL,44,3,block_non_hd
8471677,Jack Johnson,D,COL,71,-31,block_non_hd
8471677,Jack Johnson,D,COL,96,16,hit_taken
8471677,Jack Johnson,D,COL,5,40,hit_taken
8471677,Jack Johnson,D,COL,99,1,hit_taken
8471677,Jack Johnson,D,COL,93,-31,hit_taken
8471677,Jack Johnson,D,COL,96,22,hit_taken
8471677,Jack Johnson,D,COL,1,-41,hit_taken
8471677,Jack Johnson,D,COL,13,40,hit_taken
8471677,Jack Johnson,D,COL,61,-38,hit_taken
8471677,Jack Johnson,D,COL,99,-11,hit_taken
8471677,Jack Johnson,D,COL,47,41,hit_taken
8471677,Jack Johnson,D,COL,60,-41,hit_taken
8471677,Jack Johnson,D,COL,97,-23,hit_taken
8471677,Jack Johnson,D,COL,79,-38,hit_taken
8471677,Jack Johnson,D,COL,91,32,hit_taken
8471677,Jack Johnson,D,COL,97,7,hit_taken
8471677,Jack Johnson,D,COL,93,26,hit_taken
8471677,Jack Johnson,D,COL,85,35,hit_thrown
8471677,Jack Johnson,D,COL,96,16,hit_thrown
8471677,Jack Johnson,D,COL,97,14,hit_thrown
8471677,Jack Johnson,D,COL,13,-27,hit_thrown
8471677,Jack Johnson,D,COL,98,20,hit_thrown
8471677,Jack Johnson,D,COL,76,-37,hit_thrown
8471677,Jack Johnson,D,COL,74,26,hit_thrown
8471677,Jack Johnson,D,COL,46,38,hit_thrown
8471677,Jack Johnson,D,COL,61,40,hit_thrown
8471677,Jack Johnson,D,COL,87,-36,hit_thrown
8471677,Jack Johnson,D,COL,90,-33,hit_thrown
8471677,Jack Johnson,D,COL,65,-39,hit_thrown
8471677,Jack Johnson,D,COL,42,40,hit_thrown
8471677,Jack Johnson,D,COL,13,40,hit_thrown
8471677,Jack Johnson,D,COL,91,34,hit_thrown
8471677,Jack Johnson,D,COL,67,5,hit_thrown
8471677,Jack Johnson,D,COL,98,12,hit_thrown
8471677,Jack Johnson,D,COL,37,23,hit_thrown
8471677,Jack Johnson,D,COL,57,-40,hit_thrown
8471677,Jack Johnson,D,COL,92,31,hit_thrown
8471677,Jack Johnson,D,COL,92,-30,hit_thrown
8471677,Jack Johnson,D,COL,63,-2,takeaway_other
8471677,Jack Johnson,D,COL,79,40,takeaway_other
8471685,Anze Kopitar,C,LAK,80,-7,block_hd
8471685,Anze Kopitar,C,LAK,74,0,block_hd
8471685,Anze Kopitar,C,LAK,74,-3,block_hd
8471685,Anze Kopitar,C,LAK,81,-2,block_hd
8471685,Anze Kopitar,C,LAK,49,32,block_non_hd
8471685,Anze Kopitar,C,LAK,62,-10,block_non_hd
8471685,Anze Kopitar,C,LAK,69,22,dz_faceoff_win
8471685,Anze Kopitar,C,LAK,69,-22,dz_faceoff_win
8471685,Anze Kopitar,C,LAK,69,22,dz_faceoff_win
8471685,Anze Kopitar,C,LAK,69,22,dz_faceoff_win
8471685,Anze Kopitar,C,LAK,69,-22,dz_faceoff_win
8471685,Anze Kopitar,C,LAK,69,22,dz_faceoff_win
8471685,Anze Kopitar,C,LAK,69,-22,dz_faceoff_win
8471685,Anze Kopitar,C,LAK,69,-22,dz_faceoff_win
8471685,Anze Kopitar,C,LAK,69,-22,dz_faceoff_win
8471685,Anze Kopitar,C,LAK,69,22,dz_faceoff_win
8471685,Anze Kopitar,C,LAK,69,-22,dz_faceoff_win
8471685,Anze Kopitar,C,LAK,69,22,dz_faceoff_win
8471685,Anze Kopitar,C,LAK,69,-22,dz_faceoff_win
8471685,Anze Kopitar,C,LAK,69,22,dz_faceoff_win
8471685,Anze Kopitar,C,LAK,69,22,dz_faceoff_win
8471685,Anze Kopitar,C,LAK,69,22,dz_faceoff_win
8471685,Anze Kopitar,C,LAK,69,22,dz_faceoff_win
8471685,Anze Kopitar,C,LAK,69,22,dz_faceoff_win
8471685,Anze Kopitar,C,LAK,69,22,dz_faceoff_win
8471685,Anze Kopitar,C,LAK,69,22,dz_faceoff_win
8471685,Anze Kopitar,C,LAK,52,-41,hit_taken
8471685,Anze Kopitar,C,LAK,87,34,hit_taken
8471685,Anze Kopitar,C,LAK,75,38,hit_taken
8471685,Anze Kopitar,C,LAK,84,36,hit_thrown
8471685,Anze Kopitar,C,LAK,41,39,hit_thrown
8471685,Anze Kopitar,C,LAK,74,-38,hit_thrown
8471685,Anze Kopitar,C,LAK,98,14,hit_thrown
8471685,Anze Kopitar,C,LAK,88,33,hit_thrown
8471685,Anze Kopitar,C,LAK,47,24,hit_thrown
8471685,Anze Kopitar,C,LAK,70,40,hit_thrown
8471685,Anze Kopitar,C,LAK,71,41,hit_thrown
8471685,Anze Kopitar,C,LAK,99,11,hit_thrown
8471685,Anze Kopitar,C,LAK,92,30,hit_thrown
8471685,Anze Kopitar,C,LAK,52,41,hit_thrown
8471685,Anze Kopitar,C,LAK,72,33,hit_thrown
8471685,Anze Kopitar,C,LAK,41,17,hit_thrown
8471685,Anze Kopitar,C,LAK,97,9,hit_thrown
8471685,Anze Kopitar,C,LAK,97,-6,takeaway_hd
8471685,Anze Kopitar,C,LAK,32,36,takeaway_other
8471698,T.J. Oshie,R,WSH,46,15,block_non_hd
8471698,T.J. Oshie,R,WSH,50,-34,block_non_hd
8471698,T.J. Oshie,R,WSH,34,-40,hit_taken
8471698,T.J. Oshie,R,WSH,14,-38,hit_taken
8471698,T.J. Oshie,R,WSH,48,34,hit_taken
8471698,T.J. Oshie,R,WSH,34,40,hit_taken
8471698,T.J. Oshie,R,WSH,43,37,hit_taken
8471698,T.J. Oshie,R,WSH,47,37,hit_taken
8471698,T.J. Oshie,R,WSH,55,38,hit_taken
8471698,T.J. Oshie,R,WSH,3,38,hit_taken
8471698,T.J. Oshie,R,WSH,96,20,hit_taken
8471698,T.J. Oshie,R,WSH,95,-23,hit_thrown
8471698,T.J. Oshie,R,WSH,56,38,hit_thrown
8471698,T.J. Oshie,R,WSH,35,38,hit_thrown
8471698,T.J. Oshie,R,WSH,68,-42,hit_thrown
8471698,T.J. Oshie,R,WSH,68,-38,hit_thrown
8471698,T.J. Oshie,R,WSH,87,-30,hit_thrown
8471698,T.J. Oshie,R,WSH,37,-40,hit_thrown
8471698,T.J. Oshie,R,WSH,81,-35,hit_thrown
8471698,T.J. Oshie,R,WSH,19,-40,hit_thrown
8471698,T.J. Oshie,R,WSH,92,-25,hit_thrown
8471698,T.J. Oshie,R,WSH,72,37,hit_thrown
8471698,T.J. Oshie,R,WSH,59,-14,hit_thrown
8471698,T.J. Oshie,R,WSH,22,18,takeaway_other
8471698,T.J. Oshie,R,WSH,73,38,takeaway_other
8471699,Andrew Cogliano,C,COL,76,3,block_hd
8471699,Andrew Cogliano,C,COL,41,33,block_non_hd
8471699,Andrew Cogliano,C,COL,50,12,block_non_hd
8471699,Andrew Cogliano,C,COL,69,-9,block_non_hd
8471699,Andrew Cogliano,C,COL,45,12,block_non_hd
8471699,Andrew Cogliano,C,COL,56,26,block_non_hd
8471699,Andrew Cogliano,C,COL,63,16,block_non_hd
8471699,Andrew Cogliano,C,COL,57,14,block_non_hd
8471699,Andrew Cogliano,C,COL,69,22,dz_faceoff_win
8471699,Andrew Cogliano,C,COL,81,35,hit_taken
8471699,Andrew Cogliano,C,COL,41,41,hit_taken
8471699,Andrew Cogliano,C,COL,6,-41,hit_taken
8471699,Andrew Cogliano,C,COL,25,42,hit_taken
8471699,Andrew Cogliano,C,COL,33,1,hit_taken
8471699,Andrew Cogliano,C,COL,98,-9,hit_taken
8471699,Andrew Cogliano,C,COL,70,-23,hit_taken
8471699,Andrew Cogliano,C,COL,90,30,hit_thrown
8471699,Andrew Cogliano,C,COL,96,-24,hit_thrown
8471699,Andrew Cogliano,C,COL,77,-41,hit_thrown
8471699,Andrew Cogliano,C,COL,44,-38,hit_thrown
8471699,Andrew Cogliano,C,COL,98,-19,hit_thrown
8471699,Andrew Cogliano,C,COL,56,-13,takeaway_other
8471699,Andrew Cogliano,C,COL,30,10,takeaway_other
8471699,Andrew Cogliano,C,COL,34,-25,takeaway_other
8471817,Ryan Reaves,R,TOR,97,12,hit_taken
8471817,Ryan Reaves,R,TOR,71,37,hit_taken
8471817,Ryan Reaves,R,TOR,49,-40,hit_taken
8471817,Ryan Reaves,R,TOR,28,-35,hit_taken
8471817,Ryan Reaves,R,TOR,9,38,hit_taken
8471817,Ryan Reaves,R,TOR,75,37,hit_thrown
8471817,Ryan Reaves,R,TOR,97,-5,hit_thrown
8471817,Ryan Reaves,R,TOR,94,32,hit_thrown
8471817,Ryan Reaves,R,TOR,93,-9,hit_thrown
8471817,Ryan Reaves,R,TOR,75,40,hit_thrown
8471817,Ryan Reaves,R,TOR,98,4,hit_thrown
8471817,Ryan Reaves,R,TOR,93,-20,hit_thrown
8471817,Ryan Reaves,R,TOR,50,35,hit_thrown
8471817,Ryan Reaves,R,TOR,97,15,hit_thrown
8471817,Ryan Reaves,R,TOR,75,35,hit_thrown
8471817,Ryan Reaves,R,TOR,89,33,hit_thrown
8471817,Ryan Reaves,R,TOR,4,-37,hit_thrown
8471817,Ryan Reaves,R,TOR,21,-23,hit_thrown
8471817,Ryan Reaves,R,TOR,13,-22,hit_thrown
8471817,Ryan Reaves,R,TOR,13,-40,hit_thrown
8471817,Ryan Reaves,R,TOR,96,7,hit_thrown
8471817,Ryan Reaves,R,TOR,98,-15,hit_thrown
8471817,Ryan Reaves,R,TOR,78,35,hit_thrown
8471817,Ryan Reaves,R,TOR,22,38,hit_thrown
8471817,Ryan Reaves,R,TOR,86,-33,hit_thrown
8471817,Ryan Reaves,R,TOR,40,38,hit_thrown
8471817,Ryan Reaves,R,TOR,54,41,hit_thrown
8471817,Ryan Reaves,R,TOR,68,36,hit_thrown
8471817,Ryan Reaves,R,TOR,21,-35,hit_thrown
8471817,Ryan Reaves,R,TOR,82,36,hit_thrown
8471817,Ryan Reaves,R,TOR,15,39,hit_thrown
8473419,Brad Marchand,L,BOS,71,18,block_hd
8473419,Brad Marchand,L,BOS,74,-4,block_hd
8473419,Brad Marchand,L,BOS,48,8,block_non_hd
8473419,Brad Marchand,L,BOS,61,-9,block_non_hd
8473419,Brad Marchand,L,BOS,62,3,block_non_hd
8473419,Brad Marchand,L,BOS,45,-18,block_non_hd
8473419,Brad Marchand,L,BOS,42,-21,block_non_hd
8473419,Brad Marchand,L,BOS,48,37,block_non_hd
8473419,Brad Marchand,L,BOS,49,26,block_non_hd
8473419,Brad Marchand,L,BOS,40,-21,block_non_hd
8473419,Brad Marchand,L,BOS,86,-2,crease_goal
8473419,Brad Marchand,L,BOS,69,-22,dz_faceoff_win
8473419,Brad Marchand,L,BOS,39,-38,hit_taken
8473419,Brad Marchand,L,BOS,93,24,hit_taken
8473419,Brad Marchand,L,BOS,89,-36,hit_taken
8473419,Brad Marchand,L,BOS,42,38,hit_taken
8473419,Brad Marchand,L,BOS,99,14,hit_taken
8473419,Brad Marchand,L,BOS,66,-18,hit_taken
8473419,Brad Marchand,L,BOS,77,-40,hit_taken
8473419,Brad Marchand,L,BOS,79,-28,hit_taken
8473419,Brad Marchand,L,BOS,10,35,hit_taken
8473419,Brad Marchand,L,BOS,44,-38,hit_taken
8473419,Brad Marchand,L,BOS,32,39,hit_taken
8473419,Brad Marchand,L,BOS,24,36,hit_taken
8473419,Brad Marchand,L,BOS,55,38,hit_taken
8473419,Brad Marchand,L,BOS,38,-35,hit_taken
8473419,Brad Marchand,L,BOS,49,-38,hit_taken
8473419,Brad Marchand,L,BOS,76,38,hit_taken
8473419,Brad Marchand,L,BOS,96,-16,hit_taken
8473419,Brad Marchand,L,BOS,71,-37,hit_taken
8473419,Brad Marchand,L,BOS,68,-31,hit_taken
8473419,Brad Marchand,L,BOS,14,39,hit_taken
8473419,Brad Marchand,L,BOS,23,-37,hit_taken
8473419,Brad Marchand,L,BOS,41,-36,hit_taken
8473419,Brad Marchand,L,BOS,98,-3,hit_thrown
8473419,Brad Marchand,L,BOS,66,-34,hit_thrown
8473419,Brad Marchand,L,BOS,39,-41,hit_thrown
8473419,Brad Marchand,L,BOS,89,28,hit_thrown
8473419,Brad Marchand,L,BOS,21,-40,hit_thrown
8473419,Brad Marchand,L,BOS,40,41,hit_thrown
8473419,Brad Marchand,L,BOS,10,-40,hit_thrown
8473419,Brad Marchand,L,BOS,90,-31,hit_thrown
8473419,Brad Marchand,L,BOS,94,-27,hit_thrown
8473419,Brad Marchand,L,BOS,15,-35,hit_thrown
8473419,Brad Marchand,L,BOS,97,-17,hit_thrown
8473419,Brad Marchand,L,BOS,54,-33,hit_thrown
8473419,Brad Marchand,L,BOS,51,-23,hit_thrown
8473419,Brad Marchand,L,BOS,31,-38,hit_thrown
8473419,Brad Marchand,L,BOS,56,-40,hit_thrown
8473419,Brad Marchand,L,BOS,97,-6,hit_thrown
8473419,Brad Marchand,L,BOS,80,38,hit_thrown
8473419,Brad Marchand,L,BOS,98,8,hit_thrown
8473419,Brad Marchand,L,BOS,34,36,hit_thrown
8473419,Brad Marchand,L,BOS,84,-33,hit_thrown
8473419,Brad Marchand,L,BOS,74,39,hit_thrown
8473419,Brad Marchand,L,BOS,36,-26,hit_thrown
8473419,Brad Marchand,L,BOS,63,-37,hit_thrown
8473419,Brad Marchand,L,BOS,54,-39,hit_thrown
8473419,Brad Marchand,L,BOS,72,-7,hit_thrown
8473419,Brad Marchand,L,BOS,24,-33,hit_thrown
8473419,Brad Marchand,L,BOS,5,37,hit_thrown
8473419,Brad Marchand,L,BOS,58,31,hit_thrown
8473419,Brad Marchand,L,BOS,14,37,takeaway_other
8473419,Brad Marchand,L,BOS,59,-1,takeaway_other
8473419,Brad Marchand,L,BOS,41,11,takeaway_other
8473419,Brad Marchand,L,BOS,15,31,takeaway_other
8473419,Brad Marchand,L,BOS,36,-38,takeaway_other
8473419,Brad Marchand,L,BOS,11,27,takeaway_other
8473419,Brad Marchand,L,BOS,58,35,takeaway_other
8473419,Brad Marchand,L,BOS,34,-35,takeaway_other
8473419,Brad Marchand,L,BOS,37,-36,takeaway_other
8473449,Kyle Okposo,R,FLA,61,4,block_non_hd
8473449,Kyle Okposo,R,FLA,41,3,block_non_hd
8473449,Kyle Okposo,R,FLA,56,-9,block_non_hd
8473449,Kyle Okposo,R,FLA,39,-31,block_non_hd
8473449,Kyle Okposo,R,FLA,59,0,block_non_hd
8473449,Kyle Okposo,R,FLA,41,5,block_non_hd
8473449,Kyle Okposo,R,FLA,45,16,block_non_hd
8473449,Kyle Okposo,R,FLA,48,35,block_non_hd
8473449,Kyle Okposo,R,FLA,58,29,block_non_hd
8473449,Kyle Okposo,R,FLA,86,34,hit_taken
8473449,Kyle Okposo,R,FLA,4,40,hit_taken
8473449,Kyle Okposo,R,FLA,99,13,hit_taken
8473449,Kyle Okposo,R,FLA,35,-38,hit_taken
8473449,Kyle Okposo,R,FLA,90,-32,hit_taken
8473449,Kyle Okposo,R,FLA,3,-41,hit_taken
8473449,Kyle Okposo,R,FLA,8,-41,hit_taken
8473449,Kyle Okposo,R,FLA,57,38,hit_taken
8473449,Kyle Okposo,R,FLA,54,-40,hit_taken
8473449,Kyle Okposo,R,FLA,97,-7,hit_taken
8473449,Kyle Okposo,R,FLA,92,-23,hit_taken
8473449,Kyle Okposo,R,FLA,59,-36,hit_taken
8473449,Kyle Okposo,R,FLA,27,-39,hit_taken
8473449,Kyle Okposo,R,FLA,97,7,hit_taken
8473449,Kyle Okposo,R,FLA,79,-39,hit_taken
8473449,Kyle Okposo,R,FLA,69,-35,hit_taken
8473449,Kyle Okposo,R,FLA,89,20,hit_taken
8473449,Kyle Okposo,R,FLA,74,36,hit_taken
8473449,Kyle Okposo,R,FLA,56,41,hit_taken
8473449,Kyle Okposo,R,FLA,52,-38,hit_taken
8473449,Kyle Okposo,R,FLA,68,40,hit_taken
8473449,Kyle Okposo,R,FLA,63,-5,hit_taken
8473449,Kyle Okposo,R,FLA,37,-35,hit_taken
8473449,Kyle Okposo,R,FLA,97,-15,hit_taken
8473449,Kyle Okposo,R,FLA,97,12,hit_taken
8473449,Kyle Okposo,R,FLA,10,39,hit_taken
8473449,Kyle Okposo,R,FLA,32,-40,hit_taken
8473449,Kyle Okposo,R,FLA,10,40,hit_taken
8473449,Kyle Okposo,R,FLA,66,-38,hit_taken
8473449,Kyle Okposo,R,FLA,49,38,hit_taken
8473449,Kyle Okposo,R,FLA,88,22,hit_taken
8473449,Kyle Okposo,R,FLA,94,-21,hit_taken
8473449,Kyle Okposo,R,FLA,60,37,hit_thrown
8473449,Kyle Okposo,R,FLA,71,-37,hit_thrown
8473449,Kyle Okposo,R,FLA,54,-37,hit_thrown
8473449,Kyle Okposo,R,FLA,75,38,hit_thrown
8473449,Kyle Okposo,R,FLA,78,-39,hit_thrown
8473449,Kyle Okposo,R,FLA,63,37,hit_thrown
8473449,Kyle Okposo,R,FLA,11,39,hit_thrown
8473449,Kyle Okposo,R,FLA,87,34,hit_thrown
8473449,Kyle Okposo,R,FLA,88,36,hit_thrown
8473449,Kyle Okposo,R,FLA,9,-16,hit_thrown
8473449,Kyle Okposo,R,FLA,72,40,hit_thrown
8473449,Kyle Okposo,R,FLA,97,0,hit_thrown
8473449,Kyle Okposo,R,FLA,99,-15,hit_thrown
8473449,Kyle Okposo,R,FLA,91,-30,hit_thrown
8473449,Kyle Okposo,R,FLA,94,22,hit_thrown
8473449,Kyle Okposo,R,FLA,83,36,hit_thrown
8473449,Kyle Okposo,R,FLA,95,-22,hit_thrown
8473449,Kyle Okposo,R,FLA,85,33,hit_thrown
8473449,Kyle Okposo,R,FLA,96,-10,hit_thrown
8473449,Kyle Okposo,R,FLA,32,39,hit_thrown
8473449,Kyle Okposo,R,FLA,97,-9,hit_thrown
8473449,Kyle Okposo,R,FLA,66,38,hit_thrown
8473449,Kyle Okposo,R,FLA,36,-42,hit_thrown
8473449,Kyle Okposo,R,FLA,94,15,hit_thrown
8473449,Kyle Okposo,R,FLA,33,40,hit_thrown
8473449,Kyle Okposo,R,FLA,35,-39,hit_thrown
8473449,Kyle Okposo,R,FLA,96,-15,hit_thrown
8473449,Kyle Okposo,R,FLA,92,-31,hit_thrown
8473449,Kyle Okposo,R,FLA,79,39,hit_thrown
8473449,Kyle Okposo,R,FLA,97,-21,hit_thrown
8473449,Kyle Okposo,R,FLA,78,40,hit_thrown
8473449,Kyle Okposo,R,FLA,9,-42,hit_thrown
8473449,Kyle Okposo,R,FLA,97,-20,hit_thrown
8473449,Kyle Okposo,R,FLA,97,12,hit_thrown
8473449,Kyle Okposo,R,FLA,58,-38,hit_thrown
8473449,Kyle Okposo,R,FLA,98,8,hit_thrown
8473449,Kyle Okposo,R,FLA,75,40,hit_thrown
8473449,Kyle Okposo,R,FLA,79,-34,hit_thrown
8473449,Kyle Okposo,R,FLA,3,-39,hit_thrown
8473449,Kyle Okposo,R,FLA,48,-39,hit_thrown
8473449,Kyle Okposo,R,FLA,46,38,hit_thrown
8473449,Kyle Okposo,R,FLA,28,39,hit_thrown
8473449,Kyle Okposo,R,FLA,29,-37,hit_thrown
8473449,Kyle Okposo,R,FLA,95,21,hit_thrown
8473449,Kyle Okposo,R,FLA,8,-37,hit_thrown
8473449,Kyle Okposo,R,FLA,86,-32,hit_thrown
8473449,Kyle Okposo,R,FLA,92,-25,hit_thrown
8473449,Kyle Okposo,R,FLA,89,-30,hit_thrown
8473449,Kyle Okposo,R,FLA,12,39,hit_thrown
8473449,Kyle Okposo,R,FLA,70,38,hit_thrown
8473449,Kyle Okposo,R,FLA,76,39,hit_thrown
8473449,Kyle Okposo,R,FLA,84,-36,hit_thrown
8473449,Kyle Okposo,R,FLA,92,15,takeaway_hd
8473449,Kyle Okposo,R,FLA,56,-27,takeaway_other
8473453,Trevor Lewis,C,LAK,73,11,block_hd
8473453,Trevor Lewis,C,LAK,44,27,block_non_hd
8473453,Trevor Lewis,C,LAK,56,31,block_non_hd
8473453,Trevor Lewis,C,LAK,69,22,dz_faceoff_win
8473453,Trevor Lewis,C,LAK,13,-39,hit_taken
8473453,Trevor Lewis,C,LAK,11,-41,hit_taken
8473453,Trevor Lewis,C,LAK,6,-40,hit_taken
8473453,Trevor Lewis,C,LAK,86,-36,hit_taken
8473453,Trevor Lewis,C,LAK,90,-27,hit_taken
8473453,Trevor Lewis,C,LAK,3,-38,hit_thrown
8473453,Trevor Lewis,C,LAK,40,39,hit_thrown
8473453,Trevor Lewis,C,LAK,92,30,hit_thrown
8473453,Trevor Lewis,C,LAK,63,40,hit_thrown
8473453,Trevor Lewis,C,LAK,86,36,hit_thrown
8473453,Trevor Lewis,C,LAK,98,8,hit_thrown
8473453,Trevor Lewis,C,LAK,25,-41,hit_thrown
8473453,Trevor Lewis,C,LAK,98,12,hit_thrown
8473453,Trevor Lewis,C,LAK,8,-29,hit_thrown
8473453,Trevor Lewis,C,LAK,51,39,hit_thrown
8473453,Trevor Lewis,C,LAK,63,38,hit_thrown
8473453,Trevor Lewis,C,LAK,97,21,hit_thrown
8473453,Trevor Lewis,C,LAK,98,10,hit_thrown
8473453,Trevor Lewis,C,LAK,82,38,hit_thrown
8473453,Trevor Lewis,C,LAK,59,-40,hit_thrown
8473453,Trevor Lewis,C,LAK,98,-16,hit_thrown
8473453,Trevor Lewis,C,LAK,48,-35,hit_thrown
8473453,Trevor Lewis,C,LAK,87,-32,hit_thrown
8473504,Cal Clutterbuck,R,NYI,49,6,block_non_hd
8473504,Cal Clutterbuck,R,NYI,68,-7,block_non_hd
8473504,Cal Clutterbuck,R,NYI,51,-35,block_non_hd
8473504,Cal Clutterbuck,R,NYI,96,14,hit_taken
8473504,Cal Clutterbuck,R,NYI,31,42,hit_taken
8473504,Cal Clutterbuck,R,NYI,92,26,hit_taken
8473504,Cal Clutterbuck,R,NYI,97,6,hit_taken
8473504,Cal Clutterbuck,R,NYI,66,41,hit_thrown
8473504,Cal Clutterbuck,R,NYI,31,38,hit_thrown
8473504,Cal Clutterbuck,R,NYI,95,13,hit_thrown
8473504,Cal Clutterbuck,R,NYI,97,11,hit_thrown
8473504,Cal Clutterbuck,R,NYI,99,-9,hit_thrown
8473504,Cal Clutterbuck,R,NYI,93,27,hit_thrown
8473504,Cal Clutterbuck,R,NYI,20,37,hit_thrown
8473504,Cal Clutterbuck,R,NYI,59,38,hit_thrown
8473504,Cal Clutterbuck,R,NYI,18,23,hit_thrown
8473504,Cal Clutterbuck,R,NYI,71,39,hit_thrown
8473504,Cal Clutterbuck,R,NYI,38,-38,hit_thrown
8473504,Cal Clutterbuck,R,NYI,43,41,hit_thrown
8473504,Cal Clutterbuck,R,NYI,94,-21,hit_thrown
8473504,Cal Clutterbuck,R,NYI,2,-40,hit_thrown
8473504,Cal Clutterbuck,R,NYI,57,41,hit_thrown
8473504,Cal Clutterbuck,R,NYI,22,-39,hit_thrown
8473504,Cal Clutterbuck,R,NYI,36,38,takeaway_other
8473533,Jordan Staal,C,CAR,83,-18,block_hd
8473533,Jordan Staal,C,CAR,79,-7,block_hd
8473533,Jordan Staal,C,CAR,83,-2,block_hd
8473533,Jordan Staal,C,CAR,77,-10,block_hd
8473533,Jordan Staal,C,CAR,76,18,block_hd
8473533,Jordan Staal,C,CAR,74,-3,block_hd
8473533,Jordan Staal,C,CAR,72,-6,block_hd
8473533,Jordan Staal,C,CAR,79,15,block_hd
8473533,Jordan Staal,C,CAR,75,6,block_hd
8473533,Jordan Staal,C,CAR,68,13,block_non_hd
8473533,Jordan Staal,C,CAR,49,-23,block_non_hd
8473533,Jordan Staal,C,CAR,48,-13,block_non_hd
8473533,Jordan Staal,C,CAR,87,-21,block_non_hd
8473533,Jordan Staal,C,CAR,83,0,crease_goal
8473533,Jordan Staal,C,CAR,69,22,dz_faceoff_win
8473533,Jordan Staal,C,CAR,69,-22,dz_faceoff_win
8473533,Jordan Staal,C,CAR,69,-22,dz_faceoff_win
8473533,Jordan Staal,C,CAR,69,22,dz_faceoff_win
8473533,Jordan Staal,C,CAR,69,22,dz_faceoff_win
8473533,Jordan Staal,C,CAR,69,-22,dz_faceoff_win
8473533,Jordan Staal,C,CAR,69,-22,dz_faceoff_win
8473533,Jordan Staal,C,CAR,69,22,dz_faceoff_win
8473533,Jordan Staal,C,CAR,69,22,dz_faceoff_win
8473533,Jordan Staal,C,CAR,69,22,dz_faceoff_win
8473533,Jordan Staal,C,CAR,69,22,dz_faceoff_win
8473533,Jordan Staal,C,CAR,69,22,dz_faceoff_win
8473533,Jordan Staal,C,CAR,69,22,dz_faceoff_win
8473533,Jordan Staal,C,CAR,69,-22,dz_faceoff_win
8473533,Jordan Staal,C,CAR,69,22,dz_faceoff_win
8473533,Jordan Staal,C,CAR,69,22,dz_faceoff_win
8473533,Jordan Staal,C,CAR,69,22,dz_faceoff_win
8473533,Jordan Staal,C,CAR,69,-22,dz_faceoff_win
8473533,Jordan Staal,C,CAR,69,22,dz_faceoff_win
8473533,Jordan Staal,C,CAR,69,-22,dz_faceoff_win
8473533,Jordan Staal,C,CAR,69,22,dz_faceoff_win
8473533,Jordan Staal,C,CAR,69,-22,dz_faceoff_win
8473533,Jordan Staal,C,CAR,69,22,dz_faceoff_win
8473533,Jordan Staal,C,CAR,69,22,dz_faceoff_win
8473533,Jordan Staal,C,CAR,69,-22,dz_faceoff_win
8473533,Jordan Staal,C,CAR,69,-22,dz_faceoff_win
8473533,Jordan Staal,C,CAR,69,-22,dz_faceoff_win
8473533,Jordan Staal,C,CAR,69,22,dz_faceoff_win
8473533,Jordan Staal,C,CAR,69,-22,dz_faceoff_win
8473533,Jordan Staal,C,CAR,69,-22,dz_faceoff_win
8473533,Jordan Staal,C,CAR,69,-22,dz_faceoff_win
8473533,Jordan Staal,C,CAR,69,-22,dz_faceoff_win
8473533,Jordan Staal,C,CAR,69,-22,dz_faceoff_win
8473533,Jordan Staal,C,CAR,69,-22,dz_faceoff_win
8473533,Jordan Staal,C,CAR,69,22,dz_faceoff_win
8473533,Jordan Staal,C,CAR,69,-22,dz_faceoff_win
8473533,Jordan Staal,C,CAR,69,-22,dz_faceoff_win
8473533,Jordan Staal,C,CAR,69,22,dz_faceoff_win
8473533,Jordan Staal,C,CAR,69,-22,dz_faceoff_win
8473533,Jordan Staal,C,CAR,69,-22,dz_faceoff_win
8473533,Jordan Staal,C,CAR,69,22,dz_faceoff_win
8473533,Jordan Staal,C,CAR,69,22,dz_faceoff_win
8473533,Jordan Staal,C,CAR,69,-22,dz_faceoff_win
8473533,Jordan Staal,C,CAR,69,-22,dz_faceoff_win
8473533,Jordan Staal,C,CAR,69,-22,dz_faceoff_win
8473533,Jordan Staal,C,CAR,69,-22,dz_faceoff_win
8473533,Jordan Staal,C,CAR,39,40,hit_taken
8473533,Jordan Staal,C,CAR,98,16,hit_taken
8473533,Jordan Staal,C,CAR,62,40,hit_taken
8473533,Jordan Staal,C,CAR,48,40,hit_taken
8473533,Jordan Staal,C,CAR,95,14,hit_taken
8473533,Jordan Staal,C,CAR,96,-3,hit_taken
8473533,Jordan Staal,C,CAR,73,-39,hit_taken
8473533,Jordan Staal,C,CAR,49,36,hit_taken
8473533,Jordan Staal,C,CAR,48,39,hit_taken
8473533,Jordan Staal,C,CAR,78,-39,hit_taken
8473533,Jordan Staal,C,CAR,86,-33,hit_taken
8473533,Jordan Staal,C,CAR,76,-41,hit_taken
8473533,Jordan Staal,C,CAR,97,10,hit_taken
8473533,Jordan Staal,C,CAR,4,-37,hit_taken
8473533,Jordan Staal,C,CAR,52,39,hit_taken
8473533,Jordan Staal,C,CAR,71,41,hit_taken
8473533,Jordan Staal,C,CAR,90,-32,hit_taken
8473533,Jordan Staal,C,CAR,86,-36,hit_taken
8473533,Jordan Staal,C,CAR,12,39,hit_taken
8473533,Jordan Staal,C,CAR,96,-26,hit_thrown
8473533,Jordan Staal,C,CAR,92,-32,hit_thrown
8473533,Jordan Staal,C,CAR,19,-25,hit_thrown
8473533,Jordan Staal,C,CAR,73,-37,hit_thrown
8473533,Jordan Staal,C,CAR,99,2,hit_thrown
8473533,Jordan Staal,C,CAR,97,-21,hit_thrown
8473533,Jordan Staal,C,CAR,59,-42,hit_thrown
8473533,Jordan Staal,C,CAR,90,-24,hit_thrown
8473533,Jordan Staal,C,CAR,92,-29,hit_thrown
8473533,Jordan Staal,C,CAR,94,-23,hit_thrown
8473533,Jordan Staal,C,CAR,95,-29,hit_thrown
8473533,Jordan Staal,C,CAR,95,27,hit_thrown
8473533,Jordan Staal,C,CAR,83,-36,hit_thrown
8473533,Jordan Staal,C,CAR,93,25,hit_thrown
8473533,Jordan Staal,C,CAR,62,37,hit_thrown
8473533,Jordan Staal,C,CAR,11,-13,hit_thrown
8473533,Jordan Staal,C,CAR,98,20,hit_thrown
8473533,Jordan Staal,C,CAR,77,-41,hit_thrown
8473533,Jordan Staal,C,CAR,96,16,hit_thrown
8473533,Jordan Staal,C,CAR,98,-10,hit_thrown
8473533,Jordan Staal,C,CAR,76,-36,hit_thrown
8473533,Jordan Staal,C,CAR,66,39,hit_thrown
8473533,Jordan Staal,C,CAR,77,-41,hit_thrown
8473533,Jordan Staal,C,CAR,64,-41,hit_thrown
8473533,Jordan Staal,C,CAR,56,41,hit_thrown
8473533,Jordan Staal,C,CAR,93,26,hit_thrown
8473533,Jordan Staal,C,CAR,98,0,hit_thrown
8473533,Jordan Staal,C,CAR,63,39,hit_thrown
8473533,Jordan Staal,C,CAR,72,39,hit_thrown
8473533,Jordan Staal,C,CAR,82,-36,hit_thrown
8473533,Jordan Staal,C,CAR,84,34,hit_thrown
8473533,Jordan Staal,C,CAR,84,35,hit_thrown
8473533,Jordan Staal,C,CAR,76,-39,hit_thrown
8473533,Jordan Staal,C,CAR,89,-32,hit_thrown
8473533,Jordan Staal,C,CAR,53,-16,hit_thrown
8473533,Jordan Staal,C,CAR,87,-34,hit_thrown
8473533,Jordan Staal,C,CAR,48,18,hit_thrown
8473533,Jordan Staal,C,CAR,30,39,hit_thrown
8473533,Jordan Staal,C,CAR,91,30,hit_thrown
8473533,Jordan Staal,C,CAR,32,-41,hit_thrown
8473533,Jordan Staal,C,CAR,95,28,hit_thrown
8473533,Jordan Staal,C,CAR,95,22,hit_thrown
8473533,Jordan Staal,C,CAR,49,41,hit_thrown
8473533,Jordan Staal,C,CAR,92,-33,hit_thrown
8473533,Jordan Staal,C,CAR,69,-41,hit_thrown
8473533,Jordan Staal,C,CAR,43,-40,hit_thrown
8473533,Jordan Staal,C,CAR,31,8,hit_thrown
8473533,Jordan Staal,C,CAR,73,37,hit_thrown
8473533,Jordan Staal,C,CAR,90,30,hit_thrown
8473533,Jordan Staal,C,CAR,61,12,takeaway_other
8473994,Jamie Benn,L,DAL,82,-3,block_hd
8473994,Jamie Benn,L,DAL,70,9,block_hd
8473994,Jamie Benn,L,DAL,81,-2,block_hd
8473994,Jamie Benn,L,DAL,81,1,block_hd
8473994,Jamie Benn,L,DAL,79,2,block_hd
8473994,Jamie Benn,L,DAL,83,3,block_hd
8473994,Jamie Benn,L,DAL,80,-5,block_hd
8473994,Jamie Benn,L,DAL,73,30,block_non_hd
8473994,Jamie Benn,L,DAL,39,10,block_non_hd
8473994,Jamie Benn,L,DAL,63,-25,block_non_hd
8473994,Jamie Benn,L,DAL,42,-31,block_non_hd
8473994,Jamie Benn,L,DAL,47,-2,block_non_hd
8473994,Jamie Benn,L,DAL,48,-27,block_non_hd
8473994,Jamie Benn,L,DAL,41,-28,block_non_hd
8473994,Jamie Benn,L,DAL,44,14,block_non_hd
8473994,Jamie Benn,L,DAL,62,-23,block_non_hd
8473994,Jamie Benn,L,DAL,44,2,block_non_hd
8473994,Jamie Benn,L,DAL,40,2,block_non_hd
8473994,Jamie Benn,L,DAL,80,-3,crease_goal
8473994,Jamie Benn,L,DAL,80,-2,crease_goal
8473994,Jamie Benn,L,DAL,69,-22,dz_faceoff_win
8473994,Jamie Benn,L,DAL,69,-22,dz_faceoff_win
8473994,Jamie Benn,L,DAL,69,-22,dz_faceoff_win
8473994,Jamie Benn,L,DAL,69,-22,dz_faceoff_win
8473994,Jamie Benn,L,DAL,69,-22,dz_faceoff_win
8473994,Jamie Benn,L,DAL,69,-22,dz_faceoff_win
8473994,Jamie Benn,L,DAL,69,-22,dz_faceoff_win
8473994,Jamie Benn,L,DAL,69,-22,dz_faceoff_win
8473994,Jamie Benn,L,DAL,69,-22,dz_faceoff_win
8473994,Jamie Benn,L,DAL,69,-22,dz_faceoff_win
8473994,Jamie Benn,L,DAL,69,-22,dz_faceoff_win
8473994,Jamie Benn,L,DAL,69,22,dz_faceoff_win
8473994,Jamie Benn,L,DAL,69,22,dz_faceoff_win
8473994,Jamie Benn,L,DAL,69,22,dz_faceoff_win
8473994,Jamie Benn,L,DAL,69,-22,dz_faceoff_win
8473994,Jamie Benn,L,DAL,69,-22,dz_faceoff_win
8473994,Jamie Benn,L,DAL,69,-22,dz_faceoff_win
8473994,Jamie Benn,L,DAL,69,-22,dz_faceoff_win
8473994,Jamie Benn,L,DAL,69,-22,dz_faceoff_win
8473994,Jamie Benn,L,DAL,69,-22,dz_faceoff_win
8473994,Jamie Benn,L,DAL,69,-22,dz_faceoff_win
8473994,Jamie Benn,L,DAL,69,-22,dz_faceoff_win
8473994,Jamie Benn,L,DAL,69,-22,dz_faceoff_win
8473994,Jamie Benn,L,DAL,69,-22,dz_faceoff_win
8473994,Jamie Benn,L,DAL,69,-22,dz_faceoff_win
8473994,Jamie Benn,L,DAL,69,-22,dz_faceoff_win
8473994,Jamie Benn,L,DAL,69,-22,dz_faceoff_win
8473994,Jamie Benn,L,DAL,69,-22,dz_faceoff_win
8473994,Jamie Benn,L,DAL,69,-22,dz_faceoff_win
8473994,Jamie Benn,L,DAL,69,-22,dz_faceoff_win
8473994,Jamie Benn,L,DAL,69,-22,dz_faceoff_win
8473994,Jamie Benn,L,DAL,69,-22,dz_faceoff_win
8473994,Jamie Benn,L,DAL,69,-22,dz_faceoff_win
8473994,Jamie Benn,L,DAL,69,-22,dz_faceoff_win
8473994,Jamie Benn,L,DAL,69,-22,dz_faceoff_win
8473994,Jamie Benn,L,DAL,69,-22,dz_faceoff_win
8473994,Jamie Benn,L,DAL,98,-19,hit_taken
8473994,Jamie Benn,L,DAL,41,41,hit_taken
8473994,Jamie Benn,L,DAL,15,-40,hit_taken
8473994,Jamie Benn,L,DAL,27,39,hit_taken
8473994,Jamie Benn,L,DAL,6,41,hit_taken
8473994,Jamie Benn,L,DAL,64,39,hit_taken
8473994,Jamie Benn,L,DAL,29,41,hit_taken
8473994,Jamie Benn,L,DAL,93,29,hit_taken
8473994,Jamie Benn,L,DAL,70,41,hit_taken
8473994,Jamie Benn,L,DAL,61,-39,hit_taken
8473994,Jamie Benn,L,DAL,99,3,hit_taken
8473994,Jamie Benn,L,DAL,96,22,hit_taken
8473994,Jamie Benn,L,DAL,40,37,hit_taken
8473994,Jamie Benn,L,DAL,26,41,hit_taken
8473994,Jamie Benn,L,DAL,7,41,hit_taken
8473994,Jamie Benn,L,DAL,96,-2,hit_taken
8473994,Jamie Benn,L,DAL,96,-25,hit_taken
8473994,Jamie Benn,L,DAL,81,38,hit_taken
8473994,Jamie Benn,L,DAL,97,10,hit_taken
8473994,Jamie Benn,L,DAL,15,-40,hit_taken
8473994,Jamie Benn,L,DAL,98,-10,hit_taken
8473994,Jamie Benn,L,DAL,21,28,hit_taken
8473994,Jamie Benn,L,DAL,98,12,hit_taken
8473994,Jamie Benn,L,DAL,92,31,hit_taken
8473994,Jamie Benn,L,DAL,17,-32,hit_taken
8473994,Jamie Benn,L,DAL,98,-1,hit_taken
8473994,Jamie Benn,L,DAL,36,-38,hit_taken
8473994,Jamie Benn,L,DAL,97,-2,hit_taken
8473994,Jamie Benn,L,DAL,97,17,hit_taken
8473994,Jamie Benn,L,DAL,94,-26,hit_taken
8473994,Jamie Benn,L,DAL,85,-34,hit_taken
8473994,Jamie Benn,L,DAL,48,-40,hit_taken
8473994,Jamie Benn,L,DAL,69,-41,hit_thrown
8473994,Jamie Benn,L,DAL,9,-39,hit_thrown
8473994,Jamie Benn,L,DAL,73,-39,hit_thrown
8473994,Jamie Benn,L,DAL,95,-25,hit_thrown
8473994,Jamie Benn,L,DAL,91,31,hit_thrown
8473994,Jamie Benn,L,DAL,91,31,hit_thrown
8473994,Jamie Benn,L,DAL,72,38,hit_thrown
8473994,Jamie Benn,L,DAL,70,-41,hit_thrown
8473994,Jamie Benn,L,DAL,90,-33,hit_thrown
8473994,Jamie Benn,L,DAL,85,-37,hit_thrown
8473994,Jamie Benn,L,DAL,91,-33,hit_thrown
8473994,Jamie Benn,L,DAL,58,22,hit_thrown
8473994,Jamie Benn,L,DAL,90,33,hit_thrown
8473994,Jamie Benn,L,DAL,92,29,hit_thrown
8473994,Jamie Benn,L,DAL,91,32,hit_thrown
8473994,Jamie Benn,L,DAL,85,-37,hit_thrown
8473994,Jamie Benn,L,DAL,99,14,hit_thrown
8473994,Jamie Benn,L,DAL,46,42,hit_thrown
8473994,Jamie Benn,L,DAL,98,9,hit_thrown
8473994,Jamie Benn,L,DAL,89,-33,hit_thrown
8473994,Jamie Benn,L,DAL,42,-37,hit_thrown
8473994,Jamie Benn,L,DAL,11,-41,hit_thrown
8473994,Jamie Benn,L,DAL,37,-40,hit_thrown
8473994,Jamie Benn,L,DAL,89,35,hit_thrown
8473994,Jamie Benn,L,DAL,97,-21,hit_thrown
8473994,Jamie Benn,L,DAL,47,-40,hit_thrown
8473994,Jamie Benn,L,DAL,74,-41,hit_thrown
8473994,Jamie Benn,L,DAL,18,-40,hit_thrown
8473994,Jamie Benn,L,DAL,97,3,hit_thrown
8473994,Jamie Benn,L,DAL,97,2,hit_thrown
8473994,Jamie Benn,L,DAL,14,-40,hit_thrown
8473994,Jamie Benn,L,DAL,59,-25,hit_thrown
8473994,Jamie Benn,L,DAL,1,-33,hit_thrown
8473994,Jamie Benn,L,DAL,6,40,hit_thrown
8473994,Jamie Benn,L,DAL,88,35,hit_thrown
8473994,Jamie Benn,L,DAL,51,-40,hit_thrown
8473994,Jamie Benn,L,DAL,58,40,hit_thrown
8473994,Jamie Benn,L,DAL,1,-38,hit_thrown
8473994,Jamie Benn,L,DAL,88,-36,hit_thrown
8473994,Jamie Benn,L,DAL,69,41,hit_thrown
8473994,Jamie Benn,L,DAL,42,41,hit_thrown
8473994,Jamie Benn,L,DAL,91,29,hit_thrown
8473994,Jamie Benn,L,DAL,36,-41,hit_thrown
8473994,Jamie Benn,L,DAL,98,17,hit_thrown
8473994,Jamie Benn,L,DAL,53,38,hit_thrown
8473994,Jamie Benn,L,DAL,39,38,hit_thrown
8473994,Jamie Benn,L,DAL,97,18,hit_thrown
8473994,Jamie Benn,L,DAL,94,-24,hit_thrown
8473994,Jamie Benn,L,DAL,96,-8,hit_thrown
8473994,Jamie Benn,L,DAL,96,15,hit_thrown
8473994,Jamie Benn,L,DAL,90,-31,hit_thrown
8473994,Jamie Benn,L,DAL,81,-9,takeaway_hd
8473994,Jamie Benn,L,DAL,7,17,takeaway_other
8473994,Jamie Benn,L,DAL,48,7,takeaway_other
8473994,Jamie Benn,L,DAL,40,-26,takeaway_other
8473994,Jamie Benn,L,DAL,28,40,takeaway_other
8473994,Jamie Benn,L,DAL,97,-19,takeaway_other
8473994,Jamie Benn,L,DAL,5,-41,takeaway_other
8473994,Jamie Benn,L,DAL,20,-34,takeaway_other
8473994,Jamie Benn,L,DAL,44,-34,takeaway_other
8473994,Jamie Benn,L,DAL,14,13,takeaway_other
8473994,Jamie Benn,L,DAL,84,-24,takeaway_other
8473994,Jamie Benn,L,DAL,47,37,takeaway_other
8474013,Ian Cole,D,VAN,86,12,block_hd
8474013,Ian Cole,D,VAN,84,-1,block_hd
8474013,Ian Cole,D,VAN,85,-3,block_hd
8474013,Ian Cole,D,VAN,77,-4,block_hd
8474013,Ian Cole,D,VAN,79,8,block_hd
8474013,Ian Cole,D,VAN,71,-10,block_hd
8474013,Ian Cole,D,VAN,70,15,block_hd
8474013,Ian Cole,D,VAN,85,-3,block_hd
8474013,Ian Cole,D,VAN,86,4,block_hd
8474013,Ian Cole,D,VAN,80,-14,block_hd
8474013,Ian Cole,D,VAN,72,-16,block_hd
8474013,Ian Cole,D,VAN,79,4,block_hd
8474013,Ian Cole,D,VAN,70,-8,block_hd
8474013,Ian Cole,D,VAN,78,2,block_hd
8474013,Ian Cole,D,VAN,88,7,block_hd
8474013,Ian Cole,D,VAN,67,17,block_non_hd
8474013,Ian Cole,D,VAN,69,-8,block_non_hd
8474013,Ian Cole,D,VAN,55,-17,block_non_hd
8474013,Ian Cole,D,VAN,68,17,block_non_hd
8474013,Ian Cole,D,VAN,56,13,block_non_hd
8474013,Ian Cole,D,VAN,60,14,block_non_hd
8474013,Ian Cole,D,VAN,66,15,block_non_hd
8474013,Ian Cole,D,VAN,69,-17,block_non_hd
8474013,Ian Cole,D,VAN,54,-3,block_non_hd
8474013,Ian Cole,D,VAN,69,-16,block_non_hd
8474013,Ian Cole,D,VAN,60,7,block_non_hd
8474013,Ian Cole,D,VAN,65,-29,block_non_hd
8474013,Ian Cole,D,VAN,87,-34,hit_taken
8474013,Ian Cole,D,VAN,85,34,hit_taken
8474013,Ian Cole,D,VAN,91,29,hit_taken
8474013,Ian Cole,D,VAN,58,-11,hit_taken
8474013,Ian Cole,D,VAN,96,-4,hit_taken
8474013,Ian Cole,D,VAN,78,-34,hit_taken
8474013,Ian Cole,D,VAN,86,-34,hit_taken
8474013,Ian Cole,D,VAN,7,27,hit_taken
8474013,Ian Cole,D,VAN,54,40,hit_taken
8474013,Ian Cole,D,VAN,83,-33,hit_taken
8474013,Ian Cole,D,VAN,91,-30,hit_taken
8474013,Ian Cole,D,VAN,87,-32,hit_taken
8474013,Ian Cole,D,VAN,94,21,hit_taken
8474013,Ian Cole,D,VAN,79,-38,hit_taken
8474013,Ian Cole,D,VAN,97,8,hit_taken
8474013,Ian Cole,D,VAN,96,23,hit_taken
8474013,Ian Cole,D,VAN,95,-7,hit_taken
8474013,Ian Cole,D,VAN,96,-26,hit_taken
8474013,Ian Cole,D,VAN,50,38,hit_taken
8474013,Ian Cole,D,VAN,43,-42,hit_taken
8474013,Ian Cole,D,VAN,99,-4,hit_taken
8474013,Ian Cole,D,VAN,93,30,hit_taken
8474013,Ian Cole,D,VAN,97,13,hit_taken
8474013,Ian Cole,D,VAN,97,-12,hit_taken
8474013,Ian Cole,D,VAN,98,-14,hit_taken
8474013,Ian Cole,D,VAN,92,-25,hit_taken
8474013,Ian Cole,D,VAN,91,-28,hit_taken
8474013,Ian Cole,D,VAN,96,6,hit_taken
8474013,Ian Cole,D,VAN,91,33,hit_thrown
8474013,Ian Cole,D,VAN,84,-40,hit_thrown
8474013,Ian Cole,D,VAN,25,37,hit_thrown
8474013,Ian Cole,D,VAN,38,40,hit_thrown
8474013,Ian Cole,D,VAN,69,38,hit_thrown
8474013,Ian Cole,D,VAN,94,-31,hit_thrown
8474013,Ian Cole,D,VAN,68,-41,hit_thrown
8474013,Ian Cole,D,VAN,38,38,hit_thrown
8474013,Ian Cole,D,VAN,87,5,hit_thrown
8474013,Ian Cole,D,VAN,50,38,hit_thrown
8474013,Ian Cole,D,VAN,99,16,hit_thrown
8474013,Ian Cole,D,VAN,38,-37,hit_thrown
8474013,Ian Cole,D,VAN,67,35,hit_thrown
8474013,Ian Cole,D,VAN,95,-13,hit_thrown
8474013,Ian Cole,D,VAN,50,42,hit_thrown
8474013,Ian Cole,D,VAN,98,0,hit_thrown
8474013,Ian Cole,D,VAN,30,-33,hit_thrown
8474013,Ian Cole,D,VAN,39,-37,hit_thrown
8474013,Ian Cole,D,VAN,39,34,takeaway_other
8474013,Ian Cole,D,VAN,17,38,takeaway_other
8474013,Ian Cole,D,VAN,95,28,takeaway_other
8474031,Kevin Shattenkirk,D,BOS,78,-9,block_hd
8474031,Kevin Shattenkirk,D,BOS,85,10,block_hd
8474031,Kevin Shattenkirk,D,BOS,59,23,block_non_hd
8474031,Kevin Shattenkirk,D,BOS,93,-9,hit_taken
8474031,Kevin Shattenkirk,D,BOS,93,-20,hit_taken
8474031,Kevin Shattenkirk,D,BOS,92,12,hit_taken
8474031,Kevin Shattenkirk,D,BOS,65,35,hit_taken
8474031,Kevin Shattenkirk,D,BOS,75,35,hit_taken
8474031,Kevin Shattenkirk,D,BOS,99,0,hit_taken
8474031,Kevin Shattenkirk,D,BOS,1,-39,hit_taken
8474031,Kevin Shattenkirk,D,BOS,33,34,hit_taken
8474031,Kevin Shattenkirk,D,BOS,96,-2,hit_taken
8474031,Kevin Shattenkirk,D,BOS,83,37,hit_taken
8474031,Kevin Shattenkirk,D,BOS,7,-40,hit_taken
8474031,Kevin Shattenkirk,D,BOS,76,36,hit_taken
8474031,Kevin Shattenkirk,D,BOS,79,-33,hit_taken
8474031,Kevin Shattenkirk,D,BOS,21,-30,hit_thrown
8474031,Kevin Shattenkirk,D,BOS,97,12,hit_thrown
8474031,Kevin Shattenkirk,D,BOS,49,-40,hit_thrown
8474031,Kevin Shattenkirk,D,BOS,81,37,hit_thrown
8474031,Kevin Shattenkirk,D,BOS,96,21,hit_thrown
8474031,Kevin Shattenkirk,D,BOS,80,37,hit_thrown
8474031,Kevin Shattenkirk,D,BOS,65,32,hit_thrown
8474034,Patrick Maroon,L,BOS,69,-16,block_non_hd
8474034,Patrick Maroon,L,BOS,48,-7,block_non_hd
8474034,Patrick Maroon,L,BOS,72,36,hit_taken
8474034,Patrick Maroon,L,BOS,95,-22,hit_taken
8474034,Patrick Maroon,L,BOS,96,10,hit_taken
8474034,Patrick Maroon,L,BOS,69,-36,hit_taken
8474034,Patrick Maroon,L,BOS,94,28,hit_taken
8474034,Patrick Maroon,L,BOS,92,27,hit_taken
8474034,Patrick Maroon,L,BOS,76,-39,hit_taken
8474034,Patrick Maroon,L,BOS,13,39,hit_taken
8474034,Patrick Maroon,L,BOS,93,17,hit_taken
8474034,Patrick Maroon,L,BOS,96,-9,hit_taken
8474034,Patrick Maroon,L,BOS,95,23,hit_taken
8474034,Patrick Maroon,L,BOS,96,-22,hit_taken
8474034,Patrick Maroon,L,BOS,23,-37,hit_taken
8474034,Patrick Maroon,L,BOS,54,25,hit_taken
8474034,Patrick Maroon,L,BOS,97,-8,hit_taken
8474034,Patrick Maroon,L,BOS,95,-4,hit_thrown
8474034,Patrick Maroon,L,BOS,87,-26,hit_thrown
8474034,Patrick Maroon,L,BOS,12,-41,hit_thrown
8474034,Patrick Maroon,L,BOS,92,-19,hit_thrown
8474034,Patrick Maroon,L,BOS,63,-38,hit_thrown
8474034,Patrick Maroon,L,BOS,87,-37,hit_thrown
8474034,Patrick Maroon,L,BOS,97,-9,hit_thrown
8474034,Patrick Maroon,L,BOS,90,-23,hit_thrown
8474034,Patrick Maroon,L,BOS,70,35,hit_thrown
8474034,Patrick Maroon,L,BOS,22,-40,hit_thrown
8474034,Patrick Maroon,L,BOS,72,38,hit_thrown
8474034,Patrick Maroon,L,BOS,91,30,hit_thrown
8474034,Patrick Maroon,L,BOS,98,2,hit_thrown
8474034,Patrick Maroon,L,BOS,61,36,hit_thrown
8474034,Patrick Maroon,L,BOS,99,18,hit_thrown
8474034,Patrick Maroon,L,BOS,95,0,hit_thrown
8474034,Patrick Maroon,L,BOS,97,-1,hit_thrown
8474034,Patrick Maroon,L,BOS,96,-12,hit_thrown
8474034,Patrick Maroon,L,BOS,65,-30,hit_thrown
8474034,Patrick Maroon,L,BOS,4,-39,hit_thrown
8474034,Patrick Maroon,L,BOS,98,-11,hit_thrown
8474034,Patrick Maroon,L,BOS,28,-39,hit_thrown
8474034,Patrick Maroon,L,BOS,60,-36,hit_thrown
8474034,Patrick Maroon,L,BOS,89,32,hit_thrown
8474034,Patrick Maroon,L,BOS,97,-9,hit_thrown
8474034,Patrick Maroon,L,BOS,89,29,hit_thrown
8474034,Patrick Maroon,L,BOS,71,35,hit_thrown
8474034,Patrick Maroon,L,BOS,98,-7,hit_thrown
8474034,Patrick Maroon,L,BOS,91,22,hit_thrown
8474034,Patrick Maroon,L,BOS,37,-37,hit_thrown
8474034,Patrick Maroon,L,BOS,42,-40,hit_thrown
8474034,Patrick Maroon,L,BOS,92,-18,takeaway_hd
8474034,Patrick Maroon,L,BOS,10,33,takeaway_other
8474034,Patrick Maroon,L,BOS,67,-18,takeaway_other
8474037,James van Riemsdyk,L,BOS,78,5,block_hd
8474037,James van Riemsdyk,L,BOS,51,36,block_non_hd
8474037,James van Riemsdyk,L,BOS,51,-34,block_non_hd
8474037,James van Riemsdyk,L,BOS,47,-10,block_non_hd
8474037,James van Riemsdyk,L,BOS,53,-21,block_non_hd
8474037,James van Riemsdyk,L,BOS,42,-33,block_non_hd
8474037,James van Riemsdyk,L,BOS,44,40,hit_taken
8474037,James van Riemsdyk,L,BOS,98,4,hit_taken
8474037,James van Riemsdyk,L,BOS,92,-26,hit_taken
8474037,James van Riemsdyk,L,BOS,79,-38,hit_taken
8474037,James van Riemsdyk,L,BOS,49,38,hit_taken
8474037,James van Riemsdyk,L,BOS,22,37,hit_taken
8474037,James van Riemsdyk,L,BOS,21,-35,hit_taken
8474037,James van Riemsdyk,L,BOS,15,39,hit_taken
8474037,James van Riemsdyk,L,BOS,2,-16,hit_taken
8474037,James van Riemsdyk,L,BOS,13,-42,hit_taken
8474037,James van Riemsdyk,L,BOS,44,-39,hit_taken
8474037,James van Riemsdyk,L,BOS,47,-40,hit_taken
8474037,James van Riemsdyk,L,BOS,42,-38,hit_taken
8474037,James van Riemsdyk,L,BOS,78,-39,hit_taken
8474037,James van Riemsdyk,L,BOS,75,-40,hit_taken
8474037,James van Riemsdyk,L,BOS,62,-39,hit_taken
8474037,James van Riemsdyk,L,BOS,93,-27,hit_taken
8474037,James van Riemsdyk,L,BOS,93,-30,hit_taken
8474037,James van Riemsdyk,L,BOS,42,-39,hit_taken
8474037,James van Riemsdyk,L,BOS,48,-39,hit_thrown
8474037,James van Riemsdyk,L,BOS,30,-37,hit_thrown
8474037,James van Riemsdyk,L,BOS,48,-40,hit_thrown
8474037,James van Riemsdyk,L,BOS,91,-14,hit_thrown
8474037,James van Riemsdyk,L,BOS,96,-13,hit_thrown
8474037,James van Riemsdyk,L,BOS,29,38,hit_thrown
8474037,James van Riemsdyk,L,BOS,94,12,hit_thrown
8474037,James van Riemsdyk,L,BOS,82,-37,hit_thrown
8474037,James van Riemsdyk,L,BOS,83,37,hit_thrown
8474037,James van Riemsdyk,L,BOS,18,36,hit_thrown
8474037,James van Riemsdyk,L,BOS,97,7,hit_thrown
8474037,James van Riemsdyk,L,BOS,0,40,hit_thrown
8474037,James van Riemsdyk,L,BOS,91,30,hit_thrown
8474037,James van Riemsdyk,L,BOS,4,38,hit_thrown
8474037,James van Riemsdyk,L,BOS,60,36,hit_thrown
8474037,James van Riemsdyk,L,BOS,44,38,hit_thrown
8474037,James van Riemsdyk,L,BOS,98,8,hit_thrown
8474037,James van Riemsdyk,L,BOS,87,-36,hit_thrown
8474037,James van Riemsdyk,L,BOS,97,-10,hit_thrown
8474037,James van Riemsdyk,L,BOS,83,30,hit_thrown
8474037,James van Riemsdyk,L,BOS,49,38,hit_thrown
8474037,James van Riemsdyk,L,BOS,65,39,hit_thrown
8474037,James van Riemsdyk,L,BOS,85,-33,hit_thrown
8474037,James van Riemsdyk,L,BOS,93,29,hit_thrown
8474037,James van Riemsdyk,L,BOS,78,24,takeaway_other
8474037,James van Riemsdyk,L,BOS,57,-13,takeaway_other
8474145,Robert Bortuzzo,D,NYI,83,-6,block_hd
8474145,Robert Bortuzzo,D,NYI,72,7,block_hd
8474145,Robert Bortuzzo,D,NYI,76,-4,block_hd
8474145,Robert Bortuzzo,D,NYI,83,-4,block_hd
8474145,Robert Bortuzzo,D,NYI,78,0,block_hd
8474145,Robert Bortuzzo,D,NYI,82,-14,block_hd
8474145,Robert Bortuzzo,D,NYI,74,0,block_hd
8474145,Robert Bortuzzo,D,NYI,56,14,block_non_hd
8474145,Robert Bortuzzo,D,NYI,60,0,block_non_hd
8474145,Robert Bortuzzo,D,NYI,65,1,block_non_hd
8474145,Robert Bortuzzo,D,NYI,62,32,block_non_hd
8474145,Robert Bortuzzo,D,NYI,75,20,block_non_hd
8474145,Robert Bortuzzo,D,NYI,87,25,block_non_hd
8474145,Robert Bortuzzo,D,NYI,99,5,hit_taken
8474145,Robert Bortuzzo,D,NYI,14,40,hit_taken
8474145,Robert Bortuzzo,D,NYI,78,39,hit_taken
8474145,Robert Bortuzzo,D,NYI,81,35,hit_taken
8474145,Robert Bortuzzo,D,NYI,71,38,hit_thrown
8474145,Robert Bortuzzo,D,NYI,73,28,hit_thrown
8474145,Robert Bortuzzo,D,NYI,95,17,hit_thrown
8474145,Robert Bortuzzo,D,NYI,96,18,hit_thrown
8474145,Robert Bortuzzo,D,NYI,97,24,hit_thrown
8474145,Robert Bortuzzo,D,NYI,95,-12,hit_thrown
8474145,Robert Bortuzzo,D,NYI,73,13,takeaway_hd
8474149,Evgenii Dadonov,R,DAL,79,14,block_hd
8474149,Evgenii Dadonov,R,DAL,88,6,block_hd
8474149,Evgenii Dadonov,R,DAL,71,2,block_hd
8474149,Evgenii Dadonov,R,DAL,83,-11,block_hd
8474149,Evgenii Dadonov,R,DAL,51,9,block_non_hd
8474149,Evgenii Dadonov,R,DAL,38,-29,block_non_hd
8474149,Evgenii Dadonov,R,DAL,63,-10,block_non_hd
8474149,Evgenii Dadonov,R,DAL,46,-15,block_non_hd
8474149,Evgenii Dadonov,R,DAL,49,-19,block_non_hd
8474149,Evgenii Dadonov,R,DAL,50,-11,block_non_hd
8474149,Evgenii Dadonov,R,DAL,57,-19,block_non_hd
8474149,Evgenii Dadonov,R,DAL,59,-13,block_non_hd
8474149,Evgenii Dadonov,R,DAL,39,-10,block_non_hd
8474149,Evgenii Dadonov,R,DAL,66,13,block_non_hd
8474149,Evgenii Dadonov,R,DAL,69,0,block_non_hd
8474149,Evgenii Dadonov,R,DAL,50,-25,block_non_hd
8474149,Evgenii Dadonov,R,DAL,70,23,block_non_hd
8474149,Evgenii Dadonov,R,DAL,84,-7,crease_goal
8474149,Evgenii Dadonov,R,DAL,80,-5,crease_goal
8474149,Evgenii Dadonov,R,DAL,72,40,hit_taken
8474149,Evgenii Dadonov,R,DAL,76,-41,hit_taken
8474149,Evgenii Dadonov,R,DAL,77,-39,hit_taken
8474149,Evgenii Dadonov,R,DAL,67,-39,hit_taken
8474149,Evgenii Dadonov,R,DAL,93,14,hit_taken
8474149,Evgenii Dadonov,R,DAL,97,17,hit_taken
8474149,Evgenii Dadonov,R,DAL,98,-9,hit_taken
8474149,Evgenii Dadonov,R,DAL,72,-41,hit_taken
8474149,Evgenii Dadonov,R,DAL,13,40,hit_taken
8474149,Evgenii Dadonov,R,DAL,29,-22,hit_taken
8474149,Evgenii Dadonov,R,DAL,90,-33,hit_taken
8474149,Evgenii Dadonov,R,DAL,10,-35,hit_taken
8474149,Evgenii Dadonov,R,DAL,84,-27,hit_taken
8474149,Evgenii Dadonov,R,DAL,92,-32,hit_taken
8474149,Evgenii Dadonov,R,DAL,95,-6,hit_taken
8474149,Evgenii Dadonov,R,DAL,3,38,hit_taken
8474149,Evgenii Dadonov,R,DAL,22,35,hit_taken
8474149,Evgenii Dadonov,R,DAL,45,23,hit_taken
8474149,Evgenii Dadonov,R,DAL,99,12,hit_taken
8474149,Evgenii Dadonov,R,DAL,16,-39,hit_taken
8474149,Evgenii Dadonov,R,DAL,39,-37,hit_taken
8474149,Evgenii Dadonov,R,DAL,16,-37,hit_taken
8474149,Evgenii Dadonov,R,DAL,96,-13,hit_thrown
8474149,Evgenii Dadonov,R,DAL,98,7,hit_thrown
8474149,Evgenii Dadonov,R,DAL,92,29,hit_thrown
8474149,Evgenii Dadonov,R,DAL,71,-40,hit_thrown
8474149,Evgenii Dadonov,R,DAL,72,-38,hit_thrown
8474149,Evgenii Dadonov,R,DAL,97,19,hit_thrown
8474149,Evgenii Dadonov,R,DAL,83,36,hit_thrown
8474149,Evgenii Dadonov,R,DAL,29,-41,hit_thrown
8474149,Evgenii Dadonov,R,DAL,87,-36,hit_thrown
8474149,Evgenii Dadonov,R,DAL,93,-30,hit_thrown
8474149,Evgenii Dadonov,R,DAL,60,-41,hit_thrown
8474149,Evgenii Dadonov,R,DAL,1,39,hit_thrown
8474149,Evgenii Dadonov,R,DAL,96,-15,hit_thrown
8474149,Evgenii Dadonov,R,DAL,85,35,hit_thrown
8474149,Evgenii Dadonov,R,DAL,89,33,hit_thrown
8474149,Evgenii Dadonov,R,DAL,88,-34,hit_thrown
8474149,Evgenii Dadonov,R,DAL,10,38,hit_thrown
8474149,Evgenii Dadonov,R,DAL,98,3,hit_thrown
8474149,Evgenii Dadonov,R,DAL,96,20,hit_thrown
8474149,Evgenii Dadonov,R,DAL,90,34,hit_thrown
8474149,Evgenii Dadonov,R,DAL,88,30,hit_thrown
8474149,Evgenii Dadonov,R,DAL,11,-28,takeaway_other
8474149,Evgenii Dadonov,R,DAL,51,-27,takeaway_other
8474149,Evgenii Dadonov,R,DAL,9,37,takeaway_other
8474149,Evgenii Dadonov,R,DAL,9,-36,takeaway_other
8474149,Evgenii Dadonov,R,DAL,61,36,takeaway_other
8474149,Evgenii Dadonov,R,DAL,58,40,takeaway_other
8474151,Ryan McDonagh,D,NSH,80,-3,block_hd
8474151,Ryan McDonagh,D,NSH,75,-10,block_hd
8474151,Ryan McDonagh,D,NSH,83,-11,block_hd
8474151,Ryan McDonagh,D,NSH,75,-7,block_hd
8474151,Ryan McDonagh,D,NSH,77,-10,block_hd
8474151,Ryan McDonagh,D,NSH,73,-1,block_hd
8474151,Ryan McDonagh,D,NSH,82,2,block_hd
8474151,Ryan McDonagh,D,NSH,81,9,block_hd
8474151,Ryan McDonagh,D,NSH,77,-12,block_hd
8474151,Ryan McDonagh,D,NSH,74,-9,block_hd
8474151,Ryan McDonagh,D,NSH,73,-2,block_hd
8474151,Ryan McDonagh,D,NSH,76,5,block_hd
8474151,Ryan McDonagh,D,NSH,76,-6,block_hd
8474151,Ryan McDonagh,D,NSH,65,9,block_non_hd
8474151,Ryan McDonagh,D,NSH,67,-11,block_non_hd
8474151,Ryan McDonagh,D,NSH,95,-21,hit_taken
8474151,Ryan McDonagh,D,NSH,76,39,hit_taken
8474151,Ryan McDonagh,D,NSH,96,-14,hit_taken
8474151,Ryan McDonagh,D,NSH,36,-41,hit_taken
8474151,Ryan McDonagh,D,NSH,95,21,hit_taken
8474151,Ryan McDonagh,D,NSH,82,-35,hit_taken
8474151,Ryan McDonagh,D,NSH,82,-37,hit_taken
8474151,Ryan McDonagh,D,NSH,65,37,hit_taken
8474151,Ryan McDonagh,D,NSH,30,-19,hit_taken
8474151,Ryan McDonagh,D,NSH,53,40,hit_taken
8474151,Ryan McDonagh,D,NSH,38,36,hit_thrown
8474151,Ryan McDonagh,D,NSH,8,-8,hit_thrown
8474151,Ryan McDonagh,D,NSH,52,36,hit_thrown
8474151,Ryan McDonagh,D,NSH,5,41,hit_thrown
8474151,Ryan McDonagh,D,NSH,89,34,hit_thrown
8474151,Ryan McDonagh,D,NSH,10,23,hit_thrown
8474151,Ryan McDonagh,D,NSH,88,-31,hit_thrown
8474151,Ryan McDonagh,D,NSH,32,40,hit_thrown
8474151,Ryan McDonagh,D,NSH,30,38,hit_thrown
8474151,Ryan McDonagh,D,NSH,75,-39,hit_thrown
8474151,Ryan McDonagh,D,NSH,74,-1,takeaway_hd
8474151,Ryan McDonagh,D,NSH,92,-27,takeaway_other
8474157,Max Pacioretty,L,WSH,82,5,block_hd
8474157,Max Pacioretty,L,WSH,80,-31,block_non_hd
8474157,Max Pacioretty,L,WSH,82,-38,hit_taken
8474157,Max Pacioretty,L,WSH,94,-25,hit_taken
8474157,Max Pacioretty,L,WSH,56,-40,hit_taken
8474157,Max Pacioretty,L,WSH,78,35,hit_thrown
8474157,Max Pacioretty,L,WSH,65,-33,hit_thrown
8474157,Max Pacioretty,L,WSH,33,39,hit_thrown
8474157,Max Pacioretty,L,WSH,13,-36,takeaway_other
8474157,Max Pacioretty,L,WSH,79,-20,takeaway_other
8474157,Max Pacioretty,L,WSH,54,-39,takeaway_other
8474166,Alec Martinez,D,VGK,75,-7,block_hd
8474166,Alec Martinez,D,VGK,82,-7,block_hd
8474166,Alec Martinez,D,VGK,79,-10,block_hd
8474166,Alec Martinez,D,VGK,76,-7,block_hd
8474166,Alec Martinez,D,VGK,74,5,block_hd
8474166,Alec Martinez,D,VGK,76,-29,block_non_hd
8474166,Alec Martinez,D,VGK,79,-23,block_non_hd
8474166,Alec Martinez,D,VGK,64,-26,block_non_hd
8474166,Alec Martinez,D,VGK,69,-7,block_non_hd
8474166,Alec Martinez,D,VGK,62,-19,block_non_hd
8474166,Alec Martinez,D,VGK,96,-13,hit_taken
8474166,Alec Martinez,D,VGK,98,7,hit_taken
8474166,Alec Martinez,D,VGK,92,29,hit_taken
8474166,Alec Martinez,D,VGK,89,-36,hit_taken
8474166,Alec Martinez,D,VGK,99,14,hit_taken
8474166,Alec Martinez,D,VGK,89,-34,hit_taken
8474166,Alec Martinez,D,VGK,97,21,hit_taken
8474166,Alec Martinez,D,VGK,90,-30,hit_taken
8474166,Alec Martinez,D,VGK,97,-20,hit_taken
8474166,Alec Martinez,D,VGK,89,6,hit_taken
8474166,Alec Martinez,D,VGK,98,-7,hit_taken
8474166,Alec Martinez,D,VGK,82,-37,hit_taken
8474166,Alec Martinez,D,VGK,89,-34,hit_taken
8474166,Alec Martinez,D,VGK,98,7,hit_taken
8474166,Alec Martinez,D,VGK,76,-39,hit_taken
8474166,Alec Martinez,D,VGK,97,20,hit_taken
8474166,Alec Martinez,D,VGK,97,17,hit_taken
8474166,Alec Martinez,D,VGK,98,-13,hit_taken
8474166,Alec Martinez,D,VGK,98,-8,hit_thrown
8474166,Alec Martinez,D,VGK,99,-9,hit_thrown
8474166,Alec Martinez,D,VGK,6,39,hit_thrown
8474166,Alec Martinez,D,VGK,3,-40,hit_thrown
8474166,Alec Martinez,D,VGK,64,39,hit_thrown
8474166,Alec Martinez,D,VGK,94,-31,hit_thrown
8474166,Alec Martinez,D,VGK,95,-28,hit_thrown
8474166,Alec Martinez,D,VGK,55,41,hit_thrown
8474166,Alec Martinez,D,VGK,2,-2,takeaway_other
8474563,Drew Doughty,D,LAK,82,4,block_hd
8474563,Drew Doughty,D,LAK,87,4,block_hd
8474563,Drew Doughty,D,LAK,82,-15,block_hd
8474563,Drew Doughty,D,LAK,71,-7,block_hd
8474563,Drew Doughty,D,LAK,79,1,block_hd
8474563,Drew Doughty,D,LAK,69,-9,block_non_hd
8474563,Drew Doughty,D,LAK,76,-19,block_non_hd
8474563,Drew Doughty,D,LAK,43,29,block_non_hd
8474563,Drew Doughty,D,LAK,69,17,block_non_hd
8474563,Drew Doughty,D,LAK,65,19,block_non_hd
8474563,Drew Doughty,D,LAK,41,28,block_non_hd
8474563,Drew Doughty,D,LAK,84,-2,crease_goal
8474563,Drew Doughty,D,LAK,12,40,hit_taken
8474563,Drew Doughty,D,LAK,46,-39,hit_taken
8474563,Drew Doughty,D,LAK,84,-35,hit_taken
8474563,Drew Doughty,D,LAK,97,-2,hit_taken
8474563,Drew Doughty,D,LAK,37,-41,hit_taken
8474563,Drew Doughty,D,LAK,50,39,hit_taken
8474563,Drew Doughty,D,LAK,95,-3,hit_taken
8474563,Drew Doughty,D,LAK,90,30,hit_taken
8474563,Drew Doughty,D,LAK,98,18,hit_taken
8474563,Drew Doughty,D,LAK,78,39,hit_taken
8474563,Drew Doughty,D,LAK,99,3,hit_taken
8474563,Drew Doughty,D,LAK,99,-2,hit_taken
8474563,Drew Doughty,D,LAK,88,-33,hit_taken
8474563,Drew Doughty,D,LAK,98,8,hit_taken
8474563,Drew Doughty,D,LAK,85,36,hit_taken
8474563,Drew Doughty,D,LAK,14,41,hit_taken
8474563,Drew Doughty,D,LAK,85,37,hit_taken
8474563,Drew Doughty,D,LAK,99,11,hit_taken
8474563,Drew Doughty,D,LAK,85,36,hit_taken
8474563,Drew Doughty,D,LAK,77,40,hit_taken
8474563,Drew Doughty,D,LAK,84,-36,hit_taken
8474563,Drew Doughty,D,LAK,99,11,hit_taken
8474563,Drew Doughty,D,LAK,98,6,hit_taken
8474563,Drew Doughty,D,LAK,84,37,hit_taken
8474563,Drew Doughty,D,LAK,97,-21,hit_taken
8474563,Drew Doughty,D,LAK,16,38,hit_taken
8474563,Drew Doughty,D,LAK,76,36,hit_taken
8474563,Drew Doughty,D,LAK,38,-41,hit_taken
8474563,Drew Doughty,D,LAK,88,-36,hit_taken
8474563,Drew Doughty,D,LAK,39,-27,hit_taken
8474563,Drew Doughty,D,LAK,76,16,hit_taken
8474563,Drew Doughty,D,LAK,74,6,hit_thrown
8474563,Drew Doughty,D,LAK,90,32,hit_thrown
8474563,Drew Doughty,D,LAK,29,34,hit_thrown
8474563,Drew Doughty,D,LAK,88,-22,hit_thrown
8474563,Drew Doughty,D,LAK,59,41,hit_thrown
8474563,Drew Doughty,D,LAK,95,-22,hit_thrown
8474563,Drew Doughty,D,LAK,75,-6,hit_thrown
8474563,Drew Doughty,D,LAK,23,39,hit_thrown
8474563,Drew Doughty,D,LAK,31,37,takeaway_other
8474564,Steven Stamkos,C,TBL,79,10,block_hd
8474564,Steven Stamkos,C,TBL,69,-8,block_non_hd
8474564,Steven Stamkos,C,TBL,68,14,block_non_hd
8474564,Steven Stamkos,C,TBL,62,13,block_non_hd
8474564,Steven Stamkos,C,TBL,82,0,crease_goal
8474564,Steven Stamkos,C,TBL,69,22,dz_faceoff_win
8474564,Steven Stamkos,C,TBL,69,22,dz_faceoff_win
8474564,Steven Stamkos,C,TBL,69,22,dz_faceoff_win
8474564,Steven Stamkos,C,TBL,69,22,dz_faceoff_win
8474564,Steven Stamkos,C,TBL,69,22,dz_faceoff_win
8474564,Steven Stamkos,C,TBL,69,22,dz_faceoff_win
8474564,Steven Stamkos,C,TBL,69,22,dz_faceoff_win
8474564,Steven Stamkos,C,TBL,69,22,dz_faceoff_win
8474564,Steven Stamkos,C,TBL,69,22,dz_faceoff_win
8474564,Steven Stamkos,C,TBL,69,-22,dz_faceoff_win
8474564,Steven Stamkos,C,TBL,69,22,dz_faceoff_win
8474564,Steven Stamkos,C,TBL,69,22,dz_faceoff_win
8474564,Steven Stamkos,C,TBL,69,-22,dz_faceoff_win
8474564,Steven Stamkos,C,TBL,96,24,hit_taken
8474564,Steven Stamkos,C,TBL,99,-10,hit_taken
8474564,Steven Stamkos,C,TBL,96,6,hit_taken
8474564,Steven Stamkos,C,TBL,96,0,hit_taken
8474564,Steven Stamkos,C,TBL,95,19,hit_taken
8474564,Steven Stamkos,C,TBL,6,39,hit_thrown
8474564,Steven Stamkos,C,TBL,19,38,hit_thrown
8474564,Steven Stamkos,C,TBL,13,-38,hit_thrown
8474564,Steven Stamkos,C,TBL,96,6,hit_thrown
8474564,Steven Stamkos,C,TBL,88,21,hit_thrown
8474564,Steven Stamkos,C,TBL,77,-41,hit_thrown
8474564,Steven Stamkos,C,TBL,69,-39,hit_thrown
8474564,Steven Stamkos,C,TBL,38,-36,hit_thrown
8474564,Steven Stamkos,C,TBL,39,39,hit_thrown
8474564,Steven Stamkos,C,TBL,88,32,hit_thrown
8474564,Steven Stamkos,C,TBL,86,33,hit_thrown
8474564,Steven Stamkos,C,TBL,65,40,hit_thrown
8474564,Steven Stamkos,C,TBL,75,-39,hit_thrown
8474564,Steven Stamkos,C,TBL,94,26,hit_thrown
8474564,Steven Stamkos,C,TBL,86,-34,hit_thrown
8474564,Steven Stamkos,C,TBL,96,13,hit_thrown
8474564,Steven Stamkos,C,TBL,65,-39,hit_thrown
8474564,Steven Stamkos,C,TBL,95,17,hit_thrown
8474564,Steven Stamkos,C,TBL,96,-7,hit_thrown
8474564,Steven Stamkos,C,TBL,96,-24,hit_thrown
8474564,Steven Stamkos,C,TBL,46,41,hit_thrown
8474564,Steven Stamkos,C,TBL,71,-40,hit_thrown
8474564,Steven Stamkos,C,TBL,95,17,hit_thrown
8474564,Steven Stamkos,C,TBL,67,38,takeaway_other
8474565,Alex Pietrangelo,D,VGK,72,5,block_hd
8474565,Alex Pietrangelo,D,VGK,78,13,block_hd
8474565,Alex Pietrangelo,D,VGK,77,-7,block_hd
8474565,Alex Pietrangelo,D,VGK,74,3,block_hd
8474565,Alex Pietrangelo,D,VGK,73,3,block_hd
8474565,Alex Pietrangelo,D,VGK,74,-11,block_hd
8474565,Alex Pietrangelo,D,VGK,70,13,block_hd
8474565,Alex Pietrangelo,D,VGK,79,-2,block_hd
8474565,Alex Pietrangelo,D,VGK,87,5,block_hd
8474565,Alex Pietrangelo,D,VGK,49,8,block_non_hd
8474565,Alex Pietrangelo,D,VGK,69,19,block_non_hd
8474565,Alex Pietrangelo,D,VGK,63,8,block_non_hd
8474565,Alex Pietrangelo,D,VGK,69,-8,block_non_hd
8474565,Alex Pietrangelo,D,VGK,66,7,block_non_hd
8474565,Alex Pietrangelo,D,VGK,61,-5,block_non_hd
8474565,Alex Pietrangelo,D,VGK,62,20,block_non_hd
8474565,Alex Pietrangelo,D,VGK,67,19,block_non_hd
8474565,Alex Pietrangelo,D,VGK,60,40,hit_taken
8474565,Alex Pietrangelo,D,VGK,73,-39,hit_taken
8474565,Alex Pietrangelo,D,VGK,99,-8,hit_taken
8474565,Alex Pietrangelo,D,VGK,86,-38,hit_taken
8474565,Alex Pietrangelo,D,VGK,91,31,hit_taken
8474565,Alex Pietrangelo,D,VGK,75,-40,hit_taken
8474565,Alex Pietrangelo,D,VGK,96,24,hit_taken
8474565,Alex Pietrangelo,D,VGK,39,41,hit_taken
8474565,Alex Pietrangelo,D,VGK,92,16,hit_taken
8474565,Alex Pietrangelo,D,VGK,92,-31,hit_taken
8474565,Alex Pietrangelo,D,VGK,85,-7,hit_taken
8474565,Alex Pietrangelo,D,VGK,90,33,hit_taken
8474565,Alex Pietrangelo,D,VGK,19,8,hit_taken
8474565,Alex Pietrangelo,D,VGK,96,13,hit_taken
8474565,Alex Pietrangelo,D,VGK,52,-37,hit_taken
8474565,Alex Pietrangelo,D,VGK,89,32,hit_taken
8474565,Alex Pietrangelo,D,VGK,76,-40,hit_taken
8474565,Alex Pietrangelo,D,VGK,0,-40,hit_taken
8474565,Alex Pietrangelo,D,VGK,83,36,hit_taken
8474565,Alex Pietrangelo,D,VGK,99,-14,hit_taken
8474565,Alex Pietrangelo,D,VGK,97,-18,hit_taken
8474565,Alex Pietrangelo,D,VGK,53,40,hit_thrown
8474565,Alex Pietrangelo,D,VGK,86,-37,hit_thrown
8474565,Alex Pietrangelo,D,VGK,96,-22,hit_thrown
8474565,Alex Pietrangelo,D,VGK,26,-40,hit_thrown
8474565,Alex Pietrangelo,D,VGK,6,41,hit_thrown
8474565,Alex Pietrangelo,D,VGK,77,38,hit_thrown
8474565,Alex Pietrangelo,D,VGK,84,39,hit_thrown
8474565,Alex Pietrangelo,D,VGK,76,40,hit_thrown
8474565,Alex Pietrangelo,D,VGK,96,22,hit_thrown
8474565,Alex Pietrangelo,D,VGK,31,-25,takeaway_other
8474565,Alex Pietrangelo,D,VGK,51,-13,takeaway_other
8474568,Luke Schenn,D,NSH,82,8,block_hd
8474568,Luke Schenn,D,NSH,71,15,block_hd
8474568,Luke Schenn,D,NSH,60,26,block_non_hd
8474568,Luke Schenn,D,NSH,67,-4,block_non_hd
8474568,Luke Schenn,D,NSH,67,-15,block_non_hd
8474568,Luke Schenn,D,NSH,80,37,hit_taken
8474568,Luke Schenn,D,NSH,83,35,hit_taken
8474568,Luke Schenn,D,NSH,86,34,hit_taken
8474568,Luke Schenn,D,NSH,98,7,hit_taken
8474568,Luke Schenn,D,NSH,94,24,hit_taken
8474568,Luke Schenn,D,NSH,55,41,hit_taken
8474568,Luke Schenn,D,NSH,52,-39,hit_taken
8474568,Luke Schenn,D,NSH,98,-9,hit_taken
8474568,Luke Schenn,D,NSH,10,36,hit_thrown
8474568,Luke Schenn,D,NSH,83,35,hit_thrown
8474568,Luke Schenn,D,NSH,98,10,hit_thrown
8474568,Luke Schenn,D,NSH,89,27,hit_thrown
8474568,Luke Schenn,D,NSH,88,33,hit_thrown
8474568,Luke Schenn,D,NSH,98,0,hit_thrown
8474568,Luke Schenn,D,NSH,99,-6,hit_thrown
8474568,Luke Schenn,D,NSH,87,35,hit_thrown
8474568,Luke Schenn,D,NSH,47,-40,hit_thrown
8474568,Luke Schenn,D,NSH,29,39,hit_thrown
8474568,Luke Schenn,D,NSH,96,14,hit_thrown
8474568,Luke Schenn,D,NSH,80,36,hit_thrown
8474568,Luke Schenn,D,NSH,95,12,hit_thrown
8474568,Luke Schenn,D,NSH,97,-13,hit_thrown
8474568,Luke Schenn,D,NSH,95,12,takeaway_hd
8474568,Luke Schenn,D,NSH,13,20,takeaway_other
8474574,Tyler Myers,D,VAN,78,-3,block_hd
8474574,Tyler Myers,D,VAN,82,7,block_hd
8474574,Tyler Myers,D,VAN,88,-4,block_hd
8474574,Tyler Myers,D,VAN,77,-11,block_hd
8474574,Tyler Myers,D,VAN,73,14,block_hd
8474574,Tyler Myers,D,VAN,85,-5,block_hd
8474574,Tyler Myers,D,VAN,82,3,block_hd
8474574,Tyler Myers,D,VAN,76,-2,block_hd
8474574,Tyler Myers,D,VAN,72,-11,block_hd
8474574,Tyler Myers,D,VAN,79,14,block_hd
8474574,Tyler Myers,D,VAN,79,7,block_hd
8474574,Tyler Myers,D,VAN,81,2,block_hd
8474574,Tyler Myers,D,VAN,68,6,block_non_hd
8474574,Tyler Myers,D,VAN,71,-22,block_non_hd
8474574,Tyler Myers,D,VAN,59,-6,block_non_hd
8474574,Tyler Myers,D,VAN,81,-19,block_non_hd
8474574,Tyler Myers,D,VAN,63,-18,block_non_hd
8474574,Tyler Myers,D,VAN,55,13,block_non_hd
8474574,Tyler Myers,D,VAN,54,-14,block_non_hd
8474574,Tyler Myers,D,VAN,65,7,block_non_hd
8474574,Tyler Myers,D,VAN,80,21,block_non_hd
8474574,Tyler Myers,D,VAN,49,-29,block_non_hd
8474574,Tyler Myers,D,VAN,63,21,block_non_hd
8474574,Tyler Myers,D,VAN,69,14,block_non_hd
8474574,Tyler Myers,D,VAN,41,-24,block_non_hd
8474574,Tyler Myers,D,VAN,48,21,block_non_hd
8474574,Tyler Myers,D,VAN,51,-38,hit_taken
8474574,Tyler Myers,D,VAN,60,41,hit_taken
8474574,Tyler Myers,D,VAN,98,4,hit_taken
8474574,Tyler Myers,D,VAN,95,12,hit_taken
8474574,Tyler Myers,D,VAN,29,39,hit_taken
8474574,Tyler Myers,D,VAN,81,-38,hit_taken
8474574,Tyler Myers,D,VAN,95,-24,hit_taken
8474574,Tyler Myers,D,VAN,13,40,hit_taken
8474574,Tyler Myers,D,VAN,84,33,hit_taken
8474574,Tyler Myers,D,VAN,96,23,hit_taken
8474574,Tyler Myers,D,VAN,31,-38,hit_taken
8474574,Tyler Myers,D,VAN,98,1,hit_taken
8474574,Tyler Myers,D,VAN,92,32,hit_taken
8474574,Tyler Myers,D,VAN,91,33,hit_taken
8474574,Tyler Myers,D,VAN,48,38,hit_taken
8474574,Tyler Myers,D,VAN,97,17,hit_taken
8474574,Tyler Myers,D,VAN,80,35,hit_taken
8474574,Tyler Myers,D,VAN,81,37,hit_thrown
8474574,Tyler Myers,D,VAN,15,32,hit_thrown
8474574,Tyler Myers,D,VAN,98,3,hit_thrown
8474574,Tyler Myers,D,VAN,98,-21,hit_thrown
8474574,Tyler Myers,D,VAN,40,30,hit_thrown
8474574,Tyler Myers,D,VAN,80,35,hit_thrown
8474574,Tyler Myers,D,VAN,91,10,hit_thrown
8474574,Tyler Myers,D,VAN,98,-4,hit_thrown
8474574,Tyler Myers,D,VAN,59,-39,hit_thrown
8474574,Tyler Myers,D,VAN,97,-4,hit_thrown
8474574,Tyler Myers,D,VAN,80,17,hit_thrown
8474574,Tyler Myers,D,VAN,96,-19,hit_thrown
8474574,Tyler Myers,D,VAN,81,-39,hit_thrown
8474574,Tyler Myers,D,VAN,68,39,hit_thrown
8474574,Tyler Myers,D,VAN,96,24,hit_thrown
8474574,Tyler Myers,D,VAN,87,-28,hit_thrown
8474574,Tyler Myers,D,VAN,64,38,hit_thrown
8474574,Tyler Myers,D,VAN,95,-1,hit_thrown
8474574,Tyler Myers,D,VAN,32,38,hit_thrown
8474574,Tyler Myers,D,VAN,73,-38,hit_thrown
8474574,Tyler Myers,D,VAN,91,-30,hit_thrown
8474574,Tyler Myers,D,VAN,98,-18,hit_thrown
8474574,Tyler Myers,D,VAN,93,23,hit_thrown
8474574,Tyler Myers,D,VAN,60,40,hit_thrown
8474574,Tyler Myers,D,VAN,83,39,hit_thrown
8474574,Tyler Myers,D,VAN,42,-39,hit_thrown
8474574,Tyler Myers,D,VAN,89,36,hit_thrown
8474574,Tyler Myers,D,VAN,48,36,hit_thrown
8474574,Tyler Myers,D,VAN,90,31,hit_thrown
8474574,Tyler Myers,D,VAN,74,36,hit_thrown
8474574,Tyler Myers,D,VAN,84,35,hit_thrown
8474574,Tyler Myers,D,VAN,97,0,hit_thrown
8474574,Tyler Myers,D,VAN,33,-40,hit_thrown
8474574,Tyler Myers,D,VAN,86,-33,hit_thrown
8474574,Tyler Myers,D,VAN,98,-22,hit_thrown
8474574,Tyler Myers,D,VAN,44,38,hit_thrown
8474574,Tyler Myers,D,VAN,48,-39,hit_thrown
8474574,Tyler Myers,D,VAN,87,-34,hit_thrown
8474574,Tyler Myers,D,VAN,81,36,hit_thrown
8474574,Tyler Myers,D,VAN,49,-42,hit_thrown
8474574,Tyler Myers,D,VAN,93,27,takeaway_other
8474574,Tyler Myers,D,VAN,31,6,takeaway_other
8474590,John Carlson,D,WSH,75,2,block_hd
8474590,John Carlson,D,WSH,81,-5,block_hd
8474590,John Carlson,D,WSH,46,32,block_non_hd
8474590,John Carlson,D,WSH,60,25,block_non_hd
8474590,John Carlson,D,WSH,98,8,hit_taken
8474590,John Carlson,D,WSH,83,35,hit_taken
8474590,John Carlson,D,WSH,95,-17,hit_taken
8474590,John Carlson,D,WSH,88,33,hit_taken
8474590,John Carlson,D,WSH,96,-15,hit_taken
8474590,John Carlson,D,WSH,95,15,hit_taken
8474590,John Carlson,D,WSH,51,38,hit_taken
8474590,John Carlson,D,WSH,95,-21,hit_taken
8474590,John Carlson,D,WSH,81,34,hit_taken
8474590,John Carlson,D,WSH,48,-37,hit_taken
8474590,John Carlson,D,WSH,94,-18,hit_taken
8474590,John Carlson,D,WSH,59,-38,hit_taken
8474590,John Carlson,D,WSH,68,37,hit_thrown
8474590,John Carlson,D,WSH,14,-38,hit_thrown
8474590,John Carlson,D,WSH,96,17,hit_thrown
8474590,John Carlson,D,WSH,2,-35,hit_thrown
8474600,Roman Josi,D,NSH,79,-5,block_hd
8474600,Roman Josi,D,NSH,75,8,block_hd
8474600,Roman Josi,D,NSH,72,10,block_hd
8474600,Roman Josi,D,NSH,77,14,block_hd
8474600,Roman Josi,D,NSH,75,-4,block_hd
8474600,Roman Josi,D,NSH,72,-7,block_hd
8474600,Roman Josi,D,NSH,78,3,block_hd
8474600,Roman Josi,D,NSH,89,6,block_hd
8474600,Roman Josi,D,NSH,58,17,block_non_hd
8474600,Roman Josi,D,NSH,54,33,block_non_hd
8474600,Roman Josi,D,NSH,35,17,block_non_hd
8474600,Roman Josi,D,NSH,82,-6,crease_goal
8474600,Roman Josi,D,NSH,71,37,hit_taken
8474600,Roman Josi,D,NSH,96,-21,hit_taken
8474600,Roman Josi,D,NSH,63,40,hit_taken
8474600,Roman Josi,D,NSH,41,-39,hit_taken
8474600,Roman Josi,D,NSH,97,-20,hit_taken
8474600,Roman Josi,D,NSH,54,-28,hit_taken
8474600,Roman Josi,D,NSH,63,15,hit_taken
8474600,Roman Josi,D,NSH,88,-35,hit_taken
8474600,Roman Josi,D,NSH,29,-41,hit_taken
8474600,Roman Josi,D,NSH,25,37,hit_taken
8474600,Roman Josi,D,NSH,96,-13,hit_taken
8474600,Roman Josi,D,NSH,62,-39,hit_taken
8474600,Roman Josi,D,NSH,13,-38,hit_taken
8474600,Roman Josi,D,NSH,46,-38,hit_taken
8474600,Roman Josi,D,NSH,69,38,hit_taken
8474600,Roman Josi,D,NSH,3,39,hit_thrown
8474600,Roman Josi,D,NSH,27,-13,hit_thrown
8474600,Roman Josi,D,NSH,92,-27,hit_thrown
8474600,Roman Josi,D,NSH,51,-35,takeaway_other
8474641,Adam Henrique,C,EDM,85,-7,block_hd
8474641,Adam Henrique,C,EDM,80,-1,block_hd
8474641,Adam Henrique,C,EDM,58,-1,block_non_hd
8474641,Adam Henrique,C,EDM,38,-25,block_non_hd
8474641,Adam Henrique,C,EDM,54,-1,block_non_hd
8474641,Adam Henrique,C,EDM,64,9,block_non_hd
8474641,Adam Henrique,C,EDM,53,6,block_non_hd
8474641,Adam Henrique,C,EDM,66,17,block_non_hd
8474641,Adam Henrique,C,EDM,45,-29,block_non_hd
8474641,Adam Henrique,C,EDM,50,22,block_non_hd
8474641,Adam Henrique,C,EDM,69,19,block_non_hd
8474641,Adam Henrique,C,EDM,57,17,block_non_hd
8474641,Adam Henrique,C,EDM,62,-21,block_non_hd
8474641,Adam Henrique,C,EDM,49,18,block_non_hd
8474641,Adam Henrique,C,EDM,66,9,block_non_hd
8474641,Adam Henrique,C,EDM,82,-3,crease_goal
8474641,Adam Henrique,C,EDM,81,1,crease_goal
8474641,Adam Henrique,C,EDM,69,-22,dz_faceoff_win
8474641,Adam Henrique,C,EDM,69,22,dz_faceoff_win
8474641,Adam Henrique,C,EDM,69,22,dz_faceoff_win
8474641,Adam Henrique,C,EDM,69,22,dz_faceoff_win
8474641,Adam Henrique,C,EDM,69,22,dz_faceoff_win
8474641,Adam Henrique,C,EDM,69,22,dz_faceoff_win
8474641,Adam Henrique,C,EDM,69,22,dz_faceoff_win
8474641,Adam Henrique,C,EDM,69,22,dz_faceoff_win
8474641,Adam Henrique,C,EDM,69,22,dz_faceoff_win
8474641,Adam Henrique,C,EDM,69,22,dz_faceoff_win
8474641,Adam Henrique,C,EDM,69,-22,dz_faceoff_win
8474641,Adam Henrique,C,EDM,69,-22,dz_faceoff_win
8474641,Adam Henrique,C,EDM,69,-22,dz_faceoff_win
8474641,Adam Henrique,C,EDM,69,-22,dz_faceoff_win
8474641,Adam Henrique,C,EDM,69,22,dz_faceoff_win
8474641,Adam Henrique,C,EDM,69,-22,dz_faceoff_win
8474641,Adam Henrique,C,EDM,69,22,dz_faceoff_win
8474641,Adam Henrique,C,EDM,69,-22,dz_faceoff_win
8474641,Adam Henrique,C,EDM,69,22,dz_faceoff_win
8474641,Adam Henrique,C,EDM,69,22,dz_faceoff_win
8474641,Adam Henrique,C,EDM,69,22,dz_faceoff_win
8474641,Adam Henrique,C,EDM,69,-22,dz_faceoff_win
8474641,Adam Henrique,C,EDM,69,22,dz_faceoff_win
8474641,Adam Henrique,C,EDM,69,-22,dz_faceoff_win
8474641,Adam Henrique,C,EDM,69,22,dz_faceoff_win
8474641,Adam Henrique,C,EDM,69,22,dz_faceoff_win
8474641,Adam Henrique,C,EDM,69,-22,dz_faceoff_win
8474641,Adam Henrique,C,EDM,69,-22,dz_faceoff_win
8474641,Adam Henrique,C,EDM,69,-22,dz_faceoff_win
8474641,Adam Henrique,C,EDM,69,-22,dz_faceoff_win
8474641,Adam Henrique,C,EDM,18,37,hit_taken
8474641,Adam Henrique,C,EDM,74,41,hit_taken
8474641,Adam Henrique,C,EDM,90,32,hit_taken
8474641,Adam Henrique,C,EDM,99,11,hit_taken
8474641,Adam Henrique,C,EDM,92,30,hit_taken
8474641,Adam Henrique,C,EDM,83,34,hit_taken
8474641,Adam Henrique,C,EDM,52,42,hit_taken
8474641,Adam Henrique,C,EDM,92,-32,hit_taken
8474641,Adam Henrique,C,EDM,87,-36,hit_taken
8474641,Adam Henrique,C,EDM,87,32,hit_taken
8474641,Adam Henrique,C,EDM,41,17,hit_taken
8474641,Adam Henrique,C,EDM,29,-37,hit_taken
8474641,Adam Henrique,C,EDM,51,-40,hit_taken
8474641,Adam Henrique,C,EDM,34,-40,hit_taken
8474641,Adam Henrique,C,EDM,97,-13,hit_taken
8474641,Adam Henrique,C,EDM,65,-38,hit_taken
8474641,Adam Henrique,C,EDM,58,-38,hit_taken
8474641,Adam Henrique,C,EDM,84,36,hit_taken
8474641,Adam Henrique,C,EDM,20,-40,hit_taken
8474641,Adam Henrique,C,EDM,90,-34,hit_thrown
8474641,Adam Henrique,C,EDM,95,-3,hit_thrown
8474641,Adam Henrique,C,EDM,99,3,hit_thrown
8474641,Adam Henrique,C,EDM,92,-32,hit_thrown
8474641,Adam Henrique,C,EDM,89,-34,hit_thrown
8474641,Adam Henrique,C,EDM,99,-2,hit_thrown
8474641,Adam Henrique,C,EDM,45,37,hit_thrown
8474641,Adam Henrique,C,EDM,94,27,hit_thrown
8474641,Adam Henrique,C,EDM,29,-41,hit_thrown
8474641,Adam Henrique,C,EDM,98,-4,hit_thrown
8474641,Adam Henrique,C,EDM,97,-5,hit_thrown
8474641,Adam Henrique,C,EDM,41,-40,hit_thrown
8474641,Adam Henrique,C,EDM,99,11,hit_thrown
8474641,Adam Henrique,C,EDM,44,-39,hit_thrown
8474641,Adam Henrique,C,EDM,77,40,hit_thrown
8474641,Adam Henrique,C,EDM,84,-36,hit_thrown
8474641,Adam Henrique,C,EDM,99,11,hit_thrown
8474641,Adam Henrique,C,EDM,84,35,hit_thrown
8474641,Adam Henrique,C,EDM,10,-41,hit_thrown
8474641,Adam Henrique,C,EDM,97,-21,hit_thrown
8474641,Adam Henrique,C,EDM,88,-36,hit_thrown
8474641,Adam Henrique,C,EDM,39,-27,hit_thrown
8474641,Adam Henrique,C,EDM,63,-39,hit_thrown
8474641,Adam Henrique,C,EDM,93,29,hit_thrown
8474641,Adam Henrique,C,EDM,95,19,hit_thrown
8474641,Adam Henrique,C,EDM,97,6,hit_thrown
8474641,Adam Henrique,C,EDM,13,39,hit_thrown
8474641,Adam Henrique,C,EDM,90,-31,hit_thrown
8474641,Adam Henrique,C,EDM,70,-37,hit_thrown
8474641,Adam Henrique,C,EDM,76,-42,hit_thrown
8474641,Adam Henrique,C,EDM,15,-40,hit_thrown
8474641,Adam Henrique,C,EDM,96,-5,hit_thrown
8474641,Adam Henrique,C,EDM,97,16,hit_thrown
8474641,Adam Henrique,C,EDM,95,-22,hit_thrown
8474641,Adam Henrique,C,EDM,16,-40,hit_thrown
8474641,Adam Henrique,C,EDM,40,-38,hit_thrown
8474641,Adam Henrique,C,EDM,92,29,hit_thrown
8474641,Adam Henrique,C,EDM,71,40,hit_thrown
8474641,Adam Henrique,C,EDM,38,-39,hit_thrown
8474641,Adam Henrique,C,EDM,95,13,hit_thrown
8474641,Adam Henrique,C,EDM,96,11,hit_thrown
8474641,Adam Henrique,C,EDM,42,-38,hit_thrown
8474641,Adam Henrique,C,EDM,88,-31,hit_thrown
8474641,Adam Henrique,C,EDM,98,15,hit_thrown
8474641,Adam Henrique,C,EDM,9,39,hit_thrown
8474641,Adam Henrique,C,EDM,69,40,hit_thrown
8474641,Adam Henrique,C,EDM,57,38,hit_thrown
8474641,Adam Henrique,C,EDM,43,36,hit_thrown
8474641,Adam Henrique,C,EDM,61,37,hit_thrown
8474641,Adam Henrique,C,EDM,67,38,hit_thrown
8474641,Adam Henrique,C,EDM,96,9,hit_thrown
8474641,Adam Henrique,C,EDM,78,-37,hit_thrown
8474641,Adam Henrique,C,EDM,13,23,takeaway_other
8474641,Adam Henrique,C,EDM,4,-30,takeaway_other
8474641,Adam Henrique,C,EDM,1,-18,takeaway_other
8474641,Adam Henrique,C,EDM,2,7,takeaway_other
8474641,Adam Henrique,C,EDM,65,-38,takeaway_other
8474641,Adam Henrique,C,EDM,44,-30,takeaway_other
8474641,Adam Henrique,C,EDM,41,1,takeaway_other
8474673,TJ Brodie,D,TOR,83,0,block_hd
8474673,TJ Brodie,D,TOR,52,15,block_non_hd
8474673,TJ Brodie,D,TOR,64,-41,hit_thrown
8474673,TJ Brodie,D,TOR,69,-38,hit_thrown
8474673,TJ Brodie,D,TOR,95,-21,takeaway_other
8474679,Gustav Nyquist,C,NSH,48,5,block_non_hd
8474679,Gustav Nyquist,C,NSH,58,16,block_non_hd
8474679,Gustav Nyquist,C,NSH,37,37,hit_taken
8474679,Gustav Nyquist,C,NSH,60,40,hit_taken
8474679,Gustav Nyquist,C,NSH,85,36,hit_taken
8474679,Gustav Nyquist,C,NSH,42,39,hit_taken
8474679,Gustav Nyquist,C,NSH,64,-37,hit_taken
8474679,Gustav Nyquist,C,NSH,62,39,hit_taken
8474679,Gustav Nyquist,C,NSH,33,-16,hit_taken
8474679,Gustav Nyquist,C,NSH,81,-37,hit_taken
8474679,Gustav Nyquist,C,NSH,74,38,hit_taken
8474679,Gustav Nyquist,C,NSH,86,-35,hit_taken
8474679,Gustav Nyquist,C,NSH,72,-24,hit_taken
8474679,Gustav Nyquist,C,NSH,59,-39,hit_taken
8474679,Gustav Nyquist,C,NSH,46,-38,hit_taken
8474679,Gustav Nyquist,C,NSH,49,41,hit_thrown
8474679,Gustav Nyquist,C,NSH,12,40,hit_thrown
8474679,Gustav Nyquist,C,NSH,92,-29,hit_thrown
8474679,Gustav Nyquist,C,NSH,44,-36,hit_thrown
8474679,Gustav Nyquist,C,NSH,7,39,hit_thrown
8474679,Gustav Nyquist,C,NSH,96,13,hit_thrown
8474679,Gustav Nyquist,C,NSH,4,-31,takeaway_other
8474679,Gustav Nyquist,C,NSH,53,-35,takeaway_other
8474679,Gustav Nyquist,C,NSH,10,33,takeaway_other
8474679,Gustav Nyquist,C,NSH,43,27,takeaway_other
8474679,Gustav Nyquist,C,NSH,17,4,takeaway_other
8474679,Gustav Nyquist,C,NSH,12,15,takeaway_other
8474709,Matt Martin,L,NYI,81,-4,block_hd
8474709,Matt Martin,L,NYI,54,-23,block_non_hd
8474709,Matt Martin,L,NYI,43,-33,block_non_hd
8474709,Matt Martin,L,NYI,57,-19,block_non_hd
8474709,Matt Martin,L,NYI,97,22,hit_taken
8474709,Matt Martin,L,NYI,8,-39,hit_taken
8474709,Matt Martin,L,NYI,6,41,hit_thrown
8474709,Matt Martin,L,NYI,97,-14,hit_thrown
8474709,Matt Martin,L,NYI,24,41,hit_thrown
8474709,Matt Martin,L,NYI,95,11,hit_thrown
8474709,Matt Martin,L,NYI,70,-39,hit_thrown
8474709,Matt Martin,L,NYI,64,39,hit_thrown
8474709,Matt Martin,L,NYI,47,-19,hit_thrown
8474709,Matt Martin,L,NYI,75,-12,takeaway_hd
8475151,Kyle Palmieri,C,NYI,74,-8,block_hd
8475151,Kyle Palmieri,C,NYI,74,-14,block_hd
8475151,Kyle Palmieri,C,NYI,80,1,block_hd
8475151,Kyle Palmieri,C,NYI,54,-20,block_non_hd
8475151,Kyle Palmieri,C,NYI,53,31,block_non_hd
8475151,Kyle Palmieri,C,NYI,39,13,block_non_hd
8475151,Kyle Palmieri,C,NYI,56,25,block_non_hd
8475151,Kyle Palmieri,C,NYI,60,11,block_non_hd
8475151,Kyle Palmieri,C,NYI,50,-29,block_non_hd
8475151,Kyle Palmieri,C,NYI,86,-1,crease_goal
8475151,Kyle Palmieri,C,NYI,48,-37,hit_taken
8475151,Kyle Palmieri,C,NYI,43,40,hit_taken
8475151,Kyle Palmieri,C,NYI,68,37,hit_taken
8475151,Kyle Palmieri,C,NYI,56,38,hit_taken
8475151,Kyle Palmieri,C,NYI,45,-38,hit_thrown
8475151,Kyle Palmieri,C,NYI,81,37,hit_thrown
8475151,Kyle Palmieri,C,NYI,8,-36,hit_thrown
8475151,Kyle Palmieri,C,NYI,93,26,hit_thrown
8475151,Kyle Palmieri,C,NYI,91,27,hit_thrown
8475151,Kyle Palmieri,C,NYI,93,8,hit_thrown
8475151,Kyle Palmieri,C,NYI,6,19,takeaway_other
8475158,Ryan O'Reilly,C,NSH,75,11,block_hd
8475158,Ryan O'Reilly,C,NSH,72,6,block_hd
8475158,Ryan O'Reilly,C,NSH,63,-1,block_non_hd
8475158,Ryan O'Reilly,C,NSH,64,8,block_non_hd
8475158,Ryan O'Reilly,C,NSH,62,-7,block_non_hd
8475158,Ryan O'Reilly,C,NSH,64,-3,block_non_hd
8475158,Ryan O'Reilly,C,NSH,62,-21,block_non_hd
8475158,Ryan O'Reilly,C,NSH,69,-22,dz_faceoff_win
8475158,Ryan O'Reilly,C,NSH,69,-22,dz_faceoff_win
8475158,Ryan O'Reilly,C,NSH,69,-22,dz_faceoff_win
8475158,Ryan O'Reilly,C,NSH,69,22,dz_faceoff_win
8475158,Ryan O'Reilly,C,NSH,69,-22,dz_faceoff_win
8475158,Ryan O'Reilly,C,NSH,69,-22,dz_faceoff_win
8475158,Ryan O'Reilly,C,NSH,69,-22,dz_faceoff_win
8475158,Ryan O'Reilly,C,NSH,69,-22,dz_faceoff_win
8475158,Ryan O'Reilly,C,NSH,69,-22,dz_faceoff_win
8475158,Ryan O'Reilly,C,NSH,69,-22,dz_faceoff_win
8475158,Ryan O'Reilly,C,NSH,69,22,dz_faceoff_win
8475158,Ryan O'Reilly,C,NSH,69,-22,dz_faceoff_win
8475158,Ryan O'Reilly,C,NSH,69,-22,dz_faceoff_win
8475158,Ryan O'Reilly,C,NSH,69,-22,dz_faceoff_win
8475158,Ryan O'Reilly,C,NSH,69,-22,dz_faceoff_win
8475158,Ryan O'Reilly,C,NSH,40,30,hit_taken
8475158,Ryan O'Reilly,C,NSH,96,-20,hit_taken
8475158,Ryan O'Reilly,C,NSH,16,41,hit_taken
8475158,Ryan O'Reilly,C,NSH,9,38,hit_taken
8475158,Ryan O'Reilly,C,NSH,50,-35,hit_taken
8475158,Ryan O'Reilly,C,NSH,58,37,hit_taken
8475158,Ryan O'Reilly,C,NSH,84,-38,hit_taken
8475158,Ryan O'Reilly,C,NSH,38,39,hit_taken
8475158,Ryan O'Reilly,C,NSH,83,-35,hit_taken
8475158,Ryan O'Reilly,C,NSH,55,-39,hit_taken
8475158,Ryan O'Reilly,C,NSH,65,-38,hit_taken
8475158,Ryan O'Reilly,C,NSH,50,40,hit_taken
8475158,Ryan O'Reilly,C,NSH,81,-39,hit_taken
8475158,Ryan O'Reilly,C,NSH,44,-41,hit_thrown
8475158,Ryan O'Reilly,C,NSH,60,-3,takeaway_other
8475158,Ryan O'Reilly,C,NSH,59,-8,takeaway_other
8475158,Ryan O'Reilly,C,NSH,17,2,takeaway_other
8475158,Ryan O'Reilly,C,NSH,81,39,takeaway_other
8475166,John Tavares,C,TOR,80,-3,block_hd
8475166,John Tavares,C,TOR,79,2,block_hd
8475166,John Tavares,C,TOR,77,3,block_hd
8475166,John Tavares,C,TOR,75,-7,block_hd
8475166,John Tavares,C,TOR,85,0,block_hd
8475166,John Tavares,C,TOR,71,4,block_hd
8475166,John Tavares,C,TOR,65,4,block_non_hd
8475166,John Tavares,C,TOR,77,19,block_non_hd
8475166,John Tavares,C,TOR,69,-22,dz_faceoff_win
8475166,John Tavares,C,TOR,69,-22,dz_faceoff_win
8475166,John Tavares,C,TOR,69,22,dz_faceoff_win
8475166,John Tavares,C,TOR,69,22,dz_faceoff_win
8475166,John Tavares,C,TOR,69,22,dz_faceoff_win
8475166,John Tavares,C,TOR,69,22,dz_faceoff_win
8475166,John Tavares,C,TOR,69,-22,dz_faceoff_win
8475166,John Tavares,C,TOR,69,22,dz_faceoff_win
8475166,John Tavares,C,TOR,69,22,dz_faceoff_win
8475166,John Tavares,C,TOR,69,-22,dz_faceoff_win
8475166,John Tavares,C,TOR,69,-22,dz_faceoff_win
8475166,John Tavares,C,TOR,69,-22,dz_faceoff_win
8475166,John Tavares,C,TOR,69,-22,dz_faceoff_win
8475166,John Tavares,C,TOR,69,22,dz_faceoff_win
8475166,John Tavares,C,TOR,69,22,dz_faceoff_win
8475166,John Tavares,C,TOR,69,-22,dz_faceoff_win
8475166,John Tavares,C,TOR,69,-22,dz_faceoff_win
8475166,John Tavares,C,TOR,69,-22,dz_faceoff_win
8475166,John Tavares,C,TOR,69,-22,dz_faceoff_win
8475166,John Tavares,C,TOR,69,22,dz_faceoff_win
8475166,John Tavares,C,TOR,69,22,dz_faceoff_win
8475166,John Tavares,C,TOR,69,-22,dz_faceoff_win
8475166,John Tavares,C,TOR,69,22,dz_faceoff_win
8475166,John Tavares,C,TOR,69,22,dz_faceoff_win
8475166,John Tavares,C,TOR,69,-22,dz_faceoff_win
8475166,John Tavares,C,TOR,69,22,dz_faceoff_win
8475166,John Tavares,C,TOR,69,22,dz_faceoff_win
8475166,John Tavares,C,TOR,69,-22,dz_faceoff_win
8475166,John Tavares,C,TOR,69,-22,dz_faceoff_win
8475166,John Tavares,C,TOR,69,-22,dz_faceoff_win
8475166,John Tavares,C,TOR,69,22,dz_faceoff_win
8475166,John Tavares,C,TOR,69,-22,dz_faceoff_win
8475166,John Tavares,C,TOR,69,-22,dz_faceoff_win
8475166,John Tavares,C,TOR,60,36,hit_taken
8475166,John Tavares,C,TOR,72,39,hit_taken
8475166,John Tavares,C,TOR,93,22,hit_taken
8475166,John Tavares,C,TOR,42,37,hit_taken
8475166,John Tavares,C,TOR,54,-32,hit_taken
8475166,John Tavares,C,TOR,54,-35,hit_taken
8475166,John Tavares,C,TOR,67,34,hit_taken
8475166,John Tavares,C,TOR,22,12,hit_taken
8475166,John Tavares,C,TOR,70,40,hit_taken
8475166,John Tavares,C,TOR,65,-40,hit_taken
8475166,John Tavares,C,TOR,14,32,hit_taken
8475166,John Tavares,C,TOR,93,28,hit_taken
8475166,John Tavares,C,TOR,54,-7,hit_taken
8475166,John Tavares,C,TOR,48,37,hit_taken
8475166,John Tavares,C,TOR,75,36,hit_taken
8475166,John Tavares,C,TOR,98,8,hit_taken
8475166,John Tavares,C,TOR,38,-39,hit_taken
8475166,John Tavares,C,TOR,27,38,hit_taken
8475166,John Tavares,C,TOR,34,41,hit_taken
8475166,John Tavares,C,TOR,76,-34,hit_taken
8475166,John Tavares,C,TOR,64,-37,hit_thrown
8475166,John Tavares,C,TOR,91,-21,hit_thrown
8475166,John Tavares,C,TOR,96,8,hit_thrown
8475166,John Tavares,C,TOR,42,38,hit_thrown
8475166,John Tavares,C,TOR,95,-8,hit_thrown
8475166,John Tavares,C,TOR,91,14,hit_thrown
8475166,John Tavares,C,TOR,14,-37,hit_thrown
8475166,John Tavares,C,TOR,97,-18,hit_thrown
8475166,John Tavares,C,TOR,63,40,hit_thrown
8475166,John Tavares,C,TOR,29,-40,hit_thrown
8475166,John Tavares,C,TOR,88,-34,hit_thrown
8475166,John Tavares,C,TOR,7,-9,hit_thrown
8475166,John Tavares,C,TOR,6,40,hit_thrown
8475166,John Tavares,C,TOR,45,38,hit_thrown
8475166,John Tavares,C,TOR,98,8,hit_thrown
8475166,John Tavares,C,TOR,99,7,hit_thrown
8475166,John Tavares,C,TOR,87,33,hit_thrown
8475166,John Tavares,C,TOR,92,-16,hit_thrown
8475166,John Tavares,C,TOR,21,-39,hit_thrown
8475166,John Tavares,C,TOR,96,18,hit_thrown
8475166,John Tavares,C,TOR,92,-30,hit_thrown
8475166,John Tavares,C,TOR,93,29,hit_thrown
8475166,John Tavares,C,TOR,55,-38,hit_thrown
8475166,John Tavares,C,TOR,14,36,hit_thrown
8475166,John Tavares,C,TOR,95,-21,hit_thrown
8475166,John Tavares,C,TOR,90,-34,hit_thrown
8475166,John Tavares,C,TOR,95,-10,hit_thrown
8475166,John Tavares,C,TOR,81,36,hit_thrown
8475166,John Tavares,C,TOR,24,-34,hit_thrown
8475166,John Tavares,C,TOR,61,-37,hit_thrown
8475166,John Tavares,C,TOR,58,-36,hit_thrown
8475166,John Tavares,C,TOR,67,39,hit_thrown
8475166,John Tavares,C,TOR,84,-36,hit_thrown
8475166,John Tavares,C,TOR,43,-37,hit_thrown
8475166,John Tavares,C,TOR,13,-20,takeaway_other
8475166,John Tavares,C,TOR,34,-17,takeaway_other
8475166,John Tavares,C,TOR,86,-35,takeaway_other
8475166,John Tavares,C,TOR,53,-33,takeaway_other
8475166,John Tavares,C,TOR,37,19,takeaway_other
8475166,John Tavares,C,TOR,75,-33,takeaway_other
8475166,John Tavares,C,TOR,45,38,takeaway_other
8475167,Victor Hedman,D,TBL,85,0,block_hd
8475167,Victor Hedman,D,TBL,81,1,block_hd
8475167,Victor Hedman,D,TBL,77,14,block_hd
8475167,Victor Hedman,D,TBL,85,9,block_hd
8475167,Victor Hedman,D,TBL,82,-4,block_hd
8475167,Victor Hedman,D,TBL,63,-13,block_non_hd
8475167,Victor Hedman,D,TBL,63,17,block_non_hd
8475167,Victor Hedman,D,TBL,87,-22,block_non_hd
8475167,Victor Hedman,D,TBL,26,-5,block_non_hd
8475167,Victor Hedman,D,TBL,96,-10,hit_taken
8475167,Victor Hedman,D,TBL,64,-41,hit_taken
8475167,Victor Hedman,D,TBL,79,-39,hit_taken
8475167,Victor Hedman,D,TBL,61,-40,hit_taken
8475167,Victor Hedman,D,TBL,54,-37,hit_taken
8475167,Victor Hedman,D,TBL,95,-24,hit_taken
8475167,Victor Hedman,D,TBL,17,40,hit_taken
8475167,Victor Hedman,D,TBL,99,-13,hit_taken
8475167,Victor Hedman,D,TBL,53,39,hit_taken
8475167,Victor Hedman,D,TBL,95,-4,hit_taken
8475167,Victor Hedman,D,TBL,87,-34,hit_taken
8475167,Victor Hedman,D,TBL,95,-9,hit_taken
8475167,Victor Hedman,D,TBL,38,-39,hit_thrown
8475167,Victor Hedman,D,TBL,31,-39,hit_thrown
8475167,Victor Hedman,D,TBL,95,1,hit_thrown
8475167,Victor Hedman,D,TBL,44,40,hit_thrown
8475167,Victor Hedman,D,TBL,96,-19,hit_thrown
8475167,Victor Hedman,D,TBL,21,-40,hit_thrown
8475167,Victor Hedman,D,TBL,8,41,hit_thrown
8475167,Victor Hedman,D,TBL,46,37,hit_thrown
8475167,Victor Hedman,D,TBL,57,-39,hit_thrown
8475167,Victor Hedman,D,TBL,95,-14,hit_thrown
8475167,Victor Hedman,D,TBL,96,-8,takeaway_hd
8475167,Victor Hedman,D,TBL,56,-28,takeaway_other
8475167,Victor Hedman,D,TBL,48,-26,takeaway_other
8475168,Matt Duchene,C,DAL,70,-9,block_hd
8475168,Matt Duchene,C,DAL,70,-14,block_hd
8475168,Matt Duchene,C,DAL,72,-15,block_hd
8475168,Matt Duchene,C,DAL,81,-17,block_hd
8475168,Matt Duchene,C,DAL,65,25,block_non_hd
8475168,Matt Duchene,C,DAL,72,37,block_non_hd
8475168,Matt Duchene,C,DAL,69,23,block_non_hd
8475168,Matt Duchene,C,DAL,59,4,block_non_hd
8475168,Matt Duchene,C,DAL,53,-22,block_non_hd
8475168,Matt Duchene,C,DAL,69,-12,block_non_hd
8475168,Matt Duchene,C,DAL,51,25,block_non_hd
8475168,Matt Duchene,C,DAL,60,-5,block_non_hd
8475168,Matt Duchene,C,DAL,45,-32,block_non_hd
8475168,Matt Duchene,C,DAL,63,-22,block_non_hd
8475168,Matt Duchene,C,DAL,50,-14,block_non_hd
8475168,Matt Duchene,C,DAL,40,-5,block_non_hd
8475168,Matt Duchene,C,DAL,69,25,block_non_hd
8475168,Matt Duchene,C,DAL,56,23,block_non_hd
8475168,Matt Duchene,C,DAL,51,-28,block_non_hd
8475168,Matt Duchene,C,DAL,51,29,block_non_hd
8475168,Matt Duchene,C,DAL,52,-9,block_non_hd
8475168,Matt Duchene,C,DAL,80,4,crease_goal
8475168,Matt Duchene,C,DAL,82,-9,crease_goal
8475168,Matt Duchene,C,DAL,69,-22,dz_faceoff_win
8475168,Matt Duchene,C,DAL,69,-22,dz_faceoff_win
8475168,Matt Duchene,C,DAL,69,-22,dz_faceoff_win
8475168,Matt Duchene,C,DAL,69,-22,dz_faceoff_win
8475168,Matt Duchene,C,DAL,69,-22,dz_faceoff_win
8475168,Matt Duchene,C,DAL,69,-22,dz_faceoff_win
8475168,Matt Duchene,C,DAL,69,-22,dz_faceoff_win
8475168,Matt Duchene,C,DAL,69,-22,dz_faceoff_win
8475168,Matt Duchene,C,DAL,69,-22,dz_faceoff_win
8475168,Matt Duchene,C,DAL,69,-22,dz_faceoff_win
8475168,Matt Duchene,C,DAL,69,-22,dz_faceoff_win
8475168,Matt Duchene,C,DAL,69,-22,dz_faceoff_win
8475168,Matt Duchene,C,DAL,69,-22,dz_faceoff_win
8475168,Matt Duchene,C,DAL,69,-22,dz_faceoff_win
8475168,Matt Duchene,C,DAL,69,-22,dz_faceoff_win
8475168,Matt Duchene,C,DAL,69,-22,dz_faceoff_win
8475168,Matt Duchene,C,DAL,69,-22,dz_faceoff_win
8475168,Matt Duchene,C,DAL,69,-22,dz_faceoff_win
8475168,Matt Duchene,C,DAL,69,-22,dz_faceoff_win
8475168,Matt Duchene,C,DAL,69,-22,dz_faceoff_win
8475168,Matt Duchene,C,DAL,69,-22,dz_faceoff_win
8475168,Matt Duchene,C,DAL,69,-22,dz_faceoff_win
8475168,Matt Duchene,C,DAL,69,-22,dz_faceoff_win
8475168,Matt Duchene,C,DAL,69,-22,dz_faceoff_win
8475168,Matt Duchene,C,DAL,87,35,hit_taken
8475168,Matt Duchene,C,DAL,91,-29,hit_taken
8475168,Matt Duchene,C,DAL,93,30,hit_taken
8475168,Matt Duchene,C,DAL,75,39,hit_taken
8475168,Matt Duchene,C,DAL,92,25,hit_taken
8475168,Matt Duchene,C,DAL,96,-27,hit_taken
8475168,Matt Duchene,C,DAL,91,30,hit_taken
8475168,Matt Duchene,C,DAL,22,17,hit_taken
8475168,Matt Duchene,C,DAL,84,-37,hit_taken
8475168,Matt Duchene,C,DAL,12,-38,hit_taken
8475168,Matt Duchene,C,DAL,10,-40,hit_taken
8475168,Matt Duchene,C,DAL,88,-36,hit_taken
8475168,Matt Duchene,C,DAL,83,-37,hit_taken
8475168,Matt Duchene,C,DAL,11,-39,hit_taken
8475168,Matt Duchene,C,DAL,89,-32,hit_taken
8475168,Matt Duchene,C,DAL,87,-34,hit_taken
8475168,Matt Duchene,C,DAL,71,40,hit_taken
8475168,Matt Duchene,C,DAL,94,26,hit_taken
8475168,Matt Duchene,C,DAL,5,39,hit_taken
8475168,Matt Duchene,C,DAL,19,-39,hit_taken
8475168,Matt Duchene,C,DAL,64,40,hit_taken
8475168,Matt Duchene,C,DAL,21,39,hit_taken
8475168,Matt Duchene,C,DAL,64,-38,hit_taken
8475168,Matt Duchene,C,DAL,21,37,hit_taken
8475168,Matt Duchene,C,DAL,57,-38,hit_taken
8475168,Matt Duchene,C,DAL,44,-33,hit_taken
8475168,Matt Duchene,C,DAL,98,-9,hit_taken
8475168,Matt Duchene,C,DAL,1,-35,hit_taken
8475168,Matt Duchene,C,DAL,96,-10,hit_taken
8475168,Matt Duchene,C,DAL,67,-12,hit_taken
8475168,Matt Duchene,C,DAL,59,40,hit_taken
8475168,Matt Duchene,C,DAL,92,-28,hit_taken
8475168,Matt Duchene,C,DAL,66,33,hit_taken
8475168,Matt Duchene,C,DAL,97,-1,hit_taken
8475168,Matt Duchene,C,DAL,96,12,hit_taken
8475168,Matt Duchene,C,DAL,78,-40,hit_taken
8475168,Matt Duchene,C,DAL,9,-37,hit_taken
8475168,Matt Duchene,C,DAL,89,-31,hit_taken
8475168,Matt Duchene,C,DAL,99,-7,hit_thrown
8475168,Matt Duchene,C,DAL,93,-27,hit_thrown
8475168,Matt Duchene,C,DAL,60,-40,hit_thrown
8475168,Matt Duchene,C,DAL,12,-32,hit_thrown
8475168,Matt Duchene,C,DAL,3,-41,hit_thrown
8475168,Matt Duchene,C,DAL,53,-35,hit_thrown
8475168,Matt Duchene,C,DAL,91,30,hit_thrown
8475168,Matt Duchene,C,DAL,34,-40,hit_thrown
8475168,Matt Duchene,C,DAL,97,-24,hit_thrown
8475168,Matt Duchene,C,DAL,93,32,hit_thrown
8475168,Matt Duchene,C,DAL,93,-31,hit_thrown
8475168,Matt Duchene,C,DAL,33,1,hit_thrown
8475168,Matt Duchene,C,DAL,63,-37,hit_thrown
8475168,Matt Duchene,C,DAL,85,32,hit_thrown
8475168,Matt Duchene,C,DAL,98,7,hit_thrown
8475168,Matt Duchene,C,DAL,94,26,hit_thrown
8475168,Matt Duchene,C,DAL,89,-33,hit_thrown
8475168,Matt Duchene,C,DAL,59,-40,hit_thrown
8475168,Matt Duchene,C,DAL,63,40,hit_thrown
8475168,Matt Duchene,C,DAL,85,-13,takeaway_hd
8475168,Matt Duchene,C,DAL,81,33,takeaway_other
8475168,Matt Duchene,C,DAL,16,-8,takeaway_other
8475168,Matt Duchene,C,DAL,46,32,takeaway_other
8475168,Matt Duchene,C,DAL,18,-29,takeaway_other
8475168,Matt Duchene,C,DAL,24,38,takeaway_other
8475168,Matt Duchene,C,DAL,48,22,takeaway_other
8475168,Matt Duchene,C,DAL,35,-32,takeaway_other
8475168,Matt Duchene,C,DAL,13,32,takeaway_other
8475168,Matt Duchene,C,DAL,51,-34,takeaway_other
8475168,Matt Duchene,C,DAL,54,-28,takeaway_other
8475168,Matt Duchene,C,DAL,19,38,takeaway_other
8475168,Matt Duchene,C,DAL,63,-16,takeaway_other
8475168,Matt Duchene,C,DAL,40,-39,takeaway_other
8475168,Matt Duchene,C,DAL,23,-38,takeaway_other
8475168,Matt Duchene,C,DAL,88,-34,takeaway_other
8475169,Evander Kane,L,EDM,85,4,block_hd
8475169,Evander Kane,L,EDM,66,0,block_non_hd
8475169,Evander Kane,L,EDM,55,-10,block_non_hd
8475169,Evander Kane,L,EDM,66,-19,block_non_hd
8475169,Evander Kane,L,EDM,45,-20,block_non_hd
8475169,Evander Kane,L,EDM,68,15,block_non_hd
8475169,Evander Kane,L,EDM,34,-19,block_non_hd
8475169,Evander Kane,L,EDM,45,-26,block_non_hd
8475169,Evander Kane,L,EDM,77,11,hit_taken
8475169,Evander Kane,L,EDM,99,-14,hit_taken
8475169,Evander Kane,L,EDM,97,23,hit_taken
8475169,Evander Kane,L,EDM,90,31,hit_taken
8475169,Evander Kane,L,EDM,79,-34,hit_taken
8475169,Evander Kane,L,EDM,99,-3,hit_taken
8475169,Evander Kane,L,EDM,16,-37,hit_taken
8475169,Evander Kane,L,EDM,34,41,hit_taken
8475169,Evander Kane,L,EDM,68,-39,hit_taken
8475169,Evander Kane,L,EDM,62,41,hit_taken
8475169,Evander Kane,L,EDM,17,41,hit_taken
8475169,Evander Kane,L,EDM,65,39,hit_taken
8475169,Evander Kane,L,EDM,36,-40,hit_taken
8475169,Evander Kane,L,EDM,35,-40,hit_taken
8475169,Evander Kane,L,EDM,64,40,hit_taken
8475169,Evander Kane,L,EDM,25,37,hit_taken
8475169,Evander Kane,L,EDM,12,-40,hit_taken
8475169,Evander Kane,L,EDM,98,-16,hit_taken
8475169,Evander Kane,L,EDM,2,38,hit_taken
8475169,Evander Kane,L,EDM,43,39,hit_taken
8475169,Evander Kane,L,EDM,89,-36,hit_taken
8475169,Evander Kane,L,EDM,50,-40,hit_taken
8475169,Evander Kane,L,EDM,90,34,hit_taken
8475169,Evander Kane,L,EDM,13,-37,hit_taken
8475169,Evander Kane,L,EDM,6,-39,hit_taken
8475169,Evander Kane,L,EDM,38,38,hit_taken
8475169,Evander Kane,L,EDM,59,-40,hit_taken
8475169,Evander Kane,L,EDM,16,-39,hit_taken
8475169,Evander Kane,L,EDM,18,35,hit_taken
8475169,Evander Kane,L,EDM,94,-9,hit_taken
8475169,Evander Kane,L,EDM,90,31,hit_taken
8475169,Evander Kane,L,EDM,84,36,hit_taken
8475169,Evander Kane,L,EDM,89,-30,hit_taken
8475169,Evander Kane,L,EDM,37,37,hit_taken
8475169,Evander Kane,L,EDM,29,40,hit_taken
8475169,Evander Kane,L,EDM,95,15,hit_taken
8475169,Evander Kane,L,EDM,37,15,hit_taken
8475169,Evander Kane,L,EDM,43,38,hit_taken
8475169,Evander Kane,L,EDM,85,-37,hit_taken
8475169,Evander Kane,L,EDM,94,-28,hit_taken
8475169,Evander Kane,L,EDM,89,26,hit_taken
8475169,Evander Kane,L,EDM,98,1,hit_taken
8475169,Evander Kane,L,EDM,75,39,hit_taken
8475169,Evander Kane,L,EDM,59,41,hit_taken
8475169,Evander Kane,L,EDM,92,31,hit_taken
8475169,Evander Kane,L,EDM,91,-31,hit_taken
8475169,Evander Kane,L,EDM,96,15,hit_taken
8475169,Evander Kane,L,EDM,34,-36,hit_taken
8475169,Evander Kane,L,EDM,2,40,hit_taken
8475169,Evander Kane,L,EDM,63,-41,hit_taken
8475169,Evander Kane,L,EDM,49,29,hit_taken
8475169,Evander Kane,L,EDM,15,-40,hit_taken
8475169,Evander Kane,L,EDM,86,-35,hit_taken
8475169,Evander Kane,L,EDM,19,-39,hit_taken
8475169,Evander Kane,L,EDM,39,39,hit_taken
8475169,Evander Kane,L,EDM,78,-3,hit_thrown
8475169,Evander Kane,L,EDM,79,39,hit_thrown
8475169,Evander Kane,L,EDM,94,-11,hit_thrown
8475169,Evander Kane,L,EDM,98,8,hit_thrown
8475169,Evander Kane,L,EDM,97,-19,hit_thrown
8475169,Evander Kane,L,EDM,14,41,hit_thrown
8475169,Evander Kane,L,EDM,90,31,hit_thrown
8475169,Evander Kane,L,EDM,95,21,hit_thrown
8475169,Evander Kane,L,EDM,85,37,hit_thrown
8475169,Evander Kane,L,EDM,60,-40,hit_thrown
8475169,Evander Kane,L,EDM,47,40,hit_thrown
8475169,Evander Kane,L,EDM,97,17,hit_thrown
8475169,Evander Kane,L,EDM,91,-35,hit_thrown
8475169,Evander Kane,L,EDM,88,-30,hit_thrown
8475169,Evander Kane,L,EDM,18,-38,hit_thrown
8475169,Evander Kane,L,EDM,76,36,hit_thrown
8475169,Evander Kane,L,EDM,70,39,hit_thrown
8475169,Evander Kane,L,EDM,32,-40,hit_thrown
8475169,Evander Kane,L,EDM,91,34,hit_thrown
8475169,Evander Kane,L,EDM,97,4,hit_thrown
8475169,Evander Kane,L,EDM,43,-42,hit_thrown
8475169,Evander Kane,L,EDM,53,-40,hit_thrown
8475169,Evander Kane,L,EDM,55,-39,hit_thrown
8475169,Evander Kane,L,EDM,47,-40,hit_thrown
8475169,Evander Kane,L,EDM,17,-40,hit_thrown
8475169,Evander Kane,L,EDM,98,-10,hit_thrown
8475169,Evander Kane,L,EDM,65,-41,hit_thrown
8475169,Evander Kane,L,EDM,93,30,hit_thrown
8475169,Evander Kane,L,EDM,97,13,hit_thrown
8475169,Evander Kane,L,EDM,73,-38,hit_thrown
8475169,Evander Kane,L,EDM,83,-34,hit_thrown
8475169,Evander Kane,L,EDM,94,-25,hit_thrown
8475169,Evander Kane,L,EDM,96,-16,hit_thrown
8475169,Evander Kane,L,EDM,32,-38,hit_thrown
8475169,Evander Kane,L,EDM,49,36,hit_thrown
8475169,Evander Kane,L,EDM,60,-36,hit_thrown
8475169,Evander Kane,L,EDM,76,38,hit_thrown
8475169,Evander Kane,L,EDM,98,0,hit_thrown
8475169,Evander Kane,L,EDM,95,-4,hit_thrown
8475169,Evander Kane,L,EDM,99,-8,hit_thrown
8475169,Evander Kane,L,EDM,48,-39,hit_thrown
8475169,Evander Kane,L,EDM,96,6,hit_thrown
8475169,Evander Kane,L,EDM,96,18,hit_thrown
8475169,Evander Kane,L,EDM,30,40,hit_thrown
8475169,Evander Kane,L,EDM,58,41,hit_thrown
8475169,Evander Kane,L,EDM,86,28,hit_thrown
8475169,Evander Kane,L,EDM,94,28,hit_thrown
8475169,Evander Kane,L,EDM,92,-30,hit_thrown
8475169,Evander Kane,L,EDM,93,30,hit_thrown
8475169,Evander Kane,L,EDM,95,-26,hit_thrown
8475169,Evander Kane,L,EDM,99,6,hit_thrown
8475169,Evander Kane,L,EDM,78,-36,hit_thrown
8475169,Evander Kane,L,EDM,72,-40,hit_thrown
8475169,Evander Kane,L,EDM,96,-1,hit_thrown
8475169,Evander Kane,L,EDM,74,39,hit_thrown
8475169,Evander Kane,L,EDM,96,15,hit_thrown
8475169,Evander Kane,L,EDM,93,-26,hit_thrown
8475169,Evander Kane,L,EDM,12,-39,hit_thrown
8475169,Evander Kane,L,EDM,97,3,hit_thrown
8475169,Evander Kane,L,EDM,75,33,hit_thrown
8475169,Evander Kane,L,EDM,85,-34,hit_thrown
8475169,Evander Kane,L,EDM,0,39,hit_thrown
8475169,Evander Kane,L,EDM,14,38,hit_thrown
8475169,Evander Kane,L,EDM,97,-12,hit_thrown
8475169,Evander Kane,L,EDM,72,39,takeaway_other
8475169,Evander Kane,L,EDM,13,38,takeaway_other
8475169,Evander Kane,L,EDM,51,-1,takeaway_other
8475171,Oliver Ekman-Larsson,D,FLA,71,3,block_hd
8475171,Oliver Ekman-Larsson,D,FLA,77,-13,block_hd
8475171,Oliver Ekman-Larsson,D,FLA,74,4,block_hd
8475171,Oliver Ekman-Larsson,D,FLA,77,-1,block_hd
8475171,Oliver Ekman-Larsson,D,FLA,78,-4,block_hd
8475171,Oliver Ekman-Larsson,D,FLA,72,-1,block_hd
8475171,Oliver Ekman-Larsson,D,FLA,71,18,block_hd
8475171,Oliver Ekman-Larsson,D,FLA,78,-2,block_hd
8475171,Oliver Ekman-Larsson,D,FLA,76,-5,block_hd
8475171,Oliver Ekman-Larsson,D,FLA,64,-31,block_non_hd
8475171,Oliver Ekman-Larsson,D,FLA,63,-12,block_non_hd
8475171,Oliver Ekman-Larsson,D,FLA,66,-27,block_non_hd
8475171,Oliver Ekman-Larsson,D,FLA,67,-2,block_non_hd
8475171,Oliver Ekman-Larsson,D,FLA,51,11,block_non_hd
8475171,Oliver Ekman-Larsson,D,FLA,74,-29,block_non_hd
8475171,Oliver Ekman-Larsson,D,FLA,59,20,block_non_hd
8475171,Oliver Ekman-Larsson,D,FLA,48,-23,block_non_hd
8475171,Oliver Ekman-Larsson,D,FLA,68,11,block_non_hd
8475171,Oliver Ekman-Larsson,D,FLA,99,-1,hit_taken
8475171,Oliver Ekman-Larsson,D,FLA,97,-8,hit_taken
8475171,Oliver Ekman-Larsson,D,FLA,88,-35,hit_taken
8475171,Oliver Ekman-Larsson,D,FLA,91,-30,hit_taken
8475171,Oliver Ekman-Larsson,D,FLA,0,-40,hit_taken
8475171,Oliver Ekman-Larsson,D,FLA,97,-20,hit_taken
8475171,Oliver Ekman-Larsson,D,FLA,12,40,hit_taken
8475171,Oliver Ekman-Larsson,D,FLA,88,27,hit_taken
8475171,Oliver Ekman-Larsson,D,FLA,92,-27,hit_taken
8475171,Oliver Ekman-Larsson,D,FLA,93,23,hit_taken
8475171,Oliver Ekman-Larsson,D,FLA,97,-11,hit_taken
8475171,Oliver Ekman-Larsson,D,FLA,97,-14,hit_taken
8475171,Oliver Ekman-Larsson,D,FLA,96,16,hit_taken
8475171,Oliver Ekman-Larsson,D,FLA,97,-9,hit_taken
8475171,Oliver Ekman-Larsson,D,FLA,95,-9,hit_taken
8475171,Oliver Ekman-Larsson,D,FLA,98,-9,hit_taken
8475171,Oliver Ekman-Larsson,D,FLA,37,-37,hit_taken
8475171,Oliver Ekman-Larsson,D,FLA,77,35,hit_taken
8475171,Oliver Ekman-Larsson,D,FLA,95,-29,hit_taken
8475171,Oliver Ekman-Larsson,D,FLA,57,41,hit_taken
8475171,Oliver Ekman-Larsson,D,FLA,65,-41,hit_taken
8475171,Oliver Ekman-Larsson,D,FLA,11,-32,hit_taken
8475171,Oliver Ekman-Larsson,D,FLA,10,38,hit_taken
8475171,Oliver Ekman-Larsson,D,FLA,5,37,hit_taken
8475171,Oliver Ekman-Larsson,D,FLA,74,39,hit_taken
8475171,Oliver Ekman-Larsson,D,FLA,96,-24,hit_taken
8475171,Oliver Ekman-Larsson,D,FLA,87,-36,hit_taken
8475171,Oliver Ekman-Larsson,D,FLA,96,-9,hit_taken
8475171,Oliver Ekman-Larsson,D,FLA,94,24,hit_taken
8475171,Oliver Ekman-Larsson,D,FLA,98,-8,hit_taken
8475171,Oliver Ekman-Larsson,D,FLA,91,31,hit_taken
8475171,Oliver Ekman-Larsson,D,FLA,39,38,hit_taken
8475171,Oliver Ekman-Larsson,D,FLA,94,-13,hit_taken
8475171,Oliver Ekman-Larsson,D,FLA,88,-34,hit_taken
8475171,Oliver Ekman-Larsson,D,FLA,96,-23,hit_taken
8475171,Oliver Ekman-Larsson,D,FLA,91,-15,hit_taken
8475171,Oliver Ekman-Larsson,D,FLA,97,16,hit_taken
8475171,Oliver Ekman-Larsson,D,FLA,47,-39,hit_taken
8475171,Oliver Ekman-Larsson,D,FLA,98,-16,hit_taken
8475171,Oliver Ekman-Larsson,D,FLA,43,-38,hit_taken
8475171,Oliver Ekman-Larsson,D,FLA,94,-26,hit_taken
8475171,Oliver Ekman-Larsson,D,FLA,90,-31,hit_taken
8475171,Oliver Ekman-Larsson,D,FLA,94,-13,hit_taken
8475171,Oliver Ekman-Larsson,D,FLA,97,18,hit_taken
8475171,Oliver Ekman-Larsson,D,FLA,94,27,hit_taken
8475171,Oliver Ekman-Larsson,D,FLA,46,-37,hit_taken
8475171,Oliver Ekman-Larsson,D,FLA,60,37,hit_taken
8475171,Oliver Ekman-Larsson,D,FLA,61,37,hit_taken
8475171,Oliver Ekman-Larsson,D,FLA,96,9,hit_taken
8475171,Oliver Ekman-Larsson,D,FLA,79,40,hit_thrown
8475171,Oliver Ekman-Larsson,D,FLA,54,-35,hit_thrown
8475171,Oliver Ekman-Larsson,D,FLA,40,-37,hit_thrown
8475171,Oliver Ekman-Larsson,D,FLA,27,-38,hit_thrown
8475171,Oliver Ekman-Larsson,D,FLA,92,-28,hit_thrown
8475171,Oliver Ekman-Larsson,D,FLA,93,-28,hit_thrown
8475171,Oliver Ekman-Larsson,D,FLA,90,-9,hit_thrown
8475171,Oliver Ekman-Larsson,D,FLA,95,11,hit_thrown
8475171,Oliver Ekman-Larsson,D,FLA,2,39,hit_thrown
8475171,Oliver Ekman-Larsson,D,FLA,97,14,hit_thrown
8475171,Oliver Ekman-Larsson,D,FLA,45,-37,hit_thrown
8475171,Oliver Ekman-Larsson,D,FLA,94,-28,hit_thrown
8475171,Oliver Ekman-Larsson,D,FLA,97,-17,hit_thrown
8475171,Oliver Ekman-Larsson,D,FLA,14,-40,hit_thrown
8475171,Oliver Ekman-Larsson,D,FLA,86,-36,hit_thrown
8475171,Oliver Ekman-Larsson,D,FLA,5,10,hit_thrown
8475171,Oliver Ekman-Larsson,D,FLA,93,-26,hit_thrown
8475171,Oliver Ekman-Larsson,D,FLA,12,-40,hit_thrown
8475171,Oliver Ekman-Larsson,D,FLA,96,-9,hit_thrown
8475171,Oliver Ekman-Larsson,D,FLA,15,38,hit_thrown
8475171,Oliver Ekman-Larsson,D,FLA,97,-13,hit_thrown
8475171,Oliver Ekman-Larsson,D,FLA,96,-22,hit_thrown
8475171,Oliver Ekman-Larsson,D,FLA,3,36,hit_thrown
8475171,Oliver Ekman-Larsson,D,FLA,16,-37,hit_thrown
8475171,Oliver Ekman-Larsson,D,FLA,8,-27,hit_thrown
8475171,Oliver Ekman-Larsson,D,FLA,28,-35,hit_thrown
8475171,Oliver Ekman-Larsson,D,FLA,97,-8,hit_thrown
8475171,Oliver Ekman-Larsson,D,FLA,40,40,hit_thrown
8475171,Oliver Ekman-Larsson,D,FLA,97,-14,hit_thrown
8475171,Oliver Ekman-Larsson,D,FLA,93,27,hit_thrown
8475171,Oliver Ekman-Larsson,D,FLA,82,36,hit_thrown
8475171,Oliver Ekman-Larsson,D,FLA,56,39,hit_thrown
8475171,Oliver Ekman-Larsson,D,FLA,96,13,hit_thrown
8475171,Oliver Ekman-Larsson,D,FLA,86,34,hit_thrown
8475171,Oliver Ekman-Larsson,D,FLA,9,39,hit_thrown
8475171,Oliver Ekman-Larsson,D,FLA,98,18,hit_thrown
8475171,Oliver Ekman-Larsson,D,FLA,5,-40,hit_thrown
8475171,Oliver Ekman-Larsson,D,FLA,97,5,hit_thrown
8475171,Oliver Ekman-Larsson,D,FLA,92,-31,hit_thrown
8475171,Oliver Ekman-Larsson,D,FLA,16,-37,hit_thrown
8475171,Oliver Ekman-Larsson,D,FLA,22,-38,hit_thrown
8475171,Oliver Ekman-Larsson,D,FLA,70,-36,hit_thrown
8475171,Oliver Ekman-Larsson,D,FLA,97,-21,hit_thrown
8475171,Oliver Ekman-Larsson,D,FLA,87,31,hit_thrown
8475171,Oliver Ekman-Larsson,D,FLA,91,-30,hit_thrown
8475171,Oliver Ekman-Larsson,D,FLA,94,-22,hit_thrown
8475171,Oliver Ekman-Larsson,D,FLA,14,-41,hit_thrown
8475171,Oliver Ekman-Larsson,D,FLA,30,40,hit_thrown
8475171,Oliver Ekman-Larsson,D,FLA,29,-40,hit_thrown
8475171,Oliver Ekman-Larsson,D,FLA,66,-39,hit_thrown
8475171,Oliver Ekman-Larsson,D,FLA,34,40,hit_thrown
8475171,Oliver Ekman-Larsson,D,FLA,16,-38,hit_thrown
8475171,Oliver Ekman-Larsson,D,FLA,33,-41,hit_thrown
8475171,Oliver Ekman-Larsson,D,FLA,91,-15,hit_thrown
8475171,Oliver Ekman-Larsson,D,FLA,75,38,hit_thrown
8475171,Oliver Ekman-Larsson,D,FLA,94,25,hit_thrown
8475171,Oliver Ekman-Larsson,D,FLA,84,-31,hit_thrown
8475171,Oliver Ekman-Larsson,D,FLA,74,37,hit_thrown
8475171,Oliver Ekman-Larsson,D,FLA,28,-40,hit_thrown
8475171,Oliver Ekman-Larsson,D,FLA,29,35,hit_thrown
8475171,Oliver Ekman-Larsson,D,FLA,70,38,hit_thrown
8475171,Oliver Ekman-Larsson,D,FLA,60,38,hit_thrown
8475171,Oliver Ekman-Larsson,D,FLA,95,25,hit_thrown
8475171,Oliver Ekman-Larsson,D,FLA,97,4,hit_thrown
8475171,Oliver Ekman-Larsson,D,FLA,73,-37,hit_thrown
8475171,Oliver Ekman-Larsson,D,FLA,97,-19,takeaway_other
8475171,Oliver Ekman-Larsson,D,FLA,25,0,takeaway_other
8475171,Oliver Ekman-Larsson,D,FLA,35,10,takeaway_other
8475177,Calvin de Haan,D,TBL,79,-3,block_hd
8475177,Calvin de Haan,D,TBL,62,-16,block_non_hd
8475177,Calvin de Haan,D,TBL,96,18,hit_taken
8475177,Calvin de Haan,D,TBL,79,-39,hit_thrown
8475179,Dmitry Kulikov,D,FLA,80,-1,block_hd
8475179,Dmitry Kulikov,D,FLA,82,-3,block_hd
8475179,Dmitry Kulikov,D,FLA,73,-3,block_hd
8475179,Dmitry Kulikov,D,FLA,83,-5,block_hd
8475179,Dmitry Kulikov,D,FLA,73,-17,block_hd
8475179,Dmitry Kulikov,D,FLA,78,-8,block_hd
8475179,Dmitry Kulikov,D,FLA,78,6,block_hd
8475179,Dmitry Kulikov,D,FLA,77,-1,block_hd
8475179,Dmitry Kulikov,D,FLA,85,-2,block_hd
8475179,Dmitry Kulikov,D,FLA,87,-10,block_hd
8475179,Dmitry Kulikov,D,FLA,82,-6,block_hd
8475179,Dmitry Kulikov,D,FLA,82,6,block_hd
8475179,Dmitry Kulikov,D,FLA,75,-6,block_hd
8475179,Dmitry Kulikov,D,FLA,70,-14,block_hd
8475179,Dmitry Kulikov,D,FLA,76,14,block_hd
8475179,Dmitry Kulikov,D,FLA,73,17,block_hd
8475179,Dmitry Kulikov,D,FLA,70,8,block_hd
8475179,Dmitry Kulikov,D,FLA,45,-2,block_non_hd
8475179,Dmitry Kulikov,D,FLA,56,-31,block_non_hd
8475179,Dmitry Kulikov,D,FLA,62,-15,block_non_hd
8475179,Dmitry Kulikov,D,FLA,36,15,block_non_hd
8475179,Dmitry Kulikov,D,FLA,64,-11,block_non_hd
8475179,Dmitry Kulikov,D,FLA,55,-10,block_non_hd
8475179,Dmitry Kulikov,D,FLA,43,23,block_non_hd
8475179,Dmitry Kulikov,D,FLA,64,16,block_non_hd
8475179,Dmitry Kulikov,D,FLA,77,-33,hit_taken
8475179,Dmitry Kulikov,D,FLA,98,6,hit_taken
8475179,Dmitry Kulikov,D,FLA,95,-10,hit_taken
8475179,Dmitry Kulikov,D,FLA,94,-26,hit_taken
8475179,Dmitry Kulikov,D,FLA,39,-37,hit_taken
8475179,Dmitry Kulikov,D,FLA,79,-38,hit_taken
8475179,Dmitry Kulikov,D,FLA,95,-19,hit_taken
8475179,Dmitry Kulikov,D,FLA,89,34,hit_taken
8475179,Dmitry Kulikov,D,FLA,93,26,hit_taken
8475179,Dmitry Kulikov,D,FLA,69,-39,hit_taken
8475179,Dmitry Kulikov,D,FLA,98,23,hit_taken
8475179,Dmitry Kulikov,D,FLA,49,-20,hit_taken
8475179,Dmitry Kulikov,D,FLA,81,34,hit_taken
8475179,Dmitry Kulikov,D,FLA,58,41,hit_taken
8475179,Dmitry Kulikov,D,FLA,97,16,hit_taken
8475179,Dmitry Kulikov,D,FLA,5,-39,hit_taken
8475179,Dmitry Kulikov,D,FLA,45,-38,hit_taken
8475179,Dmitry Kulikov,D,FLA,94,26,hit_taken
8475179,Dmitry Kulikov,D,FLA,97,-9,hit_taken
8475179,Dmitry Kulikov,D,FLA,30,-39,hit_taken
8475179,Dmitry Kulikov,D,FLA,17,-41,hit_taken
8475179,Dmitry Kulikov,D,FLA,95,9,hit_taken
8475179,Dmitry Kulikov,D,FLA,14,40,hit_taken
8475179,Dmitry Kulikov,D,FLA,97,-10,hit_taken
8475179,Dmitry Kulikov,D,FLA,77,-40,hit_taken
8475179,Dmitry Kulikov,D,FLA,63,-39,hit_taken
8475179,Dmitry Kulikov,D,FLA,89,31,hit_taken
8475179,Dmitry Kulikov,D,FLA,97,-6,hit_taken
8475179,Dmitry Kulikov,D,FLA,95,19,hit_taken
8475179,Dmitry Kulikov,D,FLA,83,37,hit_taken
8475179,Dmitry Kulikov,D,FLA,28,-39,hit_taken
8475179,Dmitry Kulikov,D,FLA,4,-39,hit_taken
8475179,Dmitry Kulikov,D,FLA,25,-34,hit_taken
8475179,Dmitry Kulikov,D,FLA,97,-15,hit_taken
8475179,Dmitry Kulikov,D,FLA,13,-1,hit_taken
8475179,Dmitry Kulikov,D,FLA,89,29,hit_taken
8475179,Dmitry Kulikov,D,FLA,95,-10,hit_taken
8475179,Dmitry Kulikov,D,FLA,87,35,hit_taken
8475179,Dmitry Kulikov,D,FLA,97,-6,hit_taken
8475179,Dmitry Kulikov,D,FLA,79,-37,hit_taken
8475179,Dmitry Kulikov,D,FLA,8,-40,hit_taken
8475179,Dmitry Kulikov,D,FLA,94,23,hit_taken
8475179,Dmitry Kulikov,D,FLA,91,30,hit_taken
8475179,Dmitry Kulikov,D,FLA,98,21,hit_taken
8475179,Dmitry Kulikov,D,FLA,92,31,hit_taken
8475179,Dmitry Kulikov,D,FLA,98,-9,hit_taken
8475179,Dmitry Kulikov,D,FLA,53,39,hit_taken
8475179,Dmitry Kulikov,D,FLA,97,4,hit_taken
8475179,Dmitry Kulikov,D,FLA,96,-13,hit_taken
8475179,Dmitry Kulikov,D,FLA,93,-28,hit_taken
8475179,Dmitry Kulikov,D,FLA,93,-30,hit_taken
8475179,Dmitry Kulikov,D,FLA,92,-28,hit_taken
8475179,Dmitry Kulikov,D,FLA,52,40,hit_taken
8475179,Dmitry Kulikov,D,FLA,90,32,hit_taken
8475179,Dmitry Kulikov,D,FLA,94,16,hit_taken
8475179,Dmitry Kulikov,D,FLA,73,-39,hit_taken
8475179,Dmitry Kulikov,D,FLA,93,-27,hit_taken
8475179,Dmitry Kulikov,D,FLA,95,-26,hit_taken
8475179,Dmitry Kulikov,D,FLA,96,-5,hit_taken
8475179,Dmitry Kulikov,D,FLA,95,-20,hit_taken
8475179,Dmitry Kulikov,D,FLA,95,-22,hit_taken
8475179,Dmitry Kulikov,D,FLA,36,33,hit_taken
8475179,Dmitry Kulikov,D,FLA,98,4,hit_taken
8475179,Dmitry Kulikov,D,FLA,95,-27,hit_taken
8475179,Dmitry Kulikov,D,FLA,85,39,hit_taken
8475179,Dmitry Kulikov,D,FLA,94,16,hit_taken
8475179,Dmitry Kulikov,D,FLA,34,40,hit_taken
8475179,Dmitry Kulikov,D,FLA,43,36,hit_taken
8475179,Dmitry Kulikov,D,FLA,14,-38,hit_taken
8475179,Dmitry Kulikov,D,FLA,40,-41,hit_taken
8475179,Dmitry Kulikov,D,FLA,88,-34,hit_taken
8475179,Dmitry Kulikov,D,FLA,98,-19,hit_taken
8475179,Dmitry Kulikov,D,FLA,54,-38,hit_taken
8475179,Dmitry Kulikov,D,FLA,97,8,hit_thrown
8475179,Dmitry Kulikov,D,FLA,96,5,hit_thrown
8475179,Dmitry Kulikov,D,FLA,75,40,hit_thrown
8475179,Dmitry Kulikov,D,FLA,75,-38,hit_thrown
8475179,Dmitry Kulikov,D,FLA,98,3,hit_thrown
8475179,Dmitry Kulikov,D,FLA,91,-33,hit_thrown
8475179,Dmitry Kulikov,D,FLA,48,37,hit_thrown
8475179,Dmitry Kulikov,D,FLA,80,36,hit_thrown
8475179,Dmitry Kulikov,D,FLA,74,-41,hit_thrown
8475179,Dmitry Kulikov,D,FLA,94,6,hit_thrown
8475179,Dmitry Kulikov,D,FLA,53,39,hit_thrown
8475179,Dmitry Kulikov,D,FLA,65,37,hit_thrown
8475179,Dmitry Kulikov,D,FLA,69,39,hit_thrown
8475179,Dmitry Kulikov,D,FLA,82,33,hit_thrown
8475179,Dmitry Kulikov,D,FLA,96,0,hit_thrown
8475179,Dmitry Kulikov,D,FLA,95,-11,hit_thrown
8475179,Dmitry Kulikov,D,FLA,42,-38,hit_thrown
8475179,Dmitry Kulikov,D,FLA,85,36,hit_thrown
8475179,Dmitry Kulikov,D,FLA,77,-37,hit_thrown
8475179,Dmitry Kulikov,D,FLA,75,-41,hit_thrown
8475179,Dmitry Kulikov,D,FLA,39,-40,hit_thrown
8475179,Dmitry Kulikov,D,FLA,22,-41,hit_thrown
8475179,Dmitry Kulikov,D,FLA,93,14,hit_thrown
8475179,Dmitry Kulikov,D,FLA,94,19,hit_thrown
8475179,Dmitry Kulikov,D,FLA,72,41,hit_thrown
8475179,Dmitry Kulikov,D,FLA,41,-36,hit_thrown
8475179,Dmitry Kulikov,D,FLA,92,26,hit_thrown
8475179,Dmitry Kulikov,D,FLA,69,-27,hit_thrown
8475179,Dmitry Kulikov,D,FLA,50,-39,hit_thrown
8475179,Dmitry Kulikov,D,FLA,99,-14,hit_thrown
8475179,Dmitry Kulikov,D,FLA,43,-42,hit_thrown
8475179,Dmitry Kulikov,D,FLA,90,-32,hit_thrown
8475179,Dmitry Kulikov,D,FLA,90,9,hit_thrown
8475179,Dmitry Kulikov,D,FLA,98,-5,hit_thrown
8475179,Dmitry Kulikov,D,FLA,18,39,hit_thrown
8475179,Dmitry Kulikov,D,FLA,10,36,hit_thrown
8475179,Dmitry Kulikov,D,FLA,75,40,hit_thrown
8475179,Dmitry Kulikov,D,FLA,14,40,hit_thrown
8475179,Dmitry Kulikov,D,FLA,76,-38,hit_thrown
8475179,Dmitry Kulikov,D,FLA,19,-39,hit_thrown
8475179,Dmitry Kulikov,D,FLA,13,41,hit_thrown
8475179,Dmitry Kulikov,D,FLA,86,-33,hit_thrown
8475179,Dmitry Kulikov,D,FLA,41,-36,hit_thrown
8475179,Dmitry Kulikov,D,FLA,41,-40,hit_thrown
8475179,Dmitry Kulikov,D,FLA,48,-38,hit_thrown
8475179,Dmitry Kulikov,D,FLA,84,-15,hit_thrown
8475179,Dmitry Kulikov,D,FLA,98,4,hit_thrown
8475179,Dmitry Kulikov,D,FLA,74,38,hit_thrown
8475179,Dmitry Kulikov,D,FLA,58,-37,hit_thrown
8475179,Dmitry Kulikov,D,FLA,84,36,hit_thrown
8475179,Dmitry Kulikov,D,FLA,97,23,hit_thrown
8475179,Dmitry Kulikov,D,FLA,96,-14,hit_thrown
8475179,Dmitry Kulikov,D,FLA,33,-38,hit_thrown
8475179,Dmitry Kulikov,D,FLA,47,-35,hit_thrown
8475179,Dmitry Kulikov,D,FLA,71,-36,hit_thrown
8475179,Dmitry Kulikov,D,FLA,42,-41,hit_thrown
8475179,Dmitry Kulikov,D,FLA,85,-9,takeaway_hd
8475179,Dmitry Kulikov,D,FLA,6,20,takeaway_other
8475179,Dmitry Kulikov,D,FLA,6,-6,takeaway_other
8475179,Dmitry Kulikov,D,FLA,28,-36,takeaway_other
8475179,Dmitry Kulikov,D,FLA,65,-23,takeaway_other
8475179,Dmitry Kulikov,D,FLA,93,-27,takeaway_other
8475179,Dmitry Kulikov,D,FLA,49,1,takeaway_other
8475184,Chris Kreider,L,NYR,71,4,block_hd
8475184,Chris Kreider,L,NYR,80,3,block_hd
8475184,Chris Kreider,L,NYR,73,0,block_hd
8475184,Chris Kreider,L,NYR,78,2,block_hd
8475184,Chris Kreider,L,NYR,81,2,block_hd
8475184,Chris Kreider,L,NYR,83,-9,block_hd
8475184,Chris Kreider,L,NYR,80,-32,block_non_hd
8475184,Chris Kreider,L,NYR,74,-19,block_non_hd
8475184,Chris Kreider,L,NYR,57,-9,block_non_hd
8475184,Chris Kreider,L,NYR,52,-30,block_non_hd
8475184,Chris Kreider,L,NYR,84,-5,crease_goal
8475184,Chris Kreider,L,NYR,80,2,crease_goal
8475184,Chris Kreider,L,NYR,83,-6,crease_goal
8475184,Chris Kreider,L,NYR,89,-3,crease_goal
8475184,Chris Kreider,L,NYR,78,-2,crease_goal
8475184,Chris Kreider,L,NYR,84,2,crease_goal
8475184,Chris Kreider,L,NYR,86,-3,crease_goal
8475184,Chris Kreider,L,NYR,8,29,hit_taken
8475184,Chris Kreider,L,NYR,36,-38,hit_taken
8475184,Chris Kreider,L,NYR,81,34,hit_taken
8475184,Chris Kreider,L,NYR,97,17,hit_taken
8475184,Chris Kreider,L,NYR,53,36,hit_taken
8475184,Chris Kreider,L,NYR,29,41,hit_taken
8475184,Chris Kreider,L,NYR,2,-35,hit_taken
8475184,Chris Kreider,L,NYR,93,-29,hit_taken
8475184,Chris Kreider,L,NYR,63,-38,hit_taken
8475184,Chris Kreider,L,NYR,95,-24,hit_taken
8475184,Chris Kreider,L,NYR,20,-33,hit_taken
8475184,Chris Kreider,L,NYR,87,-32,hit_taken
8475184,Chris Kreider,L,NYR,52,-38,hit_taken
8475184,Chris Kreider,L,NYR,67,-39,hit_taken
8475184,Chris Kreider,L,NYR,62,-40,hit_taken
8475184,Chris Kreider,L,NYR,42,-28,hit_taken
8475184,Chris Kreider,L,NYR,45,41,hit_taken
8475184,Chris Kreider,L,NYR,96,3,hit_taken
8475184,Chris Kreider,L,NYR,86,35,hit_taken
8475184,Chris Kreider,L,NYR,97,3,hit_taken
8475184,Chris Kreider,L,NYR,14,40,hit_taken
8475184,Chris Kreider,L,NYR,81,36,hit_thrown
8475184,Chris Kreider,L,NYR,81,37,hit_thrown
8475184,Chris Kreider,L,NYR,55,40,hit_thrown
8475184,Chris Kreider,L,NYR,95,15,hit_thrown
8475184,Chris Kreider,L,NYR,97,4,hit_thrown
8475184,Chris Kreider,L,NYR,94,-18,hit_thrown
8475184,Chris Kreider,L,NYR,53,-37,hit_thrown
8475184,Chris Kreider,L,NYR,59,-38,hit_thrown
8475184,Chris Kreider,L,NYR,97,-7,hit_thrown
8475184,Chris Kreider,L,NYR,98,13,hit_thrown
8475184,Chris Kreider,L,NYR,94,-27,hit_thrown
8475184,Chris Kreider,L,NYR,8,-41,hit_thrown
8475184,Chris Kreider,L,NYR,62,40,hit_thrown
8475184,Chris Kreider,L,NYR,37,-38,hit_thrown
8475184,Chris Kreider,L,NYR,92,24,hit_thrown
8475184,Chris Kreider,L,NYR,67,41,hit_thrown
8475184,Chris Kreider,L,NYR,6,-39,hit_thrown
8475184,Chris Kreider,L,NYR,54,-39,hit_thrown
8475184,Chris Kreider,L,NYR,35,36,hit_thrown
8475184,Chris Kreider,L,NYR,91,33,hit_thrown
8475184,Chris Kreider,L,NYR,70,-41,hit_thrown
8475184,Chris Kreider,L,NYR,79,-38,hit_thrown
8475184,Chris Kreider,L,NYR,92,29,hit_thrown
8475184,Chris Kreider,L,NYR,96,6,hit_thrown
8475184,Chris Kreider,L,NYR,93,22,hit_thrown
8475184,Chris Kreider,L,NYR,93,25,hit_thrown
8475184,Chris Kreider,L,NYR,85,36,hit_thrown
8475184,Chris Kreider,L,NYR,94,25,hit_thrown
8475184,Chris Kreider,L,NYR,70,-39,hit_thrown
8475184,Chris Kreider,L,NYR,91,31,hit_thrown
8475184,Chris Kreider,L,NYR,52,-40,hit_thrown
8475184,Chris Kreider,L,NYR,93,-30,hit_thrown
8475184,Chris Kreider,L,NYR,84,-36,hit_thrown
8475184,Chris Kreider,L,NYR,52,40,hit_thrown
8475184,Chris Kreider,L,NYR,44,-38,hit_thrown
8475184,Chris Kreider,L,NYR,93,-28,hit_thrown
8475184,Chris Kreider,L,NYR,47,39,hit_thrown
8475184,Chris Kreider,L,NYR,76,37,hit_thrown
8475184,Chris Kreider,L,NYR,67,-40,hit_thrown
8475184,Chris Kreider,L,NYR,80,-38,hit_thrown
8475184,Chris Kreider,L,NYR,67,-40,hit_thrown
8475184,Chris Kreider,L,NYR,66,-40,takeaway_other
8475184,Chris Kreider,L,NYR,66,26,takeaway_other
8475184,Chris Kreider,L,NYR,61,-40,takeaway_other
8475184,Chris Kreider,L,NYR,43,-18,takeaway_other
8475184,Chris Kreider,L,NYR,32,7,takeaway_other
8475188,Brayden McNabb,D,VGK,81,-17,block_hd
8475188,Brayden McNabb,D,VGK,79,-1,block_hd
8475188,Brayden McNabb,D,VGK,75,-2,block_hd
8475188,Brayden McNabb,D,VGK,79,-5,block_hd
8475188,Brayden McNabb,D,VGK,81,-9,block_hd
8475188,Brayden McNabb,D,VGK,74,-12,block_hd
8475188,Brayden McNabb,D,VGK,73,-15,block_hd
8475188,Brayden McNabb,D,VGK,78,-3,block_hd
8475188,Brayden McNabb,D,VGK,74,-3,block_hd
8475188,Brayden McNabb,D,VGK,72,-14,block_hd
8475188,Brayden McNabb,D,VGK,77,-6,block_hd
8475188,Brayden McNabb,D,VGK,77,-9,block_hd
8475188,Brayden McNabb,D,VGK,78,-7,block_hd
8475188,Brayden McNabb,D,VGK,79,-11,block_hd
8475188,Brayden McNabb,D,VGK,74,2,block_hd
8475188,Brayden McNabb,D,VGK,80,-5,block_hd
8475188,Brayden McNabb,D,VGK,75,-23,block_non_hd
8475188,Brayden McNabb,D,VGK,40,-13,block_non_hd
8475188,Brayden McNabb,D,VGK,67,9,block_non_hd
8475188,Brayden McNabb,D,VGK,62,-37,block_non_hd
8475188,Brayden McNabb,D,VGK,68,-14,block_non_hd
8475188,Brayden McNabb,D,VGK,68,-8,block_non_hd
8475188,Brayden McNabb,D,VGK,68,-14,block_non_hd
8475188,Brayden McNabb,D,VGK,66,3,block_non_hd
8475188,Brayden McNabb,D,VGK,65,14,block_non_hd
8475188,Brayden McNabb,D,VGK,63,-20,block_non_hd
8475188,Brayden McNabb,D,VGK,71,-23,block_non_hd
8475188,Brayden McNabb,D,VGK,97,-22,hit_taken
8475188,Brayden McNabb,D,VGK,96,4,hit_taken
8475188,Brayden McNabb,D,VGK,96,14,hit_taken
8475188,Brayden McNabb,D,VGK,15,39,hit_taken
8475188,Brayden McNabb,D,VGK,97,9,hit_taken
8475188,Brayden McNabb,D,VGK,58,22,hit_taken
8475188,Brayden McNabb,D,VGK,95,23,hit_taken
8475188,Brayden McNabb,D,VGK,90,-28,hit_taken
8475188,Brayden McNabb,D,VGK,96,-2,hit_taken
8475188,Brayden McNabb,D,VGK,92,-27,hit_taken
8475188,Brayden McNabb,D,VGK,55,41,hit_taken
8475188,Brayden McNabb,D,VGK,98,9,hit_taken
8475188,Brayden McNabb,D,VGK,98,22,hit_taken
8475188,Brayden McNabb,D,VGK,97,16,hit_taken
8475188,Brayden McNabb,D,VGK,12,39,hit_taken
8475188,Brayden McNabb,D,VGK,61,-41,hit_taken
8475188,Brayden McNabb,D,VGK,87,-36,hit_taken
8475188,Brayden McNabb,D,VGK,98,-19,hit_thrown
8475188,Brayden McNabb,D,VGK,77,-41,hit_thrown
8475188,Brayden McNabb,D,VGK,92,-30,hit_thrown
8475188,Brayden McNabb,D,VGK,89,33,hit_thrown
8475188,Brayden McNabb,D,VGK,48,-26,hit_thrown
8475188,Brayden McNabb,D,VGK,3,-33,hit_thrown
8475188,Brayden McNabb,D,VGK,31,-39,hit_thrown
8475188,Brayden McNabb,D,VGK,66,39,hit_thrown
8475188,Brayden McNabb,D,VGK,97,-14,hit_thrown
8475188,Brayden McNabb,D,VGK,84,35,hit_thrown
8475188,Brayden McNabb,D,VGK,73,-38,hit_thrown
8475188,Brayden McNabb,D,VGK,28,-40,hit_thrown
8475188,Brayden McNabb,D,VGK,11,-39,hit_thrown
8475188,Brayden McNabb,D,VGK,96,-10,hit_thrown
8475188,Brayden McNabb,D,VGK,43,33,hit_thrown
8475188,Brayden McNabb,D,VGK,81,-27,takeaway_other
8475197,Tyson Barrie,D,NSH,86,34,hit_taken
8475200,Dmitry Orlov,D,CAR,73,-3,block_hd
8475200,Dmitry Orlov,D,CAR,72,-2,block_hd
8475200,Dmitry Orlov,D,CAR,78,3,block_hd
8475200,Dmitry Orlov,D,CAR,83,12,block_hd
8475200,Dmitry Orlov,D,CAR,79,-10,block_hd
8475200,Dmitry Orlov,D,CAR,72,-13,block_hd
8475200,Dmitry Orlov,D,CAR,76,-7,block_hd
8475200,Dmitry Orlov,D,CAR,80,-5,block_hd
8475200,Dmitry Orlov,D,CAR,76,-7,block_hd
8475200,Dmitry Orlov,D,CAR,76,0,block_hd
8475200,Dmitry Orlov,D,CAR,75,-16,block_hd
8475200,Dmitry Orlov,D,CAR,83,-6,block_hd
8475200,Dmitry Orlov,D,CAR,63,-3,block_non_hd
8475200,Dmitry Orlov,D,CAR,70,-25,block_non_hd
8475200,Dmitry Orlov,D,CAR,83,35,block_non_hd
8475200,Dmitry Orlov,D,CAR,67,-7,block_non_hd
8475200,Dmitry Orlov,D,CAR,61,-11,block_non_hd
8475200,Dmitry Orlov,D,CAR,51,32,block_non_hd
8475200,Dmitry Orlov,D,CAR,49,3,block_non_hd
8475200,Dmitry Orlov,D,CAR,66,41,hit_taken
8475200,Dmitry Orlov,D,CAR,97,11,hit_taken
8475200,Dmitry Orlov,D,CAR,99,-9,hit_taken
8475200,Dmitry Orlov,D,CAR,95,11,hit_taken
8475200,Dmitry Orlov,D,CAR,24,38,hit_taken
8475200,Dmitry Orlov,D,CAR,65,42,hit_taken
8475200,Dmitry Orlov,D,CAR,38,-33,hit_taken
8475200,Dmitry Orlov,D,CAR,93,8,hit_taken
8475200,Dmitry Orlov,D,CAR,85,37,hit_taken
8475200,Dmitry Orlov,D,CAR,83,-39,hit_taken
8475200,Dmitry Orlov,D,CAR,48,39,hit_taken
8475200,Dmitry Orlov,D,CAR,82,-24,hit_taken
8475200,Dmitry Orlov,D,CAR,4,36,hit_taken
8475200,Dmitry Orlov,D,CAR,95,11,hit_taken
8475200,Dmitry Orlov,D,CAR,31,39,hit_taken
8475200,Dmitry Orlov,D,CAR,85,-36,hit_taken
8475200,Dmitry Orlov,D,CAR,98,-15,hit_taken
8475200,Dmitry Orlov,D,CAR,31,40,hit_thrown
8475200,Dmitry Orlov,D,CAR,92,26,hit_thrown
8475200,Dmitry Orlov,D,CAR,97,6,hit_thrown
8475200,Dmitry Orlov,D,CAR,5,39,hit_thrown
8475200,Dmitry Orlov,D,CAR,93,-27,hit_thrown
8475200,Dmitry Orlov,D,CAR,49,-2,hit_thrown
8475200,Dmitry Orlov,D,CAR,87,31,hit_thrown
8475200,Dmitry Orlov,D,CAR,97,-12,hit_thrown
8475200,Dmitry Orlov,D,CAR,59,-37,hit_thrown
8475200,Dmitry Orlov,D,CAR,78,39,hit_thrown
8475200,Dmitry Orlov,D,CAR,97,14,hit_thrown
8475200,Dmitry Orlov,D,CAR,8,-39,hit_thrown
8475200,Dmitry Orlov,D,CAR,26,-37,hit_thrown
8475200,Dmitry Orlov,D,CAR,95,-20,hit_thrown
8475200,Dmitry Orlov,D,CAR,37,34,hit_thrown
8475200,Dmitry Orlov,D,CAR,21,-40,hit_thrown
8475200,Dmitry Orlov,D,CAR,36,40,hit_thrown
8475200,Dmitry Orlov,D,CAR,83,-36,hit_thrown
8475200,Dmitry Orlov,D,CAR,5,27,takeaway_other
8475200,Dmitry Orlov,D,CAR,67,30,takeaway_other
8475200,Dmitry Orlov,D,CAR,33,-39,takeaway_other
8475218,Mattias Ekholm,D,EDM,75,-3,block_hd
8475218,Mattias Ekholm,D,EDM,80,3,block_hd
8475218,Mattias Ekholm,D,EDM,82,-1,block_hd
8475218,Mattias Ekholm,D,EDM,79,2,block_hd
8475218,Mattias Ekholm,D,EDM,83,-2,block_hd
8475218,Mattias Ekholm,D,EDM,81,0,block_hd
8475218,Mattias Ekholm,D,EDM,77,-11,block_hd
8475218,Mattias Ekholm,D,EDM,77,-11,block_hd
8475218,Mattias Ekholm,D,EDM,75,-8,block_hd
8475218,Mattias Ekholm,D,EDM,74,-14,block_hd
8475218,Mattias Ekholm,D,EDM,72,-11,block_hd
8475218,Mattias Ekholm,D,EDM,86,5,block_hd
8475218,Mattias Ekholm,D,EDM,82,-10,block_hd
8475218,Mattias Ekholm,D,EDM,73,4,block_hd
8475218,Mattias Ekholm,D,EDM,85,10,block_hd
8475218,Mattias Ekholm,D,EDM,73,-7,block_hd
8475218,Mattias Ekholm,D,EDM,88,-12,block_hd
8475218,Mattias Ekholm,D,EDM,82,8,block_hd
8475218,Mattias Ekholm,D,EDM,75,3,block_hd
8475218,Mattias Ekholm,D,EDM,80,-7,block_hd
8475218,Mattias Ekholm,D,EDM,49,-21,block_non_hd
8475218,Mattias Ekholm,D,EDM,61,7,block_non_hd
8475218,Mattias Ekholm,D,EDM,60,20,block_non_hd
8475218,Mattias Ekholm,D,EDM,57,-15,block_non_hd
8475218,Mattias Ekholm,D,EDM,48,-32,block_non_hd
8475218,Mattias Ekholm,D,EDM,76,20,block_non_hd
8475218,Mattias Ekholm,D,EDM,63,-13,block_non_hd
8475218,Mattias Ekholm,D,EDM,60,-18,block_non_hd
8475218,Mattias Ekholm,D,EDM,70,21,block_non_hd
8475218,Mattias Ekholm,D,EDM,65,-5,block_non_hd
8475218,Mattias Ekholm,D,EDM,53,-10,block_non_hd
8475218,Mattias Ekholm,D,EDM,64,-5,block_non_hd
8475218,Mattias Ekholm,D,EDM,75,-24,block_non_hd
8475218,Mattias Ekholm,D,EDM,46,-13,block_non_hd
8475218,Mattias Ekholm,D,EDM,67,-15,block_non_hd
8475218,Mattias Ekholm,D,EDM,77,-29,block_non_hd
8475218,Mattias Ekholm,D,EDM,16,37,block_non_hd
8475218,Mattias Ekholm,D,EDM,64,-32,block_non_hd
8475218,Mattias Ekholm,D,EDM,56,34,block_non_hd
8475218,Mattias Ekholm,D,EDM,52,13,block_non_hd
8475218,Mattias Ekholm,D,EDM,67,2,block_non_hd
8475218,Mattias Ekholm,D,EDM,69,23,block_non_hd
8475218,Mattias Ekholm,D,EDM,63,-8,block_non_hd
8475218,Mattias Ekholm,D,EDM,61,33,block_non_hd
8475218,Mattias Ekholm,D,EDM,57,-16,block_non_hd
8475218,Mattias Ekholm,D,EDM,55,-14,block_non_hd
8475218,Mattias Ekholm,D,EDM,69,12,block_non_hd
8475218,Mattias Ekholm,D,EDM,83,-7,crease_goal
8475218,Mattias Ekholm,D,EDM,98,3,hit_taken
8475218,Mattias Ekholm,D,EDM,98,-1,hit_taken
8475218,Mattias Ekholm,D,EDM,92,31,hit_taken
8475218,Mattias Ekholm,D,EDM,95,25,hit_taken
8475218,Mattias Ekholm,D,EDM,95,-26,hit_taken
8475218,Mattias Ekholm,D,EDM,84,35,hit_taken
8475218,Mattias Ekholm,D,EDM,20,-39,hit_taken
8475218,Mattias Ekholm,D,EDM,94,18,hit_taken
8475218,Mattias Ekholm,D,EDM,90,31,hit_taken
8475218,Mattias Ekholm,D,EDM,88,34,hit_taken
8475218,Mattias Ekholm,D,EDM,92,-30,hit_taken
8475218,Mattias Ekholm,D,EDM,21,-41,hit_taken
8475218,Mattias Ekholm,D,EDM,90,-28,hit_taken
8475218,Mattias Ekholm,D,EDM,99,-12,hit_taken
8475218,Mattias Ekholm,D,EDM,79,40,hit_taken
8475218,Mattias Ekholm,D,EDM,94,22,hit_taken
8475218,Mattias Ekholm,D,EDM,44,-39,hit_taken
8475218,Mattias Ekholm,D,EDM,96,-19,hit_taken
8475218,Mattias Ekholm,D,EDM,86,34,hit_taken
8475218,Mattias Ekholm,D,EDM,96,24,hit_taken
8475218,Mattias Ekholm,D,EDM,84,-35,hit_taken
8475218,Mattias Ekholm,D,EDM,91,30,hit_taken
8475218,Mattias Ekholm,D,EDM,84,-37,hit_taken
8475218,Mattias Ekholm,D,EDM,81,-39,hit_taken
8475218,Mattias Ekholm,D,EDM,30,-41,hit_taken
8475218,Mattias Ekholm,D,EDM,54,-39,hit_taken
8475218,Mattias Ekholm,D,EDM,19,-22,hit_taken
8475218,Mattias Ekholm,D,EDM,95,27,hit_taken
8475218,Mattias Ekholm,D,EDM,98,-16,hit_taken
8475218,Mattias Ekholm,D,EDM,62,-40,hit_taken
8475218,Mattias Ekholm,D,EDM,87,-35,hit_taken
8475218,Mattias Ekholm,D,EDM,85,-37,hit_taken
8475218,Mattias Ekholm,D,EDM,65,-39,hit_taken
8475218,Mattias Ekholm,D,EDM,96,-9,hit_taken
8475218,Mattias Ekholm,D,EDM,54,39,hit_taken
8475218,Mattias Ekholm,D,EDM,64,40,hit_taken
8475218,Mattias Ekholm,D,EDM,97,12,hit_taken
8475218,Mattias Ekholm,D,EDM,87,-36,hit_taken
8475218,Mattias Ekholm,D,EDM,72,8,hit_taken
8475218,Mattias Ekholm,D,EDM,89,35,hit_taken
8475218,Mattias Ekholm,D,EDM,90,-33,hit_taken
8475218,Mattias Ekholm,D,EDM,77,-40,hit_taken
8475218,Mattias Ekholm,D,EDM,92,-29,hit_taken
8475218,Mattias Ekholm,D,EDM,80,-39,hit_taken
8475218,Mattias Ekholm,D,EDM,98,17,hit_taken
8475218,Mattias Ekholm,D,EDM,10,38,hit_taken
8475218,Mattias Ekholm,D,EDM,92,-28,hit_taken
8475218,Mattias Ekholm,D,EDM,41,39,hit_taken
8475218,Mattias Ekholm,D,EDM,88,30,hit_taken
8475218,Mattias Ekholm,D,EDM,85,-37,hit_taken
8475218,Mattias Ekholm,D,EDM,97,-20,hit_taken
8475218,Mattias Ekholm,D,EDM,97,-20,hit_taken
8475218,Mattias Ekholm,D,EDM,39,38,hit_taken
8475218,Mattias Ekholm,D,EDM,97,20,hit_taken
8475218,Mattias Ekholm,D,EDM,95,-13,hit_taken
8475218,Mattias Ekholm,D,EDM,94,18,hit_taken
8475218,Mattias Ekholm,D,EDM,34,-36,hit_taken
8475218,Mattias Ekholm,D,EDM,73,37,hit_taken
8475218,Mattias Ekholm,D,EDM,74,38,hit_taken
8475218,Mattias Ekholm,D,EDM,0,-35,hit_taken
8475218,Mattias Ekholm,D,EDM,76,39,hit_taken
8475218,Mattias Ekholm,D,EDM,86,-35,hit_taken
8475218,Mattias Ekholm,D,EDM,96,10,hit_taken
8475218,Mattias Ekholm,D,EDM,75,-42,hit_taken
8475218,Mattias Ekholm,D,EDM,62,-41,hit_taken
8475218,Mattias Ekholm,D,EDM,98,2,hit_taken
8475218,Mattias Ekholm,D,EDM,67,38,hit_taken
8475218,Mattias Ekholm,D,EDM,96,11,hit_taken
8475218,Mattias Ekholm,D,EDM,98,13,hit_taken
8475218,Mattias Ekholm,D,EDM,38,34,hit_taken
8475218,Mattias Ekholm,D,EDM,95,-18,hit_thrown
8475218,Mattias Ekholm,D,EDM,68,39,hit_thrown
8475218,Mattias Ekholm,D,EDM,32,-38,hit_thrown
8475218,Mattias Ekholm,D,EDM,95,-7,hit_thrown
8475218,Mattias Ekholm,D,EDM,90,-27,hit_thrown
8475218,Mattias Ekholm,D,EDM,94,-25,hit_thrown
8475218,Mattias Ekholm,D,EDM,61,-40,hit_thrown
8475218,Mattias Ekholm,D,EDM,71,42,hit_thrown
8475218,Mattias Ekholm,D,EDM,35,38,hit_thrown
8475218,Mattias Ekholm,D,EDM,31,-41,hit_thrown
8475218,Mattias Ekholm,D,EDM,42,32,hit_thrown
8475218,Mattias Ekholm,D,EDM,98,3,hit_thrown
8475218,Mattias Ekholm,D,EDM,86,-38,hit_thrown
8475218,Mattias Ekholm,D,EDM,87,35,hit_thrown
8475218,Mattias Ekholm,D,EDM,97,17,hit_thrown
8475218,Mattias Ekholm,D,EDM,30,41,hit_thrown
8475218,Mattias Ekholm,D,EDM,22,35,hit_thrown
8475218,Mattias Ekholm,D,EDM,89,-31,hit_thrown
8475218,Mattias Ekholm,D,EDM,74,-42,hit_thrown
8475218,Mattias Ekholm,D,EDM,20,-28,hit_thrown
8475218,Mattias Ekholm,D,EDM,94,-24,hit_thrown
8475218,Mattias Ekholm,D,EDM,59,38,hit_thrown
8475218,Mattias Ekholm,D,EDM,87,-37,hit_thrown
8475218,Mattias Ekholm,D,EDM,39,38,hit_thrown
8475218,Mattias Ekholm,D,EDM,5,30,hit_thrown
8475218,Mattias Ekholm,D,EDM,34,-12,hit_thrown
8475218,Mattias Ekholm,D,EDM,67,34,hit_thrown
8475218,Mattias Ekholm,D,EDM,98,-16,hit_thrown
8475218,Mattias Ekholm,D,EDM,98,4,takeaway_hd
8475218,Mattias Ekholm,D,EDM,95,-1,takeaway_hd
8475218,Mattias Ekholm,D,EDM,95,-12,takeaway_hd
8475218,Mattias Ekholm,D,EDM,98,0,takeaway_hd
8475218,Mattias Ekholm,D,EDM,96,18,takeaway_hd
8475218,Mattias Ekholm,D,EDM,96,-3,takeaway_hd
8475218,Mattias Ekholm,D,EDM,39,-37,takeaway_other
8475218,Mattias Ekholm,D,EDM,30,-11,takeaway_other
8475218,Mattias Ekholm,D,EDM,36,-14,takeaway_other
8475218,Mattias Ekholm,D,EDM,93,-22,takeaway_other
8475218,Mattias Ekholm,D,EDM,51,-29,takeaway_other
8475225,Craig Smith,C,DAL,53,18,block_non_hd
8475225,Craig Smith,C,DAL,68,29,block_non_hd
8475225,Craig Smith,C,DAL,44,-11,block_non_hd
8475225,Craig Smith,C,DAL,56,11,block_non_hd
8475225,Craig Smith,C,DAL,29,38,block_non_hd
8475225,Craig Smith,C,DAL,49,13,block_non_hd
8475225,Craig Smith,C,DAL,66,5,block_non_hd
8475225,Craig Smith,C,DAL,60,36,block_non_hd
8475225,Craig Smith,C,DAL,38,25,block_non_hd
8475225,Craig Smith,C,DAL,6,39,hit_taken
8475225,Craig Smith,C,DAL,59,41,hit_taken
8475225,Craig Smith,C,DAL,0,-38,hit_taken
8475225,Craig Smith,C,DAL,95,-28,hit_taken
8475225,Craig Smith,C,DAL,12,-39,hit_taken
8475225,Craig Smith,C,DAL,69,-40,hit_taken
8475225,Craig Smith,C,DAL,5,-40,hit_taken
8475225,Craig Smith,C,DAL,50,-40,hit_taken
8475225,Craig Smith,C,DAL,55,-40,hit_taken
8475225,Craig Smith,C,DAL,67,-39,hit_taken
8475225,Craig Smith,C,DAL,92,27,hit_taken
8475225,Craig Smith,C,DAL,13,40,hit_taken
8475225,Craig Smith,C,DAL,67,-26,hit_taken
8475225,Craig Smith,C,DAL,54,37,hit_taken
8475225,Craig Smith,C,DAL,24,-39,hit_taken
8475225,Craig Smith,C,DAL,56,-40,hit_taken
8475225,Craig Smith,C,DAL,89,-36,hit_thrown
8475225,Craig Smith,C,DAL,96,-2,hit_thrown
8475225,Craig Smith,C,DAL,75,-39,hit_thrown
8475225,Craig Smith,C,DAL,76,-40,hit_thrown
8475225,Craig Smith,C,DAL,26,40,hit_thrown
8475225,Craig Smith,C,DAL,61,-41,hit_thrown
8475225,Craig Smith,C,DAL,97,17,hit_thrown
8475225,Craig Smith,C,DAL,82,33,hit_thrown
8475225,Craig Smith,C,DAL,1,39,hit_thrown
8475225,Craig Smith,C,DAL,96,-23,hit_thrown
8475225,Craig Smith,C,DAL,90,-30,hit_thrown
8475225,Craig Smith,C,DAL,4,40,hit_thrown
8475225,Craig Smith,C,DAL,70,-23,hit_thrown
8475225,Craig Smith,C,DAL,89,34,hit_thrown
8475225,Craig Smith,C,DAL,98,-23,hit_thrown
8475225,Craig Smith,C,DAL,8,41,hit_thrown
8475225,Craig Smith,C,DAL,89,34,hit_thrown
8475225,Craig Smith,C,DAL,77,-40,hit_thrown
8475225,Craig Smith,C,DAL,17,-41,hit_thrown
8475225,Craig Smith,C,DAL,75,39,hit_thrown
8475225,Craig Smith,C,DAL,4,3,hit_thrown
8475225,Craig Smith,C,DAL,36,40,hit_thrown
8475225,Craig Smith,C,DAL,36,-41,hit_thrown
8475225,Craig Smith,C,DAL,12,40,hit_thrown
8475225,Craig Smith,C,DAL,38,-24,hit_thrown
8475225,Craig Smith,C,DAL,66,34,takeaway_other
8475225,Craig Smith,C,DAL,66,-1,takeaway_other
8475225,Craig Smith,C,DAL,96,22,takeaway_other
8475225,Craig Smith,C,DAL,41,6,takeaway_other
8475225,Craig Smith,C,DAL,18,18,takeaway_other
8475225,Craig Smith,C,DAL,64,41,takeaway_other
8475225,Craig Smith,C,DAL,41,-38,takeaway_other
8475225,Craig Smith,C,DAL,58,-41,takeaway_other
8475225,Craig Smith,C,DAL,37,36,takeaway_other
8475231,Casey Cizikas,C,NYI,53,-31,block_non_hd
8475231,Casey Cizikas,C,NYI,42,1,block_non_hd
8475231,Casey Cizikas,C,NYI,63,20,block_non_hd
8475231,Casey Cizikas,C,NYI,64,10,block_non_hd
8475231,Casey Cizikas,C,NYI,66,25,block_non_hd
8475231,Casey Cizikas,C,NYI,73,-37,hit_taken
8475231,Casey Cizikas,C,NYI,2,-41,hit_taken
8475231,Casey Cizikas,C,NYI,71,-39,hit_taken
8475231,Casey Cizikas,C,NYI,57,-39,hit_taken
8475231,Casey Cizikas,C,NYI,96,-15,hit_taken
8475231,Casey Cizikas,C,NYI,86,-31,hit_taken
8475231,Casey Cizikas,C,NYI,49,-2,hit_taken
8475231,Casey Cizikas,C,NYI,25,41,hit_thrown
8475231,Casey Cizikas,C,NYI,88,35,hit_thrown
8475231,Casey Cizikas,C,NYI,98,15,hit_thrown
8475231,Casey Cizikas,C,NYI,47,-39,hit_thrown
8475231,Casey Cizikas,C,NYI,98,16,hit_thrown
8475231,Casey Cizikas,C,NYI,79,-35,hit_thrown
8475231,Casey Cizikas,C,NYI,98,10,hit_thrown
8475231,Casey Cizikas,C,NYI,21,39,hit_thrown
8475231,Casey Cizikas,C,NYI,15,-38,hit_thrown
8475231,Casey Cizikas,C,NYI,91,-31,hit_thrown
8475231,Casey Cizikas,C,NYI,73,-39,hit_thrown
8475231,Casey Cizikas,C,NYI,97,8,hit_thrown
8475231,Casey Cizikas,C,NYI,97,3,takeaway_hd
8475231,Casey Cizikas,C,NYI,34,-21,takeaway_other
8475231,Casey Cizikas,C,NYI,13,-40,takeaway_other
8475314,Anders Lee,L,NYI,49,3,block_non_hd
8475314,Anders Lee,L,NYI,44,-12,block_non_hd
8475314,Anders Lee,L,NYI,81,3,crease_goal
8475314,Anders Lee,L,NYI,92,28,hit_taken
8475314,Anders Lee,L,NYI,96,15,hit_taken
8475314,Anders Lee,L,NYI,97,-12,hit_taken
8475314,Anders Lee,L,NYI,99,12,hit_thrown
8475314,Anders Lee,L,NYI,71,40,hit_thrown
8475314,Anders Lee,L,NYI,42,-42,hit_thrown
8475314,Anders Lee,L,NYI,35,-39,hit_thrown
8475314,Anders Lee,L,NYI,3,-39,hit_thrown
8475314,Anders Lee,L,NYI,89,-33,hit_thrown
8475314,Anders Lee,L,NYI,99,14,hit_thrown
8475314,Anders Lee,L,NYI,94,13,hit_thrown
8475314,Anders Lee,L,NYI,94,-11,hit_thrown
8475314,Anders Lee,L,NYI,85,37,hit_thrown
8475314,Anders Lee,L,NYI,83,-39,hit_thrown
8475314,Anders Lee,L,NYI,61,41,hit_thrown
8475314,Anders Lee,L,NYI,91,-29,hit_thrown
8475324,Nick Jensen,D,WSH,77,0,block_hd
8475324,Nick Jensen,D,WSH,61,17,block_non_hd
8475324,Nick Jensen,D,WSH,84,36,hit_taken
8475324,Nick Jensen,D,WSH,80,39,hit_taken
8475324,Nick Jensen,D,WSH,14,-40,hit_taken
8475324,Nick Jensen,D,WSH,94,-20,hit_taken
8475324,Nick Jensen,D,WSH,93,-27,hit_taken
8475324,Nick Jensen,D,WSH,80,-38,takeaway_other
8475343,Nic Dowd,C,WSH,73,-13,block_hd
8475343,Nic Dowd,C,WSH,53,25,block_non_hd
8475343,Nic Dowd,C,WSH,54,0,block_non_hd
8475343,Nic Dowd,C,WSH,64,-15,block_non_hd
8475343,Nic Dowd,C,WSH,62,14,block_non_hd
8475343,Nic Dowd,C,WSH,69,22,dz_faceoff_win
8475343,Nic Dowd,C,WSH,69,22,dz_faceoff_win
8475343,Nic Dowd,C,WSH,69,22,dz_faceoff_win
8475343,Nic Dowd,C,WSH,69,-22,dz_faceoff_win
8475343,Nic Dowd,C,WSH,69,22,dz_faceoff_win
8475343,Nic Dowd,C,WSH,69,-22,dz_faceoff_win
8475343,Nic Dowd,C,WSH,69,-22,dz_faceoff_win
8475343,Nic Dowd,C,WSH,69,-22,dz_faceoff_win
8475343,Nic Dowd,C,WSH,69,22,dz_faceoff_win
8475343,Nic Dowd,C,WSH,69,22,dz_faceoff_win
8475343,Nic Dowd,C,WSH,69,22,dz_faceoff_win
8475343,Nic Dowd,C,WSH,69,-22,dz_faceoff_win
8475343,Nic Dowd,C,WSH,69,22,dz_faceoff_win
8475343,Nic Dowd,C,WSH,69,22,dz_faceoff_win
8475343,Nic Dowd,C,WSH,69,-22,dz_faceoff_win
8475343,Nic Dowd,C,WSH,69,22,dz_faceoff_win
8475343,Nic Dowd,C,WSH,69,22,dz_faceoff_win
8475343,Nic Dowd,C,WSH,54,32,hit_taken
8475343,Nic Dowd,C,WSH,98,11,hit_taken
8475343,Nic Dowd,C,WSH,76,-39,hit_taken
8475343,Nic Dowd,C,WSH,97,-14,hit_taken
8475343,Nic Dowd,C,WSH,86,-34,hit_taken
8475343,Nic Dowd,C,WSH,68,37,hit_taken
8475343,Nic Dowd,C,WSH,94,26,hit_taken
8475343,Nic Dowd,C,WSH,78,37,hit_taken
8475343,Nic Dowd,C,WSH,96,1,hit_taken
8475343,Nic Dowd,C,WSH,77,-41,hit_taken
8475343,Nic Dowd,C,WSH,41,38,hit_taken
8475343,Nic Dowd,C,WSH,97,-20,hit_taken
8475343,Nic Dowd,C,WSH,82,34,hit_thrown
8475343,Nic Dowd,C,WSH,97,-15,hit_thrown
8475343,Nic Dowd,C,WSH,67,38,hit_thrown
8475343,Nic Dowd,C,WSH,31,40,hit_thrown
8475343,Nic Dowd,C,WSH,64,-39,hit_thrown
8475343,Nic Dowd,C,WSH,17,38,hit_thrown
8475343,Nic Dowd,C,WSH,79,-39,hit_thrown
8475343,Nic Dowd,C,WSH,96,20,hit_thrown
8475343,Nic Dowd,C,WSH,8,40,hit_thrown
8475343,Nic Dowd,C,WSH,97,1,hit_thrown
8475343,Nic Dowd,C,WSH,95,23,hit_thrown
8475343,Nic Dowd,C,WSH,1,39,hit_thrown
8475343,Nic Dowd,C,WSH,34,39,hit_thrown
8475343,Nic Dowd,C,WSH,1,39,hit_thrown
8475343,Nic Dowd,C,WSH,38,38,hit_thrown
8475343,Nic Dowd,C,WSH,98,-1,hit_thrown
8475343,Nic Dowd,C,WSH,95,21,hit_thrown
8475343,Nic Dowd,C,WSH,98,5,hit_thrown
8475343,Nic Dowd,C,WSH,22,-33,hit_thrown
8475343,Nic Dowd,C,WSH,10,41,hit_thrown
8475455,Brenden Dillon,D,WPG,82,9,block_hd
8475455,Brenden Dillon,D,WPG,79,0,block_hd
8475455,Brenden Dillon,D,WPG,74,-9,block_hd
8475455,Brenden Dillon,D,WPG,83,2,block_hd
8475455,Brenden Dillon,D,WPG,59,11,block_non_hd
8475455,Brenden Dillon,D,WPG,63,1,block_non_hd
8475455,Brenden Dillon,D,WPG,92,-26,hit_taken
8475455,Brenden Dillon,D,WPG,7,35,hit_taken
8475455,Brenden Dillon,D,WPG,91,30,hit_taken
8475455,Brenden Dillon,D,WPG,97,8,hit_taken
8475455,Brenden Dillon,D,WPG,94,25,hit_taken
8475455,Brenden Dillon,D,WPG,54,40,hit_taken
8475455,Brenden Dillon,D,WPG,99,11,hit_taken
8475455,Brenden Dillon,D,WPG,69,-39,hit_taken
8475455,Brenden Dillon,D,WPG,42,40,hit_taken
8475455,Brenden Dillon,D,WPG,5,34,hit_taken
8475455,Brenden Dillon,D,WPG,73,-38,hit_thrown
8475455,Brenden Dillon,D,WPG,90,-31,hit_thrown
8475455,Brenden Dillon,D,WPG,96,-1,hit_thrown
8475455,Brenden Dillon,D,WPG,96,-24,hit_thrown
8475455,Brenden Dillon,D,WPG,98,-14,hit_thrown
8475455,Brenden Dillon,D,WPG,98,-15,hit_thrown
8475455,Brenden Dillon,D,WPG,92,-31,hit_thrown
8475455,Brenden Dillon,D,WPG,79,37,hit_thrown
8475455,Brenden Dillon,D,WPG,96,-21,hit_thrown
8475455,Brenden Dillon,D,WPG,92,28,hit_thrown
8475455,Brenden Dillon,D,WPG,14,41,hit_thrown
8475455,Brenden Dillon,D,WPG,86,-38,hit_thrown
8475683,Sergei Bobrovsky,G,FLA,98,1,takeaway_hd
8475690,Chris Tanev,D,DAL,77,-2,block_hd
8475690,Chris Tanev,D,DAL,79,-3,block_hd
8475690,Chris Tanev,D,DAL,79,-1,block_hd
8475690,Chris Tanev,D,DAL,73,9,block_hd
8475690,Chris Tanev,D,DAL,83,7,block_hd
8475690,Chris Tanev,D,DAL,76,17,block_hd
8475690,Chris Tanev,D,DAL,78,5,block_hd
8475690,Chris Tanev,D,DAL,78,6,block_hd
8475690,Chris Tanev,D,DAL,86,-6,block_hd
8475690,Chris Tanev,D,DAL,81,2,block_hd
8475690,Chris Tanev,D,DAL,74,0,block_hd
8475690,Chris Tanev,D,DAL,72,16,block_hd
8475690,Chris Tanev,D,DAL,80,-8,block_hd
8475690,Chris Tanev,D,DAL,75,7,block_hd
8475690,Chris Tanev,D,DAL,71,11,block_hd
8475690,Chris Tanev,D,DAL,83,-5,block_hd
8475690,Chris Tanev,D,DAL,75,-4,block_hd
8475690,Chris Tanev,D,DAL,83,2,block_hd
8475690,Chris Tanev,D,DAL,72,0,block_hd
8475690,Chris Tanev,D,DAL,81,3,block_hd
8475690,Chris Tanev,D,DAL,72,6,block_hd
8475690,Chris Tanev,D,DAL,78,-1,block_hd
8475690,Chris Tanev,D,DAL,77,-16,block_hd
8475690,Chris Tanev,D,DAL,77,10,block_hd
8475690,Chris Tanev,D,DAL,77,-2,block_hd
8475690,Chris Tanev,D,DAL,75,4,block_hd
8475690,Chris Tanev,D,DAL,75,1,block_hd
8475690,Chris Tanev,D,DAL,72,1,block_hd
8475690,Chris Tanev,D,DAL,77,-2,block_hd
8475690,Chris Tanev,D,DAL,77,-2,block_hd
8475690,Chris Tanev,D,DAL,75,10,block_hd
8475690,Chris Tanev,D,DAL,79,-1,block_hd
8475690,Chris Tanev,D,DAL,77,9,block_hd
8475690,Chris Tanev,D,DAL,81,2,block_hd
8475690,Chris Tanev,D,DAL,74,2,block_hd
8475690,Chris Tanev,D,DAL,81,1,block_hd
8475690,Chris Tanev,D,DAL,81,-7,block_hd
8475690,Chris Tanev,D,DAL,71,0,block_hd
8475690,Chris Tanev,D,DAL,77,14,block_hd
8475690,Chris Tanev,D,DAL,76,-2,block_hd
8475690,Chris Tanev,D,DAL,80,-2,block_hd
8475690,Chris Tanev,D,DAL,72,8,block_hd
8475690,Chris Tanev,D,DAL,84,16,block_hd
8475690,Chris Tanev,D,DAL,79,-6,block_hd
8475690,Chris Tanev,D,DAL,60,21,block_non_hd
8475690,Chris Tanev,D,DAL,63,7,block_non_hd
8475690,Chris Tanev,D,DAL,62,28,block_non_hd
8475690,Chris Tanev,D,DAL,62,18,block_non_hd
8475690,Chris Tanev,D,DAL,55,14,block_non_hd
8475690,Chris Tanev,D,DAL,56,36,block_non_hd
8475690,Chris Tanev,D,DAL,65,-6,block_non_hd
8475690,Chris Tanev,D,DAL,59,27,block_non_hd
8475690,Chris Tanev,D,DAL,42,18,block_non_hd
8475690,Chris Tanev,D,DAL,69,-17,block_non_hd
8475690,Chris Tanev,D,DAL,64,15,block_non_hd
8475690,Chris Tanev,D,DAL,66,-9,block_non_hd
8475690,Chris Tanev,D,DAL,50,9,block_non_hd
8475690,Chris Tanev,D,DAL,66,8,block_non_hd
8475690,Chris Tanev,D,DAL,73,23,block_non_hd
8475690,Chris Tanev,D,DAL,70,26,block_non_hd
8475690,Chris Tanev,D,DAL,65,8,block_non_hd
8475690,Chris Tanev,D,DAL,46,22,block_non_hd
8475690,Chris Tanev,D,DAL,67,14,block_non_hd
8475690,Chris Tanev,D,DAL,49,18,block_non_hd
8475690,Chris Tanev,D,DAL,63,-13,block_non_hd
8475690,Chris Tanev,D,DAL,54,12,block_non_hd
8475690,Chris Tanev,D,DAL,66,15,block_non_hd
8475690,Chris Tanev,D,DAL,62,7,block_non_hd
8475690,Chris Tanev,D,DAL,69,-8,block_non_hd
8475690,Chris Tanev,D,DAL,68,20,block_non_hd
8475690,Chris Tanev,D,DAL,62,26,block_non_hd
8475690,Chris Tanev,D,DAL,60,17,block_non_hd
8475690,Chris Tanev,D,DAL,64,22,block_non_hd
8475690,Chris Tanev,D,DAL,6,40,hit_taken
8475690,Chris Tanev,D,DAL,77,40,hit_taken
8475690,Chris Tanev,D,DAL,96,15,hit_taken
8475690,Chris Tanev,D,DAL,97,26,hit_taken
8475690,Chris Tanev,D,DAL,63,41,hit_taken
8475690,Chris Tanev,D,DAL,8,-40,hit_taken
8475690,Chris Tanev,D,DAL,99,-16,hit_taken
8475690,Chris Tanev,D,DAL,94,30,hit_taken
8475690,Chris Tanev,D,DAL,86,33,hit_taken
8475690,Chris Tanev,D,DAL,2,38,hit_taken
8475690,Chris Tanev,D,DAL,87,31,hit_taken
8475690,Chris Tanev,D,DAL,96,23,hit_taken
8475690,Chris Tanev,D,DAL,85,36,hit_taken
8475690,Chris Tanev,D,DAL,81,39,hit_taken
8475690,Chris Tanev,D,DAL,74,42,hit_taken
8475690,Chris Tanev,D,DAL,45,36,hit_taken
8475690,Chris Tanev,D,DAL,98,4,hit_taken
8475690,Chris Tanev,D,DAL,98,1,hit_taken
8475690,Chris Tanev,D,DAL,31,-39,hit_taken
8475690,Chris Tanev,D,DAL,33,39,hit_taken
8475690,Chris Tanev,D,DAL,20,33,hit_taken
8475690,Chris Tanev,D,DAL,84,37,hit_taken
8475690,Chris Tanev,D,DAL,96,17,hit_taken
8475690,Chris Tanev,D,DAL,65,38,hit_taken
8475690,Chris Tanev,D,DAL,98,-9,hit_taken
8475690,Chris Tanev,D,DAL,69,-38,hit_taken
8475690,Chris Tanev,D,DAL,61,-39,hit_taken
8475690,Chris Tanev,D,DAL,57,42,hit_taken
8475690,Chris Tanev,D,DAL,95,27,hit_taken
8475690,Chris Tanev,D,DAL,92,31,hit_taken
8475690,Chris Tanev,D,DAL,93,28,hit_taken
8475690,Chris Tanev,D,DAL,89,30,hit_taken
8475690,Chris Tanev,D,DAL,98,10,hit_taken
8475690,Chris Tanev,D,DAL,92,33,hit_taken
8475690,Chris Tanev,D,DAL,92,-28,hit_taken
8475690,Chris Tanev,D,DAL,61,39,hit_taken
8475690,Chris Tanev,D,DAL,90,31,hit_taken
8475690,Chris Tanev,D,DAL,97,21,hit_taken
8475690,Chris Tanev,D,DAL,97,19,hit_taken
8475690,Chris Tanev,D,DAL,1,41,hit_taken
8475690,Chris Tanev,D,DAL,33,39,hit_taken
8475690,Chris Tanev,D,DAL,6,-39,hit_taken
8475690,Chris Tanev,D,DAL,98,-19,hit_taken
8475690,Chris Tanev,D,DAL,97,22,hit_taken
8475690,Chris Tanev,D,DAL,42,-42,hit_taken
8475690,Chris Tanev,D,DAL,71,-40,hit_taken
8475690,Chris Tanev,D,DAL,42,-40,hit_taken
8475690,Chris Tanev,D,DAL,98,6,hit_taken
8475690,Chris Tanev,D,DAL,94,28,hit_taken
8475690,Chris Tanev,D,DAL,97,-20,hit_taken
8475690,Chris Tanev,D,DAL,89,34,hit_taken
8475690,Chris Tanev,D,DAL,83,-38,hit_taken
8475690,Chris Tanev,D,DAL,93,-23,hit_taken
8475690,Chris Tanev,D,DAL,88,34,hit_taken
8475690,Chris Tanev,D,DAL,95,-26,hit_taken
8475690,Chris Tanev,D,DAL,82,-37,hit_taken
8475690,Chris Tanev,D,DAL,33,-41,hit_taken
8475690,Chris Tanev,D,DAL,61,-41,hit_taken
8475690,Chris Tanev,D,DAL,94,28,hit_taken
8475690,Chris Tanev,D,DAL,53,39,hit_taken
8475690,Chris Tanev,D,DAL,15,-41,hit_taken
8475690,Chris Tanev,D,DAL,79,38,hit_taken
8475690,Chris Tanev,D,DAL,99,-8,hit_taken
8475690,Chris Tanev,D,DAL,74,-40,hit_taken
8475690,Chris Tanev,D,DAL,98,11,hit_taken
8475690,Chris Tanev,D,DAL,83,17,hit_taken
8475690,Chris Tanev,D,DAL,13,41,hit_taken
8475690,Chris Tanev,D,DAL,42,-40,hit_taken
8475690,Chris Tanev,D,DAL,90,32,hit_taken
8475690,Chris Tanev,D,DAL,98,-5,hit_taken
8475690,Chris Tanev,D,DAL,87,31,hit_taken
8475690,Chris Tanev,D,DAL,70,-40,hit_taken
8475690,Chris Tanev,D,DAL,92,-28,hit_taken
8475690,Chris Tanev,D,DAL,94,29,hit_taken
8475690,Chris Tanev,D,DAL,94,32,hit_taken
8475690,Chris Tanev,D,DAL,98,-16,hit_taken
8475690,Chris Tanev,D,DAL,9,40,hit_taken
8475690,Chris Tanev,D,DAL,56,42,hit_taken
8475690,Chris Tanev,D,DAL,58,41,hit_taken
8475690,Chris Tanev,D,DAL,94,28,hit_taken
8475690,Chris Tanev,D,DAL,93,30,hit_taken
8475690,Chris Tanev,D,DAL,16,-42,hit_taken
8475690,Chris Tanev,D,DAL,98,-11,hit_taken
8475690,Chris Tanev,D,DAL,96,21,hit_taken
8475690,Chris Tanev,D,DAL,81,36,hit_taken
8475690,Chris Tanev,D,DAL,97,27,hit_taken
8475690,Chris Tanev,D,DAL,96,-1,hit_taken
8475690,Chris Tanev,D,DAL,95,19,hit_taken
8475690,Chris Tanev,D,DAL,97,5,hit_taken
8475690,Chris Tanev,D,DAL,91,28,hit_taken
8475690,Chris Tanev,D,DAL,1,39,hit_taken
8475690,Chris Tanev,D,DAL,12,-39,hit_taken
8475690,Chris Tanev,D,DAL,24,-40,hit_taken
8475690,Chris Tanev,D,DAL,97,-4,hit_taken
8475690,Chris Tanev,D,DAL,93,27,hit_taken
8475690,Chris Tanev,D,DAL,98,-7,hit_thrown
8475690,Chris Tanev,D,DAL,97,0,hit_thrown
8475690,Chris Tanev,D,DAL,83,38,hit_thrown
8475690,Chris Tanev,D,DAL,98,-19,hit_thrown
8475690,Chris Tanev,D,DAL,32,40,hit_thrown
8475690,Chris Tanev,D,DAL,77,-40,hit_thrown
8475690,Chris Tanev,D,DAL,95,-24,hit_thrown
8475690,Chris Tanev,D,DAL,66,39,hit_thrown
8475690,Chris Tanev,D,DAL,93,28,hit_thrown
8475690,Chris Tanev,D,DAL,60,40,hit_thrown
8475690,Chris Tanev,D,DAL,85,39,hit_thrown
8475690,Chris Tanev,D,DAL,80,39,hit_thrown
8475690,Chris Tanev,D,DAL,51,41,hit_thrown
8475690,Chris Tanev,D,DAL,89,-33,hit_thrown
8475690,Chris Tanev,D,DAL,91,-32,hit_thrown
8475690,Chris Tanev,D,DAL,98,-17,hit_thrown
8475690,Chris Tanev,D,DAL,81,-4,hit_thrown
8475690,Chris Tanev,D,DAL,63,42,hit_thrown
8475690,Chris Tanev,D,DAL,74,42,hit_thrown
8475690,Chris Tanev,D,DAL,91,32,hit_thrown
8475690,Chris Tanev,D,DAL,75,40,hit_thrown
8475690,Chris Tanev,D,DAL,76,-39,hit_thrown
8475690,Chris Tanev,D,DAL,88,-7,hit_thrown
8475690,Chris Tanev,D,DAL,98,-16,hit_thrown
8475690,Chris Tanev,D,DAL,46,39,hit_thrown
8475690,Chris Tanev,D,DAL,92,31,hit_thrown
8475690,Chris Tanev,D,DAL,94,-31,hit_thrown
8475690,Chris Tanev,D,DAL,64,37,hit_thrown
8475690,Chris Tanev,D,DAL,89,32,hit_thrown
8475690,Chris Tanev,D,DAL,85,36,hit_thrown
8475690,Chris Tanev,D,DAL,96,9,takeaway_hd
8475690,Chris Tanev,D,DAL,77,-13,takeaway_hd
8475690,Chris Tanev,D,DAL,93,-8,takeaway_hd
8475690,Chris Tanev,D,DAL,97,4,takeaway_hd
8475690,Chris Tanev,D,DAL,71,-17,takeaway_hd
8475690,Chris Tanev,D,DAL,61,-21,takeaway_other
8475690,Chris Tanev,D,DAL,66,36,takeaway_other
8475690,Chris Tanev,D,DAL,58,-7,takeaway_other
8475690,Chris Tanev,D,DAL,94,28,takeaway_other
8475714,Calle Jarnkrok,C,TOR,65,15,block_non_hd
8475714,Calle Jarnkrok,C,TOR,61,19,block_non_hd
8475714,Calle Jarnkrok,C,TOR,38,31,block_non_hd
8475714,Calle Jarnkrok,C,TOR,69,22,dz_faceoff_win
8475714,Calle Jarnkrok,C,TOR,60,-39,hit_taken
8475714,Calle Jarnkrok,C,TOR,94,-20,hit_taken
8475714,Calle Jarnkrok,C,TOR,53,-26,hit_taken
8475714,Calle Jarnkrok,C,TOR,86,34,hit_taken
8475714,Calle Jarnkrok,C,TOR,94,-23,hit_taken
8475714,Calle Jarnkrok,C,TOR,98,10,hit_taken
8475714,Calle Jarnkrok,C,TOR,73,-39,hit_taken
8475714,Calle Jarnkrok,C,TOR,98,1,hit_taken
8475714,Calle Jarnkrok,C,TOR,82,34,hit_taken
8475714,Calle Jarnkrok,C,TOR,33,34,hit_thrown
8475714,Calle Jarnkrok,C,TOR,25,-37,hit_thrown
8475714,Calle Jarnkrok,C,TOR,86,28,hit_thrown
8475714,Calle Jarnkrok,C,TOR,65,35,hit_thrown
8475714,Calle Jarnkrok,C,TOR,89,-18,hit_thrown
8475714,Calle Jarnkrok,C,TOR,95,-10,hit_thrown
8475714,Calle Jarnkrok,C,TOR,36,37,hit_thrown
8475714,Calle Jarnkrok,C,TOR,93,-29,hit_thrown
8475722,Jason Zucker,L,NSH,63,-8,block_non_hd
8475722,Jason Zucker,L,NSH,6,38,hit_taken
8475722,Jason Zucker,L,NSH,98,3,hit_taken
8475722,Jason Zucker,L,NSH,81,-38,hit_taken
8475722,Jason Zucker,L,NSH,95,-27,hit_taken
8475722,Jason Zucker,L,NSH,29,-39,hit_taken
8475722,Jason Zucker,L,NSH,3,41,hit_taken
8475722,Jason Zucker,L,NSH,99,-10,hit_taken
8475722,Jason Zucker,L,NSH,92,-29,hit_taken
8475722,Jason Zucker,L,NSH,90,27,hit_taken
8475722,Jason Zucker,L,NSH,97,-4,hit_taken
8475722,Jason Zucker,L,NSH,29,13,hit_taken
8475722,Jason Zucker,L,NSH,93,-28,hit_taken
8475722,Jason Zucker,L,NSH,22,32,hit_taken
8475722,Jason Zucker,L,NSH,85,34,hit_thrown
8475722,Jason Zucker,L,NSH,62,-38,hit_thrown
8475722,Jason Zucker,L,NSH,92,-29,hit_thrown
8475722,Jason Zucker,L,NSH,1,39,hit_thrown
8475722,Jason Zucker,L,NSH,83,-38,hit_thrown
8475722,Jason Zucker,L,NSH,38,-40,hit_thrown
8475722,Jason Zucker,L,NSH,98,-16,hit_thrown
8475722,Jason Zucker,L,NSH,15,-41,hit_thrown
8475722,Jason Zucker,L,NSH,97,-15,hit_thrown
8475722,Jason Zucker,L,NSH,87,-32,hit_thrown
8475722,Jason Zucker,L,NSH,97,8,hit_thrown
8475722,Jason Zucker,L,NSH,85,-34,hit_thrown
8475722,Jason Zucker,L,NSH,5,38,hit_thrown
8475722,Jason Zucker,L,NSH,15,0,hit_thrown
8475722,Jason Zucker,L,NSH,95,-7,hit_thrown
8475722,Jason Zucker,L,NSH,93,26,takeaway_other
8475726,Tyler Toffoli,C,WPG,55,0,block_non_hd
8475726,Tyler Toffoli,C,WPG,57,29,block_non_hd
8475726,Tyler Toffoli,C,WPG,97,14,hit_taken
8475726,Tyler Toffoli,C,WPG,49,-38,hit_taken
8475726,Tyler Toffoli,C,WPG,94,-25,hit_taken
8475726,Tyler Toffoli,C,WPG,57,39,hit_taken
8475726,Tyler Toffoli,C,WPG,32,39,hit_taken
8475726,Tyler Toffoli,C,WPG,63,40,hit_taken
8475726,Tyler Toffoli,C,WPG,99,-14,hit_taken
8475726,Tyler Toffoli,C,WPG,85,-36,hit_taken
8475726,Tyler Toffoli,C,WPG,96,23,hit_taken
8475726,Tyler Toffoli,C,WPG,42,-37,hit_thrown
8475726,Tyler Toffoli,C,WPG,64,-40,hit_thrown
8475726,Tyler Toffoli,C,WPG,96,22,hit_thrown
8475726,Tyler Toffoli,C,WPG,92,-33,hit_thrown
8475726,Tyler Toffoli,C,WPG,84,37,hit_thrown
8475726,Tyler Toffoli,C,WPG,91,33,hit_thrown
8475726,Tyler Toffoli,C,WPG,94,-29,hit_thrown
8475726,Tyler Toffoli,C,WPG,69,40,hit_thrown
8475744,Evgeny Kuznetsov,C,CAR,67,-31,block_non_hd
8475744,Evgeny Kuznetsov,C,CAR,56,-23,block_non_hd
8475744,Evgeny Kuznetsov,C,CAR,78,0,crease_goal
8475744,Evgeny Kuznetsov,C,CAR,69,22,dz_faceoff_win
8475744,Evgeny Kuznetsov,C,CAR,69,22,dz_faceoff_win
8475744,Evgeny Kuznetsov,C,CAR,69,-22,dz_faceoff_win
8475744,Evgeny Kuznetsov,C,CAR,69,22,dz_faceoff_win
8475744,Evgeny Kuznetsov,C,CAR,69,-22,dz_faceoff_win
8475744,Evgeny Kuznetsov,C,CAR,69,-22,dz_faceoff_win
8475744,Evgeny Kuznetsov,C,CAR,69,-22,dz_faceoff_win
8475744,Evgeny Kuznetsov,C,CAR,95,17,hit_taken
8475744,Evgeny Kuznetsov,C,CAR,56,39,hit_taken
8475744,Evgeny Kuznetsov,C,CAR,95,-12,hit_taken
8475744,Evgeny Kuznetsov,C,CAR,90,32,hit_thrown
8475744,Evgeny Kuznetsov,C,CAR,98,-10,hit_thrown
8475744,Evgeny Kuznetsov,C,CAR,76,10,hit_thrown
8475744,Evgeny Kuznetsov,C,CAR,90,-35,hit_thrown
8475744,Evgeny Kuznetsov,C,CAR,73,42,hit_thrown
8475744,Evgeny Kuznetsov,C,CAR,93,-29,hit_thrown
8475744,Evgeny Kuznetsov,C,CAR,96,-17,hit_thrown
8475744,Evgeny Kuznetsov,C,CAR,94,28,hit_thrown
8475744,Evgeny Kuznetsov,C,CAR,24,18,takeaway_other
8475745,Charlie Coyle,C,BOS,79,3,block_hd
8475745,Charlie Coyle,C,BOS,78,5,block_hd
8475745,Charlie Coyle,C,BOS,80,12,block_hd
8475745,Charlie Coyle,C,BOS,81,-4,block_hd
8475745,Charlie Coyle,C,BOS,66,10,block_non_hd
8475745,Charlie Coyle,C,BOS,46,31,block_non_hd
8475745,Charlie Coyle,C,BOS,66,17,block_non_hd
8475745,Charlie Coyle,C,BOS,57,-7,block_non_hd
8475745,Charlie Coyle,C,BOS,60,29,block_non_hd
8475745,Charlie Coyle,C,BOS,57,23,block_non_hd
8475745,Charlie Coyle,C,BOS,56,-21,block_non_hd
8475745,Charlie Coyle,C,BOS,75,37,block_non_hd
8475745,Charlie Coyle,C,BOS,44,-29,block_non_hd
8475745,Charlie Coyle,C,BOS,63,8,block_non_hd
8475745,Charlie Coyle,C,BOS,54,20,block_non_hd
8475745,Charlie Coyle,C,BOS,67,19,block_non_hd
8475745,Charlie Coyle,C,BOS,40,-31,block_non_hd
8475745,Charlie Coyle,C,BOS,67,13,block_non_hd
8475745,Charlie Coyle,C,BOS,69,13,block_non_hd
8475745,Charlie Coyle,C,BOS,46,23,block_non_hd
8475745,Charlie Coyle,C,BOS,68,0,block_non_hd
8475745,Charlie Coyle,C,BOS,61,-17,block_non_hd
8475745,Charlie Coyle,C,BOS,55,10,block_non_hd
8475745,Charlie Coyle,C,BOS,45,23,block_non_hd
8475745,Charlie Coyle,C,BOS,66,0,block_non_hd
8475745,Charlie Coyle,C,BOS,64,17,block_non_hd
8475745,Charlie Coyle,C,BOS,47,-32,block_non_hd
8475745,Charlie Coyle,C,BOS,66,21,block_non_hd
8475745,Charlie Coyle,C,BOS,43,-2,block_non_hd
8475745,Charlie Coyle,C,BOS,84,5,crease_goal
8475745,Charlie Coyle,C,BOS,69,22,dz_faceoff_win
8475745,Charlie Coyle,C,BOS,69,-22,dz_faceoff_win
8475745,Charlie Coyle,C,BOS,69,22,dz_faceoff_win
8475745,Charlie Coyle,C,BOS,69,-22,dz_faceoff_win
8475745,Charlie Coyle,C,BOS,69,22,dz_faceoff_win
8475745,Charlie Coyle,C,BOS,69,22,dz_faceoff_win
8475745,Charlie Coyle,C,BOS,69,-22,dz_faceoff_win
8475745,Charlie Coyle,C,BOS,69,22,dz_faceoff_win
8475745,Charlie Coyle,C,BOS,69,22,dz_faceoff_win
8475745,Charlie Coyle,C,BOS,69,22,dz_faceoff_win
8475745,Charlie Coyle,C,BOS,69,22,dz_faceoff_win
8475745,Charlie Coyle,C,BOS,69,22,dz_faceoff_win
8475745,Charlie Coyle,C,BOS,69,22,dz_faceoff_win
8475745,Charlie Coyle,C,BOS,69,22,dz_faceoff_win
8475745,Charlie Coyle,C,BOS,69,22,dz_faceoff_win
8475745,Charlie Coyle,C,BOS,69,22,dz_faceoff_win
8475745,Charlie Coyle,C,BOS,69,22,dz_faceoff_win
8475745,Charlie Coyle,C,BOS,69,22,dz_faceoff_win
8475745,Charlie Coyle,C,BOS,69,22,dz_faceoff_win
8475745,Charlie Coyle,C,BOS,69,22,dz_faceoff_win
8475745,Charlie Coyle,C,BOS,69,22,dz_faceoff_win
8475745,Charlie Coyle,C,BOS,69,22,dz_faceoff_win
8475745,Charlie Coyle,C,BOS,69,-22,dz_faceoff_win
8475745,Charlie Coyle,C,BOS,69,-22,dz_faceoff_win
8475745,Charlie Coyle,C,BOS,69,-22,dz_faceoff_win
8475745,Charlie Coyle,C,BOS,69,22,dz_faceoff_win
8475745,Charlie Coyle,C,BOS,69,22,dz_faceoff_win
8475745,Charlie Coyle,C,BOS,69,22,dz_faceoff_win
8475745,Charlie Coyle,C,BOS,69,-22,dz_faceoff_win
8475745,Charlie Coyle,C,BOS,69,22,dz_faceoff_win
8475745,Charlie Coyle,C,BOS,69,-22,dz_faceoff_win
8475745,Charlie Coyle,C,BOS,69,22,dz_faceoff_win
8475745,Charlie Coyle,C,BOS,69,22,dz_faceoff_win
8475745,Charlie Coyle,C,BOS,69,22,dz_faceoff_win
8475745,Charlie Coyle,C,BOS,69,22,dz_faceoff_win
8475745,Charlie Coyle,C,BOS,69,-22,dz_faceoff_win
8475745,Charlie Coyle,C,BOS,69,22,dz_faceoff_win
8475745,Charlie Coyle,C,BOS,69,22,dz_faceoff_win
8475745,Charlie Coyle,C,BOS,69,22,dz_faceoff_win
8475745,Charlie Coyle,C,BOS,69,22,dz_faceoff_win
8475745,Charlie Coyle,C,BOS,69,22,dz_faceoff_win
8475745,Charlie Coyle,C,BOS,69,22,dz_faceoff_win
8475745,Charlie Coyle,C,BOS,69,22,dz_faceoff_win
8475745,Charlie Coyle,C,BOS,69,22,dz_faceoff_win
8475745,Charlie Coyle,C,BOS,69,-22,dz_faceoff_win
8475745,Charlie Coyle,C,BOS,69,22,dz_faceoff_win
8475745,Charlie Coyle,C,BOS,69,22,dz_faceoff_win
8475745,Charlie Coyle,C,BOS,69,22,dz_faceoff_win
8475745,Charlie Coyle,C,BOS,69,-22,dz_faceoff_win
8475745,Charlie Coyle,C,BOS,69,-22,dz_faceoff_win
8475745,Charlie Coyle,C,BOS,69,22,dz_faceoff_win
8475745,Charlie Coyle,C,BOS,69,22,dz_faceoff_win
8475745,Charlie Coyle,C,BOS,69,22,dz_faceoff_win
8475745,Charlie Coyle,C,BOS,69,22,dz_faceoff_win
8475745,Charlie Coyle,C,BOS,69,22,dz_faceoff_win
8475745,Charlie Coyle,C,BOS,69,22,dz_faceoff_win
8475745,Charlie Coyle,C,BOS,89,-26,hit_taken
8475745,Charlie Coyle,C,BOS,38,-33,hit_taken
8475745,Charlie Coyle,C,BOS,33,34,hit_taken
8475745,Charlie Coyle,C,BOS,98,-14,hit_taken
8475745,Charlie Coyle,C,BOS,66,-35,hit_taken
8475745,Charlie Coyle,C,BOS,55,36,hit_taken
8475745,Charlie Coyle,C,BOS,47,-34,hit_taken
8475745,Charlie Coyle,C,BOS,11,-21,hit_taken
8475745,Charlie Coyle,C,BOS,92,21,hit_taken
8475745,Charlie Coyle,C,BOS,58,38,hit_taken
8475745,Charlie Coyle,C,BOS,88,-34,hit_taken
8475745,Charlie Coyle,C,BOS,61,-6,hit_taken
8475745,Charlie Coyle,C,BOS,93,-21,hit_taken
8475745,Charlie Coyle,C,BOS,64,-41,hit_taken
8475745,Charlie Coyle,C,BOS,19,-39,hit_taken
8475745,Charlie Coyle,C,BOS,42,-37,hit_taken
8475745,Charlie Coyle,C,BOS,96,20,hit_taken
8475745,Charlie Coyle,C,BOS,99,-16,hit_taken
8475745,Charlie Coyle,C,BOS,38,-40,hit_taken
8475745,Charlie Coyle,C,BOS,86,37,hit_taken
8475745,Charlie Coyle,C,BOS,32,35,hit_taken
8475745,Charlie Coyle,C,BOS,49,-33,hit_taken
8475745,Charlie Coyle,C,BOS,59,39,hit_taken
8475745,Charlie Coyle,C,BOS,34,-40,hit_taken
8475745,Charlie Coyle,C,BOS,75,-36,hit_taken
8475745,Charlie Coyle,C,BOS,8,40,hit_taken
8475745,Charlie Coyle,C,BOS,76,-37,hit_taken
8475745,Charlie Coyle,C,BOS,2,38,hit_taken
8475745,Charlie Coyle,C,BOS,8,-27,hit_taken
8475745,Charlie Coyle,C,BOS,23,-10,hit_taken
8475745,Charlie Coyle,C,BOS,16,36,hit_thrown
8475745,Charlie Coyle,C,BOS,85,27,hit_thrown
8475745,Charlie Coyle,C,BOS,94,-31,hit_thrown
8475745,Charlie Coyle,C,BOS,88,-25,hit_thrown
8475745,Charlie Coyle,C,BOS,5,37,hit_thrown
8475745,Charlie Coyle,C,BOS,95,24,hit_thrown
8475745,Charlie Coyle,C,BOS,66,39,hit_thrown
8475745,Charlie Coyle,C,BOS,94,-25,hit_thrown
8475745,Charlie Coyle,C,BOS,70,40,hit_thrown
8475745,Charlie Coyle,C,BOS,86,34,hit_thrown
8475745,Charlie Coyle,C,BOS,65,-40,hit_thrown
8475745,Charlie Coyle,C,BOS,63,41,hit_thrown
8475745,Charlie Coyle,C,BOS,88,-33,hit_thrown
8475745,Charlie Coyle,C,BOS,95,19,hit_thrown
8475745,Charlie Coyle,C,BOS,98,20,hit_thrown
8475745,Charlie Coyle,C,BOS,53,40,hit_thrown
8475745,Charlie Coyle,C,BOS,90,-28,hit_thrown
8475745,Charlie Coyle,C,BOS,72,-37,hit_thrown
8475745,Charlie Coyle,C,BOS,83,-37,hit_thrown
8475745,Charlie Coyle,C,BOS,98,-20,hit_thrown
8475745,Charlie Coyle,C,BOS,94,30,hit_thrown
8475745,Charlie Coyle,C,BOS,72,37,hit_thrown
8475745,Charlie Coyle,C,BOS,95,-27,hit_thrown
8475745,Charlie Coyle,C,BOS,98,7,hit_thrown
8475745,Charlie Coyle,C,BOS,97,-10,hit_thrown
8475745,Charlie Coyle,C,BOS,86,29,hit_thrown
8475745,Charlie Coyle,C,BOS,98,-19,hit_thrown
8475745,Charlie Coyle,C,BOS,28,-38,hit_thrown
8475745,Charlie Coyle,C,BOS,92,29,hit_thrown
8475745,Charlie Coyle,C,BOS,76,-38,hit_thrown
8475745,Charlie Coyle,C,BOS,93,-24,hit_thrown
8475745,Charlie Coyle,C,BOS,71,39,hit_thrown
8475745,Charlie Coyle,C,BOS,29,38,hit_thrown
8475745,Charlie Coyle,C,BOS,39,-37,hit_thrown
8475745,Charlie Coyle,C,BOS,95,6,hit_thrown
8475745,Charlie Coyle,C,BOS,76,-38,hit_thrown
8475745,Charlie Coyle,C,BOS,62,40,hit_thrown
8475745,Charlie Coyle,C,BOS,82,-35,hit_thrown
8475745,Charlie Coyle,C,BOS,69,36,hit_thrown
8475745,Charlie Coyle,C,BOS,6,-41,hit_thrown
8475745,Charlie Coyle,C,BOS,94,18,hit_thrown
8475745,Charlie Coyle,C,BOS,47,-38,hit_thrown
8475745,Charlie Coyle,C,BOS,50,36,hit_thrown
8475745,Charlie Coyle,C,BOS,97,-2,hit_thrown
8475745,Charlie Coyle,C,BOS,94,26,hit_thrown
8475745,Charlie Coyle,C,BOS,86,25,hit_thrown
8475745,Charlie Coyle,C,BOS,4,-39,hit_thrown
8475745,Charlie Coyle,C,BOS,6,-39,hit_thrown
8475745,Charlie Coyle,C,BOS,77,-38,hit_thrown
8475745,Charlie Coyle,C,BOS,93,26,hit_thrown
8475745,Charlie Coyle,C,BOS,92,30,hit_thrown
8475745,Charlie Coyle,C,BOS,88,35,hit_thrown
8475745,Charlie Coyle,C,BOS,66,39,hit_thrown
8475745,Charlie Coyle,C,BOS,74,39,hit_thrown
8475745,Charlie Coyle,C,BOS,11,-32,hit_thrown
8475745,Charlie Coyle,C,BOS,1,40,hit_thrown
8475745,Charlie Coyle,C,BOS,74,39,hit_thrown
8475745,Charlie Coyle,C,BOS,63,40,hit_thrown
8475745,Charlie Coyle,C,BOS,86,-30,hit_thrown
8475745,Charlie Coyle,C,BOS,87,16,takeaway_hd
8475745,Charlie Coyle,C,BOS,11,-11,takeaway_other
8475745,Charlie Coyle,C,BOS,8,24,takeaway_other
8475745,Charlie Coyle,C,BOS,11,-20,takeaway_other
8475745,Charlie Coyle,C,BOS,5,-13,takeaway_other
8475745,Charlie Coyle,C,BOS,26,37,takeaway_other
8475754,Brock Nelson,C,NYI,80,14,block_hd
8475754,Brock Nelson,C,NYI,84,-8,block_hd
8475754,Brock Nelson,C,NYI,56,-36,block_non_hd
8475754,Brock Nelson,C,NYI,62,-1,block_non_hd
8475754,Brock Nelson,C,NYI,68,-15,block_non_hd
8475754,Brock Nelson,C,NYI,78,28,block_non_hd
8475754,Brock Nelson,C,NYI,27,-26,block_non_hd
8475754,Brock Nelson,C,NYI,65,-27,block_non_hd
8475754,Brock Nelson,C,NYI,83,-4,crease_goal
8475754,Brock Nelson,C,NYI,69,22,dz_faceoff_win
8475754,Brock Nelson,C,NYI,69,22,dz_faceoff_win
8475754,Brock Nelson,C,NYI,69,22,dz_faceoff_win
8475754,Brock Nelson,C,NYI,69,22,dz_faceoff_win
8475754,Brock Nelson,C,NYI,69,22,dz_faceoff_win
8475754,Brock Nelson,C,NYI,69,22,dz_faceoff_win
8475754,Brock Nelson,C,NYI,69,22,dz_faceoff_win
8475754,Brock Nelson,C,NYI,69,22,dz_faceoff_win
8475754,Brock Nelson,C,NYI,69,-22,dz_faceoff_win
8475754,Brock Nelson,C,NYI,69,22,dz_faceoff_win
8475754,Brock Nelson,C,NYI,46,-41,hit_taken
8475754,Brock Nelson,C,NYI,97,-2,hit_taken
8475754,Brock Nelson,C,NYI,71,-39,hit_taken
8475754,Brock Nelson,C,NYI,66,39,hit_taken
8475754,Brock Nelson,C,NYI,95,-24,hit_thrown
8475754,Brock Nelson,C,NYI,84,38,hit_thrown
8475754,Brock Nelson,C,NYI,96,-5,hit_thrown
8475754,Brock Nelson,C,NYI,53,-28,takeaway_other
8475755,Alexander Petrovic,D,DAL,83,-5,block_hd
8475755,Alexander Petrovic,D,DAL,85,-10,block_hd
8475755,Alexander Petrovic,D,DAL,67,31,block_non_hd
8475755,Alexander Petrovic,D,DAL,66,10,block_non_hd
8475755,Alexander Petrovic,D,DAL,73,41,hit_taken
8475755,Alexander Petrovic,D,DAL,44,-40,hit_taken
8475755,Alexander Petrovic,D,DAL,2,40,hit_taken
8475755,Alexander Petrovic,D,DAL,87,34,hit_taken
8475755,Alexander Petrovic,D,DAL,91,30,hit_taken
8475755,Alexander Petrovic,D,DAL,95,23,hit_taken
8475755,Alexander Petrovic,D,DAL,92,-30,hit_taken
8475755,Alexander Petrovic,D,DAL,98,-13,hit_taken
8475755,Alexander Petrovic,D,DAL,93,-20,hit_taken
8475755,Alexander Petrovic,D,DAL,68,34,hit_taken
8475755,Alexander Petrovic,D,DAL,96,-14,hit_taken
8475755,Alexander Petrovic,D,DAL,0,39,hit_taken
8475755,Alexander Petrovic,D,DAL,55,38,hit_thrown
8475755,Alexander Petrovic,D,DAL,45,-38,hit_thrown
8475755,Alexander Petrovic,D,DAL,76,39,hit_thrown
8475755,Alexander Petrovic,D,DAL,98,-4,hit_thrown
8475755,Alexander Petrovic,D,DAL,95,23,hit_thrown
8475755,Alexander Petrovic,D,DAL,96,-11,hit_thrown
8475755,Alexander Petrovic,D,DAL,97,-19,hit_thrown
8475755,Alexander Petrovic,D,DAL,34,-40,hit_thrown
8475755,Alexander Petrovic,D,DAL,97,-17,hit_thrown
8475755,Alexander Petrovic,D,DAL,97,-13,hit_thrown
8475755,Alexander Petrovic,D,DAL,55,-42,hit_thrown
8475755,Alexander Petrovic,D,DAL,78,-40,hit_thrown
8475755,Alexander Petrovic,D,DAL,96,-19,hit_thrown
8475755,Alexander Petrovic,D,DAL,2,-36,hit_thrown
8475755,Alexander Petrovic,D,DAL,97,12,takeaway_hd
8475755,Alexander Petrovic,D,DAL,43,40,takeaway_other
8475755,Alexander Petrovic,D,DAL,29,-41,takeaway_other
8475755,Alexander Petrovic,D,DAL,43,36,takeaway_other
8475755,Alexander Petrovic,D,DAL,32,-27,takeaway_other
8475762,Derek Forbort,D,BOS,86,5,block_hd
8475762,Derek Forbort,D,BOS,82,-7,block_hd
8475762,Derek Forbort,D,BOS,71,14,block_hd
8475762,Derek Forbort,D,BOS,74,12,block_hd
8475762,Derek Forbort,D,BOS,87,-7,block_hd
8475762,Derek Forbort,D,BOS,64,13,block_non_hd
8475762,Derek Forbort,D,BOS,70,-19,block_non_hd
8475762,Derek Forbort,D,BOS,88,33,hit_taken
8475762,Derek Forbort,D,BOS,97,-10,hit_taken
8475762,Derek Forbort,D,BOS,90,-27,hit_taken
8475762,Derek Forbort,D,BOS,96,-14,hit_taken
8475762,Derek Forbort,D,BOS,97,0,hit_taken
8475762,Derek Forbort,D,BOS,63,-39,hit_taken
8475762,Derek Forbort,D,BOS,95,-22,hit_taken
8475762,Derek Forbort,D,BOS,85,33,hit_taken
8475762,Derek Forbort,D,BOS,96,18,hit_taken
8475762,Derek Forbort,D,BOS,39,37,hit_taken
8475762,Derek Forbort,D,BOS,79,36,hit_taken
8475762,Derek Forbort,D,BOS,95,27,hit_taken
8475762,Derek Forbort,D,BOS,42,-36,hit_taken
8475762,Derek Forbort,D,BOS,77,-40,hit_thrown
8475762,Derek Forbort,D,BOS,30,37,hit_thrown
8475762,Derek Forbort,D,BOS,92,-23,hit_thrown
8475762,Derek Forbort,D,BOS,75,-40,hit_thrown
8475762,Derek Forbort,D,BOS,95,-21,hit_thrown
8475762,Derek Forbort,D,BOS,70,-34,hit_thrown
8475762,Derek Forbort,D,BOS,74,-38,hit_thrown
8475762,Derek Forbort,D,BOS,96,-3,hit_thrown
8475762,Derek Forbort,D,BOS,27,-39,hit_thrown
8475762,Derek Forbort,D,BOS,85,31,hit_thrown
8475762,Derek Forbort,D,BOS,95,-23,hit_thrown
8475762,Derek Forbort,D,BOS,89,20,hit_thrown
8475765,Vladimir Tarasenko,R,FLA,78,0,block_hd
8475765,Vladimir Tarasenko,R,FLA,81,15,block_hd
8475765,Vladimir Tarasenko,R,FLA,76,0,block_hd
8475765,Vladimir Tarasenko,R,FLA,79,6,block_hd
8475765,Vladimir Tarasenko,R,FLA,74,11,block_hd
8475765,Vladimir Tarasenko,R,FLA,70,-5,block_hd
8475765,Vladimir Tarasenko,R,FLA,60,-13,block_non_hd
8475765,Vladimir Tarasenko,R,FLA,48,-2,block_non_hd
8475765,Vladimir Tarasenko,R,FLA,51,-12,block_non_hd
8475765,Vladimir Tarasenko,R,FLA,55,3,block_non_hd
8475765,Vladimir Tarasenko,R,FLA,69,-16,block_non_hd
8475765,Vladimir Tarasenko,R,FLA,58,-22,block_non_hd
8475765,Vladimir Tarasenko,R,FLA,59,-20,block_non_hd
8475765,Vladimir Tarasenko,R,FLA,69,24,block_non_hd
8475765,Vladimir Tarasenko,R,FLA,55,10,block_non_hd
8475765,Vladimir Tarasenko,R,FLA,42,-5,block_non_hd
8475765,Vladimir Tarasenko,R,FLA,37,-24,block_non_hd
8475765,Vladimir Tarasenko,R,FLA,64,-16,block_non_hd
8475765,Vladimir Tarasenko,R,FLA,44,21,block_non_hd
8475765,Vladimir Tarasenko,R,FLA,68,2,block_non_hd
8475765,Vladimir Tarasenko,R,FLA,67,24,block_non_hd
8475765,Vladimir Tarasenko,R,FLA,62,-9,block_non_hd
8475765,Vladimir Tarasenko,R,FLA,43,33,block_non_hd
8475765,Vladimir Tarasenko,R,FLA,59,35,block_non_hd
8475765,Vladimir Tarasenko,R,FLA,80,3,crease_goal
8475765,Vladimir Tarasenko,R,FLA,88,35,hit_taken
8475765,Vladimir Tarasenko,R,FLA,75,40,hit_taken
8475765,Vladimir Tarasenko,R,FLA,59,-39,hit_taken
8475765,Vladimir Tarasenko,R,FLA,87,-35,hit_taken
8475765,Vladimir Tarasenko,R,FLA,81,36,hit_taken
8475765,Vladimir Tarasenko,R,FLA,81,37,hit_taken
8475765,Vladimir Tarasenko,R,FLA,92,-33,hit_taken
8475765,Vladimir Tarasenko,R,FLA,22,-39,hit_taken
8475765,Vladimir Tarasenko,R,FLA,90,-32,hit_taken
8475765,Vladimir Tarasenko,R,FLA,75,-39,hit_taken
8475765,Vladimir Tarasenko,R,FLA,6,-41,hit_taken
8475765,Vladimir Tarasenko,R,FLA,10,-40,hit_taken
8475765,Vladimir Tarasenko,R,FLA,39,39,hit_taken
8475765,Vladimir Tarasenko,R,FLA,94,26,hit_taken
8475765,Vladimir Tarasenko,R,FLA,8,42,hit_taken
8475765,Vladimir Tarasenko,R,FLA,69,38,hit_taken
8475765,Vladimir Tarasenko,R,FLA,65,39,hit_taken
8475765,Vladimir Tarasenko,R,FLA,69,39,hit_taken
8475765,Vladimir Tarasenko,R,FLA,77,38,hit_taken
8475765,Vladimir Tarasenko,R,FLA,94,-26,hit_taken
8475765,Vladimir Tarasenko,R,FLA,76,-38,hit_taken
8475765,Vladimir Tarasenko,R,FLA,81,-6,hit_taken
8475765,Vladimir Tarasenko,R,FLA,69,39,hit_taken
8475765,Vladimir Tarasenko,R,FLA,73,-40,hit_taken
8475765,Vladimir Tarasenko,R,FLA,15,38,hit_taken
8475765,Vladimir Tarasenko,R,FLA,71,35,hit_taken
8475765,Vladimir Tarasenko,R,FLA,93,27,hit_taken
8475765,Vladimir Tarasenko,R,FLA,95,-11,hit_taken
8475765,Vladimir Tarasenko,R,FLA,61,32,hit_taken
8475765,Vladimir Tarasenko,R,FLA,87,24,hit_taken
8475765,Vladimir Tarasenko,R,FLA,20,39,hit_taken
8475765,Vladimir Tarasenko,R,FLA,70,36,hit_taken
8475765,Vladimir Tarasenko,R,FLA,37,37,hit_taken
8475765,Vladimir Tarasenko,R,FLA,46,39,hit_taken
8475765,Vladimir Tarasenko,R,FLA,87,-11,hit_taken
8475765,Vladimir Tarasenko,R,FLA,81,38,hit_taken
8475765,Vladimir Tarasenko,R,FLA,14,-40,hit_taken
8475765,Vladimir Tarasenko,R,FLA,46,-37,hit_taken
8475765,Vladimir Tarasenko,R,FLA,36,41,hit_taken
8475765,Vladimir Tarasenko,R,FLA,7,-41,hit_taken
8475765,Vladimir Tarasenko,R,FLA,85,37,hit_taken
8475765,Vladimir Tarasenko,R,FLA,81,34,hit_taken
8475765,Vladimir Tarasenko,R,FLA,30,-41,hit_taken
8475765,Vladimir Tarasenko,R,FLA,14,-40,hit_taken
8475765,Vladimir Tarasenko,R,FLA,34,-12,hit_taken
8475765,Vladimir Tarasenko,R,FLA,64,37,hit_taken
8475765,Vladimir Tarasenko,R,FLA,13,-39,hit_taken
8475765,Vladimir Tarasenko,R,FLA,67,38,hit_taken
8475765,Vladimir Tarasenko,R,FLA,98,-16,hit_taken
8475765,Vladimir Tarasenko,R,FLA,93,-20,hit_taken
8475765,Vladimir Tarasenko,R,FLA,58,-39,hit_taken
8475765,Vladimir Tarasenko,R,FLA,96,-10,hit_thrown
8475765,Vladimir Tarasenko,R,FLA,95,-30,hit_thrown
8475765,Vladimir Tarasenko,R,FLA,20,18,hit_thrown
8475765,Vladimir Tarasenko,R,FLA,96,18,hit_thrown
8475765,Vladimir Tarasenko,R,FLA,50,-40,hit_thrown
8475765,Vladimir Tarasenko,R,FLA,44,-38,hit_thrown
8475765,Vladimir Tarasenko,R,FLA,76,39,hit_thrown
8475765,Vladimir Tarasenko,R,FLA,5,-39,hit_thrown
8475765,Vladimir Tarasenko,R,FLA,92,13,hit_thrown
8475765,Vladimir Tarasenko,R,FLA,81,-36,hit_thrown
8475765,Vladimir Tarasenko,R,FLA,8,40,hit_thrown
8475765,Vladimir Tarasenko,R,FLA,14,39,hit_thrown
8475765,Vladimir Tarasenko,R,FLA,94,11,hit_thrown
8475765,Vladimir Tarasenko,R,FLA,97,25,hit_thrown
8475765,Vladimir Tarasenko,R,FLA,4,-40,hit_thrown
8475765,Vladimir Tarasenko,R,FLA,81,-31,hit_thrown
8475765,Vladimir Tarasenko,R,FLA,7,-5,hit_thrown
8475765,Vladimir Tarasenko,R,FLA,96,3,hit_thrown
8475765,Vladimir Tarasenko,R,FLA,23,-10,hit_thrown
8475765,Vladimir Tarasenko,R,FLA,50,-38,hit_thrown
8475765,Vladimir Tarasenko,R,FLA,6,-38,hit_thrown
8475765,Vladimir Tarasenko,R,FLA,71,-40,hit_thrown
8475765,Vladimir Tarasenko,R,FLA,15,37,hit_thrown
8475765,Vladimir Tarasenko,R,FLA,96,-6,hit_thrown
8475765,Vladimir Tarasenko,R,FLA,93,-8,hit_thrown
8475765,Vladimir Tarasenko,R,FLA,90,31,hit_thrown
8475765,Vladimir Tarasenko,R,FLA,7,39,hit_thrown
8475765,Vladimir Tarasenko,R,FLA,36,-40,hit_thrown
8475765,Vladimir Tarasenko,R,FLA,86,33,hit_thrown
8475765,Vladimir Tarasenko,R,FLA,22,6,hit_thrown
8475765,Vladimir Tarasenko,R,FLA,54,-38,hit_thrown
8475765,Vladimir Tarasenko,R,FLA,73,-34,hit_thrown
8475765,Vladimir Tarasenko,R,FLA,78,35,hit_thrown
8475765,Vladimir Tarasenko,R,FLA,75,39,hit_thrown
8475765,Vladimir Tarasenko,R,FLA,99,13,hit_thrown
8475765,Vladimir Tarasenko,R,FLA,94,8,hit_thrown
8475765,Vladimir Tarasenko,R,FLA,39,32,hit_thrown
8475765,Vladimir Tarasenko,R,FLA,95,26,hit_thrown
8475765,Vladimir Tarasenko,R,FLA,86,35,hit_thrown
8475765,Vladimir Tarasenko,R,FLA,35,39,hit_thrown
8475765,Vladimir Tarasenko,R,FLA,89,29,hit_thrown
8475765,Vladimir Tarasenko,R,FLA,10,36,hit_thrown
8475765,Vladimir Tarasenko,R,FLA,96,-19,hit_thrown
8475765,Vladimir Tarasenko,R,FLA,50,37,hit_thrown
8475765,Vladimir Tarasenko,R,FLA,96,11,hit_thrown
8475765,Vladimir Tarasenko,R,FLA,38,34,hit_thrown
8475765,Vladimir Tarasenko,R,FLA,21,0,takeaway_other
8475765,Vladimir Tarasenko,R,FLA,44,-41,takeaway_other
8475765,Vladimir Tarasenko,R,FLA,50,-12,takeaway_other
8475780,Chris Wagner,R,COL,80,-2,block_hd
8475780,Chris Wagner,R,COL,69,22,dz_faceoff_win
8475780,Chris Wagner,R,COL,96,25,hit_taken
8475780,Chris Wagner,R,COL,96,-20,hit_taken
8475780,Chris Wagner,R,COL,89,34,hit_taken
8475780,Chris Wagner,R,COL,97,-18,hit_taken
8475780,Chris Wagner,R,COL,76,39,hit_taken
8475780,Chris Wagner,R,COL,8,41,hit_taken
8475780,Chris Wagner,R,COL,92,-25,hit_thrown
8475780,Chris Wagner,R,COL,5,39,hit_thrown
8475780,Chris Wagner,R,COL,91,-26,hit_thrown
8475780,Chris Wagner,R,COL,2,40,hit_thrown
8475780,Chris Wagner,R,COL,7,-26,hit_thrown
8475780,Chris Wagner,R,COL,68,-38,hit_thrown
8475780,Chris Wagner,R,COL,97,-17,hit_thrown
8475780,Chris Wagner,R,COL,98,18,hit_thrown
8475780,Chris Wagner,R,COL,96,-8,hit_thrown
8475780,Chris Wagner,R,COL,92,30,hit_thrown
8475786,Zach Hyman,L,EDM,77,0,block_hd
8475786,Zach Hyman,L,EDM,71,2,block_hd
8475786,Zach Hyman,L,EDM,80,-1,block_hd
8475786,Zach Hyman,L,EDM,81,-4,block_hd
8475786,Zach Hyman,L,EDM,79,-5,block_hd
8475786,Zach Hyman,L,EDM,73,3,block_hd
8475786,Zach Hyman,L,EDM,75,0,block_hd
8475786,Zach Hyman,L,EDM,58,-22,block_non_hd
8475786,Zach Hyman,L,EDM,51,26,block_non_hd
8475786,Zach Hyman,L,EDM,59,4,block_non_hd
8475786,Zach Hyman,L,EDM,60,18,block_non_hd
8475786,Zach Hyman,L,EDM,40,-14,block_non_hd
8475786,Zach Hyman,L,EDM,67,-8,block_non_hd
8475786,Zach Hyman,L,EDM,11,12,block_non_hd
8475786,Zach Hyman,L,EDM,62,22,block_non_hd
8475786,Zach Hyman,L,EDM,62,-14,block_non_hd
8475786,Zach Hyman,L,EDM,72,35,block_non_hd
8475786,Zach Hyman,L,EDM,62,-16,block_non_hd
8475786,Zach Hyman,L,EDM,43,-25,block_non_hd
8475786,Zach Hyman,L,EDM,55,-5,block_non_hd
8475786,Zach Hyman,L,EDM,80,-5,crease_goal
8475786,Zach Hyman,L,EDM,84,2,crease_goal
8475786,Zach Hyman,L,EDM,87,2,crease_goal
8475786,Zach Hyman,L,EDM,83,0,crease_goal
8475786,Zach Hyman,L,EDM,84,1,crease_goal
8475786,Zach Hyman,L,EDM,80,-1,crease_goal
8475786,Zach Hyman,L,EDM,80,4,crease_goal
8475786,Zach Hyman,L,EDM,79,0,crease_goal
8475786,Zach Hyman,L,EDM,81,-1,crease_goal
8475786,Zach Hyman,L,EDM,69,22,dz_faceoff_win
8475786,Zach Hyman,L,EDM,94,-1,hit_taken
8475786,Zach Hyman,L,EDM,56,40,hit_taken
8475786,Zach Hyman,L,EDM,94,-29,hit_taken
8475786,Zach Hyman,L,EDM,89,36,hit_taken
8475786,Zach Hyman,L,EDM,74,41,hit_taken
8475786,Zach Hyman,L,EDM,61,-41,hit_taken
8475786,Zach Hyman,L,EDM,72,38,hit_taken
8475786,Zach Hyman,L,EDM,51,39,hit_taken
8475786,Zach Hyman,L,EDM,56,39,hit_taken
8475786,Zach Hyman,L,EDM,55,-38,hit_taken
8475786,Zach Hyman,L,EDM,41,39,hit_taken
8475786,Zach Hyman,L,EDM,59,41,hit_taken
8475786,Zach Hyman,L,EDM,97,-19,hit_taken
8475786,Zach Hyman,L,EDM,72,33,hit_taken
8475786,Zach Hyman,L,EDM,95,-9,hit_taken
8475786,Zach Hyman,L,EDM,43,-35,hit_taken
8475786,Zach Hyman,L,EDM,23,39,hit_taken
8475786,Zach Hyman,L,EDM,85,-35,hit_taken
8475786,Zach Hyman,L,EDM,95,-23,hit_taken
8475786,Zach Hyman,L,EDM,99,-1,hit_taken
8475786,Zach Hyman,L,EDM,88,35,hit_taken
8475786,Zach Hyman,L,EDM,72,-16,hit_taken
8475786,Zach Hyman,L,EDM,12,38,hit_taken
8475786,Zach Hyman,L,EDM,8,-27,hit_taken
8475786,Zach Hyman,L,EDM,17,-36,hit_taken
8475786,Zach Hyman,L,EDM,73,-38,hit_taken
8475786,Zach Hyman,L,EDM,57,-24,hit_taken
8475786,Zach Hyman,L,EDM,45,40,hit_taken
8475786,Zach Hyman,L,EDM,42,-39,hit_taken
8475786,Zach Hyman,L,EDM,98,-8,hit_taken
8475786,Zach Hyman,L,EDM,74,36,hit_taken
8475786,Zach Hyman,L,EDM,84,35,hit_taken
8475786,Zach Hyman,L,EDM,39,-42,hit_taken
8475786,Zach Hyman,L,EDM,98,-22,hit_taken
8475786,Zach Hyman,L,EDM,87,-34,hit_taken
8475786,Zach Hyman,L,EDM,62,-41,hit_taken
8475786,Zach Hyman,L,EDM,99,20,hit_taken
8475786,Zach Hyman,L,EDM,77,40,hit_taken
8475786,Zach Hyman,L,EDM,98,-16,hit_taken
8475786,Zach Hyman,L,EDM,31,-41,hit_taken
8475786,Zach Hyman,L,EDM,42,41,hit_taken
8475786,Zach Hyman,L,EDM,84,-35,hit_taken
8475786,Zach Hyman,L,EDM,94,-27,hit_taken
8475786,Zach Hyman,L,EDM,97,-8,hit_taken
8475786,Zach Hyman,L,EDM,86,-36,hit_taken
8475786,Zach Hyman,L,EDM,72,36,hit_taken
8475786,Zach Hyman,L,EDM,39,38,hit_taken
8475786,Zach Hyman,L,EDM,94,27,hit_taken
8475786,Zach Hyman,L,EDM,94,-31,hit_taken
8475786,Zach Hyman,L,EDM,73,35,hit_taken
8475786,Zach Hyman,L,EDM,49,37,hit_taken
8475786,Zach Hyman,L,EDM,96,-24,hit_taken
8475786,Zach Hyman,L,EDM,64,37,hit_taken
8475786,Zach Hyman,L,EDM,96,3,hit_taken
8475786,Zach Hyman,L,EDM,74,-40,hit_taken
8475786,Zach Hyman,L,EDM,96,23,hit_taken
8475786,Zach Hyman,L,EDM,28,39,hit_taken
8475786,Zach Hyman,L,EDM,95,25,hit_taken
8475786,Zach Hyman,L,EDM,23,40,hit_taken
8475786,Zach Hyman,L,EDM,68,-40,hit_taken
8475786,Zach Hyman,L,EDM,98,4,hit_taken
8475786,Zach Hyman,L,EDM,18,-38,hit_taken
8475786,Zach Hyman,L,EDM,49,35,hit_taken
8475786,Zach Hyman,L,EDM,54,-39,hit_taken
8475786,Zach Hyman,L,EDM,15,33,hit_taken
8475786,Zach Hyman,L,EDM,97,-8,hit_taken
8475786,Zach Hyman,L,EDM,29,-11,hit_taken
8475786,Zach Hyman,L,EDM,49,36,hit_taken
8475786,Zach Hyman,L,EDM,73,33,hit_taken
8475786,Zach Hyman,L,EDM,96,-20,hit_taken
8475786,Zach Hyman,L,EDM,98,-2,hit_taken
8475786,Zach Hyman,L,EDM,4,8,hit_thrown
8475786,Zach Hyman,L,EDM,37,-41,hit_thrown
8475786,Zach Hyman,L,EDM,87,34,hit_thrown
8475786,Zach Hyman,L,EDM,90,-31,hit_thrown
8475786,Zach Hyman,L,EDM,90,30,hit_thrown
8475786,Zach Hyman,L,EDM,40,-40,hit_thrown
8475786,Zach Hyman,L,EDM,97,16,hit_thrown
8475786,Zach Hyman,L,EDM,32,29,hit_thrown
8475786,Zach Hyman,L,EDM,89,-29,hit_thrown
8475786,Zach Hyman,L,EDM,93,-27,hit_thrown
8475786,Zach Hyman,L,EDM,97,19,hit_thrown
8475786,Zach Hyman,L,EDM,13,41,hit_thrown
8475786,Zach Hyman,L,EDM,85,36,hit_thrown
8475786,Zach Hyman,L,EDM,43,40,hit_thrown
8475786,Zach Hyman,L,EDM,46,39,hit_thrown
8475786,Zach Hyman,L,EDM,95,-23,hit_thrown
8475786,Zach Hyman,L,EDM,93,21,hit_thrown
8475786,Zach Hyman,L,EDM,95,-9,hit_thrown
8475786,Zach Hyman,L,EDM,35,15,hit_thrown
8475786,Zach Hyman,L,EDM,64,-39,hit_thrown
8475786,Zach Hyman,L,EDM,97,-23,hit_thrown
8475786,Zach Hyman,L,EDM,98,11,hit_thrown
8475786,Zach Hyman,L,EDM,86,35,hit_thrown
8475786,Zach Hyman,L,EDM,99,-4,hit_thrown
8475786,Zach Hyman,L,EDM,95,-8,hit_thrown
8475786,Zach Hyman,L,EDM,71,32,hit_thrown
8475786,Zach Hyman,L,EDM,53,-36,hit_thrown
8475786,Zach Hyman,L,EDM,93,-30,hit_thrown
8475786,Zach Hyman,L,EDM,39,39,hit_thrown
8475786,Zach Hyman,L,EDM,53,37,hit_thrown
8475786,Zach Hyman,L,EDM,10,-35,hit_thrown
8475786,Zach Hyman,L,EDM,17,-32,hit_thrown
8475786,Zach Hyman,L,EDM,85,-35,hit_thrown
8475786,Zach Hyman,L,EDM,45,23,hit_thrown
8475786,Zach Hyman,L,EDM,85,-34,hit_thrown
8475786,Zach Hyman,L,EDM,13,-39,hit_thrown
8475786,Zach Hyman,L,EDM,12,-25,hit_thrown
8475786,Zach Hyman,L,EDM,93,27,hit_thrown
8475786,Zach Hyman,L,EDM,74,38,hit_thrown
8475786,Zach Hyman,L,EDM,90,7,hit_thrown
8475786,Zach Hyman,L,EDM,98,4,hit_thrown
8475786,Zach Hyman,L,EDM,96,18,hit_thrown
8475786,Zach Hyman,L,EDM,98,-19,hit_thrown
8475786,Zach Hyman,L,EDM,83,-12,hit_thrown
8475786,Zach Hyman,L,EDM,92,-27,hit_thrown
8475786,Zach Hyman,L,EDM,94,-13,hit_thrown
8475786,Zach Hyman,L,EDM,79,4,hit_thrown
8475786,Zach Hyman,L,EDM,6,40,hit_thrown
8475786,Zach Hyman,L,EDM,41,-26,hit_thrown
8475786,Zach Hyman,L,EDM,75,-42,hit_thrown
8475786,Zach Hyman,L,EDM,94,-23,hit_thrown
8475786,Zach Hyman,L,EDM,33,35,hit_thrown
8475786,Zach Hyman,L,EDM,88,-34,hit_thrown
8475786,Zach Hyman,L,EDM,50,37,takeaway_other
8475786,Zach Hyman,L,EDM,40,-27,takeaway_other
8475786,Zach Hyman,L,EDM,54,26,takeaway_other
8475786,Zach Hyman,L,EDM,45,37,takeaway_other
8475786,Zach Hyman,L,EDM,32,-7,takeaway_other
8475786,Zach Hyman,L,EDM,37,30,takeaway_other
8475794,Tyler Seguin,C,DAL,74,-8,block_hd
8475794,Tyler Seguin,C,DAL,55,-19,block_non_hd
8475794,Tyler Seguin,C,DAL,53,-26,block_non_hd
8475794,Tyler Seguin,C,DAL,48,21,block_non_hd
8475794,Tyler Seguin,C,DAL,68,-22,block_non_hd
8475794,Tyler Seguin,C,DAL,56,11,block_non_hd
8475794,Tyler Seguin,C,DAL,59,-14,block_non_hd
8475794,Tyler Seguin,C,DAL,82,-3,crease_goal
8475794,Tyler Seguin,C,DAL,86,2,crease_goal
8475794,Tyler Seguin,C,DAL,81,6,crease_goal
8475794,Tyler Seguin,C,DAL,69,22,dz_faceoff_win
8475794,Tyler Seguin,C,DAL,69,22,dz_faceoff_win
8475794,Tyler Seguin,C,DAL,69,22,dz_faceoff_win
8475794,Tyler Seguin,C,DAL,69,22,dz_faceoff_win
8475794,Tyler Seguin,C,DAL,69,22,dz_faceoff_win
8475794,Tyler Seguin,C,DAL,69,22,dz_faceoff_win
8475794,Tyler Seguin,C,DAL,69,22,dz_faceoff_win
8475794,Tyler Seguin,C,DAL,69,22,dz_faceoff_win
8475794,Tyler Seguin,C,DAL,69,22,dz_faceoff_win
8475794,Tyler Seguin,C,DAL,69,22,dz_faceoff_win
8475794,Tyler Seguin,C,DAL,69,22,dz_faceoff_win
8475794,Tyler Seguin,C,DAL,69,22,dz_faceoff_win
8475794,Tyler Seguin,C,DAL,69,22,dz_faceoff_win
8475794,Tyler Seguin,C,DAL,69,22,dz_faceoff_win
8475794,Tyler Seguin,C,DAL,69,22,dz_faceoff_win
8475794,Tyler Seguin,C,DAL,69,22,dz_faceoff_win
8475794,Tyler Seguin,C,DAL,69,22,dz_faceoff_win
8475794,Tyler Seguin,C,DAL,69,22,dz_faceoff_win
8475794,Tyler Seguin,C,DAL,69,22,dz_faceoff_win
8475794,Tyler Seguin,C,DAL,69,22,dz_faceoff_win
8475794,Tyler Seguin,C,DAL,69,22,dz_faceoff_win
8475794,Tyler Seguin,C,DAL,69,22,dz_faceoff_win
8475794,Tyler Seguin,C,DAL,69,22,dz_faceoff_win
8475794,Tyler Seguin,C,DAL,69,22,dz_faceoff_win
8475794,Tyler Seguin,C,DAL,69,22,dz_faceoff_win
8475794,Tyler Seguin,C,DAL,69,22,dz_faceoff_win
8475794,Tyler Seguin,C,DAL,69,22,dz_faceoff_win
8475794,Tyler Seguin,C,DAL,69,22,dz_faceoff_win
8475794,Tyler Seguin,C,DAL,69,22,dz_faceoff_win
8475794,Tyler Seguin,C,DAL,69,22,dz_faceoff_win
8475794,Tyler Seguin,C,DAL,69,-22,dz_faceoff_win
8475794,Tyler Seguin,C,DAL,69,22,dz_faceoff_win
8475794,Tyler Seguin,C,DAL,69,22,dz_faceoff_win
8475794,Tyler Seguin,C,DAL,69,22,dz_faceoff_win
8475794,Tyler Seguin,C,DAL,69,22,dz_faceoff_win
8475794,Tyler Seguin,C,DAL,69,22,dz_faceoff_win
8475794,Tyler Seguin,C,DAL,69,22,dz_faceoff_win
8475794,Tyler Seguin,C,DAL,69,22,dz_faceoff_win
8475794,Tyler Seguin,C,DAL,69,22,dz_faceoff_win
8475794,Tyler Seguin,C,DAL,69,22,dz_faceoff_win
8475794,Tyler Seguin,C,DAL,69,22,dz_faceoff_win
8475794,Tyler Seguin,C,DAL,69,22,dz_faceoff_win
8475794,Tyler Seguin,C,DAL,69,22,dz_faceoff_win
8475794,Tyler Seguin,C,DAL,69,22,dz_faceoff_win
8475794,Tyler Seguin,C,DAL,69,22,dz_faceoff_win
8475794,Tyler Seguin,C,DAL,69,22,dz_faceoff_win
8475794,Tyler Seguin,C,DAL,69,22,dz_faceoff_win
8475794,Tyler Seguin,C,DAL,69,22,dz_faceoff_win
8475794,Tyler Seguin,C,DAL,69,22,dz_faceoff_win
8475794,Tyler Seguin,C,DAL,69,22,dz_faceoff_win
8475794,Tyler Seguin,C,DAL,69,22,dz_faceoff_win
8475794,Tyler Seguin,C,DAL,69,22,dz_faceoff_win
8475794,Tyler Seguin,C,DAL,69,22,dz_faceoff_win
8475794,Tyler Seguin,C,DAL,69,22,dz_faceoff_win
8475794,Tyler Seguin,C,DAL,28,39,hit_taken
8475794,Tyler Seguin,C,DAL,42,38,hit_taken
8475794,Tyler Seguin,C,DAL,22,41,hit_taken
8475794,Tyler Seguin,C,DAL,70,39,hit_taken
8475794,Tyler Seguin,C,DAL,98,-8,hit_taken
8475794,Tyler Seguin,C,DAL,1,-39,hit_taken
8475794,Tyler Seguin,C,DAL,28,-37,hit_taken
8475794,Tyler Seguin,C,DAL,71,38,hit_taken
8475794,Tyler Seguin,C,DAL,99,9,hit_taken
8475794,Tyler Seguin,C,DAL,76,40,hit_taken
8475794,Tyler Seguin,C,DAL,94,-31,hit_taken
8475794,Tyler Seguin,C,DAL,96,-10,hit_taken
8475794,Tyler Seguin,C,DAL,84,34,hit_taken
8475794,Tyler Seguin,C,DAL,55,41,hit_taken
8475794,Tyler Seguin,C,DAL,96,22,hit_taken
8475794,Tyler Seguin,C,DAL,96,-25,hit_taken
8475794,Tyler Seguin,C,DAL,64,-39,hit_taken
8475794,Tyler Seguin,C,DAL,62,41,hit_taken
8475794,Tyler Seguin,C,DAL,88,-35,hit_taken
8475794,Tyler Seguin,C,DAL,99,1,hit_taken
8475794,Tyler Seguin,C,DAL,34,-40,hit_taken
8475794,Tyler Seguin,C,DAL,61,-39,hit_taken
8475794,Tyler Seguin,C,DAL,27,38,hit_taken
8475794,Tyler Seguin,C,DAL,89,-32,hit_taken
8475794,Tyler Seguin,C,DAL,42,35,hit_taken
8475794,Tyler Seguin,C,DAL,34,-31,hit_thrown
8475794,Tyler Seguin,C,DAL,84,-36,hit_thrown
8475794,Tyler Seguin,C,DAL,60,40,hit_thrown
8475794,Tyler Seguin,C,DAL,5,-41,hit_thrown
8475794,Tyler Seguin,C,DAL,72,40,hit_thrown
8475794,Tyler Seguin,C,DAL,85,35,hit_thrown
8475794,Tyler Seguin,C,DAL,58,-38,hit_thrown
8475794,Tyler Seguin,C,DAL,88,-31,hit_thrown
8475794,Tyler Seguin,C,DAL,90,-30,hit_thrown
8475794,Tyler Seguin,C,DAL,97,-20,hit_thrown
8475794,Tyler Seguin,C,DAL,90,-30,hit_thrown
8475794,Tyler Seguin,C,DAL,98,-7,hit_thrown
8475794,Tyler Seguin,C,DAL,12,39,hit_thrown
8475794,Tyler Seguin,C,DAL,68,-41,hit_thrown
8475794,Tyler Seguin,C,DAL,97,20,hit_thrown
8475794,Tyler Seguin,C,DAL,85,36,hit_thrown
8475794,Tyler Seguin,C,DAL,84,-38,hit_thrown
8475794,Tyler Seguin,C,DAL,79,-38,hit_thrown
8475794,Tyler Seguin,C,DAL,51,40,hit_thrown
8475794,Tyler Seguin,C,DAL,70,-41,hit_thrown
8475794,Tyler Seguin,C,DAL,68,41,hit_thrown
8475794,Tyler Seguin,C,DAL,99,-10,hit_thrown
8475794,Tyler Seguin,C,DAL,72,36,hit_thrown
8475794,Tyler Seguin,C,DAL,97,10,hit_thrown
8475794,Tyler Seguin,C,DAL,96,-12,hit_thrown
8475794,Tyler Seguin,C,DAL,98,-15,hit_thrown
8475794,Tyler Seguin,C,DAL,93,-30,hit_thrown
8475794,Tyler Seguin,C,DAL,92,-31,hit_thrown
8475794,Tyler Seguin,C,DAL,92,-28,hit_thrown
8475794,Tyler Seguin,C,DAL,73,35,hit_thrown
8475794,Tyler Seguin,C,DAL,98,14,hit_thrown
8475794,Tyler Seguin,C,DAL,97,21,hit_thrown
8475794,Tyler Seguin,C,DAL,97,-14,takeaway_hd
8475794,Tyler Seguin,C,DAL,98,11,takeaway_hd
8475794,Tyler Seguin,C,DAL,51,25,takeaway_other
8475794,Tyler Seguin,C,DAL,42,-2,takeaway_other
8475794,Tyler Seguin,C,DAL,41,-35,takeaway_other
8475794,Tyler Seguin,C,DAL,57,-38,takeaway_other
8475794,Tyler Seguin,C,DAL,19,30,takeaway_other
8475794,Tyler Seguin,C,DAL,58,40,takeaway_other
8475794,Tyler Seguin,C,DAL,37,-31,takeaway_other
8475794,Tyler Seguin,C,DAL,41,33,takeaway_other
8475794,Tyler Seguin,C,DAL,31,-30,takeaway_other
8475795,Dylan McIlrath,D,WSH,74,6,block_hd
8475795,Dylan McIlrath,D,WSH,82,6,block_hd
8475795,Dylan McIlrath,D,WSH,62,-26,block_non_hd
8475795,Dylan McIlrath,D,WSH,35,11,block_non_hd
8475795,Dylan McIlrath,D,WSH,81,36,hit_taken
8475795,Dylan McIlrath,D,WSH,94,22,hit_taken
8475795,Dylan McIlrath,D,WSH,97,13,hit_taken
8475795,Dylan McIlrath,D,WSH,81,-36,hit_taken
8475795,Dylan McIlrath,D,WSH,87,34,hit_taken
8475795,Dylan McIlrath,D,WSH,96,-8,hit_taken
8475795,Dylan McIlrath,D,WSH,89,27,hit_taken
8475795,Dylan McIlrath,D,WSH,96,18,hit_taken
8475795,Dylan McIlrath,D,WSH,67,39,hit_thrown
8475795,Dylan McIlrath,D,WSH,77,39,hit_thrown
8475795,Dylan McIlrath,D,WSH,8,29,hit_thrown
8475795,Dylan McIlrath,D,WSH,20,28,hit_thrown
8475795,Dylan McIlrath,D,WSH,90,18,hit_thrown
8475795,Dylan McIlrath,D,WSH,96,-12,hit_thrown
8475795,Dylan McIlrath,D,WSH,29,41,hit_thrown
8475795,Dylan McIlrath,D,WSH,41,-36,takeaway_other
8475799,Nino Niederreiter,R,WPG,79,-1,block_hd
8475799,Nino Niederreiter,R,WPG,83,-3,block_hd
8475799,Nino Niederreiter,R,WPG,43,-27,block_non_hd
8475799,Nino Niederreiter,R,WPG,39,-21,block_non_hd
8475799,Nino Niederreiter,R,WPG,57,36,block_non_hd
8475799,Nino Niederreiter,R,WPG,95,-13,hit_taken
8475799,Nino Niederreiter,R,WPG,44,-39,hit_taken
8475799,Nino Niederreiter,R,WPG,12,-38,hit_taken
8475799,Nino Niederreiter,R,WPG,36,39,hit_taken
8475799,Nino Niederreiter,R,WPG,2,-30,hit_taken
8475799,Nino Niederreiter,R,WPG,86,33,hit_taken
8475799,Nino Niederreiter,R,WPG,37,-37,hit_taken
8475799,Nino Niederreiter,R,WPG,97,11,hit_thrown
8475799,Nino Niederreiter,R,WPG,99,1,hit_thrown
8475799,Nino Niederreiter,R,WPG,98,-14,hit_thrown
8475799,Nino Niederreiter,R,WPG,68,-40,hit_thrown
8475799,Nino Niederreiter,R,WPG,90,-32,hit_thrown
8475799,Nino Niederreiter,R,WPG,13,40,hit_thrown
8475799,Nino Niederreiter,R,WPG,72,-41,hit_thrown
8475799,Nino Niederreiter,R,WPG,86,33,hit_thrown
8475799,Nino Niederreiter,R,WPG,56,-39,hit_thrown
8475799,Nino Niederreiter,R,WPG,90,-30,hit_thrown
8475799,Nino Niederreiter,R,WPG,32,38,hit_thrown
8475799,Nino Niederreiter,R,WPG,64,-40,hit_thrown
8475799,Nino Niederreiter,R,WPG,81,-34,takeaway_other
8475799,Nino Niederreiter,R,WPG,7,-10,takeaway_other
8475842,Sam Carrick,C,EDM,71,-17,block_hd
8475842,Sam Carrick,C,EDM,86,6,block_hd
8475842,Sam Carrick,C,EDM,54,22,block_non_hd
8475842,Sam Carrick,C,EDM,66,-34,block_non_hd
8475842,Sam Carrick,C,EDM,69,22,dz_faceoff_win
8475842,Sam Carrick,C,EDM,69,22,dz_faceoff_win
8475842,Sam Carrick,C,EDM,69,22,dz_faceoff_win
8475842,Sam Carrick,C,EDM,69,22,dz_faceoff_win
8475842,Sam Carrick,C,EDM,69,22,dz_faceoff_win
8475842,Sam Carrick,C,EDM,69,22,dz_faceoff_win
8475842,Sam Carrick,C,EDM,69,22,dz_faceoff_win
8475842,Sam Carrick,C,EDM,69,22,dz_faceoff_win
8475842,Sam Carrick,C,EDM,69,22,dz_faceoff_win
8475842,Sam Carrick,C,EDM,69,22,dz_faceoff_win
8475842,Sam Carrick,C,EDM,69,22,dz_faceoff_win
8475842,Sam Carrick,C,EDM,69,22,dz_faceoff_win
8475842,Sam Carrick,C,EDM,69,22,dz_faceoff_win
8475842,Sam Carrick,C,EDM,69,22,dz_faceoff_win
8475842,Sam Carrick,C,EDM,69,22,dz_faceoff_win
8475842,Sam Carrick,C,EDM,69,22,dz_faceoff_win
8475842,Sam Carrick,C,EDM,69,22,dz_faceoff_win
8475842,Sam Carrick,C,EDM,69,22,dz_faceoff_win
8475842,Sam Carrick,C,EDM,69,22,dz_faceoff_win
8475842,Sam Carrick,C,EDM,69,22,dz_faceoff_win
8475842,Sam Carrick,C,EDM,69,-22,dz_faceoff_win
8475842,Sam Carrick,C,EDM,69,22,dz_faceoff_win
8475842,Sam Carrick,C,EDM,69,22,dz_faceoff_win
8475842,Sam Carrick,C,EDM,69,-22,dz_faceoff_win
8475842,Sam Carrick,C,EDM,69,22,dz_faceoff_win
8475842,Sam Carrick,C,EDM,69,22,dz_faceoff_win
8475842,Sam Carrick,C,EDM,69,22,dz_faceoff_win
8475842,Sam Carrick,C,EDM,69,-22,dz_faceoff_win
8475842,Sam Carrick,C,EDM,69,22,dz_faceoff_win
8475842,Sam Carrick,C,EDM,69,22,dz_faceoff_win
8475842,Sam Carrick,C,EDM,69,22,dz_faceoff_win
8475842,Sam Carrick,C,EDM,95,21,hit_taken
8475842,Sam Carrick,C,EDM,33,-39,hit_taken
8475842,Sam Carrick,C,EDM,70,-40,hit_taken
8475842,Sam Carrick,C,EDM,97,2,hit_taken
8475842,Sam Carrick,C,EDM,98,8,hit_taken
8475842,Sam Carrick,C,EDM,34,-41,hit_taken
8475842,Sam Carrick,C,EDM,32,28,hit_taken
8475842,Sam Carrick,C,EDM,40,41,hit_taken
8475842,Sam Carrick,C,EDM,9,40,hit_taken
8475842,Sam Carrick,C,EDM,17,-39,hit_taken
8475842,Sam Carrick,C,EDM,70,-38,hit_taken
8475842,Sam Carrick,C,EDM,98,0,hit_taken
8475842,Sam Carrick,C,EDM,24,39,hit_taken
8475842,Sam Carrick,C,EDM,66,38,hit_taken
8475842,Sam Carrick,C,EDM,89,-33,hit_taken
8475842,Sam Carrick,C,EDM,88,-34,hit_taken
8475842,Sam Carrick,C,EDM,97,-16,hit_taken
8475842,Sam Carrick,C,EDM,53,38,hit_taken
8475842,Sam Carrick,C,EDM,99,-11,hit_taken
8475842,Sam Carrick,C,EDM,51,-19,hit_taken
8475842,Sam Carrick,C,EDM,63,40,hit_taken
8475842,Sam Carrick,C,EDM,41,-40,hit_taken
8475842,Sam Carrick,C,EDM,97,-2,hit_thrown
8475842,Sam Carrick,C,EDM,96,17,hit_thrown
8475842,Sam Carrick,C,EDM,57,40,hit_thrown
8475842,Sam Carrick,C,EDM,99,14,hit_thrown
8475842,Sam Carrick,C,EDM,40,-39,hit_thrown
8475842,Sam Carrick,C,EDM,81,38,hit_thrown
8475842,Sam Carrick,C,EDM,85,36,hit_thrown
8475842,Sam Carrick,C,EDM,75,-40,hit_thrown
8475842,Sam Carrick,C,EDM,94,-22,hit_thrown
8475842,Sam Carrick,C,EDM,98,20,hit_thrown
8475842,Sam Carrick,C,EDM,98,6,hit_thrown
8475842,Sam Carrick,C,EDM,24,32,hit_thrown
8475842,Sam Carrick,C,EDM,57,39,hit_thrown
8475842,Sam Carrick,C,EDM,60,-39,hit_thrown
8475842,Sam Carrick,C,EDM,92,-25,hit_thrown
8475842,Sam Carrick,C,EDM,82,-37,hit_thrown
8475842,Sam Carrick,C,EDM,97,-5,hit_thrown
8475842,Sam Carrick,C,EDM,80,35,hit_thrown
8475842,Sam Carrick,C,EDM,94,21,hit_thrown
8475842,Sam Carrick,C,EDM,89,31,hit_thrown
8475842,Sam Carrick,C,EDM,85,35,hit_thrown
8475842,Sam Carrick,C,EDM,81,-39,hit_thrown
8475842,Sam Carrick,C,EDM,28,40,hit_thrown
8475842,Sam Carrick,C,EDM,91,29,hit_thrown
8475842,Sam Carrick,C,EDM,48,-39,hit_thrown
8475842,Sam Carrick,C,EDM,97,-17,hit_thrown
8475842,Sam Carrick,C,EDM,98,-10,hit_thrown
8475842,Sam Carrick,C,EDM,86,34,hit_thrown
8475842,Sam Carrick,C,EDM,97,-4,hit_thrown
8475842,Sam Carrick,C,EDM,77,-39,hit_thrown
8475842,Sam Carrick,C,EDM,98,-16,hit_thrown
8475913,Mark Stone,R,VGK,73,12,block_hd
8475913,Mark Stone,R,VGK,79,-3,block_hd
8475913,Mark Stone,R,VGK,49,5,block_non_hd
8475913,Mark Stone,R,VGK,51,-29,block_non_hd
8475913,Mark Stone,R,VGK,88,34,hit_taken
8475913,Mark Stone,R,VGK,39,-39,hit_taken
8475913,Mark Stone,R,VGK,9,39,hit_taken
8475913,Mark Stone,R,VGK,91,-33,hit_taken
8475913,Mark Stone,R,VGK,49,39,hit_taken
8475913,Mark Stone,R,VGK,37,-40,hit_taken
8475913,Mark Stone,R,VGK,53,-35,hit_taken
8475913,Mark Stone,R,VGK,45,38,hit_thrown
8475913,Mark Stone,R,VGK,30,40,hit_thrown
8475913,Mark Stone,R,VGK,80,39,hit_thrown
8475913,Mark Stone,R,VGK,1,-39,hit_thrown
8475913,Mark Stone,R,VGK,36,-39,hit_thrown
8475913,Mark Stone,R,VGK,67,35,hit_thrown
8475913,Mark Stone,R,VGK,68,-25,hit_thrown
8475913,Mark Stone,R,VGK,65,38,hit_thrown
8475913,Mark Stone,R,VGK,29,-40,hit_thrown
8475913,Mark Stone,R,VGK,59,-40,hit_thrown
8475913,Mark Stone,R,VGK,99,8,hit_thrown
8475913,Mark Stone,R,VGK,10,-34,hit_thrown
8475913,Mark Stone,R,VGK,42,-23,hit_thrown
8475913,Mark Stone,R,VGK,94,27,hit_thrown
8475913,Mark Stone,R,VGK,98,6,hit_thrown
8475913,Mark Stone,R,VGK,94,28,hit_thrown
8475913,Mark Stone,R,VGK,68,-5,takeaway_other
8475913,Mark Stone,R,VGK,19,-19,takeaway_other
8476312,Josh Manson,D,COL,76,3,block_hd
8476312,Josh Manson,D,COL,78,5,block_hd
8476312,Josh Manson,D,COL,70,-2,block_hd
8476312,Josh Manson,D,COL,77,10,block_hd
8476312,Josh Manson,D,COL,75,-7,block_hd
8476312,Josh Manson,D,COL,74,-17,block_hd
8476312,Josh Manson,D,COL,78,16,block_hd
8476312,Josh Manson,D,COL,77,16,block_hd
8476312,Josh Manson,D,COL,71,-2,block_hd
8476312,Josh Manson,D,COL,79,6,block_hd
8476312,Josh Manson,D,COL,61,-8,block_non_hd
8476312,Josh Manson,D,COL,32,3,block_non_hd
8476312,Josh Manson,D,COL,65,-12,block_non_hd
8476312,Josh Manson,D,COL,66,-23,block_non_hd
8476312,Josh Manson,D,COL,59,8,block_non_hd
8476312,Josh Manson,D,COL,51,0,block_non_hd
8476312,Josh Manson,D,COL,46,-30,block_non_hd
8476312,Josh Manson,D,COL,47,7,block_non_hd
8476312,Josh Manson,D,COL,68,17,block_non_hd
8476312,Josh Manson,D,COL,64,17,block_non_hd
8476312,Josh Manson,D,COL,60,-10,block_non_hd
8476312,Josh Manson,D,COL,69,14,block_non_hd
8476312,Josh Manson,D,COL,38,-39,hit_taken
8476312,Josh Manson,D,COL,65,-38,hit_taken
8476312,Josh Manson,D,COL,61,-39,hit_taken
8476312,Josh Manson,D,COL,93,-29,hit_taken
8476312,Josh Manson,D,COL,71,38,hit_taken
8476312,Josh Manson,D,COL,59,-41,hit_taken
8476312,Josh Manson,D,COL,96,22,hit_taken
8476312,Josh Manson,D,COL,92,25,hit_taken
8476312,Josh Manson,D,COL,59,38,hit_taken
8476312,Josh Manson,D,COL,91,33,hit_taken
8476312,Josh Manson,D,COL,81,-38,hit_taken
8476312,Josh Manson,D,COL,53,-40,hit_taken
8476312,Josh Manson,D,COL,96,-22,hit_taken
8476312,Josh Manson,D,COL,65,40,hit_taken
8476312,Josh Manson,D,COL,14,39,hit_taken
8476312,Josh Manson,D,COL,94,27,hit_taken
8476312,Josh Manson,D,COL,36,39,hit_taken
8476312,Josh Manson,D,COL,93,-23,hit_taken
8476312,Josh Manson,D,COL,95,26,hit_taken
8476312,Josh Manson,D,COL,78,38,hit_taken
8476312,Josh Manson,D,COL,96,-15,hit_taken
8476312,Josh Manson,D,COL,97,-20,hit_taken
8476312,Josh Manson,D,COL,45,-36,hit_taken
8476312,Josh Manson,D,COL,99,-13,hit_taken
8476312,Josh Manson,D,COL,63,-40,hit_taken
8476312,Josh Manson,D,COL,18,-40,hit_taken
8476312,Josh Manson,D,COL,50,41,hit_taken
8476312,Josh Manson,D,COL,42,36,hit_taken
8476312,Josh Manson,D,COL,85,35,hit_taken
8476312,Josh Manson,D,COL,89,34,hit_taken
8476312,Josh Manson,D,COL,12,-38,hit_thrown
8476312,Josh Manson,D,COL,52,-37,hit_thrown
8476312,Josh Manson,D,COL,86,-35,hit_thrown
8476312,Josh Manson,D,COL,72,10,hit_thrown
8476312,Josh Manson,D,COL,32,-35,hit_thrown
8476312,Josh Manson,D,COL,63,40,hit_thrown
8476312,Josh Manson,D,COL,97,22,hit_thrown
8476312,Josh Manson,D,COL,98,-18,hit_thrown
8476312,Josh Manson,D,COL,36,39,hit_thrown
8476312,Josh Manson,D,COL,74,-39,hit_thrown
8476312,Josh Manson,D,COL,81,39,hit_thrown
8476312,Josh Manson,D,COL,99,-5,hit_thrown
8476312,Josh Manson,D,COL,86,33,hit_thrown
8476312,Josh Manson,D,COL,80,-40,hit_thrown
8476312,Josh Manson,D,COL,99,3,hit_thrown
8476312,Josh Manson,D,COL,98,-3,hit_thrown
8476312,Josh Manson,D,COL,28,39,hit_thrown
8476312,Josh Manson,D,COL,90,-32,hit_thrown
8476312,Josh Manson,D,COL,93,14,hit_thrown
8476312,Josh Manson,D,COL,26,41,hit_thrown
8476312,Josh Manson,D,COL,7,41,hit_thrown
8476312,Josh Manson,D,COL,64,-38,hit_thrown
8476312,Josh Manson,D,COL,64,-39,hit_thrown
8476312,Josh Manson,D,COL,30,-40,hit_thrown
8476312,Josh Manson,D,COL,81,38,hit_thrown
8476312,Josh Manson,D,COL,80,39,hit_thrown
8476312,Josh Manson,D,COL,46,40,hit_thrown
8476312,Josh Manson,D,COL,88,-35,hit_thrown
8476312,Josh Manson,D,COL,43,40,hit_thrown
8476312,Josh Manson,D,COL,18,41,hit_thrown
8476312,Josh Manson,D,COL,62,17,hit_thrown
8476312,Josh Manson,D,COL,57,40,hit_thrown
8476312,Josh Manson,D,COL,77,-40,hit_thrown
8476312,Josh Manson,D,COL,94,-29,hit_thrown
8476312,Josh Manson,D,COL,24,-39,hit_thrown
8476312,Josh Manson,D,COL,61,37,hit_thrown
8476312,Josh Manson,D,COL,30,-41,hit_thrown
8476312,Josh Manson,D,COL,78,-40,hit_thrown
8476312,Josh Manson,D,COL,69,-38,hit_thrown
8476312,Josh Manson,D,COL,21,37,takeaway_other
8476312,Josh Manson,D,COL,21,2,takeaway_other
8476312,Josh Manson,D,COL,46,40,takeaway_other
8476312,Josh Manson,D,COL,13,4,takeaway_other
8476312,Josh Manson,D,COL,49,15,takeaway_other
8476312,Josh Manson,D,COL,71,32,takeaway_other
8476331,Dylan DeMelo,D,WPG,75,-1,block_hd
8476331,Dylan DeMelo,D,WPG,84,-1,block_hd
8476331,Dylan DeMelo,D,WPG,60,1,block_non_hd
8476331,Dylan DeMelo,D,WPG,38,-41,hit_taken
8476331,Dylan DeMelo,D,WPG,95,22,hit_taken
8476331,Dylan DeMelo,D,WPG,41,-40,hit_taken
8476331,Dylan DeMelo,D,WPG,97,-17,hit_taken
8476331,Dylan DeMelo,D,WPG,94,-27,hit_taken
8476331,Dylan DeMelo,D,WPG,65,-40,hit_taken
8476331,Dylan DeMelo,D,WPG,82,37,hit_taken
8476331,Dylan DeMelo,D,WPG,78,37,hit_taken
8476331,Dylan DeMelo,D,WPG,95,29,hit_taken
8476331,Dylan DeMelo,D,WPG,92,-27,hit_taken
8476331,Dylan DeMelo,D,WPG,88,26,hit_taken
8476331,Dylan DeMelo,D,WPG,94,-28,hit_taken
8476331,Dylan DeMelo,D,WPG,96,20,hit_taken
8476331,Dylan DeMelo,D,WPG,97,-19,hit_taken
8476331,Dylan DeMelo,D,WPG,12,-41,hit_taken
8476331,Dylan DeMelo,D,WPG,88,-36,hit_taken
8476331,Dylan DeMelo,D,WPG,92,31,hit_taken
8476331,Dylan DeMelo,D,WPG,79,0,hit_taken
8476331,Dylan DeMelo,D,WPG,94,29,hit_taken
8476331,Dylan DeMelo,D,WPG,87,34,hit_taken
8476331,Dylan DeMelo,D,WPG,73,-40,hit_taken
8476331,Dylan DeMelo,D,WPG,18,38,hit_taken
8476331,Dylan DeMelo,D,WPG,83,36,hit_taken
8476331,Dylan DeMelo,D,WPG,96,22,hit_taken
8476331,Dylan DeMelo,D,WPG,82,38,hit_thrown
8476331,Dylan DeMelo,D,WPG,85,-36,hit_thrown
8476331,Dylan DeMelo,D,WPG,96,-9,hit_thrown
8476331,Dylan DeMelo,D,WPG,96,-15,hit_thrown
8476331,Dylan DeMelo,D,WPG,71,41,hit_thrown
8476331,Dylan DeMelo,D,WPG,43,41,hit_thrown
8476331,Dylan DeMelo,D,WPG,62,38,hit_thrown
8476331,Dylan DeMelo,D,WPG,97,-7,hit_thrown
8476331,Dylan DeMelo,D,WPG,89,-33,hit_thrown
8476331,Dylan DeMelo,D,WPG,52,40,hit_thrown
8476331,Dylan DeMelo,D,WPG,40,41,hit_thrown
8476331,Dylan DeMelo,D,WPG,97,-16,hit_thrown
8476331,Dylan DeMelo,D,WPG,51,41,hit_thrown
8476331,Dylan DeMelo,D,WPG,20,35,hit_thrown
8476331,Dylan DeMelo,D,WPG,14,-38,hit_thrown
8476331,Dylan DeMelo,D,WPG,16,39,hit_thrown
8476331,Dylan DeMelo,D,WPG,13,-39,hit_thrown
8476331,Dylan DeMelo,D,WPG,83,35,hit_thrown
8476331,Dylan DeMelo,D,WPG,39,-40,hit_thrown
8476331,Dylan DeMelo,D,WPG,85,-35,hit_thrown
8476331,Dylan DeMelo,D,WPG,95,17,takeaway_hd
8476331,Dylan DeMelo,D,WPG,36,-31,takeaway_other
8476331,Dylan DeMelo,D,WPG,37,-36,takeaway_other
8476389,Vincent Trocheck,C,NYR,79,4,block_hd
8476389,Vincent Trocheck,C,NYR,74,4,block_hd
8476389,Vincent Trocheck,C,NYR,76,-2,block_hd
8476389,Vincent Trocheck,C,NYR,74,9,block_hd
8476389,Vincent Trocheck,C,NYR,72,-16,block_hd
8476389,Vincent Trocheck,C,NYR,78,6,block_hd
8476389,Vincent Trocheck,C,NYR,76,-9,block_hd
8476389,Vincent Trocheck,C,NYR,78,-10,block_hd
8476389,Vincent Trocheck,C,NYR,79,3,block_hd
8476389,Vincent Trocheck,C,NYR,55,-28,block_non_hd
8476389,Vincent Trocheck,C,NYR,59,-14,block_non_hd
8476389,Vincent Trocheck,C,NYR,59,-21,block_non_hd
8476389,Vincent Trocheck,C,NYR,57,-15,block_non_hd
8476389,Vincent Trocheck,C,NYR,50,21,block_non_hd
8476389,Vincent Trocheck,C,NYR,67,-26,block_non_hd
8476389,Vincent Trocheck,C,NYR,69,-1,block_non_hd
8476389,Vincent Trocheck,C,NYR,54,36,block_non_hd
8476389,Vincent Trocheck,C,NYR,79,-19,block_non_hd
8476389,Vincent Trocheck,C,NYR,65,5,block_non_hd
8476389,Vincent Trocheck,C,NYR,55,23,block_non_hd
8476389,Vincent Trocheck,C,NYR,68,-10,block_non_hd
8476389,Vincent Trocheck,C,NYR,78,0,crease_goal
8476389,Vincent Trocheck,C,NYR,81,-3,crease_goal
8476389,Vincent Trocheck,C,NYR,84,8,crease_goal
8476389,Vincent Trocheck,C,NYR,84,3,crease_goal
8476389,Vincent Trocheck,C,NYR,69,22,dz_faceoff_win
8476389,Vincent Trocheck,C,NYR,69,22,dz_faceoff_win
8476389,Vincent Trocheck,C,NYR,69,22,dz_faceoff_win
8476389,Vincent Trocheck,C,NYR,69,22,dz_faceoff_win
8476389,Vincent Trocheck,C,NYR,69,22,dz_faceoff_win
8476389,Vincent Trocheck,C,NYR,69,22,dz_faceoff_win
8476389,Vincent Trocheck,C,NYR,69,22,dz_faceoff_win
8476389,Vincent Trocheck,C,NYR,69,22,dz_faceoff_win
8476389,Vincent Trocheck,C,NYR,69,-22,dz_faceoff_win
8476389,Vincent Trocheck,C,NYR,69,22,dz_faceoff_win
8476389,Vincent Trocheck,C,NYR,69,22,dz_faceoff_win
8476389,Vincent Trocheck,C,NYR,69,22,dz_faceoff_win
8476389,Vincent Trocheck,C,NYR,69,22,dz_faceoff_win
8476389,Vincent Trocheck,C,NYR,69,22,dz_faceoff_win
8476389,Vincent Trocheck,C,NYR,69,22,dz_faceoff_win
8476389,Vincent Trocheck,C,NYR,69,22,dz_faceoff_win
8476389,Vincent Trocheck,C,NYR,69,22,dz_faceoff_win
8476389,Vincent Trocheck,C,NYR,69,22,dz_faceoff_win
8476389,Vincent Trocheck,C,NYR,69,22,dz_faceoff_win
8476389,Vincent Trocheck,C,NYR,69,22,dz_faceoff_win
8476389,Vincent Trocheck,C,NYR,69,22,dz_faceoff_win
8476389,Vincent Trocheck,C,NYR,69,22,dz_faceoff_win
8476389,Vincent Trocheck,C,NYR,69,22,dz_faceoff_win
8476389,Vincent Trocheck,C,NYR,69,22,dz_faceoff_win
8476389,Vincent Trocheck,C,NYR,69,22,dz_faceoff_win
8476389,Vincent Trocheck,C,NYR,69,22,dz_faceoff_win
8476389,Vincent Trocheck,C,NYR,69,22,dz_faceoff_win
8476389,Vincent Trocheck,C,NYR,69,22,dz_faceoff_win
8476389,Vincent Trocheck,C,NYR,69,22,dz_faceoff_win
8476389,Vincent Trocheck,C,NYR,69,22,dz_faceoff_win
8476389,Vincent Trocheck,C,NYR,69,22,dz_faceoff_win
8476389,Vincent Trocheck,C,NYR,69,22,dz_faceoff_win
8476389,Vincent Trocheck,C,NYR,69,22,dz_faceoff_win
8476389,Vincent Trocheck,C,NYR,69,22,dz_faceoff_win
8476389,Vincent Trocheck,C,NYR,69,22,dz_faceoff_win
8476389,Vincent Trocheck,C,NYR,69,22,dz_faceoff_win
8476389,Vincent Trocheck,C,NYR,69,22,dz_faceoff_win
8476389,Vincent Trocheck,C,NYR,69,22,dz_faceoff_win
8476389,Vincent Trocheck,C,NYR,69,22,dz_faceoff_win
8476389,Vincent Trocheck,C,NYR,69,22,dz_faceoff_win
8476389,Vincent Trocheck,C,NYR,69,22,dz_faceoff_win
8476389,Vincent Trocheck,C,NYR,69,22,dz_faceoff_win
8476389,Vincent Trocheck,C,NYR,69,22,dz_faceoff_win
8476389,Vincent Trocheck,C,NYR,69,22,dz_faceoff_win
8476389,Vincent Trocheck,C,NYR,69,22,dz_faceoff_win
8476389,Vincent Trocheck,C,NYR,69,22,dz_faceoff_win
8476389,Vincent Trocheck,C,NYR,69,22,dz_faceoff_win
8476389,Vincent Trocheck,C,NYR,69,22,dz_faceoff_win
8476389,Vincent Trocheck,C,NYR,69,22,dz_faceoff_win
8476389,Vincent Trocheck,C,NYR,69,-22,dz_faceoff_win
8476389,Vincent Trocheck,C,NYR,69,22,dz_faceoff_win
8476389,Vincent Trocheck,C,NYR,69,22,dz_faceoff_win
8476389,Vincent Trocheck,C,NYR,69,22,dz_faceoff_win
8476389,Vincent Trocheck,C,NYR,69,22,dz_faceoff_win
8476389,Vincent Trocheck,C,NYR,69,-22,dz_faceoff_win
8476389,Vincent Trocheck,C,NYR,69,22,dz_faceoff_win
8476389,Vincent Trocheck,C,NYR,69,-22,dz_faceoff_win
8476389,Vincent Trocheck,C,NYR,69,22,dz_faceoff_win
8476389,Vincent Trocheck,C,NYR,69,22,dz_faceoff_win
8476389,Vincent Trocheck,C,NYR,69,22,dz_faceoff_win
8476389,Vincent Trocheck,C,NYR,69,22,dz_faceoff_win
8476389,Vincent Trocheck,C,NYR,69,22,dz_faceoff_win
8476389,Vincent Trocheck,C,NYR,69,-22,dz_faceoff_win
8476389,Vincent Trocheck,C,NYR,69,22,dz_faceoff_win
8476389,Vincent Trocheck,C,NYR,69,22,dz_faceoff_win
8476389,Vincent Trocheck,C,NYR,69,22,dz_faceoff_win
8476389,Vincent Trocheck,C,NYR,69,22,dz_faceoff_win
8476389,Vincent Trocheck,C,NYR,69,22,dz_faceoff_win
8476389,Vincent Trocheck,C,NYR,69,22,dz_faceoff_win
8476389,Vincent Trocheck,C,NYR,69,-22,dz_faceoff_win
8476389,Vincent Trocheck,C,NYR,69,22,dz_faceoff_win
8476389,Vincent Trocheck,C,NYR,31,40,hit_taken
8476389,Vincent Trocheck,C,NYR,75,37,hit_taken
8476389,Vincent Trocheck,C,NYR,8,40,hit_taken
8476389,Vincent Trocheck,C,NYR,95,23,hit_taken
8476389,Vincent Trocheck,C,NYR,43,-37,hit_taken
8476389,Vincent Trocheck,C,NYR,45,38,hit_taken
8476389,Vincent Trocheck,C,NYR,21,39,hit_taken
8476389,Vincent Trocheck,C,NYR,34,39,hit_taken
8476389,Vincent Trocheck,C,NYR,17,36,hit_taken
8476389,Vincent Trocheck,C,NYR,38,38,hit_taken
8476389,Vincent Trocheck,C,NYR,40,-35,hit_taken
8476389,Vincent Trocheck,C,NYR,10,41,hit_taken
8476389,Vincent Trocheck,C,NYR,78,39,hit_taken
8476389,Vincent Trocheck,C,NYR,63,39,hit_taken
8476389,Vincent Trocheck,C,NYR,14,-39,hit_taken
8476389,Vincent Trocheck,C,NYR,96,7,hit_taken
8476389,Vincent Trocheck,C,NYR,75,-35,hit_taken
8476389,Vincent Trocheck,C,NYR,56,-39,hit_taken
8476389,Vincent Trocheck,C,NYR,89,-32,hit_taken
8476389,Vincent Trocheck,C,NYR,87,-34,hit_taken
8476389,Vincent Trocheck,C,NYR,83,33,hit_taken
8476389,Vincent Trocheck,C,NYR,94,-16,hit_taken
8476389,Vincent Trocheck,C,NYR,46,-40,hit_taken
8476389,Vincent Trocheck,C,NYR,4,38,hit_taken
8476389,Vincent Trocheck,C,NYR,37,34,hit_taken
8476389,Vincent Trocheck,C,NYR,90,31,hit_taken
8476389,Vincent Trocheck,C,NYR,19,-40,hit_taken
8476389,Vincent Trocheck,C,NYR,95,-17,hit_taken
8476389,Vincent Trocheck,C,NYR,62,40,hit_taken
8476389,Vincent Trocheck,C,NYR,64,42,hit_taken
8476389,Vincent Trocheck,C,NYR,82,36,hit_taken
8476389,Vincent Trocheck,C,NYR,79,-36,hit_taken
8476389,Vincent Trocheck,C,NYR,96,-23,hit_taken
8476389,Vincent Trocheck,C,NYR,95,18,hit_taken
8476389,Vincent Trocheck,C,NYR,38,9,hit_taken
8476389,Vincent Trocheck,C,NYR,82,36,hit_taken
8476389,Vincent Trocheck,C,NYR,56,39,hit_taken
8476389,Vincent Trocheck,C,NYR,94,19,hit_taken
8476389,Vincent Trocheck,C,NYR,96,13,hit_taken
8476389,Vincent Trocheck,C,NYR,86,34,hit_taken
8476389,Vincent Trocheck,C,NYR,98,18,hit_taken
8476389,Vincent Trocheck,C,NYR,13,39,hit_taken
8476389,Vincent Trocheck,C,NYR,51,37,hit_taken
8476389,Vincent Trocheck,C,NYR,90,-34,hit_taken
8476389,Vincent Trocheck,C,NYR,9,-40,hit_taken
8476389,Vincent Trocheck,C,NYR,31,-39,hit_taken
8476389,Vincent Trocheck,C,NYR,78,-40,hit_taken
8476389,Vincent Trocheck,C,NYR,19,-39,hit_taken
8476389,Vincent Trocheck,C,NYR,75,40,hit_taken
8476389,Vincent Trocheck,C,NYR,61,38,hit_taken
8476389,Vincent Trocheck,C,NYR,22,6,hit_taken
8476389,Vincent Trocheck,C,NYR,11,-40,hit_taken
8476389,Vincent Trocheck,C,NYR,19,-39,hit_taken
8476389,Vincent Trocheck,C,NYR,98,10,hit_thrown
8476389,Vincent Trocheck,C,NYR,56,38,hit_thrown
8476389,Vincent Trocheck,C,NYR,96,-10,hit_thrown
8476389,Vincent Trocheck,C,NYR,5,37,hit_thrown
8476389,Vincent Trocheck,C,NYR,96,-15,hit_thrown
8476389,Vincent Trocheck,C,NYR,47,38,hit_thrown
8476389,Vincent Trocheck,C,NYR,69,38,hit_thrown
8476389,Vincent Trocheck,C,NYR,53,37,hit_thrown
8476389,Vincent Trocheck,C,NYR,18,38,hit_thrown
8476389,Vincent Trocheck,C,NYR,71,37,hit_thrown
8476389,Vincent Trocheck,C,NYR,55,38,hit_thrown
8476389,Vincent Trocheck,C,NYR,56,-37,hit_thrown
8476389,Vincent Trocheck,C,NYR,54,38,hit_thrown
8476389,Vincent Trocheck,C,NYR,95,13,hit_thrown
8476389,Vincent Trocheck,C,NYR,17,6,hit_thrown
8476389,Vincent Trocheck,C,NYR,98,-19,hit_thrown
8476389,Vincent Trocheck,C,NYR,4,36,hit_thrown
8476389,Vincent Trocheck,C,NYR,6,-38,hit_thrown
8476389,Vincent Trocheck,C,NYR,46,-41,hit_thrown
8476389,Vincent Trocheck,C,NYR,16,-1,hit_thrown
8476389,Vincent Trocheck,C,NYR,69,-5,hit_thrown
8476389,Vincent Trocheck,C,NYR,17,39,hit_thrown
8476389,Vincent Trocheck,C,NYR,93,28,hit_thrown
8476389,Vincent Trocheck,C,NYR,76,-41,hit_thrown
8476389,Vincent Trocheck,C,NYR,39,-41,hit_thrown
8476389,Vincent Trocheck,C,NYR,4,42,hit_thrown
8476389,Vincent Trocheck,C,NYR,4,-37,hit_thrown
8476389,Vincent Trocheck,C,NYR,93,-23,hit_thrown
8476389,Vincent Trocheck,C,NYR,52,39,hit_thrown
8476389,Vincent Trocheck,C,NYR,13,-35,hit_thrown
8476389,Vincent Trocheck,C,NYR,11,40,hit_thrown
8476389,Vincent Trocheck,C,NYR,17,39,hit_thrown
8476389,Vincent Trocheck,C,NYR,98,16,hit_thrown
8476389,Vincent Trocheck,C,NYR,98,-13,hit_thrown
8476389,Vincent Trocheck,C,NYR,20,37,hit_thrown
8476389,Vincent Trocheck,C,NYR,89,33,hit_thrown
8476389,Vincent Trocheck,C,NYR,77,-38,hit_thrown
8476389,Vincent Trocheck,C,NYR,36,37,hit_thrown
8476389,Vincent Trocheck,C,NYR,94,23,hit_thrown
8476389,Vincent Trocheck,C,NYR,70,-40,hit_thrown
8476389,Vincent Trocheck,C,NYR,50,-36,hit_thrown
8476389,Vincent Trocheck,C,NYR,98,8,hit_thrown
8476389,Vincent Trocheck,C,NYR,93,-27,hit_thrown
8476389,Vincent Trocheck,C,NYR,53,39,hit_thrown
8476389,Vincent Trocheck,C,NYR,97,-13,hit_thrown
8476389,Vincent Trocheck,C,NYR,72,40,hit_thrown
8476389,Vincent Trocheck,C,NYR,15,40,hit_thrown
8476389,Vincent Trocheck,C,NYR,54,38,hit_thrown
8476389,Vincent Trocheck,C,NYR,16,-39,hit_thrown
8476389,Vincent Trocheck,C,NYR,98,-13,hit_thrown
8476389,Vincent Trocheck,C,NYR,91,-27,hit_thrown
8476389,Vincent Trocheck,C,NYR,37,39,hit_thrown
8476389,Vincent Trocheck,C,NYR,63,-5,hit_thrown
8476389,Vincent Trocheck,C,NYR,58,-9,hit_thrown
8476389,Vincent Trocheck,C,NYR,51,-38,hit_thrown
8476389,Vincent Trocheck,C,NYR,84,39,hit_thrown
8476389,Vincent Trocheck,C,NYR,98,-12,hit_thrown
8476389,Vincent Trocheck,C,NYR,13,-40,hit_thrown
8476389,Vincent Trocheck,C,NYR,69,-38,hit_thrown
8476389,Vincent Trocheck,C,NYR,61,37,hit_thrown
8476389,Vincent Trocheck,C,NYR,19,-39,hit_thrown
8476389,Vincent Trocheck,C,NYR,40,-39,hit_thrown
8476389,Vincent Trocheck,C,NYR,23,40,hit_thrown
8476389,Vincent Trocheck,C,NYR,42,23,hit_thrown
8476389,Vincent Trocheck,C,NYR,73,17,takeaway_hd
8476389,Vincent Trocheck,C,NYR,97,17,takeaway_hd
8476389,Vincent Trocheck,C,NYR,18,-12,takeaway_other
8476389,Vincent Trocheck,C,NYR,34,3,takeaway_other
8476389,Vincent Trocheck,C,NYR,33,39,takeaway_other
8476389,Vincent Trocheck,C,NYR,45,-38,takeaway_other
8476389,Vincent Trocheck,C,NYR,35,4,takeaway_other
8476389,Vincent Trocheck,C,NYR,28,-27,takeaway_other
8476389,Vincent Trocheck,C,NYR,49,-37,takeaway_other
8476389,Vincent Trocheck,C,NYR,37,-21,takeaway_other
8476389,Vincent Trocheck,C,NYR,21,-12,takeaway_other
8476389,Vincent Trocheck,C,NYR,60,0,takeaway_other
8476389,Vincent Trocheck,C,NYR,64,18,takeaway_other
8476392,Adam Lowry,C,WPG,82,3,block_hd
8476392,Adam Lowry,C,WPG,78,6,block_hd
8476392,Adam Lowry,C,WPG,87,-6,block_hd
8476392,Adam Lowry,C,WPG,51,12,block_non_hd
8476392,Adam Lowry,C,WPG,84,5,crease_goal
8476392,Adam Lowry,C,WPG,69,-22,dz_faceoff_win
8476392,Adam Lowry,C,WPG,69,22,dz_faceoff_win
8476392,Adam Lowry,C,WPG,69,22,dz_faceoff_win
8476392,Adam Lowry,C,WPG,69,22,dz_faceoff_win
8476392,Adam Lowry,C,WPG,69,-22,dz_faceoff_win
8476392,Adam Lowry,C,WPG,69,-22,dz_faceoff_win
8476392,Adam Lowry,C,WPG,69,-22,dz_faceoff_win
8476392,Adam Lowry,C,WPG,69,22,dz_faceoff_win
8476392,Adam Lowry,C,WPG,69,22,dz_faceoff_win
8476392,Adam Lowry,C,WPG,69,-22,dz_faceoff_win
8476392,Adam Lowry,C,WPG,69,-22,dz_faceoff_win
8476392,Adam Lowry,C,WPG,69,-22,dz_faceoff_win
8476392,Adam Lowry,C,WPG,69,22,dz_faceoff_win
8476392,Adam Lowry,C,WPG,69,22,dz_faceoff_win
8476392,Adam Lowry,C,WPG,69,-22,dz_faceoff_win
8476392,Adam Lowry,C,WPG,69,-22,dz_faceoff_win
8476392,Adam Lowry,C,WPG,69,22,dz_faceoff_win
8476392,Adam Lowry,C,WPG,69,22,dz_faceoff_win
8476392,Adam Lowry,C,WPG,69,-22,dz_faceoff_win
8476392,Adam Lowry,C,WPG,69,22,dz_faceoff_win
8476392,Adam Lowry,C,WPG,69,22,dz_faceoff_win
8476392,Adam Lowry,C,WPG,69,-22,dz_faceoff_win
8476392,Adam Lowry,C,WPG,69,22,dz_faceoff_win
8476392,Adam Lowry,C,WPG,69,22,dz_faceoff_win
8476392,Adam Lowry,C,WPG,69,22,dz_faceoff_win
8476392,Adam Lowry,C,WPG,69,-22,dz_faceoff_win
8476392,Adam Lowry,C,WPG,96,21,hit_taken
8476392,Adam Lowry,C,WPG,33,40,hit_taken
8476392,Adam Lowry,C,WPG,38,29,hit_taken
8476392,Adam Lowry,C,WPG,42,-39,hit_taken
8476392,Adam Lowry,C,WPG,78,-38,hit_taken
8476392,Adam Lowry,C,WPG,99,14,hit_taken
8476392,Adam Lowry,C,WPG,43,35,hit_taken
8476392,Adam Lowry,C,WPG,74,26,hit_taken
8476392,Adam Lowry,C,WPG,98,-15,hit_thrown
8476392,Adam Lowry,C,WPG,83,-38,hit_thrown
8476392,Adam Lowry,C,WPG,85,-36,hit_thrown
8476392,Adam Lowry,C,WPG,80,-38,hit_thrown
8476392,Adam Lowry,C,WPG,98,-3,hit_thrown
8476392,Adam Lowry,C,WPG,65,-38,hit_thrown
8476392,Adam Lowry,C,WPG,71,38,hit_thrown
8476392,Adam Lowry,C,WPG,85,34,hit_thrown
8476392,Adam Lowry,C,WPG,95,29,hit_thrown
8476392,Adam Lowry,C,WPG,35,24,hit_thrown
8476392,Adam Lowry,C,WPG,58,39,hit_thrown
8476392,Adam Lowry,C,WPG,49,12,hit_thrown
8476392,Adam Lowry,C,WPG,98,1,hit_thrown
8476392,Adam Lowry,C,WPG,45,-41,hit_thrown
8476392,Adam Lowry,C,WPG,98,11,hit_thrown
8476392,Adam Lowry,C,WPG,98,1,hit_thrown
8476392,Adam Lowry,C,WPG,25,42,hit_thrown
8476392,Adam Lowry,C,WPG,27,-39,hit_thrown
8476392,Adam Lowry,C,WPG,61,-38,hit_thrown
8476392,Adam Lowry,C,WPG,53,-40,hit_thrown
8476392,Adam Lowry,C,WPG,92,29,hit_thrown
8476392,Adam Lowry,C,WPG,35,-28,hit_thrown
8476392,Adam Lowry,C,WPG,97,-21,hit_thrown
8476392,Adam Lowry,C,WPG,98,-11,hit_thrown
8476392,Adam Lowry,C,WPG,93,-23,hit_thrown
8476393,Nick Cousins,C,FLA,76,7,block_hd
8476393,Nick Cousins,C,FLA,79,3,block_hd
8476393,Nick Cousins,C,FLA,79,-11,block_hd
8476393,Nick Cousins,C,FLA,59,-18,block_non_hd
8476393,Nick Cousins,C,FLA,42,-17,block_non_hd
8476393,Nick Cousins,C,FLA,74,27,block_non_hd
8476393,Nick Cousins,C,FLA,56,24,block_non_hd
8476393,Nick Cousins,C,FLA,57,-2,block_non_hd
8476393,Nick Cousins,C,FLA,46,0,block_non_hd
8476393,Nick Cousins,C,FLA,62,41,hit_taken
8476393,Nick Cousins,C,FLA,87,-35,hit_taken
8476393,Nick Cousins,C,FLA,93,29,hit_taken
8476393,Nick Cousins,C,FLA,39,35,hit_taken
8476393,Nick Cousins,C,FLA,36,34,hit_taken
8476393,Nick Cousins,C,FLA,87,-33,hit_taken
8476393,Nick Cousins,C,FLA,9,41,hit_taken
8476393,Nick Cousins,C,FLA,38,-34,hit_taken
8476393,Nick Cousins,C,FLA,31,-39,hit_taken
8476393,Nick Cousins,C,FLA,4,-39,hit_taken
8476393,Nick Cousins,C,FLA,98,-11,hit_taken
8476393,Nick Cousins,C,FLA,77,-11,hit_taken
8476393,Nick Cousins,C,FLA,48,39,hit_taken
8476393,Nick Cousins,C,FLA,0,-36,hit_taken
8476393,Nick Cousins,C,FLA,93,29,hit_taken
8476393,Nick Cousins,C,FLA,73,-39,hit_taken
8476393,Nick Cousins,C,FLA,60,-36,hit_taken
8476393,Nick Cousins,C,FLA,66,36,hit_taken
8476393,Nick Cousins,C,FLA,65,-41,hit_taken
8476393,Nick Cousins,C,FLA,93,25,hit_taken
8476393,Nick Cousins,C,FLA,75,39,hit_taken
8476393,Nick Cousins,C,FLA,22,38,hit_taken
8476393,Nick Cousins,C,FLA,8,41,hit_taken
8476393,Nick Cousins,C,FLA,98,10,hit_thrown
8476393,Nick Cousins,C,FLA,93,-19,hit_thrown
8476393,Nick Cousins,C,FLA,83,36,hit_thrown
8476393,Nick Cousins,C,FLA,58,-38,hit_thrown
8476393,Nick Cousins,C,FLA,49,-38,hit_thrown
8476393,Nick Cousins,C,FLA,96,18,hit_thrown
8476393,Nick Cousins,C,FLA,88,33,hit_thrown
8476393,Nick Cousins,C,FLA,53,-39,hit_thrown
8476393,Nick Cousins,C,FLA,80,37,hit_thrown
8476393,Nick Cousins,C,FLA,97,-11,hit_thrown
8476393,Nick Cousins,C,FLA,58,40,hit_thrown
8476393,Nick Cousins,C,FLA,88,34,hit_thrown
8476393,Nick Cousins,C,FLA,95,23,hit_thrown
8476393,Nick Cousins,C,FLA,78,37,hit_thrown
8476393,Nick Cousins,C,FLA,94,19,hit_thrown
8476393,Nick Cousins,C,FLA,12,-41,hit_thrown
8476393,Nick Cousins,C,FLA,99,9,hit_thrown
8476393,Nick Cousins,C,FLA,69,38,hit_thrown
8476393,Nick Cousins,C,FLA,31,38,takeaway_other
8476393,Nick Cousins,C,FLA,34,34,takeaway_other
8476393,Nick Cousins,C,FLA,43,-37,takeaway_other
8476393,Nick Cousins,C,FLA,54,27,takeaway_other
8476393,Nick Cousins,C,FLA,17,-10,takeaway_other
8476419,Jean-Gabriel Pageau,C,NYI,65,15,block_non_hd
8476419,Jean-Gabriel Pageau,C,NYI,44,-13,block_non_hd
8476419,Jean-Gabriel Pageau,C,NYI,62,13,block_non_hd
8476419,Jean-Gabriel Pageau,C,NYI,42,1,block_non_hd
8476419,Jean-Gabriel Pageau,C,NYI,37,21,block_non_hd
8476419,Jean-Gabriel Pageau,C,NYI,69,22,dz_faceoff_win
8476419,Jean-Gabriel Pageau,C,NYI,69,22,dz_faceoff_win
8476419,Jean-Gabriel Pageau,C,NYI,69,22,dz_faceoff_win
8476419,Jean-Gabriel Pageau,C,NYI,69,22,dz_faceoff_win
8476419,Jean-Gabriel Pageau,C,NYI,69,22,dz_faceoff_win
8476419,Jean-Gabriel Pageau,C,NYI,69,-22,dz_faceoff_win
8476419,Jean-Gabriel Pageau,C,NYI,69,22,dz_faceoff_win
8476419,Jean-Gabriel Pageau,C,NYI,69,22,dz_faceoff_win
8476419,Jean-Gabriel Pageau,C,NYI,69,-22,dz_faceoff_win
8476419,Jean-Gabriel Pageau,C,NYI,69,22,dz_faceoff_win
8476419,Jean-Gabriel Pageau,C,NYI,69,22,dz_faceoff_win
8476419,Jean-Gabriel Pageau,C,NYI,69,22,dz_faceoff_win
8476419,Jean-Gabriel Pageau,C,NYI,69,22,dz_faceoff_win
8476419,Jean-Gabriel Pageau,C,NYI,69,22,dz_faceoff_win
8476419,Jean-Gabriel Pageau,C,NYI,69,22,dz_faceoff_win
8476419,Jean-Gabriel Pageau,C,NYI,69,22,dz_faceoff_win
8476419,Jean-Gabriel Pageau,C,NYI,36,-39,hit_taken
8476419,Jean-Gabriel Pageau,C,NYI,70,-38,hit_taken
8476419,Jean-Gabriel Pageau,C,NYI,77,-41,hit_taken
8476419,Jean-Gabriel Pageau,C,NYI,90,32,hit_taken
8476419,Jean-Gabriel Pageau,C,NYI,16,40,hit_taken
8476419,Jean-Gabriel Pageau,C,NYI,65,42,hit_thrown
8476419,Jean-Gabriel Pageau,C,NYI,60,-41,hit_thrown
8476419,Jean-Gabriel Pageau,C,NYI,71,4,hit_thrown
8476419,Jean-Gabriel Pageau,C,NYI,7,38,hit_thrown
8476419,Jean-Gabriel Pageau,C,NYI,96,-3,hit_thrown
8476422,Mike Reilly,D,NYI,73,17,block_hd
8476422,Mike Reilly,D,NYI,73,-1,block_hd
8476422,Mike Reilly,D,NYI,86,-6,block_hd
8476422,Mike Reilly,D,NYI,85,3,block_hd
8476422,Mike Reilly,D,NYI,88,-4,block_hd
8476422,Mike Reilly,D,NYI,65,-3,block_non_hd
8476422,Mike Reilly,D,NYI,57,13,block_non_hd
8476422,Mike Reilly,D,NYI,90,36,hit_taken
8476422,Mike Reilly,D,NYI,1,-32,hit_taken
8476422,Mike Reilly,D,NYI,90,-24,hit_taken
8476422,Mike Reilly,D,NYI,90,32,hit_taken
8476422,Mike Reilly,D,NYI,90,-29,hit_taken
8476422,Mike Reilly,D,NYI,95,-29,hit_taken
8476422,Mike Reilly,D,NYI,96,-20,hit_taken
8476422,Mike Reilly,D,NYI,95,-17,hit_taken
8476422,Mike Reilly,D,NYI,98,0,hit_taken
8476422,Mike Reilly,D,NYI,94,-26,hit_taken
8476422,Mike Reilly,D,NYI,70,-8,takeaway_hd
8476441,Joel Edmundson,D,TOR,79,4,block_hd
8476441,Joel Edmundson,D,TOR,74,1,block_hd
8476441,Joel Edmundson,D,TOR,70,2,block_hd
8476441,Joel Edmundson,D,TOR,84,-6,block_hd
8476441,Joel Edmundson,D,TOR,83,-8,block_hd
8476441,Joel Edmundson,D,TOR,74,12,block_hd
8476441,Joel Edmundson,D,TOR,84,-3,block_hd
8476441,Joel Edmundson,D,TOR,77,-6,block_hd
8476441,Joel Edmundson,D,TOR,41,-7,block_non_hd
8476441,Joel Edmundson,D,TOR,66,-7,block_non_hd
8476441,Joel Edmundson,D,TOR,61,-4,block_non_hd
8476441,Joel Edmundson,D,TOR,46,27,block_non_hd
8476441,Joel Edmundson,D,TOR,83,-33,hit_taken
8476441,Joel Edmundson,D,TOR,93,-7,hit_taken
8476441,Joel Edmundson,D,TOR,92,-19,hit_taken
8476441,Joel Edmundson,D,TOR,63,36,hit_taken
8476441,Joel Edmundson,D,TOR,87,-37,hit_taken
8476441,Joel Edmundson,D,TOR,21,-40,hit_taken
8476441,Joel Edmundson,D,TOR,95,-15,hit_taken
8476441,Joel Edmundson,D,TOR,90,-23,hit_taken
8476441,Joel Edmundson,D,TOR,95,-8,hit_taken
8476441,Joel Edmundson,D,TOR,81,37,hit_taken
8476441,Joel Edmundson,D,TOR,94,-25,hit_taken
8476441,Joel Edmundson,D,TOR,94,-22,hit_taken
8476441,Joel Edmundson,D,TOR,97,-13,hit_taken
8476441,Joel Edmundson,D,TOR,96,28,hit_taken
8476441,Joel Edmundson,D,TOR,80,38,hit_taken
8476441,Joel Edmundson,D,TOR,98,9,hit_taken
8476441,Joel Edmundson,D,TOR,97,-21,hit_taken
8476441,Joel Edmundson,D,TOR,43,-40,hit_taken
8476441,Joel Edmundson,D,TOR,92,31,hit_taken
8476441,Joel Edmundson,D,TOR,61,36,hit_taken
8476441,Joel Edmundson,D,TOR,71,-34,hit_taken
8476441,Joel Edmundson,D,TOR,99,18,hit_taken
8476441,Joel Edmundson,D,TOR,61,-38,hit_taken
8476441,Joel Edmundson,D,TOR,93,-16,hit_taken
8476441,Joel Edmundson,D,TOR,99,-8,hit_thrown
8476441,Joel Edmundson,D,TOR,47,-34,hit_thrown
8476441,Joel Edmundson,D,TOR,45,-37,hit_thrown
8476441,Joel Edmundson,D,TOR,40,35,hit_thrown
8476441,Joel Edmundson,D,TOR,44,37,hit_thrown
8476441,Joel Edmundson,D,TOR,96,-24,hit_thrown
8476441,Joel Edmundson,D,TOR,95,-22,hit_thrown
8476441,Joel Edmundson,D,TOR,16,-39,hit_thrown
8476441,Joel Edmundson,D,TOR,72,-39,hit_thrown
8476441,Joel Edmundson,D,TOR,46,-39,hit_thrown
8476441,Joel Edmundson,D,TOR,97,-1,hit_thrown
8476441,Joel Edmundson,D,TOR,1,-39,hit_thrown
8476441,Joel Edmundson,D,TOR,99,18,hit_thrown
8476441,Joel Edmundson,D,TOR,98,-21,hit_thrown
8476441,Joel Edmundson,D,TOR,56,40,hit_thrown
8476441,Joel Edmundson,D,TOR,76,-37,hit_thrown
8476441,Joel Edmundson,D,TOR,34,23,hit_thrown
8476441,Joel Edmundson,D,TOR,96,20,hit_thrown
8476441,Joel Edmundson,D,TOR,93,-27,hit_thrown
8476441,Joel Edmundson,D,TOR,90,12,hit_thrown
8476441,Joel Edmundson,D,TOR,85,-27,hit_thrown
8476441,Joel Edmundson,D,TOR,35,-35,hit_thrown
8476441,Joel Edmundson,D,TOR,30,37,takeaway_other
8476448,William Karlsson,C,VGK,78,30,block_non_hd
8476448,William Karlsson,C,VGK,47,14,block_non_hd
8476448,William Karlsson,C,VGK,76,28,block_non_hd
8476448,William Karlsson,C,VGK,63,-34,block_non_hd
8476448,William Karlsson,C,VGK,69,15,block_non_hd
8476448,William Karlsson,C,VGK,69,22,dz_faceoff_win
8476448,William Karlsson,C,VGK,69,-22,dz_faceoff_win
8476448,William Karlsson,C,VGK,69,-22,dz_faceoff_win
8476448,William Karlsson,C,VGK,69,-22,dz_faceoff_win
8476448,William Karlsson,C,VGK,69,-22,dz_faceoff_win
8476448,William Karlsson,C,VGK,69,-22,dz_faceoff_win
8476448,William Karlsson,C,VGK,69,-22,dz_faceoff_win
8476448,William Karlsson,C,VGK,69,-22,dz_faceoff_win
8476448,William Karlsson,C,VGK,69,-22,dz_faceoff_win
8476448,William Karlsson,C,VGK,69,-22,dz_faceoff_win
8476448,William Karlsson,C,VGK,69,-22,dz_faceoff_win
8476448,William Karlsson,C,VGK,69,-22,dz_faceoff_win
8476448,William Karlsson,C,VGK,86,35,hit_taken
8476448,William Karlsson,C,VGK,80,39,hit_taken
8476448,William Karlsson,C,VGK,69,-41,hit_taken
8476448,William Karlsson,C,VGK,9,-39,hit_taken
8476448,William Karlsson,C,VGK,70,-41,hit_taken
8476448,William Karlsson,C,VGK,56,-41,hit_taken
8476448,William Karlsson,C,VGK,26,40,hit_taken
8476448,William Karlsson,C,VGK,72,-39,hit_taken
8476448,William Karlsson,C,VGK,75,-41,hit_thrown
8476448,William Karlsson,C,VGK,98,7,hit_thrown
8476448,William Karlsson,C,VGK,94,30,hit_thrown
8476448,William Karlsson,C,VGK,90,29,hit_thrown
8476448,William Karlsson,C,VGK,27,40,hit_thrown
8476448,William Karlsson,C,VGK,90,31,hit_thrown
8476448,William Karlsson,C,VGK,89,-32,hit_thrown
8476448,William Karlsson,C,VGK,61,-41,hit_thrown
8476448,William Karlsson,C,VGK,41,31,takeaway_other
8476448,William Karlsson,C,VGK,5,12,takeaway_other
8476453,Nikita Kucherov,R,TBL,84,-1,block_hd
8476453,Nikita Kucherov,R,TBL,63,9,block_non_hd
8476453,Nikita Kucherov,R,TBL,56,8,block_non_hd
8476453,Nikita Kucherov,R,TBL,37,3,block_non_hd
8476453,Nikita Kucherov,R,TBL,45,0,block_non_hd
8476453,Nikita Kucherov,R,TBL,97,5,hit_taken
8476453,Nikita Kucherov,R,TBL,31,21,hit_taken
8476453,Nikita Kucherov,R,TBL,20,18,hit_taken
8476453,Nikita Kucherov,R,TBL,91,29,hit_taken
8476453,Nikita Kucherov,R,TBL,65,-41,hit_taken
8476453,Nikita Kucherov,R,TBL,92,-28,hit_taken
8476453,Nikita Kucherov,R,TBL,70,39,hit_taken
8476453,Nikita Kucherov,R,TBL,57,-37,hit_taken
8476453,Nikita Kucherov,R,TBL,15,-38,hit_taken
8476453,Nikita Kucherov,R,TBL,30,-11,hit_taken
8476453,Nikita Kucherov,R,TBL,37,-38,hit_taken
8476453,Nikita Kucherov,R,TBL,98,-14,hit_taken
8476453,Nikita Kucherov,R,TBL,20,-2,hit_taken
8476453,Nikita Kucherov,R,TBL,80,39,hit_taken
8476453,Nikita Kucherov,R,TBL,89,33,hit_taken
8476453,Nikita Kucherov,R,TBL,24,-40,hit_taken
8476453,Nikita Kucherov,R,TBL,3,-38,hit_taken
8476453,Nikita Kucherov,R,TBL,86,35,hit_taken
8476453,Nikita Kucherov,R,TBL,21,37,hit_taken
8476453,Nikita Kucherov,R,TBL,16,-39,hit_taken
8476453,Nikita Kucherov,R,TBL,88,-34,hit_thrown
8476453,Nikita Kucherov,R,TBL,98,-11,hit_thrown
8476453,Nikita Kucherov,R,TBL,96,-10,hit_thrown
8476453,Nikita Kucherov,R,TBL,48,39,hit_thrown
8476453,Nikita Kucherov,R,TBL,19,-40,hit_thrown
8476453,Nikita Kucherov,R,TBL,84,27,hit_thrown
8476453,Nikita Kucherov,R,TBL,60,39,hit_thrown
8476453,Nikita Kucherov,R,TBL,92,-33,hit_thrown
8476453,Nikita Kucherov,R,TBL,85,36,hit_thrown
8476453,Nikita Kucherov,R,TBL,95,9,hit_thrown
8476453,Nikita Kucherov,R,TBL,92,-27,hit_thrown
8476453,Nikita Kucherov,R,TBL,67,-39,hit_thrown
8476453,Nikita Kucherov,R,TBL,93,32,hit_thrown
8476454,Ryan Nugent-Hopkins,C,EDM,88,-6,block_hd
8476454,Ryan Nugent-Hopkins,C,EDM,79,3,block_hd
8476454,Ryan Nugent-Hopkins,C,EDM,71,-10,block_hd
8476454,Ryan Nugent-Hopkins,C,EDM,73,-15,block_hd
8476454,Ryan Nugent-Hopkins,C,EDM,37,-31,block_non_hd
8476454,Ryan Nugent-Hopkins,C,EDM,53,-29,block_non_hd
8476454,Ryan Nugent-Hopkins,C,EDM,36,-25,block_non_hd
8476454,Ryan Nugent-Hopkins,C,EDM,63,-8,block_non_hd
8476454,Ryan Nugent-Hopkins,C,EDM,55,2,block_non_hd
8476454,Ryan Nugent-Hopkins,C,EDM,63,-16,block_non_hd
8476454,Ryan Nugent-Hopkins,C,EDM,44,-17,block_non_hd
8476454,Ryan Nugent-Hopkins,C,EDM,69,-6,block_non_hd
8476454,Ryan Nugent-Hopkins,C,EDM,42,-17,block_non_hd
8476454,Ryan Nugent-Hopkins,C,EDM,63,-7,block_non_hd
8476454,Ryan Nugent-Hopkins,C,EDM,60,-5,block_non_hd
8476454,Ryan Nugent-Hopkins,C,EDM,59,18,block_non_hd
8476454,Ryan Nugent-Hopkins,C,EDM,65,16,block_non_hd
8476454,Ryan Nugent-Hopkins,C,EDM,82,1,crease_goal
8476454,Ryan Nugent-Hopkins,C,EDM,82,2,crease_goal
8476454,Ryan Nugent-Hopkins,C,EDM,82,5,crease_goal
8476454,Ryan Nugent-Hopkins,C,EDM,83,-3,crease_goal
8476454,Ryan Nugent-Hopkins,C,EDM,69,-22,dz_faceoff_win
8476454,Ryan Nugent-Hopkins,C,EDM,69,-22,dz_faceoff_win
8476454,Ryan Nugent-Hopkins,C,EDM,69,22,dz_faceoff_win
8476454,Ryan Nugent-Hopkins,C,EDM,69,-22,dz_faceoff_win
8476454,Ryan Nugent-Hopkins,C,EDM,69,-22,dz_faceoff_win
8476454,Ryan Nugent-Hopkins,C,EDM,69,-22,dz_faceoff_win
8476454,Ryan Nugent-Hopkins,C,EDM,69,22,dz_faceoff_win
8476454,Ryan Nugent-Hopkins,C,EDM,69,22,dz_faceoff_win
8476454,Ryan Nugent-Hopkins,C,EDM,69,-22,dz_faceoff_win
8476454,Ryan Nugent-Hopkins,C,EDM,69,-22,dz_faceoff_win
8476454,Ryan Nugent-Hopkins,C,EDM,69,-22,dz_faceoff_win
8476454,Ryan Nugent-Hopkins,C,EDM,69,22,dz_faceoff_win
8476454,Ryan Nugent-Hopkins,C,EDM,69,22,dz_faceoff_win
8476454,Ryan Nugent-Hopkins,C,EDM,41,39,hit_taken
8476454,Ryan Nugent-Hopkins,C,EDM,54,-41,hit_taken
8476454,Ryan Nugent-Hopkins,C,EDM,39,-41,hit_taken
8476454,Ryan Nugent-Hopkins,C,EDM,34,-25,hit_taken
8476454,Ryan Nugent-Hopkins,C,EDM,97,15,hit_taken
8476454,Ryan Nugent-Hopkins,C,EDM,83,-37,hit_taken
8476454,Ryan Nugent-Hopkins,C,EDM,72,-41,hit_taken
8476454,Ryan Nugent-Hopkins,C,EDM,21,28,hit_taken
8476454,Ryan Nugent-Hopkins,C,EDM,96,-8,hit_taken
8476454,Ryan Nugent-Hopkins,C,EDM,15,39,hit_taken
8476454,Ryan Nugent-Hopkins,C,EDM,68,38,hit_taken
8476454,Ryan Nugent-Hopkins,C,EDM,32,38,hit_taken
8476454,Ryan Nugent-Hopkins,C,EDM,8,-38,hit_taken
8476454,Ryan Nugent-Hopkins,C,EDM,80,35,hit_taken
8476454,Ryan Nugent-Hopkins,C,EDM,79,-40,hit_taken
8476454,Ryan Nugent-Hopkins,C,EDM,91,30,hit_taken
8476454,Ryan Nugent-Hopkins,C,EDM,72,36,hit_taken
8476454,Ryan Nugent-Hopkins,C,EDM,95,-13,hit_taken
8476454,Ryan Nugent-Hopkins,C,EDM,65,-40,hit_taken
8476454,Ryan Nugent-Hopkins,C,EDM,87,35,hit_taken
8476454,Ryan Nugent-Hopkins,C,EDM,97,-22,hit_taken
8476454,Ryan Nugent-Hopkins,C,EDM,39,-37,hit_taken
8476454,Ryan Nugent-Hopkins,C,EDM,49,-42,hit_taken
8476454,Ryan Nugent-Hopkins,C,EDM,57,-40,hit_taken
8476454,Ryan Nugent-Hopkins,C,EDM,80,-38,hit_taken
8476454,Ryan Nugent-Hopkins,C,EDM,53,-38,hit_taken
8476454,Ryan Nugent-Hopkins,C,EDM,89,35,hit_taken
8476454,Ryan Nugent-Hopkins,C,EDM,39,39,hit_taken
8476454,Ryan Nugent-Hopkins,C,EDM,95,9,hit_taken
8476454,Ryan Nugent-Hopkins,C,EDM,9,-40,hit_taken
8476454,Ryan Nugent-Hopkins,C,EDM,33,-38,hit_taken
8476454,Ryan Nugent-Hopkins,C,EDM,59,-38,hit_taken
8476454,Ryan Nugent-Hopkins,C,EDM,97,4,hit_taken
8476454,Ryan Nugent-Hopkins,C,EDM,92,-29,hit_taken
8476454,Ryan Nugent-Hopkins,C,EDM,46,-39,hit_thrown
8476454,Ryan Nugent-Hopkins,C,EDM,84,-35,hit_thrown
8476454,Ryan Nugent-Hopkins,C,EDM,96,-4,hit_thrown
8476454,Ryan Nugent-Hopkins,C,EDM,67,28,hit_thrown
8476454,Ryan Nugent-Hopkins,C,EDM,97,6,hit_thrown
8476454,Ryan Nugent-Hopkins,C,EDM,91,-31,hit_thrown
8476454,Ryan Nugent-Hopkins,C,EDM,98,6,hit_thrown
8476454,Ryan Nugent-Hopkins,C,EDM,84,37,hit_thrown
8476454,Ryan Nugent-Hopkins,C,EDM,76,16,hit_thrown
8476454,Ryan Nugent-Hopkins,C,EDM,36,39,hit_thrown
8476454,Ryan Nugent-Hopkins,C,EDM,76,40,hit_thrown
8476454,Ryan Nugent-Hopkins,C,EDM,71,42,hit_thrown
8476454,Ryan Nugent-Hopkins,C,EDM,69,39,hit_thrown
8476454,Ryan Nugent-Hopkins,C,EDM,34,-38,hit_thrown
8476454,Ryan Nugent-Hopkins,C,EDM,97,-12,hit_thrown
8476454,Ryan Nugent-Hopkins,C,EDM,65,-40,hit_thrown
8476454,Ryan Nugent-Hopkins,C,EDM,95,20,hit_thrown
8476454,Ryan Nugent-Hopkins,C,EDM,48,38,hit_thrown
8476454,Ryan Nugent-Hopkins,C,EDM,66,38,hit_thrown
8476454,Ryan Nugent-Hopkins,C,EDM,97,-16,hit_thrown
8476454,Ryan Nugent-Hopkins,C,EDM,66,36,hit_thrown
8476454,Ryan Nugent-Hopkins,C,EDM,9,40,hit_thrown
8476454,Ryan Nugent-Hopkins,C,EDM,98,-9,hit_thrown
8476454,Ryan Nugent-Hopkins,C,EDM,98,-11,hit_thrown
8476454,Ryan Nugent-Hopkins,C,EDM,96,21,hit_thrown
8476454,Ryan Nugent-Hopkins,C,EDM,81,-37,hit_thrown
8476454,Ryan Nugent-Hopkins,C,EDM,91,28,hit_thrown
8476454,Ryan Nugent-Hopkins,C,EDM,97,12,hit_thrown
8476454,Ryan Nugent-Hopkins,C,EDM,96,-14,hit_thrown
8476454,Ryan Nugent-Hopkins,C,EDM,31,40,hit_thrown
8476454,Ryan Nugent-Hopkins,C,EDM,92,31,hit_thrown
8476454,Ryan Nugent-Hopkins,C,EDM,97,1,hit_thrown
8476454,Ryan Nugent-Hopkins,C,EDM,85,37,hit_thrown
8476454,Ryan Nugent-Hopkins,C,EDM,41,39,hit_thrown
8476454,Ryan Nugent-Hopkins,C,EDM,79,39,hit_thrown
8476454,Ryan Nugent-Hopkins,C,EDM,46,40,hit_thrown
8476454,Ryan Nugent-Hopkins,C,EDM,84,-35,hit_thrown
8476454,Ryan Nugent-Hopkins,C,EDM,93,24,hit_thrown
8476454,Ryan Nugent-Hopkins,C,EDM,85,-33,hit_thrown
8476454,Ryan Nugent-Hopkins,C,EDM,64,-40,hit_thrown
8476454,Ryan Nugent-Hopkins,C,EDM,89,-31,hit_thrown
8476454,Ryan Nugent-Hopkins,C,EDM,77,38,hit_thrown
8476454,Ryan Nugent-Hopkins,C,EDM,83,-38,hit_thrown
8476454,Ryan Nugent-Hopkins,C,EDM,51,40,takeaway_other
8476454,Ryan Nugent-Hopkins,C,EDM,65,-10,takeaway_other
8476454,Ryan Nugent-Hopkins,C,EDM,55,-27,takeaway_other
8476454,Ryan Nugent-Hopkins,C,EDM,22,-26,takeaway_other
8476454,Ryan Nugent-Hopkins,C,EDM,14,-39,takeaway_other
8476454,Ryan Nugent-Hopkins,C,EDM,43,-11,takeaway_other
8476454,Ryan Nugent-Hopkins,C,EDM,34,2,takeaway_other
8476454,Ryan Nugent-Hopkins,C,EDM,48,-39,takeaway_other
8476454,Ryan Nugent-Hopkins,C,EDM,49,17,takeaway_other
8476454,Ryan Nugent-Hopkins,C,EDM,51,-41,takeaway_other
8476454,Ryan Nugent-Hopkins,C,EDM,56,-30,takeaway_other
8476459,Mika Zibanejad,C,NYR,77,2,block_hd
8476459,Mika Zibanejad,C,NYR,77,-11,block_hd
8476459,Mika Zibanejad,C,NYR,72,3,block_hd
8476459,Mika Zibanejad,C,NYR,82,-14,block_hd
8476459,Mika Zibanejad,C,NYR,79,1,block_hd
8476459,Mika Zibanejad,C,NYR,56,-2,block_non_hd
8476459,Mika Zibanejad,C,NYR,50,-15,block_non_hd
8476459,Mika Zibanejad,C,NYR,42,28,block_non_hd
8476459,Mika Zibanejad,C,NYR,63,-32,block_non_hd
8476459,Mika Zibanejad,C,NYR,37,-35,block_non_hd
8476459,Mika Zibanejad,C,NYR,60,-16,block_non_hd
8476459,Mika Zibanejad,C,NYR,56,-31,block_non_hd
8476459,Mika Zibanejad,C,NYR,36,-6,block_non_hd
8476459,Mika Zibanejad,C,NYR,69,-22,dz_faceoff_win
8476459,Mika Zibanejad,C,NYR,69,22,dz_faceoff_win
8476459,Mika Zibanejad,C,NYR,69,22,dz_faceoff_win
8476459,Mika Zibanejad,C,NYR,69,22,dz_faceoff_win
8476459,Mika Zibanejad,C,NYR,69,22,dz_faceoff_win
8476459,Mika Zibanejad,C,NYR,69,22,dz_faceoff_win
8476459,Mika Zibanejad,C,NYR,69,22,dz_faceoff_win
8476459,Mika Zibanejad,C,NYR,69,-22,dz_faceoff_win
8476459,Mika Zibanejad,C,NYR,69,22,dz_faceoff_win
8476459,Mika Zibanejad,C,NYR,69,22,dz_faceoff_win
8476459,Mika Zibanejad,C,NYR,69,22,dz_faceoff_win
8476459,Mika Zibanejad,C,NYR,69,22,dz_faceoff_win
8476459,Mika Zibanejad,C,NYR,69,22,dz_faceoff_win
8476459,Mika Zibanejad,C,NYR,69,22,dz_faceoff_win
8476459,Mika Zibanejad,C,NYR,69,22,dz_faceoff_win
8476459,Mika Zibanejad,C,NYR,69,22,dz_faceoff_win
8476459,Mika Zibanejad,C,NYR,69,22,dz_faceoff_win
8476459,Mika Zibanejad,C,NYR,69,-22,dz_faceoff_win
8476459,Mika Zibanejad,C,NYR,69,22,dz_faceoff_win
8476459,Mika Zibanejad,C,NYR,69,22,dz_faceoff_win
8476459,Mika Zibanejad,C,NYR,69,22,dz_faceoff_win
8476459,Mika Zibanejad,C,NYR,69,22,dz_faceoff_win
8476459,Mika Zibanejad,C,NYR,69,-22,dz_faceoff_win
8476459,Mika Zibanejad,C,NYR,69,22,dz_faceoff_win
8476459,Mika Zibanejad,C,NYR,69,22,dz_faceoff_win
8476459,Mika Zibanejad,C,NYR,69,22,dz_faceoff_win
8476459,Mika Zibanejad,C,NYR,69,22,dz_faceoff_win
8476459,Mika Zibanejad,C,NYR,69,22,dz_faceoff_win
8476459,Mika Zibanejad,C,NYR,69,22,dz_faceoff_win
8476459,Mika Zibanejad,C,NYR,69,22,dz_faceoff_win
8476459,Mika Zibanejad,C,NYR,69,22,dz_faceoff_win
8476459,Mika Zibanejad,C,NYR,69,-22,dz_faceoff_win
8476459,Mika Zibanejad,C,NYR,69,-22,dz_faceoff_win
8476459,Mika Zibanejad,C,NYR,69,-22,dz_faceoff_win
8476459,Mika Zibanejad,C,NYR,69,22,dz_faceoff_win
8476459,Mika Zibanejad,C,NYR,69,22,dz_faceoff_win
8476459,Mika Zibanejad,C,NYR,69,22,dz_faceoff_win
8476459,Mika Zibanejad,C,NYR,69,22,dz_faceoff_win
8476459,Mika Zibanejad,C,NYR,69,22,dz_faceoff_win
8476459,Mika Zibanejad,C,NYR,69,22,dz_faceoff_win
8476459,Mika Zibanejad,C,NYR,69,-22,dz_faceoff_win
8476459,Mika Zibanejad,C,NYR,69,-22,dz_faceoff_win
8476459,Mika Zibanejad,C,NYR,69,22,dz_faceoff_win
8476459,Mika Zibanejad,C,NYR,69,22,dz_faceoff_win
8476459,Mika Zibanejad,C,NYR,69,-22,dz_faceoff_win
8476459,Mika Zibanejad,C,NYR,69,22,dz_faceoff_win
8476459,Mika Zibanejad,C,NYR,82,34,hit_taken
8476459,Mika Zibanejad,C,NYR,24,19,hit_taken
8476459,Mika Zibanejad,C,NYR,99,16,hit_taken
8476459,Mika Zibanejad,C,NYR,83,-20,hit_taken
8476459,Mika Zibanejad,C,NYR,50,38,hit_taken
8476459,Mika Zibanejad,C,NYR,22,-33,hit_taken
8476459,Mika Zibanejad,C,NYR,53,37,hit_taken
8476459,Mika Zibanejad,C,NYR,84,35,hit_taken
8476459,Mika Zibanejad,C,NYR,88,-33,hit_taken
8476459,Mika Zibanejad,C,NYR,4,-38,hit_taken
8476459,Mika Zibanejad,C,NYR,59,-38,hit_taken
8476459,Mika Zibanejad,C,NYR,11,-38,hit_taken
8476459,Mika Zibanejad,C,NYR,22,-4,hit_taken
8476459,Mika Zibanejad,C,NYR,93,-8,hit_taken
8476459,Mika Zibanejad,C,NYR,68,-39,hit_taken
8476459,Mika Zibanejad,C,NYR,17,-40,hit_taken
8476459,Mika Zibanejad,C,NYR,92,15,hit_taken
8476459,Mika Zibanejad,C,NYR,76,37,hit_taken
8476459,Mika Zibanejad,C,NYR,65,37,hit_thrown
8476459,Mika Zibanejad,C,NYR,95,-21,hit_thrown
8476459,Mika Zibanejad,C,NYR,8,-36,hit_thrown
8476459,Mika Zibanejad,C,NYR,25,42,hit_thrown
8476459,Mika Zibanejad,C,NYR,78,-39,hit_thrown
8476459,Mika Zibanejad,C,NYR,51,42,hit_thrown
8476459,Mika Zibanejad,C,NYR,15,42,hit_thrown
8476459,Mika Zibanejad,C,NYR,88,-33,hit_thrown
8476459,Mika Zibanejad,C,NYR,67,40,hit_thrown
8476459,Mika Zibanejad,C,NYR,73,-41,hit_thrown
8476459,Mika Zibanejad,C,NYR,84,-7,hit_thrown
8476459,Mika Zibanejad,C,NYR,61,-40,hit_thrown
8476459,Mika Zibanejad,C,NYR,98,-13,takeaway_hd
8476459,Mika Zibanejad,C,NYR,73,0,takeaway_hd
8476459,Mika Zibanejad,C,NYR,25,-37,takeaway_other
8476459,Mika Zibanejad,C,NYR,7,-36,takeaway_other
8476459,Mika Zibanejad,C,NYR,89,-31,takeaway_other
8476459,Mika Zibanejad,C,NYR,34,38,takeaway_other
8476459,Mika Zibanejad,C,NYR,3,-15,takeaway_other
8476459,Mika Zibanejad,C,NYR,34,21,takeaway_other
8476459,Mika Zibanejad,C,NYR,94,30,takeaway_other
8476459,Mika Zibanejad,C,NYR,6,-38,takeaway_other
8476459,Mika Zibanejad,C,NYR,42,33,takeaway_other
8476459,Mika Zibanejad,C,NYR,50,-37,takeaway_other
8476460,Mark Scheifele,C,WPG,80,1,block_hd
8476460,Mark Scheifele,C,WPG,78,5,block_hd
8476460,Mark Scheifele,C,WPG,76,5,block_hd
8476460,Mark Scheifele,C,WPG,57,-7,block_non_hd
8476460,Mark Scheifele,C,WPG,66,17,block_non_hd
8476460,Mark Scheifele,C,WPG,83,-3,crease_goal
8476460,Mark Scheifele,C,WPG,78,4,crease_goal
8476460,Mark Scheifele,C,WPG,69,22,dz_faceoff_win
8476460,Mark Scheifele,C,WPG,69,22,dz_faceoff_win
8476460,Mark Scheifele,C,WPG,69,22,dz_faceoff_win
8476460,Mark Scheifele,C,WPG,69,22,dz_faceoff_win
8476460,Mark Scheifele,C,WPG,69,22,dz_faceoff_win
8476460,Mark Scheifele,C,WPG,69,22,dz_faceoff_win
8476460,Mark Scheifele,C,WPG,69,-22,dz_faceoff_win
8476460,Mark Scheifele,C,WPG,69,22,dz_faceoff_win
8476460,Mark Scheifele,C,WPG,98,-4,hit_taken
8476460,Mark Scheifele,C,WPG,77,-41,hit_taken
8476460,Mark Scheifele,C,WPG,4,-40,hit_taken
8476460,Mark Scheifele,C,WPG,51,-37,hit_taken
8476460,Mark Scheifele,C,WPG,86,-35,hit_taken
8476460,Mark Scheifele,C,WPG,1,41,hit_taken
8476460,Mark Scheifele,C,WPG,97,22,hit_taken
8476460,Mark Scheifele,C,WPG,70,40,hit_taken
8476460,Mark Scheifele,C,WPG,26,38,hit_taken
8476460,Mark Scheifele,C,WPG,99,12,hit_taken
8476460,Mark Scheifele,C,WPG,91,34,hit_taken
8476460,Mark Scheifele,C,WPG,76,-37,hit_taken
8476460,Mark Scheifele,C,WPG,36,-38,hit_taken
8476460,Mark Scheifele,C,WPG,99,7,hit_taken
8476460,Mark Scheifele,C,WPG,96,-25,hit_thrown
8476460,Mark Scheifele,C,WPG,61,-39,hit_thrown
8476460,Mark Scheifele,C,WPG,88,-32,hit_thrown
8476460,Mark Scheifele,C,WPG,31,-42,hit_thrown
8476460,Mark Scheifele,C,WPG,91,30,hit_thrown
8476460,Mark Scheifele,C,WPG,92,25,hit_thrown
8476460,Mark Scheifele,C,WPG,4,-41,hit_thrown
8476460,Mark Scheifele,C,WPG,98,-21,hit_thrown
8476460,Mark Scheifele,C,WPG,55,-39,hit_thrown
8476460,Mark Scheifele,C,WPG,70,-38,hit_thrown
8476460,Mark Scheifele,C,WPG,69,-39,hit_thrown
8476460,Mark Scheifele,C,WPG,98,-12,hit_thrown
8476460,Mark Scheifele,C,WPG,91,-33,hit_thrown
8476460,Mark Scheifele,C,WPG,60,-10,takeaway_other
8476460,Mark Scheifele,C,WPG,33,17,takeaway_other
8476468,J.T. Miller,C,VAN,84,7,block_hd
8476468,J.T. Miller,C,VAN,83,-7,block_hd
8476468,J.T. Miller,C,VAN,74,-9,block_hd
8476468,J.T. Miller,C,VAN,82,4,block_hd
8476468,J.T. Miller,C,VAN,57,23,block_non_hd
8476468,J.T. Miller,C,VAN,70,-20,block_non_hd
8476468,J.T. Miller,C,VAN,77,-24,block_non_hd
8476468,J.T. Miller,C,VAN,47,18,block_non_hd
8476468,J.T. Miller,C,VAN,57,-19,block_non_hd
8476468,J.T. Miller,C,VAN,81,6,crease_goal
8476468,J.T. Miller,C,VAN,69,22,dz_faceoff_win
8476468,J.T. Miller,C,VAN,69,-22,dz_faceoff_win
8476468,J.T. Miller,C,VAN,69,-22,dz_faceoff_win
8476468,J.T. Miller,C,VAN,69,-22,dz_faceoff_win
8476468,J.T. Miller,C,VAN,69,22,dz_faceoff_win
8476468,J.T. Miller,C,VAN,69,22,dz_faceoff_win
8476468,J.T. Miller,C,VAN,69,22,dz_faceoff_win
8476468,J.T. Miller,C,VAN,69,22,dz_faceoff_win
8476468,J.T. Miller,C,VAN,69,-22,dz_faceoff_win
8476468,J.T. Miller,C,VAN,69,22,dz_faceoff_win
8476468,J.T. Miller,C,VAN,69,-22,dz_faceoff_win
8476468,J.T. Miller,C,VAN,69,22,dz_faceoff_win
8476468,J.T. Miller,C,VAN,69,22,dz_faceoff_win
8476468,J.T. Miller,C,VAN,69,-22,dz_faceoff_win
8476468,J.T. Miller,C,VAN,69,-22,dz_faceoff_win
8476468,J.T. Miller,C,VAN,69,22,dz_faceoff_win
8476468,J.T. Miller,C,VAN,69,-22,dz_faceoff_win
8476468,J.T. Miller,C,VAN,69,22,dz_faceoff_win
8476468,J.T. Miller,C,VAN,69,-22,dz_faceoff_win
8476468,J.T. Miller,C,VAN,69,22,dz_faceoff_win
8476468,J.T. Miller,C,VAN,69,-22,dz_faceoff_win
8476468,J.T. Miller,C,VAN,69,22,dz_faceoff_win
8476468,J.T. Miller,C,VAN,69,22,dz_faceoff_win
8476468,J.T. Miller,C,VAN,69,22,dz_faceoff_win
8476468,J.T. Miller,C,VAN,69,-22,dz_faceoff_win
8476468,J.T. Miller,C,VAN,69,22,dz_faceoff_win
8476468,J.T. Miller,C,VAN,69,-22,dz_faceoff_win
8476468,J.T. Miller,C,VAN,69,22,dz_faceoff_win
8476468,J.T. Miller,C,VAN,69,22,dz_faceoff_win
8476468,J.T. Miller,C,VAN,69,-22,dz_faceoff_win
8476468,J.T. Miller,C,VAN,69,22,dz_faceoff_win
8476468,J.T. Miller,C,VAN,69,22,dz_faceoff_win
8476468,J.T. Miller,C,VAN,69,-22,dz_faceoff_win
8476468,J.T. Miller,C,VAN,69,22,dz_faceoff_win
8476468,J.T. Miller,C,VAN,69,-22,dz_faceoff_win
8476468,J.T. Miller,C,VAN,69,-22,dz_faceoff_win
8476468,J.T. Miller,C,VAN,69,22,dz_faceoff_win
8476468,J.T. Miller,C,VAN,69,-22,dz_faceoff_win
8476468,J.T. Miller,C,VAN,69,-22,dz_faceoff_win
8476468,J.T. Miller,C,VAN,69,22,dz_faceoff_win
8476468,J.T. Miller,C,VAN,69,22,dz_faceoff_win
8476468,J.T. Miller,C,VAN,69,22,dz_faceoff_win
8476468,J.T. Miller,C,VAN,69,-22,dz_faceoff_win
8476468,J.T. Miller,C,VAN,69,-22,dz_faceoff_win
8476468,J.T. Miller,C,VAN,69,22,dz_faceoff_win
8476468,J.T. Miller,C,VAN,69,-22,dz_faceoff_win
8476468,J.T. Miller,C,VAN,69,-22,dz_faceoff_win
8476468,J.T. Miller,C,VAN,69,22,dz_faceoff_win
8476468,J.T. Miller,C,VAN,69,-22,dz_faceoff_win
8476468,J.T. Miller,C,VAN,69,-22,dz_faceoff_win
8476468,J.T. Miller,C,VAN,69,22,dz_faceoff_win
8476468,J.T. Miller,C,VAN,69,-22,dz_faceoff_win
8476468,J.T. Miller,C,VAN,69,22,dz_faceoff_win
8476468,J.T. Miller,C,VAN,69,-22,dz_faceoff_win
8476468,J.T. Miller,C,VAN,69,-22,dz_faceoff_win
8476468,J.T. Miller,C,VAN,96,6,hit_taken
8476468,J.T. Miller,C,VAN,7,-35,hit_taken
8476468,J.T. Miller,C,VAN,83,35,hit_taken
8476468,J.T. Miller,C,VAN,5,41,hit_taken
8476468,J.T. Miller,C,VAN,41,-39,hit_taken
8476468,J.T. Miller,C,VAN,59,-41,hit_taken
8476468,J.T. Miller,C,VAN,89,34,hit_taken
8476468,J.T. Miller,C,VAN,97,1,hit_taken
8476468,J.T. Miller,C,VAN,13,-41,hit_taken
8476468,J.T. Miller,C,VAN,44,34,hit_taken
8476468,J.T. Miller,C,VAN,51,-39,hit_taken
8476468,J.T. Miller,C,VAN,44,-41,hit_taken
8476468,J.T. Miller,C,VAN,80,-34,hit_taken
8476468,J.T. Miller,C,VAN,44,-36,hit_taken
8476468,J.T. Miller,C,VAN,48,-41,hit_taken
8476468,J.T. Miller,C,VAN,76,40,hit_taken
8476468,J.T. Miller,C,VAN,17,-38,hit_taken
8476468,J.T. Miller,C,VAN,35,38,hit_taken
8476468,J.T. Miller,C,VAN,48,-40,hit_taken
8476468,J.T. Miller,C,VAN,79,36,hit_taken
8476468,J.T. Miller,C,VAN,82,-30,hit_taken
8476468,J.T. Miller,C,VAN,58,38,hit_taken
8476468,J.T. Miller,C,VAN,88,-36,hit_taken
8476468,J.T. Miller,C,VAN,23,39,hit_taken
8476468,J.T. Miller,C,VAN,24,32,hit_taken
8476468,J.T. Miller,C,VAN,95,19,hit_taken
8476468,J.T. Miller,C,VAN,53,37,hit_taken
8476468,J.T. Miller,C,VAN,12,-9,hit_taken
8476468,J.T. Miller,C,VAN,55,-35,hit_thrown
8476468,J.T. Miller,C,VAN,88,-30,hit_thrown
8476468,J.T. Miller,C,VAN,43,38,hit_thrown
8476468,J.T. Miller,C,VAN,68,24,hit_thrown
8476468,J.T. Miller,C,VAN,83,35,hit_thrown
8476468,J.T. Miller,C,VAN,76,40,hit_thrown
8476468,J.T. Miller,C,VAN,74,38,hit_thrown
8476468,J.T. Miller,C,VAN,17,40,hit_thrown
8476468,J.T. Miller,C,VAN,50,-35,hit_thrown
8476468,J.T. Miller,C,VAN,44,-35,hit_thrown
8476468,J.T. Miller,C,VAN,75,39,hit_thrown
8476468,J.T. Miller,C,VAN,84,-38,hit_thrown
8476468,J.T. Miller,C,VAN,82,37,hit_thrown
8476468,J.T. Miller,C,VAN,32,39,hit_thrown
8476468,J.T. Miller,C,VAN,35,-37,hit_thrown
8476468,J.T. Miller,C,VAN,6,-39,hit_thrown
8476468,J.T. Miller,C,VAN,74,32,hit_thrown
8476468,J.T. Miller,C,VAN,18,24,hit_thrown
8476468,J.T. Miller,C,VAN,96,-18,hit_thrown
8476468,J.T. Miller,C,VAN,53,40,hit_thrown
8476468,J.T. Miller,C,VAN,55,-41,hit_thrown
8476468,J.T. Miller,C,VAN,50,-40,hit_thrown
8476468,J.T. Miller,C,VAN,15,39,hit_thrown
8476468,J.T. Miller,C,VAN,84,30,hit_thrown
8476468,J.T. Miller,C,VAN,72,-16,hit_thrown
8476468,J.T. Miller,C,VAN,17,-36,hit_thrown
8476468,J.T. Miller,C,VAN,91,30,hit_thrown
8476468,J.T. Miller,C,VAN,88,35,hit_thrown
8476468,J.T. Miller,C,VAN,59,-40,hit_thrown
8476468,J.T. Miller,C,VAN,95,-8,hit_thrown
8476468,J.T. Miller,C,VAN,73,-36,hit_thrown
8476468,J.T. Miller,C,VAN,86,38,hit_thrown
8476468,J.T. Miller,C,VAN,74,-35,hit_thrown
8476468,J.T. Miller,C,VAN,62,-40,hit_thrown
8476468,J.T. Miller,C,VAN,29,10,hit_thrown
8476468,J.T. Miller,C,VAN,85,-37,hit_thrown
8476468,J.T. Miller,C,VAN,7,41,hit_thrown
8476468,J.T. Miller,C,VAN,89,-31,hit_thrown
8476468,J.T. Miller,C,VAN,7,-38,hit_thrown
8476468,J.T. Miller,C,VAN,45,-37,hit_thrown
8476468,J.T. Miller,C,VAN,43,38,hit_thrown
8476468,J.T. Miller,C,VAN,64,39,hit_thrown
8476468,J.T. Miller,C,VAN,64,2,takeaway_other
8476468,J.T. Miller,C,VAN,92,22,takeaway_other
8476468,J.T. Miller,C,VAN,66,-30,takeaway_other
8476468,J.T. Miller,C,VAN,83,37,takeaway_other
8476468,J.T. Miller,C,VAN,39,37,takeaway_other
8476474,Stefan Noesen,R,CAR,82,5,block_hd
8476474,Stefan Noesen,R,CAR,74,4,block_hd
8476474,Stefan Noesen,R,CAR,31,30,block_non_hd
8476474,Stefan Noesen,R,CAR,56,29,block_non_hd
8476474,Stefan Noesen,R,CAR,83,-3,crease_goal
8476474,Stefan Noesen,R,CAR,79,0,crease_goal
8476474,Stefan Noesen,R,CAR,82,1,crease_goal
8476474,Stefan Noesen,R,CAR,31,38,hit_taken
8476474,Stefan Noesen,R,CAR,47,-19,hit_taken
8476474,Stefan Noesen,R,CAR,43,41,hit_taken
8476474,Stefan Noesen,R,CAR,96,18,hit_taken
8476474,Stefan Noesen,R,CAR,6,-27,hit_taken
8476474,Stefan Noesen,R,CAR,84,36,hit_taken
8476474,Stefan Noesen,R,CAR,95,-9,hit_taken
8476474,Stefan Noesen,R,CAR,96,4,hit_taken
8476474,Stefan Noesen,R,CAR,97,-5,hit_taken
8476474,Stefan Noesen,R,CAR,69,-42,hit_taken
8476474,Stefan Noesen,R,CAR,98,23,hit_thrown
8476474,Stefan Noesen,R,CAR,90,-29,hit_thrown
8476474,Stefan Noesen,R,CAR,13,37,hit_thrown
8476474,Stefan Noesen,R,CAR,58,39,hit_thrown
8476474,Stefan Noesen,R,CAR,95,-17,hit_thrown
8476474,Stefan Noesen,R,CAR,94,-24,hit_thrown
8476474,Stefan Noesen,R,CAR,86,-36,hit_thrown
8476474,Stefan Noesen,R,CAR,86,-33,hit_thrown
8476474,Stefan Noesen,R,CAR,12,-40,hit_thrown
8476474,Stefan Noesen,R,CAR,60,-37,hit_thrown
8476474,Stefan Noesen,R,CAR,88,-34,hit_thrown
8476474,Stefan Noesen,R,CAR,90,31,hit_thrown
8476474,Stefan Noesen,R,CAR,80,41,hit_thrown
8476474,Stefan Noesen,R,CAR,57,40,hit_thrown
8476474,Stefan Noesen,R,CAR,93,30,hit_thrown
8476474,Stefan Noesen,R,CAR,88,36,hit_thrown
8476479,Phillip Danault,C,LAK,84,-8,block_hd
8476479,Phillip Danault,C,LAK,78,10,block_hd
8476479,Phillip Danault,C,LAK,81,-1,block_hd
8476479,Phillip Danault,C,LAK,82,-3,block_hd
8476479,Phillip Danault,C,LAK,58,-8,block_non_hd
8476479,Phillip Danault,C,LAK,54,11,block_non_hd
8476479,Phillip Danault,C,LAK,69,22,dz_faceoff_win
8476479,Phillip Danault,C,LAK,69,22,dz_faceoff_win
8476479,Phillip Danault,C,LAK,69,22,dz_faceoff_win
8476479,Phillip Danault,C,LAK,69,22,dz_faceoff_win
8476479,Phillip Danault,C,LAK,69,-22,dz_faceoff_win
8476479,Phillip Danault,C,LAK,69,22,dz_faceoff_win
8476479,Phillip Danault,C,LAK,69,-22,dz_faceoff_win
8476479,Phillip Danault,C,LAK,69,22,dz_faceoff_win
8476479,Phillip Danault,C,LAK,69,22,dz_faceoff_win
8476479,Phillip Danault,C,LAK,69,22,dz_faceoff_win
8476479,Phillip Danault,C,LAK,69,22,dz_faceoff_win
8476479,Phillip Danault,C,LAK,69,-22,dz_faceoff_win
8476479,Phillip Danault,C,LAK,91,35,hit_taken
8476479,Phillip Danault,C,LAK,96,17,hit_taken
8476479,Phillip Danault,C,LAK,99,14,hit_taken
8476479,Phillip Danault,C,LAK,96,-4,hit_taken
8476479,Phillip Danault,C,LAK,32,29,hit_taken
8476479,Phillip Danault,C,LAK,93,5,hit_taken
8476479,Phillip Danault,C,LAK,94,-23,hit_taken
8476479,Phillip Danault,C,LAK,98,3,hit_thrown
8476479,Phillip Danault,C,LAK,90,-27,hit_thrown
8476479,Phillip Danault,C,LAK,97,21,hit_thrown
8476479,Phillip Danault,C,LAK,88,34,hit_thrown
8476479,Phillip Danault,C,LAK,92,-30,hit_thrown
8476479,Phillip Danault,C,LAK,98,-3,hit_thrown
8476479,Phillip Danault,C,LAK,36,22,takeaway_other
8476479,Phillip Danault,C,LAK,43,-17,takeaway_other
8476480,Vladislav Namestnikov,C,WPG,72,-2,block_hd
8476480,Vladislav Namestnikov,C,WPG,48,-11,block_non_hd
8476480,Vladislav Namestnikov,C,WPG,50,-34,block_non_hd
8476480,Vladislav Namestnikov,C,WPG,32,-35,hit_taken
8476480,Vladislav Namestnikov,C,WPG,41,23,hit_taken
8476480,Vladislav Namestnikov,C,WPG,49,-39,hit_taken
8476480,Vladislav Namestnikov,C,WPG,80,-39,hit_taken
8476480,Vladislav Namestnikov,C,WPG,67,-13,hit_taken
8476480,Vladislav Namestnikov,C,WPG,18,41,hit_thrown
8476480,Vladislav Namestnikov,C,WPG,38,-39,hit_thrown
8476480,Vladislav Namestnikov,C,WPG,81,35,hit_thrown
8476480,Vladislav Namestnikov,C,WPG,59,-41,hit_thrown
8476480,Vladislav Namestnikov,C,WPG,93,25,hit_thrown
8476480,Vladislav Namestnikov,C,WPG,59,38,hit_thrown
8476480,Vladislav Namestnikov,C,WPG,66,-39,hit_thrown
8476480,Vladislav Namestnikov,C,WPG,99,-11,hit_thrown
8476525,Colin Miller,D,WPG,73,-17,block_hd
8476525,Colin Miller,D,WPG,46,38,hit_taken
8476525,Colin Miller,D,WPG,96,-22,hit_taken
8476525,Colin Miller,D,WPG,8,-41,hit_taken
8476525,Colin Miller,D,WPG,97,-8,hit_taken
8476525,Colin Miller,D,WPG,65,40,hit_thrown
8476525,Colin Miller,D,WPG,72,39,hit_thrown
8476525,Colin Miller,D,WPG,73,-31,hit_thrown
8476525,Colin Miller,D,WPG,96,-14,hit_thrown
8476539,Jonathan Marchessault,R,VGK,75,2,block_hd
8476539,Jonathan Marchessault,R,VGK,49,-14,block_non_hd
8476539,Jonathan Marchessault,R,VGK,45,32,block_non_hd
8476539,Jonathan Marchessault,R,VGK,48,32,block_non_hd
8476539,Jonathan Marchessault,R,VGK,69,22,dz_faceoff_win
8476539,Jonathan Marchessault,R,VGK,24,-37,hit_taken
8476539,Jonathan Marchessault,R,VGK,96,-22,hit_taken
8476539,Jonathan Marchessault,R,VGK,61,39,hit_taken
8476539,Jonathan Marchessault,R,VGK,97,-20,hit_taken
8476539,Jonathan Marchessault,R,VGK,11,-41,hit_taken
8476539,Jonathan Marchessault,R,VGK,69,41,hit_taken
8476539,Jonathan Marchessault,R,VGK,66,39,hit_taken
8476539,Jonathan Marchessault,R,VGK,96,18,hit_thrown
8476539,Jonathan Marchessault,R,VGK,96,19,hit_thrown
8476539,Jonathan Marchessault,R,VGK,96,16,hit_thrown
8476539,Jonathan Marchessault,R,VGK,94,27,hit_thrown
8476539,Jonathan Marchessault,R,VGK,54,-39,hit_thrown
8476539,Jonathan Marchessault,R,VGK,31,-40,hit_thrown
8476539,Jonathan Marchessault,R,VGK,94,27,hit_thrown
8476539,Jonathan Marchessault,R,VGK,92,28,hit_thrown
8476539,Jonathan Marchessault,R,VGK,90,-33,hit_thrown
8476539,Jonathan Marchessault,R,VGK,53,-39,hit_thrown
8476539,Jonathan Marchessault,R,VGK,58,-38,hit_thrown
8476539,Jonathan Marchessault,R,VGK,94,30,hit_thrown
8476539,Jonathan Marchessault,R,VGK,91,-32,hit_thrown
8476539,Jonathan Marchessault,R,VGK,86,-37,hit_thrown
8476539,Jonathan Marchessault,R,VGK,55,40,hit_thrown
8476539,Jonathan Marchessault,R,VGK,79,40,hit_thrown
8476539,Jonathan Marchessault,R,VGK,89,-32,hit_thrown
8476539,Jonathan Marchessault,R,VGK,77,38,hit_thrown
8476539,Jonathan Marchessault,R,VGK,70,40,hit_thrown
8476539,Jonathan Marchessault,R,VGK,61,39,hit_thrown
8476539,Jonathan Marchessault,R,VGK,94,-26,hit_thrown
8476539,Jonathan Marchessault,R,VGK,98,-5,hit_thrown
8476539,Jonathan Marchessault,R,VGK,53,-40,hit_thrown
8476539,Jonathan Marchessault,R,VGK,97,22,hit_thrown
8476539,Jonathan Marchessault,R,VGK,85,35,hit_thrown
8476539,Jonathan Marchessault,R,VGK,74,-20,takeaway_other
8476539,Jonathan Marchessault,R,VGK,61,-21,takeaway_other
8476624,Barclay Goodrow,C,NYR,70,16,block_hd
8476624,Barclay Goodrow,C,NYR,78,-11,block_hd
8476624,Barclay Goodrow,C,NYR,82,13,block_hd
8476624,Barclay Goodrow,C,NYR,74,15,block_hd
8476624,Barclay Goodrow,C,NYR,86,0,block_hd
8476624,Barclay Goodrow,C,NYR,71,5,block_hd
8476624,Barclay Goodrow,C,NYR,63,18,block_non_hd
8476624,Barclay Goodrow,C,NYR,51,33,block_non_hd
8476624,Barclay Goodrow,C,NYR,42,7,block_non_hd
8476624,Barclay Goodrow,C,NYR,71,19,block_non_hd
8476624,Barclay Goodrow,C,NYR,63,-19,block_non_hd
8476624,Barclay Goodrow,C,NYR,66,-6,block_non_hd
8476624,Barclay Goodrow,C,NYR,55,-13,block_non_hd
8476624,Barclay Goodrow,C,NYR,56,5,block_non_hd
8476624,Barclay Goodrow,C,NYR,69,23,block_non_hd
8476624,Barclay Goodrow,C,NYR,64,17,block_non_hd
8476624,Barclay Goodrow,C,NYR,63,10,block_non_hd
8476624,Barclay Goodrow,C,NYR,60,-1,block_non_hd
8476624,Barclay Goodrow,C,NYR,57,-13,block_non_hd
8476624,Barclay Goodrow,C,NYR,61,-13,block_non_hd
8476624,Barclay Goodrow,C,NYR,38,-28,block_non_hd
8476624,Barclay Goodrow,C,NYR,73,-19,block_non_hd
8476624,Barclay Goodrow,C,NYR,56,19,block_non_hd
8476624,Barclay Goodrow,C,NYR,77,28,block_non_hd
8476624,Barclay Goodrow,C,NYR,59,22,block_non_hd
8476624,Barclay Goodrow,C,NYR,66,-11,block_non_hd
8476624,Barclay Goodrow,C,NYR,66,13,block_non_hd
8476624,Barclay Goodrow,C,NYR,64,10,block_non_hd
8476624,Barclay Goodrow,C,NYR,52,16,block_non_hd
8476624,Barclay Goodrow,C,NYR,59,-19,block_non_hd
8476624,Barclay Goodrow,C,NYR,69,-22,dz_faceoff_win
8476624,Barclay Goodrow,C,NYR,69,-22,dz_faceoff_win
8476624,Barclay Goodrow,C,NYR,69,-22,dz_faceoff_win
8476624,Barclay Goodrow,C,NYR,69,-22,dz_faceoff_win
8476624,Barclay Goodrow,C,NYR,69,22,dz_faceoff_win
8476624,Barclay Goodrow,C,NYR,69,-22,dz_faceoff_win
8476624,Barclay Goodrow,C,NYR,69,-22,dz_faceoff_win
8476624,Barclay Goodrow,C,NYR,69,22,dz_faceoff_win
8476624,Barclay Goodrow,C,NYR,69,22,dz_faceoff_win
8476624,Barclay Goodrow,C,NYR,69,-22,dz_faceoff_win
8476624,Barclay Goodrow,C,NYR,69,-22,dz_faceoff_win
8476624,Barclay Goodrow,C,NYR,69,-22,dz_faceoff_win
8476624,Barclay Goodrow,C,NYR,69,-22,dz_faceoff_win
8476624,Barclay Goodrow,C,NYR,69,-22,dz_faceoff_win
8476624,Barclay Goodrow,C,NYR,69,-22,dz_faceoff_win
8476624,Barclay Goodrow,C,NYR,69,-22,dz_faceoff_win
8476624,Barclay Goodrow,C,NYR,69,-22,dz_faceoff_win
8476624,Barclay Goodrow,C,NYR,69,-22,dz_faceoff_win
8476624,Barclay Goodrow,C,NYR,69,-22,dz_faceoff_win
8476624,Barclay Goodrow,C,NYR,69,-22,dz_faceoff_win
8476624,Barclay Goodrow,C,NYR,69,-22,dz_faceoff_win
8476624,Barclay Goodrow,C,NYR,69,-22,dz_faceoff_win
8476624,Barclay Goodrow,C,NYR,69,-22,dz_faceoff_win
8476624,Barclay Goodrow,C,NYR,69,-22,dz_faceoff_win
8476624,Barclay Goodrow,C,NYR,69,-22,dz_faceoff_win
8476624,Barclay Goodrow,C,NYR,69,-22,dz_faceoff_win
8476624,Barclay Goodrow,C,NYR,69,22,dz_faceoff_win
8476624,Barclay Goodrow,C,NYR,69,-22,dz_faceoff_win
8476624,Barclay Goodrow,C,NYR,69,-22,dz_faceoff_win
8476624,Barclay Goodrow,C,NYR,69,-22,dz_faceoff_win
8476624,Barclay Goodrow,C,NYR,69,-22,dz_faceoff_win
8476624,Barclay Goodrow,C,NYR,69,-22,dz_faceoff_win
8476624,Barclay Goodrow,C,NYR,69,-22,dz_faceoff_win
8476624,Barclay Goodrow,C,NYR,69,22,dz_faceoff_win
8476624,Barclay Goodrow,C,NYR,69,-22,dz_faceoff_win
8476624,Barclay Goodrow,C,NYR,69,22,dz_faceoff_win
8476624,Barclay Goodrow,C,NYR,97,-15,hit_taken
8476624,Barclay Goodrow,C,NYR,67,39,hit_taken
8476624,Barclay Goodrow,C,NYR,64,-39,hit_taken
8476624,Barclay Goodrow,C,NYR,17,38,hit_taken
8476624,Barclay Goodrow,C,NYR,69,-39,hit_taken
8476624,Barclay Goodrow,C,NYR,91,-28,hit_taken
8476624,Barclay Goodrow,C,NYR,94,21,hit_taken
8476624,Barclay Goodrow,C,NYR,72,37,hit_taken
8476624,Barclay Goodrow,C,NYR,59,-14,hit_taken
8476624,Barclay Goodrow,C,NYR,88,32,hit_taken
8476624,Barclay Goodrow,C,NYR,23,36,hit_taken
8476624,Barclay Goodrow,C,NYR,82,-38,hit_taken
8476624,Barclay Goodrow,C,NYR,97,14,hit_taken
8476624,Barclay Goodrow,C,NYR,95,-14,hit_taken
8476624,Barclay Goodrow,C,NYR,90,30,hit_taken
8476624,Barclay Goodrow,C,NYR,47,40,hit_taken
8476624,Barclay Goodrow,C,NYR,80,41,hit_taken
8476624,Barclay Goodrow,C,NYR,98,14,hit_taken
8476624,Barclay Goodrow,C,NYR,93,27,hit_taken
8476624,Barclay Goodrow,C,NYR,80,-33,hit_taken
8476624,Barclay Goodrow,C,NYR,97,5,hit_taken
8476624,Barclay Goodrow,C,NYR,96,21,hit_taken
8476624,Barclay Goodrow,C,NYR,12,-41,hit_taken
8476624,Barclay Goodrow,C,NYR,48,39,hit_taken
8476624,Barclay Goodrow,C,NYR,18,39,hit_taken
8476624,Barclay Goodrow,C,NYR,63,40,hit_taken
8476624,Barclay Goodrow,C,NYR,97,-6,hit_taken
8476624,Barclay Goodrow,C,NYR,73,-41,hit_taken
8476624,Barclay Goodrow,C,NYR,34,-40,hit_thrown
8476624,Barclay Goodrow,C,NYR,10,-39,hit_thrown
8476624,Barclay Goodrow,C,NYR,8,39,hit_thrown
8476624,Barclay Goodrow,C,NYR,94,22,hit_thrown
8476624,Barclay Goodrow,C,NYR,21,-39,hit_thrown
8476624,Barclay Goodrow,C,NYR,66,38,hit_thrown
8476624,Barclay Goodrow,C,NYR,32,35,hit_thrown
8476624,Barclay Goodrow,C,NYR,90,-33,hit_thrown
8476624,Barclay Goodrow,C,NYR,80,39,hit_thrown
8476624,Barclay Goodrow,C,NYR,90,-23,hit_thrown
8476624,Barclay Goodrow,C,NYR,49,38,hit_thrown
8476624,Barclay Goodrow,C,NYR,86,34,hit_thrown
8476624,Barclay Goodrow,C,NYR,41,-39,hit_thrown
8476624,Barclay Goodrow,C,NYR,42,16,hit_thrown
8476624,Barclay Goodrow,C,NYR,56,-40,hit_thrown
8476624,Barclay Goodrow,C,NYR,96,10,hit_thrown
8476624,Barclay Goodrow,C,NYR,21,39,hit_thrown
8476624,Barclay Goodrow,C,NYR,31,39,hit_thrown
8476624,Barclay Goodrow,C,NYR,12,-28,hit_thrown
8476624,Barclay Goodrow,C,NYR,87,32,hit_thrown
8476624,Barclay Goodrow,C,NYR,56,-37,hit_thrown
8476624,Barclay Goodrow,C,NYR,88,33,hit_thrown
8476624,Barclay Goodrow,C,NYR,92,28,hit_thrown
8476624,Barclay Goodrow,C,NYR,97,-16,hit_thrown
8476624,Barclay Goodrow,C,NYR,90,-28,hit_thrown
8476624,Barclay Goodrow,C,NYR,15,-36,hit_thrown
8476624,Barclay Goodrow,C,NYR,89,33,hit_thrown
8476624,Barclay Goodrow,C,NYR,43,37,hit_thrown
8476624,Barclay Goodrow,C,NYR,58,-38,hit_thrown
8476624,Barclay Goodrow,C,NYR,78,34,hit_thrown
8476624,Barclay Goodrow,C,NYR,19,41,hit_thrown
8476624,Barclay Goodrow,C,NYR,96,-13,hit_thrown
8476624,Barclay Goodrow,C,NYR,74,-39,hit_thrown
8476624,Barclay Goodrow,C,NYR,52,-38,hit_thrown
8476624,Barclay Goodrow,C,NYR,96,-18,hit_thrown
8476624,Barclay Goodrow,C,NYR,67,37,hit_thrown
8476624,Barclay Goodrow,C,NYR,95,-16,hit_thrown
8476624,Barclay Goodrow,C,NYR,15,40,hit_thrown
8476624,Barclay Goodrow,C,NYR,91,-15,hit_thrown
8476624,Barclay Goodrow,C,NYR,81,37,hit_thrown
8476624,Barclay Goodrow,C,NYR,47,38,hit_thrown
8476624,Barclay Goodrow,C,NYR,76,-1,takeaway_hd
8476624,Barclay Goodrow,C,NYR,99,8,takeaway_hd
8476624,Barclay Goodrow,C,NYR,15,26,takeaway_other
8476624,Barclay Goodrow,C,NYR,24,-14,takeaway_other
8476624,Barclay Goodrow,C,NYR,9,12,takeaway_other
8476822,Luke Glendening,C,TBL,39,7,block_non_hd
8476822,Luke Glendening,C,TBL,64,-6,block_non_hd
8476822,Luke Glendening,C,TBL,69,22,dz_faceoff_win
8476822,Luke Glendening,C,TBL,69,22,dz_faceoff_win
8476822,Luke Glendening,C,TBL,69,22,dz_faceoff_win
8476822,Luke Glendening,C,TBL,69,22,dz_faceoff_win
8476822,Luke Glendening,C,TBL,69,22,dz_faceoff_win
8476822,Luke Glendening,C,TBL,69,22,dz_faceoff_win
8476822,Luke Glendening,C,TBL,69,22,dz_faceoff_win
8476822,Luke Glendening,C,TBL,69,-22,dz_faceoff_win
8476822,Luke Glendening,C,TBL,69,22,dz_faceoff_win
8476822,Luke Glendening,C,TBL,69,22,dz_faceoff_win
8476822,Luke Glendening,C,TBL,69,22,dz_faceoff_win
8476822,Luke Glendening,C,TBL,18,41,hit_taken
8476822,Luke Glendening,C,TBL,65,-38,hit_taken
8476822,Luke Glendening,C,TBL,91,27,hit_taken
8476822,Luke Glendening,C,TBL,59,-39,hit_taken
8476822,Luke Glendening,C,TBL,93,-26,hit_taken
8476822,Luke Glendening,C,TBL,98,5,hit_thrown
8476822,Luke Glendening,C,TBL,85,-36,hit_thrown
8476822,Luke Glendening,C,TBL,92,25,hit_thrown
8476822,Luke Glendening,C,TBL,98,17,hit_thrown
8476822,Luke Glendening,C,TBL,91,-30,hit_thrown
8476822,Luke Glendening,C,TBL,60,-40,hit_thrown
8476822,Luke Glendening,C,TBL,93,26,hit_thrown
8476822,Luke Glendening,C,TBL,5,40,hit_thrown
8476822,Luke Glendening,C,TBL,95,-15,hit_thrown
8476822,Luke Glendening,C,TBL,97,-20,hit_thrown
8476822,Luke Glendening,C,TBL,97,-14,hit_thrown
8476822,Luke Glendening,C,TBL,95,-3,hit_thrown
8476822,Luke Glendening,C,TBL,99,6,hit_thrown
8476822,Luke Glendening,C,TBL,30,-39,hit_thrown
8476822,Luke Glendening,C,TBL,8,42,hit_thrown
8476822,Luke Glendening,C,TBL,97,-11,hit_thrown
8476853,Morgan Rielly,D,TOR,79,2,block_hd
8476853,Morgan Rielly,D,TOR,80,1,block_hd
8476853,Morgan Rielly,D,TOR,70,14,block_hd
8476853,Morgan Rielly,D,TOR,82,-14,block_hd
8476853,Morgan Rielly,D,TOR,88,5,block_hd
8476853,Morgan Rielly,D,TOR,87,-22,block_non_hd
8476853,Morgan Rielly,D,TOR,65,-11,block_non_hd
8476853,Morgan Rielly,D,TOR,63,16,block_non_hd
8476853,Morgan Rielly,D,TOR,57,-8,block_non_hd
8476853,Morgan Rielly,D,TOR,62,23,block_non_hd
8476853,Morgan Rielly,D,TOR,68,-17,block_non_hd
8476853,Morgan Rielly,D,TOR,40,16,block_non_hd
8476853,Morgan Rielly,D,TOR,59,-7,block_non_hd
8476853,Morgan Rielly,D,TOR,57,28,block_non_hd
8476853,Morgan Rielly,D,TOR,56,4,block_non_hd
8476853,Morgan Rielly,D,TOR,65,-20,block_non_hd
8476853,Morgan Rielly,D,TOR,93,-17,hit_taken
8476853,Morgan Rielly,D,TOR,25,33,hit_taken
8476853,Morgan Rielly,D,TOR,87,-26,hit_taken
8476853,Morgan Rielly,D,TOR,23,-37,hit_taken
8476853,Morgan Rielly,D,TOR,85,27,hit_taken
8476853,Morgan Rielly,D,TOR,94,-9,hit_taken
8476853,Morgan Rielly,D,TOR,96,-9,hit_taken
8476853,Morgan Rielly,D,TOR,97,-9,hit_taken
8476853,Morgan Rielly,D,TOR,94,-31,hit_taken
8476853,Morgan Rielly,D,TOR,98,-5,hit_taken
8476853,Morgan Rielly,D,TOR,92,-21,hit_taken
8476853,Morgan Rielly,D,TOR,92,-19,hit_taken
8476853,Morgan Rielly,D,TOR,98,-22,hit_taken
8476853,Morgan Rielly,D,TOR,83,-36,hit_taken
8476853,Morgan Rielly,D,TOR,97,-17,hit_taken
8476853,Morgan Rielly,D,TOR,97,-19,hit_taken
8476853,Morgan Rielly,D,TOR,99,-12,hit_taken
8476853,Morgan Rielly,D,TOR,22,40,hit_taken
8476853,Morgan Rielly,D,TOR,60,36,hit_taken
8476853,Morgan Rielly,D,TOR,95,-27,hit_taken
8476853,Morgan Rielly,D,TOR,95,19,hit_taken
8476853,Morgan Rielly,D,TOR,88,-10,hit_taken
8476853,Morgan Rielly,D,TOR,40,38,hit_taken
8476853,Morgan Rielly,D,TOR,93,27,hit_taken
8476853,Morgan Rielly,D,TOR,57,39,hit_taken
8476853,Morgan Rielly,D,TOR,98,20,hit_taken
8476853,Morgan Rielly,D,TOR,71,40,hit_taken
8476853,Morgan Rielly,D,TOR,64,-41,hit_taken
8476853,Morgan Rielly,D,TOR,30,-37,hit_taken
8476853,Morgan Rielly,D,TOR,47,-22,hit_taken
8476853,Morgan Rielly,D,TOR,98,9,hit_taken
8476853,Morgan Rielly,D,TOR,98,7,hit_taken
8476853,Morgan Rielly,D,TOR,92,24,hit_taken
8476853,Morgan Rielly,D,TOR,65,-30,hit_taken
8476853,Morgan Rielly,D,TOR,96,-13,hit_taken
8476853,Morgan Rielly,D,TOR,94,12,hit_taken
8476853,Morgan Rielly,D,TOR,17,-36,hit_thrown
8476853,Morgan Rielly,D,TOR,97,-3,hit_thrown
8476853,Morgan Rielly,D,TOR,93,8,hit_thrown
8476853,Morgan Rielly,D,TOR,1,-39,hit_thrown
8476853,Morgan Rielly,D,TOR,22,-40,hit_thrown
8476853,Morgan Rielly,D,TOR,98,4,hit_thrown
8476853,Morgan Rielly,D,TOR,93,-21,hit_thrown
8476853,Morgan Rielly,D,TOR,46,-36,hit_thrown
8476853,Morgan Rielly,D,TOR,10,35,hit_thrown
8476853,Morgan Rielly,D,TOR,49,38,hit_thrown
8476853,Morgan Rielly,D,TOR,65,-7,hit_thrown
8476853,Morgan Rielly,D,TOR,27,31,hit_thrown
8476853,Morgan Rielly,D,TOR,34,-38,hit_thrown
8476853,Morgan Rielly,D,TOR,92,-17,hit_thrown
8476853,Morgan Rielly,D,TOR,74,14,takeaway_hd
8476853,Morgan Rielly,D,TOR,97,-6,takeaway_hd
8476854,Hampus Lindholm,D,BOS,86,-5,block_hd
8476854,Hampus Lindholm,D,BOS,78,8,block_hd
8476854,Hampus Lindholm,D,BOS,81,-8,block_hd
8476854,Hampus Lindholm,D,BOS,81,-4,block_hd
8476854,Hampus Lindholm,D,BOS,78,-8,block_hd
8476854,Hampus Lindholm,D,BOS,71,-10,block_hd
8476854,Hampus Lindholm,D,BOS,73,-12,block_hd
8476854,Hampus Lindholm,D,BOS,80,5,block_hd
8476854,Hampus Lindholm,D,BOS,76,-9,block_hd
8476854,Hampus Lindholm,D,BOS,79,4,block_hd
8476854,Hampus Lindholm,D,BOS,84,-1,block_hd
8476854,Hampus Lindholm,D,BOS,82,3,block_hd
8476854,Hampus Lindholm,D,BOS,71,-3,block_hd
8476854,Hampus Lindholm,D,BOS,71,0,block_hd
8476854,Hampus Lindholm,D,BOS,55,20,block_non_hd
8476854,Hampus Lindholm,D,BOS,69,-9,block_non_hd
8476854,Hampus Lindholm,D,BOS,44,-24,block_non_hd
8476854,Hampus Lindholm,D,BOS,70,-23,block_non_hd
8476854,Hampus Lindholm,D,BOS,64,28,block_non_hd
8476854,Hampus Lindholm,D,BOS,63,-8,block_non_hd
8476854,Hampus Lindholm,D,BOS,69,-14,block_non_hd
8476854,Hampus Lindholm,D,BOS,75,37,hit_taken
8476854,Hampus Lindholm,D,BOS,87,27,hit_taken
8476854,Hampus Lindholm,D,BOS,91,-21,hit_taken
8476854,Hampus Lindholm,D,BOS,98,-24,hit_taken
8476854,Hampus Lindholm,D,BOS,19,-34,hit_taken
8476854,Hampus Lindholm,D,BOS,86,28,hit_taken
8476854,Hampus Lindholm,D,BOS,94,-17,hit_taken
8476854,Hampus Lindholm,D,BOS,91,14,hit_taken
8476854,Hampus Lindholm,D,BOS,98,-26,hit_taken
8476854,Hampus Lindholm,D,BOS,36,37,hit_taken
8476854,Hampus Lindholm,D,BOS,97,-18,hit_taken
8476854,Hampus Lindholm,D,BOS,80,-38,hit_taken
8476854,Hampus Lindholm,D,BOS,13,-22,hit_taken
8476854,Hampus Lindholm,D,BOS,87,36,hit_taken
8476854,Hampus Lindholm,D,BOS,99,13,hit_taken
8476854,Hampus Lindholm,D,BOS,98,-15,hit_taken
8476854,Hampus Lindholm,D,BOS,76,38,hit_taken
8476854,Hampus Lindholm,D,BOS,95,-26,hit_taken
8476854,Hampus Lindholm,D,BOS,98,-10,hit_taken
8476854,Hampus Lindholm,D,BOS,6,40,hit_taken
8476854,Hampus Lindholm,D,BOS,68,36,hit_taken
8476854,Hampus Lindholm,D,BOS,73,-38,hit_taken
8476854,Hampus Lindholm,D,BOS,85,-38,hit_taken
8476854,Hampus Lindholm,D,BOS,54,41,hit_taken
8476854,Hampus Lindholm,D,BOS,97,-16,hit_taken
8476854,Hampus Lindholm,D,BOS,95,-21,hit_taken
8476854,Hampus Lindholm,D,BOS,93,-14,hit_taken
8476854,Hampus Lindholm,D,BOS,43,-37,hit_taken
8476854,Hampus Lindholm,D,BOS,69,38,hit_taken
8476854,Hampus Lindholm,D,BOS,88,36,hit_taken
8476854,Hampus Lindholm,D,BOS,88,-33,hit_taken
8476854,Hampus Lindholm,D,BOS,95,-22,hit_taken
8476854,Hampus Lindholm,D,BOS,29,11,hit_taken
8476854,Hampus Lindholm,D,BOS,90,32,hit_taken
8476854,Hampus Lindholm,D,BOS,63,-39,hit_taken
8476854,Hampus Lindholm,D,BOS,83,-34,hit_taken
8476854,Hampus Lindholm,D,BOS,72,28,hit_taken
8476854,Hampus Lindholm,D,BOS,93,18,hit_taken
8476854,Hampus Lindholm,D,BOS,69,40,hit_taken
8476854,Hampus Lindholm,D,BOS,97,0,hit_taken
8476854,Hampus Lindholm,D,BOS,90,-18,hit_taken
8476854,Hampus Lindholm,D,BOS,98,-9,hit_taken
8476854,Hampus Lindholm,D,BOS,94,-28,hit_taken
8476854,Hampus Lindholm,D,BOS,7,-5,hit_taken
8476854,Hampus Lindholm,D,BOS,96,-19,hit_thrown
8476854,Hampus Lindholm,D,BOS,23,-14,hit_thrown
8476854,Hampus Lindholm,D,BOS,73,-40,hit_thrown
8476854,Hampus Lindholm,D,BOS,93,23,hit_thrown
8476854,Hampus Lindholm,D,BOS,51,-41,hit_thrown
8476854,Hampus Lindholm,D,BOS,76,-34,hit_thrown
8476854,Hampus Lindholm,D,BOS,40,-21,hit_thrown
8476854,Hampus Lindholm,D,BOS,95,-25,hit_thrown
8476854,Hampus Lindholm,D,BOS,96,-1,hit_thrown
8476854,Hampus Lindholm,D,BOS,97,10,hit_thrown
8476854,Hampus Lindholm,D,BOS,79,-39,hit_thrown
8476854,Hampus Lindholm,D,BOS,98,8,hit_thrown
8476854,Hampus Lindholm,D,BOS,66,-28,hit_thrown
8476854,Hampus Lindholm,D,BOS,61,32,hit_thrown
8476854,Hampus Lindholm,D,BOS,17,36,takeaway_other
8476856,Mathew Dumba,D,TBL,82,-5,block_hd
8476856,Mathew Dumba,D,TBL,90,-5,block_hd
8476856,Mathew Dumba,D,TBL,84,-1,block_hd
8476856,Mathew Dumba,D,TBL,88,3,block_hd
8476856,Mathew Dumba,D,TBL,61,21,block_non_hd
8476856,Mathew Dumba,D,TBL,61,29,block_non_hd
8476856,Mathew Dumba,D,TBL,62,14,block_non_hd
8476856,Mathew Dumba,D,TBL,94,-29,hit_taken
8476856,Mathew Dumba,D,TBL,51,-15,hit_taken
8476856,Mathew Dumba,D,TBL,96,-14,hit_taken
8476856,Mathew Dumba,D,TBL,92,-24,hit_taken
8476856,Mathew Dumba,D,TBL,90,-34,hit_taken
8476856,Mathew Dumba,D,TBL,86,34,hit_taken
8476856,Mathew Dumba,D,TBL,87,29,hit_taken
8476856,Mathew Dumba,D,TBL,98,12,hit_taken
8476856,Mathew Dumba,D,TBL,36,-41,hit_taken
8476856,Mathew Dumba,D,TBL,71,2,hit_taken
8476856,Mathew Dumba,D,TBL,96,7,hit_taken
8476856,Mathew Dumba,D,TBL,97,14,hit_taken
8476856,Mathew Dumba,D,TBL,25,-37,hit_taken
8476856,Mathew Dumba,D,TBL,73,37,hit_taken
8476856,Mathew Dumba,D,TBL,93,27,hit_taken
8476856,Mathew Dumba,D,TBL,71,-38,hit_taken
8476856,Mathew Dumba,D,TBL,44,37,hit_thrown
8476856,Mathew Dumba,D,TBL,89,32,hit_thrown
8476856,Mathew Dumba,D,TBL,97,7,hit_thrown
8476856,Mathew Dumba,D,TBL,35,-39,hit_thrown
8476856,Mathew Dumba,D,TBL,53,41,hit_thrown
8476856,Mathew Dumba,D,TBL,87,-35,hit_thrown
8476856,Mathew Dumba,D,TBL,45,-4,hit_thrown
8476856,Mathew Dumba,D,TBL,30,6,hit_thrown
8476856,Mathew Dumba,D,TBL,44,38,hit_thrown
8476856,Mathew Dumba,D,TBL,1,37,hit_thrown
8476856,Mathew Dumba,D,TBL,43,-37,hit_thrown
8476856,Mathew Dumba,D,TBL,32,-37,hit_thrown
8476856,Mathew Dumba,D,TBL,91,22,hit_thrown
8476856,Mathew Dumba,D,TBL,91,32,hit_thrown
8476856,Mathew Dumba,D,TBL,99,0,hit_thrown
8476856,Mathew Dumba,D,TBL,32,38,hit_thrown
8476856,Mathew Dumba,D,TBL,99,13,hit_thrown
8476856,Mathew Dumba,D,TBL,51,-40,hit_thrown
8476856,Mathew Dumba,D,TBL,39,-39,hit_thrown
8476856,Mathew Dumba,D,TBL,79,38,hit_thrown
8476856,Mathew Dumba,D,TBL,96,-16,hit_thrown
8476856,Mathew Dumba,D,TBL,69,-39,hit_thrown
8476856,Mathew Dumba,D,TBL,96,21,hit_thrown
8476856,Mathew Dumba,D,TBL,14,37,hit_thrown
8476856,Mathew Dumba,D,TBL,65,39,hit_thrown
8476856,Mathew Dumba,D,TBL,55,-21,takeaway_other
8476856,Mathew Dumba,D,TBL,99,20,takeaway_other
8476858,Phillip Di Giuseppe,L,VAN,80,0,block_hd
8476858,Phillip Di Giuseppe,L,VAN,64,5,block_non_hd
8476858,Phillip Di Giuseppe,L,VAN,35,-38,block_non_hd
8476858,Phillip Di Giuseppe,L,VAN,45,6,block_non_hd
8476858,Phillip Di Giuseppe,L,VAN,63,-24,block_non_hd
8476858,Phillip Di Giuseppe,L,VAN,57,-16,block_non_hd
8476858,Phillip Di Giuseppe,L,VAN,82,-5,crease_goal
8476858,Phillip Di Giuseppe,L,VAN,3,39,hit_taken
8476858,Phillip Di Giuseppe,L,VAN,14,-39,hit_taken
8476858,Phillip Di Giuseppe,L,VAN,94,-21,hit_taken
8476858,Phillip Di Giuseppe,L,VAN,83,38,hit_taken
8476858,Phillip Di Giuseppe,L,VAN,1,-39,hit_taken
8476858,Phillip Di Giuseppe,L,VAN,82,35,hit_taken
8476858,Phillip Di Giuseppe,L,VAN,93,-29,hit_taken
8476858,Phillip Di Giuseppe,L,VAN,98,0,hit_taken
8476858,Phillip Di Giuseppe,L,VAN,1,-40,hit_taken
8476858,Phillip Di Giuseppe,L,VAN,76,-35,hit_thrown
8476858,Phillip Di Giuseppe,L,VAN,64,-37,hit_thrown
8476858,Phillip Di Giuseppe,L,VAN,84,35,hit_thrown
8476858,Phillip Di Giuseppe,L,VAN,63,40,hit_thrown
8476858,Phillip Di Giuseppe,L,VAN,57,40,hit_thrown
8476858,Phillip Di Giuseppe,L,VAN,81,-38,hit_thrown
8476858,Phillip Di Giuseppe,L,VAN,36,40,hit_thrown
8476858,Phillip Di Giuseppe,L,VAN,60,-40,hit_thrown
8476858,Phillip Di Giuseppe,L,VAN,82,-35,hit_thrown
8476858,Phillip Di Giuseppe,L,VAN,63,15,hit_thrown
8476858,Phillip Di Giuseppe,L,VAN,94,24,hit_thrown
8476858,Phillip Di Giuseppe,L,VAN,10,40,hit_thrown
8476858,Phillip Di Giuseppe,L,VAN,56,-41,hit_thrown
8476858,Phillip Di Giuseppe,L,VAN,95,-10,hit_thrown
8476858,Phillip Di Giuseppe,L,VAN,61,41,hit_thrown
8476858,Phillip Di Giuseppe,L,VAN,79,-36,hit_thrown
8476858,Phillip Di Giuseppe,L,VAN,91,-32,hit_thrown
8476858,Phillip Di Giuseppe,L,VAN,4,39,hit_thrown
8476858,Phillip Di Giuseppe,L,VAN,99,-15,hit_thrown
8476858,Phillip Di Giuseppe,L,VAN,74,-39,hit_thrown
8476858,Phillip Di Giuseppe,L,VAN,73,38,hit_thrown
8476858,Phillip Di Giuseppe,L,VAN,98,-1,hit_thrown
8476858,Phillip Di Giuseppe,L,VAN,98,10,hit_thrown
8476858,Phillip Di Giuseppe,L,VAN,45,-18,hit_thrown
8476858,Phillip Di Giuseppe,L,VAN,51,-40,hit_thrown
8476858,Phillip Di Giuseppe,L,VAN,13,21,hit_thrown
8476858,Phillip Di Giuseppe,L,VAN,38,-41,hit_thrown
8476858,Phillip Di Giuseppe,L,VAN,87,-35,hit_thrown
8476858,Phillip Di Giuseppe,L,VAN,85,-35,hit_thrown
8476858,Phillip Di Giuseppe,L,VAN,65,-40,hit_thrown
8476858,Phillip Di Giuseppe,L,VAN,90,31,hit_thrown
8476858,Phillip Di Giuseppe,L,VAN,60,-39,hit_thrown
8476858,Phillip Di Giuseppe,L,VAN,49,-39,hit_thrown
8476858,Phillip Di Giuseppe,L,VAN,66,38,hit_thrown
8476858,Phillip Di Giuseppe,L,VAN,15,-39,hit_thrown
8476858,Phillip Di Giuseppe,L,VAN,62,40,hit_thrown
8476858,Phillip Di Giuseppe,L,VAN,32,-40,takeaway_other
8476858,Phillip Di Giuseppe,L,VAN,47,-6,takeaway_other
8476869,Brady Skjei,D,CAR,87,-7,block_hd
8476869,Brady Skjei,D,CAR,85,5,block_hd
8476869,Brady Skjei,D,CAR,82,-5,block_hd
8476869,Brady Skjei,D,CAR,78,-15,block_hd
8476869,Brady Skjei,D,CAR,74,0,block_hd
8476869,Brady Skjei,D,CAR,73,1,block_hd
8476869,Brady Skjei,D,CAR,65,29,block_non_hd
8476869,Brady Skjei,D,CAR,50,-9,block_non_hd
8476869,Brady Skjei,D,CAR,65,5,block_non_hd
8476869,Brady Skjei,D,CAR,49,28,block_non_hd
8476869,Brady Skjei,D,CAR,49,23,block_non_hd
8476869,Brady Skjei,D,CAR,41,0,block_non_hd
8476869,Brady Skjei,D,CAR,57,-4,block_non_hd
8476869,Brady Skjei,D,CAR,48,18,block_non_hd
8476869,Brady Skjei,D,CAR,95,-24,hit_taken
8476869,Brady Skjei,D,CAR,97,-1,hit_taken
8476869,Brady Skjei,D,CAR,44,39,hit_taken
8476869,Brady Skjei,D,CAR,85,-36,hit_taken
8476869,Brady Skjei,D,CAR,71,4,hit_taken
8476869,Brady Skjei,D,CAR,91,-29,hit_taken
8476869,Brady Skjei,D,CAR,96,-7,hit_taken
8476869,Brady Skjei,D,CAR,97,2,hit_taken
8476869,Brady Skjei,D,CAR,96,-24,hit_taken
8476869,Brady Skjei,D,CAR,98,-16,hit_taken
8476869,Brady Skjei,D,CAR,92,31,hit_taken
8476869,Brady Skjei,D,CAR,98,-3,hit_taken
8476869,Brady Skjei,D,CAR,90,-28,hit_taken
8476869,Brady Skjei,D,CAR,77,-37,hit_taken
8476869,Brady Skjei,D,CAR,97,-21,hit_taken
8476869,Brady Skjei,D,CAR,98,10,hit_thrown
8476869,Brady Skjei,D,CAR,2,-41,hit_thrown
8476869,Brady Skjei,D,CAR,43,40,hit_thrown
8476869,Brady Skjei,D,CAR,8,-39,hit_thrown
8476869,Brady Skjei,D,CAR,74,41,hit_thrown
8476869,Brady Skjei,D,CAR,14,22,hit_thrown
8476869,Brady Skjei,D,CAR,95,-24,hit_thrown
8476869,Brady Skjei,D,CAR,97,3,hit_thrown
8476869,Brady Skjei,D,CAR,6,-35,hit_thrown
8476869,Brady Skjei,D,CAR,49,-36,hit_thrown
8476869,Brady Skjei,D,CAR,95,-14,hit_thrown
8476869,Brady Skjei,D,CAR,95,4,hit_thrown
8476869,Brady Skjei,D,CAR,32,-38,hit_thrown
8476869,Brady Skjei,D,CAR,7,33,hit_thrown
8476869,Brady Skjei,D,CAR,12,29,hit_thrown
8476869,Brady Skjei,D,CAR,34,-40,hit_thrown
8476869,Brady Skjei,D,CAR,96,18,hit_thrown
8476869,Brady Skjei,D,CAR,40,17,hit_thrown
8476869,Brady Skjei,D,CAR,11,35,takeaway_other
8476869,Brady Skjei,D,CAR,55,-13,takeaway_other
8476869,Brady Skjei,D,CAR,47,22,takeaway_other
8476869,Brady Skjei,D,CAR,76,34,takeaway_other
8476869,Brady Skjei,D,CAR,31,33,takeaway_other
8476869,Brady Skjei,D,CAR,72,-37,takeaway_other
8476873,Mark Jankowski,C,NSH,65,18,block_non_hd
8476873,Mark Jankowski,C,NSH,69,-2,block_non_hd
8476873,Mark Jankowski,C,NSH,82,3,crease_goal
8476873,Mark Jankowski,C,NSH,69,-22,dz_faceoff_win
8476873,Mark Jankowski,C,NSH,69,22,dz_faceoff_win
8476873,Mark Jankowski,C,NSH,69,22,dz_faceoff_win
8476873,Mark Jankowski,C,NSH,69,22,dz_faceoff_win
8476873,Mark Jankowski,C,NSH,41,39,hit_taken
8476873,Mark Jankowski,C,NSH,28,39,hit_taken
8476873,Mark Jankowski,C,NSH,62,39,hit_taken
8476873,Mark Jankowski,C,NSH,98,-21,hit_taken
8476873,Mark Jankowski,C,NSH,36,40,hit_taken
8476873,Mark Jankowski,C,NSH,52,39,hit_taken
8476873,Mark Jankowski,C,NSH,68,-39,hit_taken
8476873,Mark Jankowski,C,NSH,4,39,hit_taken
8476873,Mark Jankowski,C,NSH,98,13,hit_taken
8476873,Mark Jankowski,C,NSH,87,-34,hit_taken
8476873,Mark Jankowski,C,NSH,33,-11,hit_taken
8476873,Mark Jankowski,C,NSH,91,29,hit_thrown
8476873,Mark Jankowski,C,NSH,7,27,hit_thrown
8476873,Mark Jankowski,C,NSH,75,33,hit_thrown
8476873,Mark Jankowski,C,NSH,95,0,hit_thrown
8476873,Mark Jankowski,C,NSH,3,-35,hit_thrown
8476873,Mark Jankowski,C,NSH,90,-31,hit_thrown
8476873,Mark Jankowski,C,NSH,44,38,hit_thrown
8476873,Mark Jankowski,C,NSH,23,-37,takeaway_other
8476879,Cody Ceci,D,EDM,72,13,block_hd
8476879,Cody Ceci,D,EDM,74,18,block_hd
8476879,Cody Ceci,D,EDM,75,3,block_hd
8476879,Cody Ceci,D,EDM,79,-4,block_hd
8476879,Cody Ceci,D,EDM,81,3,block_hd
8476879,Cody Ceci,D,EDM,74,11,block_hd
8476879,Cody Ceci,D,EDM,85,5,block_hd
8476879,Cody Ceci,D,EDM,79,-15,block_hd
8476879,Cody Ceci,D,EDM,78,-3,block_hd
8476879,Cody Ceci,D,EDM,72,3,block_hd
8476879,Cody Ceci,D,EDM,88,2,block_hd
8476879,Cody Ceci,D,EDM,78,-3,block_hd
8476879,Cody Ceci,D,EDM,76,8,block_hd
8476879,Cody Ceci,D,EDM,82,15,block_hd
8476879,Cody Ceci,D,EDM,71,7,block_hd
8476879,Cody Ceci,D,EDM,78,9,block_hd
8476879,Cody Ceci,D,EDM,79,10,block_hd
8476879,Cody Ceci,D,EDM,75,-20,block_non_hd
8476879,Cody Ceci,D,EDM,63,-19,block_non_hd
8476879,Cody Ceci,D,EDM,47,2,block_non_hd
8476879,Cody Ceci,D,EDM,67,15,block_non_hd
8476879,Cody Ceci,D,EDM,48,35,block_non_hd
8476879,Cody Ceci,D,EDM,57,36,block_non_hd
8476879,Cody Ceci,D,EDM,67,6,block_non_hd
8476879,Cody Ceci,D,EDM,67,-12,block_non_hd
8476879,Cody Ceci,D,EDM,48,8,block_non_hd
8476879,Cody Ceci,D,EDM,65,4,block_non_hd
8476879,Cody Ceci,D,EDM,62,14,block_non_hd
8476879,Cody Ceci,D,EDM,68,14,block_non_hd
8476879,Cody Ceci,D,EDM,78,26,block_non_hd
8476879,Cody Ceci,D,EDM,43,-39,hit_taken
8476879,Cody Ceci,D,EDM,99,0,hit_taken
8476879,Cody Ceci,D,EDM,97,-23,hit_taken
8476879,Cody Ceci,D,EDM,92,30,hit_taken
8476879,Cody Ceci,D,EDM,84,36,hit_taken
8476879,Cody Ceci,D,EDM,96,-20,hit_taken
8476879,Cody Ceci,D,EDM,33,39,hit_taken
8476879,Cody Ceci,D,EDM,90,32,hit_taken
8476879,Cody Ceci,D,EDM,94,-26,hit_taken
8476879,Cody Ceci,D,EDM,97,-5,hit_taken
8476879,Cody Ceci,D,EDM,92,31,hit_taken
8476879,Cody Ceci,D,EDM,8,-40,hit_taken
8476879,Cody Ceci,D,EDM,71,41,hit_taken
8476879,Cody Ceci,D,EDM,98,10,hit_taken
8476879,Cody Ceci,D,EDM,73,42,hit_taken
8476879,Cody Ceci,D,EDM,88,-34,hit_taken
8476879,Cody Ceci,D,EDM,87,30,hit_taken
8476879,Cody Ceci,D,EDM,24,-40,hit_taken
8476879,Cody Ceci,D,EDM,8,41,hit_taken
8476879,Cody Ceci,D,EDM,92,-30,hit_taken
8476879,Cody Ceci,D,EDM,88,-35,hit_taken
8476879,Cody Ceci,D,EDM,96,22,hit_taken
8476879,Cody Ceci,D,EDM,5,39,hit_taken
8476879,Cody Ceci,D,EDM,97,7,hit_taken
8476879,Cody Ceci,D,EDM,78,37,hit_taken
8476879,Cody Ceci,D,EDM,95,9,hit_taken
8476879,Cody Ceci,D,EDM,92,27,hit_taken
8476879,Cody Ceci,D,EDM,20,-39,hit_taken
8476879,Cody Ceci,D,EDM,82,38,hit_taken
8476879,Cody Ceci,D,EDM,82,-37,hit_taken
8476879,Cody Ceci,D,EDM,91,-30,hit_taken
8476879,Cody Ceci,D,EDM,80,-41,hit_taken
8476879,Cody Ceci,D,EDM,32,38,hit_taken
8476879,Cody Ceci,D,EDM,85,36,hit_taken
8476879,Cody Ceci,D,EDM,43,-35,hit_taken
8476879,Cody Ceci,D,EDM,97,9,hit_taken
8476879,Cody Ceci,D,EDM,85,36,hit_taken
8476879,Cody Ceci,D,EDM,98,-11,hit_taken
8476879,Cody Ceci,D,EDM,98,20,hit_taken
8476879,Cody Ceci,D,EDM,89,32,hit_taken
8476879,Cody Ceci,D,EDM,96,-22,hit_taken
8476879,Cody Ceci,D,EDM,35,39,hit_taken
8476879,Cody Ceci,D,EDM,60,-39,hit_taken
8476879,Cody Ceci,D,EDM,88,-30,hit_taken
8476879,Cody Ceci,D,EDM,49,-39,hit_taken
8476879,Cody Ceci,D,EDM,96,23,hit_taken
8476879,Cody Ceci,D,EDM,24,-39,hit_taken
8476879,Cody Ceci,D,EDM,90,-33,hit_taken
8476879,Cody Ceci,D,EDM,96,22,hit_taken
8476879,Cody Ceci,D,EDM,36,-41,hit_taken
8476879,Cody Ceci,D,EDM,55,40,hit_taken
8476879,Cody Ceci,D,EDM,1,-40,hit_taken
8476879,Cody Ceci,D,EDM,96,-12,hit_taken
8476879,Cody Ceci,D,EDM,97,18,hit_taken
8476879,Cody Ceci,D,EDM,96,20,hit_taken
8476879,Cody Ceci,D,EDM,78,39,hit_taken
8476879,Cody Ceci,D,EDM,63,40,hit_taken
8476879,Cody Ceci,D,EDM,90,34,hit_taken
8476879,Cody Ceci,D,EDM,97,1,hit_taken
8476879,Cody Ceci,D,EDM,97,-10,hit_taken
8476879,Cody Ceci,D,EDM,96,15,hit_taken
8476879,Cody Ceci,D,EDM,49,-36,hit_taken
8476879,Cody Ceci,D,EDM,57,36,hit_taken
8476879,Cody Ceci,D,EDM,24,37,hit_taken
8476879,Cody Ceci,D,EDM,3,-39,hit_taken
8476879,Cody Ceci,D,EDM,27,-39,hit_taken
8476879,Cody Ceci,D,EDM,75,38,hit_taken
8476879,Cody Ceci,D,EDM,45,-39,hit_taken
8476879,Cody Ceci,D,EDM,35,39,hit_taken
8476879,Cody Ceci,D,EDM,96,-14,hit_taken
8476879,Cody Ceci,D,EDM,84,-15,hit_taken
8476879,Cody Ceci,D,EDM,96,15,hit_taken
8476879,Cody Ceci,D,EDM,9,38,hit_taken
8476879,Cody Ceci,D,EDM,82,37,hit_taken
8476879,Cody Ceci,D,EDM,97,3,hit_taken
8476879,Cody Ceci,D,EDM,66,40,hit_taken
8476879,Cody Ceci,D,EDM,97,-19,hit_taken
8476879,Cody Ceci,D,EDM,8,6,hit_taken
8476879,Cody Ceci,D,EDM,95,17,hit_taken
8476879,Cody Ceci,D,EDM,98,-3,hit_thrown
8476879,Cody Ceci,D,EDM,35,-38,hit_thrown
8476879,Cody Ceci,D,EDM,97,-18,hit_thrown
8476879,Cody Ceci,D,EDM,99,-19,hit_thrown
8476879,Cody Ceci,D,EDM,98,10,hit_thrown
8476879,Cody Ceci,D,EDM,90,32,hit_thrown
8476879,Cody Ceci,D,EDM,0,-39,hit_thrown
8476879,Cody Ceci,D,EDM,56,39,hit_thrown
8476879,Cody Ceci,D,EDM,41,15,hit_thrown
8476879,Cody Ceci,D,EDM,71,33,hit_thrown
8476879,Cody Ceci,D,EDM,97,-9,hit_thrown
8476879,Cody Ceci,D,EDM,97,-6,hit_thrown
8476879,Cody Ceci,D,EDM,75,38,hit_thrown
8476879,Cody Ceci,D,EDM,9,-33,hit_thrown
8476879,Cody Ceci,D,EDM,92,-29,hit_thrown
8476879,Cody Ceci,D,EDM,10,38,hit_thrown
8476879,Cody Ceci,D,EDM,94,21,hit_thrown
8476879,Cody Ceci,D,EDM,32,-40,hit_thrown
8476879,Cody Ceci,D,EDM,98,-1,hit_thrown
8476879,Cody Ceci,D,EDM,55,39,hit_thrown
8476879,Cody Ceci,D,EDM,96,12,hit_thrown
8476879,Cody Ceci,D,EDM,99,12,hit_thrown
8476879,Cody Ceci,D,EDM,97,22,hit_thrown
8476879,Cody Ceci,D,EDM,69,38,hit_thrown
8476879,Cody Ceci,D,EDM,42,35,hit_thrown
8476879,Cody Ceci,D,EDM,98,13,hit_thrown
8476879,Cody Ceci,D,EDM,96,15,hit_thrown
8476879,Cody Ceci,D,EDM,78,-40,hit_thrown
8476879,Cody Ceci,D,EDM,92,30,hit_thrown
8476879,Cody Ceci,D,EDM,53,-39,hit_thrown
8476879,Cody Ceci,D,EDM,65,32,hit_thrown
8476879,Cody Ceci,D,EDM,72,37,hit_thrown
8476879,Cody Ceci,D,EDM,93,-23,hit_thrown
8476879,Cody Ceci,D,EDM,45,-40,hit_thrown
8476879,Cody Ceci,D,EDM,95,24,hit_thrown
8476879,Cody Ceci,D,EDM,81,39,hit_thrown
8476879,Cody Ceci,D,EDM,83,35,takeaway_other
8476879,Cody Ceci,D,EDM,3,1,takeaway_other
8476879,Cody Ceci,D,EDM,22,22,takeaway_other
8476879,Cody Ceci,D,EDM,43,4,takeaway_other
8476879,Cody Ceci,D,EDM,30,-36,takeaway_other
8476879,Cody Ceci,D,EDM,38,30,takeaway_other
8476879,Cody Ceci,D,EDM,96,21,takeaway_other
8476880,Tom Wilson,R,WSH,82,1,block_hd
8476880,Tom Wilson,R,WSH,71,13,block_hd
8476880,Tom Wilson,R,WSH,46,-11,block_non_hd
8476880,Tom Wilson,R,WSH,63,10,block_non_hd
8476880,Tom Wilson,R,WSH,43,-2,block_non_hd
8476880,Tom Wilson,R,WSH,59,15,block_non_hd
8476880,Tom Wilson,R,WSH,77,0,crease_goal
8476880,Tom Wilson,R,WSH,71,-39,hit_taken
8476880,Tom Wilson,R,WSH,64,-36,hit_taken
8476880,Tom Wilson,R,WSH,98,0,hit_taken
8476880,Tom Wilson,R,WSH,21,-39,hit_taken
8476880,Tom Wilson,R,WSH,55,40,hit_taken
8476880,Tom Wilson,R,WSH,53,37,hit_taken
8476880,Tom Wilson,R,WSH,18,38,hit_taken
8476880,Tom Wilson,R,WSH,35,37,hit_taken
8476880,Tom Wilson,R,WSH,90,-23,hit_taken
8476880,Tom Wilson,R,WSH,44,39,hit_thrown
8476880,Tom Wilson,R,WSH,24,19,hit_thrown
8476880,Tom Wilson,R,WSH,75,37,hit_thrown
8476880,Tom Wilson,R,WSH,69,-35,hit_thrown
8476880,Tom Wilson,R,WSH,36,-38,hit_thrown
8476880,Tom Wilson,R,WSH,41,-42,hit_thrown
8476880,Tom Wilson,R,WSH,97,-9,hit_thrown
8476880,Tom Wilson,R,WSH,61,39,hit_thrown
8476880,Tom Wilson,R,WSH,88,28,hit_thrown
8476880,Tom Wilson,R,WSH,81,34,hit_thrown
8476880,Tom Wilson,R,WSH,9,-40,hit_thrown
8476880,Tom Wilson,R,WSH,42,40,hit_thrown
8476880,Tom Wilson,R,WSH,17,36,hit_thrown
8476880,Tom Wilson,R,WSH,98,9,hit_thrown
8476880,Tom Wilson,R,WSH,96,7,hit_thrown
8476880,Tom Wilson,R,WSH,51,-31,takeaway_other
8476881,Tomas Hertl,C,VGK,75,8,block_hd
8476881,Tomas Hertl,C,VGK,81,-1,block_hd
8476881,Tomas Hertl,C,VGK,79,-1,block_hd
8476881,Tomas Hertl,C,VGK,77,4,block_hd
8476881,Tomas Hertl,C,VGK,62,12,block_non_hd
8476881,Tomas Hertl,C,VGK,67,12,block_non_hd
8476881,Tomas Hertl,C,VGK,63,24,block_non_hd
8476881,Tomas Hertl,C,VGK,43,-25,block_non_hd
8476881,Tomas Hertl,C,VGK,43,-34,block_non_hd
8476881,Tomas Hertl,C,VGK,69,-22,dz_faceoff_win
8476881,Tomas Hertl,C,VGK,69,-22,dz_faceoff_win
8476881,Tomas Hertl,C,VGK,69,-22,dz_faceoff_win
8476881,Tomas Hertl,C,VGK,69,22,dz_faceoff_win
8476881,Tomas Hertl,C,VGK,69,22,dz_faceoff_win
8476881,Tomas Hertl,C,VGK,69,-22,dz_faceoff_win
8476881,Tomas Hertl,C,VGK,69,-22,dz_faceoff_win
8476881,Tomas Hertl,C,VGK,69,-22,dz_faceoff_win
8476881,Tomas Hertl,C,VGK,69,-22,dz_faceoff_win
8476881,Tomas Hertl,C,VGK,69,-22,dz_faceoff_win
8476881,Tomas Hertl,C,VGK,69,-22,dz_faceoff_win
8476881,Tomas Hertl,C,VGK,69,-22,dz_faceoff_win
8476881,Tomas Hertl,C,VGK,69,-22,dz_faceoff_win
8476881,Tomas Hertl,C,VGK,97,-22,hit_taken
8476881,Tomas Hertl,C,VGK,72,42,hit_taken
8476881,Tomas Hertl,C,VGK,85,-35,hit_taken
8476881,Tomas Hertl,C,VGK,28,-29,hit_taken
8476881,Tomas Hertl,C,VGK,71,-40,hit_taken
8476881,Tomas Hertl,C,VGK,37,-41,hit_taken
8476881,Tomas Hertl,C,VGK,90,35,hit_taken
8476881,Tomas Hertl,C,VGK,15,-40,hit_taken
8476881,Tomas Hertl,C,VGK,5,-40,hit_taken
8476881,Tomas Hertl,C,VGK,60,-40,hit_taken
8476881,Tomas Hertl,C,VGK,77,-40,hit_taken
8476881,Tomas Hertl,C,VGK,29,-41,hit_taken
8476881,Tomas Hertl,C,VGK,50,-41,hit_taken
8476881,Tomas Hertl,C,VGK,43,40,hit_taken
8476881,Tomas Hertl,C,VGK,93,28,hit_taken
8476881,Tomas Hertl,C,VGK,92,-31,hit_taken
8476881,Tomas Hertl,C,VGK,96,-20,hit_thrown
8476881,Tomas Hertl,C,VGK,93,30,hit_thrown
8476881,Tomas Hertl,C,VGK,89,-32,hit_thrown
8476881,Tomas Hertl,C,VGK,22,41,hit_thrown
8476881,Tomas Hertl,C,VGK,8,35,hit_thrown
8476881,Tomas Hertl,C,VGK,87,31,hit_thrown
8476881,Tomas Hertl,C,VGK,96,23,hit_thrown
8476881,Tomas Hertl,C,VGK,89,24,hit_thrown
8476881,Tomas Hertl,C,VGK,33,-41,hit_thrown
8476881,Tomas Hertl,C,VGK,95,-19,hit_thrown
8476881,Tomas Hertl,C,VGK,67,-39,hit_thrown
8476881,Tomas Hertl,C,VGK,52,-21,hit_thrown
8476881,Tomas Hertl,C,VGK,61,-39,hit_thrown
8476881,Tomas Hertl,C,VGK,93,-28,hit_thrown
8476881,Tomas Hertl,C,VGK,57,42,hit_thrown
8476881,Tomas Hertl,C,VGK,43,7,hit_thrown
8476881,Tomas Hertl,C,VGK,51,41,hit_thrown
8476881,Tomas Hertl,C,VGK,73,40,hit_thrown
8476881,Tomas Hertl,C,VGK,99,-7,hit_thrown
8476881,Tomas Hertl,C,VGK,91,-30,hit_thrown
8476881,Tomas Hertl,C,VGK,29,41,hit_thrown
8476881,Tomas Hertl,C,VGK,86,34,hit_thrown
8476881,Tomas Hertl,C,VGK,95,24,hit_thrown
8476881,Tomas Hertl,C,VGK,93,29,hit_thrown
8476881,Tomas Hertl,C,VGK,98,10,hit_thrown
8476881,Tomas Hertl,C,VGK,96,-23,hit_thrown
8476881,Tomas Hertl,C,VGK,61,41,hit_thrown
8476882,Teuvo Teravainen,L,CAR,76,12,block_hd
8476882,Teuvo Teravainen,L,CAR,77,3,block_hd
8476882,Teuvo Teravainen,L,CAR,58,-29,block_non_hd
8476882,Teuvo Teravainen,L,CAR,67,15,block_non_hd
8476882,Teuvo Teravainen,L,CAR,44,-31,block_non_hd
8476882,Teuvo Teravainen,L,CAR,63,25,block_non_hd
8476882,Teuvo Teravainen,L,CAR,64,35,block_non_hd
8476882,Teuvo Teravainen,L,CAR,38,-31,block_non_hd
8476882,Teuvo Teravainen,L,CAR,79,-6,crease_goal
8476882,Teuvo Teravainen,L,CAR,61,36,hit_taken
8476882,Teuvo Teravainen,L,CAR,17,-38,hit_taken
8476882,Teuvo Teravainen,L,CAR,88,33,hit_taken
8476882,Teuvo Teravainen,L,CAR,17,6,hit_taken
8476882,Teuvo Teravainen,L,CAR,24,29,hit_taken
8476882,Teuvo Teravainen,L,CAR,51,42,hit_taken
8476882,Teuvo Teravainen,L,CAR,15,42,hit_taken
8476882,Teuvo Teravainen,L,CAR,62,40,hit_taken
8476882,Teuvo Teravainen,L,CAR,67,41,hit_taken
8476882,Teuvo Teravainen,L,CAR,19,-39,hit_taken
8476882,Teuvo Teravainen,L,CAR,54,-39,hit_taken
8476882,Teuvo Teravainen,L,CAR,38,-34,hit_taken
8476882,Teuvo Teravainen,L,CAR,91,-33,hit_taken
8476882,Teuvo Teravainen,L,CAR,19,40,hit_taken
8476882,Teuvo Teravainen,L,CAR,90,31,hit_thrown
8476882,Teuvo Teravainen,L,CAR,96,-20,hit_thrown
8476882,Teuvo Teravainen,L,CAR,70,-42,hit_thrown
8476882,Teuvo Teravainen,L,CAR,87,36,takeaway_other
8476882,Teuvo Teravainen,L,CAR,42,-26,takeaway_other
8476882,Teuvo Teravainen,L,CAR,94,24,takeaway_other
8476885,Jacob Trouba,D,NYR,77,2,block_hd
8476885,Jacob Trouba,D,NYR,79,6,block_hd
8476885,Jacob Trouba,D,NYR,77,-2,block_hd
8476885,Jacob Trouba,D,NYR,73,-6,block_hd
8476885,Jacob Trouba,D,NYR,75,-10,block_hd
8476885,Jacob Trouba,D,NYR,81,8,block_hd
8476885,Jacob Trouba,D,NYR,76,1,block_hd
8476885,Jacob Trouba,D,NYR,78,-5,block_hd
8476885,Jacob Trouba,D,NYR,77,0,block_hd
8476885,Jacob Trouba,D,NYR,78,11,block_hd
8476885,Jacob Trouba,D,NYR,81,-7,block_hd
8476885,Jacob Trouba,D,NYR,81,-7,block_hd
8476885,Jacob Trouba,D,NYR,77,-13,block_hd
8476885,Jacob Trouba,D,NYR,86,8,block_hd
8476885,Jacob Trouba,D,NYR,80,-1,block_hd
8476885,Jacob Trouba,D,NYR,77,9,block_hd
8476885,Jacob Trouba,D,NYR,79,10,block_hd
8476885,Jacob Trouba,D,NYR,71,0,block_hd
8476885,Jacob Trouba,D,NYR,74,9,block_hd
8476885,Jacob Trouba,D,NYR,80,-13,block_hd
8476885,Jacob Trouba,D,NYR,75,-9,block_hd
8476885,Jacob Trouba,D,NYR,74,-5,block_hd
8476885,Jacob Trouba,D,NYR,71,7,block_hd
8476885,Jacob Trouba,D,NYR,81,7,block_hd
8476885,Jacob Trouba,D,NYR,80,-1,block_hd
8476885,Jacob Trouba,D,NYR,82,16,block_hd
8476885,Jacob Trouba,D,NYR,80,0,block_hd
8476885,Jacob Trouba,D,NYR,82,-4,block_hd
8476885,Jacob Trouba,D,NYR,73,7,block_hd
8476885,Jacob Trouba,D,NYR,79,-14,block_hd
8476885,Jacob Trouba,D,NYR,79,-11,block_hd
8476885,Jacob Trouba,D,NYR,73,-6,block_hd
8476885,Jacob Trouba,D,NYR,73,18,block_hd
8476885,Jacob Trouba,D,NYR,77,4,block_hd
8476885,Jacob Trouba,D,NYR,77,5,block_hd
8476885,Jacob Trouba,D,NYR,75,17,block_hd
8476885,Jacob Trouba,D,NYR,62,18,block_non_hd
8476885,Jacob Trouba,D,NYR,66,-7,block_non_hd
8476885,Jacob Trouba,D,NYR,75,19,block_non_hd
8476885,Jacob Trouba,D,NYR,68,16,block_non_hd
8476885,Jacob Trouba,D,NYR,67,-7,block_non_hd
8476885,Jacob Trouba,D,NYR,44,5,block_non_hd
8476885,Jacob Trouba,D,NYR,64,12,block_non_hd
8476885,Jacob Trouba,D,NYR,62,29,block_non_hd
8476885,Jacob Trouba,D,NYR,57,24,block_non_hd
8476885,Jacob Trouba,D,NYR,65,14,block_non_hd
8476885,Jacob Trouba,D,NYR,61,-27,block_non_hd
8476885,Jacob Trouba,D,NYR,78,19,block_non_hd
8476885,Jacob Trouba,D,NYR,63,-1,block_non_hd
8476885,Jacob Trouba,D,NYR,67,-18,block_non_hd
8476885,Jacob Trouba,D,NYR,57,3,block_non_hd
8476885,Jacob Trouba,D,NYR,61,2,block_non_hd
8476885,Jacob Trouba,D,NYR,53,-18,block_non_hd
8476885,Jacob Trouba,D,NYR,54,4,block_non_hd
8476885,Jacob Trouba,D,NYR,61,21,block_non_hd
8476885,Jacob Trouba,D,NYR,60,21,block_non_hd
8476885,Jacob Trouba,D,NYR,66,-1,block_non_hd
8476885,Jacob Trouba,D,NYR,59,-12,block_non_hd
8476885,Jacob Trouba,D,NYR,76,29,block_non_hd
8476885,Jacob Trouba,D,NYR,69,-19,block_non_hd
8476885,Jacob Trouba,D,NYR,60,16,block_non_hd
8476885,Jacob Trouba,D,NYR,66,-9,block_non_hd
8476885,Jacob Trouba,D,NYR,67,8,block_non_hd
8476885,Jacob Trouba,D,NYR,55,23,block_non_hd
8476885,Jacob Trouba,D,NYR,65,5,block_non_hd
8476885,Jacob Trouba,D,NYR,69,20,block_non_hd
8476885,Jacob Trouba,D,NYR,61,5,block_non_hd
8476885,Jacob Trouba,D,NYR,64,11,block_non_hd
8476885,Jacob Trouba,D,NYR,48,-11,block_non_hd
8476885,Jacob Trouba,D,NYR,50,13,block_non_hd
8476885,Jacob Trouba,D,NYR,64,25,block_non_hd
8476885,Jacob Trouba,D,NYR,67,14,block_non_hd
8476885,Jacob Trouba,D,NYR,68,37,hit_taken
8476885,Jacob Trouba,D,NYR,98,10,hit_taken
8476885,Jacob Trouba,D,NYR,66,-39,hit_taken
8476885,Jacob Trouba,D,NYR,53,37,hit_taken
8476885,Jacob Trouba,D,NYR,92,-23,hit_taken
8476885,Jacob Trouba,D,NYR,91,-30,hit_taken
8476885,Jacob Trouba,D,NYR,84,34,hit_taken
8476885,Jacob Trouba,D,NYR,12,-40,hit_taken
8476885,Jacob Trouba,D,NYR,95,6,hit_taken
8476885,Jacob Trouba,D,NYR,93,26,hit_taken
8476885,Jacob Trouba,D,NYR,99,-3,hit_taken
8476885,Jacob Trouba,D,NYR,99,21,hit_taken
8476885,Jacob Trouba,D,NYR,67,39,hit_taken
8476885,Jacob Trouba,D,NYR,90,30,hit_taken
8476885,Jacob Trouba,D,NYR,51,-40,hit_taken
8476885,Jacob Trouba,D,NYR,10,17,hit_taken
8476885,Jacob Trouba,D,NYR,6,-38,hit_taken
8476885,Jacob Trouba,D,NYR,71,-40,hit_taken
8476885,Jacob Trouba,D,NYR,60,-40,hit_taken
8476885,Jacob Trouba,D,NYR,98,-9,hit_taken
8476885,Jacob Trouba,D,NYR,84,32,hit_taken
8476885,Jacob Trouba,D,NYR,92,27,hit_taken
8476885,Jacob Trouba,D,NYR,72,37,hit_taken
8476885,Jacob Trouba,D,NYR,97,-1,hit_taken
8476885,Jacob Trouba,D,NYR,94,-26,hit_taken
8476885,Jacob Trouba,D,NYR,71,-39,hit_taken
8476885,Jacob Trouba,D,NYR,97,-7,hit_taken
8476885,Jacob Trouba,D,NYR,96,-8,hit_taken
8476885,Jacob Trouba,D,NYR,96,19,hit_taken
8476885,Jacob Trouba,D,NYR,95,23,hit_taken
8476885,Jacob Trouba,D,NYR,40,40,hit_thrown
8476885,Jacob Trouba,D,NYR,52,38,hit_thrown
8476885,Jacob Trouba,D,NYR,68,38,hit_thrown
8476885,Jacob Trouba,D,NYR,97,19,hit_thrown
8476885,Jacob Trouba,D,NYR,23,40,hit_thrown
8476885,Jacob Trouba,D,NYR,94,-25,hit_thrown
8476885,Jacob Trouba,D,NYR,68,39,hit_thrown
8476885,Jacob Trouba,D,NYR,96,-11,hit_thrown
8476885,Jacob Trouba,D,NYR,95,-14,hit_thrown
8476885,Jacob Trouba,D,NYR,97,7,hit_thrown
8476885,Jacob Trouba,D,NYR,17,39,hit_thrown
8476885,Jacob Trouba,D,NYR,69,39,hit_thrown
8476885,Jacob Trouba,D,NYR,40,40,hit_thrown
8476885,Jacob Trouba,D,NYR,97,-20,hit_thrown
8476885,Jacob Trouba,D,NYR,93,-27,hit_thrown
8476885,Jacob Trouba,D,NYR,92,-25,hit_thrown
8476885,Jacob Trouba,D,NYR,93,24,hit_thrown
8476885,Jacob Trouba,D,NYR,17,-40,hit_thrown
8476885,Jacob Trouba,D,NYR,46,37,hit_thrown
8476885,Jacob Trouba,D,NYR,98,-12,hit_thrown
8476885,Jacob Trouba,D,NYR,6,-27,hit_thrown
8476885,Jacob Trouba,D,NYR,93,-27,hit_thrown
8476885,Jacob Trouba,D,NYR,95,-9,hit_thrown
8476885,Jacob Trouba,D,NYR,49,36,hit_thrown
8476885,Jacob Trouba,D,NYR,68,-12,hit_thrown
8476885,Jacob Trouba,D,NYR,48,39,hit_thrown
8476885,Jacob Trouba,D,NYR,97,-5,hit_thrown
8476885,Jacob Trouba,D,NYR,92,-29,hit_thrown
8476885,Jacob Trouba,D,NYR,99,-16,hit_thrown
8476885,Jacob Trouba,D,NYR,86,-22,hit_thrown
8476885,Jacob Trouba,D,NYR,72,40,hit_thrown
8476885,Jacob Trouba,D,NYR,67,-41,hit_thrown
8476885,Jacob Trouba,D,NYR,97,10,hit_thrown
8476885,Jacob Trouba,D,NYR,97,8,hit_thrown
8476885,Jacob Trouba,D,NYR,25,-14,hit_thrown
8476885,Jacob Trouba,D,NYR,43,-36,hit_thrown
8476885,Jacob Trouba,D,NYR,90,32,hit_thrown
8476885,Jacob Trouba,D,NYR,85,-32,hit_thrown
8476885,Jacob Trouba,D,NYR,90,-7,hit_thrown
8476885,Jacob Trouba,D,NYR,91,-27,hit_thrown
8476885,Jacob Trouba,D,NYR,50,-20,hit_thrown
8476885,Jacob Trouba,D,NYR,63,38,hit_thrown
8476885,Jacob Trouba,D,NYR,89,29,hit_thrown
8476885,Jacob Trouba,D,NYR,70,36,hit_thrown
8476885,Jacob Trouba,D,NYR,37,37,hit_thrown
8476885,Jacob Trouba,D,NYR,88,34,hit_thrown
8476885,Jacob Trouba,D,NYR,22,38,hit_thrown
8476885,Jacob Trouba,D,NYR,74,-40,hit_thrown
8476885,Jacob Trouba,D,NYR,92,31,hit_thrown
8476885,Jacob Trouba,D,NYR,71,-38,hit_thrown
8476885,Jacob Trouba,D,NYR,89,33,hit_thrown
8476885,Jacob Trouba,D,NYR,60,38,hit_thrown
8476885,Jacob Trouba,D,NYR,37,-35,hit_thrown
8476885,Jacob Trouba,D,NYR,64,-33,hit_thrown
8476885,Jacob Trouba,D,NYR,97,11,hit_thrown
8476885,Jacob Trouba,D,NYR,34,38,hit_thrown
8476885,Jacob Trouba,D,NYR,97,-15,hit_thrown
8476885,Jacob Trouba,D,NYR,81,38,hit_thrown
8476885,Jacob Trouba,D,NYR,5,-41,hit_thrown
8476885,Jacob Trouba,D,NYR,97,-16,hit_thrown
8476885,Jacob Trouba,D,NYR,98,-1,takeaway_hd
8476885,Jacob Trouba,D,NYR,95,-7,takeaway_hd
8476885,Jacob Trouba,D,NYR,84,6,takeaway_hd
8476885,Jacob Trouba,D,NYR,76,-39,takeaway_other
8476885,Jacob Trouba,D,NYR,81,-37,takeaway_other
8476885,Jacob Trouba,D,NYR,36,-41,takeaway_other
8476885,Jacob Trouba,D,NYR,4,24,takeaway_other
8476885,Jacob Trouba,D,NYR,91,-20,takeaway_other
8476885,Jacob Trouba,D,NYR,69,-26,takeaway_other
8476885,Jacob Trouba,D,NYR,81,22,takeaway_other
8476887,Filip Forsberg,L,NSH,81,2,block_hd
8476887,Filip Forsberg,L,NSH,63,-21,block_non_hd
8476887,Filip Forsberg,L,NSH,44,30,block_non_hd
8476887,Filip Forsberg,L,NSH,61,11,block_non_hd
8476887,Filip Forsberg,L,NSH,84,-8,crease_goal
8476887,Filip Forsberg,L,NSH,84,-4,crease_goal
8476887,Filip Forsberg,L,NSH,1,36,hit_taken
8476887,Filip Forsberg,L,NSH,95,-23,hit_taken
8476887,Filip Forsberg,L,NSH,84,-35,hit_taken
8476887,Filip Forsberg,L,NSH,48,10,hit_taken
8476887,Filip Forsberg,L,NSH,71,41,hit_taken
8476887,Filip Forsberg,L,NSH,51,-39,hit_taken
8476887,Filip Forsberg,L,NSH,47,38,hit_taken
8476887,Filip Forsberg,L,NSH,19,30,hit_thrown
8476887,Filip Forsberg,L,NSH,90,29,hit_thrown
8476887,Filip Forsberg,L,NSH,90,27,hit_thrown
8476887,Filip Forsberg,L,NSH,96,-23,hit_thrown
8476887,Filip Forsberg,L,NSH,79,-38,hit_thrown
8476887,Filip Forsberg,L,NSH,24,-31,hit_thrown
8476887,Filip Forsberg,L,NSH,87,37,hit_thrown
8476887,Filip Forsberg,L,NSH,95,-21,hit_thrown
8476887,Filip Forsberg,L,NSH,62,-37,hit_thrown
8476887,Filip Forsberg,L,NSH,98,4,hit_thrown
8476887,Filip Forsberg,L,NSH,76,-37,hit_thrown
8476887,Filip Forsberg,L,NSH,97,-9,hit_thrown
8476887,Filip Forsberg,L,NSH,86,-35,hit_thrown
8476887,Filip Forsberg,L,NSH,81,-38,hit_thrown
8476887,Filip Forsberg,L,NSH,95,-24,hit_thrown
8476887,Filip Forsberg,L,NSH,13,40,hit_thrown
8476887,Filip Forsberg,L,NSH,84,33,hit_thrown
8476887,Filip Forsberg,L,NSH,75,-40,hit_thrown
8476887,Filip Forsberg,L,NSH,97,-10,takeaway_hd
8476887,Filip Forsberg,L,NSH,16,-33,takeaway_other
8476887,Filip Forsberg,L,NSH,20,25,takeaway_other
8476887,Filip Forsberg,L,NSH,52,28,takeaway_other
8476889,Radek Faksa,C,DAL,83,-12,block_hd
8476889,Radek Faksa,C,DAL,80,-9,block_hd
8476889,Radek Faksa,C,DAL,40,23,block_non_hd
8476889,Radek Faksa,C,DAL,43,-33,block_non_hd
8476889,Radek Faksa,C,DAL,60,0,block_non_hd
8476889,Radek Faksa,C,DAL,69,-22,dz_faceoff_win
8476889,Radek Faksa,C,DAL,69,-22,dz_faceoff_win
8476889,Radek Faksa,C,DAL,69,-22,dz_faceoff_win
8476889,Radek Faksa,C,DAL,69,-22,dz_faceoff_win
8476889,Radek Faksa,C,DAL,69,22,dz_faceoff_win
8476889,Radek Faksa,C,DAL,69,-22,dz_faceoff_win
8476889,Radek Faksa,C,DAL,69,-22,dz_faceoff_win
8476889,Radek Faksa,C,DAL,69,22,dz_faceoff_win
8476889,Radek Faksa,C,DAL,69,22,dz_faceoff_win
8476889,Radek Faksa,C,DAL,69,-22,dz_faceoff_win
8476889,Radek Faksa,C,DAL,69,22,dz_faceoff_win
8476889,Radek Faksa,C,DAL,69,-22,dz_faceoff_win
8476889,Radek Faksa,C,DAL,8,-40,hit_taken
8476889,Radek Faksa,C,DAL,55,41,hit_taken
8476889,Radek Faksa,C,DAL,97,-2,hit_taken
8476889,Radek Faksa,C,DAL,43,32,hit_taken
8476889,Radek Faksa,C,DAL,26,-40,hit_taken
8476889,Radek Faksa,C,DAL,69,41,hit_taken
8476889,Radek Faksa,C,DAL,95,14,hit_taken
8476889,Radek Faksa,C,DAL,28,39,hit_taken
8476889,Radek Faksa,C,DAL,74,40,hit_taken
8476889,Radek Faksa,C,DAL,52,36,hit_taken
8476889,Radek Faksa,C,DAL,91,-32,hit_taken
8476889,Radek Faksa,C,DAL,81,-39,hit_taken
8476889,Radek Faksa,C,DAL,42,-41,hit_taken
8476889,Radek Faksa,C,DAL,5,-41,hit_taken
8476889,Radek Faksa,C,DAL,99,-8,hit_thrown
8476889,Radek Faksa,C,DAL,92,-12,hit_thrown
8476889,Radek Faksa,C,DAL,25,25,hit_thrown
8476889,Radek Faksa,C,DAL,92,28,hit_thrown
8476889,Radek Faksa,C,DAL,77,-1,hit_thrown
8476889,Radek Faksa,C,DAL,31,-41,hit_thrown
8476889,Radek Faksa,C,DAL,88,34,hit_thrown
8476889,Radek Faksa,C,DAL,97,-19,hit_thrown
8476889,Radek Faksa,C,DAL,18,-29,hit_thrown
8476889,Radek Faksa,C,DAL,0,-40,hit_thrown
8476889,Radek Faksa,C,DAL,76,-39,hit_thrown
8476889,Radek Faksa,C,DAL,99,-14,hit_thrown
8476889,Radek Faksa,C,DAL,96,-20,hit_thrown
8476889,Radek Faksa,C,DAL,79,-40,hit_thrown
8476889,Radek Faksa,C,DAL,18,-40,hit_thrown
8476889,Radek Faksa,C,DAL,7,-40,hit_thrown
8476889,Radek Faksa,C,DAL,10,41,hit_thrown
8476889,Radek Faksa,C,DAL,32,-35,hit_thrown
8476889,Radek Faksa,C,DAL,24,-40,hit_thrown
8476889,Radek Faksa,C,DAL,11,-41,hit_thrown
8476889,Radek Faksa,C,DAL,77,-39,hit_thrown
8476889,Radek Faksa,C,DAL,88,-34,hit_thrown
8476889,Radek Faksa,C,DAL,39,39,hit_thrown
8476889,Radek Faksa,C,DAL,96,22,hit_thrown
8476889,Radek Faksa,C,DAL,96,-13,hit_thrown
8476889,Radek Faksa,C,DAL,95,13,hit_thrown
8476889,Radek Faksa,C,DAL,97,-14,takeaway_hd
8476889,Radek Faksa,C,DAL,96,-9,takeaway_hd
8476891,Matt Grzelcyk,D,BOS,78,7,block_hd
8476891,Matt Grzelcyk,D,BOS,81,-5,block_hd
8476891,Matt Grzelcyk,D,BOS,81,-2,block_hd
8476891,Matt Grzelcyk,D,BOS,64,30,block_non_hd
8476891,Matt Grzelcyk,D,BOS,61,-24,block_non_hd
8476891,Matt Grzelcyk,D,BOS,55,38,hit_taken
8476891,Matt Grzelcyk,D,BOS,97,-22,hit_taken
8476891,Matt Grzelcyk,D,BOS,75,40,hit_taken
8476891,Matt Grzelcyk,D,BOS,50,35,hit_taken
8476891,Matt Grzelcyk,D,BOS,92,-16,hit_taken
8476891,Matt Grzelcyk,D,BOS,99,-1,hit_taken
8476891,Matt Grzelcyk,D,BOS,24,-38,hit_taken
8476891,Matt Grzelcyk,D,BOS,41,38,hit_taken
8476891,Matt Grzelcyk,D,BOS,82,-31,hit_thrown
8476891,Matt Grzelcyk,D,BOS,28,40,hit_thrown
8476891,Matt Grzelcyk,D,BOS,15,-37,hit_thrown
8476891,Matt Grzelcyk,D,BOS,97,-24,hit_thrown
8476891,Matt Grzelcyk,D,BOS,54,-35,hit_thrown
8476891,Matt Grzelcyk,D,BOS,93,-19,hit_thrown
8476891,Matt Grzelcyk,D,BOS,97,-10,hit_thrown
8476891,Matt Grzelcyk,D,BOS,32,-32,takeaway_other
8476902,Esa Lindell,D,DAL,77,5,block_hd
8476902,Esa Lindell,D,DAL,80,-12,block_hd
8476902,Esa Lindell,D,DAL,82,0,block_hd
8476902,Esa Lindell,D,DAL,83,4,block_hd
8476902,Esa Lindell,D,DAL,71,-4,block_hd
8476902,Esa Lindell,D,DAL,77,0,block_hd
8476902,Esa Lindell,D,DAL,77,5,block_hd
8476902,Esa Lindell,D,DAL,77,11,block_hd
8476902,Esa Lindell,D,DAL,79,10,block_hd
8476902,Esa Lindell,D,DAL,70,-5,block_hd
8476902,Esa Lindell,D,DAL,71,8,block_hd
8476902,Esa Lindell,D,DAL,74,17,block_hd
8476902,Esa Lindell,D,DAL,81,-14,block_hd
8476902,Esa Lindell,D,DAL,79,0,block_hd
8476902,Esa Lindell,D,DAL,82,-3,block_hd
8476902,Esa Lindell,D,DAL,85,-7,block_hd
8476902,Esa Lindell,D,DAL,77,-2,block_hd
8476902,Esa Lindell,D,DAL,73,7,block_hd
8476902,Esa Lindell,D,DAL,75,15,block_hd
8476902,Esa Lindell,D,DAL,60,29,block_non_hd
8476902,Esa Lindell,D,DAL,62,14,block_non_hd
8476902,Esa Lindell,D,DAL,45,32,block_non_hd
8476902,Esa Lindell,D,DAL,58,-6,block_non_hd
8476902,Esa Lindell,D,DAL,66,-17,block_non_hd
8476902,Esa Lindell,D,DAL,65,-4,block_non_hd
8476902,Esa Lindell,D,DAL,50,2,block_non_hd
8476902,Esa Lindell,D,DAL,58,-14,block_non_hd
8476902,Esa Lindell,D,DAL,76,-26,block_non_hd
8476902,Esa Lindell,D,DAL,56,-6,block_non_hd
8476902,Esa Lindell,D,DAL,57,6,block_non_hd
8476902,Esa Lindell,D,DAL,71,33,block_non_hd
8476902,Esa Lindell,D,DAL,65,-16,block_non_hd
8476902,Esa Lindell,D,DAL,61,1,block_non_hd
8476902,Esa Lindell,D,DAL,68,2,block_non_hd
8476902,Esa Lindell,D,DAL,63,-4,block_non_hd
8476902,Esa Lindell,D,DAL,58,-29,block_non_hd
8476902,Esa Lindell,D,DAL,66,-26,block_non_hd
8476902,Esa Lindell,D,DAL,69,6,block_non_hd
8476902,Esa Lindell,D,DAL,43,-5,block_non_hd
8476902,Esa Lindell,D,DAL,58,24,block_non_hd
8476902,Esa Lindell,D,DAL,58,10,block_non_hd
8476902,Esa Lindell,D,DAL,60,5,block_non_hd
8476902,Esa Lindell,D,DAL,65,12,block_non_hd
8476902,Esa Lindell,D,DAL,59,-24,block_non_hd
8476902,Esa Lindell,D,DAL,66,-13,block_non_hd
8476902,Esa Lindell,D,DAL,58,-23,block_non_hd
8476902,Esa Lindell,D,DAL,68,-19,block_non_hd
8476902,Esa Lindell,D,DAL,40,39,hit_taken
8476902,Esa Lindell,D,DAL,98,4,hit_taken
8476902,Esa Lindell,D,DAL,82,-38,hit_taken
8476902,Esa Lindell,D,DAL,52,39,hit_taken
8476902,Esa Lindell,D,DAL,91,32,hit_taken
8476902,Esa Lindell,D,DAL,75,-19,hit_taken
8476902,Esa Lindell,D,DAL,77,-40,hit_taken
8476902,Esa Lindell,D,DAL,8,35,hit_taken
8476902,Esa Lindell,D,DAL,47,-38,hit_taken
8476902,Esa Lindell,D,DAL,80,39,hit_taken
8476902,Esa Lindell,D,DAL,59,41,hit_taken
8476902,Esa Lindell,D,DAL,82,36,hit_taken
8476902,Esa Lindell,D,DAL,96,-26,hit_taken
8476902,Esa Lindell,D,DAL,94,27,hit_taken
8476902,Esa Lindell,D,DAL,89,24,hit_taken
8476902,Esa Lindell,D,DAL,90,33,hit_taken
8476902,Esa Lindell,D,DAL,94,-28,hit_taken
8476902,Esa Lindell,D,DAL,39,39,hit_taken
8476902,Esa Lindell,D,DAL,0,-40,hit_taken
8476902,Esa Lindell,D,DAL,98,-8,hit_taken
8476902,Esa Lindell,D,DAL,81,38,hit_taken
8476902,Esa Lindell,D,DAL,73,40,hit_taken
8476902,Esa Lindell,D,DAL,91,-30,hit_taken
8476902,Esa Lindell,D,DAL,82,-37,hit_taken
8476902,Esa Lindell,D,DAL,99,8,hit_taken
8476902,Esa Lindell,D,DAL,86,34,hit_taken
8476902,Esa Lindell,D,DAL,90,28,hit_taken
8476902,Esa Lindell,D,DAL,98,-5,hit_taken
8476902,Esa Lindell,D,DAL,91,32,hit_taken
8476902,Esa Lindell,D,DAL,83,-37,hit_taken
8476902,Esa Lindell,D,DAL,61,-41,hit_taken
8476902,Esa Lindell,D,DAL,96,-23,hit_taken
8476902,Esa Lindell,D,DAL,45,-39,hit_taken
8476902,Esa Lindell,D,DAL,89,-35,hit_taken
8476902,Esa Lindell,D,DAL,97,-15,hit_taken
8476902,Esa Lindell,D,DAL,97,-20,hit_taken
8476902,Esa Lindell,D,DAL,90,-32,hit_taken
8476902,Esa Lindell,D,DAL,85,-35,hit_taken
8476902,Esa Lindell,D,DAL,92,-32,hit_taken
8476902,Esa Lindell,D,DAL,90,-33,hit_taken
8476902,Esa Lindell,D,DAL,14,41,hit_taken
8476902,Esa Lindell,D,DAL,92,-28,hit_taken
8476902,Esa Lindell,D,DAL,75,-40,hit_taken
8476902,Esa Lindell,D,DAL,99,-17,hit_taken
8476902,Esa Lindell,D,DAL,97,-7,hit_taken
8476902,Esa Lindell,D,DAL,60,-41,hit_taken
8476902,Esa Lindell,D,DAL,98,10,hit_taken
8476902,Esa Lindell,D,DAL,97,-1,hit_taken
8476902,Esa Lindell,D,DAL,98,7,hit_taken
8476902,Esa Lindell,D,DAL,98,10,hit_taken
8476902,Esa Lindell,D,DAL,98,-9,hit_taken
8476902,Esa Lindell,D,DAL,98,-5,hit_taken
8476902,Esa Lindell,D,DAL,97,20,hit_taken
8476902,Esa Lindell,D,DAL,97,19,hit_taken
8476902,Esa Lindell,D,DAL,86,-38,hit_taken
8476902,Esa Lindell,D,DAL,85,-35,hit_taken
8476902,Esa Lindell,D,DAL,98,7,hit_taken
8476902,Esa Lindell,D,DAL,60,-40,hit_taken
8476902,Esa Lindell,D,DAL,92,-31,hit_taken
8476902,Esa Lindell,D,DAL,93,29,hit_taken
8476902,Esa Lindell,D,DAL,52,38,hit_taken
8476902,Esa Lindell,D,DAL,96,17,hit_taken
8476902,Esa Lindell,D,DAL,50,39,hit_taken
8476902,Esa Lindell,D,DAL,40,-41,hit_thrown
8476902,Esa Lindell,D,DAL,97,11,hit_thrown
8476902,Esa Lindell,D,DAL,69,-39,hit_thrown
8476902,Esa Lindell,D,DAL,23,3,hit_thrown
8476902,Esa Lindell,D,DAL,45,-40,hit_thrown
8476902,Esa Lindell,D,DAL,90,-33,hit_thrown
8476902,Esa Lindell,D,DAL,86,33,hit_thrown
8476902,Esa Lindell,D,DAL,69,40,hit_thrown
8476902,Esa Lindell,D,DAL,73,-41,hit_thrown
8476902,Esa Lindell,D,DAL,78,-35,hit_thrown
8476902,Esa Lindell,D,DAL,89,-20,hit_thrown
8476902,Esa Lindell,D,DAL,45,-40,hit_thrown
8476902,Esa Lindell,D,DAL,94,29,hit_thrown
8476902,Esa Lindell,D,DAL,98,-11,hit_thrown
8476902,Esa Lindell,D,DAL,98,15,hit_thrown
8476902,Esa Lindell,D,DAL,98,8,hit_thrown
8476902,Esa Lindell,D,DAL,42,36,hit_thrown
8476902,Esa Lindell,D,DAL,55,39,hit_thrown
8476902,Esa Lindell,D,DAL,95,-24,hit_thrown
8476902,Esa Lindell,D,DAL,89,35,hit_thrown
8476902,Esa Lindell,D,DAL,81,37,hit_thrown
8476902,Esa Lindell,D,DAL,93,31,hit_thrown
8476902,Esa Lindell,D,DAL,31,-39,hit_thrown
8476902,Esa Lindell,D,DAL,92,-18,hit_thrown
8476902,Esa Lindell,D,DAL,94,-27,hit_thrown
8476902,Esa Lindell,D,DAL,46,-36,hit_thrown
8476902,Esa Lindell,D,DAL,93,-25,hit_thrown
8476902,Esa Lindell,D,DAL,81,28,takeaway_other
8476902,Esa Lindell,D,DAL,89,21,takeaway_other
8476902,Esa Lindell,D,DAL,80,-36,takeaway_other
8476902,Esa Lindell,D,DAL,40,-31,takeaway_other
8476902,Esa Lindell,D,DAL,56,-36,takeaway_other
8476902,Esa Lindell,D,DAL,50,-37,takeaway_other
8476902,Esa Lindell,D,DAL,94,-27,takeaway_other
8476902,Esa Lindell,D,DAL,41,-37,takeaway_other
8476902,Esa Lindell,D,DAL,61,-13,takeaway_other
8476905,Chandler Stephenson,C,VGK,60,11,block_non_hd
8476905,Chandler Stephenson,C,VGK,69,-1,block_non_hd
8476905,Chandler Stephenson,C,VGK,68,-27,block_non_hd
8476905,Chandler Stephenson,C,VGK,51,-3,block_non_hd
8476905,Chandler Stephenson,C,VGK,80,19,block_non_hd
8476905,Chandler Stephenson,C,VGK,53,-11,block_non_hd
8476905,Chandler Stephenson,C,VGK,69,-22,dz_faceoff_win
8476905,Chandler Stephenson,C,VGK,69,-22,dz_faceoff_win
8476905,Chandler Stephenson,C,VGK,69,-22,dz_faceoff_win
8476905,Chandler Stephenson,C,VGK,69,-22,dz_faceoff_win
8476905,Chandler Stephenson,C,VGK,69,-22,dz_faceoff_win
8476905,Chandler Stephenson,C,VGK,69,22,dz_faceoff_win
8476905,Chandler Stephenson,C,VGK,69,22,dz_faceoff_win
8476905,Chandler Stephenson,C,VGK,31,40,hit_taken
8476905,Chandler Stephenson,C,VGK,97,11,hit_taken
8476905,Chandler Stephenson,C,VGK,11,41,hit_taken
8476905,Chandler Stephenson,C,VGK,31,39,hit_taken
8476905,Chandler Stephenson,C,VGK,76,-40,hit_taken
8476905,Chandler Stephenson,C,VGK,97,-18,hit_taken
8476905,Chandler Stephenson,C,VGK,72,38,hit_taken
8476905,Chandler Stephenson,C,VGK,85,-37,hit_taken
8476905,Chandler Stephenson,C,VGK,64,40,hit_taken
8476905,Chandler Stephenson,C,VGK,86,33,hit_taken
8476905,Chandler Stephenson,C,VGK,78,-35,hit_taken
8476905,Chandler Stephenson,C,VGK,52,-27,hit_taken
8476905,Chandler Stephenson,C,VGK,68,-41,hit_taken
8476905,Chandler Stephenson,C,VGK,96,-6,hit_thrown
8476905,Chandler Stephenson,C,VGK,52,39,hit_thrown
8476905,Chandler Stephenson,C,VGK,86,33,hit_thrown
8476905,Chandler Stephenson,C,VGK,96,25,hit_thrown
8476905,Chandler Stephenson,C,VGK,96,-26,hit_thrown
8476905,Chandler Stephenson,C,VGK,27,39,hit_thrown
8476905,Chandler Stephenson,C,VGK,0,-40,hit_thrown
8476905,Chandler Stephenson,C,VGK,50,38,hit_thrown
8476905,Chandler Stephenson,C,VGK,92,27,hit_thrown
8476905,Chandler Stephenson,C,VGK,12,39,hit_thrown
8476905,Chandler Stephenson,C,VGK,98,10,hit_thrown
8476905,Chandler Stephenson,C,VGK,82,-37,hit_thrown
8476905,Chandler Stephenson,C,VGK,84,34,hit_thrown
8476905,Chandler Stephenson,C,VGK,69,-40,hit_thrown
8476905,Chandler Stephenson,C,VGK,55,-40,hit_thrown
8476905,Chandler Stephenson,C,VGK,5,-40,hit_thrown
8476905,Chandler Stephenson,C,VGK,62,2,takeaway_other
8476905,Chandler Stephenson,C,VGK,14,34,takeaway_other
8476905,Chandler Stephenson,C,VGK,53,-27,takeaway_other
8476917,Adam Pelech,D,NYI,74,-9,block_hd
8476917,Adam Pelech,D,NYI,83,16,block_hd
8476917,Adam Pelech,D,NYI,83,-3,block_hd
8476917,Adam Pelech,D,NYI,70,-14,block_hd
8476917,Adam Pelech,D,NYI,80,7,block_hd
8476917,Adam Pelech,D,NYI,20,-23,block_non_hd
8476917,Adam Pelech,D,NYI,52,4,block_non_hd
8476917,Adam Pelech,D,NYI,72,-30,block_non_hd
8476917,Adam Pelech,D,NYI,63,-6,block_non_hd
8476917,Adam Pelech,D,NYI,58,11,block_non_hd
8476917,Adam Pelech,D,NYI,48,18,block_non_hd
8476917,Adam Pelech,D,NYI,56,-12,block_non_hd
8476917,Adam Pelech,D,NYI,90,-32,hit_taken
8476917,Adam Pelech,D,NYI,92,-29,hit_taken
8476917,Adam Pelech,D,NYI,95,27,hit_taken
8476917,Adam Pelech,D,NYI,95,-19,hit_taken
8476917,Adam Pelech,D,NYI,58,39,hit_taken
8476917,Adam Pelech,D,NYI,76,35,hit_taken
8476917,Adam Pelech,D,NYI,98,20,hit_taken
8476917,Adam Pelech,D,NYI,94,-24,hit_taken
8476917,Adam Pelech,D,NYI,98,-10,hit_taken
8476917,Adam Pelech,D,NYI,76,-36,hit_taken
8476917,Adam Pelech,D,NYI,11,-38,hit_taken
8476917,Adam Pelech,D,NYI,97,-1,hit_taken
8476917,Adam Pelech,D,NYI,86,-36,hit_taken
8476917,Adam Pelech,D,NYI,98,21,hit_thrown
8476917,Adam Pelech,D,NYI,49,37,hit_thrown
8476917,Adam Pelech,D,NYI,51,-39,hit_thrown
8476917,Adam Pelech,D,NYI,69,-42,hit_thrown
8476917,Adam Pelech,D,NYI,67,-39,hit_thrown
8476917,Adam Pelech,D,NYI,90,-30,hit_thrown
8476917,Adam Pelech,D,NYI,53,41,hit_thrown
8476917,Adam Pelech,D,NYI,93,-23,hit_thrown
8476917,Adam Pelech,D,NYI,89,-20,hit_thrown
8476917,Adam Pelech,D,NYI,94,-20,hit_thrown
8476917,Adam Pelech,D,NYI,0,-39,hit_thrown
8476917,Adam Pelech,D,NYI,54,32,hit_thrown
8476917,Adam Pelech,D,NYI,17,-38,hit_thrown
8476917,Adam Pelech,D,NYI,46,30,hit_thrown
8476917,Adam Pelech,D,NYI,89,-35,hit_thrown
8476917,Adam Pelech,D,NYI,74,-35,hit_thrown
8476917,Adam Pelech,D,NYI,69,-38,hit_thrown
8476917,Adam Pelech,D,NYI,58,-38,hit_thrown
8476917,Adam Pelech,D,NYI,71,-41,hit_thrown
8476917,Adam Pelech,D,NYI,99,14,takeaway_hd
8476917,Adam Pelech,D,NYI,83,-15,takeaway_hd
8476917,Adam Pelech,D,NYI,13,22,takeaway_other
8476918,Jimmy Vesey,L,NYR,61,-31,block_non_hd
8476918,Jimmy Vesey,L,NYR,62,-33,block_non_hd
8476918,Jimmy Vesey,L,NYR,42,-12,block_non_hd
8476918,Jimmy Vesey,L,NYR,34,3,block_non_hd
8476918,Jimmy Vesey,L,NYR,70,-29,block_non_hd
8476918,Jimmy Vesey,L,NYR,42,-34,block_non_hd
8476918,Jimmy Vesey,L,NYR,55,11,block_non_hd
8476918,Jimmy Vesey,L,NYR,42,34,block_non_hd
8476918,Jimmy Vesey,L,NYR,62,-2,block_non_hd
8476918,Jimmy Vesey,L,NYR,96,14,hit_taken
8476918,Jimmy Vesey,L,NYR,74,38,hit_taken
8476918,Jimmy Vesey,L,NYR,90,18,hit_taken
8476918,Jimmy Vesey,L,NYR,56,40,hit_taken
8476918,Jimmy Vesey,L,NYR,65,-33,hit_taken
8476918,Jimmy Vesey,L,NYR,95,4,hit_taken
8476918,Jimmy Vesey,L,NYR,51,-33,hit_taken
8476918,Jimmy Vesey,L,NYR,95,28,hit_taken
8476918,Jimmy Vesey,L,NYR,31,8,hit_taken
8476918,Jimmy Vesey,L,NYR,19,-37,hit_taken
8476918,Jimmy Vesey,L,NYR,34,6,hit_taken
8476918,Jimmy Vesey,L,NYR,97,-19,hit_thrown
8476918,Jimmy Vesey,L,NYR,67,38,hit_thrown
8476918,Jimmy Vesey,L,NYR,97,-14,hit_thrown
8476918,Jimmy Vesey,L,NYR,81,38,hit_thrown
8476918,Jimmy Vesey,L,NYR,84,36,hit_thrown
8476918,Jimmy Vesey,L,NYR,97,2,hit_thrown
8476918,Jimmy Vesey,L,NYR,59,-36,hit_thrown
8476918,Jimmy Vesey,L,NYR,86,-33,hit_thrown
8476918,Jimmy Vesey,L,NYR,93,18,takeaway_hd
8476918,Jimmy Vesey,L,NYR,48,-18,takeaway_other
8476918,Jimmy Vesey,L,NYR,7,-26,takeaway_other
8476918,Jimmy Vesey,L,NYR,36,-22,takeaway_other
8476918,Jimmy Vesey,L,NYR,66,-37,takeaway_other
8476918,Jimmy Vesey,L,NYR,95,27,takeaway_other
8476921,Jordan Martinook,L,CAR,77,17,block_hd
8476921,Jordan Martinook,L,CAR,75,8,block_hd
8476921,Jordan Martinook,L,CAR,88,0,block_hd
8476921,Jordan Martinook,L,CAR,62,-4,block_non_hd
8476921,Jordan Martinook,L,CAR,58,5,block_non_hd
8476921,Jordan Martinook,L,CAR,89,-6,crease_goal
8476921,Jordan Martinook,L,CAR,69,22,dz_faceoff_win
8476921,Jordan Martinook,L,CAR,69,-22,dz_faceoff_win
8476921,Jordan Martinook,L,CAR,69,-22,dz_faceoff_win
8476921,Jordan Martinook,L,CAR,78,-42,hit_taken
8476921,Jordan Martinook,L,CAR,73,28,hit_taken
8476921,Jordan Martinook,L,CAR,57,-40,hit_taken
8476921,Jordan Martinook,L,CAR,22,-39,hit_taken
8476921,Jordan Martinook,L,CAR,97,-18,hit_taken
8476921,Jordan Martinook,L,CAR,87,-36,hit_taken
8476921,Jordan Martinook,L,CAR,68,-12,hit_taken
8476921,Jordan Martinook,L,CAR,39,-41,hit_taken
8476921,Jordan Martinook,L,CAR,37,-38,hit_taken
8476921,Jordan Martinook,L,CAR,90,-32,hit_thrown
8476921,Jordan Martinook,L,CAR,97,22,hit_thrown
8476921,Jordan Martinook,L,CAR,28,40,hit_thrown
8476921,Jordan Martinook,L,CAR,57,-39,hit_thrown
8476921,Jordan Martinook,L,CAR,85,37,hit_thrown
8476921,Jordan Martinook,L,CAR,68,37,hit_thrown
8476921,Jordan Martinook,L,CAR,57,39,hit_thrown
8476921,Jordan Martinook,L,CAR,13,-38,hit_thrown
8476921,Jordan Martinook,L,CAR,92,-30,hit_thrown
8476921,Jordan Martinook,L,CAR,48,-41,hit_thrown
8476921,Jordan Martinook,L,CAR,14,-39,hit_thrown
8476921,Jordan Martinook,L,CAR,96,7,hit_thrown
8476921,Jordan Martinook,L,CAR,82,2,hit_thrown
8476921,Jordan Martinook,L,CAR,58,-40,hit_thrown
8476921,Jordan Martinook,L,CAR,6,41,hit_thrown
8476921,Jordan Martinook,L,CAR,96,22,hit_thrown
8476921,Jordan Martinook,L,CAR,32,-41,hit_thrown
8476921,Jordan Martinook,L,CAR,99,-11,takeaway_hd
8476921,Jordan Martinook,L,CAR,31,10,takeaway_other
8476921,Jordan Martinook,L,CAR,32,-37,takeaway_other
8476921,Jordan Martinook,L,CAR,17,32,takeaway_other
8476925,Colton Sissons,C,NSH,73,-4,block_hd
8476925,Colton Sissons,C,NSH,78,-1,block_hd
8476925,Colton Sissons,C,NSH,84,3,block_hd
8476925,Colton Sissons,C,NSH,71,0,block_hd
8476925,Colton Sissons,C,NSH,68,24,block_non_hd
8476925,Colton Sissons,C,NSH,64,6,block_non_hd
8476925,Colton Sissons,C,NSH,60,-34,block_non_hd
8476925,Colton Sissons,C,NSH,64,0,block_non_hd
8476925,Colton Sissons,C,NSH,60,18,block_non_hd
8476925,Colton Sissons,C,NSH,64,7,block_non_hd
8476925,Colton Sissons,C,NSH,79,1,crease_goal
8476925,Colton Sissons,C,NSH,69,22,dz_faceoff_win
8476925,Colton Sissons,C,NSH,69,-22,dz_faceoff_win
8476925,Colton Sissons,C,NSH,69,22,dz_faceoff_win
8476925,Colton Sissons,C,NSH,69,22,dz_faceoff_win
8476925,Colton Sissons,C,NSH,69,-22,dz_faceoff_win
8476925,Colton Sissons,C,NSH,69,22,dz_faceoff_win
8476925,Colton Sissons,C,NSH,69,22,dz_faceoff_win
8476925,Colton Sissons,C,NSH,69,22,dz_faceoff_win
8476925,Colton Sissons,C,NSH,69,22,dz_faceoff_win
8476925,Colton Sissons,C,NSH,69,22,dz_faceoff_win
8476925,Colton Sissons,C,NSH,69,22,dz_faceoff_win
8476925,Colton Sissons,C,NSH,69,22,dz_faceoff_win
8476925,Colton Sissons,C,NSH,46,29,hit_taken
8476925,Colton Sissons,C,NSH,87,-34,hit_taken
8476925,Colton Sissons,C,NSH,42,41,hit_taken
8476925,Colton Sissons,C,NSH,96,-17,hit_taken
8476925,Colton Sissons,C,NSH,57,40,hit_taken
8476925,Colton Sissons,C,NSH,60,-40,hit_taken
8476925,Colton Sissons,C,NSH,83,37,hit_taken
8476925,Colton Sissons,C,NSH,94,15,hit_taken
8476925,Colton Sissons,C,NSH,8,37,hit_taken
8476925,Colton Sissons,C,NSH,39,37,hit_thrown
8476925,Colton Sissons,C,NSH,7,-35,hit_thrown
8476925,Colton Sissons,C,NSH,58,-11,hit_thrown
8476925,Colton Sissons,C,NSH,16,40,hit_thrown
8476925,Colton Sissons,C,NSH,96,-16,hit_thrown
8476925,Colton Sissons,C,NSH,87,-33,hit_thrown
8476925,Colton Sissons,C,NSH,77,-40,hit_thrown
8476925,Colton Sissons,C,NSH,83,35,hit_thrown
8476925,Colton Sissons,C,NSH,72,-40,hit_thrown
8476925,Colton Sissons,C,NSH,44,34,hit_thrown
8476925,Colton Sissons,C,NSH,96,19,hit_thrown
8476925,Colton Sissons,C,NSH,3,-39,hit_thrown
8476925,Colton Sissons,C,NSH,81,-35,hit_thrown
8476925,Colton Sissons,C,NSH,72,-37,hit_thrown
8476925,Colton Sissons,C,NSH,95,-12,hit_thrown
8476925,Colton Sissons,C,NSH,26,-38,hit_thrown
8476925,Colton Sissons,C,NSH,80,-34,hit_thrown
8476925,Colton Sissons,C,NSH,60,-38,hit_thrown
8476925,Colton Sissons,C,NSH,96,-14,takeaway_hd
8476925,Colton Sissons,C,NSH,20,4,takeaway_other
8476925,Colton Sissons,C,NSH,35,39,takeaway_other
8476927,Teddy Blueger,C,VAN,80,0,block_hd
8476927,Teddy Blueger,C,VAN,88,7,block_hd
8476927,Teddy Blueger,C,VAN,82,-8,block_hd
8476927,Teddy Blueger,C,VAN,72,-17,block_hd
8476927,Teddy Blueger,C,VAN,66,12,block_non_hd
8476927,Teddy Blueger,C,VAN,44,21,block_non_hd
8476927,Teddy Blueger,C,VAN,60,-14,block_non_hd
8476927,Teddy Blueger,C,VAN,68,1,block_non_hd
8476927,Teddy Blueger,C,VAN,57,13,block_non_hd
8476927,Teddy Blueger,C,VAN,63,6,block_non_hd
8476927,Teddy Blueger,C,VAN,54,26,block_non_hd
8476927,Teddy Blueger,C,VAN,63,16,block_non_hd
8476927,Teddy Blueger,C,VAN,36,-9,block_non_hd
8476927,Teddy Blueger,C,VAN,66,-7,block_non_hd
8476927,Teddy Blueger,C,VAN,50,-19,block_non_hd
8476927,Teddy Blueger,C,VAN,69,-22,dz_faceoff_win
8476927,Teddy Blueger,C,VAN,69,-22,dz_faceoff_win
8476927,Teddy Blueger,C,VAN,69,22,dz_faceoff_win
8476927,Teddy Blueger,C,VAN,69,-22,dz_faceoff_win
8476927,Teddy Blueger,C,VAN,69,-22,dz_faceoff_win
8476927,Teddy Blueger,C,VAN,69,-22,dz_faceoff_win
8476927,Teddy Blueger,C,VAN,69,22,dz_faceoff_win
8476927,Teddy Blueger,C,VAN,69,-22,dz_faceoff_win
8476927,Teddy Blueger,C,VAN,69,22,dz_faceoff_win
8476927,Teddy Blueger,C,VAN,69,-22,dz_faceoff_win
8476927,Teddy Blueger,C,VAN,69,-22,dz_faceoff_win
8476927,Teddy Blueger,C,VAN,69,-22,dz_faceoff_win
8476927,Teddy Blueger,C,VAN,69,22,dz_faceoff_win
8476927,Teddy Blueger,C,VAN,69,22,dz_faceoff_win
8476927,Teddy Blueger,C,VAN,69,22,dz_faceoff_win
8476927,Teddy Blueger,C,VAN,69,-22,dz_faceoff_win
8476927,Teddy Blueger,C,VAN,69,22,dz_faceoff_win
8476927,Teddy Blueger,C,VAN,39,37,hit_taken
8476927,Teddy Blueger,C,VAN,62,-38,hit_taken
8476927,Teddy Blueger,C,VAN,49,41,hit_taken
8476927,Teddy Blueger,C,VAN,87,35,hit_taken
8476927,Teddy Blueger,C,VAN,92,-27,hit_taken
8476927,Teddy Blueger,C,VAN,3,22,hit_taken
8476927,Teddy Blueger,C,VAN,48,28,hit_taken
8476927,Teddy Blueger,C,VAN,7,37,hit_taken
8476927,Teddy Blueger,C,VAN,85,-36,hit_taken
8476927,Teddy Blueger,C,VAN,37,37,hit_taken
8476927,Teddy Blueger,C,VAN,29,35,hit_taken
8476927,Teddy Blueger,C,VAN,97,-9,hit_taken
8476927,Teddy Blueger,C,VAN,94,29,hit_taken
8476927,Teddy Blueger,C,VAN,66,38,hit_taken
8476927,Teddy Blueger,C,VAN,60,-36,hit_taken
8476927,Teddy Blueger,C,VAN,97,-10,hit_taken
8476927,Teddy Blueger,C,VAN,9,40,hit_thrown
8476927,Teddy Blueger,C,VAN,52,39,hit_thrown
8476927,Teddy Blueger,C,VAN,58,37,hit_thrown
8476927,Teddy Blueger,C,VAN,20,-39,hit_thrown
8476927,Teddy Blueger,C,VAN,99,-3,hit_thrown
8476927,Teddy Blueger,C,VAN,97,13,hit_thrown
8476927,Teddy Blueger,C,VAN,97,-9,hit_thrown
8476927,Teddy Blueger,C,VAN,57,-24,hit_thrown
8476927,Teddy Blueger,C,VAN,78,39,hit_thrown
8476927,Teddy Blueger,C,VAN,80,35,hit_thrown
8476927,Teddy Blueger,C,VAN,71,-41,hit_thrown
8476927,Teddy Blueger,C,VAN,97,9,hit_thrown
8476927,Teddy Blueger,C,VAN,94,25,hit_thrown
8476927,Teddy Blueger,C,VAN,98,0,hit_thrown
8476927,Teddy Blueger,C,VAN,52,-38,hit_thrown
8476927,Teddy Blueger,C,VAN,96,19,hit_thrown
8476927,Teddy Blueger,C,VAN,86,-33,hit_thrown
8476927,Teddy Blueger,C,VAN,64,41,hit_thrown
8476927,Teddy Blueger,C,VAN,78,-40,takeaway_other
8476931,Jake McCabe,D,TOR,71,15,block_hd
8476931,Jake McCabe,D,TOR,73,-6,block_hd
8476931,Jake McCabe,D,TOR,71,-15,block_hd
8476931,Jake McCabe,D,TOR,81,-6,block_hd
8476931,Jake McCabe,D,TOR,76,-11,block_hd
8476931,Jake McCabe,D,TOR,79,13,block_hd
8476931,Jake McCabe,D,TOR,70,8,block_hd
8476931,Jake McCabe,D,TOR,77,3,block_hd
8476931,Jake McCabe,D,TOR,71,-19,block_non_hd
8476931,Jake McCabe,D,TOR,60,21,block_non_hd
8476931,Jake McCabe,D,TOR,51,31,block_non_hd
8476931,Jake McCabe,D,TOR,67,15,block_non_hd
8476931,Jake McCabe,D,TOR,69,7,block_non_hd
8476931,Jake McCabe,D,TOR,73,36,hit_taken
8476931,Jake McCabe,D,TOR,98,-3,hit_taken
8476931,Jake McCabe,D,TOR,60,-37,hit_taken
8476931,Jake McCabe,D,TOR,38,19,hit_taken
8476931,Jake McCabe,D,TOR,89,28,hit_taken
8476931,Jake McCabe,D,TOR,90,22,hit_taken
8476931,Jake McCabe,D,TOR,55,-39,hit_taken
8476931,Jake McCabe,D,TOR,56,38,hit_taken
8476931,Jake McCabe,D,TOR,96,0,hit_taken
8476931,Jake McCabe,D,TOR,98,0,hit_taken
8476931,Jake McCabe,D,TOR,2,39,hit_taken
8476931,Jake McCabe,D,TOR,66,39,hit_taken
8476931,Jake McCabe,D,TOR,68,-33,hit_taken
8476931,Jake McCabe,D,TOR,93,7,hit_taken
8476931,Jake McCabe,D,TOR,92,-18,hit_taken
8476931,Jake McCabe,D,TOR,90,-28,hit_taken
8476931,Jake McCabe,D,TOR,96,19,hit_taken
8476931,Jake McCabe,D,TOR,41,39,hit_taken
8476931,Jake McCabe,D,TOR,73,-37,hit_taken
8476931,Jake McCabe,D,TOR,31,-38,hit_taken
8476931,Jake McCabe,D,TOR,75,-37,hit_taken
8476931,Jake McCabe,D,TOR,98,16,hit_taken
8476931,Jake McCabe,D,TOR,97,-6,hit_taken
8476931,Jake McCabe,D,TOR,80,38,hit_taken
8476931,Jake McCabe,D,TOR,98,16,hit_taken
8476931,Jake McCabe,D,TOR,96,-12,hit_taken
8476931,Jake McCabe,D,TOR,74,36,hit_taken
8476931,Jake McCabe,D,TOR,84,31,hit_taken
8476931,Jake McCabe,D,TOR,89,-26,hit_thrown
8476931,Jake McCabe,D,TOR,90,24,hit_thrown
8476931,Jake McCabe,D,TOR,72,36,hit_thrown
8476931,Jake McCabe,D,TOR,88,6,hit_thrown
8476931,Jake McCabe,D,TOR,95,-5,hit_thrown
8476931,Jake McCabe,D,TOR,84,33,hit_thrown
8476931,Jake McCabe,D,TOR,95,-11,hit_thrown
8476931,Jake McCabe,D,TOR,95,20,hit_thrown
8476931,Jake McCabe,D,TOR,39,-39,hit_thrown
8476931,Jake McCabe,D,TOR,92,-26,hit_thrown
8476931,Jake McCabe,D,TOR,44,-38,hit_thrown
8476931,Jake McCabe,D,TOR,95,-21,hit_thrown
8476931,Jake McCabe,D,TOR,81,-38,hit_thrown
8476931,Jake McCabe,D,TOR,17,18,hit_thrown
8476931,Jake McCabe,D,TOR,95,-9,hit_thrown
8476931,Jake McCabe,D,TOR,32,39,hit_thrown
8476931,Jake McCabe,D,TOR,5,38,hit_thrown
8476931,Jake McCabe,D,TOR,77,-30,hit_thrown
8476931,Jake McCabe,D,TOR,10,36,hit_thrown
8476931,Jake McCabe,D,TOR,94,28,hit_thrown
8476931,Jake McCabe,D,TOR,90,-33,hit_thrown
8476931,Jake McCabe,D,TOR,18,-38,hit_thrown
8476931,Jake McCabe,D,TOR,92,18,takeaway_hd
8476931,Jake McCabe,D,TOR,74,0,takeaway_hd
8476931,Jake McCabe,D,TOR,13,33,takeaway_other
8476931,Jake McCabe,D,TOR,35,33,takeaway_other
8476931,Jake McCabe,D,TOR,39,-13,takeaway_other
8476931,Jake McCabe,D,TOR,50,-41,takeaway_other
8476931,Jake McCabe,D,TOR,77,-30,takeaway_other
8476958,Jaccob Slavin,D,CAR,82,8,block_hd
8476958,Jaccob Slavin,D,CAR,75,-7,block_hd
8476958,Jaccob Slavin,D,CAR,78,0,block_hd
8476958,Jaccob Slavin,D,CAR,86,7,block_hd
8476958,Jaccob Slavin,D,CAR,78,-1,block_hd
8476958,Jaccob Slavin,D,CAR,75,5,block_hd
8476958,Jaccob Slavin,D,CAR,73,5,block_hd
8476958,Jaccob Slavin,D,CAR,75,-9,block_hd
8476958,Jaccob Slavin,D,CAR,70,-2,block_hd
8476958,Jaccob Slavin,D,CAR,72,6,block_hd
8476958,Jaccob Slavin,D,CAR,61,-17,block_non_hd
8476958,Jaccob Slavin,D,CAR,51,-12,block_non_hd
8476958,Jaccob Slavin,D,CAR,56,-21,block_non_hd
8476958,Jaccob Slavin,D,CAR,49,-27,block_non_hd
8476958,Jaccob Slavin,D,CAR,56,16,block_non_hd
8476958,Jaccob Slavin,D,CAR,55,-17,block_non_hd
8476958,Jaccob Slavin,D,CAR,54,-29,block_non_hd
8476958,Jaccob Slavin,D,CAR,68,10,block_non_hd
8476958,Jaccob Slavin,D,CAR,61,27,block_non_hd
8476958,Jaccob Slavin,D,CAR,84,-21,block_non_hd
8476958,Jaccob Slavin,D,CAR,56,13,block_non_hd
8476958,Jaccob Slavin,D,CAR,78,-40,hit_taken
8476958,Jaccob Slavin,D,CAR,98,15,hit_taken
8476958,Jaccob Slavin,D,CAR,94,-25,hit_taken
8476958,Jaccob Slavin,D,CAR,18,23,hit_taken
8476958,Jaccob Slavin,D,CAR,7,38,hit_taken
8476958,Jaccob Slavin,D,CAR,94,13,hit_taken
8476958,Jaccob Slavin,D,CAR,95,13,hit_taken
8476958,Jaccob Slavin,D,CAR,95,22,hit_taken
8476958,Jaccob Slavin,D,CAR,63,-39,hit_taken
8476958,Jaccob Slavin,D,CAR,88,33,hit_taken
8476958,Jaccob Slavin,D,CAR,98,13,hit_taken
8476958,Jaccob Slavin,D,CAR,46,-41,hit_taken
8476958,Jaccob Slavin,D,CAR,8,-41,hit_taken
8476958,Jaccob Slavin,D,CAR,93,28,hit_taken
8476958,Jaccob Slavin,D,CAR,92,27,hit_taken
8476958,Jaccob Slavin,D,CAR,69,39,hit_taken
8476958,Jaccob Slavin,D,CAR,98,16,hit_taken
8476958,Jaccob Slavin,D,CAR,98,-13,hit_taken
8476958,Jaccob Slavin,D,CAR,48,-37,hit_thrown
8476958,Jaccob Slavin,D,CAR,31,42,hit_thrown
8476958,Jaccob Slavin,D,CAR,70,-37,hit_thrown
8476958,Jaccob Slavin,D,CAR,52,-37,hit_thrown
8476958,Jaccob Slavin,D,CAR,94,-16,hit_thrown
8476958,Jaccob Slavin,D,CAR,46,-40,hit_thrown
8476958,Jaccob Slavin,D,CAR,39,-38,hit_thrown
8476958,Jaccob Slavin,D,CAR,95,-17,hit_thrown
8476958,Jaccob Slavin,D,CAR,37,-39,hit_thrown
8476958,Jaccob Slavin,D,CAR,95,-19,takeaway_other
8476958,Jaccob Slavin,D,CAR,6,13,takeaway_other
8476958,Jaccob Slavin,D,CAR,43,-14,takeaway_other
8476958,Jaccob Slavin,D,CAR,60,-26,takeaway_other
8476958,Jaccob Slavin,D,CAR,52,38,takeaway_other
8476958,Jaccob Slavin,D,CAR,40,-37,takeaway_other
8476967,Brett Kulak,D,EDM,80,-12,block_hd
8476967,Brett Kulak,D,EDM,74,-14,block_hd
8476967,Brett Kulak,D,EDM,77,-1,block_hd
8476967,Brett Kulak,D,EDM,86,-6,block_hd
8476967,Brett Kulak,D,EDM,70,-10,block_hd
8476967,Brett Kulak,D,EDM,72,-17,block_hd
8476967,Brett Kulak,D,EDM,80,-4,block_hd
8476967,Brett Kulak,D,EDM,86,4,block_hd
8476967,Brett Kulak,D,EDM,78,0,block_hd
8476967,Brett Kulak,D,EDM,73,-4,block_hd
8476967,Brett Kulak,D,EDM,79,-7,block_hd
8476967,Brett Kulak,D,EDM,71,8,block_hd
8476967,Brett Kulak,D,EDM,82,-12,block_hd
8476967,Brett Kulak,D,EDM,72,4,block_hd
8476967,Brett Kulak,D,EDM,77,3,block_hd
8476967,Brett Kulak,D,EDM,76,2,block_hd
8476967,Brett Kulak,D,EDM,80,-2,block_hd
8476967,Brett Kulak,D,EDM,73,14,block_hd
8476967,Brett Kulak,D,EDM,83,3,block_hd
8476967,Brett Kulak,D,EDM,77,-5,block_hd
8476967,Brett Kulak,D,EDM,82,-5,block_hd
8476967,Brett Kulak,D,EDM,74,9,block_hd
8476967,Brett Kulak,D,EDM,81,13,block_hd
8476967,Brett Kulak,D,EDM,87,4,block_hd
8476967,Brett Kulak,D,EDM,80,-4,block_hd
8476967,Brett Kulak,D,EDM,73,7,block_hd
8476967,Brett Kulak,D,EDM,75,7,block_hd
8476967,Brett Kulak,D,EDM,66,7,block_non_hd
8476967,Brett Kulak,D,EDM,66,-18,block_non_hd
8476967,Brett Kulak,D,EDM,68,22,block_non_hd
8476967,Brett Kulak,D,EDM,53,4,block_non_hd
8476967,Brett Kulak,D,EDM,52,-1,block_non_hd
8476967,Brett Kulak,D,EDM,58,-33,block_non_hd
8476967,Brett Kulak,D,EDM,69,-5,block_non_hd
8476967,Brett Kulak,D,EDM,49,2,block_non_hd
8476967,Brett Kulak,D,EDM,69,-9,block_non_hd
8476967,Brett Kulak,D,EDM,69,25,block_non_hd
8476967,Brett Kulak,D,EDM,53,19,block_non_hd
8476967,Brett Kulak,D,EDM,67,19,block_non_hd
8476967,Brett Kulak,D,EDM,62,19,block_non_hd
8476967,Brett Kulak,D,EDM,58,18,block_non_hd
8476967,Brett Kulak,D,EDM,72,-22,block_non_hd
8476967,Brett Kulak,D,EDM,64,-1,block_non_hd
8476967,Brett Kulak,D,EDM,59,9,block_non_hd
8476967,Brett Kulak,D,EDM,58,-20,block_non_hd
8476967,Brett Kulak,D,EDM,60,-41,hit_taken
8476967,Brett Kulak,D,EDM,98,-23,hit_taken
8476967,Brett Kulak,D,EDM,40,39,hit_taken
8476967,Brett Kulak,D,EDM,40,40,hit_taken
8476967,Brett Kulak,D,EDM,25,-41,hit_taken
8476967,Brett Kulak,D,EDM,84,-37,hit_taken
8476967,Brett Kulak,D,EDM,98,-3,hit_taken
8476967,Brett Kulak,D,EDM,92,30,hit_taken
8476967,Brett Kulak,D,EDM,78,-40,hit_taken
8476967,Brett Kulak,D,EDM,98,12,hit_taken
8476967,Brett Kulak,D,EDM,95,-7,hit_taken
8476967,Brett Kulak,D,EDM,99,-13,hit_taken
8476967,Brett Kulak,D,EDM,50,-39,hit_taken
8476967,Brett Kulak,D,EDM,68,-41,hit_taken
8476967,Brett Kulak,D,EDM,94,-8,hit_taken
8476967,Brett Kulak,D,EDM,99,-3,hit_taken
8476967,Brett Kulak,D,EDM,5,-39,hit_taken
8476967,Brett Kulak,D,EDM,56,37,hit_taken
8476967,Brett Kulak,D,EDM,97,13,hit_taken
8476967,Brett Kulak,D,EDM,92,-19,hit_taken
8476967,Brett Kulak,D,EDM,95,25,hit_taken
8476967,Brett Kulak,D,EDM,97,-1,hit_taken
8476967,Brett Kulak,D,EDM,91,30,hit_taken
8476967,Brett Kulak,D,EDM,98,1,hit_taken
8476967,Brett Kulak,D,EDM,52,-38,hit_taken
8476967,Brett Kulak,D,EDM,17,-38,hit_taken
8476967,Brett Kulak,D,EDM,96,19,hit_taken
8476967,Brett Kulak,D,EDM,51,36,hit_taken
8476967,Brett Kulak,D,EDM,8,37,hit_taken
8476967,Brett Kulak,D,EDM,96,13,hit_taken
8476967,Brett Kulak,D,EDM,95,23,hit_taken
8476967,Brett Kulak,D,EDM,17,-41,hit_taken
8476967,Brett Kulak,D,EDM,72,-41,hit_taken
8476967,Brett Kulak,D,EDM,38,-24,hit_taken
8476967,Brett Kulak,D,EDM,98,-15,hit_taken
8476967,Brett Kulak,D,EDM,10,-41,hit_taken
8476967,Brett Kulak,D,EDM,89,-33,hit_taken
8476967,Brett Kulak,D,EDM,94,-24,hit_taken
8476967,Brett Kulak,D,EDM,98,14,hit_taken
8476967,Brett Kulak,D,EDM,90,-31,hit_taken
8476967,Brett Kulak,D,EDM,93,-25,hit_taken
8476967,Brett Kulak,D,EDM,96,18,hit_taken
8476967,Brett Kulak,D,EDM,83,-38,hit_taken
8476967,Brett Kulak,D,EDM,97,12,hit_taken
8476967,Brett Kulak,D,EDM,90,-31,hit_taken
8476967,Brett Kulak,D,EDM,75,39,hit_taken
8476967,Brett Kulak,D,EDM,99,13,hit_taken
8476967,Brett Kulak,D,EDM,89,-34,hit_taken
8476967,Brett Kulak,D,EDM,98,-17,hit_taken
8476967,Brett Kulak,D,EDM,79,-34,hit_taken
8476967,Brett Kulak,D,EDM,40,41,hit_taken
8476967,Brett Kulak,D,EDM,8,-37,hit_taken
8476967,Brett Kulak,D,EDM,92,-21,hit_taken
8476967,Brett Kulak,D,EDM,83,-36,hit_taken
8476967,Brett Kulak,D,EDM,93,-23,hit_taken
8476967,Brett Kulak,D,EDM,89,-30,hit_taken
8476967,Brett Kulak,D,EDM,88,-33,hit_taken
8476967,Brett Kulak,D,EDM,96,-19,hit_taken
8476967,Brett Kulak,D,EDM,36,38,hit_taken
8476967,Brett Kulak,D,EDM,98,-7,hit_taken
8476967,Brett Kulak,D,EDM,57,-40,hit_taken
8476967,Brett Kulak,D,EDM,92,-26,hit_taken
8476967,Brett Kulak,D,EDM,46,-35,hit_taken
8476967,Brett Kulak,D,EDM,85,35,hit_taken
8476967,Brett Kulak,D,EDM,70,-39,hit_taken
8476967,Brett Kulak,D,EDM,89,-34,hit_taken
8476967,Brett Kulak,D,EDM,99,0,hit_thrown
8476967,Brett Kulak,D,EDM,81,36,hit_thrown
8476967,Brett Kulak,D,EDM,55,40,hit_thrown
8476967,Brett Kulak,D,EDM,88,-35,hit_thrown
8476967,Brett Kulak,D,EDM,94,-23,hit_thrown
8476967,Brett Kulak,D,EDM,96,14,hit_thrown
8476967,Brett Kulak,D,EDM,84,37,hit_thrown
8476967,Brett Kulak,D,EDM,96,4,hit_thrown
8476967,Brett Kulak,D,EDM,9,-41,hit_thrown
8476967,Brett Kulak,D,EDM,96,-16,hit_thrown
8476967,Brett Kulak,D,EDM,82,-30,hit_thrown
8476967,Brett Kulak,D,EDM,68,-40,hit_thrown
8476967,Brett Kulak,D,EDM,58,38,hit_thrown
8476967,Brett Kulak,D,EDM,82,37,hit_thrown
8476967,Brett Kulak,D,EDM,10,40,hit_thrown
8476967,Brett Kulak,D,EDM,95,-14,hit_thrown
8476967,Brett Kulak,D,EDM,60,36,hit_thrown
8476967,Brett Kulak,D,EDM,86,35,hit_thrown
8476967,Brett Kulak,D,EDM,96,2,hit_thrown
8476967,Brett Kulak,D,EDM,98,-18,hit_thrown
8476967,Brett Kulak,D,EDM,98,18,hit_thrown
8476967,Brett Kulak,D,EDM,96,-18,hit_thrown
8476967,Brett Kulak,D,EDM,94,-21,hit_thrown
8476967,Brett Kulak,D,EDM,77,0,takeaway_hd
8476967,Brett Kulak,D,EDM,66,41,takeaway_other
8476967,Brett Kulak,D,EDM,61,-41,takeaway_other
8476967,Brett Kulak,D,EDM,4,33,takeaway_other
8476967,Brett Kulak,D,EDM,67,38,takeaway_other
8476967,Brett Kulak,D,EDM,49,37,takeaway_other
8476979,Erik Gustafsson,D,NYR,72,-14,block_hd
8476979,Erik Gustafsson,D,NYR,71,-15,block_hd
8476979,Erik Gustafsson,D,NYR,74,10,block_hd
8476979,Erik Gustafsson,D,NYR,76,-4,block_hd
8476979,Erik Gustafsson,D,NYR,71,9,block_hd
8476979,Erik Gustafsson,D,NYR,72,-10,block_hd
8476979,Erik Gustafsson,D,NYR,83,5,block_hd
8476979,Erik Gustafsson,D,NYR,69,34,block_non_hd
8476979,Erik Gustafsson,D,NYR,59,29,block_non_hd
8476979,Erik Gustafsson,D,NYR,85,-24,block_non_hd
8476979,Erik Gustafsson,D,NYR,60,-7,block_non_hd
8476979,Erik Gustafsson,D,NYR,59,2,block_non_hd
8476979,Erik Gustafsson,D,NYR,60,0,block_non_hd
8476979,Erik Gustafsson,D,NYR,75,-27,block_non_hd
8476979,Erik Gustafsson,D,NYR,75,-26,block_non_hd
8476979,Erik Gustafsson,D,NYR,63,-13,block_non_hd
8476979,Erik Gustafsson,D,NYR,93,-27,hit_taken
8476979,Erik Gustafsson,D,NYR,42,40,hit_taken
8476979,Erik Gustafsson,D,NYR,96,-13,hit_taken
8476979,Erik Gustafsson,D,NYR,48,-41,hit_taken
8476979,Erik Gustafsson,D,NYR,76,-39,hit_taken
8476979,Erik Gustafsson,D,NYR,90,-35,hit_taken
8476979,Erik Gustafsson,D,NYR,71,39,hit_taken
8476979,Erik Gustafsson,D,NYR,97,-7,hit_taken
8476979,Erik Gustafsson,D,NYR,98,23,hit_taken
8476979,Erik Gustafsson,D,NYR,97,-23,hit_taken
8476979,Erik Gustafsson,D,NYR,90,-30,hit_taken
8476979,Erik Gustafsson,D,NYR,32,21,hit_taken
8476979,Erik Gustafsson,D,NYR,95,-28,hit_taken
8476979,Erik Gustafsson,D,NYR,98,7,hit_taken
8476979,Erik Gustafsson,D,NYR,93,-24,hit_taken
8476979,Erik Gustafsson,D,NYR,96,25,hit_taken
8476979,Erik Gustafsson,D,NYR,98,1,hit_taken
8476979,Erik Gustafsson,D,NYR,96,-22,hit_taken
8476979,Erik Gustafsson,D,NYR,96,-17,hit_taken
8476979,Erik Gustafsson,D,NYR,96,-23,hit_taken
8476979,Erik Gustafsson,D,NYR,82,38,hit_taken
8476979,Erik Gustafsson,D,NYR,40,38,hit_taken
8476979,Erik Gustafsson,D,NYR,94,-19,hit_taken
8476979,Erik Gustafsson,D,NYR,96,-18,hit_taken
8476979,Erik Gustafsson,D,NYR,54,32,hit_thrown
8476979,Erik Gustafsson,D,NYR,64,-36,hit_thrown
8476979,Erik Gustafsson,D,NYR,90,31,hit_thrown
8476979,Erik Gustafsson,D,NYR,77,-41,hit_thrown
8476979,Erik Gustafsson,D,NYR,95,13,hit_thrown
8476979,Erik Gustafsson,D,NYR,97,-18,hit_thrown
8476979,Erik Gustafsson,D,NYR,99,-16,hit_thrown
8476979,Erik Gustafsson,D,NYR,18,39,hit_thrown
8476979,Erik Gustafsson,D,NYR,96,4,hit_thrown
8476979,Erik Gustafsson,D,NYR,99,9,hit_thrown
8476979,Erik Gustafsson,D,NYR,71,-41,hit_thrown
8476979,Erik Gustafsson,D,NYR,74,-42,hit_thrown
8476979,Erik Gustafsson,D,NYR,98,-17,hit_thrown
8476979,Erik Gustafsson,D,NYR,80,-37,hit_thrown
8476979,Erik Gustafsson,D,NYR,97,7,hit_thrown
8476979,Erik Gustafsson,D,NYR,39,32,hit_thrown
8476979,Erik Gustafsson,D,NYR,44,-37,hit_thrown
8476979,Erik Gustafsson,D,NYR,58,-39,hit_thrown
8476979,Erik Gustafsson,D,NYR,96,14,hit_thrown
8476979,Erik Gustafsson,D,NYR,90,33,hit_thrown
8476979,Erik Gustafsson,D,NYR,91,-33,hit_thrown
8476979,Erik Gustafsson,D,NYR,1,40,hit_thrown
8476979,Erik Gustafsson,D,NYR,39,-41,hit_thrown
8476979,Erik Gustafsson,D,NYR,65,-41,hit_thrown
8476979,Erik Gustafsson,D,NYR,74,-37,hit_thrown
8476979,Erik Gustafsson,D,NYR,82,-36,hit_thrown
8476979,Erik Gustafsson,D,NYR,98,-13,hit_thrown
8476979,Erik Gustafsson,D,NYR,79,-38,hit_thrown
8476979,Erik Gustafsson,D,NYR,95,-25,hit_thrown
8476979,Erik Gustafsson,D,NYR,58,37,hit_thrown
8476979,Erik Gustafsson,D,NYR,76,39,hit_thrown
8476979,Erik Gustafsson,D,NYR,85,-33,hit_thrown
8476979,Erik Gustafsson,D,NYR,99,-13,takeaway_hd
8476979,Erik Gustafsson,D,NYR,35,32,takeaway_other
8476979,Erik Gustafsson,D,NYR,74,23,takeaway_other
8477015,Connor Brown,R,EDM,76,-6,block_hd
8477015,Connor Brown,R,EDM,49,22,block_non_hd
8477015,Connor Brown,R,EDM,39,8,block_non_hd
8477015,Connor Brown,R,EDM,36,26,block_non_hd
8477015,Connor Brown,R,EDM,54,6,block_non_hd
8477015,Connor Brown,R,EDM,57,13,block_non_hd
8477015,Connor Brown,R,EDM,68,1,block_non_hd
8477015,Connor Brown,R,EDM,55,34,block_non_hd
8477015,Connor Brown,R,EDM,70,35,block_non_hd
8477015,Connor Brown,R,EDM,36,30,block_non_hd
8477015,Connor Brown,R,EDM,79,1,crease_goal
8477015,Connor Brown,R,EDM,80,0,crease_goal
8477015,Connor Brown,R,EDM,98,10,hit_taken
8477015,Connor Brown,R,EDM,24,34,hit_taken
8477015,Connor Brown,R,EDM,83,31,hit_taken
8477015,Connor Brown,R,EDM,58,-41,hit_taken
8477015,Connor Brown,R,EDM,21,38,hit_taken
8477015,Connor Brown,R,EDM,90,-27,hit_taken
8477015,Connor Brown,R,EDM,64,41,hit_taken
8477015,Connor Brown,R,EDM,98,-4,hit_taken
8477015,Connor Brown,R,EDM,95,13,hit_taken
8477015,Connor Brown,R,EDM,7,-35,hit_taken
8477015,Connor Brown,R,EDM,74,-39,hit_taken
8477015,Connor Brown,R,EDM,45,38,hit_taken
8477015,Connor Brown,R,EDM,63,39,hit_taken
8477015,Connor Brown,R,EDM,29,-40,hit_taken
8477015,Connor Brown,R,EDM,58,38,hit_taken
8477015,Connor Brown,R,EDM,57,40,hit_taken
8477015,Connor Brown,R,EDM,92,-33,hit_taken
8477015,Connor Brown,R,EDM,60,-40,hit_taken
8477015,Connor Brown,R,EDM,28,39,hit_taken
8477015,Connor Brown,R,EDM,86,-36,hit_taken
8477015,Connor Brown,R,EDM,75,38,hit_taken
8477015,Connor Brown,R,EDM,81,33,hit_taken
8477015,Connor Brown,R,EDM,50,37,hit_taken
8477015,Connor Brown,R,EDM,28,-40,hit_taken
8477015,Connor Brown,R,EDM,97,14,hit_taken
8477015,Connor Brown,R,EDM,98,17,hit_thrown
8477015,Connor Brown,R,EDM,78,36,hit_thrown
8477015,Connor Brown,R,EDM,97,-10,hit_thrown
8477015,Connor Brown,R,EDM,44,37,hit_thrown
8477015,Connor Brown,R,EDM,42,-41,hit_thrown
8477015,Connor Brown,R,EDM,94,29,hit_thrown
8477015,Connor Brown,R,EDM,14,-39,hit_thrown
8477015,Connor Brown,R,EDM,40,40,hit_thrown
8477015,Connor Brown,R,EDM,94,27,hit_thrown
8477015,Connor Brown,R,EDM,89,12,takeaway_hd
8477015,Connor Brown,R,EDM,11,-33,takeaway_other
8477015,Connor Brown,R,EDM,0,-35,takeaway_other
8477015,Connor Brown,R,EDM,32,-14,takeaway_other
8477015,Connor Brown,R,EDM,48,-29,takeaway_other
8477015,Connor Brown,R,EDM,87,-23,takeaway_other
8477015,Connor Brown,R,EDM,20,-15,takeaway_other
8477015,Connor Brown,R,EDM,67,28,takeaway_other
8477018,Ben Hutton,D,VGK,82,-6,block_hd
8477018,Ben Hutton,D,VGK,80,-10,block_hd
8477018,Ben Hutton,D,VGK,58,-8,block_non_hd
8477018,Ben Hutton,D,VGK,95,26,hit_taken
8477018,Ben Hutton,D,VGK,89,34,hit_thrown
8477018,Ben Hutton,D,VGK,76,40,hit_thrown
8477018,Ben Hutton,D,VGK,79,28,takeaway_other
8477018,Ben Hutton,D,VGK,2,20,takeaway_other
8477220,Nate Schmidt,D,WPG,82,14,block_hd
8477220,Nate Schmidt,D,WPG,74,-10,block_hd
8477220,Nate Schmidt,D,WPG,84,-7,block_hd
8477220,Nate Schmidt,D,WPG,80,1,block_hd
8477220,Nate Schmidt,D,WPG,78,2,block_hd
8477220,Nate Schmidt,D,WPG,69,1,block_non_hd
8477220,Nate Schmidt,D,WPG,1,40,hit_taken
8477220,Nate Schmidt,D,WPG,91,-32,hit_taken
8477220,Nate Schmidt,D,WPG,96,20,hit_taken
8477220,Nate Schmidt,D,WPG,69,-39,hit_taken
8477220,Nate Schmidt,D,WPG,25,41,hit_thrown
8477220,Nate Schmidt,D,WPG,21,41,hit_thrown
8477220,Nate Schmidt,D,WPG,61,38,hit_thrown
8477220,Nate Schmidt,D,WPG,97,10,hit_thrown
8477220,Nate Schmidt,D,WPG,14,31,takeaway_other
8477220,Nate Schmidt,D,WPG,72,28,takeaway_other
8477353,Tyler Motte,C,TBL,45,-15,block_non_hd
8477353,Tyler Motte,C,TBL,68,-9,block_non_hd
8477353,Tyler Motte,C,TBL,76,-39,hit_taken
8477353,Tyler Motte,C,TBL,94,-23,hit_taken
8477353,Tyler Motte,C,TBL,75,38,hit_taken
8477353,Tyler Motte,C,TBL,84,34,hit_taken
8477353,Tyler Motte,C,TBL,97,-1,hit_taken
8477353,Tyler Motte,C,TBL,94,-28,hit_taken
8477353,Tyler Motte,C,TBL,73,41,hit_taken
8477353,Tyler Motte,C,TBL,70,-38,hit_taken
8477353,Tyler Motte,C,TBL,36,-37,hit_taken
8477353,Tyler Motte,C,TBL,96,16,hit_thrown
8477353,Tyler Motte,C,TBL,44,-40,hit_thrown
8477353,Tyler Motte,C,TBL,64,-36,hit_thrown
8477353,Tyler Motte,C,TBL,5,39,hit_thrown
8477353,Tyler Motte,C,TBL,49,-20,hit_thrown
8477353,Tyler Motte,C,TBL,58,41,hit_thrown
8477353,Tyler Motte,C,TBL,12,36,hit_thrown
8477353,Tyler Motte,C,TBL,64,40,hit_thrown
8477353,Tyler Motte,C,TBL,54,37,hit_thrown
8477353,Tyler Motte,C,TBL,97,3,takeaway_hd
8477353,Tyler Motte,C,TBL,60,-34,takeaway_other
8477369,Carson Soucy,D,VAN,83,3,block_hd
8477369,Carson Soucy,D,VAN,76,-15,block_hd
8477369,Carson Soucy,D,VAN,77,0,block_hd
8477369,Carson Soucy,D,VAN,75,15,block_hd
8477369,Carson Soucy,D,VAN,77,-12,block_hd
8477369,Carson Soucy,D,VAN,73,13,block_hd
8477369,Carson Soucy,D,VAN,83,-6,block_hd
8477369,Carson Soucy,D,VAN,79,-6,block_hd
8477369,Carson Soucy,D,VAN,63,-31,block_non_hd
8477369,Carson Soucy,D,VAN,56,-19,block_non_hd
8477369,Carson Soucy,D,VAN,82,-21,block_non_hd
8477369,Carson Soucy,D,VAN,47,30,block_non_hd
8477369,Carson Soucy,D,VAN,32,-36,hit_taken
8477369,Carson Soucy,D,VAN,67,31,hit_taken
8477369,Carson Soucy,D,VAN,93,-30,hit_taken
8477369,Carson Soucy,D,VAN,12,40,hit_taken
8477369,Carson Soucy,D,VAN,92,-29,hit_taken
8477369,Carson Soucy,D,VAN,1,39,hit_taken
8477369,Carson Soucy,D,VAN,96,-16,hit_taken
8477369,Carson Soucy,D,VAN,24,-31,hit_taken
8477369,Carson Soucy,D,VAN,87,37,hit_taken
8477369,Carson Soucy,D,VAN,98,-16,hit_taken
8477369,Carson Soucy,D,VAN,95,0,hit_taken
8477369,Carson Soucy,D,VAN,75,-40,hit_taken
8477369,Carson Soucy,D,VAN,88,-31,hit_taken
8477369,Carson Soucy,D,VAN,96,-20,hit_taken
8477369,Carson Soucy,D,VAN,97,-11,hit_taken
8477369,Carson Soucy,D,VAN,98,17,hit_taken
8477369,Carson Soucy,D,VAN,32,-40,hit_taken
8477369,Carson Soucy,D,VAN,95,13,hit_taken
8477369,Carson Soucy,D,VAN,97,4,hit_taken
8477369,Carson Soucy,D,VAN,97,-23,hit_taken
8477369,Carson Soucy,D,VAN,47,-40,hit_taken
8477369,Carson Soucy,D,VAN,93,-30,hit_taken
8477369,Carson Soucy,D,VAN,9,-40,hit_taken
8477369,Carson Soucy,D,VAN,98,-12,hit_taken
8477369,Carson Soucy,D,VAN,19,2,hit_thrown
8477369,Carson Soucy,D,VAN,62,39,hit_thrown
8477369,Carson Soucy,D,VAN,96,22,hit_thrown
8477369,Carson Soucy,D,VAN,29,-39,hit_thrown
8477369,Carson Soucy,D,VAN,74,-39,hit_thrown
8477369,Carson Soucy,D,VAN,98,9,hit_thrown
8477369,Carson Soucy,D,VAN,48,10,hit_thrown
8477369,Carson Soucy,D,VAN,29,-23,hit_thrown
8477369,Carson Soucy,D,VAN,59,20,hit_thrown
8477369,Carson Soucy,D,VAN,86,-35,hit_thrown
8477369,Carson Soucy,D,VAN,88,-35,hit_thrown
8477369,Carson Soucy,D,VAN,63,-40,hit_thrown
8477369,Carson Soucy,D,VAN,68,-39,hit_thrown
8477369,Carson Soucy,D,VAN,83,-35,hit_thrown
8477369,Carson Soucy,D,VAN,46,-38,hit_thrown
8477369,Carson Soucy,D,VAN,90,27,hit_thrown
8477369,Carson Soucy,D,VAN,46,-38,hit_thrown
8477369,Carson Soucy,D,VAN,93,-28,hit_thrown
8477369,Carson Soucy,D,VAN,22,32,hit_thrown
8477369,Carson Soucy,D,VAN,87,-34,hit_thrown
8477369,Carson Soucy,D,VAN,99,-13,hit_thrown
8477369,Carson Soucy,D,VAN,89,-36,hit_thrown
8477369,Carson Soucy,D,VAN,2,-38,hit_thrown
8477369,Carson Soucy,D,VAN,12,38,hit_thrown
8477369,Carson Soucy,D,VAN,29,-7,hit_thrown
8477369,Carson Soucy,D,VAN,98,-8,hit_thrown
8477369,Carson Soucy,D,VAN,85,-36,hit_thrown
8477369,Carson Soucy,D,VAN,96,-22,hit_thrown
8477369,Carson Soucy,D,VAN,39,-42,hit_thrown
8477369,Carson Soucy,D,VAN,17,-40,hit_thrown
8477369,Carson Soucy,D,VAN,87,-34,hit_thrown
8477369,Carson Soucy,D,VAN,90,-27,hit_thrown
8477369,Carson Soucy,D,VAN,92,-19,takeaway_other
8477369,Carson Soucy,D,VAN,13,-39,takeaway_other
8477369,Carson Soucy,D,VAN,85,-24,takeaway_other
8477369,Carson Soucy,D,VAN,74,-32,takeaway_other
8477380,Jonny Brodzinski,C,NYR,67,8,block_non_hd
8477380,Jonny Brodzinski,C,NYR,66,11,block_non_hd
8477380,Jonny Brodzinski,C,NYR,33,36,block_non_hd
8477380,Jonny Brodzinski,C,NYR,69,22,dz_faceoff_win
8477380,Jonny Brodzinski,C,NYR,69,22,dz_faceoff_win
8477380,Jonny Brodzinski,C,NYR,69,22,dz_faceoff_win
8477380,Jonny Brodzinski,C,NYR,69,22,dz_faceoff_win
8477380,Jonny Brodzinski,C,NYR,36,40,hit_taken
8477380,Jonny Brodzinski,C,NYR,8,38,hit_taken
8477380,Jonny Brodzinski,C,NYR,87,31,hit_taken
8477380,Jonny Brodzinski,C,NYR,9,-42,hit_taken
8477380,Jonny Brodzinski,C,NYR,30,7,takeaway_other
8477380,Jonny Brodzinski,C,NYR,54,37,takeaway_other
8477392,Hudson Fasching,R,NYI,52,-25,block_non_hd
8477392,Hudson Fasching,R,NYI,64,-36,block_non_hd
8477392,Hudson Fasching,R,NYI,56,3,block_non_hd
8477392,Hudson Fasching,R,NYI,58,-21,block_non_hd
8477392,Hudson Fasching,R,NYI,59,-42,hit_taken
8477392,Hudson Fasching,R,NYI,5,39,hit_taken
8477392,Hudson Fasching,R,NYI,97,3,hit_taken
8477392,Hudson Fasching,R,NYI,53,39,hit_taken
8477392,Hudson Fasching,R,NYI,59,-37,hit_taken
8477392,Hudson Fasching,R,NYI,22,39,hit_thrown
8477392,Hudson Fasching,R,NYI,91,34,hit_thrown
8477404,Jake Guentzel,C,CAR,78,-7,block_hd
8477404,Jake Guentzel,C,CAR,77,-8,block_hd
8477404,Jake Guentzel,C,CAR,84,-4,block_hd
8477404,Jake Guentzel,C,CAR,78,-1,block_hd
8477404,Jake Guentzel,C,CAR,70,10,block_hd
8477404,Jake Guentzel,C,CAR,78,-6,block_hd
8477404,Jake Guentzel,C,CAR,78,-2,block_hd
8477404,Jake Guentzel,C,CAR,68,-21,block_non_hd
8477404,Jake Guentzel,C,CAR,42,29,block_non_hd
8477404,Jake Guentzel,C,CAR,65,-13,block_non_hd
8477404,Jake Guentzel,C,CAR,44,-32,block_non_hd
8477404,Jake Guentzel,C,CAR,38,38,block_non_hd
8477404,Jake Guentzel,C,CAR,64,-29,block_non_hd
8477404,Jake Guentzel,C,CAR,68,-36,block_non_hd
8477404,Jake Guentzel,C,CAR,79,-4,crease_goal
8477404,Jake Guentzel,C,CAR,79,2,crease_goal
8477404,Jake Guentzel,C,CAR,98,21,hit_taken
8477404,Jake Guentzel,C,CAR,70,-40,hit_taken
8477404,Jake Guentzel,C,CAR,81,37,hit_taken
8477404,Jake Guentzel,C,CAR,0,-39,hit_taken
8477404,Jake Guentzel,C,CAR,17,38,hit_taken
8477404,Jake Guentzel,C,CAR,22,39,hit_taken
8477404,Jake Guentzel,C,CAR,74,-35,hit_taken
8477404,Jake Guentzel,C,CAR,41,-39,hit_taken
8477404,Jake Guentzel,C,CAR,97,9,hit_taken
8477404,Jake Guentzel,C,CAR,98,-12,hit_taken
8477404,Jake Guentzel,C,CAR,70,37,hit_taken
8477404,Jake Guentzel,C,CAR,42,16,hit_taken
8477404,Jake Guentzel,C,CAR,74,-42,hit_taken
8477404,Jake Guentzel,C,CAR,97,-11,hit_taken
8477404,Jake Guentzel,C,CAR,93,-23,hit_taken
8477404,Jake Guentzel,C,CAR,1,40,hit_taken
8477404,Jake Guentzel,C,CAR,6,-39,hit_taken
8477404,Jake Guentzel,C,CAR,96,7,hit_thrown
8477404,Jake Guentzel,C,CAR,90,34,hit_thrown
8477404,Jake Guentzel,C,CAR,3,-40,hit_thrown
8477404,Jake Guentzel,C,CAR,91,29,hit_thrown
8477404,Jake Guentzel,C,CAR,48,39,hit_thrown
8477404,Jake Guentzel,C,CAR,76,37,hit_thrown
8477404,Jake Guentzel,C,CAR,64,42,hit_thrown
8477404,Jake Guentzel,C,CAR,51,-40,hit_thrown
8477404,Jake Guentzel,C,CAR,92,-7,takeaway_hd
8477404,Jake Guentzel,C,CAR,12,-5,takeaway_other
8477404,Jake Guentzel,C,CAR,48,4,takeaway_other
8477404,Jake Guentzel,C,CAR,31,-37,takeaway_other
8477404,Jake Guentzel,C,CAR,37,23,takeaway_other
8477404,Jake Guentzel,C,CAR,26,11,takeaway_other
8477404,Jake Guentzel,C,CAR,61,-26,takeaway_other
8477406,Mattias Janmark,C,EDM,65,3,block_non_hd
8477406,Mattias Janmark,C,EDM,59,18,block_non_hd
8477406,Mattias Janmark,C,EDM,66,22,block_non_hd
8477406,Mattias Janmark,C,EDM,47,-13,block_non_hd
8477406,Mattias Janmark,C,EDM,53,-26,block_non_hd
8477406,Mattias Janmark,C,EDM,53,-27,block_non_hd
8477406,Mattias Janmark,C,EDM,84,8,crease_goal
8477406,Mattias Janmark,C,EDM,83,-1,crease_goal
8477406,Mattias Janmark,C,EDM,40,-41,hit_taken
8477406,Mattias Janmark,C,EDM,97,-7,hit_taken
8477406,Mattias Janmark,C,EDM,76,38,hit_taken
8477406,Mattias Janmark,C,EDM,97,21,hit_taken
8477406,Mattias Janmark,C,EDM,32,40,hit_taken
8477406,Mattias Janmark,C,EDM,88,33,hit_taken
8477406,Mattias Janmark,C,EDM,95,-28,hit_taken
8477406,Mattias Janmark,C,EDM,58,39,hit_taken
8477406,Mattias Janmark,C,EDM,29,34,hit_taken
8477406,Mattias Janmark,C,EDM,75,-42,hit_taken
8477406,Mattias Janmark,C,EDM,3,31,hit_taken
8477406,Mattias Janmark,C,EDM,97,3,hit_taken
8477406,Mattias Janmark,C,EDM,64,38,hit_taken
8477406,Mattias Janmark,C,EDM,97,-9,hit_taken
8477406,Mattias Janmark,C,EDM,59,-40,hit_taken
8477406,Mattias Janmark,C,EDM,95,-8,hit_taken
8477406,Mattias Janmark,C,EDM,50,42,hit_taken
8477406,Mattias Janmark,C,EDM,77,-39,hit_taken
8477406,Mattias Janmark,C,EDM,89,33,hit_taken
8477406,Mattias Janmark,C,EDM,69,41,hit_taken
8477406,Mattias Janmark,C,EDM,97,-19,hit_taken
8477406,Mattias Janmark,C,EDM,15,-37,hit_taken
8477406,Mattias Janmark,C,EDM,97,-17,hit_taken
8477406,Mattias Janmark,C,EDM,55,-42,hit_taken
8477406,Mattias Janmark,C,EDM,30,40,hit_taken
8477406,Mattias Janmark,C,EDM,86,-33,hit_taken
8477406,Mattias Janmark,C,EDM,39,38,hit_taken
8477406,Mattias Janmark,C,EDM,13,41,hit_taken
8477406,Mattias Janmark,C,EDM,31,-4,hit_taken
8477406,Mattias Janmark,C,EDM,29,-37,hit_taken
8477406,Mattias Janmark,C,EDM,51,-40,hit_taken
8477406,Mattias Janmark,C,EDM,94,25,hit_taken
8477406,Mattias Janmark,C,EDM,26,39,hit_taken
8477406,Mattias Janmark,C,EDM,71,-40,hit_taken
8477406,Mattias Janmark,C,EDM,66,-38,hit_taken
8477406,Mattias Janmark,C,EDM,47,-35,hit_taken
8477406,Mattias Janmark,C,EDM,92,-26,hit_taken
8477406,Mattias Janmark,C,EDM,62,38,hit_taken
8477406,Mattias Janmark,C,EDM,78,39,hit_thrown
8477406,Mattias Janmark,C,EDM,97,17,hit_thrown
8477406,Mattias Janmark,C,EDM,69,40,hit_thrown
8477406,Mattias Janmark,C,EDM,94,19,hit_thrown
8477406,Mattias Janmark,C,EDM,75,38,hit_thrown
8477406,Mattias Janmark,C,EDM,70,40,hit_thrown
8477406,Mattias Janmark,C,EDM,82,-30,hit_thrown
8477406,Mattias Janmark,C,EDM,98,-10,hit_thrown
8477406,Mattias Janmark,C,EDM,79,36,hit_thrown
8477406,Mattias Janmark,C,EDM,64,-39,hit_thrown
8477406,Mattias Janmark,C,EDM,86,35,hit_thrown
8477406,Mattias Janmark,C,EDM,46,-40,hit_thrown
8477406,Mattias Janmark,C,EDM,61,-39,hit_thrown
8477406,Mattias Janmark,C,EDM,38,-4,hit_thrown
8477406,Mattias Janmark,C,EDM,67,39,hit_thrown
8477406,Mattias Janmark,C,EDM,79,-39,hit_thrown
8477406,Mattias Janmark,C,EDM,46,41,hit_thrown
8477406,Mattias Janmark,C,EDM,2,23,hit_thrown
8477406,Mattias Janmark,C,EDM,81,34,hit_thrown
8477406,Mattias Janmark,C,EDM,43,-38,hit_thrown
8477406,Mattias Janmark,C,EDM,94,16,hit_thrown
8477406,Mattias Janmark,C,EDM,11,-40,hit_thrown
8477406,Mattias Janmark,C,EDM,64,-41,hit_thrown
8477406,Mattias Janmark,C,EDM,55,32,takeaway_other
8477406,Mattias Janmark,C,EDM,36,-38,takeaway_other
8477406,Mattias Janmark,C,EDM,54,36,takeaway_other
8477406,Mattias Janmark,C,EDM,10,-4,takeaway_other
8477406,Mattias Janmark,C,EDM,13,-23,takeaway_other
8477406,Mattias Janmark,C,EDM,59,31,takeaway_other
8477407,Anthony Duclair,L,TBL,74,11,block_hd
8477407,Anthony Duclair,L,TBL,80,-1,block_hd
8477407,Anthony Duclair,L,TBL,65,0,block_non_hd
8477407,Anthony Duclair,L,TBL,46,33,block_non_hd
8477407,Anthony Duclair,L,TBL,60,20,block_non_hd
8477407,Anthony Duclair,L,TBL,42,-21,block_non_hd
8477407,Anthony Duclair,L,TBL,64,-33,block_non_hd
8477407,Anthony Duclair,L,TBL,95,-30,hit_taken
8477407,Anthony Duclair,L,TBL,13,39,hit_taken
8477407,Anthony Duclair,L,TBL,97,3,hit_taken
8477407,Anthony Duclair,L,TBL,81,36,hit_taken
8477407,Anthony Duclair,L,TBL,80,-40,hit_taken
8477407,Anthony Duclair,L,TBL,71,-38,hit_taken
8477407,Anthony Duclair,L,TBL,75,38,hit_taken
8477407,Anthony Duclair,L,TBL,93,-23,hit_taken
8477407,Anthony Duclair,L,TBL,4,-37,hit_taken
8477407,Anthony Duclair,L,TBL,15,-39,hit_taken
8477407,Anthony Duclair,L,TBL,90,-30,hit_taken
8477407,Anthony Duclair,L,TBL,94,-25,hit_taken
8477407,Anthony Duclair,L,TBL,10,-1,hit_taken
8477407,Anthony Duclair,L,TBL,95,-11,hit_thrown
8477407,Anthony Duclair,L,TBL,88,33,hit_thrown
8477407,Anthony Duclair,L,TBL,97,21,hit_thrown
8477407,Anthony Duclair,L,TBL,25,-41,hit_thrown
8477407,Anthony Duclair,L,TBL,12,40,hit_thrown
8477407,Anthony Duclair,L,TBL,92,-33,hit_thrown
8477407,Anthony Duclair,L,TBL,95,-21,hit_thrown
8477409,Carter Verhaeghe,C,FLA,78,-14,block_hd
8477409,Carter Verhaeghe,C,FLA,70,-6,block_hd
8477409,Carter Verhaeghe,C,FLA,49,15,block_non_hd
8477409,Carter Verhaeghe,C,FLA,64,-28,block_non_hd
8477409,Carter Verhaeghe,C,FLA,37,-10,block_non_hd
8477409,Carter Verhaeghe,C,FLA,51,30,block_non_hd
8477409,Carter Verhaeghe,C,FLA,57,-16,block_non_hd
8477409,Carter Verhaeghe,C,FLA,69,0,block_non_hd
8477409,Carter Verhaeghe,C,FLA,69,-25,block_non_hd
8477409,Carter Verhaeghe,C,FLA,45,-29,block_non_hd
8477409,Carter Verhaeghe,C,FLA,47,-28,block_non_hd
8477409,Carter Verhaeghe,C,FLA,65,-1,block_non_hd
8477409,Carter Verhaeghe,C,FLA,55,-19,block_non_hd
8477409,Carter Verhaeghe,C,FLA,49,-12,block_non_hd
8477409,Carter Verhaeghe,C,FLA,57,-15,block_non_hd
8477409,Carter Verhaeghe,C,FLA,51,-33,block_non_hd
8477409,Carter Verhaeghe,C,FLA,44,-31,block_non_hd
8477409,Carter Verhaeghe,C,FLA,83,1,crease_goal
8477409,Carter Verhaeghe,C,FLA,86,-7,crease_goal
8477409,Carter Verhaeghe,C,FLA,78,-2,crease_goal
8477409,Carter Verhaeghe,C,FLA,83,-1,crease_goal
8477409,Carter Verhaeghe,C,FLA,83,6,crease_goal
8477409,Carter Verhaeghe,C,FLA,69,22,dz_faceoff_win
8477409,Carter Verhaeghe,C,FLA,69,-22,dz_faceoff_win
8477409,Carter Verhaeghe,C,FLA,65,-40,hit_taken
8477409,Carter Verhaeghe,C,FLA,96,5,hit_taken
8477409,Carter Verhaeghe,C,FLA,46,-40,hit_taken
8477409,Carter Verhaeghe,C,FLA,67,42,hit_taken
8477409,Carter Verhaeghe,C,FLA,0,-14,hit_taken
8477409,Carter Verhaeghe,C,FLA,36,39,hit_taken
8477409,Carter Verhaeghe,C,FLA,29,-39,hit_taken
8477409,Carter Verhaeghe,C,FLA,81,38,hit_taken
8477409,Carter Verhaeghe,C,FLA,65,39,hit_taken
8477409,Carter Verhaeghe,C,FLA,49,39,hit_taken
8477409,Carter Verhaeghe,C,FLA,22,-40,hit_taken
8477409,Carter Verhaeghe,C,FLA,46,37,hit_taken
8477409,Carter Verhaeghe,C,FLA,79,38,hit_taken
8477409,Carter Verhaeghe,C,FLA,57,-39,hit_taken
8477409,Carter Verhaeghe,C,FLA,67,-33,hit_taken
8477409,Carter Verhaeghe,C,FLA,79,39,hit_taken
8477409,Carter Verhaeghe,C,FLA,47,40,hit_taken
8477409,Carter Verhaeghe,C,FLA,90,27,hit_taken
8477409,Carter Verhaeghe,C,FLA,40,-21,hit_taken
8477409,Carter Verhaeghe,C,FLA,62,40,hit_taken
8477409,Carter Verhaeghe,C,FLA,97,-24,hit_taken
8477409,Carter Verhaeghe,C,FLA,13,-40,hit_taken
8477409,Carter Verhaeghe,C,FLA,4,-39,hit_taken
8477409,Carter Verhaeghe,C,FLA,85,-24,hit_taken
8477409,Carter Verhaeghe,C,FLA,41,39,hit_taken
8477409,Carter Verhaeghe,C,FLA,78,40,hit_taken
8477409,Carter Verhaeghe,C,FLA,75,38,hit_taken
8477409,Carter Verhaeghe,C,FLA,58,39,hit_taken
8477409,Carter Verhaeghe,C,FLA,1,40,hit_taken
8477409,Carter Verhaeghe,C,FLA,74,-39,hit_taken
8477409,Carter Verhaeghe,C,FLA,69,-40,hit_taken
8477409,Carter Verhaeghe,C,FLA,64,37,hit_taken
8477409,Carter Verhaeghe,C,FLA,44,35,hit_taken
8477409,Carter Verhaeghe,C,FLA,97,24,hit_taken
8477409,Carter Verhaeghe,C,FLA,96,6,hit_taken
8477409,Carter Verhaeghe,C,FLA,49,-36,hit_taken
8477409,Carter Verhaeghe,C,FLA,66,-5,hit_taken
8477409,Carter Verhaeghe,C,FLA,43,37,hit_taken
8477409,Carter Verhaeghe,C,FLA,29,-40,hit_taken
8477409,Carter Verhaeghe,C,FLA,84,-7,hit_taken
8477409,Carter Verhaeghe,C,FLA,44,-38,hit_taken
8477409,Carter Verhaeghe,C,FLA,47,39,hit_taken
8477409,Carter Verhaeghe,C,FLA,67,-40,hit_taken
8477409,Carter Verhaeghe,C,FLA,97,-4,hit_taken
8477409,Carter Verhaeghe,C,FLA,97,-16,hit_taken
8477409,Carter Verhaeghe,C,FLA,74,-42,hit_taken
8477409,Carter Verhaeghe,C,FLA,98,13,hit_taken
8477409,Carter Verhaeghe,C,FLA,94,-24,hit_taken
8477409,Carter Verhaeghe,C,FLA,92,30,hit_taken
8477409,Carter Verhaeghe,C,FLA,40,40,hit_taken
8477409,Carter Verhaeghe,C,FLA,14,40,hit_taken
8477409,Carter Verhaeghe,C,FLA,39,38,hit_taken
8477409,Carter Verhaeghe,C,FLA,83,-36,hit_taken
8477409,Carter Verhaeghe,C,FLA,72,37,hit_taken
8477409,Carter Verhaeghe,C,FLA,67,38,hit_taken
8477409,Carter Verhaeghe,C,FLA,67,34,hit_taken
8477409,Carter Verhaeghe,C,FLA,66,40,hit_taken
8477409,Carter Verhaeghe,C,FLA,6,-38,hit_thrown
8477409,Carter Verhaeghe,C,FLA,95,21,hit_thrown
8477409,Carter Verhaeghe,C,FLA,95,-24,hit_thrown
8477409,Carter Verhaeghe,C,FLA,88,-29,hit_thrown
8477409,Carter Verhaeghe,C,FLA,96,19,hit_thrown
8477409,Carter Verhaeghe,C,FLA,91,26,hit_thrown
8477409,Carter Verhaeghe,C,FLA,68,39,hit_thrown
8477409,Carter Verhaeghe,C,FLA,99,-6,hit_thrown
8477409,Carter Verhaeghe,C,FLA,59,39,hit_thrown
8477409,Carter Verhaeghe,C,FLA,55,11,hit_thrown
8477409,Carter Verhaeghe,C,FLA,97,-8,hit_thrown
8477409,Carter Verhaeghe,C,FLA,96,6,hit_thrown
8477409,Carter Verhaeghe,C,FLA,95,5,hit_thrown
8477409,Carter Verhaeghe,C,FLA,59,-37,hit_thrown
8477409,Carter Verhaeghe,C,FLA,93,18,hit_thrown
8477409,Carter Verhaeghe,C,FLA,13,37,hit_thrown
8477409,Carter Verhaeghe,C,FLA,72,-23,hit_thrown
8477409,Carter Verhaeghe,C,FLA,42,-39,hit_thrown
8477409,Carter Verhaeghe,C,FLA,95,25,hit_thrown
8477409,Carter Verhaeghe,C,FLA,71,-38,hit_thrown
8477409,Carter Verhaeghe,C,FLA,92,15,hit_thrown
8477409,Carter Verhaeghe,C,FLA,96,-18,hit_thrown
8477409,Carter Verhaeghe,C,FLA,97,-6,hit_thrown
8477409,Carter Verhaeghe,C,FLA,94,18,hit_thrown
8477409,Carter Verhaeghe,C,FLA,77,-40,hit_thrown
8477409,Carter Verhaeghe,C,FLA,82,37,hit_thrown
8477409,Carter Verhaeghe,C,FLA,75,-42,hit_thrown
8477409,Carter Verhaeghe,C,FLA,99,-2,takeaway_hd
8477409,Carter Verhaeghe,C,FLA,98,7,takeaway_hd
8477409,Carter Verhaeghe,C,FLA,41,-35,takeaway_other
8477409,Carter Verhaeghe,C,FLA,33,-22,takeaway_other
8477409,Carter Verhaeghe,C,FLA,37,-37,takeaway_other
8477409,Carter Verhaeghe,C,FLA,9,2,takeaway_other
8477409,Carter Verhaeghe,C,FLA,51,36,takeaway_other
8477409,Carter Verhaeghe,C,FLA,79,35,takeaway_other
8477409,Carter Verhaeghe,C,FLA,46,-6,takeaway_other
8477409,Carter Verhaeghe,C,FLA,34,28,takeaway_other
8477409,Carter Verhaeghe,C,FLA,79,-39,takeaway_other
8477425,Miles Wood,L,COL,81,-6,block_hd
8477425,Miles Wood,L,COL,45,-28,block_non_hd
8477425,Miles Wood,L,COL,68,-1,block_non_hd
8477425,Miles Wood,L,COL,40,32,block_non_hd
8477425,Miles Wood,L,COL,61,-7,block_non_hd
8477425,Miles Wood,L,COL,46,-14,block_non_hd
8477425,Miles Wood,L,COL,50,-18,block_non_hd
8477425,Miles Wood,L,COL,54,2,block_non_hd
8477425,Miles Wood,L,COL,82,3,crease_goal
8477425,Miles Wood,L,COL,81,-2,crease_goal
8477425,Miles Wood,L,COL,58,40,hit_taken
8477425,Miles Wood,L,COL,64,-40,hit_taken
8477425,Miles Wood,L,COL,29,-13,hit_taken
8477425,Miles Wood,L,COL,87,-33,hit_taken
8477425,Miles Wood,L,COL,95,23,hit_taken
8477425,Miles Wood,L,COL,39,-39,hit_taken
8477425,Miles Wood,L,COL,66,36,hit_taken
8477425,Miles Wood,L,COL,75,41,hit_taken
8477425,Miles Wood,L,COL,40,41,hit_taken
8477425,Miles Wood,L,COL,67,-38,hit_taken
8477425,Miles Wood,L,COL,51,41,hit_taken
8477425,Miles Wood,L,COL,17,-41,hit_taken
8477425,Miles Wood,L,COL,79,37,hit_taken
8477425,Miles Wood,L,COL,87,14,hit_taken
8477425,Miles Wood,L,COL,91,30,hit_taken
8477425,Miles Wood,L,COL,35,39,hit_taken
8477425,Miles Wood,L,COL,6,40,hit_taken
8477425,Miles Wood,L,COL,9,40,hit_thrown
8477425,Miles Wood,L,COL,97,-7,hit_thrown
8477425,Miles Wood,L,COL,33,40,hit_thrown
8477425,Miles Wood,L,COL,93,-29,hit_thrown
8477425,Miles Wood,L,COL,85,35,hit_thrown
8477425,Miles Wood,L,COL,45,-39,hit_thrown
8477425,Miles Wood,L,COL,89,-32,hit_thrown
8477425,Miles Wood,L,COL,60,-38,hit_thrown
8477425,Miles Wood,L,COL,79,0,hit_thrown
8477425,Miles Wood,L,COL,35,-41,hit_thrown
8477425,Miles Wood,L,COL,93,-22,hit_thrown
8477425,Miles Wood,L,COL,96,-22,hit_thrown
8477425,Miles Wood,L,COL,96,22,hit_thrown
8477425,Miles Wood,L,COL,45,-39,hit_thrown
8477425,Miles Wood,L,COL,82,-37,hit_thrown
8477425,Miles Wood,L,COL,89,33,hit_thrown
8477425,Miles Wood,L,COL,67,-26,hit_thrown
8477425,Miles Wood,L,COL,87,34,hit_thrown
8477425,Miles Wood,L,COL,85,-35,hit_thrown
8477425,Miles Wood,L,COL,94,29,hit_thrown
8477425,Miles Wood,L,COL,35,-40,hit_thrown
8477425,Miles Wood,L,COL,76,42,hit_thrown
8477425,Miles Wood,L,COL,42,-40,hit_thrown
8477425,Miles Wood,L,COL,70,-40,hit_thrown
8477425,Miles Wood,L,COL,44,-40,hit_thrown
8477425,Miles Wood,L,COL,98,7,hit_thrown
8477425,Miles Wood,L,COL,98,10,hit_thrown
8477425,Miles Wood,L,COL,30,41,takeaway_other
8477425,Miles Wood,L,COL,35,-5,takeaway_other
8477426,Nick Paul,L,TBL,83,-14,block_hd
8477426,Nick Paul,L,TBL,39,-27,block_non_hd
8477426,Nick Paul,L,TBL,47,9,block_non_hd
8477426,Nick Paul,L,TBL,64,15,block_non_hd
8477426,Nick Paul,L,TBL,67,-12,block_non_hd
8477426,Nick Paul,L,TBL,84,-2,crease_goal
8477426,Nick Paul,L,TBL,69,22,dz_faceoff_win
8477426,Nick Paul,L,TBL,69,22,dz_faceoff_win
8477426,Nick Paul,L,TBL,69,22,dz_faceoff_win
8477426,Nick Paul,L,TBL,69,-22,dz_faceoff_win
8477426,Nick Paul,L,TBL,69,-22,dz_faceoff_win
8477426,Nick Paul,L,TBL,69,-22,dz_faceoff_win
8477426,Nick Paul,L,TBL,69,-22,dz_faceoff_win
8477426,Nick Paul,L,TBL,69,-22,dz_faceoff_win
8477426,Nick Paul,L,TBL,69,-22,dz_faceoff_win
8477426,Nick Paul,L,TBL,69,22,dz_faceoff_win
8477426,Nick Paul,L,TBL,69,-22,dz_faceoff_win
8477426,Nick Paul,L,TBL,69,22,dz_faceoff_win
8477426,Nick Paul,L,TBL,69,-22,dz_faceoff_win
8477426,Nick Paul,L,TBL,69,-22,dz_faceoff_win
8477426,Nick Paul,L,TBL,58,40,hit_taken
8477426,Nick Paul,L,TBL,96,5,hit_taken
8477426,Nick Paul,L,TBL,96,16,hit_taken
8477426,Nick Paul,L,TBL,99,-15,hit_taken
8477426,Nick Paul,L,TBL,68,39,hit_taken
8477426,Nick Paul,L,TBL,97,14,hit_taken
8477426,Nick Paul,L,TBL,55,40,hit_taken
8477426,Nick Paul,L,TBL,98,-11,hit_taken
8477426,Nick Paul,L,TBL,48,-40,hit_taken
8477426,Nick Paul,L,TBL,12,34,hit_taken
8477426,Nick Paul,L,TBL,86,-36,hit_taken
8477426,Nick Paul,L,TBL,36,40,hit_taken
8477426,Nick Paul,L,TBL,99,-1,hit_thrown
8477426,Nick Paul,L,TBL,35,-36,hit_thrown
8477426,Nick Paul,L,TBL,95,-23,hit_thrown
8477426,Nick Paul,L,TBL,87,-33,hit_thrown
8477426,Nick Paul,L,TBL,26,12,hit_thrown
8477426,Nick Paul,L,TBL,97,14,hit_thrown
8477426,Nick Paul,L,TBL,96,-14,hit_thrown
8477426,Nick Paul,L,TBL,86,33,hit_thrown
8477426,Nick Paul,L,TBL,49,39,hit_thrown
8477426,Nick Paul,L,TBL,88,-33,hit_thrown
8477426,Nick Paul,L,TBL,15,39,hit_thrown
8477426,Nick Paul,L,TBL,94,-20,hit_thrown
8477426,Nick Paul,L,TBL,92,32,hit_thrown
8477426,Nick Paul,L,TBL,77,-37,hit_thrown
8477426,Nick Paul,L,TBL,8,-41,hit_thrown
8477426,Nick Paul,L,TBL,44,38,hit_thrown
8477426,Nick Paul,L,TBL,10,28,takeaway_other
8477426,Nick Paul,L,TBL,2,-39,takeaway_other
8477446,Michael McCarron,R,NSH,80,-4,block_hd
8477446,Michael McCarron,R,NSH,76,-10,block_hd
8477446,Michael McCarron,R,NSH,68,15,block_non_hd
8477446,Michael McCarron,R,NSH,64,15,block_non_hd
8477446,Michael McCarron,R,NSH,65,-15,block_non_hd
8477446,Michael McCarron,R,NSH,62,7,block_non_hd
8477446,Michael McCarron,R,NSH,62,20,block_non_hd
8477446,Michael McCarron,R,NSH,69,22,dz_faceoff_win
8477446,Michael McCarron,R,NSH,69,22,dz_faceoff_win
8477446,Michael McCarron,R,NSH,69,22,dz_faceoff_win
8477446,Michael McCarron,R,NSH,69,-22,dz_faceoff_win
8477446,Michael McCarron,R,NSH,69,22,dz_faceoff_win
8477446,Michael McCarron,R,NSH,69,22,dz_faceoff_win
8477446,Michael McCarron,R,NSH,69,22,dz_faceoff_win
8477446,Michael McCarron,R,NSH,69,22,dz_faceoff_win
8477446,Michael McCarron,R,NSH,69,22,dz_faceoff_win
8477446,Michael McCarron,R,NSH,69,22,dz_faceoff_win
8477446,Michael McCarron,R,NSH,69,22,dz_faceoff_win
8477446,Michael McCarron,R,NSH,69,22,dz_faceoff_win
8477446,Michael McCarron,R,NSH,37,-37,hit_taken
8477446,Michael McCarron,R,NSH,76,40,hit_taken
8477446,Michael McCarron,R,NSH,98,6,hit_taken
8477446,Michael McCarron,R,NSH,23,41,hit_taken
8477446,Michael McCarron,R,NSH,85,37,hit_taken
8477446,Michael McCarron,R,NSH,55,2,hit_taken
8477446,Michael McCarron,R,NSH,75,39,hit_taken
8477446,Michael McCarron,R,NSH,91,10,hit_taken
8477446,Michael McCarron,R,NSH,6,-38,hit_taken
8477446,Michael McCarron,R,NSH,87,-34,hit_taken
8477446,Michael McCarron,R,NSH,82,37,hit_taken
8477446,Michael McCarron,R,NSH,79,-36,hit_taken
8477446,Michael McCarron,R,NSH,82,37,hit_taken
8477446,Michael McCarron,R,NSH,93,-15,hit_taken
8477446,Michael McCarron,R,NSH,35,-37,hit_taken
8477446,Michael McCarron,R,NSH,80,35,hit_taken
8477446,Michael McCarron,R,NSH,38,40,hit_taken
8477446,Michael McCarron,R,NSH,51,-38,hit_thrown
8477446,Michael McCarron,R,NSH,85,29,hit_thrown
8477446,Michael McCarron,R,NSH,94,24,hit_thrown
8477446,Michael McCarron,R,NSH,86,-34,hit_thrown
8477446,Michael McCarron,R,NSH,91,-30,hit_thrown
8477446,Michael McCarron,R,NSH,78,-34,hit_thrown
8477446,Michael McCarron,R,NSH,63,-39,hit_thrown
8477446,Michael McCarron,R,NSH,99,5,hit_thrown
8477446,Michael McCarron,R,NSH,99,13,hit_thrown
8477446,Michael McCarron,R,NSH,50,12,takeaway_other
8477446,Michael McCarron,R,NSH,35,35,takeaway_other
8477447,Shea Theodore,D,VGK,77,13,block_hd
8477447,Shea Theodore,D,VGK,71,-6,block_hd
8477447,Shea Theodore,D,VGK,73,-12,block_hd
8477447,Shea Theodore,D,VGK,73,14,block_hd
8477447,Shea Theodore,D,VGK,81,11,block_hd
8477447,Shea Theodore,D,VGK,61,25,block_non_hd
8477447,Shea Theodore,D,VGK,67,-5,block_non_hd
8477447,Shea Theodore,D,VGK,54,20,block_non_hd
8477447,Shea Theodore,D,VGK,85,32,block_non_hd
8477447,Shea Theodore,D,VGK,83,19,block_non_hd
8477447,Shea Theodore,D,VGK,58,13,block_non_hd
8477447,Shea Theodore,D,VGK,64,-3,block_non_hd
8477447,Shea Theodore,D,VGK,31,-41,hit_taken
8477447,Shea Theodore,D,VGK,91,-31,hit_taken
8477447,Shea Theodore,D,VGK,93,24,hit_taken
8477447,Shea Theodore,D,VGK,80,-39,hit_taken
8477447,Shea Theodore,D,VGK,78,38,hit_taken
8477447,Shea Theodore,D,VGK,67,-38,hit_taken
8477447,Shea Theodore,D,VGK,92,29,hit_taken
8477447,Shea Theodore,D,VGK,62,-41,hit_taken
8477447,Shea Theodore,D,VGK,88,34,hit_taken
8477447,Shea Theodore,D,VGK,92,25,hit_thrown
8477447,Shea Theodore,D,VGK,91,31,hit_thrown
8477447,Shea Theodore,D,VGK,87,15,takeaway_hd
8477447,Shea Theodore,D,VGK,23,-14,takeaway_other
8477447,Shea Theodore,D,VGK,82,36,takeaway_other
8477447,Shea Theodore,D,VGK,4,-20,takeaway_other
8477447,Shea Theodore,D,VGK,37,-25,takeaway_other
8477476,Artturi Lehkonen,L,COL,75,6,block_hd
8477476,Artturi Lehkonen,L,COL,78,-4,block_hd
8477476,Artturi Lehkonen,L,COL,58,-26,block_non_hd
8477476,Artturi Lehkonen,L,COL,34,-34,block_non_hd
8477476,Artturi Lehkonen,L,COL,53,30,block_non_hd
8477476,Artturi Lehkonen,L,COL,62,-9,block_non_hd
8477476,Artturi Lehkonen,L,COL,60,-1,block_non_hd
8477476,Artturi Lehkonen,L,COL,57,-18,block_non_hd
8477476,Artturi Lehkonen,L,COL,69,14,block_non_hd
8477476,Artturi Lehkonen,L,COL,38,-32,block_non_hd
8477476,Artturi Lehkonen,L,COL,65,15,block_non_hd
8477476,Artturi Lehkonen,L,COL,79,-2,crease_goal
8477476,Artturi Lehkonen,L,COL,69,22,dz_faceoff_win
8477476,Artturi Lehkonen,L,COL,29,-39,hit_taken
8477476,Artturi Lehkonen,L,COL,96,-9,hit_taken
8477476,Artturi Lehkonen,L,COL,97,-24,hit_taken
8477476,Artturi Lehkonen,L,COL,25,41,hit_taken
8477476,Artturi Lehkonen,L,COL,20,35,hit_taken
8477476,Artturi Lehkonen,L,COL,61,41,hit_taken
8477476,Artturi Lehkonen,L,COL,14,41,hit_taken
8477476,Artturi Lehkonen,L,COL,16,39,hit_taken
8477476,Artturi Lehkonen,L,COL,97,10,hit_taken
8477476,Artturi Lehkonen,L,COL,19,37,hit_taken
8477476,Artturi Lehkonen,L,COL,60,40,hit_taken
8477476,Artturi Lehkonen,L,COL,62,41,hit_taken
8477476,Artturi Lehkonen,L,COL,97,-13,hit_taken
8477476,Artturi Lehkonen,L,COL,80,39,hit_taken
8477476,Artturi Lehkonen,L,COL,89,-33,hit_taken
8477476,Artturi Lehkonen,L,COL,24,15,hit_taken
8477476,Artturi Lehkonen,L,COL,89,-34,hit_taken
8477476,Artturi Lehkonen,L,COL,81,-4,hit_taken
8477476,Artturi Lehkonen,L,COL,52,41,hit_taken
8477476,Artturi Lehkonen,L,COL,63,-40,hit_taken
8477476,Artturi Lehkonen,L,COL,62,-37,hit_thrown
8477476,Artturi Lehkonen,L,COL,91,30,hit_thrown
8477476,Artturi Lehkonen,L,COL,97,-19,hit_thrown
8477476,Artturi Lehkonen,L,COL,12,-41,hit_thrown
8477476,Artturi Lehkonen,L,COL,91,28,hit_thrown
8477476,Artturi Lehkonen,L,COL,23,-40,hit_thrown
8477476,Artturi Lehkonen,L,COL,87,34,hit_thrown
8477476,Artturi Lehkonen,L,COL,69,41,hit_thrown
8477476,Artturi Lehkonen,L,COL,13,40,hit_thrown
8477476,Artturi Lehkonen,L,COL,83,-38,hit_thrown
8477476,Artturi Lehkonen,L,COL,86,-36,hit_thrown
8477476,Artturi Lehkonen,L,COL,42,40,hit_thrown
8477476,Artturi Lehkonen,L,COL,92,-32,hit_thrown
8477476,Artturi Lehkonen,L,COL,94,28,hit_thrown
8477476,Artturi Lehkonen,L,COL,78,39,hit_thrown
8477476,Artturi Lehkonen,L,COL,79,38,hit_thrown
8477476,Artturi Lehkonen,L,COL,40,-40,hit_thrown
8477476,Artturi Lehkonen,L,COL,97,17,hit_thrown
8477476,Artturi Lehkonen,L,COL,33,39,hit_thrown
8477476,Artturi Lehkonen,L,COL,97,-19,hit_thrown
8477476,Artturi Lehkonen,L,COL,87,31,hit_thrown
8477476,Artturi Lehkonen,L,COL,97,-7,hit_thrown
8477476,Artturi Lehkonen,L,COL,90,33,hit_thrown
8477476,Artturi Lehkonen,L,COL,61,7,hit_thrown
8477476,Artturi Lehkonen,L,COL,98,0,hit_thrown
8477476,Artturi Lehkonen,L,COL,6,22,hit_thrown
8477476,Artturi Lehkonen,L,COL,98,-19,hit_thrown
8477476,Artturi Lehkonen,L,COL,23,-40,hit_thrown
8477476,Artturi Lehkonen,L,COL,98,-6,takeaway_hd
8477476,Artturi Lehkonen,L,COL,38,-10,takeaway_other
8477476,Artturi Lehkonen,L,COL,54,-17,takeaway_other
8477476,Artturi Lehkonen,L,COL,75,-35,takeaway_other
8477476,Artturi Lehkonen,L,COL,35,11,takeaway_other
8477478,William Carrier,L,VGK,79,1,block_hd
8477478,William Carrier,L,VGK,52,-3,block_non_hd
8477478,William Carrier,L,VGK,46,12,block_non_hd
8477478,William Carrier,L,VGK,90,-5,crease_goal
8477478,William Carrier,L,VGK,80,39,hit_taken
8477478,William Carrier,L,VGK,45,-40,hit_taken
8477478,William Carrier,L,VGK,90,-33,hit_taken
8477478,William Carrier,L,VGK,83,38,hit_taken
8477478,William Carrier,L,VGK,69,40,hit_taken
8477478,William Carrier,L,VGK,89,-20,hit_taken
8477478,William Carrier,L,VGK,45,-40,hit_taken
8477478,William Carrier,L,VGK,96,25,hit_taken
8477478,William Carrier,L,VGK,7,-35,hit_taken
8477478,William Carrier,L,VGK,6,40,hit_thrown
8477478,William Carrier,L,VGK,63,41,hit_thrown
8477478,William Carrier,L,VGK,8,-40,hit_thrown
8477478,William Carrier,L,VGK,77,-38,hit_thrown
8477478,William Carrier,L,VGK,88,36,hit_thrown
8477478,William Carrier,L,VGK,16,-39,hit_thrown
8477478,William Carrier,L,VGK,97,7,hit_thrown
8477478,William Carrier,L,VGK,78,-37,hit_thrown
8477478,William Carrier,L,VGK,85,36,hit_thrown
8477478,William Carrier,L,VGK,81,39,hit_thrown
8477478,William Carrier,L,VGK,86,-37,hit_thrown
8477478,William Carrier,L,VGK,87,-35,hit_thrown
8477478,William Carrier,L,VGK,97,0,hit_thrown
8477478,William Carrier,L,VGK,9,-40,hit_thrown
8477478,William Carrier,L,VGK,99,0,hit_thrown
8477478,William Carrier,L,VGK,95,-21,hit_thrown
8477478,William Carrier,L,VGK,22,17,hit_thrown
8477478,William Carrier,L,VGK,98,-19,hit_thrown
8477478,William Carrier,L,VGK,84,37,hit_thrown
8477478,William Carrier,L,VGK,92,-28,hit_thrown
8477478,William Carrier,L,VGK,97,-9,hit_thrown
8477478,William Carrier,L,VGK,52,42,hit_thrown
8477478,William Carrier,L,VGK,99,3,hit_thrown
8477478,William Carrier,L,VGK,89,30,hit_thrown
8477478,William Carrier,L,VGK,81,38,hit_thrown
8477478,William Carrier,L,VGK,65,-39,hit_thrown
8477478,William Carrier,L,VGK,93,29,hit_thrown
8477478,William Carrier,L,VGK,92,-28,hit_thrown
8477478,William Carrier,L,VGK,88,-35,hit_thrown
8477478,William Carrier,L,VGK,1,41,hit_thrown
8477478,William Carrier,L,VGK,3,-39,hit_thrown
8477478,William Carrier,L,VGK,96,4,hit_thrown
8477478,William Carrier,L,VGK,71,-40,hit_thrown
8477478,William Carrier,L,VGK,5,-34,takeaway_other
8477478,William Carrier,L,VGK,57,-31,takeaway_other
8477479,Tyler Bertuzzi,L,TOR,78,6,block_hd
8477479,Tyler Bertuzzi,L,TOR,81,-4,block_hd
8477479,Tyler Bertuzzi,L,TOR,81,6,block_hd
8477479,Tyler Bertuzzi,L,TOR,58,-15,block_non_hd
8477479,Tyler Bertuzzi,L,TOR,65,-11,block_non_hd
8477479,Tyler Bertuzzi,L,TOR,88,-19,block_non_hd
8477479,Tyler Bertuzzi,L,TOR,19,10,hit_taken
8477479,Tyler Bertuzzi,L,TOR,23,-14,hit_taken
8477479,Tyler Bertuzzi,L,TOR,40,41,hit_taken
8477479,Tyler Bertuzzi,L,TOR,10,-40,hit_taken
8477479,Tyler Bertuzzi,L,TOR,5,37,hit_taken
8477479,Tyler Bertuzzi,L,TOR,55,39,hit_taken
8477479,Tyler Bertuzzi,L,TOR,73,-40,hit_taken
8477479,Tyler Bertuzzi,L,TOR,48,-39,hit_taken
8477479,Tyler Bertuzzi,L,TOR,38,-37,hit_taken
8477479,Tyler Bertuzzi,L,TOR,15,-35,hit_taken
8477479,Tyler Bertuzzi,L,TOR,72,-37,hit_taken
8477479,Tyler Bertuzzi,L,TOR,52,39,hit_taken
8477479,Tyler Bertuzzi,L,TOR,56,-40,hit_taken
8477479,Tyler Bertuzzi,L,TOR,90,-30,hit_taken
8477479,Tyler Bertuzzi,L,TOR,84,-35,hit_taken
8477479,Tyler Bertuzzi,L,TOR,54,38,hit_taken
8477479,Tyler Bertuzzi,L,TOR,95,16,hit_taken
8477479,Tyler Bertuzzi,L,TOR,2,41,hit_taken
8477479,Tyler Bertuzzi,L,TOR,60,-38,hit_taken
8477479,Tyler Bertuzzi,L,TOR,85,34,hit_thrown
8477479,Tyler Bertuzzi,L,TOR,98,-24,hit_thrown
8477479,Tyler Bertuzzi,L,TOR,61,41,hit_thrown
8477479,Tyler Bertuzzi,L,TOR,94,-17,hit_thrown
8477479,Tyler Bertuzzi,L,TOR,12,-38,hit_thrown
8477479,Tyler Bertuzzi,L,TOR,51,39,hit_thrown
8477479,Tyler Bertuzzi,L,TOR,44,37,hit_thrown
8477479,Tyler Bertuzzi,L,TOR,79,35,hit_thrown
8477479,Tyler Bertuzzi,L,TOR,30,-16,hit_thrown
8477479,Tyler Bertuzzi,L,TOR,20,38,hit_thrown
8477479,Tyler Bertuzzi,L,TOR,99,-6,hit_thrown
8477479,Tyler Bertuzzi,L,TOR,32,-39,hit_thrown
8477479,Tyler Bertuzzi,L,TOR,97,4,hit_thrown
8477479,Tyler Bertuzzi,L,TOR,79,-28,hit_thrown
8477479,Tyler Bertuzzi,L,TOR,58,38,hit_thrown
8477479,Tyler Bertuzzi,L,TOR,95,-26,hit_thrown
8477479,Tyler Bertuzzi,L,TOR,98,12,hit_thrown
8477479,Tyler Bertuzzi,L,TOR,99,19,hit_thrown
8477479,Tyler Bertuzzi,L,TOR,85,-38,hit_thrown
8477479,Tyler Bertuzzi,L,TOR,54,41,hit_thrown
8477479,Tyler Bertuzzi,L,TOR,97,-16,hit_thrown
8477479,Tyler Bertuzzi,L,TOR,88,-33,hit_thrown
8477479,Tyler Bertuzzi,L,TOR,45,5,takeaway_other
8477479,Tyler Bertuzzi,L,TOR,16,-37,takeaway_other
8477488,Brett Pesce,D,CAR,78,-3,block_hd
8477488,Brett Pesce,D,CAR,83,7,block_hd
8477488,Brett Pesce,D,CAR,81,-27,block_non_hd
8477488,Brett Pesce,D,CAR,88,35,hit_taken
8477488,Brett Pesce,D,CAR,42,-42,hit_taken
8477488,Brett Pesce,D,CAR,39,-37,hit_thrown
8477488,Brett Pesce,D,CAR,0,42,hit_thrown
8477492,Nathan MacKinnon,C,COL,72,-7,block_hd
8477492,Nathan MacKinnon,C,COL,70,-1,block_hd
8477492,Nathan MacKinnon,C,COL,72,1,block_hd
8477492,Nathan MacKinnon,C,COL,70,-16,block_hd
8477492,Nathan MacKinnon,C,COL,83,8,block_hd
8477492,Nathan MacKinnon,C,COL,70,-11,block_hd
8477492,Nathan MacKinnon,C,COL,45,-16,block_non_hd
8477492,Nathan MacKinnon,C,COL,68,17,block_non_hd
8477492,Nathan MacKinnon,C,COL,63,25,block_non_hd
8477492,Nathan MacKinnon,C,COL,51,-16,block_non_hd
8477492,Nathan MacKinnon,C,COL,64,-10,block_non_hd
8477492,Nathan MacKinnon,C,COL,67,-19,block_non_hd
8477492,Nathan MacKinnon,C,COL,66,21,block_non_hd
8477492,Nathan MacKinnon,C,COL,69,-22,dz_faceoff_win
8477492,Nathan MacKinnon,C,COL,69,22,dz_faceoff_win
8477492,Nathan MacKinnon,C,COL,69,22,dz_faceoff_win
8477492,Nathan MacKinnon,C,COL,69,-22,dz_faceoff_win
8477492,Nathan MacKinnon,C,COL,69,22,dz_faceoff_win
8477492,Nathan MacKinnon,C,COL,69,22,dz_faceoff_win
8477492,Nathan MacKinnon,C,COL,69,-22,dz_faceoff_win
8477492,Nathan MacKinnon,C,COL,69,-22,dz_faceoff_win
8477492,Nathan MacKinnon,C,COL,69,22,dz_faceoff_win
8477492,Nathan MacKinnon,C,COL,69,22,dz_faceoff_win
8477492,Nathan MacKinnon,C,COL,69,22,dz_faceoff_win
8477492,Nathan MacKinnon,C,COL,69,22,dz_faceoff_win
8477492,Nathan MacKinnon,C,COL,69,-22,dz_faceoff_win
8477492,Nathan MacKinnon,C,COL,69,22,dz_faceoff_win
8477492,Nathan MacKinnon,C,COL,69,22,dz_faceoff_win
8477492,Nathan MacKinnon,C,COL,69,22,dz_faceoff_win
8477492,Nathan MacKinnon,C,COL,69,22,dz_faceoff_win
8477492,Nathan MacKinnon,C,COL,69,22,dz_faceoff_win
8477492,Nathan MacKinnon,C,COL,69,22,dz_faceoff_win
8477492,Nathan MacKinnon,C,COL,69,22,dz_faceoff_win
8477492,Nathan MacKinnon,C,COL,69,22,dz_faceoff_win
8477492,Nathan MacKinnon,C,COL,69,-22,dz_faceoff_win
8477492,Nathan MacKinnon,C,COL,69,-22,dz_faceoff_win
8477492,Nathan MacKinnon,C,COL,85,-36,hit_taken
8477492,Nathan MacKinnon,C,COL,94,-27,hit_taken
8477492,Nathan MacKinnon,C,COL,36,40,hit_taken
8477492,Nathan MacKinnon,C,COL,62,38,hit_taken
8477492,Nathan MacKinnon,C,COL,50,38,hit_taken
8477492,Nathan MacKinnon,C,COL,71,37,hit_taken
8477492,Nathan MacKinnon,C,COL,97,-7,hit_taken
8477492,Nathan MacKinnon,C,COL,4,-41,hit_taken
8477492,Nathan MacKinnon,C,COL,46,39,hit_taken
8477492,Nathan MacKinnon,C,COL,91,-32,hit_taken
8477492,Nathan MacKinnon,C,COL,56,-39,hit_taken
8477492,Nathan MacKinnon,C,COL,90,-30,hit_taken
8477492,Nathan MacKinnon,C,COL,51,41,hit_taken
8477492,Nathan MacKinnon,C,COL,98,-17,hit_taken
8477492,Nathan MacKinnon,C,COL,55,39,hit_taken
8477492,Nathan MacKinnon,C,COL,76,-39,hit_taken
8477492,Nathan MacKinnon,C,COL,98,-2,hit_thrown
8477492,Nathan MacKinnon,C,COL,94,-28,hit_thrown
8477492,Nathan MacKinnon,C,COL,26,38,hit_thrown
8477492,Nathan MacKinnon,C,COL,83,36,hit_thrown
8477492,Nathan MacKinnon,C,COL,36,-38,hit_thrown
8477492,Nathan MacKinnon,C,COL,75,-40,hit_thrown
8477492,Nathan MacKinnon,C,COL,83,17,hit_thrown
8477492,Nathan MacKinnon,C,COL,74,23,hit_thrown
8477492,Nathan MacKinnon,C,COL,91,14,takeaway_hd
8477492,Nathan MacKinnon,C,COL,42,41,takeaway_other
8477492,Nathan MacKinnon,C,COL,59,-40,takeaway_other
8477492,Nathan MacKinnon,C,COL,31,0,takeaway_other
8477492,Nathan MacKinnon,C,COL,16,6,takeaway_other
8477492,Nathan MacKinnon,C,COL,61,-12,takeaway_other
8477492,Nathan MacKinnon,C,COL,36,-19,takeaway_other
8477492,Nathan MacKinnon,C,COL,72,-33,takeaway_other
8477492,Nathan MacKinnon,C,COL,50,25,takeaway_other
8477493,Aleksander Barkov,C,FLA,82,-4,block_hd
8477493,Aleksander Barkov,C,FLA,74,5,block_hd
8477493,Aleksander Barkov,C,FLA,77,8,block_hd
8477493,Aleksander Barkov,C,FLA,77,10,block_hd
8477493,Aleksander Barkov,C,FLA,82,-4,block_hd
8477493,Aleksander Barkov,C,FLA,77,-5,block_hd
8477493,Aleksander Barkov,C,FLA,81,-6,block_hd
8477493,Aleksander Barkov,C,FLA,72,7,block_hd
8477493,Aleksander Barkov,C,FLA,82,-15,block_hd
8477493,Aleksander Barkov,C,FLA,80,-6,block_hd
8477493,Aleksander Barkov,C,FLA,76,-5,block_hd
8477493,Aleksander Barkov,C,FLA,82,7,block_hd
8477493,Aleksander Barkov,C,FLA,74,-13,block_hd
8477493,Aleksander Barkov,C,FLA,36,12,block_non_hd
8477493,Aleksander Barkov,C,FLA,61,-18,block_non_hd
8477493,Aleksander Barkov,C,FLA,39,-6,block_non_hd
8477493,Aleksander Barkov,C,FLA,50,-32,block_non_hd
8477493,Aleksander Barkov,C,FLA,74,19,block_non_hd
8477493,Aleksander Barkov,C,FLA,39,23,block_non_hd
8477493,Aleksander Barkov,C,FLA,69,13,block_non_hd
8477493,Aleksander Barkov,C,FLA,65,16,block_non_hd
8477493,Aleksander Barkov,C,FLA,66,-3,block_non_hd
8477493,Aleksander Barkov,C,FLA,41,-9,block_non_hd
8477493,Aleksander Barkov,C,FLA,60,-1,block_non_hd
8477493,Aleksander Barkov,C,FLA,45,28,block_non_hd
8477493,Aleksander Barkov,C,FLA,67,-24,block_non_hd
8477493,Aleksander Barkov,C,FLA,56,4,block_non_hd
8477493,Aleksander Barkov,C,FLA,58,-26,block_non_hd
8477493,Aleksander Barkov,C,FLA,61,-13,block_non_hd
8477493,Aleksander Barkov,C,FLA,64,-16,block_non_hd
8477493,Aleksander Barkov,C,FLA,82,-7,crease_goal
8477493,Aleksander Barkov,C,FLA,81,3,crease_goal
8477493,Aleksander Barkov,C,FLA,79,2,crease_goal
8477493,Aleksander Barkov,C,FLA,82,-2,crease_goal
8477493,Aleksander Barkov,C,FLA,83,0,crease_goal
8477493,Aleksander Barkov,C,FLA,69,-22,dz_faceoff_win
8477493,Aleksander Barkov,C,FLA,69,-22,dz_faceoff_win
8477493,Aleksander Barkov,C,FLA,69,-22,dz_faceoff_win
8477493,Aleksander Barkov,C,FLA,69,-22,dz_faceoff_win
8477493,Aleksander Barkov,C,FLA,69,-22,dz_faceoff_win
8477493,Aleksander Barkov,C,FLA,69,-22,dz_faceoff_win
8477493,Aleksander Barkov,C,FLA,69,22,dz_faceoff_win
8477493,Aleksander Barkov,C,FLA,69,-22,dz_faceoff_win
8477493,Aleksander Barkov,C,FLA,69,-22,dz_faceoff_win
8477493,Aleksander Barkov,C,FLA,69,-22,dz_faceoff_win
8477493,Aleksander Barkov,C,FLA,69,-22,dz_faceoff_win
8477493,Aleksander Barkov,C,FLA,69,-22,dz_faceoff_win
8477493,Aleksander Barkov,C,FLA,69,-22,dz_faceoff_win
8477493,Aleksander Barkov,C,FLA,69,-22,dz_faceoff_win
8477493,Aleksander Barkov,C,FLA,69,-22,dz_faceoff_win
8477493,Aleksander Barkov,C,FLA,69,-22,dz_faceoff_win
8477493,Aleksander Barkov,C,FLA,69,22,dz_faceoff_win
8477493,Aleksander Barkov,C,FLA,69,-22,dz_faceoff_win
8477493,Aleksander Barkov,C,FLA,69,-22,dz_faceoff_win
8477493,Aleksander Barkov,C,FLA,69,-22,dz_faceoff_win
8477493,Aleksander Barkov,C,FLA,69,22,dz_faceoff_win
8477493,Aleksander Barkov,C,FLA,69,-22,dz_faceoff_win
8477493,Aleksander Barkov,C,FLA,69,-22,dz_faceoff_win
8477493,Aleksander Barkov,C,FLA,69,22,dz_faceoff_win
8477493,Aleksander Barkov,C,FLA,69,22,dz_faceoff_win
8477493,Aleksander Barkov,C,FLA,69,-22,dz_faceoff_win
8477493,Aleksander Barkov,C,FLA,69,-22,dz_faceoff_win
8477493,Aleksander Barkov,C,FLA,69,-22,dz_faceoff_win
8477493,Aleksander Barkov,C,FLA,69,-22,dz_faceoff_win
8477493,Aleksander Barkov,C,FLA,69,22,dz_faceoff_win
8477493,Aleksander Barkov,C,FLA,69,-22,dz_faceoff_win
8477493,Aleksander Barkov,C,FLA,69,-22,dz_faceoff_win
8477493,Aleksander Barkov,C,FLA,69,-22,dz_faceoff_win
8477493,Aleksander Barkov,C,FLA,69,-22,dz_faceoff_win
8477493,Aleksander Barkov,C,FLA,69,-22,dz_faceoff_win
8477493,Aleksander Barkov,C,FLA,69,-22,dz_faceoff_win
8477493,Aleksander Barkov,C,FLA,69,-22,dz_faceoff_win
8477493,Aleksander Barkov,C,FLA,69,-22,dz_faceoff_win
8477493,Aleksander Barkov,C,FLA,69,-22,dz_faceoff_win
8477493,Aleksander Barkov,C,FLA,69,22,dz_faceoff_win
8477493,Aleksander Barkov,C,FLA,69,22,dz_faceoff_win
8477493,Aleksander Barkov,C,FLA,69,-22,dz_faceoff_win
8477493,Aleksander Barkov,C,FLA,69,-22,dz_faceoff_win
8477493,Aleksander Barkov,C,FLA,69,22,dz_faceoff_win
8477493,Aleksander Barkov,C,FLA,69,-22,dz_faceoff_win
8477493,Aleksander Barkov,C,FLA,69,-22,dz_faceoff_win
8477493,Aleksander Barkov,C,FLA,69,-22,dz_faceoff_win
8477493,Aleksander Barkov,C,FLA,69,-22,dz_faceoff_win
8477493,Aleksander Barkov,C,FLA,69,-22,dz_faceoff_win
8477493,Aleksander Barkov,C,FLA,69,-22,dz_faceoff_win
8477493,Aleksander Barkov,C,FLA,69,-22,dz_faceoff_win
8477493,Aleksander Barkov,C,FLA,69,-22,dz_faceoff_win
8477493,Aleksander Barkov,C,FLA,69,-22,dz_faceoff_win
8477493,Aleksander Barkov,C,FLA,69,-22,dz_faceoff_win
8477493,Aleksander Barkov,C,FLA,69,-22,dz_faceoff_win
8477493,Aleksander Barkov,C,FLA,69,-22,dz_faceoff_win
8477493,Aleksander Barkov,C,FLA,69,-22,dz_faceoff_win
8477493,Aleksander Barkov,C,FLA,69,-22,dz_faceoff_win
8477493,Aleksander Barkov,C,FLA,69,-22,dz_faceoff_win
8477493,Aleksander Barkov,C,FLA,69,-22,dz_faceoff_win
8477493,Aleksander Barkov,C,FLA,69,-22,dz_faceoff_win
8477493,Aleksander Barkov,C,FLA,69,-22,dz_faceoff_win
8477493,Aleksander Barkov,C,FLA,69,-22,dz_faceoff_win
8477493,Aleksander Barkov,C,FLA,69,-22,dz_faceoff_win
8477493,Aleksander Barkov,C,FLA,69,-22,dz_faceoff_win
8477493,Aleksander Barkov,C,FLA,69,-22,dz_faceoff_win
8477493,Aleksander Barkov,C,FLA,69,-22,dz_faceoff_win
8477493,Aleksander Barkov,C,FLA,69,-22,dz_faceoff_win
8477493,Aleksander Barkov,C,FLA,69,-22,dz_faceoff_win
8477493,Aleksander Barkov,C,FLA,96,-10,hit_taken
8477493,Aleksander Barkov,C,FLA,13,-38,hit_taken
8477493,Aleksander Barkov,C,FLA,88,31,hit_taken
8477493,Aleksander Barkov,C,FLA,96,6,hit_taken
8477493,Aleksander Barkov,C,FLA,95,1,hit_taken
8477493,Aleksander Barkov,C,FLA,1,37,hit_taken
8477493,Aleksander Barkov,C,FLA,96,-18,hit_taken
8477493,Aleksander Barkov,C,FLA,88,21,hit_taken
8477493,Aleksander Barkov,C,FLA,46,40,hit_taken
8477493,Aleksander Barkov,C,FLA,44,40,hit_taken
8477493,Aleksander Barkov,C,FLA,79,-39,hit_taken
8477493,Aleksander Barkov,C,FLA,88,32,hit_taken
8477493,Aleksander Barkov,C,FLA,86,33,hit_taken
8477493,Aleksander Barkov,C,FLA,88,30,hit_taken
8477493,Aleksander Barkov,C,FLA,94,-20,hit_taken
8477493,Aleksander Barkov,C,FLA,56,-39,hit_taken
8477493,Aleksander Barkov,C,FLA,74,39,hit_taken
8477493,Aleksander Barkov,C,FLA,19,22,hit_taken
8477493,Aleksander Barkov,C,FLA,6,-39,hit_taken
8477493,Aleksander Barkov,C,FLA,53,39,hit_taken
8477493,Aleksander Barkov,C,FLA,71,39,hit_taken
8477493,Aleksander Barkov,C,FLA,95,-21,hit_taken
8477493,Aleksander Barkov,C,FLA,96,-3,hit_taken
8477493,Aleksander Barkov,C,FLA,20,37,hit_taken
8477493,Aleksander Barkov,C,FLA,89,-27,hit_taken
8477493,Aleksander Barkov,C,FLA,88,-33,hit_taken
8477493,Aleksander Barkov,C,FLA,77,-38,hit_taken
8477493,Aleksander Barkov,C,FLA,65,39,hit_taken
8477493,Aleksander Barkov,C,FLA,88,35,hit_taken
8477493,Aleksander Barkov,C,FLA,82,39,hit_taken
8477493,Aleksander Barkov,C,FLA,96,-11,hit_taken
8477493,Aleksander Barkov,C,FLA,93,25,hit_taken
8477493,Aleksander Barkov,C,FLA,40,37,hit_taken
8477493,Aleksander Barkov,C,FLA,85,-32,hit_taken
8477493,Aleksander Barkov,C,FLA,12,30,hit_taken
8477493,Aleksander Barkov,C,FLA,70,-39,hit_taken
8477493,Aleksander Barkov,C,FLA,94,29,hit_taken
8477493,Aleksander Barkov,C,FLA,54,38,hit_taken
8477493,Aleksander Barkov,C,FLA,93,-30,hit_taken
8477493,Aleksander Barkov,C,FLA,14,39,hit_taken
8477493,Aleksander Barkov,C,FLA,95,-16,hit_taken
8477493,Aleksander Barkov,C,FLA,23,40,hit_taken
8477493,Aleksander Barkov,C,FLA,20,-28,hit_taken
8477493,Aleksander Barkov,C,FLA,74,38,hit_taken
8477493,Aleksander Barkov,C,FLA,98,-19,hit_taken
8477493,Aleksander Barkov,C,FLA,90,-28,hit_taken
8477493,Aleksander Barkov,C,FLA,66,34,hit_taken
8477493,Aleksander Barkov,C,FLA,69,40,hit_taken
8477493,Aleksander Barkov,C,FLA,57,38,hit_taken
8477493,Aleksander Barkov,C,FLA,51,37,hit_taken
8477493,Aleksander Barkov,C,FLA,93,-23,hit_taken
8477493,Aleksander Barkov,C,FLA,77,38,hit_taken
8477493,Aleksander Barkov,C,FLA,93,-24,hit_taken
8477493,Aleksander Barkov,C,FLA,83,36,hit_thrown
8477493,Aleksander Barkov,C,FLA,98,10,hit_thrown
8477493,Aleksander Barkov,C,FLA,64,-41,hit_thrown
8477493,Aleksander Barkov,C,FLA,31,21,hit_thrown
8477493,Aleksander Barkov,C,FLA,33,39,hit_thrown
8477493,Aleksander Barkov,C,FLA,96,-15,hit_thrown
8477493,Aleksander Barkov,C,FLA,98,-5,hit_thrown
8477493,Aleksander Barkov,C,FLA,97,-7,hit_thrown
8477493,Aleksander Barkov,C,FLA,83,38,hit_thrown
8477493,Aleksander Barkov,C,FLA,54,38,hit_thrown
8477493,Aleksander Barkov,C,FLA,48,-40,hit_thrown
8477493,Aleksander Barkov,C,FLA,73,37,hit_thrown
8477493,Aleksander Barkov,C,FLA,97,-3,hit_thrown
8477493,Aleksander Barkov,C,FLA,88,-33,hit_thrown
8477493,Aleksander Barkov,C,FLA,96,-14,hit_thrown
8477493,Aleksander Barkov,C,FLA,78,-39,hit_thrown
8477493,Aleksander Barkov,C,FLA,68,40,hit_thrown
8477493,Aleksander Barkov,C,FLA,27,-38,hit_thrown
8477493,Aleksander Barkov,C,FLA,93,24,hit_thrown
8477493,Aleksander Barkov,C,FLA,52,-39,hit_thrown
8477493,Aleksander Barkov,C,FLA,59,38,hit_thrown
8477493,Aleksander Barkov,C,FLA,63,-39,hit_thrown
8477493,Aleksander Barkov,C,FLA,83,-34,hit_thrown
8477493,Aleksander Barkov,C,FLA,90,-22,hit_thrown
8477493,Aleksander Barkov,C,FLA,95,27,hit_thrown
8477493,Aleksander Barkov,C,FLA,91,28,hit_thrown
8477493,Aleksander Barkov,C,FLA,82,31,hit_thrown
8477493,Aleksander Barkov,C,FLA,98,-9,hit_thrown
8477493,Aleksander Barkov,C,FLA,97,17,hit_thrown
8477493,Aleksander Barkov,C,FLA,60,-40,hit_thrown
8477493,Aleksander Barkov,C,FLA,5,37,hit_thrown
8477493,Aleksander Barkov,C,FLA,91,26,hit_thrown
8477493,Aleksander Barkov,C,FLA,9,-40,hit_thrown
8477493,Aleksander Barkov,C,FLA,97,-4,hit_thrown
8477493,Aleksander Barkov,C,FLA,95,6,hit_thrown
8477493,Aleksander Barkov,C,FLA,96,-8,hit_thrown
8477493,Aleksander Barkov,C,FLA,6,38,hit_thrown
8477493,Aleksander Barkov,C,FLA,92,-27,hit_thrown
8477493,Aleksander Barkov,C,FLA,49,36,hit_thrown
8477493,Aleksander Barkov,C,FLA,60,-40,hit_thrown
8477493,Aleksander Barkov,C,FLA,98,-17,hit_thrown
8477493,Aleksander Barkov,C,FLA,96,7,hit_thrown
8477493,Aleksander Barkov,C,FLA,39,39,hit_thrown
8477493,Aleksander Barkov,C,FLA,97,20,hit_thrown
8477493,Aleksander Barkov,C,FLA,85,33,hit_thrown
8477493,Aleksander Barkov,C,FLA,96,15,hit_thrown
8477493,Aleksander Barkov,C,FLA,83,-36,hit_thrown
8477493,Aleksander Barkov,C,FLA,51,-40,hit_thrown
8477493,Aleksander Barkov,C,FLA,9,38,hit_thrown
8477493,Aleksander Barkov,C,FLA,66,40,hit_thrown
8477493,Aleksander Barkov,C,FLA,46,-35,hit_thrown
8477493,Aleksander Barkov,C,FLA,92,-26,hit_thrown
8477493,Aleksander Barkov,C,FLA,81,10,takeaway_hd
8477493,Aleksander Barkov,C,FLA,81,-8,takeaway_hd
8477493,Aleksander Barkov,C,FLA,99,3,takeaway_hd
8477493,Aleksander Barkov,C,FLA,99,-3,takeaway_hd
8477493,Aleksander Barkov,C,FLA,95,-16,takeaway_hd
8477493,Aleksander Barkov,C,FLA,97,6,takeaway_hd
8477493,Aleksander Barkov,C,FLA,99,12,takeaway_hd
8477493,Aleksander Barkov,C,FLA,76,6,takeaway_hd
8477493,Aleksander Barkov,C,FLA,6,1,takeaway_other
8477493,Aleksander Barkov,C,FLA,63,-3,takeaway_other
8477493,Aleksander Barkov,C,FLA,51,-25,takeaway_other
8477493,Aleksander Barkov,C,FLA,69,-40,takeaway_other
8477493,Aleksander Barkov,C,FLA,49,13,takeaway_other
8477493,Aleksander Barkov,C,FLA,37,-9,takeaway_other
8477493,Aleksander Barkov,C,FLA,33,24,takeaway_other
8477493,Aleksander Barkov,C,FLA,35,3,takeaway_other
8477493,Aleksander Barkov,C,FLA,86,30,takeaway_other
8477493,Aleksander Barkov,C,FLA,91,-31,takeaway_other
8477493,Aleksander Barkov,C,FLA,18,-36,takeaway_other
8477493,Aleksander Barkov,C,FLA,49,-37,takeaway_other
8477493,Aleksander Barkov,C,FLA,85,-31,takeaway_other
8477493,Aleksander Barkov,C,FLA,19,20,takeaway_other
8477493,Aleksander Barkov,C,FLA,33,29,takeaway_other
8477493,Aleksander Barkov,C,FLA,54,-13,takeaway_other
8477493,Aleksander Barkov,C,FLA,54,1,takeaway_other
8477493,Aleksander Barkov,C,FLA,37,-18,takeaway_other
8477493,Aleksander Barkov,C,FLA,69,-35,takeaway_other
8477493,Aleksander Barkov,C,FLA,19,15,takeaway_other
8477493,Aleksander Barkov,C,FLA,3,25,takeaway_other
8477493,Aleksander Barkov,C,FLA,45,-31,takeaway_other
8477493,Aleksander Barkov,C,FLA,82,25,takeaway_other
8477493,Aleksander Barkov,C,FLA,52,29,takeaway_other
8477493,Aleksander Barkov,C,FLA,64,11,takeaway_other
8477493,Aleksander Barkov,C,FLA,82,23,takeaway_other
8477494,Jonathan Drouin,L,COL,67,23,block_non_hd
8477494,Jonathan Drouin,L,COL,1,-38,hit_taken
8477494,Jonathan Drouin,L,COL,95,-24,hit_taken
8477494,Jonathan Drouin,L,COL,13,41,hit_thrown
8477494,Jonathan Drouin,L,COL,3,41,hit_thrown
8477494,Jonathan Drouin,L,COL,43,-40,hit_thrown
8477494,Jonathan Drouin,L,COL,60,-41,hit_thrown
8477494,Jonathan Drouin,L,COL,2,-40,hit_thrown
8477494,Jonathan Drouin,L,COL,98,-16,hit_thrown
8477494,Jonathan Drouin,L,COL,22,37,takeaway_other
8477494,Jonathan Drouin,L,COL,21,16,takeaway_other
8477496,Elias Lindholm,C,VAN,81,-5,block_hd
8477496,Elias Lindholm,C,VAN,77,0,block_hd
8477496,Elias Lindholm,C,VAN,72,-4,block_hd
8477496,Elias Lindholm,C,VAN,70,-2,block_hd
8477496,Elias Lindholm,C,VAN,78,-1,block_hd
8477496,Elias Lindholm,C,VAN,78,7,block_hd
8477496,Elias Lindholm,C,VAN,80,9,block_hd
8477496,Elias Lindholm,C,VAN,47,0,block_non_hd
8477496,Elias Lindholm,C,VAN,45,20,block_non_hd
8477496,Elias Lindholm,C,VAN,38,-12,block_non_hd
8477496,Elias Lindholm,C,VAN,69,-5,block_non_hd
8477496,Elias Lindholm,C,VAN,59,-16,block_non_hd
8477496,Elias Lindholm,C,VAN,54,16,block_non_hd
8477496,Elias Lindholm,C,VAN,60,-13,block_non_hd
8477496,Elias Lindholm,C,VAN,66,-24,block_non_hd
8477496,Elias Lindholm,C,VAN,66,-8,block_non_hd
8477496,Elias Lindholm,C,VAN,56,-27,block_non_hd
8477496,Elias Lindholm,C,VAN,37,31,block_non_hd
8477496,Elias Lindholm,C,VAN,67,-16,block_non_hd
8477496,Elias Lindholm,C,VAN,78,-4,crease_goal
8477496,Elias Lindholm,C,VAN,90,-7,crease_goal
8477496,Elias Lindholm,C,VAN,82,2,crease_goal
8477496,Elias Lindholm,C,VAN,69,22,dz_faceoff_win
8477496,Elias Lindholm,C,VAN,69,22,dz_faceoff_win
8477496,Elias Lindholm,C,VAN,69,-22,dz_faceoff_win
8477496,Elias Lindholm,C,VAN,69,22,dz_faceoff_win
8477496,Elias Lindholm,C,VAN,69,22,dz_faceoff_win
8477496,Elias Lindholm,C,VAN,69,22,dz_faceoff_win
8477496,Elias Lindholm,C,VAN,69,-22,dz_faceoff_win
8477496,Elias Lindholm,C,VAN,69,22,dz_faceoff_win
8477496,Elias Lindholm,C,VAN,69,-22,dz_faceoff_win
8477496,Elias Lindholm,C,VAN,69,22,dz_faceoff_win
8477496,Elias Lindholm,C,VAN,69,22,dz_faceoff_win
8477496,Elias Lindholm,C,VAN,69,22,dz_faceoff_win
8477496,Elias Lindholm,C,VAN,69,22,dz_faceoff_win
8477496,Elias Lindholm,C,VAN,69,22,dz_faceoff_win
8477496,Elias Lindholm,C,VAN,69,22,dz_faceoff_win
8477496,Elias Lindholm,C,VAN,69,-22,dz_faceoff_win
8477496,Elias Lindholm,C,VAN,69,22,dz_faceoff_win
8477496,Elias Lindholm,C,VAN,69,22,dz_faceoff_win
8477496,Elias Lindholm,C,VAN,69,22,dz_faceoff_win
8477496,Elias Lindholm,C,VAN,69,22,dz_faceoff_win
8477496,Elias Lindholm,C,VAN,69,22,dz_faceoff_win
8477496,Elias Lindholm,C,VAN,69,22,dz_faceoff_win
8477496,Elias Lindholm,C,VAN,69,22,dz_faceoff_win
8477496,Elias Lindholm,C,VAN,69,22,dz_faceoff_win
8477496,Elias Lindholm,C,VAN,69,-22,dz_faceoff_win
8477496,Elias Lindholm,C,VAN,69,22,dz_faceoff_win
8477496,Elias Lindholm,C,VAN,69,22,dz_faceoff_win
8477496,Elias Lindholm,C,VAN,69,-22,dz_faceoff_win
8477496,Elias Lindholm,C,VAN,69,22,dz_faceoff_win
8477496,Elias Lindholm,C,VAN,69,22,dz_faceoff_win
8477496,Elias Lindholm,C,VAN,69,22,dz_faceoff_win
8477496,Elias Lindholm,C,VAN,69,22,dz_faceoff_win
8477496,Elias Lindholm,C,VAN,69,22,dz_faceoff_win
8477496,Elias Lindholm,C,VAN,69,22,dz_faceoff_win
8477496,Elias Lindholm,C,VAN,69,22,dz_faceoff_win
8477496,Elias Lindholm,C,VAN,69,22,dz_faceoff_win
8477496,Elias Lindholm,C,VAN,69,-22,dz_faceoff_win
8477496,Elias Lindholm,C,VAN,69,22,dz_faceoff_win
8477496,Elias Lindholm,C,VAN,69,22,dz_faceoff_win
8477496,Elias Lindholm,C,VAN,69,-22,dz_faceoff_win
8477496,Elias Lindholm,C,VAN,69,22,dz_faceoff_win
8477496,Elias Lindholm,C,VAN,69,22,dz_faceoff_win
8477496,Elias Lindholm,C,VAN,69,22,dz_faceoff_win
8477496,Elias Lindholm,C,VAN,69,22,dz_faceoff_win
8477496,Elias Lindholm,C,VAN,69,22,dz_faceoff_win
8477496,Elias Lindholm,C,VAN,69,22,dz_faceoff_win
8477496,Elias Lindholm,C,VAN,69,22,dz_faceoff_win
8477496,Elias Lindholm,C,VAN,69,22,dz_faceoff_win
8477496,Elias Lindholm,C,VAN,69,22,dz_faceoff_win
8477496,Elias Lindholm,C,VAN,69,22,dz_faceoff_win
8477496,Elias Lindholm,C,VAN,69,22,dz_faceoff_win
8477496,Elias Lindholm,C,VAN,69,22,dz_faceoff_win
8477496,Elias Lindholm,C,VAN,69,22,dz_faceoff_win
8477496,Elias Lindholm,C,VAN,69,22,dz_faceoff_win
8477496,Elias Lindholm,C,VAN,69,22,dz_faceoff_win
8477496,Elias Lindholm,C,VAN,69,22,dz_faceoff_win
8477496,Elias Lindholm,C,VAN,69,-22,dz_faceoff_win
8477496,Elias Lindholm,C,VAN,69,22,dz_faceoff_win
8477496,Elias Lindholm,C,VAN,69,22,dz_faceoff_win
8477496,Elias Lindholm,C,VAN,69,22,dz_faceoff_win
8477496,Elias Lindholm,C,VAN,69,22,dz_faceoff_win
8477496,Elias Lindholm,C,VAN,69,-22,dz_faceoff_win
8477496,Elias Lindholm,C,VAN,69,22,dz_faceoff_win
8477496,Elias Lindholm,C,VAN,19,30,hit_taken
8477496,Elias Lindholm,C,VAN,70,-39,hit_taken
8477496,Elias Lindholm,C,VAN,90,-35,hit_taken
8477496,Elias Lindholm,C,VAN,83,35,hit_taken
8477496,Elias Lindholm,C,VAN,3,-39,hit_taken
8477496,Elias Lindholm,C,VAN,41,-32,hit_taken
8477496,Elias Lindholm,C,VAN,71,42,hit_taken
8477496,Elias Lindholm,C,VAN,92,26,hit_taken
8477496,Elias Lindholm,C,VAN,36,-35,hit_taken
8477496,Elias Lindholm,C,VAN,99,2,hit_taken
8477496,Elias Lindholm,C,VAN,39,39,hit_taken
8477496,Elias Lindholm,C,VAN,66,38,hit_taken
8477496,Elias Lindholm,C,VAN,57,39,hit_taken
8477496,Elias Lindholm,C,VAN,90,25,hit_thrown
8477496,Elias Lindholm,C,VAN,37,37,hit_thrown
8477496,Elias Lindholm,C,VAN,60,40,hit_thrown
8477496,Elias Lindholm,C,VAN,97,9,hit_thrown
8477496,Elias Lindholm,C,VAN,96,-12,hit_thrown
8477496,Elias Lindholm,C,VAN,5,-40,hit_thrown
8477496,Elias Lindholm,C,VAN,82,-37,hit_thrown
8477496,Elias Lindholm,C,VAN,97,-8,hit_thrown
8477496,Elias Lindholm,C,VAN,89,-37,hit_thrown
8477496,Elias Lindholm,C,VAN,96,-13,hit_thrown
8477496,Elias Lindholm,C,VAN,62,-39,hit_thrown
8477496,Elias Lindholm,C,VAN,55,-39,hit_thrown
8477496,Elias Lindholm,C,VAN,80,-37,hit_thrown
8477496,Elias Lindholm,C,VAN,17,-39,hit_thrown
8477496,Elias Lindholm,C,VAN,8,36,hit_thrown
8477496,Elias Lindholm,C,VAN,95,-23,hit_thrown
8477496,Elias Lindholm,C,VAN,92,-30,hit_thrown
8477496,Elias Lindholm,C,VAN,88,-35,hit_thrown
8477496,Elias Lindholm,C,VAN,96,22,hit_thrown
8477496,Elias Lindholm,C,VAN,68,38,hit_thrown
8477496,Elias Lindholm,C,VAN,95,22,hit_thrown
8477496,Elias Lindholm,C,VAN,78,37,hit_thrown
8477496,Elias Lindholm,C,VAN,81,-37,hit_thrown
8477496,Elias Lindholm,C,VAN,82,38,hit_thrown
8477496,Elias Lindholm,C,VAN,84,-37,hit_thrown
8477496,Elias Lindholm,C,VAN,5,-39,hit_thrown
8477496,Elias Lindholm,C,VAN,96,-10,hit_thrown
8477496,Elias Lindholm,C,VAN,64,40,hit_thrown
8477496,Elias Lindholm,C,VAN,88,-34,hit_thrown
8477496,Elias Lindholm,C,VAN,89,32,hit_thrown
8477496,Elias Lindholm,C,VAN,87,35,hit_thrown
8477496,Elias Lindholm,C,VAN,8,37,hit_thrown
8477496,Elias Lindholm,C,VAN,86,35,hit_thrown
8477496,Elias Lindholm,C,VAN,95,-19,hit_thrown
8477496,Elias Lindholm,C,VAN,96,13,hit_thrown
8477496,Elias Lindholm,C,VAN,93,-24,hit_thrown
8477496,Elias Lindholm,C,VAN,98,-3,takeaway_hd
8477496,Elias Lindholm,C,VAN,93,20,takeaway_other
8477496,Elias Lindholm,C,VAN,42,-34,takeaway_other
8477496,Elias Lindholm,C,VAN,66,-7,takeaway_other
8477497,Sean Monahan,C,WPG,76,8,block_hd
8477497,Sean Monahan,C,WPG,83,4,block_hd
8477497,Sean Monahan,C,WPG,74,-5,block_hd
8477497,Sean Monahan,C,WPG,38,0,block_non_hd
8477497,Sean Monahan,C,WPG,54,-32,block_non_hd
8477497,Sean Monahan,C,WPG,69,22,dz_faceoff_win
8477497,Sean Monahan,C,WPG,69,-22,dz_faceoff_win
8477497,Sean Monahan,C,WPG,69,22,dz_faceoff_win
8477497,Sean Monahan,C,WPG,69,-22,dz_faceoff_win
8477497,Sean Monahan,C,WPG,69,-22,dz_faceoff_win
8477497,Sean Monahan,C,WPG,69,22,dz_faceoff_win
8477497,Sean Monahan,C,WPG,69,-22,dz_faceoff_win
8477497,Sean Monahan,C,WPG,69,-22,dz_faceoff_win
8477497,Sean Monahan,C,WPG,69,-22,dz_faceoff_win
8477497,Sean Monahan,C,WPG,69,22,dz_faceoff_win
8477497,Sean Monahan,C,WPG,69,-22,dz_faceoff_win
8477497,Sean Monahan,C,WPG,69,22,dz_faceoff_win
8477497,Sean Monahan,C,WPG,69,-22,dz_faceoff_win
8477497,Sean Monahan,C,WPG,69,-22,dz_faceoff_win
8477497,Sean Monahan,C,WPG,96,24,hit_taken
8477497,Sean Monahan,C,WPG,75,27,hit_taken
8477497,Sean Monahan,C,WPG,60,-38,hit_taken
8477497,Sean Monahan,C,WPG,96,20,hit_taken
8477497,Sean Monahan,C,WPG,68,40,hit_taken
8477497,Sean Monahan,C,WPG,54,-39,hit_taken
8477497,Sean Monahan,C,WPG,94,-27,hit_thrown
8477497,Sean Monahan,C,WPG,89,31,hit_thrown
8477497,Sean Monahan,C,WPG,52,-40,hit_thrown
8477497,Sean Monahan,C,WPG,93,-31,hit_thrown
8477497,Sean Monahan,C,WPG,99,13,hit_thrown
8477497,Sean Monahan,C,WPG,97,-18,hit_thrown
8477497,Sean Monahan,C,WPG,27,-9,takeaway_other
8477497,Sean Monahan,C,WPG,69,23,takeaway_other
8477498,Darnell Nurse,D,EDM,76,2,block_hd
8477498,Darnell Nurse,D,EDM,78,-8,block_hd
8477498,Darnell Nurse,D,EDM,83,-6,block_hd
8477498,Darnell Nurse,D,EDM,84,-4,block_hd
8477498,Darnell Nurse,D,EDM,75,10,block_hd
8477498,Darnell Nurse,D,EDM,77,-13,block_hd
8477498,Darnell Nurse,D,EDM,75,-2,block_hd
8477498,Darnell Nurse,D,EDM,83,4,block_hd
8477498,Darnell Nurse,D,EDM,78,-10,block_hd
8477498,Darnell Nurse,D,EDM,75,-3,block_hd
8477498,Darnell Nurse,D,EDM,74,-9,block_hd
8477498,Darnell Nurse,D,EDM,79,-8,block_hd
8477498,Darnell Nurse,D,EDM,83,3,block_hd
8477498,Darnell Nurse,D,EDM,76,-15,block_hd
8477498,Darnell Nurse,D,EDM,76,3,block_hd
8477498,Darnell Nurse,D,EDM,81,-12,block_hd
8477498,Darnell Nurse,D,EDM,77,-7,block_hd
8477498,Darnell Nurse,D,EDM,76,-11,block_hd
8477498,Darnell Nurse,D,EDM,74,-8,block_hd
8477498,Darnell Nurse,D,EDM,81,-10,block_hd
8477498,Darnell Nurse,D,EDM,74,-16,block_hd
8477498,Darnell Nurse,D,EDM,84,-6,block_hd
8477498,Darnell Nurse,D,EDM,74,-9,block_hd
8477498,Darnell Nurse,D,EDM,80,6,block_hd
8477498,Darnell Nurse,D,EDM,79,-2,block_hd
8477498,Darnell Nurse,D,EDM,77,-8,block_hd
8477498,Darnell Nurse,D,EDM,77,9,block_hd
8477498,Darnell Nurse,D,EDM,76,8,block_hd
8477498,Darnell Nurse,D,EDM,79,6,block_hd
8477498,Darnell Nurse,D,EDM,81,0,block_hd
8477498,Darnell Nurse,D,EDM,84,6,block_hd
8477498,Darnell Nurse,D,EDM,71,6,block_hd
8477498,Darnell Nurse,D,EDM,71,-1,block_hd
8477498,Darnell Nurse,D,EDM,78,11,block_hd
8477498,Darnell Nurse,D,EDM,73,-6,block_hd
8477498,Darnell Nurse,D,EDM,74,-8,block_hd
8477498,Darnell Nurse,D,EDM,70,3,block_hd
8477498,Darnell Nurse,D,EDM,57,-25,block_non_hd
8477498,Darnell Nurse,D,EDM,62,12,block_non_hd
8477498,Darnell Nurse,D,EDM,43,-2,block_non_hd
8477498,Darnell Nurse,D,EDM,59,-28,block_non_hd
8477498,Darnell Nurse,D,EDM,63,19,block_non_hd
8477498,Darnell Nurse,D,EDM,64,-22,block_non_hd
8477498,Darnell Nurse,D,EDM,57,-12,block_non_hd
8477498,Darnell Nurse,D,EDM,59,-27,block_non_hd
8477498,Darnell Nurse,D,EDM,74,-25,block_non_hd
8477498,Darnell Nurse,D,EDM,68,-7,block_non_hd
8477498,Darnell Nurse,D,EDM,71,-19,block_non_hd
8477498,Darnell Nurse,D,EDM,73,-28,block_non_hd
8477498,Darnell Nurse,D,EDM,41,-22,block_non_hd
8477498,Darnell Nurse,D,EDM,64,-9,block_non_hd
8477498,Darnell Nurse,D,EDM,83,-19,block_non_hd
8477498,Darnell Nurse,D,EDM,66,-7,block_non_hd
8477498,Darnell Nurse,D,EDM,62,-23,block_non_hd
8477498,Darnell Nurse,D,EDM,65,-10,block_non_hd
8477498,Darnell Nurse,D,EDM,65,-4,block_non_hd
8477498,Darnell Nurse,D,EDM,55,-26,block_non_hd
8477498,Darnell Nurse,D,EDM,64,-4,block_non_hd
8477498,Darnell Nurse,D,EDM,70,-19,block_non_hd
8477498,Darnell Nurse,D,EDM,64,-21,block_non_hd
8477498,Darnell Nurse,D,EDM,55,-8,block_non_hd
8477498,Darnell Nurse,D,EDM,58,-17,block_non_hd
8477498,Darnell Nurse,D,EDM,73,36,hit_taken
8477498,Darnell Nurse,D,EDM,97,0,hit_taken
8477498,Darnell Nurse,D,EDM,90,-27,hit_taken
8477498,Darnell Nurse,D,EDM,96,3,hit_taken
8477498,Darnell Nurse,D,EDM,94,18,hit_taken
8477498,Darnell Nurse,D,EDM,84,39,hit_taken
8477498,Darnell Nurse,D,EDM,96,20,hit_taken
8477498,Darnell Nurse,D,EDM,47,24,hit_taken
8477498,Darnell Nurse,D,EDM,95,-23,hit_taken
8477498,Darnell Nurse,D,EDM,97,21,hit_taken
8477498,Darnell Nurse,D,EDM,88,37,hit_taken
8477498,Darnell Nurse,D,EDM,96,-14,hit_taken
8477498,Darnell Nurse,D,EDM,40,38,hit_taken
8477498,Darnell Nurse,D,EDM,98,8,hit_taken
8477498,Darnell Nurse,D,EDM,98,-1,hit_taken
8477498,Darnell Nurse,D,EDM,95,22,hit_taken
8477498,Darnell Nurse,D,EDM,71,-42,hit_taken
8477498,Darnell Nurse,D,EDM,81,-37,hit_taken
8477498,Darnell Nurse,D,EDM,99,16,hit_taken
8477498,Darnell Nurse,D,EDM,97,0,hit_taken
8477498,Darnell Nurse,D,EDM,97,5,hit_taken
8477498,Darnell Nurse,D,EDM,71,-41,hit_taken
8477498,Darnell Nurse,D,EDM,64,-40,hit_taken
8477498,Darnell Nurse,D,EDM,96,-25,hit_taken
8477498,Darnell Nurse,D,EDM,27,41,hit_taken
8477498,Darnell Nurse,D,EDM,7,-38,hit_taken
8477498,Darnell Nurse,D,EDM,98,3,hit_taken
8477498,Darnell Nurse,D,EDM,88,-36,hit_taken
8477498,Darnell Nurse,D,EDM,92,-27,hit_taken
8477498,Darnell Nurse,D,EDM,98,-15,hit_taken
8477498,Darnell Nurse,D,EDM,87,33,hit_taken
8477498,Darnell Nurse,D,EDM,98,17,hit_taken
8477498,Darnell Nurse,D,EDM,88,-35,hit_taken
8477498,Darnell Nurse,D,EDM,81,-36,hit_taken
8477498,Darnell Nurse,D,EDM,70,-39,hit_taken
8477498,Darnell Nurse,D,EDM,97,-6,hit_taken
8477498,Darnell Nurse,D,EDM,49,38,hit_taken
8477498,Darnell Nurse,D,EDM,92,-25,hit_taken
8477498,Darnell Nurse,D,EDM,95,5,hit_taken
8477498,Darnell Nurse,D,EDM,97,4,hit_taken
8477498,Darnell Nurse,D,EDM,60,36,hit_taken
8477498,Darnell Nurse,D,EDM,57,42,hit_taken
8477498,Darnell Nurse,D,EDM,95,-23,hit_taken
8477498,Darnell Nurse,D,EDM,84,-36,hit_taken
8477498,Darnell Nurse,D,EDM,20,9,hit_thrown
8477498,Darnell Nurse,D,EDM,97,-11,hit_thrown
8477498,Darnell Nurse,D,EDM,96,-21,hit_thrown
8477498,Darnell Nurse,D,EDM,34,-41,hit_thrown
8477498,Darnell Nurse,D,EDM,10,-40,hit_thrown
8477498,Darnell Nurse,D,EDM,51,-39,hit_thrown
8477498,Darnell Nurse,D,EDM,86,-36,hit_thrown
8477498,Darnell Nurse,D,EDM,96,3,hit_thrown
8477498,Darnell Nurse,D,EDM,94,1,hit_thrown
8477498,Darnell Nurse,D,EDM,95,-8,hit_thrown
8477498,Darnell Nurse,D,EDM,35,18,hit_thrown
8477498,Darnell Nurse,D,EDM,54,-38,hit_thrown
8477498,Darnell Nurse,D,EDM,75,-40,hit_thrown
8477498,Darnell Nurse,D,EDM,53,-38,hit_thrown
8477498,Darnell Nurse,D,EDM,74,37,hit_thrown
8477498,Darnell Nurse,D,EDM,62,-39,hit_thrown
8477498,Darnell Nurse,D,EDM,1,-40,hit_thrown
8477498,Darnell Nurse,D,EDM,76,37,hit_thrown
8477498,Darnell Nurse,D,EDM,84,-27,hit_thrown
8477498,Darnell Nurse,D,EDM,36,-38,hit_thrown
8477498,Darnell Nurse,D,EDM,95,-6,hit_thrown
8477498,Darnell Nurse,D,EDM,91,-31,hit_thrown
8477498,Darnell Nurse,D,EDM,34,-40,hit_thrown
8477498,Darnell Nurse,D,EDM,89,33,hit_thrown
8477498,Darnell Nurse,D,EDM,24,39,hit_thrown
8477498,Darnell Nurse,D,EDM,35,-36,hit_thrown
8477498,Darnell Nurse,D,EDM,97,-14,hit_thrown
8477498,Darnell Nurse,D,EDM,98,-12,hit_thrown
8477498,Darnell Nurse,D,EDM,95,4,hit_thrown
8477498,Darnell Nurse,D,EDM,90,29,hit_thrown
8477498,Darnell Nurse,D,EDM,68,-25,hit_thrown
8477498,Darnell Nurse,D,EDM,16,-39,hit_thrown
8477498,Darnell Nurse,D,EDM,39,-37,hit_thrown
8477498,Darnell Nurse,D,EDM,16,-37,hit_thrown
8477498,Darnell Nurse,D,EDM,32,-41,hit_thrown
8477498,Darnell Nurse,D,EDM,44,-25,hit_thrown
8477498,Darnell Nurse,D,EDM,27,38,hit_thrown
8477498,Darnell Nurse,D,EDM,89,-32,hit_thrown
8477498,Darnell Nurse,D,EDM,9,-37,hit_thrown
8477498,Darnell Nurse,D,EDM,78,-39,hit_thrown
8477498,Darnell Nurse,D,EDM,36,41,hit_thrown
8477498,Darnell Nurse,D,EDM,13,-35,hit_thrown
8477498,Darnell Nurse,D,EDM,99,-14,hit_thrown
8477498,Darnell Nurse,D,EDM,96,-7,hit_thrown
8477498,Darnell Nurse,D,EDM,64,37,hit_thrown
8477498,Darnell Nurse,D,EDM,69,-38,hit_thrown
8477498,Darnell Nurse,D,EDM,72,38,hit_thrown
8477498,Darnell Nurse,D,EDM,93,-20,hit_thrown
8477498,Darnell Nurse,D,EDM,97,-22,hit_thrown
8477498,Darnell Nurse,D,EDM,30,-4,takeaway_other
8477498,Darnell Nurse,D,EDM,56,-37,takeaway_other
8477498,Darnell Nurse,D,EDM,23,38,takeaway_other
8477500,Bo Horvat,C,NYI,55,9,block_non_hd
8477500,Bo Horvat,C,NYI,71,-32,block_non_hd
8477500,Bo Horvat,C,NYI,69,22,dz_faceoff_win
8477500,Bo Horvat,C,NYI,69,-22,dz_faceoff_win
8477500,Bo Horvat,C,NYI,69,-22,dz_faceoff_win
8477500,Bo Horvat,C,NYI,69,22,dz_faceoff_win
8477500,Bo Horvat,C,NYI,69,22,dz_faceoff_win
8477500,Bo Horvat,C,NYI,69,22,dz_faceoff_win
8477500,Bo Horvat,C,NYI,69,-22,dz_faceoff_win
8477500,Bo Horvat,C,NYI,69,-22,dz_faceoff_win
8477500,Bo Horvat,C,NYI,69,22,dz_faceoff_win
8477500,Bo Horvat,C,NYI,69,22,dz_faceoff_win
8477500,Bo Horvat,C,NYI,69,-22,dz_faceoff_win
8477500,Bo Horvat,C,NYI,69,22,dz_faceoff_win
8477500,Bo Horvat,C,NYI,69,-22,dz_faceoff_win
8477500,Bo Horvat,C,NYI,69,22,dz_faceoff_win
8477500,Bo Horvat,C,NYI,69,22,dz_faceoff_win
8477500,Bo Horvat,C,NYI,69,22,dz_faceoff_win
8477500,Bo Horvat,C,NYI,69,-22,dz_faceoff_win
8477500,Bo Horvat,C,NYI,28,40,hit_taken
8477500,Bo Horvat,C,NYI,62,37,hit_taken
8477500,Bo Horvat,C,NYI,52,-37,hit_taken
8477500,Bo Horvat,C,NYI,89,-30,hit_taken
8477500,Bo Horvat,C,NYI,64,-41,hit_taken
8477500,Bo Horvat,C,NYI,52,41,hit_taken
8477500,Bo Horvat,C,NYI,78,-40,hit_thrown
8477500,Bo Horvat,C,NYI,78,-42,hit_thrown
8477500,Bo Horvat,C,NYI,97,-2,hit_thrown
8477500,Bo Horvat,C,NYI,19,-31,hit_thrown
8477500,Bo Horvat,C,NYI,60,42,hit_thrown
8477500,Bo Horvat,C,NYI,48,40,hit_thrown
8477500,Bo Horvat,C,NYI,76,2,takeaway_hd
8477500,Bo Horvat,C,NYI,18,-14,takeaway_other
8477500,Bo Horvat,C,NYI,36,35,takeaway_other
8477501,Valeri Nichushkin,R,COL,77,0,block_hd
8477501,Valeri Nichushkin,R,COL,39,32,block_non_hd
8477501,Valeri Nichushkin,R,COL,64,8,block_non_hd
8477501,Valeri Nichushkin,R,COL,44,-29,block_non_hd
8477501,Valeri Nichushkin,R,COL,42,30,block_non_hd
8477501,Valeri Nichushkin,R,COL,49,-19,block_non_hd
8477501,Valeri Nichushkin,R,COL,41,29,block_non_hd
8477501,Valeri Nichushkin,R,COL,65,10,block_non_hd
8477501,Valeri Nichushkin,R,COL,50,26,block_non_hd
8477501,Valeri Nichushkin,R,COL,67,-6,block_non_hd
8477501,Valeri Nichushkin,R,COL,83,-2,crease_goal
8477501,Valeri Nichushkin,R,COL,85,5,crease_goal
8477501,Valeri Nichushkin,R,COL,82,5,crease_goal
8477501,Valeri Nichushkin,R,COL,42,-37,hit_taken
8477501,Valeri Nichushkin,R,COL,31,-42,hit_taken
8477501,Valeri Nichushkin,R,COL,43,41,hit_taken
8477501,Valeri Nichushkin,R,COL,58,39,hit_taken
8477501,Valeri Nichushkin,R,COL,98,-15,hit_taken
8477501,Valeri Nichushkin,R,COL,97,-16,hit_taken
8477501,Valeri Nichushkin,R,COL,86,-38,hit_taken
8477501,Valeri Nichushkin,R,COL,1,-41,hit_taken
8477501,Valeri Nichushkin,R,COL,97,-21,hit_taken
8477501,Valeri Nichushkin,R,COL,45,-40,hit_taken
8477501,Valeri Nichushkin,R,COL,94,-26,hit_taken
8477501,Valeri Nichushkin,R,COL,85,39,hit_taken
8477501,Valeri Nichushkin,R,COL,71,-40,hit_taken
8477501,Valeri Nichushkin,R,COL,4,40,hit_taken
8477501,Valeri Nichushkin,R,COL,92,-26,hit_thrown
8477501,Valeri Nichushkin,R,COL,78,37,hit_thrown
8477501,Valeri Nichushkin,R,COL,57,39,hit_thrown
8477501,Valeri Nichushkin,R,COL,32,39,hit_thrown
8477501,Valeri Nichushkin,R,COL,90,29,hit_thrown
8477501,Valeri Nichushkin,R,COL,88,-36,hit_thrown
8477501,Valeri Nichushkin,R,COL,80,-39,hit_thrown
8477501,Valeri Nichushkin,R,COL,94,29,hit_thrown
8477501,Valeri Nichushkin,R,COL,73,-40,hit_thrown
8477501,Valeri Nichushkin,R,COL,65,-39,hit_thrown
8477501,Valeri Nichushkin,R,COL,68,40,hit_thrown
8477501,Valeri Nichushkin,R,COL,17,39,hit_thrown
8477501,Valeri Nichushkin,R,COL,97,-20,hit_thrown
8477501,Valeri Nichushkin,R,COL,89,34,hit_thrown
8477501,Valeri Nichushkin,R,COL,89,-35,hit_thrown
8477501,Valeri Nichushkin,R,COL,96,-20,hit_thrown
8477501,Valeri Nichushkin,R,COL,95,-26,hit_thrown
8477501,Valeri Nichushkin,R,COL,41,-41,hit_thrown
8477501,Valeri Nichushkin,R,COL,88,-34,hit_thrown
8477501,Valeri Nichushkin,R,COL,61,-41,hit_thrown
8477501,Valeri Nichushkin,R,COL,95,26,hit_thrown
8477501,Valeri Nichushkin,R,COL,49,-40,takeaway_other
8477501,Valeri Nichushkin,R,COL,40,-20,takeaway_other
8477503,Max Domi,C,TOR,83,-9,block_hd
8477503,Max Domi,C,TOR,75,-14,block_hd
8477503,Max Domi,C,TOR,46,26,block_non_hd
8477503,Max Domi,C,TOR,45,22,block_non_hd
8477503,Max Domi,C,TOR,55,-10,block_non_hd
8477503,Max Domi,C,TOR,72,-19,block_non_hd
8477503,Max Domi,C,TOR,85,5,crease_goal
8477503,Max Domi,C,TOR,69,22,dz_faceoff_win
8477503,Max Domi,C,TOR,69,-22,dz_faceoff_win
8477503,Max Domi,C,TOR,69,-22,dz_faceoff_win
8477503,Max Domi,C,TOR,45,-34,hit_taken
8477503,Max Domi,C,TOR,28,-37,hit_taken
8477503,Max Domi,C,TOR,97,4,hit_taken
8477503,Max Domi,C,TOR,83,37,hit_taken
8477503,Max Domi,C,TOR,78,-32,hit_taken
8477503,Max Domi,C,TOR,99,6,hit_taken
8477503,Max Domi,C,TOR,93,23,hit_taken
8477503,Max Domi,C,TOR,92,-18,hit_taken
8477503,Max Domi,C,TOR,72,37,hit_taken
8477503,Max Domi,C,TOR,1,38,hit_thrown
8477503,Max Domi,C,TOR,99,-3,hit_thrown
8477503,Max Domi,C,TOR,37,38,hit_thrown
8477503,Max Domi,C,TOR,90,28,hit_thrown
8477503,Max Domi,C,TOR,74,-38,hit_thrown
8477503,Max Domi,C,TOR,98,-3,takeaway_hd
8477503,Max Domi,C,TOR,76,-27,takeaway_other
8477503,Max Domi,C,TOR,42,-39,takeaway_other
8477503,Max Domi,C,TOR,39,-36,takeaway_other
8477504,Josh Morrissey,D,WPG,80,5,block_hd
8477504,Josh Morrissey,D,WPG,80,-10,block_hd
8477504,Josh Morrissey,D,WPG,78,3,block_hd
8477504,Josh Morrissey,D,WPG,76,-3,block_hd
8477504,Josh Morrissey,D,WPG,87,12,block_hd
8477504,Josh Morrissey,D,WPG,78,-13,block_hd
8477504,Josh Morrissey,D,WPG,72,21,block_non_hd
8477504,Josh Morrissey,D,WPG,39,33,block_non_hd
8477504,Josh Morrissey,D,WPG,58,37,block_non_hd
8477504,Josh Morrissey,D,WPG,58,-17,block_non_hd
8477504,Josh Morrissey,D,WPG,60,-21,block_non_hd
8477504,Josh Morrissey,D,WPG,64,-24,block_non_hd
8477504,Josh Morrissey,D,WPG,18,-40,hit_taken
8477504,Josh Morrissey,D,WPG,61,-39,hit_taken
8477504,Josh Morrissey,D,WPG,37,-38,hit_taken
8477504,Josh Morrissey,D,WPG,62,-41,hit_taken
8477504,Josh Morrissey,D,WPG,89,-32,hit_taken
8477504,Josh Morrissey,D,WPG,97,-13,hit_taken
8477504,Josh Morrissey,D,WPG,26,6,hit_taken
8477504,Josh Morrissey,D,WPG,93,-32,hit_taken
8477504,Josh Morrissey,D,WPG,81,39,hit_taken
8477504,Josh Morrissey,D,WPG,2,-41,hit_thrown
8477504,Josh Morrissey,D,WPG,97,1,hit_thrown
8477504,Josh Morrissey,D,WPG,67,-38,hit_thrown
8477504,Josh Morrissey,D,WPG,61,41,hit_thrown
8477504,Josh Morrissey,D,WPG,69,41,takeaway_other
8477504,Josh Morrissey,D,WPG,23,18,takeaway_other
8477505,Alexander Wennberg,C,NYR,76,-1,block_hd
8477505,Alexander Wennberg,C,NYR,80,4,block_hd
8477505,Alexander Wennberg,C,NYR,82,2,block_hd
8477505,Alexander Wennberg,C,NYR,77,-17,block_hd
8477505,Alexander Wennberg,C,NYR,73,9,block_hd
8477505,Alexander Wennberg,C,NYR,75,3,block_hd
8477505,Alexander Wennberg,C,NYR,81,4,block_hd
8477505,Alexander Wennberg,C,NYR,70,-16,block_hd
8477505,Alexander Wennberg,C,NYR,72,6,block_hd
8477505,Alexander Wennberg,C,NYR,63,-14,block_non_hd
8477505,Alexander Wennberg,C,NYR,38,4,block_non_hd
8477505,Alexander Wennberg,C,NYR,27,10,block_non_hd
8477505,Alexander Wennberg,C,NYR,48,-19,block_non_hd
8477505,Alexander Wennberg,C,NYR,66,17,block_non_hd
8477505,Alexander Wennberg,C,NYR,41,-29,block_non_hd
8477505,Alexander Wennberg,C,NYR,50,1,block_non_hd
8477505,Alexander Wennberg,C,NYR,76,24,block_non_hd
8477505,Alexander Wennberg,C,NYR,66,-9,block_non_hd
8477505,Alexander Wennberg,C,NYR,68,15,block_non_hd
8477505,Alexander Wennberg,C,NYR,45,-17,block_non_hd
8477505,Alexander Wennberg,C,NYR,68,-16,block_non_hd
8477505,Alexander Wennberg,C,NYR,59,33,block_non_hd
8477505,Alexander Wennberg,C,NYR,60,-13,block_non_hd
8477505,Alexander Wennberg,C,NYR,75,22,block_non_hd
8477505,Alexander Wennberg,C,NYR,44,-7,block_non_hd
8477505,Alexander Wennberg,C,NYR,67,-16,block_non_hd
8477505,Alexander Wennberg,C,NYR,66,-12,block_non_hd
8477505,Alexander Wennberg,C,NYR,81,-2,crease_goal
8477505,Alexander Wennberg,C,NYR,69,-22,dz_faceoff_win
8477505,Alexander Wennberg,C,NYR,69,-22,dz_faceoff_win
8477505,Alexander Wennberg,C,NYR,69,22,dz_faceoff_win
8477505,Alexander Wennberg,C,NYR,69,22,dz_faceoff_win
8477505,Alexander Wennberg,C,NYR,69,-22,dz_faceoff_win
8477505,Alexander Wennberg,C,NYR,69,22,dz_faceoff_win
8477505,Alexander Wennberg,C,NYR,69,22,dz_faceoff_win
8477505,Alexander Wennberg,C,NYR,69,-22,dz_faceoff_win
8477505,Alexander Wennberg,C,NYR,69,-22,dz_faceoff_win
8477505,Alexander Wennberg,C,NYR,69,-22,dz_faceoff_win
8477505,Alexander Wennberg,C,NYR,69,-22,dz_faceoff_win
8477505,Alexander Wennberg,C,NYR,69,-22,dz_faceoff_win
8477505,Alexander Wennberg,C,NYR,69,-22,dz_faceoff_win
8477505,Alexander Wennberg,C,NYR,69,-22,dz_faceoff_win
8477505,Alexander Wennberg,C,NYR,69,22,dz_faceoff_win
8477505,Alexander Wennberg,C,NYR,69,22,dz_faceoff_win
8477505,Alexander Wennberg,C,NYR,69,-22,dz_faceoff_win
8477505,Alexander Wennberg,C,NYR,69,-22,dz_faceoff_win
8477505,Alexander Wennberg,C,NYR,69,22,dz_faceoff_win
8477505,Alexander Wennberg,C,NYR,69,22,dz_faceoff_win
8477505,Alexander Wennberg,C,NYR,69,22,dz_faceoff_win
8477505,Alexander Wennberg,C,NYR,69,22,dz_faceoff_win
8477505,Alexander Wennberg,C,NYR,69,22,dz_faceoff_win
8477505,Alexander Wennberg,C,NYR,69,22,dz_faceoff_win
8477505,Alexander Wennberg,C,NYR,69,22,dz_faceoff_win
8477505,Alexander Wennberg,C,NYR,69,-22,dz_faceoff_win
8477505,Alexander Wennberg,C,NYR,69,-22,dz_faceoff_win
8477505,Alexander Wennberg,C,NYR,69,-22,dz_faceoff_win
8477505,Alexander Wennberg,C,NYR,77,39,hit_taken
8477505,Alexander Wennberg,C,NYR,97,-6,hit_taken
8477505,Alexander Wennberg,C,NYR,61,39,hit_taken
8477505,Alexander Wennberg,C,NYR,9,-40,hit_taken
8477505,Alexander Wennberg,C,NYR,33,-38,hit_taken
8477505,Alexander Wennberg,C,NYR,29,-39,hit_taken
8477505,Alexander Wennberg,C,NYR,96,-12,hit_taken
8477505,Alexander Wennberg,C,NYR,6,-35,hit_taken
8477505,Alexander Wennberg,C,NYR,37,-38,hit_taken
8477505,Alexander Wennberg,C,NYR,85,-34,hit_taken
8477505,Alexander Wennberg,C,NYR,32,-38,hit_taken
8477505,Alexander Wennberg,C,NYR,68,38,hit_taken
8477505,Alexander Wennberg,C,NYR,88,-34,hit_taken
8477505,Alexander Wennberg,C,NYR,6,41,hit_taken
8477505,Alexander Wennberg,C,NYR,83,-36,hit_taken
8477505,Alexander Wennberg,C,NYR,46,-36,hit_taken
8477505,Alexander Wennberg,C,NYR,60,40,hit_taken
8477505,Alexander Wennberg,C,NYR,75,-41,hit_taken
8477505,Alexander Wennberg,C,NYR,99,16,hit_taken
8477505,Alexander Wennberg,C,NYR,87,34,hit_taken
8477505,Alexander Wennberg,C,NYR,89,32,hit_taken
8477505,Alexander Wennberg,C,NYR,49,15,hit_taken
8477505,Alexander Wennberg,C,NYR,98,1,hit_taken
8477505,Alexander Wennberg,C,NYR,98,-11,hit_taken
8477505,Alexander Wennberg,C,NYR,93,25,hit_taken
8477505,Alexander Wennberg,C,NYR,47,-34,hit_taken
8477505,Alexander Wennberg,C,NYR,97,-2,hit_taken
8477505,Alexander Wennberg,C,NYR,5,-40,hit_taken
8477505,Alexander Wennberg,C,NYR,97,5,hit_taken
8477505,Alexander Wennberg,C,NYR,0,-37,hit_taken
8477505,Alexander Wennberg,C,NYR,6,38,hit_taken
8477505,Alexander Wennberg,C,NYR,69,-26,hit_taken
8477505,Alexander Wennberg,C,NYR,54,-38,hit_taken
8477505,Alexander Wennberg,C,NYR,57,9,hit_taken
8477505,Alexander Wennberg,C,NYR,97,9,hit_thrown
8477505,Alexander Wennberg,C,NYR,53,40,hit_thrown
8477505,Alexander Wennberg,C,NYR,74,-42,hit_thrown
8477505,Alexander Wennberg,C,NYR,19,-39,hit_thrown
8477505,Alexander Wennberg,C,NYR,92,31,hit_thrown
8477505,Alexander Wennberg,C,NYR,12,39,hit_thrown
8477505,Alexander Wennberg,C,NYR,89,35,hit_thrown
8477505,Alexander Wennberg,C,NYR,75,39,hit_thrown
8477505,Alexander Wennberg,C,NYR,92,31,hit_thrown
8477505,Alexander Wennberg,C,NYR,96,-4,hit_thrown
8477505,Alexander Wennberg,C,NYR,50,-39,hit_thrown
8477505,Alexander Wennberg,C,NYR,99,-15,takeaway_hd
8477505,Alexander Wennberg,C,NYR,8,34,takeaway_other
8477505,Alexander Wennberg,C,NYR,35,39,takeaway_other
8477505,Alexander Wennberg,C,NYR,52,38,takeaway_other
8477506,Ryan Pulock,D,NYI,78,-16,block_hd
8477506,Ryan Pulock,D,NYI,78,0,block_hd
8477506,Ryan Pulock,D,NYI,76,7,block_hd
8477506,Ryan Pulock,D,NYI,85,5,block_hd
8477506,Ryan Pulock,D,NYI,81,-4,block_hd
8477506,Ryan Pulock,D,NYI,85,11,block_hd
8477506,Ryan Pulock,D,NYI,78,12,block_hd
8477506,Ryan Pulock,D,NYI,80,6,block_hd
8477506,Ryan Pulock,D,NYI,59,4,block_non_hd
8477506,Ryan Pulock,D,NYI,63,29,block_non_hd
8477506,Ryan Pulock,D,NYI,69,-22,block_non_hd
8477506,Ryan Pulock,D,NYI,42,34,block_non_hd
8477506,Ryan Pulock,D,NYI,66,14,block_non_hd
8477506,Ryan Pulock,D,NYI,96,-26,hit_taken
8477506,Ryan Pulock,D,NYI,67,42,hit_taken
8477506,Ryan Pulock,D,NYI,93,-27,hit_taken
8477506,Ryan Pulock,D,NYI,98,-6,hit_taken
8477506,Ryan Pulock,D,NYI,77,-41,hit_taken
8477506,Ryan Pulock,D,NYI,32,33,hit_thrown
8477506,Ryan Pulock,D,NYI,39,40,hit_thrown
8477506,Ryan Pulock,D,NYI,27,10,hit_thrown
8477506,Ryan Pulock,D,NYI,94,-12,hit_thrown
8477506,Ryan Pulock,D,NYI,38,-41,hit_thrown
8477506,Ryan Pulock,D,NYI,44,39,hit_thrown
8477506,Ryan Pulock,D,NYI,62,40,hit_thrown
8477506,Ryan Pulock,D,NYI,57,-40,hit_thrown
8477506,Ryan Pulock,D,NYI,11,38,hit_thrown
8477506,Ryan Pulock,D,NYI,17,38,hit_thrown
8477506,Ryan Pulock,D,NYI,95,14,hit_thrown
8477506,Ryan Pulock,D,NYI,91,28,hit_thrown
8477506,Ryan Pulock,D,NYI,56,39,hit_thrown
8477506,Ryan Pulock,D,NYI,88,33,hit_thrown
8477506,Ryan Pulock,D,NYI,84,16,takeaway_hd
8477506,Ryan Pulock,D,NYI,11,-16,takeaway_other
8477507,Nikita Zadorov,D,VAN,81,2,block_hd
8477507,Nikita Zadorov,D,VAN,78,-4,block_hd
8477507,Nikita Zadorov,D,VAN,88,-5,block_hd
8477507,Nikita Zadorov,D,VAN,72,10,block_hd
8477507,Nikita Zadorov,D,VAN,83,-12,block_hd
8477507,Nikita Zadorov,D,VAN,75,0,block_hd
8477507,Nikita Zadorov,D,VAN,81,-10,block_hd
8477507,Nikita Zadorov,D,VAN,80,-4,block_hd
8477507,Nikita Zadorov,D,VAN,74,-7,block_hd
8477507,Nikita Zadorov,D,VAN,74,6,block_hd
8477507,Nikita Zadorov,D,VAN,65,-21,block_non_hd
8477507,Nikita Zadorov,D,VAN,84,-22,block_non_hd
8477507,Nikita Zadorov,D,VAN,69,10,block_non_hd
8477507,Nikita Zadorov,D,VAN,59,-24,block_non_hd
8477507,Nikita Zadorov,D,VAN,68,-19,block_non_hd
8477507,Nikita Zadorov,D,VAN,51,-37,block_non_hd
8477507,Nikita Zadorov,D,VAN,75,-29,block_non_hd
8477507,Nikita Zadorov,D,VAN,66,-14,block_non_hd
8477507,Nikita Zadorov,D,VAN,67,-24,block_non_hd
8477507,Nikita Zadorov,D,VAN,85,29,hit_taken
8477507,Nikita Zadorov,D,VAN,92,-29,hit_taken
8477507,Nikita Zadorov,D,VAN,91,-31,hit_taken
8477507,Nikita Zadorov,D,VAN,83,-38,hit_taken
8477507,Nikita Zadorov,D,VAN,87,-33,hit_taken
8477507,Nikita Zadorov,D,VAN,92,-28,hit_taken
8477507,Nikita Zadorov,D,VAN,95,-21,hit_taken
8477507,Nikita Zadorov,D,VAN,26,-41,hit_taken
8477507,Nikita Zadorov,D,VAN,76,-37,hit_taken
8477507,Nikita Zadorov,D,VAN,97,-9,hit_taken
8477507,Nikita Zadorov,D,VAN,47,39,hit_taken
8477507,Nikita Zadorov,D,VAN,72,-37,hit_taken
8477507,Nikita Zadorov,D,VAN,99,5,hit_taken
8477507,Nikita Zadorov,D,VAN,99,13,hit_taken
8477507,Nikita Zadorov,D,VAN,50,41,hit_taken
8477507,Nikita Zadorov,D,VAN,35,39,hit_taken
8477507,Nikita Zadorov,D,VAN,87,30,hit_taken
8477507,Nikita Zadorov,D,VAN,53,-40,hit_taken
8477507,Nikita Zadorov,D,VAN,88,-33,hit_taken
8477507,Nikita Zadorov,D,VAN,97,1,hit_taken
8477507,Nikita Zadorov,D,VAN,93,-18,hit_taken
8477507,Nikita Zadorov,D,VAN,73,-38,hit_taken
8477507,Nikita Zadorov,D,VAN,83,-34,hit_taken
8477507,Nikita Zadorov,D,VAN,71,32,hit_taken
8477507,Nikita Zadorov,D,VAN,56,40,hit_taken
8477507,Nikita Zadorov,D,VAN,52,36,hit_taken
8477507,Nikita Zadorov,D,VAN,76,38,hit_taken
8477507,Nikita Zadorov,D,VAN,95,-4,hit_taken
8477507,Nikita Zadorov,D,VAN,99,-8,hit_taken
8477507,Nikita Zadorov,D,VAN,96,18,hit_taken
8477507,Nikita Zadorov,D,VAN,94,21,hit_taken
8477507,Nikita Zadorov,D,VAN,89,31,hit_taken
8477507,Nikita Zadorov,D,VAN,30,40,hit_taken
8477507,Nikita Zadorov,D,VAN,93,26,hit_taken
8477507,Nikita Zadorov,D,VAN,37,-37,hit_thrown
8477507,Nikita Zadorov,D,VAN,41,39,hit_thrown
8477507,Nikita Zadorov,D,VAN,85,36,hit_thrown
8477507,Nikita Zadorov,D,VAN,42,39,hit_thrown
8477507,Nikita Zadorov,D,VAN,36,-20,hit_thrown
8477507,Nikita Zadorov,D,VAN,21,41,hit_thrown
8477507,Nikita Zadorov,D,VAN,41,-39,hit_thrown
8477507,Nikita Zadorov,D,VAN,36,39,hit_thrown
8477507,Nikita Zadorov,D,VAN,95,-23,hit_thrown
8477507,Nikita Zadorov,D,VAN,54,-28,hit_thrown
8477507,Nikita Zadorov,D,VAN,89,28,hit_thrown
8477507,Nikita Zadorov,D,VAN,55,2,hit_thrown
8477507,Nikita Zadorov,D,VAN,51,40,hit_thrown
8477507,Nikita Zadorov,D,VAN,38,-39,hit_thrown
8477507,Nikita Zadorov,D,VAN,72,-24,hit_thrown
8477507,Nikita Zadorov,D,VAN,29,-41,hit_thrown
8477507,Nikita Zadorov,D,VAN,6,-38,hit_thrown
8477507,Nikita Zadorov,D,VAN,82,37,hit_thrown
8477507,Nikita Zadorov,D,VAN,93,-15,hit_thrown
8477507,Nikita Zadorov,D,VAN,65,37,hit_thrown
8477507,Nikita Zadorov,D,VAN,30,-19,hit_thrown
8477507,Nikita Zadorov,D,VAN,80,35,hit_thrown
8477507,Nikita Zadorov,D,VAN,62,39,hit_thrown
8477507,Nikita Zadorov,D,VAN,33,-11,hit_thrown
8477507,Nikita Zadorov,D,VAN,43,39,hit_thrown
8477507,Nikita Zadorov,D,VAN,59,-40,hit_thrown
8477507,Nikita Zadorov,D,VAN,8,-27,hit_thrown
8477507,Nikita Zadorov,D,VAN,55,-40,hit_thrown
8477507,Nikita Zadorov,D,VAN,24,34,hit_thrown
8477507,Nikita Zadorov,D,VAN,16,-39,hit_thrown
8477507,Nikita Zadorov,D,VAN,46,-39,hit_thrown
8477507,Nikita Zadorov,D,VAN,18,35,hit_thrown
8477507,Nikita Zadorov,D,VAN,66,-35,hit_thrown
8477507,Nikita Zadorov,D,VAN,38,-27,hit_thrown
8477507,Nikita Zadorov,D,VAN,72,39,hit_thrown
8477507,Nikita Zadorov,D,VAN,86,-34,hit_thrown
8477507,Nikita Zadorov,D,VAN,29,-41,hit_thrown
8477507,Nikita Zadorov,D,VAN,89,-30,hit_thrown
8477507,Nikita Zadorov,D,VAN,37,37,hit_thrown
8477507,Nikita Zadorov,D,VAN,49,38,hit_thrown
8477507,Nikita Zadorov,D,VAN,95,6,hit_thrown
8477507,Nikita Zadorov,D,VAN,88,-30,hit_thrown
8477507,Nikita Zadorov,D,VAN,95,15,hit_thrown
8477507,Nikita Zadorov,D,VAN,85,-37,hit_thrown
8477507,Nikita Zadorov,D,VAN,95,-23,hit_thrown
8477507,Nikita Zadorov,D,VAN,93,-17,takeaway_hd
8477507,Nikita Zadorov,D,VAN,46,18,takeaway_other
8477507,Nikita Zadorov,D,VAN,60,30,takeaway_other
8477507,Nikita Zadorov,D,VAN,30,36,takeaway_other
8477511,Anthony Mantha,R,VGK,52,29,block_non_hd
8477511,Anthony Mantha,R,VGK,92,-12,hit_taken
8477511,Anthony Mantha,R,VGK,69,-39,hit_taken
8477511,Anthony Mantha,R,VGK,98,-7,hit_taken
8477511,Anthony Mantha,R,VGK,34,31,hit_taken
8477511,Anthony Mantha,R,VGK,53,40,hit_taken
8477511,Anthony Mantha,R,VGK,88,-32,hit_thrown
8477511,Anthony Mantha,R,VGK,40,39,hit_thrown
8477511,Anthony Mantha,R,VGK,82,35,hit_thrown
8477511,Anthony Mantha,R,VGK,41,41,hit_thrown
8477511,Anthony Mantha,R,VGK,98,4,hit_thrown
8477511,Anthony Mantha,R,VGK,44,-36,takeaway_other
8477845,Trevor van Riemsdyk,D,WSH,80,-7,block_hd
8477845,Trevor van Riemsdyk,D,WSH,74,2,block_hd
8477845,Trevor van Riemsdyk,D,WSH,71,15,block_hd
8477845,Trevor van Riemsdyk,D,WSH,80,-2,block_hd
8477845,Trevor van Riemsdyk,D,WSH,76,11,block_hd
8477845,Trevor van Riemsdyk,D,WSH,50,4,block_non_hd
8477845,Trevor van Riemsdyk,D,WSH,92,28,hit_taken
8477845,Trevor van Riemsdyk,D,WSH,65,39,hit_taken
8477845,Trevor van Riemsdyk,D,WSH,39,17,hit_taken
8477845,Trevor van Riemsdyk,D,WSH,48,-33,hit_thrown
8477887,Patrick Brown,C,BOS,67,17,block_non_hd
8477887,Patrick Brown,C,BOS,69,22,dz_faceoff_win
8477887,Patrick Brown,C,BOS,69,22,dz_faceoff_win
8477887,Patrick Brown,C,BOS,96,-18,hit_taken
8477887,Patrick Brown,C,BOS,53,-39,hit_taken
8477887,Patrick Brown,C,BOS,31,-39,hit_thrown
8477887,Patrick Brown,C,BOS,69,39,hit_thrown
8477887,Patrick Brown,C,BOS,0,-40,hit_thrown
8477887,Patrick Brown,C,BOS,45,-41,hit_thrown
8477887,Patrick Brown,C,BOS,54,-40,hit_thrown
8477887,Patrick Brown,C,BOS,71,39,hit_thrown
8477887,Patrick Brown,C,BOS,98,-18,hit_thrown
8477887,Patrick Brown,C,BOS,89,31,hit_thrown
8477887,Patrick Brown,C,BOS,64,-39,hit_thrown
8477932,Aaron Ekblad,D,FLA,77,12,block_hd
8477932,Aaron Ekblad,D,FLA,72,-4,block_hd
8477932,Aaron Ekblad,D,FLA,82,2,block_hd
8477932,Aaron Ekblad,D,FLA,70,0,block_hd
8477932,Aaron Ekblad,D,FLA,81,5,block_hd
8477932,Aaron Ekblad,D,FLA,80,-3,block_hd
8477932,Aaron Ekblad,D,FLA,74,-8,block_hd
8477932,Aaron Ekblad,D,FLA,72,6,block_hd
8477932,Aaron Ekblad,D,FLA,70,11,block_hd
8477932,Aaron Ekblad,D,FLA,79,-5,block_hd
8477932,Aaron Ekblad,D,FLA,70,9,block_hd
8477932,Aaron Ekblad,D,FLA,75,-12,block_hd
8477932,Aaron Ekblad,D,FLA,81,9,block_hd
8477932,Aaron Ekblad,D,FLA,83,-1,block_hd
8477932,Aaron Ekblad,D,FLA,81,-7,block_hd
8477932,Aaron Ekblad,D,FLA,82,-9,block_hd
8477932,Aaron Ekblad,D,FLA,73,9,block_hd
8477932,Aaron Ekblad,D,FLA,75,12,block_hd
8477932,Aaron Ekblad,D,FLA,79,-1,block_hd
8477932,Aaron Ekblad,D,FLA,73,1,block_hd
8477932,Aaron Ekblad,D,FLA,85,-8,block_hd
8477932,Aaron Ekblad,D,FLA,73,-10,block_hd
8477932,Aaron Ekblad,D,FLA,76,-9,block_hd
8477932,Aaron Ekblad,D,FLA,72,-11,block_hd
8477932,Aaron Ekblad,D,FLA,76,-1,block_hd
8477932,Aaron Ekblad,D,FLA,82,-5,block_hd
8477932,Aaron Ekblad,D,FLA,74,5,block_hd
8477932,Aaron Ekblad,D,FLA,73,2,block_hd
8477932,Aaron Ekblad,D,FLA,79,-1,block_hd
8477932,Aaron Ekblad,D,FLA,63,-11,block_non_hd
8477932,Aaron Ekblad,D,FLA,47,6,block_non_hd
8477932,Aaron Ekblad,D,FLA,53,7,block_non_hd
8477932,Aaron Ekblad,D,FLA,64,-16,block_non_hd
8477932,Aaron Ekblad,D,FLA,59,1,block_non_hd
8477932,Aaron Ekblad,D,FLA,67,-18,block_non_hd
8477932,Aaron Ekblad,D,FLA,62,-18,block_non_hd
8477932,Aaron Ekblad,D,FLA,61,-10,block_non_hd
8477932,Aaron Ekblad,D,FLA,62,13,block_non_hd
8477932,Aaron Ekblad,D,FLA,55,0,block_non_hd
8477932,Aaron Ekblad,D,FLA,68,12,block_non_hd
8477932,Aaron Ekblad,D,FLA,66,17,block_non_hd
8477932,Aaron Ekblad,D,FLA,64,5,block_non_hd
8477932,Aaron Ekblad,D,FLA,65,9,block_non_hd
8477932,Aaron Ekblad,D,FLA,49,4,block_non_hd
8477932,Aaron Ekblad,D,FLA,57,9,block_non_hd
8477932,Aaron Ekblad,D,FLA,66,16,block_non_hd
8477932,Aaron Ekblad,D,FLA,67,21,block_non_hd
8477932,Aaron Ekblad,D,FLA,61,-4,block_non_hd
8477932,Aaron Ekblad,D,FLA,95,25,hit_taken
8477932,Aaron Ekblad,D,FLA,19,-40,hit_taken
8477932,Aaron Ekblad,D,FLA,88,35,hit_taken
8477932,Aaron Ekblad,D,FLA,84,27,hit_taken
8477932,Aaron Ekblad,D,FLA,60,39,hit_taken
8477932,Aaron Ekblad,D,FLA,24,39,hit_taken
8477932,Aaron Ekblad,D,FLA,97,16,hit_taken
8477932,Aaron Ekblad,D,FLA,88,33,hit_taken
8477932,Aaron Ekblad,D,FLA,77,-41,hit_taken
8477932,Aaron Ekblad,D,FLA,97,21,hit_taken
8477932,Aaron Ekblad,D,FLA,79,37,hit_taken
8477932,Aaron Ekblad,D,FLA,84,37,hit_taken
8477932,Aaron Ekblad,D,FLA,86,33,hit_taken
8477932,Aaron Ekblad,D,FLA,92,-33,hit_taken
8477932,Aaron Ekblad,D,FLA,85,36,hit_taken
8477932,Aaron Ekblad,D,FLA,83,-39,hit_taken
8477932,Aaron Ekblad,D,FLA,47,-39,hit_taken
8477932,Aaron Ekblad,D,FLA,97,-14,hit_taken
8477932,Aaron Ekblad,D,FLA,96,13,hit_taken
8477932,Aaron Ekblad,D,FLA,95,17,hit_taken
8477932,Aaron Ekblad,D,FLA,96,-7,hit_taken
8477932,Aaron Ekblad,D,FLA,95,17,hit_taken
8477932,Aaron Ekblad,D,FLA,74,-39,hit_taken
8477932,Aaron Ekblad,D,FLA,96,24,hit_taken
8477932,Aaron Ekblad,D,FLA,98,-11,hit_taken
8477932,Aaron Ekblad,D,FLA,91,30,hit_taken
8477932,Aaron Ekblad,D,FLA,71,-34,hit_taken
8477932,Aaron Ekblad,D,FLA,63,36,hit_taken
8477932,Aaron Ekblad,D,FLA,98,-7,hit_taken
8477932,Aaron Ekblad,D,FLA,97,-10,hit_taken
8477932,Aaron Ekblad,D,FLA,98,12,hit_taken
8477932,Aaron Ekblad,D,FLA,98,8,hit_taken
8477932,Aaron Ekblad,D,FLA,61,-37,hit_taken
8477932,Aaron Ekblad,D,FLA,97,11,hit_taken
8477932,Aaron Ekblad,D,FLA,96,2,hit_taken
8477932,Aaron Ekblad,D,FLA,85,-33,hit_taken
8477932,Aaron Ekblad,D,FLA,1,-36,hit_taken
8477932,Aaron Ekblad,D,FLA,72,37,hit_taken
8477932,Aaron Ekblad,D,FLA,58,31,hit_taken
8477932,Aaron Ekblad,D,FLA,7,42,hit_taken
8477932,Aaron Ekblad,D,FLA,96,25,hit_taken
8477932,Aaron Ekblad,D,FLA,88,30,hit_taken
8477932,Aaron Ekblad,D,FLA,92,27,hit_taken
8477932,Aaron Ekblad,D,FLA,19,-35,hit_taken
8477932,Aaron Ekblad,D,FLA,88,-33,hit_taken
8477932,Aaron Ekblad,D,FLA,73,-41,hit_taken
8477932,Aaron Ekblad,D,FLA,67,39,hit_taken
8477932,Aaron Ekblad,D,FLA,4,-36,hit_taken
8477932,Aaron Ekblad,D,FLA,0,40,hit_taken
8477932,Aaron Ekblad,D,FLA,96,-4,hit_taken
8477932,Aaron Ekblad,D,FLA,80,-38,hit_taken
8477932,Aaron Ekblad,D,FLA,50,-39,hit_taken
8477932,Aaron Ekblad,D,FLA,94,21,hit_taken
8477932,Aaron Ekblad,D,FLA,97,1,hit_taken
8477932,Aaron Ekblad,D,FLA,67,39,hit_taken
8477932,Aaron Ekblad,D,FLA,19,-38,hit_taken
8477932,Aaron Ekblad,D,FLA,83,-39,hit_taken
8477932,Aaron Ekblad,D,FLA,46,40,hit_taken
8477932,Aaron Ekblad,D,FLA,91,31,hit_taken
8477932,Aaron Ekblad,D,FLA,64,37,hit_taken
8477932,Aaron Ekblad,D,FLA,82,33,hit_taken
8477932,Aaron Ekblad,D,FLA,97,8,hit_taken
8477932,Aaron Ekblad,D,FLA,93,24,hit_taken
8477932,Aaron Ekblad,D,FLA,97,5,hit_thrown
8477932,Aaron Ekblad,D,FLA,13,39,hit_thrown
8477932,Aaron Ekblad,D,FLA,98,8,hit_thrown
8477932,Aaron Ekblad,D,FLA,97,3,hit_thrown
8477932,Aaron Ekblad,D,FLA,69,39,hit_thrown
8477932,Aaron Ekblad,D,FLA,70,39,hit_thrown
8477932,Aaron Ekblad,D,FLA,30,-11,hit_thrown
8477932,Aaron Ekblad,D,FLA,98,-7,hit_thrown
8477932,Aaron Ekblad,D,FLA,87,-34,hit_thrown
8477932,Aaron Ekblad,D,FLA,93,-23,hit_thrown
8477932,Aaron Ekblad,D,FLA,48,-39,hit_thrown
8477932,Aaron Ekblad,D,FLA,78,40,hit_thrown
8477932,Aaron Ekblad,D,FLA,55,40,hit_thrown
8477932,Aaron Ekblad,D,FLA,98,9,hit_thrown
8477932,Aaron Ekblad,D,FLA,57,38,hit_thrown
8477932,Aaron Ekblad,D,FLA,59,-39,hit_thrown
8477932,Aaron Ekblad,D,FLA,58,-38,hit_thrown
8477932,Aaron Ekblad,D,FLA,95,2,hit_thrown
8477932,Aaron Ekblad,D,FLA,3,-38,hit_thrown
8477932,Aaron Ekblad,D,FLA,73,41,hit_thrown
8477932,Aaron Ekblad,D,FLA,62,-41,hit_thrown
8477932,Aaron Ekblad,D,FLA,21,37,hit_thrown
8477932,Aaron Ekblad,D,FLA,98,8,hit_thrown
8477932,Aaron Ekblad,D,FLA,46,-41,hit_thrown
8477932,Aaron Ekblad,D,FLA,93,-29,hit_thrown
8477932,Aaron Ekblad,D,FLA,77,38,hit_thrown
8477932,Aaron Ekblad,D,FLA,93,-27,hit_thrown
8477932,Aaron Ekblad,D,FLA,37,-36,hit_thrown
8477932,Aaron Ekblad,D,FLA,8,36,hit_thrown
8477932,Aaron Ekblad,D,FLA,73,-34,hit_thrown
8477932,Aaron Ekblad,D,FLA,43,38,hit_thrown
8477932,Aaron Ekblad,D,FLA,39,39,hit_thrown
8477932,Aaron Ekblad,D,FLA,66,41,hit_thrown
8477932,Aaron Ekblad,D,FLA,96,-10,hit_thrown
8477932,Aaron Ekblad,D,FLA,40,37,hit_thrown
8477932,Aaron Ekblad,D,FLA,60,39,hit_thrown
8477932,Aaron Ekblad,D,FLA,95,22,hit_thrown
8477932,Aaron Ekblad,D,FLA,85,31,hit_thrown
8477932,Aaron Ekblad,D,FLA,94,21,hit_thrown
8477932,Aaron Ekblad,D,FLA,44,31,hit_thrown
8477932,Aaron Ekblad,D,FLA,89,31,hit_thrown
8477932,Aaron Ekblad,D,FLA,43,-19,hit_thrown
8477932,Aaron Ekblad,D,FLA,98,1,hit_thrown
8477932,Aaron Ekblad,D,FLA,37,38,hit_thrown
8477932,Aaron Ekblad,D,FLA,42,-28,hit_thrown
8477932,Aaron Ekblad,D,FLA,92,28,hit_thrown
8477932,Aaron Ekblad,D,FLA,47,-34,hit_thrown
8477932,Aaron Ekblad,D,FLA,60,-13,hit_thrown
8477932,Aaron Ekblad,D,FLA,86,-36,hit_thrown
8477932,Aaron Ekblad,D,FLA,86,35,hit_thrown
8477932,Aaron Ekblad,D,FLA,0,-37,hit_thrown
8477932,Aaron Ekblad,D,FLA,61,38,hit_thrown
8477932,Aaron Ekblad,D,FLA,54,40,hit_thrown
8477932,Aaron Ekblad,D,FLA,97,3,hit_thrown
8477932,Aaron Ekblad,D,FLA,96,3,hit_thrown
8477932,Aaron Ekblad,D,FLA,50,37,hit_thrown
8477932,Aaron Ekblad,D,FLA,6,41,hit_thrown
8477932,Aaron Ekblad,D,FLA,74,39,hit_thrown
8477932,Aaron Ekblad,D,FLA,14,41,hit_thrown
8477932,Aaron Ekblad,D,FLA,31,-4,hit_thrown
8477932,Aaron Ekblad,D,FLA,95,-7,hit_thrown
8477932,Aaron Ekblad,D,FLA,74,38,hit_thrown
8477932,Aaron Ekblad,D,FLA,39,-37,hit_thrown
8477932,Aaron Ekblad,D,FLA,85,34,hit_thrown
8477932,Aaron Ekblad,D,FLA,97,4,hit_thrown
8477932,Aaron Ekblad,D,FLA,9,-40,hit_thrown
8477932,Aaron Ekblad,D,FLA,15,33,hit_thrown
8477932,Aaron Ekblad,D,FLA,65,37,hit_thrown
8477932,Aaron Ekblad,D,FLA,97,-8,hit_thrown
8477932,Aaron Ekblad,D,FLA,98,-2,hit_thrown
8477932,Aaron Ekblad,D,FLA,77,41,hit_thrown
8477932,Aaron Ekblad,D,FLA,37,-38,takeaway_other
8477932,Aaron Ekblad,D,FLA,1,18,takeaway_other
8477933,Sam Reinhart,C,FLA,76,15,block_hd
8477933,Sam Reinhart,C,FLA,74,4,block_hd
8477933,Sam Reinhart,C,FLA,84,-3,block_hd
8477933,Sam Reinhart,C,FLA,74,0,block_hd
8477933,Sam Reinhart,C,FLA,87,-6,block_hd
8477933,Sam Reinhart,C,FLA,80,-2,block_hd
8477933,Sam Reinhart,C,FLA,75,-3,block_hd
8477933,Sam Reinhart,C,FLA,84,5,block_hd
8477933,Sam Reinhart,C,FLA,81,-2,block_hd
8477933,Sam Reinhart,C,FLA,79,-7,block_hd
8477933,Sam Reinhart,C,FLA,74,-2,block_hd
8477933,Sam Reinhart,C,FLA,79,-9,block_hd
8477933,Sam Reinhart,C,FLA,71,9,block_hd
8477933,Sam Reinhart,C,FLA,74,9,block_hd
8477933,Sam Reinhart,C,FLA,77,16,block_hd
8477933,Sam Reinhart,C,FLA,70,11,block_hd
8477933,Sam Reinhart,C,FLA,67,10,block_non_hd
8477933,Sam Reinhart,C,FLA,53,8,block_non_hd
8477933,Sam Reinhart,C,FLA,52,31,block_non_hd
8477933,Sam Reinhart,C,FLA,53,12,block_non_hd
8477933,Sam Reinhart,C,FLA,45,-25,block_non_hd
8477933,Sam Reinhart,C,FLA,52,-25,block_non_hd
8477933,Sam Reinhart,C,FLA,38,15,block_non_hd
8477933,Sam Reinhart,C,FLA,76,21,block_non_hd
8477933,Sam Reinhart,C,FLA,50,-1,block_non_hd
8477933,Sam Reinhart,C,FLA,48,0,block_non_hd
8477933,Sam Reinhart,C,FLA,57,29,block_non_hd
8477933,Sam Reinhart,C,FLA,58,26,block_non_hd
8477933,Sam Reinhart,C,FLA,62,-7,block_non_hd
8477933,Sam Reinhart,C,FLA,49,-7,block_non_hd
8477933,Sam Reinhart,C,FLA,68,17,block_non_hd
8477933,Sam Reinhart,C,FLA,41,19,block_non_hd
8477933,Sam Reinhart,C,FLA,42,3,block_non_hd
8477933,Sam Reinhart,C,FLA,54,5,block_non_hd
8477933,Sam Reinhart,C,FLA,53,2,block_non_hd
8477933,Sam Reinhart,C,FLA,47,32,block_non_hd
8477933,Sam Reinhart,C,FLA,50,-24,block_non_hd
8477933,Sam Reinhart,C,FLA,62,15,block_non_hd
8477933,Sam Reinhart,C,FLA,53,2,block_non_hd
8477933,Sam Reinhart,C,FLA,65,-5,block_non_hd
8477933,Sam Reinhart,C,FLA,45,-10,block_non_hd
8477933,Sam Reinhart,C,FLA,48,-4,block_non_hd
8477933,Sam Reinhart,C,FLA,84,0,crease_goal
8477933,Sam Reinhart,C,FLA,81,4,crease_goal
8477933,Sam Reinhart,C,FLA,85,-6,crease_goal
8477933,Sam Reinhart,C,FLA,79,-3,crease_goal
8477933,Sam Reinhart,C,FLA,69,22,dz_faceoff_win
8477933,Sam Reinhart,C,FLA,69,22,dz_faceoff_win
8477933,Sam Reinhart,C,FLA,69,22,dz_faceoff_win
8477933,Sam Reinhart,C,FLA,69,22,dz_faceoff_win
8477933,Sam Reinhart,C,FLA,69,22,dz_faceoff_win
8477933,Sam Reinhart,C,FLA,69,22,dz_faceoff_win
8477933,Sam Reinhart,C,FLA,69,22,dz_faceoff_win
8477933,Sam Reinhart,C,FLA,69,22,dz_faceoff_win
8477933,Sam Reinhart,C,FLA,69,22,dz_faceoff_win
8477933,Sam Reinhart,C,FLA,69,22,dz_faceoff_win
8477933,Sam Reinhart,C,FLA,69,22,dz_faceoff_win
8477933,Sam Reinhart,C,FLA,69,22,dz_faceoff_win
8477933,Sam Reinhart,C,FLA,69,22,dz_faceoff_win
8477933,Sam Reinhart,C,FLA,69,22,dz_faceoff_win
8477933,Sam Reinhart,C,FLA,69,22,dz_faceoff_win
8477933,Sam Reinhart,C,FLA,69,22,dz_faceoff_win
8477933,Sam Reinhart,C,FLA,69,22,dz_faceoff_win
8477933,Sam Reinhart,C,FLA,69,22,dz_faceoff_win
8477933,Sam Reinhart,C,FLA,69,22,dz_faceoff_win
8477933,Sam Reinhart,C,FLA,69,22,dz_faceoff_win
8477933,Sam Reinhart,C,FLA,69,22,dz_faceoff_win
8477933,Sam Reinhart,C,FLA,69,22,dz_faceoff_win
8477933,Sam Reinhart,C,FLA,69,22,dz_faceoff_win
8477933,Sam Reinhart,C,FLA,69,22,dz_faceoff_win
8477933,Sam Reinhart,C,FLA,69,22,dz_faceoff_win
8477933,Sam Reinhart,C,FLA,69,22,dz_faceoff_win
8477933,Sam Reinhart,C,FLA,69,-22,dz_faceoff_win
8477933,Sam Reinhart,C,FLA,69,22,dz_faceoff_win
8477933,Sam Reinhart,C,FLA,69,22,dz_faceoff_win
8477933,Sam Reinhart,C,FLA,69,22,dz_faceoff_win
8477933,Sam Reinhart,C,FLA,69,22,dz_faceoff_win
8477933,Sam Reinhart,C,FLA,69,22,dz_faceoff_win
8477933,Sam Reinhart,C,FLA,69,22,dz_faceoff_win
8477933,Sam Reinhart,C,FLA,69,22,dz_faceoff_win
8477933,Sam Reinhart,C,FLA,69,22,dz_faceoff_win
8477933,Sam Reinhart,C,FLA,69,22,dz_faceoff_win
8477933,Sam Reinhart,C,FLA,69,22,dz_faceoff_win
8477933,Sam Reinhart,C,FLA,69,22,dz_faceoff_win
8477933,Sam Reinhart,C,FLA,69,22,dz_faceoff_win
8477933,Sam Reinhart,C,FLA,69,22,dz_faceoff_win
8477933,Sam Reinhart,C,FLA,69,22,dz_faceoff_win
8477933,Sam Reinhart,C,FLA,69,22,dz_faceoff_win
8477933,Sam Reinhart,C,FLA,69,22,dz_faceoff_win
8477933,Sam Reinhart,C,FLA,69,22,dz_faceoff_win
8477933,Sam Reinhart,C,FLA,69,22,dz_faceoff_win
8477933,Sam Reinhart,C,FLA,38,-39,hit_taken
8477933,Sam Reinhart,C,FLA,88,-34,hit_taken
8477933,Sam Reinhart,C,FLA,19,38,hit_taken
8477933,Sam Reinhart,C,FLA,44,38,hit_taken
8477933,Sam Reinhart,C,FLA,64,39,hit_taken
8477933,Sam Reinhart,C,FLA,32,-37,hit_taken
8477933,Sam Reinhart,C,FLA,8,41,hit_taken
8477933,Sam Reinhart,C,FLA,13,40,hit_taken
8477933,Sam Reinhart,C,FLA,53,-38,hit_taken
8477933,Sam Reinhart,C,FLA,0,40,hit_taken
8477933,Sam Reinhart,C,FLA,42,-39,hit_taken
8477933,Sam Reinhart,C,FLA,96,28,hit_taken
8477933,Sam Reinhart,C,FLA,36,27,hit_taken
8477933,Sam Reinhart,C,FLA,95,-14,hit_taken
8477933,Sam Reinhart,C,FLA,64,38,hit_taken
8477933,Sam Reinhart,C,FLA,80,38,hit_taken
8477933,Sam Reinhart,C,FLA,34,36,hit_taken
8477933,Sam Reinhart,C,FLA,97,10,hit_taken
8477933,Sam Reinhart,C,FLA,89,32,hit_taken
8477933,Sam Reinhart,C,FLA,36,-26,hit_taken
8477933,Sam Reinhart,C,FLA,63,-37,hit_taken
8477933,Sam Reinhart,C,FLA,29,5,hit_taken
8477933,Sam Reinhart,C,FLA,96,6,hit_taken
8477933,Sam Reinhart,C,FLA,31,36,hit_taken
8477933,Sam Reinhart,C,FLA,85,13,hit_taken
8477933,Sam Reinhart,C,FLA,32,-34,hit_taken
8477933,Sam Reinhart,C,FLA,36,-39,hit_taken
8477933,Sam Reinhart,C,FLA,86,-30,hit_taken
8477933,Sam Reinhart,C,FLA,38,34,hit_taken
8477933,Sam Reinhart,C,FLA,50,39,hit_taken
8477933,Sam Reinhart,C,FLA,90,-7,hit_taken
8477933,Sam Reinhart,C,FLA,51,-38,hit_taken
8477933,Sam Reinhart,C,FLA,63,38,hit_taken
8477933,Sam Reinhart,C,FLA,89,29,hit_taken
8477933,Sam Reinhart,C,FLA,65,39,hit_taken
8477933,Sam Reinhart,C,FLA,91,-30,hit_taken
8477933,Sam Reinhart,C,FLA,88,34,hit_taken
8477933,Sam Reinhart,C,FLA,92,-12,hit_taken
8477933,Sam Reinhart,C,FLA,74,-40,hit_taken
8477933,Sam Reinhart,C,FLA,73,-41,hit_taken
8477933,Sam Reinhart,C,FLA,57,-39,hit_taken
8477933,Sam Reinhart,C,FLA,15,38,hit_taken
8477933,Sam Reinhart,C,FLA,21,-38,hit_taken
8477933,Sam Reinhart,C,FLA,4,40,hit_taken
8477933,Sam Reinhart,C,FLA,60,38,hit_taken
8477933,Sam Reinhart,C,FLA,17,-39,hit_taken
8477933,Sam Reinhart,C,FLA,91,-30,hit_taken
8477933,Sam Reinhart,C,FLA,58,-9,hit_taken
8477933,Sam Reinhart,C,FLA,76,37,hit_taken
8477933,Sam Reinhart,C,FLA,13,-40,hit_taken
8477933,Sam Reinhart,C,FLA,85,-33,hit_taken
8477933,Sam Reinhart,C,FLA,22,-40,hit_taken
8477933,Sam Reinhart,C,FLA,19,-39,hit_taken
8477933,Sam Reinhart,C,FLA,40,-39,hit_taken
8477933,Sam Reinhart,C,FLA,1,-39,hit_taken
8477933,Sam Reinhart,C,FLA,6,-40,hit_taken
8477933,Sam Reinhart,C,FLA,77,-39,hit_taken
8477933,Sam Reinhart,C,FLA,2,23,hit_taken
8477933,Sam Reinhart,C,FLA,85,-33,hit_taken
8477933,Sam Reinhart,C,FLA,9,39,hit_taken
8477933,Sam Reinhart,C,FLA,35,39,hit_taken
8477933,Sam Reinhart,C,FLA,11,-40,hit_taken
8477933,Sam Reinhart,C,FLA,45,-40,hit_taken
8477933,Sam Reinhart,C,FLA,95,24,hit_taken
8477933,Sam Reinhart,C,FLA,81,39,hit_taken
8477933,Sam Reinhart,C,FLA,99,-6,hit_thrown
8477933,Sam Reinhart,C,FLA,94,-23,hit_thrown
8477933,Sam Reinhart,C,FLA,15,-38,hit_thrown
8477933,Sam Reinhart,C,FLA,74,41,hit_thrown
8477933,Sam Reinhart,C,FLA,71,-38,hit_thrown
8477933,Sam Reinhart,C,FLA,81,37,hit_thrown
8477933,Sam Reinhart,C,FLA,61,-40,hit_thrown
8477933,Sam Reinhart,C,FLA,47,-39,hit_thrown
8477933,Sam Reinhart,C,FLA,20,-38,hit_thrown
8477933,Sam Reinhart,C,FLA,98,2,hit_thrown
8477933,Sam Reinhart,C,FLA,17,40,hit_thrown
8477933,Sam Reinhart,C,FLA,96,6,hit_thrown
8477933,Sam Reinhart,C,FLA,62,39,hit_thrown
8477933,Sam Reinhart,C,FLA,97,0,hit_thrown
8477933,Sam Reinhart,C,FLA,60,39,hit_thrown
8477933,Sam Reinhart,C,FLA,98,-11,hit_thrown
8477933,Sam Reinhart,C,FLA,48,39,hit_thrown
8477933,Sam Reinhart,C,FLA,97,14,hit_thrown
8477933,Sam Reinhart,C,FLA,86,35,hit_thrown
8477933,Sam Reinhart,C,FLA,16,-39,hit_thrown
8477933,Sam Reinhart,C,FLA,94,29,hit_thrown
8477933,Sam Reinhart,C,FLA,97,-10,hit_thrown
8477933,Sam Reinhart,C,FLA,86,-36,hit_thrown
8477933,Sam Reinhart,C,FLA,60,38,hit_thrown
8477933,Sam Reinhart,C,FLA,79,37,hit_thrown
8477933,Sam Reinhart,C,FLA,90,32,hit_thrown
8477933,Sam Reinhart,C,FLA,8,-39,hit_thrown
8477933,Sam Reinhart,C,FLA,9,-26,hit_thrown
8477933,Sam Reinhart,C,FLA,93,32,hit_thrown
8477933,Sam Reinhart,C,FLA,42,-36,hit_thrown
8477933,Sam Reinhart,C,FLA,95,-4,hit_thrown
8477933,Sam Reinhart,C,FLA,98,-11,hit_thrown
8477933,Sam Reinhart,C,FLA,48,39,hit_thrown
8477933,Sam Reinhart,C,FLA,72,37,hit_thrown
8477933,Sam Reinhart,C,FLA,97,-5,hit_thrown
8477933,Sam Reinhart,C,FLA,45,41,hit_thrown
8477933,Sam Reinhart,C,FLA,5,40,hit_thrown
8477933,Sam Reinhart,C,FLA,79,-38,hit_thrown
8477933,Sam Reinhart,C,FLA,95,-16,hit_thrown
8477933,Sam Reinhart,C,FLA,94,-19,hit_thrown
8477933,Sam Reinhart,C,FLA,93,-26,hit_thrown
8477933,Sam Reinhart,C,FLA,11,-39,hit_thrown
8477933,Sam Reinhart,C,FLA,95,19,hit_thrown
8477933,Sam Reinhart,C,FLA,11,-40,hit_thrown
8477933,Sam Reinhart,C,FLA,57,40,hit_thrown
8477933,Sam Reinhart,C,FLA,85,37,hit_thrown
8477933,Sam Reinhart,C,FLA,28,39,hit_thrown
8477933,Sam Reinhart,C,FLA,95,-24,hit_thrown
8477933,Sam Reinhart,C,FLA,97,3,hit_thrown
8477933,Sam Reinhart,C,FLA,92,-26,hit_thrown
8477933,Sam Reinhart,C,FLA,49,-38,hit_thrown
8477933,Sam Reinhart,C,FLA,95,-20,hit_thrown
8477933,Sam Reinhart,C,FLA,0,-41,hit_thrown
8477933,Sam Reinhart,C,FLA,0,-37,hit_thrown
8477933,Sam Reinhart,C,FLA,94,-11,takeaway_hd
8477933,Sam Reinhart,C,FLA,95,8,takeaway_hd
8477933,Sam Reinhart,C,FLA,97,-15,takeaway_hd
8477933,Sam Reinhart,C,FLA,81,27,takeaway_other
8477933,Sam Reinhart,C,FLA,78,35,takeaway_other
8477933,Sam Reinhart,C,FLA,36,13,takeaway_other
8477933,Sam Reinhart,C,FLA,32,-38,takeaway_other
8477933,Sam Reinhart,C,FLA,46,-19,takeaway_other
8477933,Sam Reinhart,C,FLA,74,24,takeaway_other
8477933,Sam Reinhart,C,FLA,41,-40,takeaway_other
8477933,Sam Reinhart,C,FLA,47,-41,takeaway_other
8477933,Sam Reinhart,C,FLA,46,-27,takeaway_other
8477933,Sam Reinhart,C,FLA,86,34,takeaway_other
8477934,Leon Draisaitl,C,EDM,78,10,block_hd
8477934,Leon Draisaitl,C,EDM,76,12,block_hd
8477934,Leon Draisaitl,C,EDM,72,12,block_hd
8477934,Leon Draisaitl,C,EDM,74,18,block_hd
8477934,Leon Draisaitl,C,EDM,77,7,block_hd
8477934,Leon Draisaitl,C,EDM,86,6,block_hd
8477934,Leon Draisaitl,C,EDM,81,-2,block_hd
8477934,Leon Draisaitl,C,EDM,66,10,block_non_hd
8477934,Leon Draisaitl,C,EDM,73,21,block_non_hd
8477934,Leon Draisaitl,C,EDM,66,2,block_non_hd
8477934,Leon Draisaitl,C,EDM,68,17,block_non_hd
8477934,Leon Draisaitl,C,EDM,66,12,block_non_hd
8477934,Leon Draisaitl,C,EDM,53,-18,block_non_hd
8477934,Leon Draisaitl,C,EDM,41,-11,block_non_hd
8477934,Leon Draisaitl,C,EDM,59,-19,block_non_hd
8477934,Leon Draisaitl,C,EDM,67,18,block_non_hd
8477934,Leon Draisaitl,C,EDM,38,-14,block_non_hd
8477934,Leon Draisaitl,C,EDM,69,-22,dz_faceoff_win
8477934,Leon Draisaitl,C,EDM,69,22,dz_faceoff_win
8477934,Leon Draisaitl,C,EDM,69,-22,dz_faceoff_win
8477934,Leon Draisaitl,C,EDM,69,22,dz_faceoff_win
8477934,Leon Draisaitl,C,EDM,69,-22,dz_faceoff_win
8477934,Leon Draisaitl,C,EDM,69,22,dz_faceoff_win
8477934,Leon Draisaitl,C,EDM,69,-22,dz_faceoff_win
8477934,Leon Draisaitl,C,EDM,69,22,dz_faceoff_win
8477934,Leon Draisaitl,C,EDM,69,22,dz_faceoff_win
8477934,Leon Draisaitl,C,EDM,69,-22,dz_faceoff_win
8477934,Leon Draisaitl,C,EDM,69,-22,dz_faceoff_win
8477934,Leon Draisaitl,C,EDM,69,-22,dz_faceoff_win
8477934,Leon Draisaitl,C,EDM,69,22,dz_faceoff_win
8477934,Leon Draisaitl,C,EDM,69,-22,dz_faceoff_win
8477934,Leon Draisaitl,C,EDM,69,-22,dz_faceoff_win
8477934,Leon Draisaitl,C,EDM,69,22,dz_faceoff_win
8477934,Leon Draisaitl,C,EDM,69,-22,dz_faceoff_win
8477934,Leon Draisaitl,C,EDM,69,-22,dz_faceoff_win
8477934,Leon Draisaitl,C,EDM,69,-22,dz_faceoff_win
8477934,Leon Draisaitl,C,EDM,69,22,dz_faceoff_win
8477934,Leon Draisaitl,C,EDM,69,-22,dz_faceoff_win
8477934,Leon Draisaitl,C,EDM,69,-22,dz_faceoff_win
8477934,Leon Draisaitl,C,EDM,69,22,dz_faceoff_win
8477934,Leon Draisaitl,C,EDM,69,-22,dz_faceoff_win
8477934,Leon Draisaitl,C,EDM,69,22,dz_faceoff_win
8477934,Leon Draisaitl,C,EDM,69,22,dz_faceoff_win
8477934,Leon Draisaitl,C,EDM,69,22,dz_faceoff_win
8477934,Leon Draisaitl,C,EDM,69,22,dz_faceoff_win
8477934,Leon Draisaitl,C,EDM,69,-22,dz_faceoff_win
8477934,Leon Draisaitl,C,EDM,69,-22,dz_faceoff_win
8477934,Leon Draisaitl,C,EDM,69,22,dz_faceoff_win
8477934,Leon Draisaitl,C,EDM,69,22,dz_faceoff_win
8477934,Leon Draisaitl,C,EDM,69,22,dz_faceoff_win
8477934,Leon Draisaitl,C,EDM,69,-22,dz_faceoff_win
8477934,Leon Draisaitl,C,EDM,69,-22,dz_faceoff_win
8477934,Leon Draisaitl,C,EDM,69,-22,dz_faceoff_win
8477934,Leon Draisaitl,C,EDM,69,-22,dz_faceoff_win
8477934,Leon Draisaitl,C,EDM,69,-22,dz_faceoff_win
8477934,Leon Draisaitl,C,EDM,69,22,dz_faceoff_win
8477934,Leon Draisaitl,C,EDM,69,22,dz_faceoff_win
8477934,Leon Draisaitl,C,EDM,69,-22,dz_faceoff_win
8477934,Leon Draisaitl,C,EDM,69,22,dz_faceoff_win
8477934,Leon Draisaitl,C,EDM,69,-22,dz_faceoff_win
8477934,Leon Draisaitl,C,EDM,69,-22,dz_faceoff_win
8477934,Leon Draisaitl,C,EDM,69,-22,dz_faceoff_win
8477934,Leon Draisaitl,C,EDM,69,-22,dz_faceoff_win
8477934,Leon Draisaitl,C,EDM,69,-22,dz_faceoff_win
8477934,Leon Draisaitl,C,EDM,69,-22,dz_faceoff_win
8477934,Leon Draisaitl,C,EDM,69,-22,dz_faceoff_win
8477934,Leon Draisaitl,C,EDM,69,-22,dz_faceoff_win
8477934,Leon Draisaitl,C,EDM,69,-22,dz_faceoff_win
8477934,Leon Draisaitl,C,EDM,69,-22,dz_faceoff_win
8477934,Leon Draisaitl,C,EDM,69,-22,dz_faceoff_win
8477934,Leon Draisaitl,C,EDM,69,-22,dz_faceoff_win
8477934,Leon Draisaitl,C,EDM,69,22,dz_faceoff_win
8477934,Leon Draisaitl,C,EDM,69,-22,dz_faceoff_win
8477934,Leon Draisaitl,C,EDM,69,-22,dz_faceoff_win
8477934,Leon Draisaitl,C,EDM,69,22,dz_faceoff_win
8477934,Leon Draisaitl,C,EDM,69,22,dz_faceoff_win
8477934,Leon Draisaitl,C,EDM,69,22,dz_faceoff_win
8477934,Leon Draisaitl,C,EDM,69,-22,dz_faceoff_win
8477934,Leon Draisaitl,C,EDM,69,-22,dz_faceoff_win
8477934,Leon Draisaitl,C,EDM,69,22,dz_faceoff_win
8477934,Leon Draisaitl,C,EDM,69,22,dz_faceoff_win
8477934,Leon Draisaitl,C,EDM,69,22,dz_faceoff_win
8477934,Leon Draisaitl,C,EDM,69,22,dz_faceoff_win
8477934,Leon Draisaitl,C,EDM,69,22,dz_faceoff_win
8477934,Leon Draisaitl,C,EDM,69,22,dz_faceoff_win
8477934,Leon Draisaitl,C,EDM,69,22,dz_faceoff_win
8477934,Leon Draisaitl,C,EDM,69,22,dz_faceoff_win
8477934,Leon Draisaitl,C,EDM,69,-22,dz_faceoff_win
8477934,Leon Draisaitl,C,EDM,69,-22,dz_faceoff_win
8477934,Leon Draisaitl,C,EDM,69,-22,dz_faceoff_win
8477934,Leon Draisaitl,C,EDM,69,-22,dz_faceoff_win
8477934,Leon Draisaitl,C,EDM,69,-22,dz_faceoff_win
8477934,Leon Draisaitl,C,EDM,69,-22,dz_faceoff_win
8477934,Leon Draisaitl,C,EDM,69,-22,dz_faceoff_win
8477934,Leon Draisaitl,C,EDM,69,-22,dz_faceoff_win
8477934,Leon Draisaitl,C,EDM,69,22,dz_faceoff_win
8477934,Leon Draisaitl,C,EDM,69,22,dz_faceoff_win
8477934,Leon Draisaitl,C,EDM,69,-22,dz_faceoff_win
8477934,Leon Draisaitl,C,EDM,69,22,dz_faceoff_win
8477934,Leon Draisaitl,C,EDM,69,-22,dz_faceoff_win
8477934,Leon Draisaitl,C,EDM,69,-22,dz_faceoff_win
8477934,Leon Draisaitl,C,EDM,69,22,dz_faceoff_win
8477934,Leon Draisaitl,C,EDM,78,39,hit_taken
8477934,Leon Draisaitl,C,EDM,93,15,hit_taken
8477934,Leon Draisaitl,C,EDM,16,-40,hit_taken
8477934,Leon Draisaitl,C,EDM,30,34,hit_taken
8477934,Leon Draisaitl,C,EDM,77,39,hit_taken
8477934,Leon Draisaitl,C,EDM,70,40,hit_taken
8477934,Leon Draisaitl,C,EDM,14,-42,hit_taken
8477934,Leon Draisaitl,C,EDM,63,38,hit_taken
8477934,Leon Draisaitl,C,EDM,49,39,hit_taken
8477934,Leon Draisaitl,C,EDM,77,40,hit_taken
8477934,Leon Draisaitl,C,EDM,89,30,hit_taken
8477934,Leon Draisaitl,C,EDM,68,-37,hit_taken
8477934,Leon Draisaitl,C,EDM,33,-41,hit_taken
8477934,Leon Draisaitl,C,EDM,48,-35,hit_taken
8477934,Leon Draisaitl,C,EDM,86,-32,hit_taken
8477934,Leon Draisaitl,C,EDM,55,-41,hit_taken
8477934,Leon Draisaitl,C,EDM,75,38,hit_taken
8477934,Leon Draisaitl,C,EDM,61,-41,hit_taken
8477934,Leon Draisaitl,C,EDM,15,-38,hit_taken
8477934,Leon Draisaitl,C,EDM,88,35,hit_taken
8477934,Leon Draisaitl,C,EDM,38,-37,hit_taken
8477934,Leon Draisaitl,C,EDM,89,36,hit_taken
8477934,Leon Draisaitl,C,EDM,46,-39,hit_taken
8477934,Leon Draisaitl,C,EDM,48,36,hit_taken
8477934,Leon Draisaitl,C,EDM,66,-35,hit_taken
8477934,Leon Draisaitl,C,EDM,86,-34,hit_taken
8477934,Leon Draisaitl,C,EDM,72,-39,hit_taken
8477934,Leon Draisaitl,C,EDM,88,-34,hit_taken
8477934,Leon Draisaitl,C,EDM,86,-33,hit_taken
8477934,Leon Draisaitl,C,EDM,24,-41,hit_taken
8477934,Leon Draisaitl,C,EDM,15,-39,hit_taken
8477934,Leon Draisaitl,C,EDM,79,-39,hit_taken
8477934,Leon Draisaitl,C,EDM,64,-40,hit_taken
8477934,Leon Draisaitl,C,EDM,64,39,hit_taken
8477934,Leon Draisaitl,C,EDM,39,39,hit_taken
8477934,Leon Draisaitl,C,EDM,11,-40,hit_taken
8477934,Leon Draisaitl,C,EDM,76,-37,hit_taken
8477934,Leon Draisaitl,C,EDM,88,-34,hit_taken
8477934,Leon Draisaitl,C,EDM,46,-39,hit_taken
8477934,Leon Draisaitl,C,EDM,96,-2,hit_taken
8477934,Leon Draisaitl,C,EDM,1,-40,hit_taken
8477934,Leon Draisaitl,C,EDM,98,-4,hit_taken
8477934,Leon Draisaitl,C,EDM,64,-38,hit_taken
8477934,Leon Draisaitl,C,EDM,81,35,hit_taken
8477934,Leon Draisaitl,C,EDM,99,15,hit_taken
8477934,Leon Draisaitl,C,EDM,62,38,hit_taken
8477934,Leon Draisaitl,C,EDM,58,40,hit_taken
8477934,Leon Draisaitl,C,EDM,84,-9,hit_taken
8477934,Leon Draisaitl,C,EDM,49,36,hit_taken
8477934,Leon Draisaitl,C,EDM,6,41,hit_taken
8477934,Leon Draisaitl,C,EDM,9,-40,hit_taken
8477934,Leon Draisaitl,C,EDM,5,-42,hit_taken
8477934,Leon Draisaitl,C,EDM,69,-37,hit_taken
8477934,Leon Draisaitl,C,EDM,46,38,hit_taken
8477934,Leon Draisaitl,C,EDM,37,39,hit_taken
8477934,Leon Draisaitl,C,EDM,4,-39,hit_taken
8477934,Leon Draisaitl,C,EDM,89,-30,hit_taken
8477934,Leon Draisaitl,C,EDM,52,39,hit_taken
8477934,Leon Draisaitl,C,EDM,86,-32,hit_taken
8477934,Leon Draisaitl,C,EDM,40,32,hit_taken
8477934,Leon Draisaitl,C,EDM,57,37,hit_taken
8477934,Leon Draisaitl,C,EDM,85,34,hit_taken
8477934,Leon Draisaitl,C,EDM,10,36,hit_taken
8477934,Leon Draisaitl,C,EDM,77,-40,hit_taken
8477934,Leon Draisaitl,C,EDM,93,20,hit_taken
8477934,Leon Draisaitl,C,EDM,66,-39,hit_taken
8477934,Leon Draisaitl,C,EDM,71,-36,hit_taken
8477934,Leon Draisaitl,C,EDM,81,-37,hit_taken
8477934,Leon Draisaitl,C,EDM,80,-39,hit_thrown
8477934,Leon Draisaitl,C,EDM,19,23,hit_thrown
8477934,Leon Draisaitl,C,EDM,38,-41,hit_thrown
8477934,Leon Draisaitl,C,EDM,14,-34,hit_thrown
8477934,Leon Draisaitl,C,EDM,93,-18,hit_thrown
8477934,Leon Draisaitl,C,EDM,84,-34,hit_thrown
8477934,Leon Draisaitl,C,EDM,52,36,hit_thrown
8477934,Leon Draisaitl,C,EDM,97,17,hit_thrown
8477934,Leon Draisaitl,C,EDM,74,38,hit_thrown
8477934,Leon Draisaitl,C,EDM,92,-32,hit_thrown
8477934,Leon Draisaitl,C,EDM,63,15,hit_thrown
8477934,Leon Draisaitl,C,EDM,97,-2,hit_thrown
8477934,Leon Draisaitl,C,EDM,66,33,hit_thrown
8477934,Leon Draisaitl,C,EDM,62,-39,hit_thrown
8477934,Leon Draisaitl,C,EDM,78,36,hit_thrown
8477934,Leon Draisaitl,C,EDM,91,-27,hit_thrown
8477934,Leon Draisaitl,C,EDM,24,-40,hit_thrown
8477934,Leon Draisaitl,C,EDM,36,33,hit_thrown
8477934,Leon Draisaitl,C,EDM,19,-38,hit_thrown
8477934,Leon Draisaitl,C,EDM,45,-38,hit_thrown
8477934,Leon Draisaitl,C,EDM,19,-39,hit_thrown
8477934,Leon Draisaitl,C,EDM,83,-36,hit_thrown
8477934,Leon Draisaitl,C,EDM,49,38,hit_thrown
8477934,Leon Draisaitl,C,EDM,79,-16,takeaway_hd
8477934,Leon Draisaitl,C,EDM,16,33,takeaway_other
8477934,Leon Draisaitl,C,EDM,44,-28,takeaway_other
8477934,Leon Draisaitl,C,EDM,57,39,takeaway_other
8477934,Leon Draisaitl,C,EDM,60,39,takeaway_other
8477934,Leon Draisaitl,C,EDM,59,21,takeaway_other
8477934,Leon Draisaitl,C,EDM,44,39,takeaway_other
8477934,Leon Draisaitl,C,EDM,38,4,takeaway_other
8477934,Leon Draisaitl,C,EDM,13,-40,takeaway_other
8477934,Leon Draisaitl,C,EDM,14,-11,takeaway_other
8477934,Leon Draisaitl,C,EDM,5,32,takeaway_other
8477934,Leon Draisaitl,C,EDM,34,28,takeaway_other
8477934,Leon Draisaitl,C,EDM,66,35,takeaway_other
8477934,Leon Draisaitl,C,EDM,63,-40,takeaway_other
8477934,Leon Draisaitl,C,EDM,53,-20,takeaway_other
8477934,Leon Draisaitl,C,EDM,40,32,takeaway_other
8477934,Leon Draisaitl,C,EDM,38,-36,takeaway_other
8477934,Leon Draisaitl,C,EDM,75,-39,takeaway_other
8477934,Leon Draisaitl,C,EDM,14,-35,takeaway_other
8477934,Leon Draisaitl,C,EDM,32,-33,takeaway_other
8477934,Leon Draisaitl,C,EDM,91,-30,takeaway_other
8477934,Leon Draisaitl,C,EDM,62,1,takeaway_other
8477934,Leon Draisaitl,C,EDM,47,2,takeaway_other
8477935,Sam Bennett,C,FLA,80,8,block_hd
8477935,Sam Bennett,C,FLA,74,-12,block_hd
8477935,Sam Bennett,C,FLA,78,5,block_hd
8477935,Sam Bennett,C,FLA,71,10,block_hd
8477935,Sam Bennett,C,FLA,69,-13,block_non_hd
8477935,Sam Bennett,C,FLA,63,31,block_non_hd
8477935,Sam Bennett,C,FLA,66,-22,block_non_hd
8477935,Sam Bennett,C,FLA,57,8,block_non_hd
8477935,Sam Bennett,C,FLA,52,-20,block_non_hd
8477935,Sam Bennett,C,FLA,86,4,crease_goal
8477935,Sam Bennett,C,FLA,88,4,crease_goal
8477935,Sam Bennett,C,FLA,79,4,crease_goal
8477935,Sam Bennett,C,FLA,69,-22,dz_faceoff_win
8477935,Sam Bennett,C,FLA,69,-22,dz_faceoff_win
8477935,Sam Bennett,C,FLA,69,-22,dz_faceoff_win
8477935,Sam Bennett,C,FLA,69,-22,dz_faceoff_win
8477935,Sam Bennett,C,FLA,69,-22,dz_faceoff_win
8477935,Sam Bennett,C,FLA,69,-22,dz_faceoff_win
8477935,Sam Bennett,C,FLA,69,22,dz_faceoff_win
8477935,Sam Bennett,C,FLA,69,-22,dz_faceoff_win
8477935,Sam Bennett,C,FLA,69,22,dz_faceoff_win
8477935,Sam Bennett,C,FLA,69,-22,dz_faceoff_win
8477935,Sam Bennett,C,FLA,69,22,dz_faceoff_win
8477935,Sam Bennett,C,FLA,69,22,dz_faceoff_win
8477935,Sam Bennett,C,FLA,69,22,dz_faceoff_win
8477935,Sam Bennett,C,FLA,69,-22,dz_faceoff_win
8477935,Sam Bennett,C,FLA,25,-39,hit_taken
8477935,Sam Bennett,C,FLA,89,32,hit_taken
8477935,Sam Bennett,C,FLA,88,32,hit_taken
8477935,Sam Bennett,C,FLA,92,25,hit_taken
8477935,Sam Bennett,C,FLA,88,30,hit_taken
8477935,Sam Bennett,C,FLA,79,37,hit_taken
8477935,Sam Bennett,C,FLA,80,-8,hit_taken
8477935,Sam Bennett,C,FLA,26,-40,hit_taken
8477935,Sam Bennett,C,FLA,78,36,hit_taken
8477935,Sam Bennett,C,FLA,39,-7,hit_taken
8477935,Sam Bennett,C,FLA,63,40,hit_taken
8477935,Sam Bennett,C,FLA,77,-39,hit_taken
8477935,Sam Bennett,C,FLA,42,39,hit_taken
8477935,Sam Bennett,C,FLA,78,34,hit_taken
8477935,Sam Bennett,C,FLA,74,-38,hit_taken
8477935,Sam Bennett,C,FLA,69,18,hit_taken
8477935,Sam Bennett,C,FLA,83,37,hit_taken
8477935,Sam Bennett,C,FLA,72,40,hit_taken
8477935,Sam Bennett,C,FLA,97,16,hit_taken
8477935,Sam Bennett,C,FLA,16,-39,hit_taken
8477935,Sam Bennett,C,FLA,92,31,hit_taken
8477935,Sam Bennett,C,FLA,84,-36,hit_taken
8477935,Sam Bennett,C,FLA,71,-39,hit_taken
8477935,Sam Bennett,C,FLA,64,-33,hit_taken
8477935,Sam Bennett,C,FLA,21,37,hit_taken
8477935,Sam Bennett,C,FLA,96,14,hit_taken
8477935,Sam Bennett,C,FLA,79,38,hit_taken
8477935,Sam Bennett,C,FLA,78,-39,hit_taken
8477935,Sam Bennett,C,FLA,96,15,hit_taken
8477935,Sam Bennett,C,FLA,71,40,hit_taken
8477935,Sam Bennett,C,FLA,79,39,hit_taken
8477935,Sam Bennett,C,FLA,96,-7,hit_taken
8477935,Sam Bennett,C,FLA,61,-40,hit_taken
8477935,Sam Bennett,C,FLA,45,-1,hit_taken
8477935,Sam Bennett,C,FLA,41,-26,hit_taken
8477935,Sam Bennett,C,FLA,98,18,hit_taken
8477935,Sam Bennett,C,FLA,89,30,hit_taken
8477935,Sam Bennett,C,FLA,82,-36,hit_thrown
8477935,Sam Bennett,C,FLA,76,-39,hit_thrown
8477935,Sam Bennett,C,FLA,70,-40,hit_thrown
8477935,Sam Bennett,C,FLA,96,24,hit_thrown
8477935,Sam Bennett,C,FLA,90,-12,hit_thrown
8477935,Sam Bennett,C,FLA,60,-15,hit_thrown
8477935,Sam Bennett,C,FLA,72,28,hit_thrown
8477935,Sam Bennett,C,FLA,23,-37,hit_thrown
8477935,Sam Bennett,C,FLA,42,-39,hit_thrown
8477935,Sam Bennett,C,FLA,89,-32,hit_thrown
8477935,Sam Bennett,C,FLA,54,25,hit_thrown
8477935,Sam Bennett,C,FLA,76,39,hit_thrown
8477935,Sam Bennett,C,FLA,91,14,hit_thrown
8477935,Sam Bennett,C,FLA,8,-40,hit_thrown
8477935,Sam Bennett,C,FLA,98,15,hit_thrown
8477935,Sam Bennett,C,FLA,96,-19,hit_thrown
8477935,Sam Bennett,C,FLA,13,-38,hit_thrown
8477935,Sam Bennett,C,FLA,71,30,hit_thrown
8477935,Sam Bennett,C,FLA,96,0,hit_thrown
8477935,Sam Bennett,C,FLA,28,-40,hit_thrown
8477935,Sam Bennett,C,FLA,67,-39,hit_thrown
8477935,Sam Bennett,C,FLA,63,40,hit_thrown
8477935,Sam Bennett,C,FLA,89,-29,hit_thrown
8477935,Sam Bennett,C,FLA,97,-4,hit_thrown
8477935,Sam Bennett,C,FLA,42,-2,hit_thrown
8477935,Sam Bennett,C,FLA,22,35,hit_thrown
8477935,Sam Bennett,C,FLA,11,-38,hit_thrown
8477935,Sam Bennett,C,FLA,95,-4,hit_thrown
8477935,Sam Bennett,C,FLA,80,-33,hit_thrown
8477935,Sam Bennett,C,FLA,96,25,hit_thrown
8477935,Sam Bennett,C,FLA,87,-32,hit_thrown
8477935,Sam Bennett,C,FLA,98,-9,hit_thrown
8477935,Sam Bennett,C,FLA,83,-21,hit_thrown
8477935,Sam Bennett,C,FLA,11,25,hit_thrown
8477935,Sam Bennett,C,FLA,51,37,hit_thrown
8477935,Sam Bennett,C,FLA,62,-40,hit_thrown
8477935,Sam Bennett,C,FLA,97,-18,hit_thrown
8477935,Sam Bennett,C,FLA,97,-1,hit_thrown
8477935,Sam Bennett,C,FLA,42,37,hit_thrown
8477935,Sam Bennett,C,FLA,31,-39,hit_thrown
8477935,Sam Bennett,C,FLA,17,-42,hit_thrown
8477935,Sam Bennett,C,FLA,34,40,hit_thrown
8477935,Sam Bennett,C,FLA,82,38,hit_thrown
8477935,Sam Bennett,C,FLA,94,-25,hit_thrown
8477935,Sam Bennett,C,FLA,90,31,hit_thrown
8477935,Sam Bennett,C,FLA,73,41,hit_thrown
8477935,Sam Bennett,C,FLA,54,38,hit_thrown
8477935,Sam Bennett,C,FLA,63,40,hit_thrown
8477935,Sam Bennett,C,FLA,97,-6,hit_thrown
8477935,Sam Bennett,C,FLA,69,-26,hit_thrown
8477935,Sam Bennett,C,FLA,96,19,hit_thrown
8477935,Sam Bennett,C,FLA,87,-33,hit_thrown
8477935,Sam Bennett,C,FLA,21,6,hit_thrown
8477935,Sam Bennett,C,FLA,98,-15,hit_thrown
8477935,Sam Bennett,C,FLA,96,18,hit_thrown
8477935,Sam Bennett,C,FLA,62,-40,hit_thrown
8477935,Sam Bennett,C,FLA,2,40,hit_thrown
8477935,Sam Bennett,C,FLA,49,29,hit_thrown
8477935,Sam Bennett,C,FLA,97,-20,hit_thrown
8477935,Sam Bennett,C,FLA,90,-31,hit_thrown
8477935,Sam Bennett,C,FLA,62,38,hit_thrown
8477935,Sam Bennett,C,FLA,24,40,hit_thrown
8477935,Sam Bennett,C,FLA,84,-9,hit_thrown
8477935,Sam Bennett,C,FLA,96,23,hit_thrown
8477935,Sam Bennett,C,FLA,99,1,hit_thrown
8477935,Sam Bennett,C,FLA,5,-42,hit_thrown
8477935,Sam Bennett,C,FLA,95,23,hit_thrown
8477935,Sam Bennett,C,FLA,98,-11,hit_thrown
8477935,Sam Bennett,C,FLA,95,25,hit_thrown
8477935,Sam Bennett,C,FLA,39,39,hit_thrown
8477935,Sam Bennett,C,FLA,78,-41,hit_thrown
8477935,Sam Bennett,C,FLA,83,34,hit_thrown
8477935,Sam Bennett,C,FLA,80,29,hit_thrown
8477935,Sam Bennett,C,FLA,60,21,hit_thrown
8477935,Sam Bennett,C,FLA,52,39,hit_thrown
8477935,Sam Bennett,C,FLA,95,-13,hit_thrown
8477935,Sam Bennett,C,FLA,66,-41,hit_thrown
8477935,Sam Bennett,C,FLA,97,-12,hit_thrown
8477935,Sam Bennett,C,FLA,74,38,hit_thrown
8477935,Sam Bennett,C,FLA,0,-35,hit_thrown
8477935,Sam Bennett,C,FLA,93,27,hit_thrown
8477935,Sam Bennett,C,FLA,97,4,hit_thrown
8477935,Sam Bennett,C,FLA,70,40,hit_thrown
8477935,Sam Bennett,C,FLA,57,42,hit_thrown
8477935,Sam Bennett,C,FLA,93,27,hit_thrown
8477935,Sam Bennett,C,FLA,74,40,hit_thrown
8477935,Sam Bennett,C,FLA,97,14,hit_thrown
8477935,Sam Bennett,C,FLA,74,31,takeaway_other
8477935,Sam Bennett,C,FLA,56,15,takeaway_other
8477935,Sam Bennett,C,FLA,81,37,takeaway_other
8477935,Sam Bennett,C,FLA,89,36,takeaway_other
8477935,Sam Bennett,C,FLA,9,-8,takeaway_other
8477935,Sam Bennett,C,FLA,60,37,takeaway_other
8477935,Sam Bennett,C,FLA,61,-38,takeaway_other
8477939,William Nylander,R,TOR,76,-2,block_hd
8477939,William Nylander,R,TOR,34,9,block_non_hd
8477939,William Nylander,R,TOR,45,8,block_non_hd
8477939,William Nylander,R,TOR,42,-7,block_non_hd
8477939,William Nylander,R,TOR,57,20,block_non_hd
8477939,William Nylander,R,TOR,33,-39,hit_taken
8477939,William Nylander,R,TOR,11,39,hit_taken
8477939,William Nylander,R,TOR,66,41,hit_taken
8477939,William Nylander,R,TOR,51,-41,hit_taken
8477939,William Nylander,R,TOR,61,-38,hit_taken
8477939,William Nylander,R,TOR,90,-26,hit_taken
8477939,William Nylander,R,TOR,93,17,hit_taken
8477939,William Nylander,R,TOR,70,36,hit_taken
8477939,William Nylander,R,TOR,33,34,hit_thrown
8477939,William Nylander,R,TOR,41,38,hit_thrown
8477939,William Nylander,R,TOR,52,-39,hit_thrown
8477939,William Nylander,R,TOR,96,8,hit_thrown
8477939,William Nylander,R,TOR,54,34,hit_thrown
8477939,William Nylander,R,TOR,6,1,takeaway_other
8477940,Nikolaj Ehlers,L,WPG,75,6,block_hd
8477940,Nikolaj Ehlers,L,WPG,51,0,block_non_hd
8477940,Nikolaj Ehlers,L,WPG,44,1,block_non_hd
8477940,Nikolaj Ehlers,L,WPG,9,40,hit_taken
8477940,Nikolaj Ehlers,L,WPG,50,-40,hit_taken
8477940,Nikolaj Ehlers,L,WPG,98,-16,hit_taken
8477940,Nikolaj Ehlers,L,WPG,52,-37,hit_taken
8477940,Nikolaj Ehlers,L,WPG,79,-37,hit_taken
8477940,Nikolaj Ehlers,L,WPG,59,-41,hit_taken
8477940,Nikolaj Ehlers,L,WPG,21,-40,hit_taken
8477940,Nikolaj Ehlers,L,WPG,98,-18,hit_taken
8477940,Nikolaj Ehlers,L,WPG,99,7,hit_taken
8477940,Nikolaj Ehlers,L,WPG,98,14,hit_taken
8477940,Nikolaj Ehlers,L,WPG,89,-29,hit_thrown
8477940,Nikolaj Ehlers,L,WPG,62,40,hit_thrown
8477940,Nikolaj Ehlers,L,WPG,89,34,hit_thrown
8477940,Nikolaj Ehlers,L,WPG,1,-41,hit_thrown
8477940,Nikolaj Ehlers,L,WPG,14,40,hit_thrown
8477940,Nikolaj Ehlers,L,WPG,69,-39,hit_thrown
8477940,Nikolaj Ehlers,L,WPG,89,-34,hit_thrown
8477940,Nikolaj Ehlers,L,WPG,96,-22,hit_thrown
8477940,Nikolaj Ehlers,L,WPG,98,15,hit_thrown
8477940,Nikolaj Ehlers,L,WPG,71,38,hit_thrown
8477940,Nikolaj Ehlers,L,WPG,36,39,hit_thrown
8477940,Nikolaj Ehlers,L,WPG,39,24,takeaway_other
8477940,Nikolaj Ehlers,L,WPG,3,40,takeaway_other
8477940,Nikolaj Ehlers,L,WPG,33,1,takeaway_other
8477942,Kevin Fiala,L,LAK,41,-21,block_non_hd
8477942,Kevin Fiala,L,LAK,40,10,block_non_hd
8477942,Kevin Fiala,L,LAK,80,-36,hit_taken
8477942,Kevin Fiala,L,LAK,4,8,hit_taken
8477942,Kevin Fiala,L,LAK,56,39,hit_taken
8477942,Kevin Fiala,L,LAK,67,28,hit_taken
8477942,Kevin Fiala,L,LAK,29,-41,hit_taken
8477942,Kevin Fiala,L,LAK,55,38,hit_taken
8477942,Kevin Fiala,L,LAK,83,35,hit_thrown
8477942,Kevin Fiala,L,LAK,5,39,hit_thrown
8477942,Kevin Fiala,L,LAK,95,25,hit_thrown
8477942,Kevin Fiala,L,LAK,92,30,hit_thrown
8477942,Kevin Fiala,L,LAK,32,28,hit_thrown
8477942,Kevin Fiala,L,LAK,53,-39,hit_thrown
8477942,Kevin Fiala,L,LAK,52,14,hit_thrown
8477942,Kevin Fiala,L,LAK,98,12,hit_thrown
8477942,Kevin Fiala,L,LAK,93,-23,hit_thrown
8477942,Kevin Fiala,L,LAK,96,-8,hit_thrown
8477942,Kevin Fiala,L,LAK,20,-2,takeaway_other
8477942,Kevin Fiala,L,LAK,46,38,takeaway_other
8477947,Sonny Milano,L,WSH,74,-1,block_hd
8477947,Sonny Milano,L,WSH,52,5,block_non_hd
8477947,Sonny Milano,L,WSH,40,40,hit_taken
8477947,Sonny Milano,L,WSH,52,38,hit_taken
8477947,Sonny Milano,L,WSH,97,19,hit_taken
8477947,Sonny Milano,L,WSH,65,38,hit_taken
8477947,Sonny Milano,L,WSH,68,39,hit_taken
8477947,Sonny Milano,L,WSH,96,-11,hit_taken
8477947,Sonny Milano,L,WSH,97,-17,hit_taken
8477947,Sonny Milano,L,WSH,55,-36,hit_taken
8477947,Sonny Milano,L,WSH,93,-26,hit_taken
8477947,Sonny Milano,L,WSH,32,35,hit_taken
8477947,Sonny Milano,L,WSH,37,-38,hit_taken
8477947,Sonny Milano,L,WSH,56,38,hit_thrown
8477947,Sonny Milano,L,WSH,50,38,hit_thrown
8477950,Tony DeAngelo,D,CAR,84,-12,block_hd
8477950,Tony DeAngelo,D,CAR,78,-8,block_hd
8477950,Tony DeAngelo,D,CAR,77,-10,block_hd
8477950,Tony DeAngelo,D,CAR,61,29,block_non_hd
8477950,Tony DeAngelo,D,CAR,69,-20,block_non_hd
8477950,Tony DeAngelo,D,CAR,70,-29,block_non_hd
8477950,Tony DeAngelo,D,CAR,67,3,block_non_hd
8477950,Tony DeAngelo,D,CAR,58,22,block_non_hd
8477950,Tony DeAngelo,D,CAR,94,-20,hit_taken
8477950,Tony DeAngelo,D,CAR,98,10,hit_taken
8477950,Tony DeAngelo,D,CAR,14,-38,hit_taken
8477950,Tony DeAngelo,D,CAR,85,34,hit_taken
8477950,Tony DeAngelo,D,CAR,95,28,hit_taken
8477950,Tony DeAngelo,D,CAR,43,-37,hit_taken
8477950,Tony DeAngelo,D,CAR,96,-19,hit_taken
8477950,Tony DeAngelo,D,CAR,86,-22,hit_taken
8477950,Tony DeAngelo,D,CAR,80,-37,hit_taken
8477950,Tony DeAngelo,D,CAR,5,-35,hit_taken
8477950,Tony DeAngelo,D,CAR,12,-28,hit_taken
8477950,Tony DeAngelo,D,CAR,92,28,hit_taken
8477950,Tony DeAngelo,D,CAR,99,-14,hit_taken
8477950,Tony DeAngelo,D,CAR,82,-37,hit_taken
8477950,Tony DeAngelo,D,CAR,70,-38,hit_thrown
8477950,Tony DeAngelo,D,CAR,95,-6,hit_thrown
8477950,Tony DeAngelo,D,CAR,43,39,hit_thrown
8477950,Tony DeAngelo,D,CAR,85,-34,hit_thrown
8477950,Tony DeAngelo,D,CAR,14,39,hit_thrown
8477950,Tony DeAngelo,D,CAR,83,33,hit_thrown
8477950,Tony DeAngelo,D,CAR,65,-40,hit_thrown
8477950,Tony DeAngelo,D,CAR,60,-40,hit_thrown
8477956,David Pastrnak,R,BOS,70,-10,block_hd
8477956,David Pastrnak,R,BOS,58,31,block_non_hd
8477956,David Pastrnak,R,BOS,47,12,block_non_hd
8477956,David Pastrnak,R,BOS,67,-14,block_non_hd
8477956,David Pastrnak,R,BOS,63,-5,block_non_hd
8477956,David Pastrnak,R,BOS,48,-11,block_non_hd
8477956,David Pastrnak,R,BOS,66,6,block_non_hd
8477956,David Pastrnak,R,BOS,56,0,block_non_hd
8477956,David Pastrnak,R,BOS,47,7,block_non_hd
8477956,David Pastrnak,R,BOS,87,4,crease_goal
8477956,David Pastrnak,R,BOS,54,39,hit_taken
8477956,David Pastrnak,R,BOS,71,-3,hit_taken
8477956,David Pastrnak,R,BOS,95,-8,hit_taken
8477956,David Pastrnak,R,BOS,44,37,hit_taken
8477956,David Pastrnak,R,BOS,1,-38,hit_taken
8477956,David Pastrnak,R,BOS,37,38,hit_taken
8477956,David Pastrnak,R,BOS,40,-25,hit_taken
8477956,David Pastrnak,R,BOS,95,13,hit_taken
8477956,David Pastrnak,R,BOS,39,-32,hit_taken
8477956,David Pastrnak,R,BOS,72,-39,hit_taken
8477956,David Pastrnak,R,BOS,74,-38,hit_taken
8477956,David Pastrnak,R,BOS,49,-38,hit_taken
8477956,David Pastrnak,R,BOS,39,-39,hit_taken
8477956,David Pastrnak,R,BOS,97,-1,hit_taken
8477956,David Pastrnak,R,BOS,94,18,hit_taken
8477956,David Pastrnak,R,BOS,56,40,hit_taken
8477956,David Pastrnak,R,BOS,54,41,hit_taken
8477956,David Pastrnak,R,BOS,76,-37,hit_taken
8477956,David Pastrnak,R,BOS,77,-30,hit_taken
8477956,David Pastrnak,R,BOS,94,23,hit_taken
8477956,David Pastrnak,R,BOS,25,-39,hit_taken
8477956,David Pastrnak,R,BOS,98,-6,hit_taken
8477956,David Pastrnak,R,BOS,35,-41,hit_taken
8477956,David Pastrnak,R,BOS,24,-34,hit_taken
8477956,David Pastrnak,R,BOS,90,12,hit_taken
8477956,David Pastrnak,R,BOS,63,-38,hit_taken
8477956,David Pastrnak,R,BOS,93,-14,hit_taken
8477956,David Pastrnak,R,BOS,94,29,hit_taken
8477956,David Pastrnak,R,BOS,55,11,hit_taken
8477956,David Pastrnak,R,BOS,22,-41,hit_taken
8477956,David Pastrnak,R,BOS,25,-23,hit_taken
8477956,David Pastrnak,R,BOS,60,-15,hit_taken
8477956,David Pastrnak,R,BOS,90,-27,hit_taken
8477956,David Pastrnak,R,BOS,57,42,hit_taken
8477956,David Pastrnak,R,BOS,13,37,hit_taken
8477956,David Pastrnak,R,BOS,10,38,hit_thrown
8477956,David Pastrnak,R,BOS,93,-17,hit_thrown
8477956,David Pastrnak,R,BOS,55,-35,hit_thrown
8477956,David Pastrnak,R,BOS,48,39,hit_thrown
8477956,David Pastrnak,R,BOS,14,-39,hit_thrown
8477956,David Pastrnak,R,BOS,72,39,hit_thrown
8477956,David Pastrnak,R,BOS,34,-3,hit_thrown
8477956,David Pastrnak,R,BOS,85,-31,hit_thrown
8477956,David Pastrnak,R,BOS,97,-17,hit_thrown
8477956,David Pastrnak,R,BOS,98,-14,hit_thrown
8477956,David Pastrnak,R,BOS,14,32,hit_thrown
8477956,David Pastrnak,R,BOS,98,9,hit_thrown
8477956,David Pastrnak,R,BOS,20,-5,hit_thrown
8477956,David Pastrnak,R,BOS,57,39,hit_thrown
8477956,David Pastrnak,R,BOS,96,6,hit_thrown
8477956,David Pastrnak,R,BOS,41,36,hit_thrown
8477956,David Pastrnak,R,BOS,95,-16,hit_thrown
8477956,David Pastrnak,R,BOS,85,31,hit_thrown
8477956,David Pastrnak,R,BOS,93,17,hit_thrown
8477956,David Pastrnak,R,BOS,52,-38,hit_thrown
8477956,David Pastrnak,R,BOS,93,28,hit_thrown
8477956,David Pastrnak,R,BOS,95,-3,hit_thrown
8477956,David Pastrnak,R,BOS,76,-37,hit_thrown
8477956,David Pastrnak,R,BOS,88,30,hit_thrown
8477956,David Pastrnak,R,BOS,87,24,hit_thrown
8477956,David Pastrnak,R,BOS,36,-39,hit_thrown
8477956,David Pastrnak,R,BOS,24,38,takeaway_other
8477956,David Pastrnak,R,BOS,36,12,takeaway_other
8477956,David Pastrnak,R,BOS,13,-37,takeaway_other
8477956,David Pastrnak,R,BOS,17,39,takeaway_other
8477960,Adrian Kempe,R,LAK,20,9,hit_taken
8477960,Adrian Kempe,R,LAK,68,39,hit_taken
8477960,Adrian Kempe,R,LAK,8,-25,hit_taken
8477960,Adrian Kempe,R,LAK,95,-23,hit_taken
8477960,Adrian Kempe,R,LAK,70,40,hit_taken
8477960,Adrian Kempe,R,LAK,73,36,hit_thrown
8477960,Adrian Kempe,R,LAK,93,15,hit_thrown
8477960,Adrian Kempe,R,LAK,56,39,hit_thrown
8477960,Adrian Kempe,R,LAK,96,-10,hit_thrown
8477960,Adrian Kempe,R,LAK,84,35,hit_thrown
8477960,Adrian Kempe,R,LAK,94,18,hit_thrown
8477960,Adrian Kempe,R,LAK,90,31,hit_thrown
8477960,Adrian Kempe,R,LAK,72,38,hit_thrown
8477960,Adrian Kempe,R,LAK,90,-28,hit_thrown
8477960,Adrian Kempe,R,LAK,79,40,hit_thrown
8477960,Adrian Kempe,R,LAK,97,-19,hit_thrown
8477960,Adrian Kempe,R,LAK,31,33,hit_thrown
8477960,Adrian Kempe,R,LAK,24,-40,hit_thrown
8477960,Adrian Kempe,R,LAK,34,2,takeaway_other
8477964,Ivan Barbashev,C,VGK,81,-6,block_hd
8477964,Ivan Barbashev,C,VGK,61,-4,block_non_hd
8477964,Ivan Barbashev,C,VGK,74,40,hit_taken
8477964,Ivan Barbashev,C,VGK,57,-41,hit_taken
8477964,Ivan Barbashev,C,VGK,18,-29,hit_taken
8477964,Ivan Barbashev,C,VGK,99,-19,hit_taken
8477964,Ivan Barbashev,C,VGK,15,-35,hit_taken
8477964,Ivan Barbashev,C,VGK,95,-24,hit_taken
8477964,Ivan Barbashev,C,VGK,23,-34,hit_taken
8477964,Ivan Barbashev,C,VGK,16,-40,hit_taken
8477964,Ivan Barbashev,C,VGK,95,15,hit_thrown
8477964,Ivan Barbashev,C,VGK,96,15,hit_thrown
8477964,Ivan Barbashev,C,VGK,55,41,hit_thrown
8477964,Ivan Barbashev,C,VGK,97,-2,hit_thrown
8477964,Ivan Barbashev,C,VGK,93,-27,hit_thrown
8477964,Ivan Barbashev,C,VGK,43,32,hit_thrown
8477964,Ivan Barbashev,C,VGK,77,-39,hit_thrown
8477964,Ivan Barbashev,C,VGK,22,24,hit_thrown
8477964,Ivan Barbashev,C,VGK,2,38,hit_thrown
8477964,Ivan Barbashev,C,VGK,91,-33,hit_thrown
8477964,Ivan Barbashev,C,VGK,45,36,hit_thrown
8477964,Ivan Barbashev,C,VGK,44,38,hit_thrown
8477964,Ivan Barbashev,C,VGK,83,-36,hit_thrown
8477964,Ivan Barbashev,C,VGK,46,37,hit_thrown
8477964,Ivan Barbashev,C,VGK,20,33,hit_thrown
8477964,Ivan Barbashev,C,VGK,15,-40,hit_thrown
8477964,Ivan Barbashev,C,VGK,70,-38,hit_thrown
8477964,Ivan Barbashev,C,VGK,90,-34,hit_thrown
8477964,Ivan Barbashev,C,VGK,75,-39,hit_thrown
8477964,Ivan Barbashev,C,VGK,98,-9,hit_thrown
8477964,Ivan Barbashev,C,VGK,69,-38,hit_thrown
8477964,Ivan Barbashev,C,VGK,95,27,hit_thrown
8477964,Ivan Barbashev,C,VGK,92,31,hit_thrown
8477964,Ivan Barbashev,C,VGK,98,-8,hit_thrown
8477964,Ivan Barbashev,C,VGK,62,39,hit_thrown
8477964,Ivan Barbashev,C,VGK,83,-37,hit_thrown
8477964,Ivan Barbashev,C,VGK,20,-41,hit_thrown
8477964,Ivan Barbashev,C,VGK,82,-36,hit_thrown
8477964,Ivan Barbashev,C,VGK,92,33,hit_thrown
8477964,Ivan Barbashev,C,VGK,97,21,hit_thrown
8477964,Ivan Barbashev,C,VGK,87,-34,hit_thrown
8477964,Ivan Barbashev,C,VGK,94,25,hit_thrown
8477964,Ivan Barbashev,C,VGK,33,39,hit_thrown
8477964,Ivan Barbashev,C,VGK,93,27,hit_thrown
8477964,Ivan Barbashev,C,VGK,6,-39,hit_thrown
8477964,Ivan Barbashev,C,VGK,97,-21,hit_thrown
8477964,Ivan Barbashev,C,VGK,42,-42,hit_thrown
8477964,Ivan Barbashev,C,VGK,85,-34,hit_thrown
8477964,Ivan Barbashev,C,VGK,71,40,hit_thrown
8477964,Ivan Barbashev,C,VGK,98,1,hit_thrown
8477964,Ivan Barbashev,C,VGK,97,-21,hit_thrown
8477964,Ivan Barbashev,C,VGK,30,39,takeaway_other
8477964,Ivan Barbashev,C,VGK,7,-35,takeaway_other
8477964,Ivan Barbashev,C,VGK,14,-16,takeaway_other
8477964,Ivan Barbashev,C,VGK,57,14,takeaway_other
8477964,Ivan Barbashev,C,VGK,82,31,takeaway_other
8477964,Ivan Barbashev,C,VGK,34,22,takeaway_other
8477971,Andreas Englund,D,LAK,75,3,block_hd
8477971,Andreas Englund,D,LAK,75,6,block_hd
8477971,Andreas Englund,D,LAK,80,-9,block_hd
8477971,Andreas Englund,D,LAK,75,-4,block_hd
8477971,Andreas Englund,D,LAK,80,-9,block_hd
8477971,Andreas Englund,D,LAK,73,-1,block_hd
8477971,Andreas Englund,D,LAK,85,-6,block_hd
8477971,Andreas Englund,D,LAK,84,31,block_non_hd
8477971,Andreas Englund,D,LAK,98,2,hit_taken
8477971,Andreas Englund,D,LAK,40,-39,hit_taken
8477971,Andreas Englund,D,LAK,75,-40,hit_taken
8477971,Andreas Englund,D,LAK,94,-22,hit_taken
8477971,Andreas Englund,D,LAK,90,31,hit_taken
8477971,Andreas Englund,D,LAK,94,-21,hit_taken
8477971,Andreas Englund,D,LAK,97,6,hit_taken
8477971,Andreas Englund,D,LAK,99,-16,hit_taken
8477971,Andreas Englund,D,LAK,13,37,hit_taken
8477971,Andreas Englund,D,LAK,13,40,hit_thrown
8477971,Andreas Englund,D,LAK,54,-38,hit_thrown
8477971,Andreas Englund,D,LAK,40,-41,hit_thrown
8477971,Andreas Englund,D,LAK,77,11,hit_thrown
8477971,Andreas Englund,D,LAK,70,-40,hit_thrown
8477971,Andreas Englund,D,LAK,94,-21,hit_thrown
8477971,Andreas Englund,D,LAK,45,-38,hit_thrown
8477971,Andreas Englund,D,LAK,77,39,hit_thrown
8477971,Andreas Englund,D,LAK,14,-41,hit_thrown
8477971,Andreas Englund,D,LAK,31,-40,hit_thrown
8477971,Andreas Englund,D,LAK,74,41,hit_thrown
8477971,Andreas Englund,D,LAK,99,-3,hit_thrown
8477971,Andreas Englund,D,LAK,34,-41,hit_thrown
8477971,Andreas Englund,D,LAK,61,-41,hit_thrown
8477971,Andreas Englund,D,LAK,9,40,hit_thrown
8477971,Andreas Englund,D,LAK,9,42,hit_thrown
8477971,Andreas Englund,D,LAK,64,40,hit_thrown
8477971,Andreas Englund,D,LAK,83,-37,hit_thrown
8477971,Andreas Englund,D,LAK,83,34,hit_thrown
8477971,Andreas Englund,D,LAK,99,-2,hit_thrown
8477971,Andreas Englund,D,LAK,38,39,hit_thrown
8477971,Andreas Englund,D,LAK,29,-37,hit_thrown
8477971,Andreas Englund,D,LAK,5,-39,hit_thrown
8477971,Andreas Englund,D,LAK,94,-30,hit_thrown
8477971,Andreas Englund,D,LAK,88,30,hit_thrown
8477979,Nicolas Aube-Kubel,R,WSH,59,-17,block_non_hd
8477979,Nicolas Aube-Kubel,R,WSH,42,-13,block_non_hd
8477979,Nicolas Aube-Kubel,R,WSH,69,22,dz_faceoff_win
8477979,Nicolas Aube-Kubel,R,WSH,93,26,hit_taken
8477979,Nicolas Aube-Kubel,R,WSH,8,39,hit_taken
8477979,Nicolas Aube-Kubel,R,WSH,69,39,hit_taken
8477979,Nicolas Aube-Kubel,R,WSH,55,38,hit_taken
8477979,Nicolas Aube-Kubel,R,WSH,92,-25,hit_taken
8477979,Nicolas Aube-Kubel,R,WSH,50,39,hit_thrown
8477979,Nicolas Aube-Kubel,R,WSH,99,16,hit_thrown
8477979,Nicolas Aube-Kubel,R,WSH,83,-20,hit_thrown
8477979,Nicolas Aube-Kubel,R,WSH,92,27,hit_thrown
8477979,Nicolas Aube-Kubel,R,WSH,62,37,hit_thrown
8477986,Brandon Montour,D,FLA,82,1,block_hd
8477986,Brandon Montour,D,FLA,77,-7,block_hd
8477986,Brandon Montour,D,FLA,75,-11,block_hd
8477986,Brandon Montour,D,FLA,79,-2,block_hd
8477986,Brandon Montour,D,FLA,81,-3,block_hd
8477986,Brandon Montour,D,FLA,81,-2,block_hd
8477986,Brandon Montour,D,FLA,76,0,block_hd
8477986,Brandon Montour,D,FLA,79,-5,block_hd
8477986,Brandon Montour,D,FLA,74,4,block_hd
8477986,Brandon Montour,D,FLA,86,-12,block_hd
8477986,Brandon Montour,D,FLA,76,12,block_hd
8477986,Brandon Montour,D,FLA,66,17,block_non_hd
8477986,Brandon Montour,D,FLA,61,-23,block_non_hd
8477986,Brandon Montour,D,FLA,60,10,block_non_hd
8477986,Brandon Montour,D,FLA,67,11,block_non_hd
8477986,Brandon Montour,D,FLA,57,-27,block_non_hd
8477986,Brandon Montour,D,FLA,57,-1,block_non_hd
8477986,Brandon Montour,D,FLA,46,-22,block_non_hd
8477986,Brandon Montour,D,FLA,67,-12,block_non_hd
8477986,Brandon Montour,D,FLA,50,5,block_non_hd
8477986,Brandon Montour,D,FLA,47,-9,block_non_hd
8477986,Brandon Montour,D,FLA,60,-16,block_non_hd
8477986,Brandon Montour,D,FLA,58,-23,block_non_hd
8477986,Brandon Montour,D,FLA,68,-14,block_non_hd
8477986,Brandon Montour,D,FLA,66,13,block_non_hd
8477986,Brandon Montour,D,FLA,66,11,block_non_hd
8477986,Brandon Montour,D,FLA,39,5,block_non_hd
8477986,Brandon Montour,D,FLA,59,26,block_non_hd
8477986,Brandon Montour,D,FLA,59,19,block_non_hd
8477986,Brandon Montour,D,FLA,61,21,block_non_hd
8477986,Brandon Montour,D,FLA,41,7,block_non_hd
8477986,Brandon Montour,D,FLA,65,-1,block_non_hd
8477986,Brandon Montour,D,FLA,64,5,block_non_hd
8477986,Brandon Montour,D,FLA,64,18,block_non_hd
8477986,Brandon Montour,D,FLA,49,8,block_non_hd
8477986,Brandon Montour,D,FLA,53,1,block_non_hd
8477986,Brandon Montour,D,FLA,64,13,block_non_hd
8477986,Brandon Montour,D,FLA,84,-2,crease_goal
8477986,Brandon Montour,D,FLA,78,39,hit_taken
8477986,Brandon Montour,D,FLA,97,14,hit_taken
8477986,Brandon Montour,D,FLA,57,-38,hit_taken
8477986,Brandon Montour,D,FLA,97,-9,hit_taken
8477986,Brandon Montour,D,FLA,39,39,hit_taken
8477986,Brandon Montour,D,FLA,95,-15,hit_taken
8477986,Brandon Montour,D,FLA,95,9,hit_taken
8477986,Brandon Montour,D,FLA,45,37,hit_taken
8477986,Brandon Montour,D,FLA,59,-39,hit_taken
8477986,Brandon Montour,D,FLA,41,-42,hit_taken
8477986,Brandon Montour,D,FLA,16,37,hit_taken
8477986,Brandon Montour,D,FLA,96,-22,hit_taken
8477986,Brandon Montour,D,FLA,76,37,hit_taken
8477986,Brandon Montour,D,FLA,55,-37,hit_taken
8477986,Brandon Montour,D,FLA,64,-39,hit_taken
8477986,Brandon Montour,D,FLA,77,-40,hit_taken
8477986,Brandon Montour,D,FLA,12,-39,hit_taken
8477986,Brandon Montour,D,FLA,51,-4,hit_taken
8477986,Brandon Montour,D,FLA,96,18,hit_taken
8477986,Brandon Montour,D,FLA,51,38,hit_taken
8477986,Brandon Montour,D,FLA,54,-39,hit_taken
8477986,Brandon Montour,D,FLA,91,10,hit_taken
8477986,Brandon Montour,D,FLA,7,38,hit_taken
8477986,Brandon Montour,D,FLA,95,6,hit_taken
8477986,Brandon Montour,D,FLA,52,-38,hit_taken
8477986,Brandon Montour,D,FLA,6,-39,hit_taken
8477986,Brandon Montour,D,FLA,83,30,hit_taken
8477986,Brandon Montour,D,FLA,95,-3,hit_taken
8477986,Brandon Montour,D,FLA,98,13,hit_taken
8477986,Brandon Montour,D,FLA,15,-40,hit_taken
8477986,Brandon Montour,D,FLA,14,-36,hit_taken
8477986,Brandon Montour,D,FLA,66,37,hit_taken
8477986,Brandon Montour,D,FLA,79,-38,hit_taken
8477986,Brandon Montour,D,FLA,41,-38,hit_taken
8477986,Brandon Montour,D,FLA,74,-39,hit_taken
8477986,Brandon Montour,D,FLA,98,-6,hit_taken
8477986,Brandon Montour,D,FLA,85,36,hit_taken
8477986,Brandon Montour,D,FLA,89,35,hit_taken
8477986,Brandon Montour,D,FLA,19,41,hit_taken
8477986,Brandon Montour,D,FLA,95,24,hit_taken
8477986,Brandon Montour,D,FLA,74,39,hit_taken
8477986,Brandon Montour,D,FLA,77,38,hit_taken
8477986,Brandon Montour,D,FLA,98,-13,hit_taken
8477986,Brandon Montour,D,FLA,84,39,hit_taken
8477986,Brandon Montour,D,FLA,65,39,hit_taken
8477986,Brandon Montour,D,FLA,89,-30,hit_taken
8477986,Brandon Montour,D,FLA,86,35,hit_taken
8477986,Brandon Montour,D,FLA,61,37,hit_taken
8477986,Brandon Montour,D,FLA,42,23,hit_taken
8477986,Brandon Montour,D,FLA,95,15,hit_taken
8477986,Brandon Montour,D,FLA,84,38,hit_taken
8477986,Brandon Montour,D,FLA,79,-39,hit_taken
8477986,Brandon Montour,D,FLA,94,29,hit_taken
8477986,Brandon Montour,D,FLA,64,40,hit_taken
8477986,Brandon Montour,D,FLA,77,38,hit_taken
8477986,Brandon Montour,D,FLA,97,10,hit_taken
8477986,Brandon Montour,D,FLA,96,4,hit_taken
8477986,Brandon Montour,D,FLA,95,13,hit_taken
8477986,Brandon Montour,D,FLA,96,11,hit_taken
8477986,Brandon Montour,D,FLA,90,-30,hit_taken
8477986,Brandon Montour,D,FLA,64,-40,hit_taken
8477986,Brandon Montour,D,FLA,89,-31,hit_taken
8477986,Brandon Montour,D,FLA,92,30,hit_taken
8477986,Brandon Montour,D,FLA,96,13,hit_thrown
8477986,Brandon Montour,D,FLA,18,41,hit_thrown
8477986,Brandon Montour,D,FLA,91,-28,hit_thrown
8477986,Brandon Montour,D,FLA,42,0,hit_thrown
8477986,Brandon Montour,D,FLA,96,16,hit_thrown
8477986,Brandon Montour,D,FLA,80,-40,hit_thrown
8477986,Brandon Montour,D,FLA,4,-37,hit_thrown
8477986,Brandon Montour,D,FLA,16,36,hit_thrown
8477986,Brandon Montour,D,FLA,32,17,hit_thrown
8477986,Brandon Montour,D,FLA,20,-2,hit_thrown
8477986,Brandon Montour,D,FLA,33,32,hit_thrown
8477986,Brandon Montour,D,FLA,97,6,hit_thrown
8477986,Brandon Montour,D,FLA,90,27,hit_thrown
8477986,Brandon Montour,D,FLA,12,34,hit_thrown
8477986,Brandon Montour,D,FLA,84,35,hit_thrown
8477986,Brandon Montour,D,FLA,36,-37,hit_thrown
8477986,Brandon Montour,D,FLA,96,13,hit_thrown
8477986,Brandon Montour,D,FLA,47,-40,hit_thrown
8477986,Brandon Montour,D,FLA,10,41,hit_thrown
8477986,Brandon Montour,D,FLA,32,-13,hit_thrown
8477986,Brandon Montour,D,FLA,96,-11,hit_thrown
8477986,Brandon Montour,D,FLA,77,36,hit_thrown
8477986,Brandon Montour,D,FLA,90,21,hit_thrown
8477986,Brandon Montour,D,FLA,63,39,hit_thrown
8477986,Brandon Montour,D,FLA,89,32,hit_thrown
8477986,Brandon Montour,D,FLA,54,37,hit_thrown
8477986,Brandon Montour,D,FLA,98,1,hit_thrown
8477986,Brandon Montour,D,FLA,96,3,hit_thrown
8477986,Brandon Montour,D,FLA,96,14,hit_thrown
8477986,Brandon Montour,D,FLA,97,-20,hit_thrown
8477986,Brandon Montour,D,FLA,88,-34,hit_thrown
8477986,Brandon Montour,D,FLA,97,-2,hit_thrown
8477986,Brandon Montour,D,FLA,78,-39,hit_thrown
8477986,Brandon Montour,D,FLA,93,27,hit_thrown
8477986,Brandon Montour,D,FLA,95,-25,hit_thrown
8477986,Brandon Montour,D,FLA,57,9,hit_thrown
8477986,Brandon Montour,D,FLA,96,2,hit_thrown
8477986,Brandon Montour,D,FLA,39,38,hit_thrown
8477986,Brandon Montour,D,FLA,13,41,hit_thrown
8477986,Brandon Montour,D,FLA,92,-33,hit_thrown
8477986,Brandon Montour,D,FLA,80,-37,hit_thrown
8477986,Brandon Montour,D,FLA,92,-29,hit_thrown
8477986,Brandon Montour,D,FLA,52,40,hit_thrown
8477986,Brandon Montour,D,FLA,40,41,hit_thrown
8477986,Brandon Montour,D,FLA,89,-32,hit_thrown
8477986,Brandon Montour,D,FLA,86,-36,hit_thrown
8477986,Brandon Montour,D,FLA,46,36,hit_thrown
8477986,Brandon Montour,D,FLA,75,-37,hit_thrown
8477986,Brandon Montour,D,FLA,97,10,takeaway_hd
8477986,Brandon Montour,D,FLA,73,-6,takeaway_hd
8477986,Brandon Montour,D,FLA,35,-35,takeaway_other
8477986,Brandon Montour,D,FLA,70,-25,takeaway_other
8477986,Brandon Montour,D,FLA,41,-1,takeaway_other
8477986,Brandon Montour,D,FLA,68,-38,takeaway_other
8477986,Brandon Montour,D,FLA,66,-7,takeaway_other
8477986,Brandon Montour,D,FLA,35,-35,takeaway_other
8477986,Brandon Montour,D,FLA,58,17,takeaway_other
8477986,Brandon Montour,D,FLA,51,34,takeaway_other
8477986,Brandon Montour,D,FLA,31,-32,takeaway_other
8477986,Brandon Montour,D,FLA,93,-24,takeaway_other
8477986,Brandon Montour,D,FLA,17,-5,takeaway_other
8477986,Brandon Montour,D,FLA,55,-37,takeaway_other
8477998,Warren Foegele,L,EDM,76,2,block_hd
8477998,Warren Foegele,L,EDM,51,32,block_non_hd
8477998,Warren Foegele,L,EDM,43,26,block_non_hd
8477998,Warren Foegele,L,EDM,58,1,block_non_hd
8477998,Warren Foegele,L,EDM,54,-19,block_non_hd
8477998,Warren Foegele,L,EDM,66,-22,block_non_hd
8477998,Warren Foegele,L,EDM,59,-7,block_non_hd
8477998,Warren Foegele,L,EDM,61,16,block_non_hd
8477998,Warren Foegele,L,EDM,44,-40,hit_taken
8477998,Warren Foegele,L,EDM,8,-29,hit_taken
8477998,Warren Foegele,L,EDM,30,1,hit_taken
8477998,Warren Foegele,L,EDM,15,18,hit_taken
8477998,Warren Foegele,L,EDM,95,-22,hit_taken
8477998,Warren Foegele,L,EDM,75,-6,hit_taken
8477998,Warren Foegele,L,EDM,71,40,hit_taken
8477998,Warren Foegele,L,EDM,96,-9,hit_taken
8477998,Warren Foegele,L,EDM,84,30,hit_taken
8477998,Warren Foegele,L,EDM,59,41,hit_taken
8477998,Warren Foegele,L,EDM,94,-31,hit_taken
8477998,Warren Foegele,L,EDM,21,17,hit_taken
8477998,Warren Foegele,L,EDM,55,-40,hit_taken
8477998,Warren Foegele,L,EDM,87,5,hit_taken
8477998,Warren Foegele,L,EDM,98,-18,hit_taken
8477998,Warren Foegele,L,EDM,90,-30,hit_taken
8477998,Warren Foegele,L,EDM,8,-41,hit_taken
8477998,Warren Foegele,L,EDM,76,-39,hit_taken
8477998,Warren Foegele,L,EDM,29,-41,hit_taken
8477998,Warren Foegele,L,EDM,33,-40,hit_taken
8477998,Warren Foegele,L,EDM,29,10,hit_taken
8477998,Warren Foegele,L,EDM,17,-40,hit_taken
8477998,Warren Foegele,L,EDM,99,15,hit_taken
8477998,Warren Foegele,L,EDM,62,40,hit_taken
8477998,Warren Foegele,L,EDM,96,-11,hit_taken
8477998,Warren Foegele,L,EDM,12,40,hit_taken
8477998,Warren Foegele,L,EDM,92,-18,hit_taken
8477998,Warren Foegele,L,EDM,59,-40,hit_taken
8477998,Warren Foegele,L,EDM,57,40,hit_taken
8477998,Warren Foegele,L,EDM,94,-22,hit_taken
8477998,Warren Foegele,L,EDM,18,-23,hit_taken
8477998,Warren Foegele,L,EDM,41,-36,hit_taken
8477998,Warren Foegele,L,EDM,66,-39,hit_taken
8477998,Warren Foegele,L,EDM,52,40,hit_taken
8477998,Warren Foegele,L,EDM,14,41,hit_taken
8477998,Warren Foegele,L,EDM,60,21,hit_taken
8477998,Warren Foegele,L,EDM,74,38,hit_taken
8477998,Warren Foegele,L,EDM,39,-37,hit_taken
8477998,Warren Foegele,L,EDM,49,-38,hit_taken
8477998,Warren Foegele,L,EDM,12,40,hit_thrown
8477998,Warren Foegele,L,EDM,47,-40,hit_thrown
8477998,Warren Foegele,L,EDM,98,18,hit_thrown
8477998,Warren Foegele,L,EDM,75,-40,hit_thrown
8477998,Warren Foegele,L,EDM,88,-33,hit_thrown
8477998,Warren Foegele,L,EDM,4,-42,hit_thrown
8477998,Warren Foegele,L,EDM,93,29,hit_thrown
8477998,Warren Foegele,L,EDM,16,38,hit_thrown
8477998,Warren Foegele,L,EDM,13,37,hit_thrown
8477998,Warren Foegele,L,EDM,36,39,hit_thrown
8477998,Warren Foegele,L,EDM,50,38,hit_thrown
8477998,Warren Foegele,L,EDM,96,23,hit_thrown
8477998,Warren Foegele,L,EDM,88,-33,hit_thrown
8477998,Warren Foegele,L,EDM,77,-39,hit_thrown
8477998,Warren Foegele,L,EDM,99,6,hit_thrown
8477998,Warren Foegele,L,EDM,67,-41,hit_thrown
8477998,Warren Foegele,L,EDM,98,1,hit_thrown
8477998,Warren Foegele,L,EDM,97,1,hit_thrown
8477998,Warren Foegele,L,EDM,29,-40,hit_thrown
8477998,Warren Foegele,L,EDM,29,35,hit_thrown
8477998,Warren Foegele,L,EDM,95,23,hit_thrown
8477998,Warren Foegele,L,EDM,9,-40,hit_thrown
8477998,Warren Foegele,L,EDM,37,-4,hit_thrown
8477998,Warren Foegele,L,EDM,94,-23,hit_thrown
8477998,Warren Foegele,L,EDM,91,30,hit_thrown
8477998,Warren Foegele,L,EDM,98,7,hit_thrown
8477998,Warren Foegele,L,EDM,43,38,hit_thrown
8477998,Warren Foegele,L,EDM,92,-29,hit_thrown
8477998,Warren Foegele,L,EDM,92,27,hit_thrown
8477998,Warren Foegele,L,EDM,98,-7,hit_thrown
8477998,Warren Foegele,L,EDM,51,-41,hit_thrown
8477998,Warren Foegele,L,EDM,97,12,hit_thrown
8477998,Warren Foegele,L,EDM,42,41,hit_thrown
8477998,Warren Foegele,L,EDM,34,40,hit_thrown
8477998,Warren Foegele,L,EDM,90,-30,hit_thrown
8477998,Warren Foegele,L,EDM,93,24,hit_thrown
8477998,Warren Foegele,L,EDM,98,-4,takeaway_hd
8477998,Warren Foegele,L,EDM,20,29,takeaway_other
8477998,Warren Foegele,L,EDM,31,39,takeaway_other
8477998,Warren Foegele,L,EDM,80,-35,takeaway_other
8477998,Warren Foegele,L,EDM,26,-24,takeaway_other
8477998,Warren Foegele,L,EDM,9,38,takeaway_other
8477998,Warren Foegele,L,EDM,33,18,takeaway_other
8477998,Warren Foegele,L,EDM,15,-38,takeaway_other
8477998,Warren Foegele,L,EDM,50,-36,takeaway_other
8477998,Warren Foegele,L,EDM,10,-37,takeaway_other
8477998,Warren Foegele,L,EDM,65,38,takeaway_other
8477998,Warren Foegele,L,EDM,94,-27,takeaway_other
8477998,Warren Foegele,L,EDM,49,-25,takeaway_other
8477998,Warren Foegele,L,EDM,63,-24,takeaway_other
8477998,Warren Foegele,L,EDM,34,27,takeaway_other
8477998,Warren Foegele,L,EDM,38,19,takeaway_other
8478010,Brayden Point,C,TBL,80,-7,block_hd
8478010,Brayden Point,C,TBL,46,-22,block_non_hd
8478010,Brayden Point,C,TBL,66,30,block_non_hd
8478010,Brayden Point,C,TBL,55,16,block_non_hd
8478010,Brayden Point,C,TBL,80,-1,crease_goal
8478010,Brayden Point,C,TBL,87,6,crease_goal
8478010,Brayden Point,C,TBL,69,-22,dz_faceoff_win
8478010,Brayden Point,C,TBL,98,-7,hit_taken
8478010,Brayden Point,C,TBL,81,37,hit_taken
8478010,Brayden Point,C,TBL,4,-41,hit_taken
8478010,Brayden Point,C,TBL,87,-34,hit_taken
8478010,Brayden Point,C,TBL,85,33,hit_taken
8478010,Brayden Point,C,TBL,83,-38,hit_taken
8478010,Brayden Point,C,TBL,98,9,hit_taken
8478010,Brayden Point,C,TBL,45,-37,hit_taken
8478010,Brayden Point,C,TBL,94,-21,hit_taken
8478010,Brayden Point,C,TBL,95,25,hit_thrown
8478010,Brayden Point,C,TBL,65,-40,hit_thrown
8478010,Brayden Point,C,TBL,89,-31,hit_thrown
8478010,Brayden Point,C,TBL,1,37,hit_thrown
8478010,Brayden Point,C,TBL,46,40,hit_thrown
8478010,Brayden Point,C,TBL,63,-42,hit_thrown
8478010,Brayden Point,C,TBL,24,39,hit_thrown
8478010,Brayden Point,C,TBL,74,-38,hit_thrown
8478010,Brayden Point,C,TBL,50,41,hit_thrown
8478010,Brayden Point,C,TBL,75,17,takeaway_hd
8478010,Brayden Point,C,TBL,95,-25,takeaway_other
8478010,Brayden Point,C,TBL,75,-40,takeaway_other
8478010,Brayden Point,C,TBL,5,-38,takeaway_other
8478010,Brayden Point,C,TBL,37,24,takeaway_other
8478020,Michael Amadio,R,VGK,69,-9,block_non_hd
8478020,Michael Amadio,R,VGK,79,4,crease_goal
8478020,Michael Amadio,R,VGK,69,22,dz_faceoff_win
8478020,Michael Amadio,R,VGK,69,22,dz_faceoff_win
8478020,Michael Amadio,R,VGK,27,40,hit_taken
8478020,Michael Amadio,R,VGK,26,41,hit_taken
8478020,Michael Amadio,R,VGK,97,8,hit_taken
8478020,Michael Amadio,R,VGK,73,-41,hit_taken
8478020,Michael Amadio,R,VGK,32,40,hit_taken
8478020,Michael Amadio,R,VGK,89,35,hit_taken
8478020,Michael Amadio,R,VGK,96,26,hit_thrown
8478020,Michael Amadio,R,VGK,70,41,hit_thrown
8478020,Michael Amadio,R,VGK,58,-24,takeaway_other
8478038,Devon Toews,D,COL,84,-6,block_hd
8478038,Devon Toews,D,COL,81,1,block_hd
8478038,Devon Toews,D,COL,80,-5,block_hd
8478038,Devon Toews,D,COL,78,-1,block_hd
8478038,Devon Toews,D,COL,78,5,block_hd
8478038,Devon Toews,D,COL,54,0,block_non_hd
8478038,Devon Toews,D,COL,66,-16,block_non_hd
8478038,Devon Toews,D,COL,78,29,block_non_hd
8478038,Devon Toews,D,COL,53,-2,block_non_hd
8478038,Devon Toews,D,COL,62,1,block_non_hd
8478038,Devon Toews,D,COL,49,8,block_non_hd
8478038,Devon Toews,D,COL,68,-13,block_non_hd
8478038,Devon Toews,D,COL,69,-3,block_non_hd
8478038,Devon Toews,D,COL,97,-13,hit_taken
8478038,Devon Toews,D,COL,90,-32,hit_taken
8478038,Devon Toews,D,COL,1,39,hit_taken
8478038,Devon Toews,D,COL,97,2,hit_taken
8478038,Devon Toews,D,COL,93,22,hit_taken
8478038,Devon Toews,D,COL,63,-4,hit_taken
8478038,Devon Toews,D,COL,52,41,hit_taken
8478038,Devon Toews,D,COL,98,-4,hit_thrown
8478038,Devon Toews,D,COL,98,-16,hit_thrown
8478038,Devon Toews,D,COL,83,35,hit_thrown
8478038,Devon Toews,D,COL,97,-21,hit_thrown
8478038,Devon Toews,D,COL,73,-39,hit_thrown
8478038,Devon Toews,D,COL,78,-38,hit_thrown
8478038,Devon Toews,D,COL,98,14,hit_thrown
8478038,Devon Toews,D,COL,91,34,hit_thrown
8478038,Devon Toews,D,COL,99,-14,hit_thrown
8478038,Devon Toews,D,COL,96,23,hit_thrown
8478038,Devon Toews,D,COL,99,7,hit_thrown
8478038,Devon Toews,D,COL,92,27,hit_thrown
8478038,Devon Toews,D,COL,9,42,hit_thrown
8478038,Devon Toews,D,COL,97,-8,hit_thrown
8478038,Devon Toews,D,COL,95,-5,takeaway_hd
8478038,Devon Toews,D,COL,98,5,takeaway_hd
8478038,Devon Toews,D,COL,55,-39,takeaway_other
8478038,Devon Toews,D,COL,70,38,takeaway_other
8478038,Devon Toews,D,COL,68,-37,takeaway_other
8478038,Devon Toews,D,COL,36,-36,takeaway_other
8478038,Devon Toews,D,COL,99,19,takeaway_other
8478038,Devon Toews,D,COL,5,-40,takeaway_other
8478038,Devon Toews,D,COL,22,-19,takeaway_other
8478038,Devon Toews,D,COL,60,37,takeaway_other
8478038,Devon Toews,D,COL,40,-11,takeaway_other
8478038,Devon Toews,D,COL,56,-39,takeaway_other
8478042,Viktor Arvidsson,R,LAK,56,8,block_non_hd
8478042,Viktor Arvidsson,R,LAK,38,8,block_non_hd
8478042,Viktor Arvidsson,R,LAK,46,-28,block_non_hd
8478042,Viktor Arvidsson,R,LAK,53,-23,block_non_hd
8478042,Viktor Arvidsson,R,LAK,53,-19,block_non_hd
8478042,Viktor Arvidsson,R,LAK,18,39,hit_taken
8478042,Viktor Arvidsson,R,LAK,95,-18,hit_taken
8478042,Viktor Arvidsson,R,LAK,45,-37,hit_taken
8478042,Viktor Arvidsson,R,LAK,97,-19,hit_taken
8478042,Viktor Arvidsson,R,LAK,70,38,hit_taken
8478042,Viktor Arvidsson,R,LAK,44,-39,hit_taken
8478042,Viktor Arvidsson,R,LAK,91,-31,hit_taken
8478042,Viktor Arvidsson,R,LAK,61,-40,hit_taken
8478042,Viktor Arvidsson,R,LAK,71,38,hit_thrown
8478042,Viktor Arvidsson,R,LAK,86,37,hit_thrown
8478042,Viktor Arvidsson,R,LAK,40,39,hit_thrown
8478042,Viktor Arvidsson,R,LAK,59,-40,hit_thrown
8478042,Viktor Arvidsson,R,LAK,39,2,hit_thrown
8478042,Viktor Arvidsson,R,LAK,21,28,hit_thrown
8478042,Viktor Arvidsson,R,LAK,94,22,hit_thrown
8478042,Viktor Arvidsson,R,LAK,87,32,hit_thrown
8478042,Viktor Arvidsson,R,LAK,44,-39,hit_thrown
8478042,Viktor Arvidsson,R,LAK,96,-19,hit_thrown
8478042,Viktor Arvidsson,R,LAK,86,34,hit_thrown
8478042,Viktor Arvidsson,R,LAK,87,30,hit_thrown
8478042,Viktor Arvidsson,R,LAK,75,28,takeaway_other
8478042,Viktor Arvidsson,R,LAK,30,29,takeaway_other
8478042,Viktor Arvidsson,R,LAK,38,-1,takeaway_other
8478042,Viktor Arvidsson,R,LAK,70,39,takeaway_other
8478042,Viktor Arvidsson,R,LAK,14,-35,takeaway_other
8478042,Viktor Arvidsson,R,LAK,45,-10,takeaway_other
8478042,Viktor Arvidsson,R,LAK,2,-33,takeaway_other
8478043,Sam Lafferty,C,VAN,84,-6,block_hd
8478043,Sam Lafferty,C,VAN,69,-22,dz_faceoff_win
8478043,Sam Lafferty,C,VAN,69,22,dz_faceoff_win
8478043,Sam Lafferty,C,VAN,69,22,dz_faceoff_win
8478043,Sam Lafferty,C,VAN,69,22,dz_faceoff_win
8478043,Sam Lafferty,C,VAN,69,22,dz_faceoff_win
8478043,Sam Lafferty,C,VAN,69,22,dz_faceoff_win
8478043,Sam Lafferty,C,VAN,69,22,dz_faceoff_win
8478043,Sam Lafferty,C,VAN,95,18,hit_taken
8478043,Sam Lafferty,C,VAN,10,36,hit_taken
8478043,Sam Lafferty,C,VAN,38,-37,hit_taken
8478043,Sam Lafferty,C,VAN,16,40,hit_taken
8478043,Sam Lafferty,C,VAN,66,-6,hit_taken
8478043,Sam Lafferty,C,VAN,88,-31,hit_taken
8478043,Sam Lafferty,C,VAN,32,40,hit_taken
8478043,Sam Lafferty,C,VAN,95,12,hit_taken
8478043,Sam Lafferty,C,VAN,97,-13,hit_taken
8478043,Sam Lafferty,C,VAN,9,-41,hit_taken
8478043,Sam Lafferty,C,VAN,46,29,hit_thrown
8478043,Sam Lafferty,C,VAN,93,-25,hit_thrown
8478043,Sam Lafferty,C,VAN,82,-38,hit_thrown
8478043,Sam Lafferty,C,VAN,95,21,hit_thrown
8478043,Sam Lafferty,C,VAN,88,36,hit_thrown
8478043,Sam Lafferty,C,VAN,87,34,hit_thrown
8478043,Sam Lafferty,C,VAN,87,34,hit_thrown
8478043,Sam Lafferty,C,VAN,97,-2,hit_thrown
8478043,Sam Lafferty,C,VAN,65,-38,hit_thrown
8478043,Sam Lafferty,C,VAN,31,38,hit_thrown
8478043,Sam Lafferty,C,VAN,7,-39,hit_thrown
8478043,Sam Lafferty,C,VAN,96,-11,hit_thrown
8478043,Sam Lafferty,C,VAN,21,17,hit_thrown
8478043,Sam Lafferty,C,VAN,95,-7,hit_thrown
8478043,Sam Lafferty,C,VAN,38,37,hit_thrown
8478043,Sam Lafferty,C,VAN,71,-42,hit_thrown
8478043,Sam Lafferty,C,VAN,61,-41,hit_thrown
8478043,Sam Lafferty,C,VAN,15,-38,hit_thrown
8478043,Sam Lafferty,C,VAN,56,37,hit_thrown
8478043,Sam Lafferty,C,VAN,24,-41,hit_thrown
8478043,Sam Lafferty,C,VAN,32,38,hit_thrown
8478043,Sam Lafferty,C,VAN,24,-39,hit_thrown
8478043,Sam Lafferty,C,VAN,97,5,hit_thrown
8478043,Sam Lafferty,C,VAN,64,-40,hit_thrown
8478043,Sam Lafferty,C,VAN,76,8,hit_thrown
8478043,Sam Lafferty,C,VAN,94,21,hit_thrown
8478043,Sam Lafferty,C,VAN,64,40,hit_thrown
8478046,Danton Heinen,L,BOS,79,-4,block_hd
8478046,Danton Heinen,L,BOS,83,-1,block_hd
8478046,Danton Heinen,L,BOS,68,-1,block_non_hd
8478046,Danton Heinen,L,BOS,44,19,block_non_hd
8478046,Danton Heinen,L,BOS,60,36,block_non_hd
8478046,Danton Heinen,L,BOS,92,-13,hit_taken
8478046,Danton Heinen,L,BOS,11,-37,hit_taken
8478046,Danton Heinen,L,BOS,58,-37,hit_taken
8478046,Danton Heinen,L,BOS,95,-11,hit_taken
8478046,Danton Heinen,L,BOS,44,37,hit_taken
8478046,Danton Heinen,L,BOS,13,-40,hit_taken
8478046,Danton Heinen,L,BOS,99,-10,hit_taken
8478046,Danton Heinen,L,BOS,63,40,hit_taken
8478046,Danton Heinen,L,BOS,78,35,hit_taken
8478046,Danton Heinen,L,BOS,17,39,hit_taken
8478046,Danton Heinen,L,BOS,98,15,hit_taken
8478046,Danton Heinen,L,BOS,8,-40,hit_taken
8478046,Danton Heinen,L,BOS,5,38,hit_taken
8478046,Danton Heinen,L,BOS,10,36,hit_taken
8478046,Danton Heinen,L,BOS,76,39,hit_taken
8478046,Danton Heinen,L,BOS,73,-34,hit_taken
8478046,Danton Heinen,L,BOS,39,39,hit_taken
8478046,Danton Heinen,L,BOS,83,-35,hit_taken
8478046,Danton Heinen,L,BOS,96,-10,hit_taken
8478046,Danton Heinen,L,BOS,54,-39,hit_taken
8478046,Danton Heinen,L,BOS,77,36,hit_taken
8478046,Danton Heinen,L,BOS,42,-2,hit_taken
8478046,Danton Heinen,L,BOS,34,37,hit_taken
8478046,Danton Heinen,L,BOS,94,21,hit_taken
8478046,Danton Heinen,L,BOS,63,37,hit_thrown
8478046,Danton Heinen,L,BOS,47,39,hit_thrown
8478046,Danton Heinen,L,BOS,55,-39,hit_thrown
8478046,Danton Heinen,L,BOS,98,-22,hit_thrown
8478046,Danton Heinen,L,BOS,83,-36,hit_thrown
8478046,Danton Heinen,L,BOS,97,-13,hit_thrown
8478046,Danton Heinen,L,BOS,96,28,hit_thrown
8478046,Danton Heinen,L,BOS,99,6,hit_thrown
8478046,Danton Heinen,L,BOS,94,-13,hit_thrown
8478046,Danton Heinen,L,BOS,93,-17,hit_thrown
8478046,Danton Heinen,L,BOS,96,25,hit_thrown
8478046,Danton Heinen,L,BOS,39,-7,hit_thrown
8478046,Danton Heinen,L,BOS,38,2,takeaway_other
8478046,Danton Heinen,L,BOS,38,-18,takeaway_other
8478055,Gustav Forsling,D,FLA,78,0,block_hd
8478055,Gustav Forsling,D,FLA,81,2,block_hd
8478055,Gustav Forsling,D,FLA,71,4,block_hd
8478055,Gustav Forsling,D,FLA,70,3,block_hd
8478055,Gustav Forsling,D,FLA,77,-1,block_hd
8478055,Gustav Forsling,D,FLA,81,4,block_hd
8478055,Gustav Forsling,D,FLA,71,-15,block_hd
8478055,Gustav Forsling,D,FLA,86,7,block_hd
8478055,Gustav Forsling,D,FLA,82,-4,block_hd
8478055,Gustav Forsling,D,FLA,70,-17,block_hd
8478055,Gustav Forsling,D,FLA,79,0,block_hd
8478055,Gustav Forsling,D,FLA,76,-14,block_hd
8478055,Gustav Forsling,D,FLA,85,11,block_hd
8478055,Gustav Forsling,D,FLA,72,-7,block_hd
8478055,Gustav Forsling,D,FLA,68,-13,block_non_hd
8478055,Gustav Forsling,D,FLA,67,6,block_non_hd
8478055,Gustav Forsling,D,FLA,67,-13,block_non_hd
8478055,Gustav Forsling,D,FLA,62,-12,block_non_hd
8478055,Gustav Forsling,D,FLA,67,22,block_non_hd
8478055,Gustav Forsling,D,FLA,67,19,block_non_hd
8478055,Gustav Forsling,D,FLA,50,-32,block_non_hd
8478055,Gustav Forsling,D,FLA,67,-18,block_non_hd
8478055,Gustav Forsling,D,FLA,49,21,block_non_hd
8478055,Gustav Forsling,D,FLA,68,-17,block_non_hd
8478055,Gustav Forsling,D,FLA,79,29,block_non_hd
8478055,Gustav Forsling,D,FLA,26,4,block_non_hd
8478055,Gustav Forsling,D,FLA,61,5,block_non_hd
8478055,Gustav Forsling,D,FLA,50,-15,block_non_hd
8478055,Gustav Forsling,D,FLA,54,-26,block_non_hd
8478055,Gustav Forsling,D,FLA,75,20,block_non_hd
8478055,Gustav Forsling,D,FLA,98,-11,hit_taken
8478055,Gustav Forsling,D,FLA,2,-39,hit_taken
8478055,Gustav Forsling,D,FLA,98,5,hit_taken
8478055,Gustav Forsling,D,FLA,95,-11,hit_taken
8478055,Gustav Forsling,D,FLA,1,37,hit_taken
8478055,Gustav Forsling,D,FLA,0,-35,hit_taken
8478055,Gustav Forsling,D,FLA,63,-42,hit_taken
8478055,Gustav Forsling,D,FLA,18,39,hit_taken
8478055,Gustav Forsling,D,FLA,74,-38,hit_taken
8478055,Gustav Forsling,D,FLA,5,39,hit_taken
8478055,Gustav Forsling,D,FLA,67,-39,hit_taken
8478055,Gustav Forsling,D,FLA,96,-24,hit_taken
8478055,Gustav Forsling,D,FLA,95,14,hit_taken
8478055,Gustav Forsling,D,FLA,95,24,hit_taken
8478055,Gustav Forsling,D,FLA,88,27,hit_taken
8478055,Gustav Forsling,D,FLA,82,-35,hit_taken
8478055,Gustav Forsling,D,FLA,92,-6,hit_taken
8478055,Gustav Forsling,D,FLA,50,36,hit_taken
8478055,Gustav Forsling,D,FLA,97,-2,hit_taken
8478055,Gustav Forsling,D,FLA,98,8,hit_taken
8478055,Gustav Forsling,D,FLA,87,-36,hit_taken
8478055,Gustav Forsling,D,FLA,93,28,hit_taken
8478055,Gustav Forsling,D,FLA,91,22,hit_taken
8478055,Gustav Forsling,D,FLA,98,16,hit_taken
8478055,Gustav Forsling,D,FLA,19,39,hit_taken
8478055,Gustav Forsling,D,FLA,76,-37,hit_taken
8478055,Gustav Forsling,D,FLA,93,29,hit_taken
8478055,Gustav Forsling,D,FLA,68,36,hit_taken
8478055,Gustav Forsling,D,FLA,43,39,hit_taken
8478055,Gustav Forsling,D,FLA,93,22,hit_taken
8478055,Gustav Forsling,D,FLA,95,12,hit_taken
8478055,Gustav Forsling,D,FLA,52,-40,hit_taken
8478055,Gustav Forsling,D,FLA,91,-27,hit_taken
8478055,Gustav Forsling,D,FLA,97,-21,hit_taken
8478055,Gustav Forsling,D,FLA,91,-29,hit_taken
8478055,Gustav Forsling,D,FLA,93,-28,hit_taken
8478055,Gustav Forsling,D,FLA,61,-40,hit_taken
8478055,Gustav Forsling,D,FLA,82,37,hit_taken
8478055,Gustav Forsling,D,FLA,74,38,hit_taken
8478055,Gustav Forsling,D,FLA,96,18,hit_taken
8478055,Gustav Forsling,D,FLA,7,39,hit_taken
8478055,Gustav Forsling,D,FLA,42,-40,hit_taken
8478055,Gustav Forsling,D,FLA,98,20,hit_taken
8478055,Gustav Forsling,D,FLA,61,41,hit_taken
8478055,Gustav Forsling,D,FLA,72,-35,hit_taken
8478055,Gustav Forsling,D,FLA,94,-23,hit_taken
8478055,Gustav Forsling,D,FLA,33,35,hit_taken
8478055,Gustav Forsling,D,FLA,91,29,hit_thrown
8478055,Gustav Forsling,D,FLA,57,-37,hit_thrown
8478055,Gustav Forsling,D,FLA,98,-14,hit_thrown
8478055,Gustav Forsling,D,FLA,99,-15,hit_thrown
8478055,Gustav Forsling,D,FLA,16,-40,hit_thrown
8478055,Gustav Forsling,D,FLA,3,-38,hit_thrown
8478055,Gustav Forsling,D,FLA,36,-41,hit_thrown
8478055,Gustav Forsling,D,FLA,91,27,hit_thrown
8478055,Gustav Forsling,D,FLA,90,33,hit_thrown
8478055,Gustav Forsling,D,FLA,75,-36,hit_thrown
8478055,Gustav Forsling,D,FLA,25,-23,hit_thrown
8478055,Gustav Forsling,D,FLA,35,-40,hit_thrown
8478055,Gustav Forsling,D,FLA,76,-37,hit_thrown
8478055,Gustav Forsling,D,FLA,23,-37,hit_thrown
8478055,Gustav Forsling,D,FLA,95,-15,hit_thrown
8478055,Gustav Forsling,D,FLA,98,-8,hit_thrown
8478055,Gustav Forsling,D,FLA,71,-38,hit_thrown
8478055,Gustav Forsling,D,FLA,30,29,hit_thrown
8478055,Gustav Forsling,D,FLA,75,-39,hit_thrown
8478055,Gustav Forsling,D,FLA,36,-39,hit_thrown
8478055,Gustav Forsling,D,FLA,97,-18,hit_thrown
8478055,Gustav Forsling,D,FLA,19,-37,hit_thrown
8478055,Gustav Forsling,D,FLA,52,-38,hit_thrown
8478055,Gustav Forsling,D,FLA,71,-38,hit_thrown
8478055,Gustav Forsling,D,FLA,88,31,hit_thrown
8478055,Gustav Forsling,D,FLA,68,-39,hit_thrown
8478055,Gustav Forsling,D,FLA,91,-28,hit_thrown
8478055,Gustav Forsling,D,FLA,78,-40,hit_thrown
8478055,Gustav Forsling,D,FLA,22,-32,hit_thrown
8478055,Gustav Forsling,D,FLA,68,-38,hit_thrown
8478055,Gustav Forsling,D,FLA,11,-40,hit_thrown
8478055,Gustav Forsling,D,FLA,33,-40,hit_thrown
8478055,Gustav Forsling,D,FLA,74,-40,hit_thrown
8478055,Gustav Forsling,D,FLA,77,-37,hit_thrown
8478055,Gustav Forsling,D,FLA,27,-39,hit_thrown
8478055,Gustav Forsling,D,FLA,37,39,hit_thrown
8478055,Gustav Forsling,D,FLA,45,-39,hit_thrown
8478055,Gustav Forsling,D,FLA,23,40,hit_thrown
8478055,Gustav Forsling,D,FLA,89,-30,hit_thrown
8478055,Gustav Forsling,D,FLA,18,-38,hit_thrown
8478055,Gustav Forsling,D,FLA,54,-39,hit_thrown
8478055,Gustav Forsling,D,FLA,8,36,hit_thrown
8478055,Gustav Forsling,D,FLA,29,-11,hit_thrown
8478055,Gustav Forsling,D,FLA,96,-20,hit_thrown
8478055,Gustav Forsling,D,FLA,97,-5,takeaway_hd
8478055,Gustav Forsling,D,FLA,9,13,takeaway_other
8478055,Gustav Forsling,D,FLA,58,-24,takeaway_other
8478055,Gustav Forsling,D,FLA,70,-22,takeaway_other
8478055,Gustav Forsling,D,FLA,33,-35,takeaway_other
8478055,Gustav Forsling,D,FLA,32,12,takeaway_other
8478055,Gustav Forsling,D,FLA,35,30,takeaway_other
8478055,Gustav Forsling,D,FLA,17,36,takeaway_other
8478055,Gustav Forsling,D,FLA,62,-35,takeaway_other
8478055,Gustav Forsling,D,FLA,31,-27,takeaway_other
8478055,Gustav Forsling,D,FLA,32,27,takeaway_other
8478055,Gustav Forsling,D,FLA,25,12,takeaway_other
8478055,Gustav Forsling,D,FLA,16,37,takeaway_other
8478055,Gustav Forsling,D,FLA,47,-20,takeaway_other
8478055,Gustav Forsling,D,FLA,10,14,takeaway_other
8478055,Gustav Forsling,D,FLA,50,-38,takeaway_other
8478055,Gustav Forsling,D,FLA,3,25,takeaway_other
8478055,Gustav Forsling,D,FLA,84,-24,takeaway_other
8478055,Gustav Forsling,D,FLA,46,4,takeaway_other
8478055,Gustav Forsling,D,FLA,45,31,takeaway_other
8478055,Gustav Forsling,D,FLA,39,-31,takeaway_other
8478057,Dakota Joshua,C,VAN,82,-5,block_hd
8478057,Dakota Joshua,C,VAN,80,1,block_hd
8478057,Dakota Joshua,C,VAN,83,3,block_hd
8478057,Dakota Joshua,C,VAN,59,-19,block_non_hd
8478057,Dakota Joshua,C,VAN,55,-5,block_non_hd
8478057,Dakota Joshua,C,VAN,43,1,block_non_hd
8478057,Dakota Joshua,C,VAN,58,10,block_non_hd
8478057,Dakota Joshua,C,VAN,43,-11,block_non_hd
8478057,Dakota Joshua,C,VAN,43,-8,block_non_hd
8478057,Dakota Joshua,C,VAN,49,-20,block_non_hd
8478057,Dakota Joshua,C,VAN,87,7,crease_goal
8478057,Dakota Joshua,C,VAN,85,2,crease_goal
8478057,Dakota Joshua,C,VAN,69,22,dz_faceoff_win
8478057,Dakota Joshua,C,VAN,8,-8,hit_taken
8478057,Dakota Joshua,C,VAN,98,-6,hit_taken
8478057,Dakota Joshua,C,VAN,98,0,hit_taken
8478057,Dakota Joshua,C,VAN,44,-40,hit_taken
8478057,Dakota Joshua,C,VAN,72,-40,hit_taken
8478057,Dakota Joshua,C,VAN,51,37,hit_taken
8478057,Dakota Joshua,C,VAN,56,39,hit_taken
8478057,Dakota Joshua,C,VAN,29,39,hit_taken
8478057,Dakota Joshua,C,VAN,98,3,hit_taken
8478057,Dakota Joshua,C,VAN,33,-37,hit_taken
8478057,Dakota Joshua,C,VAN,15,0,hit_taken
8478057,Dakota Joshua,C,VAN,48,38,hit_taken
8478057,Dakota Joshua,C,VAN,60,-38,hit_taken
8478057,Dakota Joshua,C,VAN,86,35,hit_taken
8478057,Dakota Joshua,C,VAN,71,33,hit_taken
8478057,Dakota Joshua,C,VAN,54,-38,hit_taken
8478057,Dakota Joshua,C,VAN,51,-36,hit_taken
8478057,Dakota Joshua,C,VAN,98,13,hit_taken
8478057,Dakota Joshua,C,VAN,42,32,hit_taken
8478057,Dakota Joshua,C,VAN,84,-34,hit_taken
8478057,Dakota Joshua,C,VAN,97,-6,hit_taken
8478057,Dakota Joshua,C,VAN,41,39,hit_taken
8478057,Dakota Joshua,C,VAN,82,37,hit_taken
8478057,Dakota Joshua,C,VAN,86,-35,hit_taken
8478057,Dakota Joshua,C,VAN,92,-29,hit_taken
8478057,Dakota Joshua,C,VAN,94,21,hit_taken
8478057,Dakota Joshua,C,VAN,34,-38,hit_taken
8478057,Dakota Joshua,C,VAN,85,35,hit_taken
8478057,Dakota Joshua,C,VAN,71,37,hit_thrown
8478057,Dakota Joshua,C,VAN,80,37,hit_thrown
8478057,Dakota Joshua,C,VAN,95,-21,hit_thrown
8478057,Dakota Joshua,C,VAN,76,39,hit_thrown
8478057,Dakota Joshua,C,VAN,96,-21,hit_thrown
8478057,Dakota Joshua,C,VAN,1,-40,hit_thrown
8478057,Dakota Joshua,C,VAN,96,-20,hit_thrown
8478057,Dakota Joshua,C,VAN,52,39,hit_thrown
8478057,Dakota Joshua,C,VAN,1,36,hit_thrown
8478057,Dakota Joshua,C,VAN,98,6,hit_thrown
8478057,Dakota Joshua,C,VAN,98,7,hit_thrown
8478057,Dakota Joshua,C,VAN,97,-20,hit_thrown
8478057,Dakota Joshua,C,VAN,1,34,hit_thrown
8478057,Dakota Joshua,C,VAN,16,41,hit_thrown
8478057,Dakota Joshua,C,VAN,85,37,hit_thrown
8478057,Dakota Joshua,C,VAN,54,-38,hit_thrown
8478057,Dakota Joshua,C,VAN,52,-39,hit_thrown
8478057,Dakota Joshua,C,VAN,38,39,hit_thrown
8478057,Dakota Joshua,C,VAN,98,11,hit_thrown
8478057,Dakota Joshua,C,VAN,86,34,hit_thrown
8478057,Dakota Joshua,C,VAN,51,-39,hit_thrown
8478057,Dakota Joshua,C,VAN,68,40,hit_thrown
8478057,Dakota Joshua,C,VAN,7,39,hit_thrown
8478057,Dakota Joshua,C,VAN,98,-9,hit_thrown
8478057,Dakota Joshua,C,VAN,98,13,hit_thrown
8478057,Dakota Joshua,C,VAN,8,41,hit_thrown
8478057,Dakota Joshua,C,VAN,60,40,hit_thrown
8478057,Dakota Joshua,C,VAN,97,22,hit_thrown
8478057,Dakota Joshua,C,VAN,88,35,hit_thrown
8478057,Dakota Joshua,C,VAN,98,8,hit_thrown
8478057,Dakota Joshua,C,VAN,90,34,hit_thrown
8478057,Dakota Joshua,C,VAN,92,5,hit_thrown
8478057,Dakota Joshua,C,VAN,13,-37,hit_thrown
8478057,Dakota Joshua,C,VAN,6,-39,hit_thrown
8478057,Dakota Joshua,C,VAN,95,9,hit_thrown
8478057,Dakota Joshua,C,VAN,75,38,hit_thrown
8478057,Dakota Joshua,C,VAN,8,-38,hit_thrown
8478057,Dakota Joshua,C,VAN,38,38,hit_thrown
8478057,Dakota Joshua,C,VAN,94,-8,hit_thrown
8478057,Dakota Joshua,C,VAN,82,-37,hit_thrown
8478057,Dakota Joshua,C,VAN,81,-39,hit_thrown
8478057,Dakota Joshua,C,VAN,59,-40,hit_thrown
8478057,Dakota Joshua,C,VAN,90,-30,hit_thrown
8478057,Dakota Joshua,C,VAN,85,36,hit_thrown
8478057,Dakota Joshua,C,VAN,94,30,hit_thrown
8478057,Dakota Joshua,C,VAN,39,-37,hit_thrown
8478057,Dakota Joshua,C,VAN,79,-40,hit_thrown
8478057,Dakota Joshua,C,VAN,24,-39,hit_thrown
8478057,Dakota Joshua,C,VAN,85,36,hit_thrown
8478057,Dakota Joshua,C,VAN,92,-19,hit_thrown
8478057,Dakota Joshua,C,VAN,96,-25,hit_thrown
8478057,Dakota Joshua,C,VAN,83,31,hit_thrown
8478057,Dakota Joshua,C,VAN,74,-39,hit_thrown
8478057,Dakota Joshua,C,VAN,98,-16,hit_thrown
8478057,Dakota Joshua,C,VAN,7,37,hit_thrown
8478057,Dakota Joshua,C,VAN,32,-35,hit_thrown
8478057,Dakota Joshua,C,VAN,84,36,hit_thrown
8478057,Dakota Joshua,C,VAN,40,39,hit_thrown
8478057,Dakota Joshua,C,VAN,97,-1,hit_thrown
8478057,Dakota Joshua,C,VAN,58,-41,hit_thrown
8478057,Dakota Joshua,C,VAN,35,39,hit_thrown
8478057,Dakota Joshua,C,VAN,76,39,hit_thrown
8478057,Dakota Joshua,C,VAN,33,-16,hit_thrown
8478057,Dakota Joshua,C,VAN,65,-39,hit_thrown
8478057,Dakota Joshua,C,VAN,35,35,hit_thrown
8478057,Dakota Joshua,C,VAN,10,40,hit_thrown
8478057,Dakota Joshua,C,VAN,79,-39,hit_thrown
8478057,Dakota Joshua,C,VAN,96,23,hit_thrown
8478057,Dakota Joshua,C,VAN,64,-40,hit_thrown
8478057,Dakota Joshua,C,VAN,37,15,hit_thrown
8478057,Dakota Joshua,C,VAN,24,-39,hit_thrown
8478057,Dakota Joshua,C,VAN,97,-22,hit_thrown
8478057,Dakota Joshua,C,VAN,18,-39,hit_thrown
8478057,Dakota Joshua,C,VAN,97,12,hit_thrown
8478057,Dakota Joshua,C,VAN,96,2,takeaway_hd
8478057,Dakota Joshua,C,VAN,20,-23,takeaway_other
8478057,Dakota Joshua,C,VAN,60,-27,takeaway_other
8478057,Dakota Joshua,C,VAN,39,20,takeaway_other
8478057,Dakota Joshua,C,VAN,18,-5,takeaway_other
8478115,Pierre Engvall,L,NYI,52,11,block_non_hd
8478115,Pierre Engvall,L,NYI,81,3,crease_goal
8478115,Pierre Engvall,L,NYI,69,-22,dz_faceoff_win
8478115,Pierre Engvall,L,NYI,81,38,hit_taken
8478115,Pierre Engvall,L,NYI,87,31,hit_taken
8478115,Pierre Engvall,L,NYI,95,-24,hit_taken
8478115,Pierre Engvall,L,NYI,90,31,hit_thrown
8478115,Pierre Engvall,L,NYI,85,-36,hit_thrown
8478115,Pierre Engvall,L,NYI,54,40,hit_thrown
8478115,Pierre Engvall,L,NYI,14,-38,hit_thrown
8478115,Pierre Engvall,L,NYI,55,-22,takeaway_other
8478178,Darren Raddysh,D,TBL,79,-4,block_hd
8478178,Darren Raddysh,D,TBL,73,11,block_hd
8478178,Darren Raddysh,D,TBL,78,6,block_hd
8478178,Darren Raddysh,D,TBL,76,3,block_hd
8478178,Darren Raddysh,D,TBL,83,-3,block_hd
8478178,Darren Raddysh,D,TBL,62,-7,block_non_hd
8478178,Darren Raddysh,D,TBL,83,36,hit_taken
8478178,Darren Raddysh,D,TBL,98,10,hit_taken
8478178,Darren Raddysh,D,TBL,93,-19,hit_taken
8478178,Darren Raddysh,D,TBL,82,-36,hit_taken
8478178,Darren Raddysh,D,TBL,50,-37,hit_taken
8478178,Darren Raddysh,D,TBL,5,-39,hit_taken
8478178,Darren Raddysh,D,TBL,95,-24,hit_taken
8478178,Darren Raddysh,D,TBL,98,14,hit_taken
8478178,Darren Raddysh,D,TBL,76,39,hit_taken
8478178,Darren Raddysh,D,TBL,97,-2,hit_taken
8478178,Darren Raddysh,D,TBL,4,-38,hit_taken
8478178,Darren Raddysh,D,TBL,98,2,hit_taken
8478178,Darren Raddysh,D,TBL,50,-40,hit_taken
8478178,Darren Raddysh,D,TBL,88,35,hit_thrown
8478178,Darren Raddysh,D,TBL,2,-39,hit_thrown
8478178,Darren Raddysh,D,TBL,62,41,hit_thrown
8478178,Darren Raddysh,D,TBL,81,36,hit_thrown
8478178,Darren Raddysh,D,TBL,36,34,hit_thrown
8478178,Darren Raddysh,D,TBL,88,35,hit_thrown
8478178,Darren Raddysh,D,TBL,0,-35,hit_thrown
8478178,Darren Raddysh,D,TBL,81,38,hit_thrown
8478178,Darren Raddysh,D,TBL,57,-38,hit_thrown
8478178,Darren Raddysh,D,TBL,64,39,hit_thrown
8478178,Darren Raddysh,D,TBL,18,39,hit_thrown
8478178,Darren Raddysh,D,TBL,63,35,hit_thrown
8478396,Noah Hanifin,D,VGK,70,-14,block_hd
8478396,Noah Hanifin,D,VGK,70,11,block_hd
8478396,Noah Hanifin,D,VGK,73,-12,block_hd
8478396,Noah Hanifin,D,VGK,80,-10,block_hd
8478396,Noah Hanifin,D,VGK,79,3,block_hd
8478396,Noah Hanifin,D,VGK,79,-15,block_hd
8478396,Noah Hanifin,D,VGK,76,-16,block_hd
8478396,Noah Hanifin,D,VGK,63,-5,block_non_hd
8478396,Noah Hanifin,D,VGK,55,-1,block_non_hd
8478396,Noah Hanifin,D,VGK,72,-26,block_non_hd
8478396,Noah Hanifin,D,VGK,69,-24,block_non_hd
8478396,Noah Hanifin,D,VGK,58,-13,block_non_hd
8478396,Noah Hanifin,D,VGK,98,20,hit_taken
8478396,Noah Hanifin,D,VGK,84,-36,hit_taken
8478396,Noah Hanifin,D,VGK,30,-40,hit_taken
8478396,Noah Hanifin,D,VGK,95,-25,hit_taken
8478396,Noah Hanifin,D,VGK,40,-38,hit_taken
8478396,Noah Hanifin,D,VGK,92,-29,hit_taken
8478396,Noah Hanifin,D,VGK,88,-31,hit_taken
8478396,Noah Hanifin,D,VGK,85,-37,hit_taken
8478396,Noah Hanifin,D,VGK,99,14,hit_taken
8478396,Noah Hanifin,D,VGK,75,-39,hit_taken
8478396,Noah Hanifin,D,VGK,85,36,hit_taken
8478396,Noah Hanifin,D,VGK,63,42,hit_taken
8478396,Noah Hanifin,D,VGK,72,-38,hit_taken
8478396,Noah Hanifin,D,VGK,97,19,hit_taken
8478396,Noah Hanifin,D,VGK,95,-24,hit_taken
8478396,Noah Hanifin,D,VGK,78,-40,hit_taken
8478396,Noah Hanifin,D,VGK,86,33,hit_thrown
8478396,Noah Hanifin,D,VGK,94,-23,hit_thrown
8478396,Noah Hanifin,D,VGK,28,-37,hit_thrown
8478396,Noah Hanifin,D,VGK,0,-38,hit_thrown
8478396,Noah Hanifin,D,VGK,0,-38,hit_thrown
8478396,Noah Hanifin,D,VGK,50,-40,hit_thrown
8478396,Noah Hanifin,D,VGK,44,33,takeaway_other
8478396,Noah Hanifin,D,VGK,20,17,takeaway_other
8478396,Noah Hanifin,D,VGK,78,-24,takeaway_other
8478396,Noah Hanifin,D,VGK,63,-10,takeaway_other
8478396,Noah Hanifin,D,VGK,30,-37,takeaway_other
8478398,Kyle Connor,L,WPG,55,-30,block_non_hd
8478398,Kyle Connor,L,WPG,46,0,block_non_hd
8478398,Kyle Connor,L,WPG,82,0,crease_goal
8478398,Kyle Connor,L,WPG,83,35,hit_taken
8478398,Kyle Connor,L,WPG,62,-37,hit_taken
8478398,Kyle Connor,L,WPG,73,-39,hit_taken
8478398,Kyle Connor,L,WPG,13,-27,hit_taken
8478398,Kyle Connor,L,WPG,35,-41,hit_taken
8478398,Kyle Connor,L,WPG,80,-40,hit_taken
8478398,Kyle Connor,L,WPG,34,39,hit_taken
8478398,Kyle Connor,L,WPG,96,9,hit_thrown
8478398,Kyle Connor,L,WPG,93,-29,hit_thrown
8478398,Kyle Connor,L,WPG,96,22,hit_thrown
8478398,Kyle Connor,L,WPG,97,8,hit_thrown
8478398,Kyle Connor,L,WPG,5,-24,takeaway_other
8478398,Kyle Connor,L,WPG,26,-13,takeaway_other
8478398,Kyle Connor,L,WPG,65,-18,takeaway_other
8478401,Pavel Zacha,C,BOS,73,6,block_hd
8478401,Pavel Zacha,C,BOS,69,32,block_non_hd
8478401,Pavel Zacha,C,BOS,66,11,block_non_hd
8478401,Pavel Zacha,C,BOS,56,-14,block_non_hd
8478401,Pavel Zacha,C,BOS,69,22,dz_faceoff_win
8478401,Pavel Zacha,C,BOS,69,22,dz_faceoff_win
8478401,Pavel Zacha,C,BOS,69,-22,dz_faceoff_win
8478401,Pavel Zacha,C,BOS,69,-22,dz_faceoff_win
8478401,Pavel Zacha,C,BOS,69,22,dz_faceoff_win
8478401,Pavel Zacha,C,BOS,69,-22,dz_faceoff_win
8478401,Pavel Zacha,C,BOS,69,22,dz_faceoff_win
8478401,Pavel Zacha,C,BOS,69,22,dz_faceoff_win
8478401,Pavel Zacha,C,BOS,69,-22,dz_faceoff_win
8478401,Pavel Zacha,C,BOS,69,-22,dz_faceoff_win
8478401,Pavel Zacha,C,BOS,69,-22,dz_faceoff_win
8478401,Pavel Zacha,C,BOS,69,-22,dz_faceoff_win
8478401,Pavel Zacha,C,BOS,69,-22,dz_faceoff_win
8478401,Pavel Zacha,C,BOS,69,-22,dz_faceoff_win
8478401,Pavel Zacha,C,BOS,69,-22,dz_faceoff_win
8478401,Pavel Zacha,C,BOS,69,22,dz_faceoff_win
8478401,Pavel Zacha,C,BOS,69,-22,dz_faceoff_win
8478401,Pavel Zacha,C,BOS,69,-22,dz_faceoff_win
8478401,Pavel Zacha,C,BOS,69,-22,dz_faceoff_win
8478401,Pavel Zacha,C,BOS,69,-22,dz_faceoff_win
8478401,Pavel Zacha,C,BOS,69,-22,dz_faceoff_win
8478401,Pavel Zacha,C,BOS,69,-22,dz_faceoff_win
8478401,Pavel Zacha,C,BOS,69,22,dz_faceoff_win
8478401,Pavel Zacha,C,BOS,43,37,hit_taken
8478401,Pavel Zacha,C,BOS,4,-37,hit_taken
8478401,Pavel Zacha,C,BOS,21,-23,hit_taken
8478401,Pavel Zacha,C,BOS,39,-39,hit_taken
8478401,Pavel Zacha,C,BOS,17,18,hit_taken
8478401,Pavel Zacha,C,BOS,97,17,hit_taken
8478401,Pavel Zacha,C,BOS,95,-1,hit_taken
8478401,Pavel Zacha,C,BOS,52,38,hit_taken
8478401,Pavel Zacha,C,BOS,55,-38,hit_taken
8478401,Pavel Zacha,C,BOS,93,18,hit_taken
8478401,Pavel Zacha,C,BOS,36,19,hit_taken
8478401,Pavel Zacha,C,BOS,62,-39,hit_taken
8478401,Pavel Zacha,C,BOS,9,-26,hit_taken
8478401,Pavel Zacha,C,BOS,51,39,hit_taken
8478401,Pavel Zacha,C,BOS,72,-38,hit_taken
8478401,Pavel Zacha,C,BOS,85,31,hit_taken
8478401,Pavel Zacha,C,BOS,64,-37,hit_taken
8478401,Pavel Zacha,C,BOS,73,-42,hit_taken
8478401,Pavel Zacha,C,BOS,43,35,hit_taken
8478401,Pavel Zacha,C,BOS,94,23,hit_thrown
8478401,Pavel Zacha,C,BOS,76,37,hit_thrown
8478401,Pavel Zacha,C,BOS,93,-7,hit_thrown
8478401,Pavel Zacha,C,BOS,14,-38,hit_thrown
8478401,Pavel Zacha,C,BOS,94,-25,hit_thrown
8478401,Pavel Zacha,C,BOS,54,-7,hit_thrown
8478401,Pavel Zacha,C,BOS,88,-10,hit_thrown
8478401,Pavel Zacha,C,BOS,46,36,hit_thrown
8478401,Pavel Zacha,C,BOS,71,-34,hit_thrown
8478401,Pavel Zacha,C,BOS,68,-33,hit_thrown
8478401,Pavel Zacha,C,BOS,2,5,hit_thrown
8478401,Pavel Zacha,C,BOS,52,39,hit_thrown
8478401,Pavel Zacha,C,BOS,92,29,hit_thrown
8478401,Pavel Zacha,C,BOS,90,-30,hit_thrown
8478401,Pavel Zacha,C,BOS,67,38,hit_thrown
8478401,Pavel Zacha,C,BOS,90,-31,hit_thrown
8478401,Pavel Zacha,C,BOS,74,36,hit_thrown
8478401,Pavel Zacha,C,BOS,97,-7,hit_thrown
8478401,Pavel Zacha,C,BOS,95,-21,hit_thrown
8478401,Pavel Zacha,C,BOS,98,-11,hit_thrown
8478401,Pavel Zacha,C,BOS,91,10,hit_thrown
8478401,Pavel Zacha,C,BOS,78,40,hit_thrown
8478401,Pavel Zacha,C,BOS,97,8,hit_thrown
8478401,Pavel Zacha,C,BOS,92,27,hit_thrown
8478401,Pavel Zacha,C,BOS,66,37,hit_thrown
8478401,Pavel Zacha,C,BOS,71,-16,takeaway_hd
8478401,Pavel Zacha,C,BOS,63,-20,takeaway_other
8478401,Pavel Zacha,C,BOS,17,31,takeaway_other
8478402,Connor McDavid,C,EDM,86,-10,block_hd
8478402,Connor McDavid,C,EDM,74,-5,block_hd
8478402,Connor McDavid,C,EDM,76,-5,block_hd
8478402,Connor McDavid,C,EDM,38,18,block_non_hd
8478402,Connor McDavid,C,EDM,51,17,block_non_hd
8478402,Connor McDavid,C,EDM,49,5,block_non_hd
8478402,Connor McDavid,C,EDM,59,-6,block_non_hd
8478402,Connor McDavid,C,EDM,48,-24,block_non_hd
8478402,Connor McDavid,C,EDM,64,11,block_non_hd
8478402,Connor McDavid,C,EDM,52,-15,block_non_hd
8478402,Connor McDavid,C,EDM,52,-14,block_non_hd
8478402,Connor McDavid,C,EDM,50,-17,block_non_hd
8478402,Connor McDavid,C,EDM,76,-28,block_non_hd
8478402,Connor McDavid,C,EDM,54,24,block_non_hd
8478402,Connor McDavid,C,EDM,64,-36,block_non_hd
8478402,Connor McDavid,C,EDM,59,-6,block_non_hd
8478402,Connor McDavid,C,EDM,85,-4,crease_goal
8478402,Connor McDavid,C,EDM,78,-2,crease_goal
8478402,Connor McDavid,C,EDM,85,5,crease_goal
8478402,Connor McDavid,C,EDM,81,3,crease_goal
8478402,Connor McDavid,C,EDM,69,22,dz_faceoff_win
8478402,Connor McDavid,C,EDM,69,22,dz_faceoff_win
8478402,Connor McDavid,C,EDM,69,-22,dz_faceoff_win
8478402,Connor McDavid,C,EDM,69,-22,dz_faceoff_win
8478402,Connor McDavid,C,EDM,69,22,dz_faceoff_win
8478402,Connor McDavid,C,EDM,69,-22,dz_faceoff_win
8478402,Connor McDavid,C,EDM,69,22,dz_faceoff_win
8478402,Connor McDavid,C,EDM,69,-22,dz_faceoff_win
8478402,Connor McDavid,C,EDM,69,22,dz_faceoff_win
8478402,Connor McDavid,C,EDM,69,-22,dz_faceoff_win
8478402,Connor McDavid,C,EDM,69,22,dz_faceoff_win
8478402,Connor McDavid,C,EDM,69,-22,dz_faceoff_win
8478402,Connor McDavid,C,EDM,69,22,dz_faceoff_win
8478402,Connor McDavid,C,EDM,69,-22,dz_faceoff_win
8478402,Connor McDavid,C,EDM,69,-22,dz_faceoff_win
8478402,Connor McDavid,C,EDM,69,-22,dz_faceoff_win
8478402,Connor McDavid,C,EDM,69,-22,dz_faceoff_win
8478402,Connor McDavid,C,EDM,69,-22,dz_faceoff_win
8478402,Connor McDavid,C,EDM,69,-22,dz_faceoff_win
8478402,Connor McDavid,C,EDM,69,22,dz_faceoff_win
8478402,Connor McDavid,C,EDM,69,22,dz_faceoff_win
8478402,Connor McDavid,C,EDM,69,-22,dz_faceoff_win
8478402,Connor McDavid,C,EDM,69,22,dz_faceoff_win
8478402,Connor McDavid,C,EDM,69,-22,dz_faceoff_win
8478402,Connor McDavid,C,EDM,69,22,dz_faceoff_win
8478402,Connor McDavid,C,EDM,69,-22,dz_faceoff_win
8478402,Connor McDavid,C,EDM,5,39,hit_taken
8478402,Connor McDavid,C,EDM,85,33,hit_taken
8478402,Connor McDavid,C,EDM,56,39,hit_taken
8478402,Connor McDavid,C,EDM,74,6,hit_taken
8478402,Connor McDavid,C,EDM,87,37,hit_taken
8478402,Connor McDavid,C,EDM,40,39,hit_taken
8478402,Connor McDavid,C,EDM,35,40,hit_taken
8478402,Connor McDavid,C,EDM,59,-40,hit_taken
8478402,Connor McDavid,C,EDM,98,9,hit_taken
8478402,Connor McDavid,C,EDM,76,1,hit_taken
8478402,Connor McDavid,C,EDM,71,39,hit_taken
8478402,Connor McDavid,C,EDM,88,-22,hit_taken
8478402,Connor McDavid,C,EDM,52,14,hit_taken
8478402,Connor McDavid,C,EDM,52,41,hit_taken
8478402,Connor McDavid,C,EDM,63,-40,hit_taken
8478402,Connor McDavid,C,EDM,76,36,hit_taken
8478402,Connor McDavid,C,EDM,68,39,hit_taken
8478402,Connor McDavid,C,EDM,18,-35,hit_taken
8478402,Connor McDavid,C,EDM,2,-38,hit_taken
8478402,Connor McDavid,C,EDM,92,5,hit_taken
8478402,Connor McDavid,C,EDM,87,-28,hit_taken
8478402,Connor McDavid,C,EDM,45,-18,hit_taken
8478402,Connor McDavid,C,EDM,95,-1,hit_taken
8478402,Connor McDavid,C,EDM,38,38,hit_taken
8478402,Connor McDavid,C,EDM,29,-7,hit_taken
8478402,Connor McDavid,C,EDM,60,40,hit_taken
8478402,Connor McDavid,C,EDM,53,41,hit_taken
8478402,Connor McDavid,C,EDM,38,-27,hit_taken
8478402,Connor McDavid,C,EDM,24,-39,hit_taken
8478402,Connor McDavid,C,EDM,58,-39,hit_taken
8478402,Connor McDavid,C,EDM,76,8,hit_taken
8478402,Connor McDavid,C,EDM,74,-39,hit_taken
8478402,Connor McDavid,C,EDM,77,-40,hit_taken
8478402,Connor McDavid,C,EDM,38,39,hit_taken
8478402,Connor McDavid,C,EDM,44,38,hit_taken
8478402,Connor McDavid,C,EDM,7,41,hit_taken
8478402,Connor McDavid,C,EDM,87,-34,hit_taken
8478402,Connor McDavid,C,EDM,89,-31,hit_taken
8478402,Connor McDavid,C,EDM,18,-39,hit_taken
8478402,Connor McDavid,C,EDM,95,20,hit_taken
8478402,Connor McDavid,C,EDM,46,39,hit_taken
8478402,Connor McDavid,C,EDM,31,-39,hit_taken
8478402,Connor McDavid,C,EDM,46,-36,hit_taken
8478402,Connor McDavid,C,EDM,76,-36,hit_taken
8478402,Connor McDavid,C,EDM,12,-38,hit_taken
8478402,Connor McDavid,C,EDM,93,-25,hit_taken
8478402,Connor McDavid,C,EDM,33,-40,hit_taken
8478402,Connor McDavid,C,EDM,74,40,hit_taken
8478402,Connor McDavid,C,EDM,98,-11,hit_taken
8478402,Connor McDavid,C,EDM,74,39,hit_taken
8478402,Connor McDavid,C,EDM,83,34,hit_taken
8478402,Connor McDavid,C,EDM,33,-41,hit_taken
8478402,Connor McDavid,C,EDM,97,4,hit_taken
8478402,Connor McDavid,C,EDM,97,23,hit_taken
8478402,Connor McDavid,C,EDM,57,39,hit_taken
8478402,Connor McDavid,C,EDM,84,-31,hit_taken
8478402,Connor McDavid,C,EDM,65,37,hit_taken
8478402,Connor McDavid,C,EDM,96,-14,hit_taken
8478402,Connor McDavid,C,EDM,95,-20,hit_taken
8478402,Connor McDavid,C,EDM,0,-41,hit_taken
8478402,Connor McDavid,C,EDM,92,32,hit_taken
8478402,Connor McDavid,C,EDM,77,41,hit_taken
8478402,Connor McDavid,C,EDM,91,35,hit_thrown
8478402,Connor McDavid,C,EDM,18,39,hit_thrown
8478402,Connor McDavid,C,EDM,52,-41,hit_thrown
8478402,Connor McDavid,C,EDM,45,-37,hit_thrown
8478402,Connor McDavid,C,EDM,83,-38,hit_thrown
8478402,Connor McDavid,C,EDM,22,-40,hit_thrown
8478402,Connor McDavid,C,EDM,24,-40,hit_thrown
8478402,Connor McDavid,C,EDM,9,40,hit_thrown
8478402,Connor McDavid,C,EDM,96,-25,hit_thrown
8478402,Connor McDavid,C,EDM,35,39,hit_thrown
8478402,Connor McDavid,C,EDM,38,-23,hit_thrown
8478402,Connor McDavid,C,EDM,44,-36,hit_thrown
8478402,Connor McDavid,C,EDM,17,-38,hit_thrown
8478402,Connor McDavid,C,EDM,31,-38,hit_thrown
8478402,Connor McDavid,C,EDM,8,39,hit_thrown
8478402,Connor McDavid,C,EDM,71,-41,hit_thrown
8478402,Connor McDavid,C,EDM,56,38,hit_thrown
8478402,Connor McDavid,C,EDM,65,39,hit_thrown
8478402,Connor McDavid,C,EDM,48,-40,hit_thrown
8478402,Connor McDavid,C,EDM,96,11,hit_thrown
8478402,Connor McDavid,C,EDM,93,14,hit_thrown
8478402,Connor McDavid,C,EDM,88,-36,hit_thrown
8478402,Connor McDavid,C,EDM,5,42,hit_thrown
8478402,Connor McDavid,C,EDM,82,35,hit_thrown
8478402,Connor McDavid,C,EDM,73,-39,hit_thrown
8478402,Connor McDavid,C,EDM,95,19,hit_thrown
8478402,Connor McDavid,C,EDM,91,-33,hit_thrown
8478402,Connor McDavid,C,EDM,67,-12,hit_thrown
8478402,Connor McDavid,C,EDM,16,-42,hit_thrown
8478402,Connor McDavid,C,EDM,81,36,hit_thrown
8478402,Connor McDavid,C,EDM,41,41,hit_thrown
8478402,Connor McDavid,C,EDM,84,37,hit_thrown
8478402,Connor McDavid,C,EDM,72,37,hit_thrown
8478402,Connor McDavid,C,EDM,97,-15,hit_thrown
8478402,Connor McDavid,C,EDM,95,23,hit_thrown
8478402,Connor McDavid,C,EDM,78,-40,hit_thrown
8478402,Connor McDavid,C,EDM,83,-39,hit_thrown
8478402,Connor McDavid,C,EDM,61,-40,hit_thrown
8478402,Connor McDavid,C,EDM,91,31,hit_thrown
8478402,Connor McDavid,C,EDM,30,-41,hit_thrown
8478402,Connor McDavid,C,EDM,97,8,hit_thrown
8478402,Connor McDavid,C,EDM,92,30,hit_thrown
8478402,Connor McDavid,C,EDM,93,-24,hit_thrown
8478402,Connor McDavid,C,EDM,96,3,takeaway_hd
8478402,Connor McDavid,C,EDM,96,15,takeaway_hd
8478402,Connor McDavid,C,EDM,66,-39,takeaway_other
8478402,Connor McDavid,C,EDM,42,39,takeaway_other
8478402,Connor McDavid,C,EDM,16,39,takeaway_other
8478402,Connor McDavid,C,EDM,32,14,takeaway_other
8478402,Connor McDavid,C,EDM,10,35,takeaway_other
8478402,Connor McDavid,C,EDM,28,7,takeaway_other
8478402,Connor McDavid,C,EDM,51,28,takeaway_other
8478402,Connor McDavid,C,EDM,53,-39,takeaway_other
8478402,Connor McDavid,C,EDM,57,-18,takeaway_other
8478402,Connor McDavid,C,EDM,57,2,takeaway_other
8478402,Connor McDavid,C,EDM,35,-38,takeaway_other
8478402,Connor McDavid,C,EDM,60,-38,takeaway_other
8478402,Connor McDavid,C,EDM,34,-8,takeaway_other
8478402,Connor McDavid,C,EDM,81,29,takeaway_other
8478402,Connor McDavid,C,EDM,8,41,takeaway_other
8478402,Connor McDavid,C,EDM,52,-4,takeaway_other
8478402,Connor McDavid,C,EDM,36,39,takeaway_other
8478402,Connor McDavid,C,EDM,15,13,takeaway_other
8478402,Connor McDavid,C,EDM,0,38,takeaway_other
8478402,Connor McDavid,C,EDM,89,-24,takeaway_other
8478402,Connor McDavid,C,EDM,92,-31,takeaway_other
8478402,Connor McDavid,C,EDM,45,21,takeaway_other
8478402,Connor McDavid,C,EDM,46,-34,takeaway_other
8478403,Jack Eichel,C,VGK,75,-18,block_hd
8478403,Jack Eichel,C,VGK,65,-17,block_non_hd
8478403,Jack Eichel,C,VGK,69,10,block_non_hd
8478403,Jack Eichel,C,VGK,49,28,block_non_hd
8478403,Jack Eichel,C,VGK,78,24,block_non_hd
8478403,Jack Eichel,C,VGK,53,0,block_non_hd
8478403,Jack Eichel,C,VGK,62,14,block_non_hd
8478403,Jack Eichel,C,VGK,88,0,crease_goal
8478403,Jack Eichel,C,VGK,69,22,dz_faceoff_win
8478403,Jack Eichel,C,VGK,69,22,dz_faceoff_win
8478403,Jack Eichel,C,VGK,69,22,dz_faceoff_win
8478403,Jack Eichel,C,VGK,69,22,dz_faceoff_win
8478403,Jack Eichel,C,VGK,69,22,dz_faceoff_win
8478403,Jack Eichel,C,VGK,69,22,dz_faceoff_win
8478403,Jack Eichel,C,VGK,69,22,dz_faceoff_win
8478403,Jack Eichel,C,VGK,69,-22,dz_faceoff_win
8478403,Jack Eichel,C,VGK,69,22,dz_faceoff_win
8478403,Jack Eichel,C,VGK,69,22,dz_faceoff_win
8478403,Jack Eichel,C,VGK,69,22,dz_faceoff_win
8478403,Jack Eichel,C,VGK,69,22,dz_faceoff_win
8478403,Jack Eichel,C,VGK,69,22,dz_faceoff_win
8478403,Jack Eichel,C,VGK,69,-22,dz_faceoff_win
8478403,Jack Eichel,C,VGK,69,22,dz_faceoff_win
8478403,Jack Eichel,C,VGK,69,22,dz_faceoff_win
8478403,Jack Eichel,C,VGK,69,22,dz_faceoff_win
8478403,Jack Eichel,C,VGK,69,22,dz_faceoff_win
8478403,Jack Eichel,C,VGK,25,-40,hit_taken
8478403,Jack Eichel,C,VGK,23,3,hit_taken
8478403,Jack Eichel,C,VGK,97,0,hit_taken
8478403,Jack Eichel,C,VGK,93,27,hit_taken
8478403,Jack Eichel,C,VGK,93,-27,hit_taken
8478403,Jack Eichel,C,VGK,91,32,hit_taken
8478403,Jack Eichel,C,VGK,83,38,hit_taken
8478403,Jack Eichel,C,VGK,46,42,hit_taken
8478403,Jack Eichel,C,VGK,98,-19,hit_taken
8478403,Jack Eichel,C,VGK,42,-37,hit_taken
8478403,Jack Eichel,C,VGK,95,-24,hit_taken
8478403,Jack Eichel,C,VGK,98,4,hit_thrown
8478403,Jack Eichel,C,VGK,91,32,hit_thrown
8478403,Jack Eichel,C,VGK,84,-38,hit_thrown
8478403,Jack Eichel,C,VGK,95,-10,hit_thrown
8478403,Jack Eichel,C,VGK,87,-35,hit_thrown
8478403,Jack Eichel,C,VGK,84,-38,hit_thrown
8478403,Jack Eichel,C,VGK,74,42,hit_thrown
8478403,Jack Eichel,C,VGK,90,-34,hit_thrown
8478403,Jack Eichel,C,VGK,59,41,hit_thrown
8478403,Jack Eichel,C,VGK,93,28,hit_thrown
8478403,Jack Eichel,C,VGK,91,32,hit_thrown
8478403,Jack Eichel,C,VGK,90,-34,hit_thrown
8478403,Jack Eichel,C,VGK,47,-31,takeaway_other
8478403,Jack Eichel,C,VGK,15,29,takeaway_other
8478416,Erik Cernak,D,TBL,77,13,block_hd
8478416,Erik Cernak,D,TBL,80,-9,block_hd
8478416,Erik Cernak,D,TBL,58,12,block_non_hd
8478416,Erik Cernak,D,TBL,64,-4,block_non_hd
8478416,Erik Cernak,D,TBL,60,5,block_non_hd
8478416,Erik Cernak,D,TBL,70,-20,block_non_hd
8478416,Erik Cernak,D,TBL,62,-9,block_non_hd
8478416,Erik Cernak,D,TBL,98,10,hit_taken
8478416,Erik Cernak,D,TBL,99,-6,hit_taken
8478416,Erik Cernak,D,TBL,57,-39,hit_taken
8478416,Erik Cernak,D,TBL,95,21,hit_taken
8478416,Erik Cernak,D,TBL,88,33,hit_taken
8478416,Erik Cernak,D,TBL,96,-4,hit_taken
8478416,Erik Cernak,D,TBL,83,36,hit_taken
8478416,Erik Cernak,D,TBL,71,-37,hit_taken
8478416,Erik Cernak,D,TBL,91,26,hit_taken
8478416,Erik Cernak,D,TBL,99,-6,hit_taken
8478416,Erik Cernak,D,TBL,44,-38,hit_taken
8478416,Erik Cernak,D,TBL,82,34,hit_taken
8478416,Erik Cernak,D,TBL,98,-5,hit_taken
8478416,Erik Cernak,D,TBL,76,39,hit_taken
8478416,Erik Cernak,D,TBL,97,-7,hit_taken
8478416,Erik Cernak,D,TBL,5,-39,hit_taken
8478416,Erik Cernak,D,TBL,68,38,hit_taken
8478416,Erik Cernak,D,TBL,25,-39,hit_thrown
8478416,Erik Cernak,D,TBL,75,40,hit_thrown
8478416,Erik Cernak,D,TBL,96,5,hit_thrown
8478416,Erik Cernak,D,TBL,67,42,hit_thrown
8478416,Erik Cernak,D,TBL,0,-14,hit_thrown
8478416,Erik Cernak,D,TBL,96,-18,hit_thrown
8478416,Erik Cernak,D,TBL,36,39,hit_thrown
8478416,Erik Cernak,D,TBL,43,-38,hit_thrown
8478416,Erik Cernak,D,TBL,72,37,hit_thrown
8478416,Erik Cernak,D,TBL,99,2,hit_thrown
8478416,Erik Cernak,D,TBL,13,39,hit_thrown
8478416,Erik Cernak,D,TBL,99,24,hit_thrown
8478416,Erik Cernak,D,TBL,88,30,hit_thrown
8478416,Erik Cernak,D,TBL,13,40,hit_thrown
8478416,Erik Cernak,D,TBL,93,-28,hit_thrown
8478416,Erik Cernak,D,TBL,53,-38,hit_thrown
8478416,Erik Cernak,D,TBL,0,40,hit_thrown
8478416,Erik Cernak,D,TBL,9,41,hit_thrown
8478416,Erik Cernak,D,TBL,34,34,hit_thrown
8478416,Erik Cernak,D,TBL,36,27,hit_thrown
8478416,Erik Cernak,D,TBL,7,40,hit_thrown
8478416,Erik Cernak,D,TBL,74,39,hit_thrown
8478416,Erik Cernak,D,TBL,79,39,hit_thrown
8478416,Erik Cernak,D,TBL,21,-37,hit_thrown
8478416,Erik Cernak,D,TBL,44,-23,takeaway_other
8478416,Erik Cernak,D,TBL,80,32,takeaway_other
8478420,Mikko Rantanen,R,COL,71,10,block_hd
8478420,Mikko Rantanen,R,COL,29,18,block_non_hd
8478420,Mikko Rantanen,R,COL,32,27,block_non_hd
8478420,Mikko Rantanen,R,COL,69,11,block_non_hd
8478420,Mikko Rantanen,R,COL,65,-10,block_non_hd
8478420,Mikko Rantanen,R,COL,37,-33,block_non_hd
8478420,Mikko Rantanen,R,COL,61,35,block_non_hd
8478420,Mikko Rantanen,R,COL,50,26,block_non_hd
8478420,Mikko Rantanen,R,COL,51,-7,block_non_hd
8478420,Mikko Rantanen,R,COL,53,-10,block_non_hd
8478420,Mikko Rantanen,R,COL,53,9,block_non_hd
8478420,Mikko Rantanen,R,COL,64,-22,block_non_hd
8478420,Mikko Rantanen,R,COL,47,13,block_non_hd
8478420,Mikko Rantanen,R,COL,47,-17,block_non_hd
8478420,Mikko Rantanen,R,COL,42,-35,block_non_hd
8478420,Mikko Rantanen,R,COL,86,1,crease_goal
8478420,Mikko Rantanen,R,COL,2,-41,hit_taken
8478420,Mikko Rantanen,R,COL,98,-3,hit_taken
8478420,Mikko Rantanen,R,COL,87,35,hit_taken
8478420,Mikko Rantanen,R,COL,75,39,hit_taken
8478420,Mikko Rantanen,R,COL,98,-14,hit_taken
8478420,Mikko Rantanen,R,COL,35,24,hit_taken
8478420,Mikko Rantanen,R,COL,96,-1,hit_taken
8478420,Mikko Rantanen,R,COL,51,37,hit_taken
8478420,Mikko Rantanen,R,COL,49,12,hit_taken
8478420,Mikko Rantanen,R,COL,17,41,hit_taken
8478420,Mikko Rantanen,R,COL,98,11,hit_taken
8478420,Mikko Rantanen,R,COL,68,-40,hit_taken
8478420,Mikko Rantanen,R,COL,55,40,hit_taken
8478420,Mikko Rantanen,R,COL,69,-39,hit_taken
8478420,Mikko Rantanen,R,COL,89,34,hit_taken
8478420,Mikko Rantanen,R,COL,65,4,hit_taken
8478420,Mikko Rantanen,R,COL,89,-34,hit_taken
8478420,Mikko Rantanen,R,COL,97,-22,hit_taken
8478420,Mikko Rantanen,R,COL,43,38,hit_taken
8478420,Mikko Rantanen,R,COL,92,29,hit_taken
8478420,Mikko Rantanen,R,COL,35,-28,hit_taken
8478420,Mikko Rantanen,R,COL,98,-11,hit_taken
8478420,Mikko Rantanen,R,COL,98,-11,hit_taken
8478420,Mikko Rantanen,R,COL,79,-40,hit_taken
8478420,Mikko Rantanen,R,COL,14,-40,hit_taken
8478420,Mikko Rantanen,R,COL,78,40,hit_taken
8478420,Mikko Rantanen,R,COL,83,38,hit_taken
8478420,Mikko Rantanen,R,COL,63,42,hit_taken
8478420,Mikko Rantanen,R,COL,74,42,hit_taken
8478420,Mikko Rantanen,R,COL,46,-40,hit_taken
8478420,Mikko Rantanen,R,COL,92,-27,hit_taken
8478420,Mikko Rantanen,R,COL,30,38,hit_taken
8478420,Mikko Rantanen,R,COL,32,-35,hit_taken
8478420,Mikko Rantanen,R,COL,18,-40,hit_thrown
8478420,Mikko Rantanen,R,COL,97,-17,hit_thrown
8478420,Mikko Rantanen,R,COL,44,-39,hit_thrown
8478420,Mikko Rantanen,R,COL,42,-39,hit_thrown
8478420,Mikko Rantanen,R,COL,40,-38,hit_thrown
8478420,Mikko Rantanen,R,COL,96,24,hit_thrown
8478420,Mikko Rantanen,R,COL,1,41,hit_thrown
8478420,Mikko Rantanen,R,COL,95,23,hit_thrown
8478420,Mikko Rantanen,R,COL,97,8,hit_thrown
8478420,Mikko Rantanen,R,COL,2,-30,hit_thrown
8478420,Mikko Rantanen,R,COL,96,-18,hit_thrown
8478420,Mikko Rantanen,R,COL,69,-39,hit_thrown
8478420,Mikko Rantanen,R,COL,34,39,hit_thrown
8478420,Mikko Rantanen,R,COL,82,-40,hit_thrown
8478420,Mikko Rantanen,R,COL,69,-40,hit_thrown
8478420,Mikko Rantanen,R,COL,91,-31,hit_thrown
8478420,Mikko Rantanen,R,COL,96,29,hit_thrown
8478420,Mikko Rantanen,R,COL,99,-17,hit_thrown
8478420,Mikko Rantanen,R,COL,92,-28,hit_thrown
8478420,Mikko Rantanen,R,COL,30,-40,hit_thrown
8478420,Mikko Rantanen,R,COL,40,-42,hit_thrown
8478420,Mikko Rantanen,R,COL,81,17,takeaway_hd
8478420,Mikko Rantanen,R,COL,16,39,takeaway_other
8478420,Mikko Rantanen,R,COL,35,39,takeaway_other
8478420,Mikko Rantanen,R,COL,75,-39,takeaway_other
8478420,Mikko Rantanen,R,COL,70,33,takeaway_other
8478420,Mikko Rantanen,R,COL,65,-36,takeaway_other
8478420,Mikko Rantanen,R,COL,10,-22,takeaway_other
8478420,Mikko Rantanen,R,COL,66,-38,takeaway_other
8478427,Sebastian Aho,C,CAR,79,6,block_hd
8478427,Sebastian Aho,C,CAR,87,6,block_hd
8478427,Sebastian Aho,C,CAR,67,5,block_non_hd
8478427,Sebastian Aho,C,CAR,46,26,block_non_hd
8478427,Sebastian Aho,C,CAR,51,-15,block_non_hd
8478427,Sebastian Aho,C,CAR,61,30,block_non_hd
8478427,Sebastian Aho,C,CAR,63,15,block_non_hd
8478427,Sebastian Aho,C,CAR,69,-23,block_non_hd
8478427,Sebastian Aho,C,CAR,86,-4,crease_goal
8478427,Sebastian Aho,C,CAR,69,-22,dz_faceoff_win
8478427,Sebastian Aho,C,CAR,69,-22,dz_faceoff_win
8478427,Sebastian Aho,C,CAR,69,-22,dz_faceoff_win
8478427,Sebastian Aho,C,CAR,69,22,dz_faceoff_win
8478427,Sebastian Aho,C,CAR,69,-22,dz_faceoff_win
8478427,Sebastian Aho,C,CAR,69,-22,dz_faceoff_win
8478427,Sebastian Aho,C,CAR,69,22,dz_faceoff_win
8478427,Sebastian Aho,C,CAR,69,22,dz_faceoff_win
8478427,Sebastian Aho,C,CAR,69,-22,dz_faceoff_win
8478427,Sebastian Aho,C,CAR,69,22,dz_faceoff_win
8478427,Sebastian Aho,C,CAR,69,22,dz_faceoff_win
8478427,Sebastian Aho,C,CAR,69,22,dz_faceoff_win
8478427,Sebastian Aho,C,CAR,69,22,dz_faceoff_win
8478427,Sebastian Aho,C,CAR,69,-22,dz_faceoff_win
8478427,Sebastian Aho,C,CAR,69,22,dz_faceoff_win
8478427,Sebastian Aho,C,CAR,69,-22,dz_faceoff_win
8478427,Sebastian Aho,C,CAR,69,-22,dz_faceoff_win
8478427,Sebastian Aho,C,CAR,25,41,hit_taken
8478427,Sebastian Aho,C,CAR,32,33,hit_taken
8478427,Sebastian Aho,C,CAR,92,-31,hit_taken
8478427,Sebastian Aho,C,CAR,69,-42,hit_taken
8478427,Sebastian Aho,C,CAR,94,-12,hit_taken
8478427,Sebastian Aho,C,CAR,90,31,hit_taken
8478427,Sebastian Aho,C,CAR,8,-36,hit_taken
8478427,Sebastian Aho,C,CAR,60,42,hit_taken
8478427,Sebastian Aho,C,CAR,46,30,hit_taken
8478427,Sebastian Aho,C,CAR,98,-6,hit_taken
8478427,Sebastian Aho,C,CAR,15,-38,hit_taken
8478427,Sebastian Aho,C,CAR,56,39,hit_taken
8478427,Sebastian Aho,C,CAR,71,-41,hit_taken
8478427,Sebastian Aho,C,CAR,96,-20,hit_taken
8478427,Sebastian Aho,C,CAR,90,36,hit_taken
8478427,Sebastian Aho,C,CAR,67,-28,hit_taken
8478427,Sebastian Aho,C,CAR,18,39,hit_taken
8478427,Sebastian Aho,C,CAR,53,40,hit_taken
8478427,Sebastian Aho,C,CAR,65,41,hit_taken
8478427,Sebastian Aho,C,CAR,90,-30,hit_taken
8478427,Sebastian Aho,C,CAR,47,37,hit_taken
8478427,Sebastian Aho,C,CAR,72,40,hit_taken
8478427,Sebastian Aho,C,CAR,97,11,hit_taken
8478427,Sebastian Aho,C,CAR,17,39,hit_taken
8478427,Sebastian Aho,C,CAR,35,36,hit_taken
8478427,Sebastian Aho,C,CAR,89,33,hit_taken
8478427,Sebastian Aho,C,CAR,67,42,hit_thrown
8478427,Sebastian Aho,C,CAR,71,-39,hit_thrown
8478427,Sebastian Aho,C,CAR,99,5,hit_thrown
8478427,Sebastian Aho,C,CAR,93,-24,hit_thrown
8478427,Sebastian Aho,C,CAR,99,-4,hit_thrown
8478427,Sebastian Aho,C,CAR,95,-19,hit_thrown
8478427,Sebastian Aho,C,CAR,98,-6,hit_thrown
8478427,Sebastian Aho,C,CAR,90,32,hit_thrown
8478427,Sebastian Aho,C,CAR,11,-38,hit_thrown
8478427,Sebastian Aho,C,CAR,81,35,hit_thrown
8478427,Sebastian Aho,C,CAR,92,28,hit_thrown
8478427,Sebastian Aho,C,CAR,53,37,hit_thrown
8478427,Sebastian Aho,C,CAR,86,35,hit_thrown
8478427,Sebastian Aho,C,CAR,76,38,hit_thrown
8478427,Sebastian Aho,C,CAR,56,-39,hit_thrown
8478427,Sebastian Aho,C,CAR,91,-34,hit_thrown
8478427,Sebastian Aho,C,CAR,93,29,hit_thrown
8478427,Sebastian Aho,C,CAR,99,-5,hit_thrown
8478427,Sebastian Aho,C,CAR,90,-30,hit_thrown
8478427,Sebastian Aho,C,CAR,81,35,hit_thrown
8478427,Sebastian Aho,C,CAR,40,39,hit_thrown
8478427,Sebastian Aho,C,CAR,98,14,takeaway_hd
8478427,Sebastian Aho,C,CAR,25,32,takeaway_other
8478427,Sebastian Aho,C,CAR,66,-39,takeaway_other
8478427,Sebastian Aho,C,CAR,2,-8,takeaway_other
8478427,Sebastian Aho,C,CAR,59,-39,takeaway_other
8478434,Keegan Kolesar,R,VGK,44,30,block_non_hd
8478434,Keegan Kolesar,R,VGK,46,35,block_non_hd
8478434,Keegan Kolesar,R,VGK,52,9,block_non_hd
8478434,Keegan Kolesar,R,VGK,92,28,hit_taken
8478434,Keegan Kolesar,R,VGK,98,-8,hit_taken
8478434,Keegan Kolesar,R,VGK,85,35,hit_taken
8478434,Keegan Kolesar,R,VGK,94,28,hit_taken
8478434,Keegan Kolesar,R,VGK,51,39,hit_taken
8478434,Keegan Kolesar,R,VGK,76,37,hit_taken
8478434,Keegan Kolesar,R,VGK,12,-32,hit_taken
8478434,Keegan Kolesar,R,VGK,3,-41,hit_taken
8478434,Keegan Kolesar,R,VGK,77,40,hit_thrown
8478434,Keegan Kolesar,R,VGK,97,15,hit_thrown
8478434,Keegan Kolesar,R,VGK,8,-40,hit_thrown
8478434,Keegan Kolesar,R,VGK,75,-19,hit_thrown
8478434,Keegan Kolesar,R,VGK,77,-40,hit_thrown
8478434,Keegan Kolesar,R,VGK,70,39,hit_thrown
8478434,Keegan Kolesar,R,VGK,8,-41,hit_thrown
8478434,Keegan Kolesar,R,VGK,13,-40,hit_thrown
8478434,Keegan Kolesar,R,VGK,59,41,hit_thrown
8478434,Keegan Kolesar,R,VGK,96,-11,hit_thrown
8478434,Keegan Kolesar,R,VGK,90,31,hit_thrown
8478434,Keegan Kolesar,R,VGK,16,-37,hit_thrown
8478434,Keegan Kolesar,R,VGK,90,33,hit_thrown
8478434,Keegan Kolesar,R,VGK,91,30,hit_thrown
8478434,Keegan Kolesar,R,VGK,73,-39,hit_thrown
8478434,Keegan Kolesar,R,VGK,33,39,hit_thrown
8478434,Keegan Kolesar,R,VGK,84,-37,hit_thrown
8478434,Keegan Kolesar,R,VGK,93,27,hit_thrown
8478434,Keegan Kolesar,R,VGK,29,16,hit_thrown
8478434,Keegan Kolesar,R,VGK,56,40,hit_thrown
8478438,Tommy Novak,C,NSH,74,-8,block_hd
8478438,Tommy Novak,C,NSH,58,16,block_non_hd
8478438,Tommy Novak,C,NSH,61,2,block_non_hd
8478438,Tommy Novak,C,NSH,64,5,block_non_hd
8478438,Tommy Novak,C,NSH,51,4,block_non_hd
8478438,Tommy Novak,C,NSH,69,22,dz_faceoff_win
8478438,Tommy Novak,C,NSH,69,22,dz_faceoff_win
8478438,Tommy Novak,C,NSH,81,37,hit_taken
8478438,Tommy Novak,C,NSH,43,38,hit_taken
8478438,Tommy Novak,C,NSH,84,35,hit_taken
8478438,Tommy Novak,C,NSH,91,33,hit_taken
8478438,Tommy Novak,C,NSH,23,38,hit_taken
8478438,Tommy Novak,C,NSH,89,28,hit_taken
8478438,Tommy Novak,C,NSH,51,40,hit_taken
8478438,Tommy Novak,C,NSH,44,-35,hit_taken
8478438,Tommy Novak,C,NSH,16,-39,hit_taken
8478438,Tommy Novak,C,NSH,63,-40,hit_taken
8478438,Tommy Novak,C,NSH,61,41,hit_taken
8478438,Tommy Novak,C,NSH,22,-40,hit_taken
8478438,Tommy Novak,C,NSH,74,-39,hit_taken
8478438,Tommy Novak,C,NSH,13,-41,hit_taken
8478438,Tommy Novak,C,NSH,73,38,hit_taken
8478438,Tommy Novak,C,NSH,99,7,hit_thrown
8478438,Tommy Novak,C,NSH,97,-3,hit_thrown
8478438,Tommy Novak,C,NSH,41,-32,hit_thrown
8478438,Tommy Novak,C,NSH,94,28,hit_thrown
8478438,Tommy Novak,C,NSH,4,5,takeaway_other
8478438,Tommy Novak,C,NSH,14,25,takeaway_other
8478438,Tommy Novak,C,NSH,45,-33,takeaway_other
8478440,Dylan Strome,C,WSH,78,13,block_hd
8478440,Dylan Strome,C,WSH,44,-15,block_non_hd
8478440,Dylan Strome,C,WSH,84,2,crease_goal
8478440,Dylan Strome,C,WSH,69,-22,dz_faceoff_win
8478440,Dylan Strome,C,WSH,69,-22,dz_faceoff_win
8478440,Dylan Strome,C,WSH,69,-22,dz_faceoff_win
8478440,Dylan Strome,C,WSH,69,-22,dz_faceoff_win
8478440,Dylan Strome,C,WSH,69,22,dz_faceoff_win
8478440,Dylan Strome,C,WSH,69,22,dz_faceoff_win
8478440,Dylan Strome,C,WSH,69,22,dz_faceoff_win
8478440,Dylan Strome,C,WSH,69,22,dz_faceoff_win
8478440,Dylan Strome,C,WSH,69,-22,dz_faceoff_win
8478440,Dylan Strome,C,WSH,69,-22,dz_faceoff_win
8478440,Dylan Strome,C,WSH,69,22,dz_faceoff_win
8478440,Dylan Strome,C,WSH,69,22,dz_faceoff_win
8478440,Dylan Strome,C,WSH,69,22,dz_faceoff_win
8478440,Dylan Strome,C,WSH,69,22,dz_faceoff_win
8478440,Dylan Strome,C,WSH,68,38,hit_taken
8478440,Dylan Strome,C,WSH,56,38,hit_taken
8478440,Dylan Strome,C,WSH,96,-10,hit_taken
8478440,Dylan Strome,C,WSH,55,40,hit_taken
8478440,Dylan Strome,C,WSH,93,24,hit_taken
8478440,Dylan Strome,C,WSH,81,38,hit_taken
8478440,Dylan Strome,C,WSH,93,20,hit_taken
8478440,Dylan Strome,C,WSH,93,24,hit_taken
8478440,Dylan Strome,C,WSH,81,36,hit_thrown
8478440,Dylan Strome,C,WSH,17,-35,hit_thrown
8478440,Dylan Strome,C,WSH,94,21,hit_thrown
8478440,Dylan Strome,C,WSH,45,38,hit_thrown
8478440,Dylan Strome,C,WSH,99,0,hit_thrown
8478440,Dylan Strome,C,WSH,15,-39,hit_thrown
8478440,Dylan Strome,C,WSH,39,25,takeaway_other
8478440,Dylan Strome,C,WSH,55,38,takeaway_other
8478443,Brandon Carlo,D,BOS,76,-5,block_hd
8478443,Brandon Carlo,D,BOS,83,-9,block_hd
8478443,Brandon Carlo,D,BOS,77,0,block_hd
8478443,Brandon Carlo,D,BOS,76,16,block_hd
8478443,Brandon Carlo,D,BOS,75,12,block_hd
8478443,Brandon Carlo,D,BOS,70,5,block_hd
8478443,Brandon Carlo,D,BOS,79,-9,block_hd
8478443,Brandon Carlo,D,BOS,79,2,block_hd
8478443,Brandon Carlo,D,BOS,83,-6,block_hd
8478443,Brandon Carlo,D,BOS,80,1,block_hd
8478443,Brandon Carlo,D,BOS,71,15,block_hd
8478443,Brandon Carlo,D,BOS,72,6,block_hd
8478443,Brandon Carlo,D,BOS,78,-10,block_hd
8478443,Brandon Carlo,D,BOS,82,3,block_hd
8478443,Brandon Carlo,D,BOS,88,8,block_hd
8478443,Brandon Carlo,D,BOS,82,1,block_hd
8478443,Brandon Carlo,D,BOS,80,-6,block_hd
8478443,Brandon Carlo,D,BOS,64,9,block_non_hd
8478443,Brandon Carlo,D,BOS,72,-28,block_non_hd
8478443,Brandon Carlo,D,BOS,67,18,block_non_hd
8478443,Brandon Carlo,D,BOS,69,9,block_non_hd
8478443,Brandon Carlo,D,BOS,56,5,block_non_hd
8478443,Brandon Carlo,D,BOS,66,0,block_non_hd
8478443,Brandon Carlo,D,BOS,68,3,block_non_hd
8478443,Brandon Carlo,D,BOS,85,34,hit_taken
8478443,Brandon Carlo,D,BOS,1,38,hit_taken
8478443,Brandon Carlo,D,BOS,99,-3,hit_taken
8478443,Brandon Carlo,D,BOS,94,32,hit_taken
8478443,Brandon Carlo,D,BOS,95,-10,hit_taken
8478443,Brandon Carlo,D,BOS,72,39,hit_taken
8478443,Brandon Carlo,D,BOS,12,-38,hit_taken
8478443,Brandon Carlo,D,BOS,69,-41,hit_taken
8478443,Brandon Carlo,D,BOS,51,39,hit_taken
8478443,Brandon Carlo,D,BOS,95,-27,hit_taken
8478443,Brandon Carlo,D,BOS,98,-17,hit_taken
8478443,Brandon Carlo,D,BOS,98,6,hit_taken
8478443,Brandon Carlo,D,BOS,79,35,hit_taken
8478443,Brandon Carlo,D,BOS,95,-10,hit_taken
8478443,Brandon Carlo,D,BOS,98,-16,hit_taken
8478443,Brandon Carlo,D,BOS,79,41,hit_taken
8478443,Brandon Carlo,D,BOS,94,18,hit_taken
8478443,Brandon Carlo,D,BOS,40,38,hit_taken
8478443,Brandon Carlo,D,BOS,99,7,hit_taken
8478443,Brandon Carlo,D,BOS,99,19,hit_taken
8478443,Brandon Carlo,D,BOS,87,33,hit_taken
8478443,Brandon Carlo,D,BOS,21,-39,hit_taken
8478443,Brandon Carlo,D,BOS,96,6,hit_taken
8478443,Brandon Carlo,D,BOS,97,3,hit_taken
8478443,Brandon Carlo,D,BOS,98,3,hit_taken
8478443,Brandon Carlo,D,BOS,98,18,hit_taken
8478443,Brandon Carlo,D,BOS,97,-11,hit_taken
8478443,Brandon Carlo,D,BOS,58,40,hit_taken
8478443,Brandon Carlo,D,BOS,96,-3,hit_taken
8478443,Brandon Carlo,D,BOS,93,24,hit_taken
8478443,Brandon Carlo,D,BOS,79,37,hit_taken
8478443,Brandon Carlo,D,BOS,54,37,hit_taken
8478443,Brandon Carlo,D,BOS,94,11,hit_taken
8478443,Brandon Carlo,D,BOS,89,-32,hit_taken
8478443,Brandon Carlo,D,BOS,96,0,hit_taken
8478443,Brandon Carlo,D,BOS,97,17,hit_taken
8478443,Brandon Carlo,D,BOS,95,-8,hit_taken
8478443,Brandon Carlo,D,BOS,67,-36,hit_taken
8478443,Brandon Carlo,D,BOS,78,37,hit_taken
8478443,Brandon Carlo,D,BOS,89,-23,hit_taken
8478443,Brandon Carlo,D,BOS,86,-6,hit_thrown
8478443,Brandon Carlo,D,BOS,93,22,hit_thrown
8478443,Brandon Carlo,D,BOS,71,37,hit_thrown
8478443,Brandon Carlo,D,BOS,67,34,hit_thrown
8478443,Brandon Carlo,D,BOS,92,22,hit_thrown
8478443,Brandon Carlo,D,BOS,98,19,hit_thrown
8478443,Brandon Carlo,D,BOS,62,37,hit_thrown
8478443,Brandon Carlo,D,BOS,88,13,hit_thrown
8478443,Brandon Carlo,D,BOS,38,-37,hit_thrown
8478443,Brandon Carlo,D,BOS,71,39,hit_thrown
8478443,Brandon Carlo,D,BOS,42,-38,hit_thrown
8478443,Brandon Carlo,D,BOS,98,8,hit_thrown
8478443,Brandon Carlo,D,BOS,90,-26,hit_thrown
8478443,Brandon Carlo,D,BOS,92,24,hit_thrown
8478443,Brandon Carlo,D,BOS,95,16,hit_thrown
8478443,Brandon Carlo,D,BOS,82,34,hit_thrown
8478443,Brandon Carlo,D,BOS,59,-39,hit_thrown
8478443,Brandon Carlo,D,BOS,53,39,hit_thrown
8478443,Brandon Carlo,D,BOS,95,22,hit_thrown
8478443,Brandon Carlo,D,BOS,77,38,hit_thrown
8478443,Brandon Carlo,D,BOS,77,-40,hit_thrown
8478443,Brandon Carlo,D,BOS,0,-36,hit_thrown
8478443,Brandon Carlo,D,BOS,96,22,hit_thrown
8478443,Brandon Carlo,D,BOS,51,38,hit_thrown
8478443,Brandon Carlo,D,BOS,15,38,hit_thrown
8478443,Brandon Carlo,D,BOS,71,35,hit_thrown
8478443,Brandon Carlo,D,BOS,5,39,hit_thrown
8478443,Brandon Carlo,D,BOS,86,35,hit_thrown
8478443,Brandon Carlo,D,BOS,93,15,hit_thrown
8478443,Brandon Carlo,D,BOS,58,39,hit_thrown
8478443,Brandon Carlo,D,BOS,40,37,hit_thrown
8478443,Brandon Carlo,D,BOS,64,37,hit_thrown
8478443,Brandon Carlo,D,BOS,44,35,hit_thrown
8478443,Brandon Carlo,D,BOS,69,37,hit_thrown
8478443,Brandon Carlo,D,BOS,2,-9,takeaway_other
8478443,Brandon Carlo,D,BOS,85,28,takeaway_other
8478443,Brandon Carlo,D,BOS,84,-33,takeaway_other
8478443,Brandon Carlo,D,BOS,32,-36,takeaway_other
8478444,Brock Boeser,R,VAN,73,-11,block_hd
8478444,Brock Boeser,R,VAN,82,4,block_hd
8478444,Brock Boeser,R,VAN,80,3,block_hd
8478444,Brock Boeser,R,VAN,72,0,block_hd
8478444,Brock Boeser,R,VAN,61,21,block_non_hd
8478444,Brock Boeser,R,VAN,41,-8,block_non_hd
8478444,Brock Boeser,R,VAN,44,17,block_non_hd
8478444,Brock Boeser,R,VAN,35,-25,block_non_hd
8478444,Brock Boeser,R,VAN,54,6,block_non_hd
8478444,Brock Boeser,R,VAN,83,1,crease_goal
8478444,Brock Boeser,R,VAN,86,-9,crease_goal
8478444,Brock Boeser,R,VAN,87,3,crease_goal
8478444,Brock Boeser,R,VAN,94,24,hit_taken
8478444,Brock Boeser,R,VAN,79,-38,hit_taken
8478444,Brock Boeser,R,VAN,70,-39,hit_taken
8478444,Brock Boeser,R,VAN,41,-38,hit_taken
8478444,Brock Boeser,R,VAN,35,39,hit_taken
8478444,Brock Boeser,R,VAN,38,-23,hit_taken
8478444,Brock Boeser,R,VAN,95,-8,hit_taken
8478444,Brock Boeser,R,VAN,8,39,hit_taken
8478444,Brock Boeser,R,VAN,53,-36,hit_taken
8478444,Brock Boeser,R,VAN,37,-4,hit_taken
8478444,Brock Boeser,R,VAN,14,39,hit_taken
8478444,Brock Boeser,R,VAN,95,-14,hit_taken
8478444,Brock Boeser,R,VAN,60,36,hit_taken
8478444,Brock Boeser,R,VAN,7,39,hit_thrown
8478444,Brock Boeser,R,VAN,26,41,hit_thrown
8478444,Brock Boeser,R,VAN,80,-41,hit_thrown
8478444,Brock Boeser,R,VAN,85,-34,hit_thrown
8478444,Brock Boeser,R,VAN,45,40,hit_thrown
8478444,Brock Boeser,R,VAN,54,-39,hit_thrown
8478444,Brock Boeser,R,VAN,86,37,hit_thrown
8478444,Brock Boeser,R,VAN,20,-15,takeaway_other
8478444,Brock Boeser,R,VAN,42,30,takeaway_other
8478444,Brock Boeser,R,VAN,69,-37,takeaway_other
8478444,Brock Boeser,R,VAN,1,-18,takeaway_other
8478444,Brock Boeser,R,VAN,85,37,takeaway_other
8478444,Brock Boeser,R,VAN,79,32,takeaway_other
8478444,Brock Boeser,R,VAN,2,-34,takeaway_other
8478444,Brock Boeser,R,VAN,33,31,takeaway_other
8478445,Mathew Barzal,C,NYI,51,-24,block_non_hd
8478445,Mathew Barzal,C,NYI,45,-26,block_non_hd
8478445,Mathew Barzal,C,NYI,57,5,block_non_hd
8478445,Mathew Barzal,C,NYI,78,-22,block_non_hd
8478445,Mathew Barzal,C,NYI,82,2,crease_goal
8478445,Mathew Barzal,C,NYI,96,7,hit_taken
8478445,Mathew Barzal,C,NYI,97,-21,hit_taken
8478445,Mathew Barzal,C,NYI,42,38,hit_taken
8478445,Mathew Barzal,C,NYI,74,41,hit_taken
8478445,Mathew Barzal,C,NYI,14,22,hit_taken
8478445,Mathew Barzal,C,NYI,18,-36,hit_taken
8478445,Mathew Barzal,C,NYI,47,40,hit_taken
8478445,Mathew Barzal,C,NYI,73,-41,hit_taken
8478445,Mathew Barzal,C,NYI,93,26,hit_taken
8478445,Mathew Barzal,C,NYI,24,38,hit_thrown
8478445,Mathew Barzal,C,NYI,94,-25,hit_thrown
8478445,Mathew Barzal,C,NYI,97,-1,hit_thrown
8478445,Mathew Barzal,C,NYI,38,-33,hit_thrown
8478445,Mathew Barzal,C,NYI,98,-6,hit_thrown
8478445,Mathew Barzal,C,NYI,20,-26,takeaway_other
8478445,Mathew Barzal,C,NYI,90,24,takeaway_other
8478449,Roope Hintz,C,DAL,79,14,block_hd
8478449,Roope Hintz,C,DAL,84,-3,block_hd
8478449,Roope Hintz,C,DAL,79,-3,block_hd
8478449,Roope Hintz,C,DAL,79,-2,block_hd
8478449,Roope Hintz,C,DAL,72,-10,block_hd
8478449,Roope Hintz,C,DAL,65,6,block_non_hd
8478449,Roope Hintz,C,DAL,42,13,block_non_hd
8478449,Roope Hintz,C,DAL,51,0,block_non_hd
8478449,Roope Hintz,C,DAL,38,-5,block_non_hd
8478449,Roope Hintz,C,DAL,50,-12,block_non_hd
8478449,Roope Hintz,C,DAL,50,9,block_non_hd
8478449,Roope Hintz,C,DAL,38,24,block_non_hd
8478449,Roope Hintz,C,DAL,50,10,block_non_hd
8478449,Roope Hintz,C,DAL,69,-22,dz_faceoff_win
8478449,Roope Hintz,C,DAL,69,-22,dz_faceoff_win
8478449,Roope Hintz,C,DAL,69,-22,dz_faceoff_win
8478449,Roope Hintz,C,DAL,69,-22,dz_faceoff_win
8478449,Roope Hintz,C,DAL,69,-22,dz_faceoff_win
8478449,Roope Hintz,C,DAL,69,-22,dz_faceoff_win
8478449,Roope Hintz,C,DAL,69,-22,dz_faceoff_win
8478449,Roope Hintz,C,DAL,69,-22,dz_faceoff_win
8478449,Roope Hintz,C,DAL,69,22,dz_faceoff_win
8478449,Roope Hintz,C,DAL,69,-22,dz_faceoff_win
8478449,Roope Hintz,C,DAL,69,-22,dz_faceoff_win
8478449,Roope Hintz,C,DAL,69,22,dz_faceoff_win
8478449,Roope Hintz,C,DAL,69,-22,dz_faceoff_win
8478449,Roope Hintz,C,DAL,69,-22,dz_faceoff_win
8478449,Roope Hintz,C,DAL,90,-33,hit_taken
8478449,Roope Hintz,C,DAL,96,19,hit_taken
8478449,Roope Hintz,C,DAL,54,-39,hit_taken
8478449,Roope Hintz,C,DAL,33,-41,hit_taken
8478449,Roope Hintz,C,DAL,3,-33,hit_taken
8478449,Roope Hintz,C,DAL,95,-21,hit_taken
8478449,Roope Hintz,C,DAL,70,-38,hit_taken
8478449,Roope Hintz,C,DAL,91,31,hit_taken
8478449,Roope Hintz,C,DAL,96,-20,hit_taken
8478449,Roope Hintz,C,DAL,27,-38,hit_taken
8478449,Roope Hintz,C,DAL,81,-39,hit_taken
8478449,Roope Hintz,C,DAL,91,-30,hit_taken
8478449,Roope Hintz,C,DAL,41,-41,hit_taken
8478449,Roope Hintz,C,DAL,9,42,hit_taken
8478449,Roope Hintz,C,DAL,60,-13,hit_taken
8478449,Roope Hintz,C,DAL,73,-41,hit_taken
8478449,Roope Hintz,C,DAL,72,-40,hit_taken
8478449,Roope Hintz,C,DAL,87,35,hit_taken
8478449,Roope Hintz,C,DAL,31,41,hit_taken
8478449,Roope Hintz,C,DAL,72,37,hit_taken
8478449,Roope Hintz,C,DAL,89,33,hit_taken
8478449,Roope Hintz,C,DAL,73,-41,hit_thrown
8478449,Roope Hintz,C,DAL,98,4,hit_thrown
8478449,Roope Hintz,C,DAL,96,4,hit_thrown
8478449,Roope Hintz,C,DAL,75,-40,hit_thrown
8478449,Roope Hintz,C,DAL,39,41,hit_thrown
8478449,Roope Hintz,C,DAL,39,-39,hit_thrown
8478449,Roope Hintz,C,DAL,37,-41,hit_thrown
8478449,Roope Hintz,C,DAL,15,39,hit_thrown
8478449,Roope Hintz,C,DAL,67,-38,hit_thrown
8478449,Roope Hintz,C,DAL,76,37,hit_thrown
8478449,Roope Hintz,C,DAL,90,35,hit_thrown
8478449,Roope Hintz,C,DAL,52,-27,hit_thrown
8478449,Roope Hintz,C,DAL,5,-40,hit_thrown
8478449,Roope Hintz,C,DAL,43,40,hit_thrown
8478449,Roope Hintz,C,DAL,95,26,hit_thrown
8478449,Roope Hintz,C,DAL,91,-27,hit_thrown
8478449,Roope Hintz,C,DAL,53,40,hit_thrown
8478449,Roope Hintz,C,DAL,7,-35,hit_thrown
8478449,Roope Hintz,C,DAL,1,-40,hit_thrown
8478449,Roope Hintz,C,DAL,89,-33,hit_thrown
8478449,Roope Hintz,C,DAL,35,32,takeaway_other
8478449,Roope Hintz,C,DAL,22,35,takeaway_other
8478449,Roope Hintz,C,DAL,51,-21,takeaway_other
8478449,Roope Hintz,C,DAL,8,-3,takeaway_other
8478449,Roope Hintz,C,DAL,61,-37,takeaway_other
8478449,Roope Hintz,C,DAL,77,29,takeaway_other
8478450,Parker Wotherspoon,D,BOS,74,10,block_hd
8478450,Parker Wotherspoon,D,BOS,75,7,block_hd
8478450,Parker Wotherspoon,D,BOS,82,-13,block_hd
8478450,Parker Wotherspoon,D,BOS,82,-8,block_hd
8478450,Parker Wotherspoon,D,BOS,81,8,block_hd
8478450,Parker Wotherspoon,D,BOS,70,11,block_hd
8478450,Parker Wotherspoon,D,BOS,82,-3,block_hd
8478450,Parker Wotherspoon,D,BOS,74,-6,block_hd
8478450,Parker Wotherspoon,D,BOS,76,3,block_hd
8478450,Parker Wotherspoon,D,BOS,72,-4,block_hd
8478450,Parker Wotherspoon,D,BOS,73,0,block_hd
8478450,Parker Wotherspoon,D,BOS,74,10,block_hd
8478450,Parker Wotherspoon,D,BOS,79,1,block_hd
8478450,Parker Wotherspoon,D,BOS,79,5,block_hd
8478450,Parker Wotherspoon,D,BOS,73,-6,block_hd
8478450,Parker Wotherspoon,D,BOS,83,-6,block_hd
8478450,Parker Wotherspoon,D,BOS,67,20,block_non_hd
8478450,Parker Wotherspoon,D,BOS,58,36,block_non_hd
8478450,Parker Wotherspoon,D,BOS,62,-10,block_non_hd
8478450,Parker Wotherspoon,D,BOS,65,-11,block_non_hd
8478450,Parker Wotherspoon,D,BOS,68,-13,block_non_hd
8478450,Parker Wotherspoon,D,BOS,64,-16,block_non_hd
8478450,Parker Wotherspoon,D,BOS,67,-16,block_non_hd
8478450,Parker Wotherspoon,D,BOS,59,33,block_non_hd
8478450,Parker Wotherspoon,D,BOS,96,-25,hit_taken
8478450,Parker Wotherspoon,D,BOS,89,33,hit_taken
8478450,Parker Wotherspoon,D,BOS,97,11,hit_taken
8478450,Parker Wotherspoon,D,BOS,99,-13,hit_taken
8478450,Parker Wotherspoon,D,BOS,99,-6,hit_taken
8478450,Parker Wotherspoon,D,BOS,77,39,hit_taken
8478450,Parker Wotherspoon,D,BOS,97,21,hit_taken
8478450,Parker Wotherspoon,D,BOS,97,19,hit_taken
8478450,Parker Wotherspoon,D,BOS,88,-35,hit_taken
8478450,Parker Wotherspoon,D,BOS,86,-33,hit_taken
8478450,Parker Wotherspoon,D,BOS,95,-9,hit_taken
8478450,Parker Wotherspoon,D,BOS,98,-15,hit_taken
8478450,Parker Wotherspoon,D,BOS,90,-34,hit_taken
8478450,Parker Wotherspoon,D,BOS,88,-34,hit_taken
8478450,Parker Wotherspoon,D,BOS,52,-39,hit_taken
8478450,Parker Wotherspoon,D,BOS,92,11,hit_taken
8478450,Parker Wotherspoon,D,BOS,97,-8,hit_taken
8478450,Parker Wotherspoon,D,BOS,72,40,hit_taken
8478450,Parker Wotherspoon,D,BOS,98,-1,hit_taken
8478450,Parker Wotherspoon,D,BOS,92,32,hit_taken
8478450,Parker Wotherspoon,D,BOS,96,3,hit_taken
8478450,Parker Wotherspoon,D,BOS,27,-38,hit_taken
8478450,Parker Wotherspoon,D,BOS,81,-36,hit_taken
8478450,Parker Wotherspoon,D,BOS,91,-30,hit_taken
8478450,Parker Wotherspoon,D,BOS,32,-13,hit_taken
8478450,Parker Wotherspoon,D,BOS,91,14,hit_taken
8478450,Parker Wotherspoon,D,BOS,96,-28,hit_taken
8478450,Parker Wotherspoon,D,BOS,86,-22,hit_taken
8478450,Parker Wotherspoon,D,BOS,40,37,hit_taken
8478450,Parker Wotherspoon,D,BOS,72,-23,hit_taken
8478450,Parker Wotherspoon,D,BOS,67,-39,hit_taken
8478450,Parker Wotherspoon,D,BOS,91,-12,hit_taken
8478450,Parker Wotherspoon,D,BOS,94,-20,hit_thrown
8478450,Parker Wotherspoon,D,BOS,53,-26,hit_thrown
8478450,Parker Wotherspoon,D,BOS,99,-14,hit_thrown
8478450,Parker Wotherspoon,D,BOS,83,37,hit_thrown
8478450,Parker Wotherspoon,D,BOS,71,40,hit_thrown
8478450,Parker Wotherspoon,D,BOS,48,-39,hit_thrown
8478450,Parker Wotherspoon,D,BOS,92,-30,hit_thrown
8478450,Parker Wotherspoon,D,BOS,64,-41,hit_thrown
8478450,Parker Wotherspoon,D,BOS,14,-37,hit_thrown
8478450,Parker Wotherspoon,D,BOS,60,-38,hit_thrown
8478450,Parker Wotherspoon,D,BOS,57,38,hit_thrown
8478450,Parker Wotherspoon,D,BOS,89,-32,hit_thrown
8478450,Parker Wotherspoon,D,BOS,13,36,hit_thrown
8478450,Parker Wotherspoon,D,BOS,95,22,hit_thrown
8478450,Parker Wotherspoon,D,BOS,95,8,hit_thrown
8478450,Parker Wotherspoon,D,BOS,84,36,hit_thrown
8478450,Parker Wotherspoon,D,BOS,74,-39,hit_thrown
8478450,Parker Wotherspoon,D,BOS,96,-11,hit_thrown
8478450,Parker Wotherspoon,D,BOS,93,25,hit_thrown
8478450,Parker Wotherspoon,D,BOS,97,9,hit_thrown
8478450,Parker Wotherspoon,D,BOS,69,-40,hit_thrown
8478450,Parker Wotherspoon,D,BOS,11,39,hit_thrown
8478450,Parker Wotherspoon,D,BOS,12,26,takeaway_other
8478452,Caleb Jones,D,COL,80,-1,block_hd
8478452,Caleb Jones,D,COL,62,20,block_non_hd
8478452,Caleb Jones,D,COL,82,38,hit_taken
8478452,Caleb Jones,D,COL,92,27,hit_taken
8478452,Caleb Jones,D,COL,49,-39,hit_taken
8478452,Caleb Jones,D,COL,25,-40,hit_thrown
8478452,Caleb Jones,D,COL,88,26,hit_thrown
8478452,Caleb Jones,D,COL,21,-40,hit_thrown
8478452,Caleb Jones,D,COL,40,-40,hit_thrown
8478452,Caleb Jones,D,COL,77,-40,hit_thrown
8478454,Noah Juulsen,D,VAN,75,13,block_hd
8478454,Noah Juulsen,D,VAN,90,27,hit_taken
8478454,Noah Juulsen,D,VAN,27,-13,hit_taken
8478454,Noah Juulsen,D,VAN,93,-18,hit_taken
8478454,Noah Juulsen,D,VAN,58,40,hit_taken
8478454,Noah Juulsen,D,VAN,19,39,hit_thrown
8478454,Noah Juulsen,D,VAN,95,-27,hit_thrown
8478454,Noah Juulsen,D,VAN,15,38,hit_thrown
8478454,Noah Juulsen,D,VAN,9,38,hit_thrown
8478454,Noah Juulsen,D,VAN,84,-35,hit_thrown
8478454,Noah Juulsen,D,VAN,44,40,hit_thrown
8478454,Noah Juulsen,D,VAN,94,-9,hit_thrown
8478454,Noah Juulsen,D,VAN,54,-36,hit_thrown
8478454,Noah Juulsen,D,VAN,27,22,hit_thrown
8478454,Noah Juulsen,D,VAN,72,36,hit_thrown
8478454,Noah Juulsen,D,VAN,19,-22,hit_thrown
8478454,Noah Juulsen,D,VAN,73,1,takeaway_hd
8478458,Jack Roslovic,C,NYR,78,-18,block_hd
8478458,Jack Roslovic,C,NYR,56,34,block_non_hd
8478458,Jack Roslovic,C,NYR,48,-22,block_non_hd
8478458,Jack Roslovic,C,NYR,40,11,block_non_hd
8478458,Jack Roslovic,C,NYR,61,20,block_non_hd
8478458,Jack Roslovic,C,NYR,65,23,block_non_hd
8478458,Jack Roslovic,C,NYR,82,29,block_non_hd
8478458,Jack Roslovic,C,NYR,64,13,block_non_hd
8478458,Jack Roslovic,C,NYR,48,-33,hit_taken
8478458,Jack Roslovic,C,NYR,46,-39,hit_taken
8478458,Jack Roslovic,C,NYR,1,39,hit_taken
8478458,Jack Roslovic,C,NYR,96,7,hit_taken
8478458,Jack Roslovic,C,NYR,15,-39,hit_taken
8478458,Jack Roslovic,C,NYR,81,-37,hit_taken
8478458,Jack Roslovic,C,NYR,16,-36,hit_taken
8478458,Jack Roslovic,C,NYR,43,39,hit_taken
8478458,Jack Roslovic,C,NYR,43,39,hit_taken
8478458,Jack Roslovic,C,NYR,91,30,hit_taken
8478458,Jack Roslovic,C,NYR,39,-38,hit_taken
8478458,Jack Roslovic,C,NYR,43,-40,hit_taken
8478458,Jack Roslovic,C,NYR,37,-39,hit_taken
8478458,Jack Roslovic,C,NYR,40,40,hit_taken
8478458,Jack Roslovic,C,NYR,23,39,hit_taken
8478458,Jack Roslovic,C,NYR,88,31,hit_taken
8478458,Jack Roslovic,C,NYR,42,37,hit_taken
8478458,Jack Roslovic,C,NYR,91,-28,hit_taken
8478458,Jack Roslovic,C,NYR,22,-32,hit_taken
8478458,Jack Roslovic,C,NYR,7,39,hit_taken
8478458,Jack Roslovic,C,NYR,92,-31,hit_taken
8478458,Jack Roslovic,C,NYR,96,-12,hit_thrown
8478458,Jack Roslovic,C,NYR,71,-39,hit_thrown
8478458,Jack Roslovic,C,NYR,65,39,hit_thrown
8478458,Jack Roslovic,C,NYR,82,-37,hit_thrown
8478458,Jack Roslovic,C,NYR,94,-20,hit_thrown
8478458,Jack Roslovic,C,NYR,96,-7,hit_thrown
8478458,Jack Roslovic,C,NYR,47,37,hit_thrown
8478458,Jack Roslovic,C,NYR,96,-24,hit_thrown
8478458,Jack Roslovic,C,NYR,92,31,hit_thrown
8478458,Jack Roslovic,C,NYR,34,-38,hit_thrown
8478458,Jack Roslovic,C,NYR,73,-40,takeaway_other
8478458,Jack Roslovic,C,NYR,35,37,takeaway_other
8478462,Nicolas Roy,C,VGK,75,6,block_hd
8478462,Nicolas Roy,C,VGK,59,-6,block_non_hd
8478462,Nicolas Roy,C,VGK,59,15,block_non_hd
8478462,Nicolas Roy,C,VGK,51,16,block_non_hd
8478462,Nicolas Roy,C,VGK,47,0,block_non_hd
8478462,Nicolas Roy,C,VGK,62,17,block_non_hd
8478462,Nicolas Roy,C,VGK,67,-30,block_non_hd
8478462,Nicolas Roy,C,VGK,69,22,dz_faceoff_win
8478462,Nicolas Roy,C,VGK,69,22,dz_faceoff_win
8478462,Nicolas Roy,C,VGK,69,22,dz_faceoff_win
8478462,Nicolas Roy,C,VGK,69,22,dz_faceoff_win
8478462,Nicolas Roy,C,VGK,69,22,dz_faceoff_win
8478462,Nicolas Roy,C,VGK,69,22,dz_faceoff_win
8478462,Nicolas Roy,C,VGK,69,22,dz_faceoff_win
8478462,Nicolas Roy,C,VGK,69,-22,dz_faceoff_win
8478462,Nicolas Roy,C,VGK,69,22,dz_faceoff_win
8478462,Nicolas Roy,C,VGK,69,22,dz_faceoff_win
8478462,Nicolas Roy,C,VGK,69,22,dz_faceoff_win
8478462,Nicolas Roy,C,VGK,69,22,dz_faceoff_win
8478462,Nicolas Roy,C,VGK,69,22,dz_faceoff_win
8478462,Nicolas Roy,C,VGK,69,22,dz_faceoff_win
8478462,Nicolas Roy,C,VGK,40,-41,hit_taken
8478462,Nicolas Roy,C,VGK,6,-40,hit_taken
8478462,Nicolas Roy,C,VGK,53,-38,hit_taken
8478462,Nicolas Roy,C,VGK,5,-20,hit_taken
8478462,Nicolas Roy,C,VGK,89,-33,hit_taken
8478462,Nicolas Roy,C,VGK,13,41,hit_taken
8478462,Nicolas Roy,C,VGK,87,36,hit_taken
8478462,Nicolas Roy,C,VGK,47,-40,hit_taken
8478462,Nicolas Roy,C,VGK,97,26,hit_thrown
8478462,Nicolas Roy,C,VGK,72,40,hit_thrown
8478462,Nicolas Roy,C,VGK,82,-38,hit_thrown
8478462,Nicolas Roy,C,VGK,39,35,hit_thrown
8478462,Nicolas Roy,C,VGK,99,-16,hit_thrown
8478462,Nicolas Roy,C,VGK,74,-40,hit_thrown
8478462,Nicolas Roy,C,VGK,90,-33,hit_thrown
8478462,Nicolas Roy,C,VGK,90,-32,hit_thrown
8478462,Nicolas Roy,C,VGK,98,-14,hit_thrown
8478462,Nicolas Roy,C,VGK,69,40,hit_thrown
8478462,Nicolas Roy,C,VGK,94,-26,hit_thrown
8478462,Nicolas Roy,C,VGK,96,-27,hit_thrown
8478462,Nicolas Roy,C,VGK,97,-11,hit_thrown
8478462,Nicolas Roy,C,VGK,39,39,hit_thrown
8478462,Nicolas Roy,C,VGK,93,-26,hit_thrown
8478462,Nicolas Roy,C,VGK,88,-36,hit_thrown
8478462,Nicolas Roy,C,VGK,56,41,hit_thrown
8478462,Nicolas Roy,C,VGK,82,36,hit_thrown
8478462,Nicolas Roy,C,VGK,99,-11,hit_thrown
8478462,Nicolas Roy,C,VGK,0,-37,hit_thrown
8478462,Nicolas Roy,C,VGK,97,19,hit_thrown
8478462,Nicolas Roy,C,VGK,12,-39,hit_thrown
8478462,Nicolas Roy,C,VGK,98,-19,hit_thrown
8478462,Nicolas Roy,C,VGK,83,-37,hit_thrown
8478462,Nicolas Roy,C,VGK,42,-40,hit_thrown
8478462,Nicolas Roy,C,VGK,13,-27,takeaway_other
8478462,Nicolas Roy,C,VGK,60,36,takeaway_other
8478462,Nicolas Roy,C,VGK,62,3,takeaway_other
8478463,Anthony Beauvillier,L,NSH,36,39,hit_taken
8478463,Anthony Beauvillier,L,NSH,99,1,hit_taken
8478463,Anthony Beauvillier,L,NSH,64,41,hit_taken
8478463,Anthony Beauvillier,L,NSH,18,24,hit_taken
8478463,Anthony Beauvillier,L,NSH,62,39,hit_taken
8478463,Anthony Beauvillier,L,NSH,32,-36,hit_thrown
8478463,Anthony Beauvillier,L,NSH,95,18,hit_thrown
8478463,Anthony Beauvillier,L,NSH,69,-38,hit_thrown
8478463,Anthony Beauvillier,L,NSH,98,-19,hit_thrown
8478463,Anthony Beauvillier,L,NSH,97,3,hit_thrown
8478463,Anthony Beauvillier,L,NSH,55,36,hit_thrown
8478463,Anthony Beauvillier,L,NSH,6,38,hit_thrown
8478463,Anthony Beauvillier,L,NSH,79,35,hit_thrown
8478463,Anthony Beauvillier,L,NSH,85,-34,hit_thrown
8478463,Anthony Beauvillier,L,NSH,48,38,hit_thrown
8478463,Anthony Beauvillier,L,NSH,96,-20,hit_thrown
8478463,Anthony Beauvillier,L,NSH,94,-7,hit_thrown
8478463,Anthony Beauvillier,L,NSH,53,38,takeaway_other
8478468,Jeremy Lauzon,D,NSH,75,-17,block_hd
8478468,Jeremy Lauzon,D,NSH,72,-6,block_hd
8478468,Jeremy Lauzon,D,NSH,74,-3,block_hd
8478468,Jeremy Lauzon,D,NSH,75,10,block_hd
8478468,Jeremy Lauzon,D,NSH,70,-5,block_hd
8478468,Jeremy Lauzon,D,NSH,70,7,block_hd
8478468,Jeremy Lauzon,D,NSH,73,9,block_hd
8478468,Jeremy Lauzon,D,NSH,77,0,block_hd
8478468,Jeremy Lauzon,D,NSH,63,-33,block_non_hd
8478468,Jeremy Lauzon,D,NSH,88,-30,hit_taken
8478468,Jeremy Lauzon,D,NSH,90,25,hit_taken
8478468,Jeremy Lauzon,D,NSH,68,24,hit_taken
8478468,Jeremy Lauzon,D,NSH,19,2,hit_taken
8478468,Jeremy Lauzon,D,NSH,97,9,hit_taken
8478468,Jeremy Lauzon,D,NSH,1,-40,hit_taken
8478468,Jeremy Lauzon,D,NSH,87,34,hit_taken
8478468,Jeremy Lauzon,D,NSH,9,41,hit_taken
8478468,Jeremy Lauzon,D,NSH,29,-39,hit_taken
8478468,Jeremy Lauzon,D,NSH,97,-8,hit_taken
8478468,Jeremy Lauzon,D,NSH,99,-3,hit_taken
8478468,Jeremy Lauzon,D,NSH,80,-37,hit_taken
8478468,Jeremy Lauzon,D,NSH,7,-39,hit_taken
8478468,Jeremy Lauzon,D,NSH,38,-37,hit_thrown
8478468,Jeremy Lauzon,D,NSH,52,-39,hit_thrown
8478468,Jeremy Lauzon,D,NSH,70,-39,hit_thrown
8478468,Jeremy Lauzon,D,NSH,88,-31,hit_thrown
8478468,Jeremy Lauzon,D,NSH,41,-39,hit_thrown
8478468,Jeremy Lauzon,D,NSH,98,-6,hit_thrown
8478468,Jeremy Lauzon,D,NSH,96,14,hit_thrown
8478468,Jeremy Lauzon,D,NSH,66,-6,hit_thrown
8478468,Jeremy Lauzon,D,NSH,78,-34,hit_thrown
8478468,Jeremy Lauzon,D,NSH,10,-40,hit_thrown
8478468,Jeremy Lauzon,D,NSH,90,-35,hit_thrown
8478468,Jeremy Lauzon,D,NSH,58,-40,hit_thrown
8478468,Jeremy Lauzon,D,NSH,48,41,hit_thrown
8478468,Jeremy Lauzon,D,NSH,13,-41,hit_thrown
8478468,Jeremy Lauzon,D,NSH,91,-33,hit_thrown
8478468,Jeremy Lauzon,D,NSH,90,-30,hit_thrown
8478468,Jeremy Lauzon,D,NSH,84,-34,hit_thrown
8478468,Jeremy Lauzon,D,NSH,70,-39,hit_thrown
8478468,Jeremy Lauzon,D,NSH,98,3,hit_thrown
8478468,Jeremy Lauzon,D,NSH,27,40,hit_thrown
8478468,Jeremy Lauzon,D,NSH,51,-39,hit_thrown
8478468,Jeremy Lauzon,D,NSH,67,-22,hit_thrown
8478468,Jeremy Lauzon,D,NSH,41,-38,hit_thrown
8478483,Mitch Marner,R,TOR,51,35,block_non_hd
8478483,Mitch Marner,R,TOR,85,10,crease_goal
8478483,Mitch Marner,R,TOR,93,-26,hit_taken
8478483,Mitch Marner,R,TOR,63,-38,hit_taken
8478483,Mitch Marner,R,TOR,82,-31,hit_taken
8478483,Mitch Marner,R,TOR,47,39,hit_taken
8478483,Mitch Marner,R,TOR,72,38,hit_taken
8478483,Mitch Marner,R,TOR,88,13,hit_taken
8478483,Mitch Marner,R,TOR,76,41,hit_taken
8478483,Mitch Marner,R,TOR,71,39,hit_taken
8478483,Mitch Marner,R,TOR,42,-38,hit_taken
8478483,Mitch Marner,R,TOR,92,29,hit_taken
8478483,Mitch Marner,R,TOR,91,-14,hit_taken
8478483,Mitch Marner,R,TOR,91,28,hit_taken
8478483,Mitch Marner,R,TOR,55,36,hit_thrown
8478483,Mitch Marner,R,TOR,55,38,hit_thrown
8478483,Mitch Marner,R,TOR,98,6,hit_thrown
8478483,Mitch Marner,R,TOR,98,12,hit_thrown
8478483,Mitch Marner,R,TOR,77,38,hit_thrown
8478483,Mitch Marner,R,TOR,44,37,hit_thrown
8478483,Mitch Marner,R,TOR,82,8,takeaway_hd
8478483,Mitch Marner,R,TOR,6,28,takeaway_other
8478483,Mitch Marner,R,TOR,62,-38,takeaway_other
8478483,Mitch Marner,R,TOR,13,37,takeaway_other
8478483,Mitch Marner,R,TOR,6,35,takeaway_other
8478498,Jake DeBrusk,L,BOS,73,-7,block_hd
8478498,Jake DeBrusk,L,BOS,71,0,block_hd
8478498,Jake DeBrusk,L,BOS,86,5,block_hd
8478498,Jake DeBrusk,L,BOS,79,1,block_hd
8478498,Jake DeBrusk,L,BOS,54,26,block_non_hd
8478498,Jake DeBrusk,L,BOS,62,20,block_non_hd
8478498,Jake DeBrusk,L,BOS,59,8,block_non_hd
8478498,Jake DeBrusk,L,BOS,39,21,block_non_hd
8478498,Jake DeBrusk,L,BOS,62,16,block_non_hd
8478498,Jake DeBrusk,L,BOS,51,-2,block_non_hd
8478498,Jake DeBrusk,L,BOS,43,-6,block_non_hd
8478498,Jake DeBrusk,L,BOS,39,-18,block_non_hd
8478498,Jake DeBrusk,L,BOS,78,31,block_non_hd
8478498,Jake DeBrusk,L,BOS,47,20,block_non_hd
8478498,Jake DeBrusk,L,BOS,62,-3,block_non_hd
8478498,Jake DeBrusk,L,BOS,57,15,block_non_hd
8478498,Jake DeBrusk,L,BOS,79,1,crease_goal
8478498,Jake DeBrusk,L,BOS,81,2,crease_goal
8478498,Jake DeBrusk,L,BOS,22,38,hit_taken
8478498,Jake DeBrusk,L,BOS,3,-32,hit_taken
8478498,Jake DeBrusk,L,BOS,82,-36,hit_taken
8478498,Jake DeBrusk,L,BOS,99,-8,hit_taken
8478498,Jake DeBrusk,L,BOS,69,36,hit_taken
8478498,Jake DeBrusk,L,BOS,61,37,hit_taken
8478498,Jake DeBrusk,L,BOS,29,-40,hit_taken
8478498,Jake DeBrusk,L,BOS,7,-9,hit_taken
8478498,Jake DeBrusk,L,BOS,35,-40,hit_taken
8478498,Jake DeBrusk,L,BOS,95,-4,hit_taken
8478498,Jake DeBrusk,L,BOS,65,-7,hit_taken
8478498,Jake DeBrusk,L,BOS,34,23,hit_taken
8478498,Jake DeBrusk,L,BOS,96,-7,hit_taken
8478498,Jake DeBrusk,L,BOS,42,-39,hit_taken
8478498,Jake DeBrusk,L,BOS,96,13,hit_taken
8478498,Jake DeBrusk,L,BOS,75,-41,hit_taken
8478498,Jake DeBrusk,L,BOS,10,41,hit_taken
8478498,Jake DeBrusk,L,BOS,77,38,hit_taken
8478498,Jake DeBrusk,L,BOS,52,-39,hit_taken
8478498,Jake DeBrusk,L,BOS,40,-40,hit_taken
8478498,Jake DeBrusk,L,BOS,35,-40,hit_taken
8478498,Jake DeBrusk,L,BOS,17,37,hit_taken
8478498,Jake DeBrusk,L,BOS,11,-38,hit_taken
8478498,Jake DeBrusk,L,BOS,95,19,hit_taken
8478498,Jake DeBrusk,L,BOS,8,36,hit_taken
8478498,Jake DeBrusk,L,BOS,96,6,hit_taken
8478498,Jake DeBrusk,L,BOS,71,30,hit_taken
8478498,Jake DeBrusk,L,BOS,62,-40,hit_taken
8478498,Jake DeBrusk,L,BOS,36,-39,hit_taken
8478498,Jake DeBrusk,L,BOS,90,21,hit_taken
8478498,Jake DeBrusk,L,BOS,97,-18,hit_taken
8478498,Jake DeBrusk,L,BOS,73,36,hit_thrown
8478498,Jake DeBrusk,L,BOS,94,-4,hit_thrown
8478498,Jake DeBrusk,L,BOS,96,-9,hit_thrown
8478498,Jake DeBrusk,L,BOS,56,38,hit_thrown
8478498,Jake DeBrusk,L,BOS,70,37,hit_thrown
8478498,Jake DeBrusk,L,BOS,97,21,hit_thrown
8478498,Jake DeBrusk,L,BOS,98,-5,hit_thrown
8478498,Jake DeBrusk,L,BOS,96,0,hit_thrown
8478498,Jake DeBrusk,L,BOS,2,39,hit_thrown
8478498,Jake DeBrusk,L,BOS,93,-32,hit_thrown
8478498,Jake DeBrusk,L,BOS,31,-40,hit_thrown
8478498,Jake DeBrusk,L,BOS,89,-34,hit_thrown
8478498,Jake DeBrusk,L,BOS,7,40,hit_thrown
8478498,Jake DeBrusk,L,BOS,95,-10,hit_thrown
8478498,Jake DeBrusk,L,BOS,33,-39,hit_thrown
8478498,Jake DeBrusk,L,BOS,96,-4,hit_thrown
8478498,Jake DeBrusk,L,BOS,71,40,hit_thrown
8478498,Jake DeBrusk,L,BOS,92,-18,hit_thrown
8478498,Jake DeBrusk,L,BOS,94,26,hit_thrown
8478498,Jake DeBrusk,L,BOS,93,30,hit_thrown
8478498,Jake DeBrusk,L,BOS,41,39,hit_thrown
8478498,Jake DeBrusk,L,BOS,98,-17,hit_thrown
8478498,Jake DeBrusk,L,BOS,27,38,hit_thrown
8478498,Jake DeBrusk,L,BOS,75,-37,hit_thrown
8478498,Jake DeBrusk,L,BOS,98,16,hit_thrown
8478498,Jake DeBrusk,L,BOS,61,-38,hit_thrown
8478498,Jake DeBrusk,L,BOS,78,36,hit_thrown
8478498,Jake DeBrusk,L,BOS,84,31,hit_thrown
8478498,Jake DeBrusk,L,BOS,86,-35,hit_thrown
8478498,Jake DeBrusk,L,BOS,95,14,hit_thrown
8478498,Jake DeBrusk,L,BOS,95,24,hit_thrown
8478498,Jake DeBrusk,L,BOS,95,19,hit_thrown
8478498,Jake DeBrusk,L,BOS,88,27,hit_thrown
8478498,Jake DeBrusk,L,BOS,91,-14,hit_thrown
8478498,Jake DeBrusk,L,BOS,93,-25,hit_thrown
8478498,Jake DeBrusk,L,BOS,92,-6,hit_thrown
8478498,Jake DeBrusk,L,BOS,97,-16,hit_thrown
8478498,Jake DeBrusk,L,BOS,97,-24,hit_thrown
8478498,Jake DeBrusk,L,BOS,71,-34,hit_thrown
8478498,Jake DeBrusk,L,BOS,98,8,hit_thrown
8478498,Jake DeBrusk,L,BOS,61,-37,hit_thrown
8478498,Jake DeBrusk,L,BOS,50,-39,hit_thrown
8478498,Jake DeBrusk,L,BOS,95,-29,hit_thrown
8478498,Jake DeBrusk,L,BOS,96,-17,hit_thrown
8478498,Jake DeBrusk,L,BOS,97,11,hit_thrown
8478498,Jake DeBrusk,L,BOS,69,38,hit_thrown
8478498,Jake DeBrusk,L,BOS,15,-40,hit_thrown
8478498,Jake DeBrusk,L,BOS,78,36,hit_thrown
8478498,Jake DeBrusk,L,BOS,10,38,hit_thrown
8478498,Jake DeBrusk,L,BOS,20,36,hit_thrown
8478498,Jake DeBrusk,L,BOS,1,-36,hit_thrown
8478498,Jake DeBrusk,L,BOS,72,37,hit_thrown
8478498,Jake DeBrusk,L,BOS,42,-37,hit_thrown
8478498,Jake DeBrusk,L,BOS,88,27,takeaway_other
8478508,Yakov Trenin,C,COL,79,-4,block_hd
8478508,Yakov Trenin,C,COL,65,17,block_non_hd
8478508,Yakov Trenin,C,COL,54,5,block_non_hd
8478508,Yakov Trenin,C,COL,69,9,block_non_hd
8478508,Yakov Trenin,C,COL,38,1,block_non_hd
8478508,Yakov Trenin,C,COL,55,20,block_non_hd
8478508,Yakov Trenin,C,COL,81,-3,crease_goal
8478508,Yakov Trenin,C,COL,69,22,dz_faceoff_win
8478508,Yakov Trenin,C,COL,69,-22,dz_faceoff_win
8478508,Yakov Trenin,C,COL,69,22,dz_faceoff_win
8478508,Yakov Trenin,C,COL,69,22,dz_faceoff_win
8478508,Yakov Trenin,C,COL,69,22,dz_faceoff_win
8478508,Yakov Trenin,C,COL,69,22,dz_faceoff_win
8478508,Yakov Trenin,C,COL,69,22,dz_faceoff_win
8478508,Yakov Trenin,C,COL,69,22,dz_faceoff_win
8478508,Yakov Trenin,C,COL,69,22,dz_faceoff_win
8478508,Yakov Trenin,C,COL,69,22,dz_faceoff_win
8478508,Yakov Trenin,C,COL,69,-22,dz_faceoff_win
8478508,Yakov Trenin,C,COL,69,22,dz_faceoff_win
8478508,Yakov Trenin,C,COL,69,22,dz_faceoff_win
8478508,Yakov Trenin,C,COL,69,22,dz_faceoff_win
8478508,Yakov Trenin,C,COL,69,22,dz_faceoff_win
8478508,Yakov Trenin,C,COL,69,22,dz_faceoff_win
8478508,Yakov Trenin,C,COL,69,22,dz_faceoff_win
8478508,Yakov Trenin,C,COL,69,22,dz_faceoff_win
8478508,Yakov Trenin,C,COL,69,22,dz_faceoff_win
8478508,Yakov Trenin,C,COL,69,22,dz_faceoff_win
8478508,Yakov Trenin,C,COL,69,-22,dz_faceoff_win
8478508,Yakov Trenin,C,COL,69,-22,dz_faceoff_win
8478508,Yakov Trenin,C,COL,98,-5,hit_taken
8478508,Yakov Trenin,C,COL,18,41,hit_taken
8478508,Yakov Trenin,C,COL,18,-40,hit_taken
8478508,Yakov Trenin,C,COL,65,-40,hit_taken
8478508,Yakov Trenin,C,COL,89,-29,hit_taken
8478508,Yakov Trenin,C,COL,86,36,hit_taken
8478508,Yakov Trenin,C,COL,52,40,hit_taken
8478508,Yakov Trenin,C,COL,99,3,hit_taken
8478508,Yakov Trenin,C,COL,92,-31,hit_taken
8478508,Yakov Trenin,C,COL,21,41,hit_taken
8478508,Yakov Trenin,C,COL,92,28,hit_taken
8478508,Yakov Trenin,C,COL,96,22,hit_taken
8478508,Yakov Trenin,C,COL,88,33,hit_taken
8478508,Yakov Trenin,C,COL,96,-14,hit_taken
8478508,Yakov Trenin,C,COL,94,29,hit_taken
8478508,Yakov Trenin,C,COL,18,-40,hit_taken
8478508,Yakov Trenin,C,COL,95,-25,hit_thrown
8478508,Yakov Trenin,C,COL,4,-40,hit_thrown
8478508,Yakov Trenin,C,COL,22,-38,hit_thrown
8478508,Yakov Trenin,C,COL,91,-30,hit_thrown
8478508,Yakov Trenin,C,COL,94,-16,hit_thrown
8478508,Yakov Trenin,C,COL,12,39,hit_thrown
8478508,Yakov Trenin,C,COL,95,19,hit_thrown
8478508,Yakov Trenin,C,COL,89,-34,hit_thrown
8478508,Yakov Trenin,C,COL,78,39,hit_thrown
8478508,Yakov Trenin,C,COL,52,38,hit_thrown
8478508,Yakov Trenin,C,COL,69,-39,hit_thrown
8478508,Yakov Trenin,C,COL,25,41,hit_thrown
8478508,Yakov Trenin,C,COL,99,7,hit_thrown
8478508,Yakov Trenin,C,COL,92,31,hit_thrown
8478508,Yakov Trenin,C,COL,74,36,hit_thrown
8478508,Yakov Trenin,C,COL,39,39,hit_thrown
8478508,Yakov Trenin,C,COL,77,41,hit_thrown
8478508,Yakov Trenin,C,COL,96,20,hit_thrown
8478508,Yakov Trenin,C,COL,18,38,hit_thrown
8478508,Yakov Trenin,C,COL,47,-38,hit_thrown
8478508,Yakov Trenin,C,COL,37,-37,hit_thrown
8478508,Yakov Trenin,C,COL,97,-21,hit_thrown
8478508,Yakov Trenin,C,COL,89,33,hit_thrown
8478508,Yakov Trenin,C,COL,61,40,hit_thrown
8478508,Yakov Trenin,C,COL,40,37,hit_thrown
8478508,Yakov Trenin,C,COL,94,-15,hit_thrown
8478508,Yakov Trenin,C,COL,21,37,hit_thrown
8478508,Yakov Trenin,C,COL,35,-40,hit_thrown
8478508,Yakov Trenin,C,COL,51,40,hit_thrown
8478508,Yakov Trenin,C,COL,74,40,hit_thrown
8478508,Yakov Trenin,C,COL,99,-14,takeaway_hd
8478508,Yakov Trenin,C,COL,99,-13,takeaway_hd
8478508,Yakov Trenin,C,COL,51,11,takeaway_other
8478519,Anthony Cirelli,C,TBL,75,9,block_hd
8478519,Anthony Cirelli,C,TBL,80,-3,block_hd
8478519,Anthony Cirelli,C,TBL,66,-12,block_non_hd
8478519,Anthony Cirelli,C,TBL,63,-15,block_non_hd
8478519,Anthony Cirelli,C,TBL,54,1,block_non_hd
8478519,Anthony Cirelli,C,TBL,72,21,block_non_hd
8478519,Anthony Cirelli,C,TBL,60,-25,block_non_hd
8478519,Anthony Cirelli,C,TBL,69,-22,dz_faceoff_win
8478519,Anthony Cirelli,C,TBL,69,-22,dz_faceoff_win
8478519,Anthony Cirelli,C,TBL,69,-22,dz_faceoff_win
8478519,Anthony Cirelli,C,TBL,69,-22,dz_faceoff_win
8478519,Anthony Cirelli,C,TBL,69,-22,dz_faceoff_win
8478519,Anthony Cirelli,C,TBL,69,-22,dz_faceoff_win
8478519,Anthony Cirelli,C,TBL,69,-22,dz_faceoff_win
8478519,Anthony Cirelli,C,TBL,69,-22,dz_faceoff_win
8478519,Anthony Cirelli,C,TBL,96,11,hit_taken
8478519,Anthony Cirelli,C,TBL,44,-39,hit_taken
8478519,Anthony Cirelli,C,TBL,54,-35,hit_taken
8478519,Anthony Cirelli,C,TBL,98,8,hit_taken
8478519,Anthony Cirelli,C,TBL,75,40,hit_taken
8478519,Anthony Cirelli,C,TBL,90,-9,hit_taken
8478519,Anthony Cirelli,C,TBL,16,-36,hit_taken
8478519,Anthony Cirelli,C,TBL,75,-38,hit_taken
8478519,Anthony Cirelli,C,TBL,40,38,hit_taken
8478519,Anthony Cirelli,C,TBL,68,-39,hit_taken
8478519,Anthony Cirelli,C,TBL,95,11,hit_taken
8478519,Anthony Cirelli,C,TBL,47,-39,hit_taken
8478519,Anthony Cirelli,C,TBL,91,-33,hit_taken
8478519,Anthony Cirelli,C,TBL,48,37,hit_taken
8478519,Anthony Cirelli,C,TBL,80,36,hit_taken
8478519,Anthony Cirelli,C,TBL,74,-41,hit_taken
8478519,Anthony Cirelli,C,TBL,32,17,hit_taken
8478519,Anthony Cirelli,C,TBL,8,-4,hit_taken
8478519,Anthony Cirelli,C,TBL,69,39,hit_taken
8478519,Anthony Cirelli,C,TBL,14,39,hit_taken
8478519,Anthony Cirelli,C,TBL,82,33,hit_taken
8478519,Anthony Cirelli,C,TBL,57,41,hit_taken
8478519,Anthony Cirelli,C,TBL,12,-40,hit_taken
8478519,Anthony Cirelli,C,TBL,98,6,hit_thrown
8478519,Anthony Cirelli,C,TBL,62,35,hit_thrown
8478519,Anthony Cirelli,C,TBL,81,39,hit_thrown
8478519,Anthony Cirelli,C,TBL,55,-39,hit_thrown
8478519,Anthony Cirelli,C,TBL,16,-40,hit_thrown
8478519,Anthony Cirelli,C,TBL,70,39,hit_thrown
8478519,Anthony Cirelli,C,TBL,95,-19,hit_thrown
8478519,Anthony Cirelli,C,TBL,64,39,hit_thrown
8478519,Anthony Cirelli,C,TBL,98,6,hit_thrown
8478519,Anthony Cirelli,C,TBL,84,37,hit_thrown
8478519,Anthony Cirelli,C,TBL,81,36,hit_thrown
8478519,Anthony Cirelli,C,TBL,81,34,hit_thrown
8478519,Anthony Cirelli,C,TBL,81,37,hit_thrown
8478519,Anthony Cirelli,C,TBL,28,39,hit_thrown
8478519,Anthony Cirelli,C,TBL,84,35,hit_thrown
8478519,Anthony Cirelli,C,TBL,85,-29,hit_thrown
8478519,Anthony Cirelli,C,TBL,47,-39,hit_thrown
8478519,Anthony Cirelli,C,TBL,88,27,hit_thrown
8478519,Anthony Cirelli,C,TBL,93,-29,hit_thrown
8478519,Anthony Cirelli,C,TBL,96,-10,hit_thrown
8478519,Anthony Cirelli,C,TBL,73,-39,hit_thrown
8478519,Anthony Cirelli,C,TBL,48,38,takeaway_other
8478542,Evan Rodrigues,C,FLA,77,8,block_hd
8478542,Evan Rodrigues,C,FLA,83,-5,block_hd
8478542,Evan Rodrigues,C,FLA,79,0,block_hd
8478542,Evan Rodrigues,C,FLA,87,8,block_hd
8478542,Evan Rodrigues,C,FLA,52,29,block_non_hd
8478542,Evan Rodrigues,C,FLA,42,-20,block_non_hd
8478542,Evan Rodrigues,C,FLA,43,-22,block_non_hd
8478542,Evan Rodrigues,C,FLA,46,0,block_non_hd
8478542,Evan Rodrigues,C,FLA,65,13,block_non_hd
8478542,Evan Rodrigues,C,FLA,48,-27,block_non_hd
8478542,Evan Rodrigues,C,FLA,47,7,block_non_hd
8478542,Evan Rodrigues,C,FLA,42,-35,block_non_hd
8478542,Evan Rodrigues,C,FLA,69,7,block_non_hd
8478542,Evan Rodrigues,C,FLA,57,-11,block_non_hd
8478542,Evan Rodrigues,C,FLA,79,-2,crease_goal
8478542,Evan Rodrigues,C,FLA,86,-2,crease_goal
8478542,Evan Rodrigues,C,FLA,69,22,dz_faceoff_win
8478542,Evan Rodrigues,C,FLA,69,22,dz_faceoff_win
8478542,Evan Rodrigues,C,FLA,69,22,dz_faceoff_win
8478542,Evan Rodrigues,C,FLA,69,22,dz_faceoff_win
8478542,Evan Rodrigues,C,FLA,69,22,dz_faceoff_win
8478542,Evan Rodrigues,C,FLA,69,22,dz_faceoff_win
8478542,Evan Rodrigues,C,FLA,69,22,dz_faceoff_win
8478542,Evan Rodrigues,C,FLA,69,22,dz_faceoff_win
8478542,Evan Rodrigues,C,FLA,69,22,dz_faceoff_win
8478542,Evan Rodrigues,C,FLA,69,22,dz_faceoff_win
8478542,Evan Rodrigues,C,FLA,69,22,dz_faceoff_win
8478542,Evan Rodrigues,C,FLA,69,22,dz_faceoff_win
8478542,Evan Rodrigues,C,FLA,69,22,dz_faceoff_win
8478542,Evan Rodrigues,C,FLA,93,-25,hit_taken
8478542,Evan Rodrigues,C,FLA,48,39,hit_taken
8478542,Evan Rodrigues,C,FLA,58,-34,hit_taken
8478542,Evan Rodrigues,C,FLA,98,17,hit_taken
8478542,Evan Rodrigues,C,FLA,96,-19,hit_taken
8478542,Evan Rodrigues,C,FLA,21,-39,hit_taken
8478542,Evan Rodrigues,C,FLA,64,-36,hit_taken
8478542,Evan Rodrigues,C,FLA,72,37,hit_taken
8478542,Evan Rodrigues,C,FLA,99,0,hit_taken
8478542,Evan Rodrigues,C,FLA,7,40,hit_taken
8478542,Evan Rodrigues,C,FLA,22,-8,hit_taken
8478542,Evan Rodrigues,C,FLA,99,-4,hit_taken
8478542,Evan Rodrigues,C,FLA,50,41,hit_taken
8478542,Evan Rodrigues,C,FLA,64,40,hit_taken
8478542,Evan Rodrigues,C,FLA,63,-41,hit_taken
8478542,Evan Rodrigues,C,FLA,97,3,hit_taken
8478542,Evan Rodrigues,C,FLA,44,38,hit_taken
8478542,Evan Rodrigues,C,FLA,14,37,hit_taken
8478542,Evan Rodrigues,C,FLA,35,22,hit_taken
8478542,Evan Rodrigues,C,FLA,73,-39,hit_taken
8478542,Evan Rodrigues,C,FLA,28,-38,hit_taken
8478542,Evan Rodrigues,C,FLA,59,-39,hit_taken
8478542,Evan Rodrigues,C,FLA,30,37,hit_taken
8478542,Evan Rodrigues,C,FLA,96,-1,hit_taken
8478542,Evan Rodrigues,C,FLA,13,36,hit_taken
8478542,Evan Rodrigues,C,FLA,60,-37,hit_taken
8478542,Evan Rodrigues,C,FLA,69,38,hit_taken
8478542,Evan Rodrigues,C,FLA,96,22,hit_taken
8478542,Evan Rodrigues,C,FLA,0,40,hit_taken
8478542,Evan Rodrigues,C,FLA,85,31,hit_taken
8478542,Evan Rodrigues,C,FLA,95,-23,hit_taken
8478542,Evan Rodrigues,C,FLA,94,18,hit_taken
8478542,Evan Rodrigues,C,FLA,97,-16,hit_taken
8478542,Evan Rodrigues,C,FLA,44,38,hit_taken
8478542,Evan Rodrigues,C,FLA,75,-37,hit_taken
8478542,Evan Rodrigues,C,FLA,87,-36,hit_taken
8478542,Evan Rodrigues,C,FLA,74,-39,hit_taken
8478542,Evan Rodrigues,C,FLA,93,15,hit_taken
8478542,Evan Rodrigues,C,FLA,66,39,hit_taken
8478542,Evan Rodrigues,C,FLA,74,39,hit_taken
8478542,Evan Rodrigues,C,FLA,68,-38,hit_taken
8478542,Evan Rodrigues,C,FLA,69,38,hit_taken
8478542,Evan Rodrigues,C,FLA,58,37,hit_taken
8478542,Evan Rodrigues,C,FLA,10,33,hit_taken
8478542,Evan Rodrigues,C,FLA,97,-13,hit_taken
8478542,Evan Rodrigues,C,FLA,98,-13,hit_taken
8478542,Evan Rodrigues,C,FLA,66,38,hit_taken
8478542,Evan Rodrigues,C,FLA,92,31,hit_taken
8478542,Evan Rodrigues,C,FLA,71,-38,hit_taken
8478542,Evan Rodrigues,C,FLA,97,11,hit_taken
8478542,Evan Rodrigues,C,FLA,97,-15,hit_taken
8478542,Evan Rodrigues,C,FLA,17,33,hit_taken
8478542,Evan Rodrigues,C,FLA,85,-36,hit_taken
8478542,Evan Rodrigues,C,FLA,87,-37,hit_taken
8478542,Evan Rodrigues,C,FLA,38,-39,hit_taken
8478542,Evan Rodrigues,C,FLA,37,-36,hit_taken
8478542,Evan Rodrigues,C,FLA,42,-38,hit_taken
8478542,Evan Rodrigues,C,FLA,42,39,hit_taken
8478542,Evan Rodrigues,C,FLA,10,36,hit_taken
8478542,Evan Rodrigues,C,FLA,97,7,hit_taken
8478542,Evan Rodrigues,C,FLA,69,-38,hit_taken
8478542,Evan Rodrigues,C,FLA,72,38,hit_taken
8478542,Evan Rodrigues,C,FLA,75,-42,hit_taken
8478542,Evan Rodrigues,C,FLA,96,9,hit_taken
8478542,Evan Rodrigues,C,FLA,64,-41,hit_taken
8478542,Evan Rodrigues,C,FLA,96,7,hit_thrown
8478542,Evan Rodrigues,C,FLA,99,10,hit_thrown
8478542,Evan Rodrigues,C,FLA,75,39,hit_thrown
8478542,Evan Rodrigues,C,FLA,96,-14,hit_thrown
8478542,Evan Rodrigues,C,FLA,5,-39,hit_thrown
8478542,Evan Rodrigues,C,FLA,85,36,hit_thrown
8478542,Evan Rodrigues,C,FLA,98,14,hit_thrown
8478542,Evan Rodrigues,C,FLA,89,-33,hit_thrown
8478542,Evan Rodrigues,C,FLA,81,36,hit_thrown
8478542,Evan Rodrigues,C,FLA,90,-34,hit_thrown
8478542,Evan Rodrigues,C,FLA,54,-41,hit_thrown
8478542,Evan Rodrigues,C,FLA,3,40,hit_thrown
8478542,Evan Rodrigues,C,FLA,86,34,hit_thrown
8478542,Evan Rodrigues,C,FLA,89,28,hit_thrown
8478542,Evan Rodrigues,C,FLA,75,-40,hit_thrown
8478542,Evan Rodrigues,C,FLA,98,19,hit_thrown
8478542,Evan Rodrigues,C,FLA,83,-38,hit_thrown
8478542,Evan Rodrigues,C,FLA,96,7,hit_thrown
8478542,Evan Rodrigues,C,FLA,98,14,hit_thrown
8478542,Evan Rodrigues,C,FLA,94,-25,hit_thrown
8478542,Evan Rodrigues,C,FLA,93,-26,hit_thrown
8478542,Evan Rodrigues,C,FLA,25,-37,hit_thrown
8478542,Evan Rodrigues,C,FLA,70,-38,hit_thrown
8478542,Evan Rodrigues,C,FLA,62,-39,hit_thrown
8478542,Evan Rodrigues,C,FLA,92,32,hit_thrown
8478542,Evan Rodrigues,C,FLA,96,-3,hit_thrown
8478542,Evan Rodrigues,C,FLA,57,-39,hit_thrown
8478542,Evan Rodrigues,C,FLA,22,39,hit_thrown
8478542,Evan Rodrigues,C,FLA,71,9,hit_thrown
8478542,Evan Rodrigues,C,FLA,60,15,hit_thrown
8478542,Evan Rodrigues,C,FLA,64,-37,hit_thrown
8478542,Evan Rodrigues,C,FLA,73,-42,hit_thrown
8478542,Evan Rodrigues,C,FLA,43,35,hit_thrown
8478542,Evan Rodrigues,C,FLA,91,-12,hit_thrown
8478542,Evan Rodrigues,C,FLA,34,37,hit_thrown
8478542,Evan Rodrigues,C,FLA,82,36,hit_thrown
8478542,Evan Rodrigues,C,FLA,23,39,hit_thrown
8478542,Evan Rodrigues,C,FLA,98,7,hit_thrown
8478542,Evan Rodrigues,C,FLA,93,-24,hit_thrown
8478542,Evan Rodrigues,C,FLA,15,-36,hit_thrown
8478542,Evan Rodrigues,C,FLA,96,-22,hit_thrown
8478542,Evan Rodrigues,C,FLA,90,-34,hit_thrown
8478542,Evan Rodrigues,C,FLA,96,-23,hit_thrown
8478542,Evan Rodrigues,C,FLA,89,35,hit_thrown
8478542,Evan Rodrigues,C,FLA,74,40,hit_thrown
8478542,Evan Rodrigues,C,FLA,88,-35,hit_thrown
8478542,Evan Rodrigues,C,FLA,51,-19,hit_thrown
8478542,Evan Rodrigues,C,FLA,4,-39,hit_thrown
8478542,Evan Rodrigues,C,FLA,81,33,hit_thrown
8478542,Evan Rodrigues,C,FLA,42,40,hit_thrown
8478542,Evan Rodrigues,C,FLA,62,-41,hit_thrown
8478542,Evan Rodrigues,C,FLA,95,17,hit_thrown
8478542,Evan Rodrigues,C,FLA,59,-38,hit_thrown
8478542,Evan Rodrigues,C,FLA,81,-37,hit_thrown
8478542,Evan Rodrigues,C,FLA,70,-1,takeaway_hd
8478542,Evan Rodrigues,C,FLA,77,38,takeaway_other
8478542,Evan Rodrigues,C,FLA,11,-22,takeaway_other
8478542,Evan Rodrigues,C,FLA,49,1,takeaway_other
8478542,Evan Rodrigues,C,FLA,41,-31,takeaway_other
8478542,Evan Rodrigues,C,FLA,17,-9,takeaway_other
8478542,Evan Rodrigues,C,FLA,29,40,takeaway_other
8478542,Evan Rodrigues,C,FLA,7,29,takeaway_other
8478542,Evan Rodrigues,C,FLA,10,22,takeaway_other
8478542,Evan Rodrigues,C,FLA,77,25,takeaway_other
8478542,Evan Rodrigues,C,FLA,23,5,takeaway_other
8478542,Evan Rodrigues,C,FLA,54,-40,takeaway_other
8478542,Evan Rodrigues,C,FLA,46,40,takeaway_other
8478542,Evan Rodrigues,C,FLA,17,16,takeaway_other
8478550,Artemi Panarin,L,NYR,76,-12,block_hd
8478550,Artemi Panarin,L,NYR,75,-16,block_hd
8478550,Artemi Panarin,L,NYR,51,27,block_non_hd
8478550,Artemi Panarin,L,NYR,60,1,block_non_hd
8478550,Artemi Panarin,L,NYR,53,-25,block_non_hd
8478550,Artemi Panarin,L,NYR,55,31,block_non_hd
8478550,Artemi Panarin,L,NYR,48,-29,block_non_hd
8478550,Artemi Panarin,L,NYR,80,-7,crease_goal
8478550,Artemi Panarin,L,NYR,56,38,hit_taken
8478550,Artemi Panarin,L,NYR,63,-38,hit_taken
8478550,Artemi Panarin,L,NYR,97,1,hit_taken
8478550,Artemi Panarin,L,NYR,64,38,hit_taken
8478550,Artemi Panarin,L,NYR,95,-18,hit_taken
8478550,Artemi Panarin,L,NYR,48,18,hit_taken
8478550,Artemi Panarin,L,NYR,46,40,hit_taken
8478550,Artemi Panarin,L,NYR,50,41,hit_taken
8478550,Artemi Panarin,L,NYR,80,39,hit_taken
8478550,Artemi Panarin,L,NYR,86,35,hit_taken
8478550,Artemi Panarin,L,NYR,60,-40,hit_taken
8478550,Artemi Panarin,L,NYR,44,31,hit_taken
8478550,Artemi Panarin,L,NYR,37,38,hit_taken
8478550,Artemi Panarin,L,NYR,92,28,hit_taken
8478550,Artemi Panarin,L,NYR,44,-39,hit_taken
8478550,Artemi Panarin,L,NYR,87,-33,hit_taken
8478550,Artemi Panarin,L,NYR,89,31,hit_thrown
8478550,Artemi Panarin,L,NYR,34,40,hit_thrown
8478550,Artemi Panarin,L,NYR,43,37,hit_thrown
8478550,Artemi Panarin,L,NYR,87,-36,hit_thrown
8478550,Artemi Panarin,L,NYR,67,-28,hit_thrown
8478550,Artemi Panarin,L,NYR,65,41,hit_thrown
8478550,Artemi Panarin,L,NYR,98,10,hit_thrown
8478550,Artemi Panarin,L,NYR,98,21,hit_thrown
8478550,Artemi Panarin,L,NYR,97,4,hit_thrown
8478550,Artemi Panarin,L,NYR,15,38,hit_thrown
8478550,Artemi Panarin,L,NYR,94,21,hit_thrown
8478550,Artemi Panarin,L,NYR,36,5,takeaway_other
8478550,Artemi Panarin,L,NYR,8,30,takeaway_other
8478585,Derek Ryan,C,EDM,73,11,block_hd
8478585,Derek Ryan,C,EDM,83,3,block_hd
8478585,Derek Ryan,C,EDM,47,26,block_non_hd
8478585,Derek Ryan,C,EDM,50,3,block_non_hd
8478585,Derek Ryan,C,EDM,68,0,block_non_hd
8478585,Derek Ryan,C,EDM,66,-35,block_non_hd
8478585,Derek Ryan,C,EDM,61,12,block_non_hd
8478585,Derek Ryan,C,EDM,62,-32,block_non_hd
8478585,Derek Ryan,C,EDM,48,24,block_non_hd
8478585,Derek Ryan,C,EDM,69,22,dz_faceoff_win
8478585,Derek Ryan,C,EDM,69,22,dz_faceoff_win
8478585,Derek Ryan,C,EDM,69,22,dz_faceoff_win
8478585,Derek Ryan,C,EDM,69,22,dz_faceoff_win
8478585,Derek Ryan,C,EDM,69,22,dz_faceoff_win
8478585,Derek Ryan,C,EDM,69,22,dz_faceoff_win
8478585,Derek Ryan,C,EDM,69,22,dz_faceoff_win
8478585,Derek Ryan,C,EDM,69,22,dz_faceoff_win
8478585,Derek Ryan,C,EDM,69,-22,dz_faceoff_win
8478585,Derek Ryan,C,EDM,69,-22,dz_faceoff_win
8478585,Derek Ryan,C,EDM,69,22,dz_faceoff_win
8478585,Derek Ryan,C,EDM,69,22,dz_faceoff_win
8478585,Derek Ryan,C,EDM,69,22,dz_faceoff_win
8478585,Derek Ryan,C,EDM,69,22,dz_faceoff_win
8478585,Derek Ryan,C,EDM,69,22,dz_faceoff_win
8478585,Derek Ryan,C,EDM,69,22,dz_faceoff_win
8478585,Derek Ryan,C,EDM,69,-22,dz_faceoff_win
8478585,Derek Ryan,C,EDM,69,22,dz_faceoff_win
8478585,Derek Ryan,C,EDM,69,22,dz_faceoff_win
8478585,Derek Ryan,C,EDM,69,22,dz_faceoff_win
8478585,Derek Ryan,C,EDM,69,22,dz_faceoff_win
8478585,Derek Ryan,C,EDM,69,22,dz_faceoff_win
8478585,Derek Ryan,C,EDM,69,22,dz_faceoff_win
8478585,Derek Ryan,C,EDM,69,22,dz_faceoff_win
8478585,Derek Ryan,C,EDM,69,22,dz_faceoff_win
8478585,Derek Ryan,C,EDM,69,22,dz_faceoff_win
8478585,Derek Ryan,C,EDM,69,22,dz_faceoff_win
8478585,Derek Ryan,C,EDM,69,22,dz_faceoff_win
8478585,Derek Ryan,C,EDM,69,22,dz_faceoff_win
8478585,Derek Ryan,C,EDM,69,22,dz_faceoff_win
8478585,Derek Ryan,C,EDM,69,22,dz_faceoff_win
8478585,Derek Ryan,C,EDM,69,22,dz_faceoff_win
8478585,Derek Ryan,C,EDM,69,22,dz_faceoff_win
8478585,Derek Ryan,C,EDM,69,22,dz_faceoff_win
8478585,Derek Ryan,C,EDM,69,22,dz_faceoff_win
8478585,Derek Ryan,C,EDM,69,22,dz_faceoff_win
8478585,Derek Ryan,C,EDM,69,22,dz_faceoff_win
8478585,Derek Ryan,C,EDM,69,22,dz_faceoff_win
8478585,Derek Ryan,C,EDM,73,-36,hit_taken
8478585,Derek Ryan,C,EDM,96,-18,hit_taken
8478585,Derek Ryan,C,EDM,97,-7,hit_taken
8478585,Derek Ryan,C,EDM,93,23,hit_taken
8478585,Derek Ryan,C,EDM,74,-35,hit_taken
8478585,Derek Ryan,C,EDM,90,-33,hit_taken
8478585,Derek Ryan,C,EDM,95,6,hit_taken
8478585,Derek Ryan,C,EDM,90,26,hit_taken
8478585,Derek Ryan,C,EDM,70,-41,hit_taken
8478585,Derek Ryan,C,EDM,78,-40,hit_taken
8478585,Derek Ryan,C,EDM,67,39,hit_taken
8478585,Derek Ryan,C,EDM,79,-40,hit_taken
8478585,Derek Ryan,C,EDM,51,-39,hit_taken
8478585,Derek Ryan,C,EDM,68,-39,hit_taken
8478585,Derek Ryan,C,EDM,40,-38,hit_taken
8478585,Derek Ryan,C,EDM,73,-41,hit_taken
8478585,Derek Ryan,C,EDM,89,29,hit_taken
8478585,Derek Ryan,C,EDM,0,1,hit_taken
8478585,Derek Ryan,C,EDM,75,-37,hit_taken
8478585,Derek Ryan,C,EDM,74,40,hit_taken
8478585,Derek Ryan,C,EDM,22,38,hit_taken
8478585,Derek Ryan,C,EDM,3,41,hit_thrown
8478585,Derek Ryan,C,EDM,54,-39,hit_thrown
8478585,Derek Ryan,C,EDM,14,41,hit_thrown
8478585,Derek Ryan,C,EDM,55,38,hit_thrown
8478585,Derek Ryan,C,EDM,94,-21,hit_thrown
8478585,Derek Ryan,C,EDM,97,-12,hit_thrown
8478585,Derek Ryan,C,EDM,45,22,hit_thrown
8478585,Derek Ryan,C,EDM,36,-35,hit_thrown
8478585,Derek Ryan,C,EDM,83,-36,hit_thrown
8478585,Derek Ryan,C,EDM,98,-19,hit_thrown
8478585,Derek Ryan,C,EDM,68,-42,hit_thrown
8478585,Derek Ryan,C,EDM,98,-12,hit_thrown
8478585,Derek Ryan,C,EDM,34,-38,hit_thrown
8478585,Derek Ryan,C,EDM,82,-34,hit_thrown
8478585,Derek Ryan,C,EDM,56,42,hit_thrown
8478585,Derek Ryan,C,EDM,87,36,hit_thrown
8478585,Derek Ryan,C,EDM,60,-40,hit_thrown
8478585,Derek Ryan,C,EDM,97,27,hit_thrown
8478585,Derek Ryan,C,EDM,94,-26,hit_thrown
8478585,Derek Ryan,C,EDM,92,-25,hit_thrown
8478585,Derek Ryan,C,EDM,50,39,hit_thrown
8478585,Derek Ryan,C,EDM,10,-39,hit_thrown
8478585,Derek Ryan,C,EDM,83,-34,hit_thrown
8478585,Derek Ryan,C,EDM,22,-38,hit_thrown
8478585,Derek Ryan,C,EDM,7,39,hit_thrown
8478585,Derek Ryan,C,EDM,32,-40,hit_thrown
8478585,Derek Ryan,C,EDM,94,-26,hit_thrown
8478585,Derek Ryan,C,EDM,14,-38,hit_thrown
8478585,Derek Ryan,C,EDM,46,-37,hit_thrown
8478585,Derek Ryan,C,EDM,94,-20,hit_thrown
8478585,Derek Ryan,C,EDM,94,-24,hit_thrown
8478585,Derek Ryan,C,EDM,40,-41,hit_thrown
8478585,Derek Ryan,C,EDM,94,29,hit_thrown
8478585,Derek Ryan,C,EDM,7,42,hit_thrown
8478585,Derek Ryan,C,EDM,98,-19,hit_thrown
8478585,Derek Ryan,C,EDM,98,-17,takeaway_hd
8478585,Derek Ryan,C,EDM,11,0,takeaway_other
8478585,Derek Ryan,C,EDM,38,40,takeaway_other
8478585,Derek Ryan,C,EDM,45,35,takeaway_other
8478585,Derek Ryan,C,EDM,12,-40,takeaway_other
8478585,Derek Ryan,C,EDM,6,-38,takeaway_other
8478585,Derek Ryan,C,EDM,45,10,takeaway_other
8478585,Derek Ryan,C,EDM,96,21,takeaway_other
8478585,Derek Ryan,C,EDM,54,5,takeaway_other
8478585,Derek Ryan,C,EDM,12,1,takeaway_other
8478831,Kevin Stenlund,C,FLA,82,-3,block_hd
8478831,Kevin Stenlund,C,FLA,47,-18,block_non_hd
8478831,Kevin Stenlund,C,FLA,44,25,block_non_hd
8478831,Kevin Stenlund,C,FLA,49,-29,block_non_hd
8478831,Kevin Stenlund,C,FLA,46,28,block_non_hd
8478831,Kevin Stenlund,C,FLA,66,-12,block_non_hd
8478831,Kevin Stenlund,C,FLA,49,-3,block_non_hd
8478831,Kevin Stenlund,C,FLA,43,-21,block_non_hd
8478831,Kevin Stenlund,C,FLA,59,-15,block_non_hd
8478831,Kevin Stenlund,C,FLA,49,38,block_non_hd
8478831,Kevin Stenlund,C,FLA,63,-12,block_non_hd
8478831,Kevin Stenlund,C,FLA,69,22,dz_faceoff_win
8478831,Kevin Stenlund,C,FLA,69,-22,dz_faceoff_win
8478831,Kevin Stenlund,C,FLA,69,22,dz_faceoff_win
8478831,Kevin Stenlund,C,FLA,69,22,dz_faceoff_win
8478831,Kevin Stenlund,C,FLA,69,22,dz_faceoff_win
8478831,Kevin Stenlund,C,FLA,69,-22,dz_faceoff_win
8478831,Kevin Stenlund,C,FLA,69,22,dz_faceoff_win
8478831,Kevin Stenlund,C,FLA,69,-22,dz_faceoff_win
8478831,Kevin Stenlund,C,FLA,69,22,dz_faceoff_win
8478831,Kevin Stenlund,C,FLA,69,-22,dz_faceoff_win
8478831,Kevin Stenlund,C,FLA,69,22,dz_faceoff_win
8478831,Kevin Stenlund,C,FLA,69,-22,dz_faceoff_win
8478831,Kevin Stenlund,C,FLA,69,22,dz_faceoff_win
8478831,Kevin Stenlund,C,FLA,69,22,dz_faceoff_win
8478831,Kevin Stenlund,C,FLA,69,-22,dz_faceoff_win
8478831,Kevin Stenlund,C,FLA,69,-22,dz_faceoff_win
8478831,Kevin Stenlund,C,FLA,69,22,dz_faceoff_win
8478831,Kevin Stenlund,C,FLA,69,-22,dz_faceoff_win
8478831,Kevin Stenlund,C,FLA,69,22,dz_faceoff_win
8478831,Kevin Stenlund,C,FLA,69,22,dz_faceoff_win
8478831,Kevin Stenlund,C,FLA,69,22,dz_faceoff_win
8478831,Kevin Stenlund,C,FLA,69,22,dz_faceoff_win
8478831,Kevin Stenlund,C,FLA,69,22,dz_faceoff_win
8478831,Kevin Stenlund,C,FLA,69,-22,dz_faceoff_win
8478831,Kevin Stenlund,C,FLA,69,22,dz_faceoff_win
8478831,Kevin Stenlund,C,FLA,69,22,dz_faceoff_win
8478831,Kevin Stenlund,C,FLA,69,22,dz_faceoff_win
8478831,Kevin Stenlund,C,FLA,69,22,dz_faceoff_win
8478831,Kevin Stenlund,C,FLA,69,22,dz_faceoff_win
8478831,Kevin Stenlund,C,FLA,69,22,dz_faceoff_win
8478831,Kevin Stenlund,C,FLA,69,22,dz_faceoff_win
8478831,Kevin Stenlund,C,FLA,69,22,dz_faceoff_win
8478831,Kevin Stenlund,C,FLA,69,22,dz_faceoff_win
8478831,Kevin Stenlund,C,FLA,69,22,dz_faceoff_win
8478831,Kevin Stenlund,C,FLA,69,22,dz_faceoff_win
8478831,Kevin Stenlund,C,FLA,69,22,dz_faceoff_win
8478831,Kevin Stenlund,C,FLA,69,22,dz_faceoff_win
8478831,Kevin Stenlund,C,FLA,69,22,dz_faceoff_win
8478831,Kevin Stenlund,C,FLA,69,22,dz_faceoff_win
8478831,Kevin Stenlund,C,FLA,69,22,dz_faceoff_win
8478831,Kevin Stenlund,C,FLA,69,22,dz_faceoff_win
8478831,Kevin Stenlund,C,FLA,69,22,dz_faceoff_win
8478831,Kevin Stenlund,C,FLA,69,22,dz_faceoff_win
8478831,Kevin Stenlund,C,FLA,69,22,dz_faceoff_win
8478831,Kevin Stenlund,C,FLA,69,22,dz_faceoff_win
8478831,Kevin Stenlund,C,FLA,69,22,dz_faceoff_win
8478831,Kevin Stenlund,C,FLA,69,22,dz_faceoff_win
8478831,Kevin Stenlund,C,FLA,69,22,dz_faceoff_win
8478831,Kevin Stenlund,C,FLA,69,22,dz_faceoff_win
8478831,Kevin Stenlund,C,FLA,69,22,dz_faceoff_win
8478831,Kevin Stenlund,C,FLA,69,22,dz_faceoff_win
8478831,Kevin Stenlund,C,FLA,69,22,dz_faceoff_win
8478831,Kevin Stenlund,C,FLA,69,22,dz_faceoff_win
8478831,Kevin Stenlund,C,FLA,35,-36,hit_taken
8478831,Kevin Stenlund,C,FLA,30,6,hit_taken
8478831,Kevin Stenlund,C,FLA,98,18,hit_taken
8478831,Kevin Stenlund,C,FLA,15,-39,hit_taken
8478831,Kevin Stenlund,C,FLA,91,22,hit_taken
8478831,Kevin Stenlund,C,FLA,36,40,hit_taken
8478831,Kevin Stenlund,C,FLA,28,39,hit_taken
8478831,Kevin Stenlund,C,FLA,86,-34,hit_taken
8478831,Kevin Stenlund,C,FLA,94,-26,hit_taken
8478831,Kevin Stenlund,C,FLA,95,-19,hit_taken
8478831,Kevin Stenlund,C,FLA,0,-40,hit_taken
8478831,Kevin Stenlund,C,FLA,95,-25,hit_taken
8478831,Kevin Stenlund,C,FLA,24,38,hit_taken
8478831,Kevin Stenlund,C,FLA,96,-9,hit_taken
8478831,Kevin Stenlund,C,FLA,74,-38,hit_taken
8478831,Kevin Stenlund,C,FLA,95,-1,hit_taken
8478831,Kevin Stenlund,C,FLA,48,41,hit_taken
8478831,Kevin Stenlund,C,FLA,95,8,hit_taken
8478831,Kevin Stenlund,C,FLA,91,32,hit_taken
8478831,Kevin Stenlund,C,FLA,6,-41,hit_taken
8478831,Kevin Stenlund,C,FLA,72,-7,hit_taken
8478831,Kevin Stenlund,C,FLA,89,33,hit_taken
8478831,Kevin Stenlund,C,FLA,41,-26,hit_taken
8478831,Kevin Stenlund,C,FLA,97,9,hit_taken
8478831,Kevin Stenlund,C,FLA,42,-37,hit_taken
8478831,Kevin Stenlund,C,FLA,69,37,hit_taken
8478831,Kevin Stenlund,C,FLA,15,-36,hit_taken
8478831,Kevin Stenlund,C,FLA,36,37,hit_taken
8478831,Kevin Stenlund,C,FLA,50,-20,hit_taken
8478831,Kevin Stenlund,C,FLA,74,-37,hit_taken
8478831,Kevin Stenlund,C,FLA,56,17,hit_taken
8478831,Kevin Stenlund,C,FLA,56,38,hit_taken
8478831,Kevin Stenlund,C,FLA,79,-38,hit_taken
8478831,Kevin Stenlund,C,FLA,74,-39,hit_taken
8478831,Kevin Stenlund,C,FLA,89,33,hit_taken
8478831,Kevin Stenlund,C,FLA,58,37,hit_taken
8478831,Kevin Stenlund,C,FLA,67,37,hit_taken
8478831,Kevin Stenlund,C,FLA,1,-37,hit_taken
8478831,Kevin Stenlund,C,FLA,97,-12,hit_taken
8478831,Kevin Stenlund,C,FLA,98,8,hit_taken
8478831,Kevin Stenlund,C,FLA,98,-18,hit_taken
8478831,Kevin Stenlund,C,FLA,98,15,hit_taken
8478831,Kevin Stenlund,C,FLA,12,36,hit_taken
8478831,Kevin Stenlund,C,FLA,96,-18,hit_taken
8478831,Kevin Stenlund,C,FLA,94,29,hit_taken
8478831,Kevin Stenlund,C,FLA,97,-22,hit_taken
8478831,Kevin Stenlund,C,FLA,96,7,hit_thrown
8478831,Kevin Stenlund,C,FLA,65,-41,hit_thrown
8478831,Kevin Stenlund,C,FLA,4,-41,hit_thrown
8478831,Kevin Stenlund,C,FLA,87,29,hit_thrown
8478831,Kevin Stenlund,C,FLA,42,-25,hit_thrown
8478831,Kevin Stenlund,C,FLA,43,-38,hit_thrown
8478831,Kevin Stenlund,C,FLA,90,-30,hit_thrown
8478831,Kevin Stenlund,C,FLA,91,30,hit_thrown
8478831,Kevin Stenlund,C,FLA,8,-4,hit_thrown
8478831,Kevin Stenlund,C,FLA,68,-38,hit_thrown
8478831,Kevin Stenlund,C,FLA,14,39,hit_thrown
8478831,Kevin Stenlund,C,FLA,89,33,hit_thrown
8478831,Kevin Stenlund,C,FLA,24,-40,hit_thrown
8478831,Kevin Stenlund,C,FLA,93,26,hit_thrown
8478831,Kevin Stenlund,C,FLA,96,11,hit_thrown
8478831,Kevin Stenlund,C,FLA,95,-22,hit_thrown
8478831,Kevin Stenlund,C,FLA,98,-1,hit_thrown
8478831,Kevin Stenlund,C,FLA,96,-16,hit_thrown
8478831,Kevin Stenlund,C,FLA,93,-28,hit_thrown
8478831,Kevin Stenlund,C,FLA,96,3,hit_thrown
8478831,Kevin Stenlund,C,FLA,97,-12,hit_thrown
8478831,Kevin Stenlund,C,FLA,93,-24,hit_thrown
8478831,Kevin Stenlund,C,FLA,79,36,hit_thrown
8478831,Kevin Stenlund,C,FLA,94,11,hit_thrown
8478831,Kevin Stenlund,C,FLA,63,-30,hit_thrown
8478831,Kevin Stenlund,C,FLA,94,-6,hit_thrown
8478831,Kevin Stenlund,C,FLA,57,42,hit_thrown
8478831,Kevin Stenlund,C,FLA,16,33,hit_thrown
8478831,Kevin Stenlund,C,FLA,89,-23,hit_thrown
8478831,Kevin Stenlund,C,FLA,28,37,hit_thrown
8478831,Kevin Stenlund,C,FLA,66,-39,hit_thrown
8478831,Kevin Stenlund,C,FLA,52,37,hit_thrown
8478831,Kevin Stenlund,C,FLA,99,0,hit_thrown
8478831,Kevin Stenlund,C,FLA,76,37,hit_thrown
8478831,Kevin Stenlund,C,FLA,98,15,hit_thrown
8478831,Kevin Stenlund,C,FLA,63,39,hit_thrown
8478831,Kevin Stenlund,C,FLA,93,-25,hit_thrown
8478831,Kevin Stenlund,C,FLA,9,-40,hit_thrown
8478831,Kevin Stenlund,C,FLA,95,-19,hit_thrown
8478831,Kevin Stenlund,C,FLA,88,32,hit_thrown
8478831,Kevin Stenlund,C,FLA,68,-40,hit_thrown
8478831,Kevin Stenlund,C,FLA,42,-37,hit_thrown
8478831,Kevin Stenlund,C,FLA,40,32,hit_thrown
8478831,Kevin Stenlund,C,FLA,95,20,hit_thrown
8478831,Kevin Stenlund,C,FLA,97,-8,hit_thrown
8478831,Kevin Stenlund,C,FLA,86,-35,hit_thrown
8478831,Kevin Stenlund,C,FLA,97,-19,hit_thrown
8478831,Kevin Stenlund,C,FLA,89,-34,hit_thrown
8478831,Kevin Stenlund,C,FLA,8,37,hit_thrown
8478831,Kevin Stenlund,C,FLA,19,6,takeaway_other
8478831,Kevin Stenlund,C,FLA,41,-25,takeaway_other
8478831,Kevin Stenlund,C,FLA,15,39,takeaway_other
8478831,Kevin Stenlund,C,FLA,40,25,takeaway_other
8478831,Kevin Stenlund,C,FLA,49,-13,takeaway_other
8478831,Kevin Stenlund,C,FLA,36,32,takeaway_other
8478831,Kevin Stenlund,C,FLA,53,-38,takeaway_other
8478831,Kevin Stenlund,C,FLA,11,-38,takeaway_other
8478831,Kevin Stenlund,C,FLA,41,33,takeaway_other
8478831,Kevin Stenlund,C,FLA,34,-33,takeaway_other
8478831,Kevin Stenlund,C,FLA,9,-11,takeaway_other
8478851,Alexandre Carrier,D,NSH,74,7,block_hd
8478851,Alexandre Carrier,D,NSH,75,3,block_hd
8478851,Alexandre Carrier,D,NSH,73,7,block_hd
8478851,Alexandre Carrier,D,NSH,78,1,block_hd
8478851,Alexandre Carrier,D,NSH,88,8,block_hd
8478851,Alexandre Carrier,D,NSH,77,-6,block_hd
8478851,Alexandre Carrier,D,NSH,78,1,block_hd
8478851,Alexandre Carrier,D,NSH,75,4,block_hd
8478851,Alexandre Carrier,D,NSH,80,7,block_hd
8478851,Alexandre Carrier,D,NSH,78,8,block_hd
8478851,Alexandre Carrier,D,NSH,76,9,block_hd
8478851,Alexandre Carrier,D,NSH,86,-6,block_hd
8478851,Alexandre Carrier,D,NSH,79,-6,block_hd
8478851,Alexandre Carrier,D,NSH,81,17,block_hd
8478851,Alexandre Carrier,D,NSH,78,5,block_hd
8478851,Alexandre Carrier,D,NSH,74,9,block_hd
8478851,Alexandre Carrier,D,NSH,62,-25,block_non_hd
8478851,Alexandre Carrier,D,NSH,53,21,block_non_hd
8478851,Alexandre Carrier,D,NSH,69,-7,block_non_hd
8478851,Alexandre Carrier,D,NSH,66,-13,block_non_hd
8478851,Alexandre Carrier,D,NSH,40,-38,hit_taken
8478851,Alexandre Carrier,D,NSH,25,39,hit_taken
8478851,Alexandre Carrier,D,NSH,9,40,hit_taken
8478851,Alexandre Carrier,D,NSH,76,-35,hit_taken
8478851,Alexandre Carrier,D,NSH,83,38,hit_taken
8478851,Alexandre Carrier,D,NSH,96,-12,hit_taken
8478851,Alexandre Carrier,D,NSH,5,-40,hit_taken
8478851,Alexandre Carrier,D,NSH,93,27,hit_taken
8478851,Alexandre Carrier,D,NSH,22,-36,hit_taken
8478851,Alexandre Carrier,D,NSH,96,22,hit_taken
8478851,Alexandre Carrier,D,NSH,96,22,hit_taken
8478851,Alexandre Carrier,D,NSH,14,-40,hit_taken
8478851,Alexandre Carrier,D,NSH,20,-42,hit_taken
8478851,Alexandre Carrier,D,NSH,17,40,hit_taken
8478851,Alexandre Carrier,D,NSH,95,-10,hit_taken
8478851,Alexandre Carrier,D,NSH,93,-19,hit_taken
8478851,Alexandre Carrier,D,NSH,69,39,hit_taken
8478851,Alexandre Carrier,D,NSH,50,37,hit_taken
8478851,Alexandre Carrier,D,NSH,7,40,hit_taken
8478851,Alexandre Carrier,D,NSH,80,17,hit_taken
8478851,Alexandre Carrier,D,NSH,7,39,hit_taken
8478851,Alexandre Carrier,D,NSH,7,39,hit_taken
8478851,Alexandre Carrier,D,NSH,8,36,hit_taken
8478851,Alexandre Carrier,D,NSH,96,-18,hit_taken
8478851,Alexandre Carrier,D,NSH,7,31,hit_thrown
8478851,Alexandre Carrier,D,NSH,97,1,hit_thrown
8478851,Alexandre Carrier,D,NSH,84,18,hit_thrown
8478851,Alexandre Carrier,D,NSH,79,36,takeaway_other
8478851,Alexandre Carrier,D,NSH,92,21,takeaway_other
8478856,Conor Garland,R,VAN,73,-7,block_hd
8478856,Conor Garland,R,VAN,57,7,block_non_hd
8478856,Conor Garland,R,VAN,65,12,block_non_hd
8478856,Conor Garland,R,VAN,62,5,block_non_hd
8478856,Conor Garland,R,VAN,56,15,block_non_hd
8478856,Conor Garland,R,VAN,51,33,block_non_hd
8478856,Conor Garland,R,VAN,47,25,block_non_hd
8478856,Conor Garland,R,VAN,46,34,block_non_hd
8478856,Conor Garland,R,VAN,54,3,block_non_hd
8478856,Conor Garland,R,VAN,62,31,block_non_hd
8478856,Conor Garland,R,VAN,58,16,block_non_hd
8478856,Conor Garland,R,VAN,55,-8,block_non_hd
8478856,Conor Garland,R,VAN,13,41,hit_taken
8478856,Conor Garland,R,VAN,38,36,hit_taken
8478856,Conor Garland,R,VAN,52,36,hit_taken
8478856,Conor Garland,R,VAN,52,-39,hit_taken
8478856,Conor Garland,R,VAN,17,36,hit_taken
8478856,Conor Garland,R,VAN,10,-40,hit_taken
8478856,Conor Garland,R,VAN,17,39,hit_taken
8478856,Conor Garland,R,VAN,15,-41,hit_taken
8478856,Conor Garland,R,VAN,90,-30,hit_taken
8478856,Conor Garland,R,VAN,86,-35,hit_taken
8478856,Conor Garland,R,VAN,84,-34,hit_taken
8478856,Conor Garland,R,VAN,55,36,hit_taken
8478856,Conor Garland,R,VAN,26,-38,hit_taken
8478856,Conor Garland,R,VAN,75,-39,hit_taken
8478856,Conor Garland,R,VAN,51,41,hit_taken
8478856,Conor Garland,R,VAN,37,38,hit_taken
8478856,Conor Garland,R,VAN,55,-39,hit_taken
8478856,Conor Garland,R,VAN,86,-34,hit_taken
8478856,Conor Garland,R,VAN,71,-41,hit_taken
8478856,Conor Garland,R,VAN,34,-38,hit_taken
8478856,Conor Garland,R,VAN,4,-41,hit_taken
8478856,Conor Garland,R,VAN,31,-41,hit_taken
8478856,Conor Garland,R,VAN,95,20,hit_taken
8478856,Conor Garland,R,VAN,53,-38,hit_taken
8478856,Conor Garland,R,VAN,27,39,hit_taken
8478856,Conor Garland,R,VAN,99,16,hit_taken
8478856,Conor Garland,R,VAN,75,38,hit_taken
8478856,Conor Garland,R,VAN,62,-39,hit_taken
8478856,Conor Garland,R,VAN,84,-37,hit_taken
8478856,Conor Garland,R,VAN,48,-39,hit_taken
8478856,Conor Garland,R,VAN,66,36,hit_taken
8478856,Conor Garland,R,VAN,93,27,hit_thrown
8478856,Conor Garland,R,VAN,94,-18,hit_thrown
8478856,Conor Garland,R,VAN,99,-3,hit_thrown
8478856,Conor Garland,R,VAN,13,-38,hit_thrown
8478856,Conor Garland,R,VAN,4,42,hit_thrown
8478856,Conor Garland,R,VAN,47,38,hit_thrown
8478856,Conor Garland,R,VAN,50,40,hit_thrown
8478856,Conor Garland,R,VAN,75,-40,hit_thrown
8478856,Conor Garland,R,VAN,97,0,hit_thrown
8478856,Conor Garland,R,VAN,17,-38,hit_thrown
8478856,Conor Garland,R,VAN,87,-32,takeaway_other
8478856,Conor Garland,R,VAN,33,8,takeaway_other
8478859,Niko Mikkola,D,FLA,80,-13,block_hd
8478859,Niko Mikkola,D,FLA,83,-5,block_hd
8478859,Niko Mikkola,D,FLA,71,-15,block_hd
8478859,Niko Mikkola,D,FLA,84,5,block_hd
8478859,Niko Mikkola,D,FLA,85,-3,block_hd
8478859,Niko Mikkola,D,FLA,74,13,block_hd
8478859,Niko Mikkola,D,FLA,83,7,block_hd
8478859,Niko Mikkola,D,FLA,86,-13,block_hd
8478859,Niko Mikkola,D,FLA,77,-16,block_hd
8478859,Niko Mikkola,D,FLA,79,16,block_hd
8478859,Niko Mikkola,D,FLA,78,5,block_hd
8478859,Niko Mikkola,D,FLA,79,7,block_hd
8478859,Niko Mikkola,D,FLA,75,31,block_non_hd
8478859,Niko Mikkola,D,FLA,56,-23,block_non_hd
8478859,Niko Mikkola,D,FLA,54,36,block_non_hd
8478859,Niko Mikkola,D,FLA,61,0,block_non_hd
8478859,Niko Mikkola,D,FLA,68,-6,block_non_hd
8478859,Niko Mikkola,D,FLA,63,1,block_non_hd
8478859,Niko Mikkola,D,FLA,67,-8,block_non_hd
8478859,Niko Mikkola,D,FLA,55,-30,block_non_hd
8478859,Niko Mikkola,D,FLA,69,-3,block_non_hd
8478859,Niko Mikkola,D,FLA,74,-19,block_non_hd
8478859,Niko Mikkola,D,FLA,69,-7,block_non_hd
8478859,Niko Mikkola,D,FLA,57,36,block_non_hd
8478859,Niko Mikkola,D,FLA,37,-6,block_non_hd
8478859,Niko Mikkola,D,FLA,51,18,block_non_hd
8478859,Niko Mikkola,D,FLA,44,-5,block_non_hd
8478859,Niko Mikkola,D,FLA,57,-6,block_non_hd
8478859,Niko Mikkola,D,FLA,69,5,block_non_hd
8478859,Niko Mikkola,D,FLA,63,-15,block_non_hd
8478859,Niko Mikkola,D,FLA,6,39,hit_taken
8478859,Niko Mikkola,D,FLA,96,16,hit_taken
8478859,Niko Mikkola,D,FLA,44,-40,hit_taken
8478859,Niko Mikkola,D,FLA,96,22,hit_taken
8478859,Niko Mikkola,D,FLA,62,35,hit_taken
8478859,Niko Mikkola,D,FLA,9,38,hit_taken
8478859,Niko Mikkola,D,FLA,81,39,hit_taken
8478859,Niko Mikkola,D,FLA,97,9,hit_taken
8478859,Niko Mikkola,D,FLA,11,38,hit_taken
8478859,Niko Mikkola,D,FLA,38,-36,hit_taken
8478859,Niko Mikkola,D,FLA,98,6,hit_taken
8478859,Niko Mikkola,D,FLA,94,-20,hit_taken
8478859,Niko Mikkola,D,FLA,84,35,hit_taken
8478859,Niko Mikkola,D,FLA,85,-29,hit_taken
8478859,Niko Mikkola,D,FLA,25,-41,hit_taken
8478859,Niko Mikkola,D,FLA,92,-24,hit_taken
8478859,Niko Mikkola,D,FLA,34,34,hit_taken
8478859,Niko Mikkola,D,FLA,95,-3,hit_taken
8478859,Niko Mikkola,D,FLA,99,6,hit_taken
8478859,Niko Mikkola,D,FLA,92,32,hit_taken
8478859,Niko Mikkola,D,FLA,77,-37,hit_taken
8478859,Niko Mikkola,D,FLA,54,37,hit_taken
8478859,Niko Mikkola,D,FLA,2,40,hit_taken
8478859,Niko Mikkola,D,FLA,92,-33,hit_taken
8478859,Niko Mikkola,D,FLA,96,-10,hit_taken
8478859,Niko Mikkola,D,FLA,95,-21,hit_taken
8478859,Niko Mikkola,D,FLA,94,-29,hit_taken
8478859,Niko Mikkola,D,FLA,21,-37,hit_taken
8478859,Niko Mikkola,D,FLA,86,-35,hit_taken
8478859,Niko Mikkola,D,FLA,71,39,hit_taken
8478859,Niko Mikkola,D,FLA,93,-24,hit_taken
8478859,Niko Mikkola,D,FLA,70,-34,hit_taken
8478859,Niko Mikkola,D,FLA,74,39,hit_taken
8478859,Niko Mikkola,D,FLA,95,-21,hit_taken
8478859,Niko Mikkola,D,FLA,95,6,hit_taken
8478859,Niko Mikkola,D,FLA,96,23,hit_taken
8478859,Niko Mikkola,D,FLA,91,-14,hit_taken
8478859,Niko Mikkola,D,FLA,93,-25,hit_taken
8478859,Niko Mikkola,D,FLA,93,12,hit_taken
8478859,Niko Mikkola,D,FLA,69,36,hit_taken
8478859,Niko Mikkola,D,FLA,94,26,hit_taken
8478859,Niko Mikkola,D,FLA,86,25,hit_taken
8478859,Niko Mikkola,D,FLA,94,9,hit_taken
8478859,Niko Mikkola,D,FLA,89,-32,hit_taken
8478859,Niko Mikkola,D,FLA,93,26,hit_taken
8478859,Niko Mikkola,D,FLA,92,30,hit_taken
8478859,Niko Mikkola,D,FLA,96,-17,hit_taken
8478859,Niko Mikkola,D,FLA,97,8,hit_taken
8478859,Niko Mikkola,D,FLA,30,38,hit_taken
8478859,Niko Mikkola,D,FLA,94,22,hit_taken
8478859,Niko Mikkola,D,FLA,20,36,hit_taken
8478859,Niko Mikkola,D,FLA,39,-41,hit_taken
8478859,Niko Mikkola,D,FLA,92,29,hit_taken
8478859,Niko Mikkola,D,FLA,64,38,hit_taken
8478859,Niko Mikkola,D,FLA,44,39,hit_taken
8478859,Niko Mikkola,D,FLA,94,25,hit_taken
8478859,Niko Mikkola,D,FLA,97,9,hit_taken
8478859,Niko Mikkola,D,FLA,3,-37,hit_taken
8478859,Niko Mikkola,D,FLA,83,37,hit_taken
8478859,Niko Mikkola,D,FLA,98,-9,hit_taken
8478859,Niko Mikkola,D,FLA,97,7,hit_taken
8478859,Niko Mikkola,D,FLA,90,32,hit_taken
8478859,Niko Mikkola,D,FLA,96,-8,hit_taken
8478859,Niko Mikkola,D,FLA,98,-12,hit_taken
8478859,Niko Mikkola,D,FLA,69,-38,hit_taken
8478859,Niko Mikkola,D,FLA,67,-40,hit_taken
8478859,Niko Mikkola,D,FLA,14,38,hit_taken
8478859,Niko Mikkola,D,FLA,14,-39,hit_taken
8478859,Niko Mikkola,D,FLA,96,-26,hit_taken
8478859,Niko Mikkola,D,FLA,92,-27,hit_taken
8478859,Niko Mikkola,D,FLA,92,-26,hit_taken
8478859,Niko Mikkola,D,FLA,95,10,hit_taken
8478859,Niko Mikkola,D,FLA,88,-31,hit_taken
8478859,Niko Mikkola,D,FLA,96,-12,hit_taken
8478859,Niko Mikkola,D,FLA,94,-20,hit_taken
8478859,Niko Mikkola,D,FLA,94,-24,hit_taken
8478859,Niko Mikkola,D,FLA,53,-42,hit_taken
8478859,Niko Mikkola,D,FLA,7,42,hit_taken
8478859,Niko Mikkola,D,FLA,83,-38,hit_taken
8478859,Niko Mikkola,D,FLA,78,-37,hit_taken
8478859,Niko Mikkola,D,FLA,44,-39,hit_thrown
8478859,Niko Mikkola,D,FLA,54,-36,hit_thrown
8478859,Niko Mikkola,D,FLA,26,-29,hit_thrown
8478859,Niko Mikkola,D,FLA,86,37,hit_thrown
8478859,Niko Mikkola,D,FLA,58,-38,hit_thrown
8478859,Niko Mikkola,D,FLA,25,-37,hit_thrown
8478859,Niko Mikkola,D,FLA,37,-38,hit_thrown
8478859,Niko Mikkola,D,FLA,16,-36,hit_thrown
8478859,Niko Mikkola,D,FLA,12,36,hit_thrown
8478859,Niko Mikkola,D,FLA,61,-38,hit_thrown
8478859,Niko Mikkola,D,FLA,40,38,hit_thrown
8478859,Niko Mikkola,D,FLA,15,-39,hit_thrown
8478859,Niko Mikkola,D,FLA,55,-38,hit_thrown
8478859,Niko Mikkola,D,FLA,94,-25,hit_thrown
8478859,Niko Mikkola,D,FLA,47,39,hit_thrown
8478859,Niko Mikkola,D,FLA,67,-39,hit_thrown
8478859,Niko Mikkola,D,FLA,42,-38,hit_thrown
8478859,Niko Mikkola,D,FLA,94,-21,hit_thrown
8478859,Niko Mikkola,D,FLA,36,40,hit_thrown
8478859,Niko Mikkola,D,FLA,71,-37,hit_thrown
8478859,Niko Mikkola,D,FLA,68,-31,hit_thrown
8478859,Niko Mikkola,D,FLA,96,-18,hit_thrown
8478859,Niko Mikkola,D,FLA,98,14,hit_thrown
8478859,Niko Mikkola,D,FLA,17,37,hit_thrown
8478859,Niko Mikkola,D,FLA,36,-37,hit_thrown
8478859,Niko Mikkola,D,FLA,95,19,hit_thrown
8478859,Niko Mikkola,D,FLA,21,-33,hit_thrown
8478859,Niko Mikkola,D,FLA,2,38,hit_thrown
8478859,Niko Mikkola,D,FLA,82,36,hit_thrown
8478859,Niko Mikkola,D,FLA,93,-30,hit_thrown
8478859,Niko Mikkola,D,FLA,54,-39,hit_thrown
8478859,Niko Mikkola,D,FLA,97,8,hit_thrown
8478859,Niko Mikkola,D,FLA,49,-36,hit_thrown
8478859,Niko Mikkola,D,FLA,35,40,hit_thrown
8478859,Niko Mikkola,D,FLA,20,-33,hit_thrown
8478859,Niko Mikkola,D,FLA,45,-39,hit_thrown
8478859,Niko Mikkola,D,FLA,71,-39,hit_thrown
8478859,Niko Mikkola,D,FLA,34,-31,hit_thrown
8478859,Niko Mikkola,D,FLA,96,21,hit_thrown
8478859,Niko Mikkola,D,FLA,65,-41,hit_thrown
8478859,Niko Mikkola,D,FLA,64,-39,hit_thrown
8478859,Niko Mikkola,D,FLA,13,39,hit_thrown
8478859,Niko Mikkola,D,FLA,93,25,hit_thrown
8478859,Niko Mikkola,D,FLA,98,-3,hit_thrown
8478859,Niko Mikkola,D,FLA,79,-39,hit_thrown
8478859,Niko Mikkola,D,FLA,49,-36,hit_thrown
8478859,Niko Mikkola,D,FLA,87,33,hit_thrown
8478859,Niko Mikkola,D,FLA,16,38,hit_thrown
8478859,Niko Mikkola,D,FLA,18,-23,hit_thrown
8478859,Niko Mikkola,D,FLA,50,-39,hit_thrown
8478859,Niko Mikkola,D,FLA,50,-38,hit_thrown
8478859,Niko Mikkola,D,FLA,79,-40,hit_thrown
8478859,Niko Mikkola,D,FLA,68,-39,hit_thrown
8478859,Niko Mikkola,D,FLA,73,-41,hit_thrown
8478859,Niko Mikkola,D,FLA,71,-40,hit_thrown
8478859,Niko Mikkola,D,FLA,66,-38,hit_thrown
8478859,Niko Mikkola,D,FLA,66,-39,hit_thrown
8478859,Niko Mikkola,D,FLA,14,40,hit_thrown
8478859,Niko Mikkola,D,FLA,73,33,hit_thrown
8478859,Niko Mikkola,D,FLA,98,4,hit_thrown
8478859,Niko Mikkola,D,FLA,92,-29,hit_thrown
8478859,Niko Mikkola,D,FLA,99,8,takeaway_hd
8478859,Niko Mikkola,D,FLA,97,7,takeaway_hd
8478859,Niko Mikkola,D,FLA,34,36,takeaway_other
8478859,Niko Mikkola,D,FLA,32,39,takeaway_other
8478882,Vladislav Gavrikov,D,LAK,67,-14,block_non_hd
8478882,Vladislav Gavrikov,D,LAK,44,-17,block_non_hd
8478882,Vladislav Gavrikov,D,LAK,74,-24,block_non_hd
8478882,Vladislav Gavrikov,D,LAK,80,-39,hit_taken
8478882,Vladislav Gavrikov,D,LAK,97,16,hit_taken
8478882,Vladislav Gavrikov,D,LAK,98,-4,hit_taken
8478882,Vladislav Gavrikov,D,LAK,97,-5,hit_taken
8478882,Vladislav Gavrikov,D,LAK,43,40,hit_taken
8478882,Vladislav Gavrikov,D,LAK,86,-24,hit_taken
8478882,Vladislav Gavrikov,D,LAK,97,17,hit_taken
8478882,Vladislav Gavrikov,D,LAK,91,-35,hit_taken
8478882,Vladislav Gavrikov,D,LAK,88,-30,hit_taken
8478882,Vladislav Gavrikov,D,LAK,76,38,hit_thrown
8478882,Vladislav Gavrikov,D,LAK,89,36,hit_thrown
8478882,Vladislav Gavrikov,D,LAK,30,34,hit_thrown
8478882,Vladislav Gavrikov,D,LAK,30,1,hit_thrown
8478882,Vladislav Gavrikov,D,LAK,76,1,hit_thrown
8478882,Vladislav Gavrikov,D,LAK,55,-38,hit_thrown
8478882,Vladislav Gavrikov,D,LAK,36,-40,hit_thrown
8478882,Vladislav Gavrikov,D,LAK,25,37,hit_thrown
8478882,Vladislav Gavrikov,D,LAK,95,-9,hit_thrown
8478882,Vladislav Gavrikov,D,LAK,96,-18,hit_thrown
8478882,Vladislav Gavrikov,D,LAK,96,-9,hit_thrown
8478882,Vladislav Gavrikov,D,LAK,49,-39,takeaway_other
8478891,Mason Appleton,C,WPG,44,4,block_non_hd
8478891,Mason Appleton,C,WPG,51,30,block_non_hd
8478891,Mason Appleton,C,WPG,98,-2,hit_taken
8478891,Mason Appleton,C,WPG,99,-18,hit_taken
8478891,Mason Appleton,C,WPG,28,-40,hit_taken
8478891,Mason Appleton,C,WPG,95,-16,hit_taken
8478891,Mason Appleton,C,WPG,39,38,hit_taken
8478891,Mason Appleton,C,WPG,1,-40,hit_taken
8478891,Mason Appleton,C,WPG,74,-39,hit_taken
8478891,Mason Appleton,C,WPG,39,39,hit_taken
8478891,Mason Appleton,C,WPG,98,20,hit_taken
8478891,Mason Appleton,C,WPG,47,-35,hit_taken
8478891,Mason Appleton,C,WPG,31,27,hit_taken
8478891,Mason Appleton,C,WPG,98,-9,hit_taken
8478891,Mason Appleton,C,WPG,54,-41,hit_thrown
8478891,Mason Appleton,C,WPG,29,-39,hit_thrown
8478891,Mason Appleton,C,WPG,12,39,hit_thrown
8478891,Mason Appleton,C,WPG,97,-13,hit_thrown
8478891,Mason Appleton,C,WPG,49,40,hit_thrown
8478891,Mason Appleton,C,WPG,99,-10,hit_thrown
8478891,Mason Appleton,C,WPG,43,38,hit_thrown
8478891,Mason Appleton,C,WPG,96,14,hit_thrown
8478891,Mason Appleton,C,WPG,94,27,hit_thrown
8478891,Mason Appleton,C,WPG,47,29,takeaway_other
8478904,Steven Lorentz,C,FLA,44,-24,block_non_hd
8478904,Steven Lorentz,C,FLA,45,36,block_non_hd
8478904,Steven Lorentz,C,FLA,43,-1,block_non_hd
8478904,Steven Lorentz,C,FLA,55,23,block_non_hd
8478904,Steven Lorentz,C,FLA,69,-22,dz_faceoff_win
8478904,Steven Lorentz,C,FLA,69,-22,dz_faceoff_win
8478904,Steven Lorentz,C,FLA,69,-22,dz_faceoff_win
8478904,Steven Lorentz,C,FLA,69,-22,dz_faceoff_win
8478904,Steven Lorentz,C,FLA,69,-22,dz_faceoff_win
8478904,Steven Lorentz,C,FLA,55,-39,hit_taken
8478904,Steven Lorentz,C,FLA,70,39,hit_taken
8478904,Steven Lorentz,C,FLA,60,-40,hit_taken
8478904,Steven Lorentz,C,FLA,77,-35,hit_taken
8478904,Steven Lorentz,C,FLA,64,39,hit_taken
8478904,Steven Lorentz,C,FLA,5,40,hit_taken
8478904,Steven Lorentz,C,FLA,96,-14,hit_taken
8478904,Steven Lorentz,C,FLA,92,-28,hit_taken
8478904,Steven Lorentz,C,FLA,91,32,hit_taken
8478904,Steven Lorentz,C,FLA,12,36,hit_taken
8478904,Steven Lorentz,C,FLA,96,21,hit_taken
8478904,Steven Lorentz,C,FLA,92,29,hit_taken
8478904,Steven Lorentz,C,FLA,76,-38,hit_taken
8478904,Steven Lorentz,C,FLA,97,3,hit_taken
8478904,Steven Lorentz,C,FLA,98,-18,hit_taken
8478904,Steven Lorentz,C,FLA,95,21,hit_taken
8478904,Steven Lorentz,C,FLA,75,-40,hit_taken
8478904,Steven Lorentz,C,FLA,61,39,hit_taken
8478904,Steven Lorentz,C,FLA,89,-32,hit_taken
8478904,Steven Lorentz,C,FLA,68,14,hit_taken
8478904,Steven Lorentz,C,FLA,18,36,hit_taken
8478904,Steven Lorentz,C,FLA,95,22,hit_taken
8478904,Steven Lorentz,C,FLA,97,-21,hit_taken
8478904,Steven Lorentz,C,FLA,24,-33,hit_taken
8478904,Steven Lorentz,C,FLA,71,35,hit_taken
8478904,Steven Lorentz,C,FLA,5,39,hit_taken
8478904,Steven Lorentz,C,FLA,30,39,hit_taken
8478904,Steven Lorentz,C,FLA,91,-32,hit_taken
8478904,Steven Lorentz,C,FLA,42,-40,hit_taken
8478904,Steven Lorentz,C,FLA,13,-35,hit_taken
8478904,Steven Lorentz,C,FLA,0,41,hit_taken
8478904,Steven Lorentz,C,FLA,78,-40,hit_taken
8478904,Steven Lorentz,C,FLA,88,33,hit_thrown
8478904,Steven Lorentz,C,FLA,96,-4,hit_thrown
8478904,Steven Lorentz,C,FLA,99,-10,hit_thrown
8478904,Steven Lorentz,C,FLA,95,-23,hit_thrown
8478904,Steven Lorentz,C,FLA,98,14,hit_thrown
8478904,Steven Lorentz,C,FLA,4,-38,hit_thrown
8478904,Steven Lorentz,C,FLA,22,-37,hit_thrown
8478904,Steven Lorentz,C,FLA,99,-13,hit_thrown
8478904,Steven Lorentz,C,FLA,84,34,hit_thrown
8478904,Steven Lorentz,C,FLA,65,-38,hit_thrown
8478904,Steven Lorentz,C,FLA,71,2,hit_thrown
8478904,Steven Lorentz,C,FLA,97,26,hit_thrown
8478904,Steven Lorentz,C,FLA,79,-41,hit_thrown
8478904,Steven Lorentz,C,FLA,90,-27,hit_thrown
8478904,Steven Lorentz,C,FLA,98,3,hit_thrown
8478904,Steven Lorentz,C,FLA,68,40,hit_thrown
8478904,Steven Lorentz,C,FLA,98,18,hit_thrown
8478904,Steven Lorentz,C,FLA,85,37,hit_thrown
8478904,Steven Lorentz,C,FLA,92,27,hit_thrown
8478904,Steven Lorentz,C,FLA,39,37,hit_thrown
8478904,Steven Lorentz,C,FLA,96,-25,hit_thrown
8478904,Steven Lorentz,C,FLA,86,-35,hit_thrown
8478904,Steven Lorentz,C,FLA,83,36,hit_thrown
8478904,Steven Lorentz,C,FLA,94,-26,hit_thrown
8478904,Steven Lorentz,C,FLA,71,-39,hit_thrown
8478904,Steven Lorentz,C,FLA,38,38,hit_thrown
8478904,Steven Lorentz,C,FLA,68,23,hit_thrown
8478904,Steven Lorentz,C,FLA,57,40,hit_thrown
8478904,Steven Lorentz,C,FLA,26,-17,hit_thrown
8478904,Steven Lorentz,C,FLA,97,12,hit_thrown
8478904,Steven Lorentz,C,FLA,86,-34,hit_thrown
8478904,Steven Lorentz,C,FLA,57,36,hit_thrown
8478904,Steven Lorentz,C,FLA,97,24,hit_thrown
8478904,Steven Lorentz,C,FLA,89,-34,hit_thrown
8478904,Steven Lorentz,C,FLA,95,-28,hit_thrown
8478904,Steven Lorentz,C,FLA,84,38,hit_thrown
8478904,Steven Lorentz,C,FLA,19,-39,hit_thrown
8478904,Steven Lorentz,C,FLA,39,38,hit_thrown
8478904,Steven Lorentz,C,FLA,51,-39,hit_thrown
8478904,Steven Lorentz,C,FLA,40,-38,hit_thrown
8478904,Steven Lorentz,C,FLA,12,-34,takeaway_other
8478904,Steven Lorentz,C,FLA,92,-21,takeaway_other
8478904,Steven Lorentz,C,FLA,23,35,takeaway_other
8478904,Steven Lorentz,C,FLA,14,-30,takeaway_other
8478911,Matt Roy,D,LAK,78,-15,block_hd
8478911,Matt Roy,D,LAK,77,2,block_hd
8478911,Matt Roy,D,LAK,81,-4,block_hd
8478911,Matt Roy,D,LAK,82,1,block_hd
8478911,Matt Roy,D,LAK,70,8,block_hd
8478911,Matt Roy,D,LAK,70,7,block_hd
8478911,Matt Roy,D,LAK,61,15,block_non_hd
8478911,Matt Roy,D,LAK,64,5,block_non_hd
8478911,Matt Roy,D,LAK,54,25,block_non_hd
8478911,Matt Roy,D,LAK,67,-4,block_non_hd
8478911,Matt Roy,D,LAK,59,19,block_non_hd
8478911,Matt Roy,D,LAK,98,-16,hit_taken
8478911,Matt Roy,D,LAK,97,-15,hit_taken
8478911,Matt Roy,D,LAK,94,27,hit_taken
8478911,Matt Roy,D,LAK,95,21,hit_taken
8478911,Matt Roy,D,LAK,97,19,hit_taken
8478911,Matt Roy,D,LAK,13,41,hit_taken
8478911,Matt Roy,D,LAK,83,36,hit_taken
8478911,Matt Roy,D,LAK,34,37,hit_taken
8478911,Matt Roy,D,LAK,18,37,hit_thrown
8478911,Matt Roy,D,LAK,94,-1,hit_thrown
8478911,Matt Roy,D,LAK,33,-39,hit_thrown
8478911,Matt Roy,D,LAK,78,39,hit_thrown
8478911,Matt Roy,D,LAK,44,-40,hit_thrown
8478911,Matt Roy,D,LAK,97,23,hit_thrown
8478911,Matt Roy,D,LAK,94,-29,hit_thrown
8478911,Matt Roy,D,LAK,74,41,hit_thrown
8478911,Matt Roy,D,LAK,40,41,hit_thrown
8478911,Matt Roy,D,LAK,98,9,hit_thrown
8478911,Matt Roy,D,LAK,34,-25,hit_thrown
8478911,Matt Roy,D,LAK,56,39,hit_thrown
8478911,Matt Roy,D,LAK,97,15,hit_thrown
8478911,Matt Roy,D,LAK,12,-40,hit_thrown
8478911,Matt Roy,D,LAK,33,-41,hit_thrown
8478911,Matt Roy,D,LAK,97,3,hit_thrown
8478911,Matt Roy,D,LAK,86,-32,hit_thrown
8478911,Matt Roy,D,LAK,85,-35,hit_thrown
8478970,Jalen Chatfield,D,CAR,74,-3,block_hd
8478970,Jalen Chatfield,D,CAR,80,9,block_hd
8478970,Jalen Chatfield,D,CAR,73,3,block_hd
8478970,Jalen Chatfield,D,CAR,75,13,block_hd
8478970,Jalen Chatfield,D,CAR,70,-8,block_hd
8478970,Jalen Chatfield,D,CAR,70,-4,block_hd
8478970,Jalen Chatfield,D,CAR,67,-15,block_non_hd
8478970,Jalen Chatfield,D,CAR,67,-2,block_non_hd
8478970,Jalen Chatfield,D,CAR,64,26,block_non_hd
8478970,Jalen Chatfield,D,CAR,60,22,block_non_hd
8478970,Jalen Chatfield,D,CAR,68,20,block_non_hd
8478970,Jalen Chatfield,D,CAR,68,-1,block_non_hd
8478970,Jalen Chatfield,D,CAR,69,-2,block_non_hd
8478970,Jalen Chatfield,D,CAR,80,32,block_non_hd
8478970,Jalen Chatfield,D,CAR,63,-17,block_non_hd
8478970,Jalen Chatfield,D,CAR,58,32,block_non_hd
8478970,Jalen Chatfield,D,CAR,69,-6,block_non_hd
8478970,Jalen Chatfield,D,CAR,6,41,hit_taken
8478970,Jalen Chatfield,D,CAR,35,-39,hit_taken
8478970,Jalen Chatfield,D,CAR,3,-39,hit_taken
8478970,Jalen Chatfield,D,CAR,47,-39,hit_taken
8478970,Jalen Chatfield,D,CAR,89,-33,hit_taken
8478970,Jalen Chatfield,D,CAR,20,37,hit_taken
8478970,Jalen Chatfield,D,CAR,70,-39,hit_taken
8478970,Jalen Chatfield,D,CAR,64,39,hit_taken
8478970,Jalen Chatfield,D,CAR,19,-31,hit_taken
8478970,Jalen Chatfield,D,CAR,96,-5,hit_taken
8478970,Jalen Chatfield,D,CAR,93,26,hit_taken
8478970,Jalen Chatfield,D,CAR,99,14,hit_taken
8478970,Jalen Chatfield,D,CAR,82,38,hit_taken
8478970,Jalen Chatfield,D,CAR,94,-11,hit_taken
8478970,Jalen Chatfield,D,CAR,94,-21,hit_taken
8478970,Jalen Chatfield,D,CAR,91,34,hit_taken
8478970,Jalen Chatfield,D,CAR,49,38,hit_taken
8478970,Jalen Chatfield,D,CAR,86,34,hit_taken
8478970,Jalen Chatfield,D,CAR,25,42,hit_taken
8478970,Jalen Chatfield,D,CAR,80,-38,hit_taken
8478970,Jalen Chatfield,D,CAR,91,32,hit_taken
8478970,Jalen Chatfield,D,CAR,16,-38,hit_taken
8478970,Jalen Chatfield,D,CAR,91,31,hit_taken
8478970,Jalen Chatfield,D,CAR,96,10,hit_taken
8478970,Jalen Chatfield,D,CAR,98,10,hit_taken
8478970,Jalen Chatfield,D,CAR,71,-41,hit_taken
8478970,Jalen Chatfield,D,CAR,90,24,hit_taken
8478970,Jalen Chatfield,D,CAR,4,42,hit_taken
8478970,Jalen Chatfield,D,CAR,89,33,hit_taken
8478970,Jalen Chatfield,D,CAR,96,-15,hit_taken
8478970,Jalen Chatfield,D,CAR,43,-36,hit_taken
8478970,Jalen Chatfield,D,CAR,11,40,hit_taken
8478970,Jalen Chatfield,D,CAR,91,33,hit_taken
8478970,Jalen Chatfield,D,CAR,70,-41,hit_taken
8478970,Jalen Chatfield,D,CAR,96,-15,hit_thrown
8478970,Jalen Chatfield,D,CAR,85,36,hit_thrown
8478970,Jalen Chatfield,D,CAR,96,15,hit_thrown
8478970,Jalen Chatfield,D,CAR,73,-41,hit_thrown
8478970,Jalen Chatfield,D,CAR,95,-18,hit_thrown
8478970,Jalen Chatfield,D,CAR,85,34,hit_thrown
8478970,Jalen Chatfield,D,CAR,37,-38,hit_thrown
8478970,Jalen Chatfield,D,CAR,41,-10,hit_thrown
8478970,Jalen Chatfield,D,CAR,95,-24,hit_thrown
8478970,Jalen Chatfield,D,CAR,96,-23,hit_thrown
8478970,Jalen Chatfield,D,CAR,60,40,hit_thrown
8478970,Jalen Chatfield,D,CAR,89,14,takeaway_hd
8478970,Jalen Chatfield,D,CAR,32,-38,takeaway_other
8478970,Jalen Chatfield,D,CAR,32,-40,takeaway_other
8478970,Jalen Chatfield,D,CAR,13,13,takeaway_other
8478970,Jalen Chatfield,D,CAR,36,41,takeaway_other
8478970,Jalen Chatfield,D,CAR,72,38,takeaway_other
8478975,Mason Marchment,L,DAL,78,-14,block_hd
8478975,Mason Marchment,L,DAL,82,5,block_hd
8478975,Mason Marchment,L,DAL,72,4,block_hd
8478975,Mason Marchment,L,DAL,58,29,block_non_hd
8478975,Mason Marchment,L,DAL,48,-11,block_non_hd
8478975,Mason Marchment,L,DAL,46,-4,block_non_hd
8478975,Mason Marchment,L,DAL,43,-19,block_non_hd
8478975,Mason Marchment,L,DAL,57,-36,block_non_hd
8478975,Mason Marchment,L,DAL,53,19,block_non_hd
8478975,Mason Marchment,L,DAL,81,-2,crease_goal
8478975,Mason Marchment,L,DAL,86,33,hit_taken
8478975,Mason Marchment,L,DAL,86,-37,hit_taken
8478975,Mason Marchment,L,DAL,8,-41,hit_taken
8478975,Mason Marchment,L,DAL,86,-36,hit_taken
8478975,Mason Marchment,L,DAL,35,-40,hit_taken
8478975,Mason Marchment,L,DAL,92,-30,hit_taken
8478975,Mason Marchment,L,DAL,37,-39,hit_taken
8478975,Mason Marchment,L,DAL,64,41,hit_taken
8478975,Mason Marchment,L,DAL,3,41,hit_taken
8478975,Mason Marchment,L,DAL,62,17,hit_taken
8478975,Mason Marchment,L,DAL,23,40,hit_taken
8478975,Mason Marchment,L,DAL,74,23,hit_taken
8478975,Mason Marchment,L,DAL,69,-38,hit_taken
8478975,Mason Marchment,L,DAL,29,22,hit_taken
8478975,Mason Marchment,L,DAL,23,-40,hit_taken
8478975,Mason Marchment,L,DAL,36,39,hit_taken
8478975,Mason Marchment,L,DAL,30,41,hit_taken
8478975,Mason Marchment,L,DAL,98,-12,hit_taken
8478975,Mason Marchment,L,DAL,95,4,hit_taken
8478975,Mason Marchment,L,DAL,93,28,hit_taken
8478975,Mason Marchment,L,DAL,74,40,hit_thrown
8478975,Mason Marchment,L,DAL,31,40,hit_thrown
8478975,Mason Marchment,L,DAL,30,-40,hit_thrown
8478975,Mason Marchment,L,DAL,11,41,hit_thrown
8478975,Mason Marchment,L,DAL,98,-8,hit_thrown
8478975,Mason Marchment,L,DAL,57,-41,hit_thrown
8478975,Mason Marchment,L,DAL,25,-40,hit_thrown
8478975,Mason Marchment,L,DAL,85,-35,hit_thrown
8478975,Mason Marchment,L,DAL,96,-15,hit_thrown
8478975,Mason Marchment,L,DAL,10,40,hit_thrown
8478975,Mason Marchment,L,DAL,28,-29,hit_thrown
8478975,Mason Marchment,L,DAL,5,-42,hit_thrown
8478975,Mason Marchment,L,DAL,46,6,hit_thrown
8478975,Mason Marchment,L,DAL,13,-22,hit_thrown
8478975,Mason Marchment,L,DAL,71,-40,hit_thrown
8478975,Mason Marchment,L,DAL,12,29,hit_thrown
8478975,Mason Marchment,L,DAL,96,23,hit_thrown
8478975,Mason Marchment,L,DAL,63,-40,hit_thrown
8478975,Mason Marchment,L,DAL,49,-39,hit_thrown
8478975,Mason Marchment,L,DAL,49,40,hit_thrown
8478975,Mason Marchment,L,DAL,98,-14,hit_thrown
8478975,Mason Marchment,L,DAL,97,1,hit_thrown
8478975,Mason Marchment,L,DAL,52,41,hit_thrown
8478975,Mason Marchment,L,DAL,98,15,hit_thrown
8478975,Mason Marchment,L,DAL,26,40,hit_thrown
8478975,Mason Marchment,L,DAL,11,-9,hit_thrown
8478975,Mason Marchment,L,DAL,97,7,hit_thrown
8478975,Mason Marchment,L,DAL,82,40,hit_thrown
8478975,Mason Marchment,L,DAL,37,18,hit_thrown
8478975,Mason Marchment,L,DAL,62,-41,hit_thrown
8478975,Mason Marchment,L,DAL,51,41,hit_thrown
8478975,Mason Marchment,L,DAL,99,20,hit_thrown
8478975,Mason Marchment,L,DAL,87,34,hit_thrown
8478975,Mason Marchment,L,DAL,11,-40,hit_thrown
8478975,Mason Marchment,L,DAL,80,-38,hit_thrown
8478975,Mason Marchment,L,DAL,76,-37,hit_thrown
8478975,Mason Marchment,L,DAL,31,-41,hit_thrown
8478975,Mason Marchment,L,DAL,88,34,hit_thrown
8478975,Mason Marchment,L,DAL,15,-37,hit_thrown
8478975,Mason Marchment,L,DAL,72,-41,hit_thrown
8478975,Mason Marchment,L,DAL,96,-2,hit_thrown
8478975,Mason Marchment,L,DAL,97,-8,hit_thrown
8478975,Mason Marchment,L,DAL,92,-30,hit_thrown
8478975,Mason Marchment,L,DAL,93,-19,hit_thrown
8478975,Mason Marchment,L,DAL,89,34,hit_thrown
8478975,Mason Marchment,L,DAL,91,-31,hit_thrown
8478975,Mason Marchment,L,DAL,98,-4,hit_thrown
8478975,Mason Marchment,L,DAL,57,37,hit_thrown
8478975,Mason Marchment,L,DAL,64,-38,hit_thrown
8478975,Mason Marchment,L,DAL,41,39,hit_thrown
8478975,Mason Marchment,L,DAL,12,-38,hit_thrown
8478975,Mason Marchment,L,DAL,45,38,hit_thrown
8478975,Mason Marchment,L,DAL,99,-18,takeaway_hd
8478975,Mason Marchment,L,DAL,49,-28,takeaway_other
8478975,Mason Marchment,L,DAL,19,4,takeaway_other
8478975,Mason Marchment,L,DAL,35,12,takeaway_other
8478975,Mason Marchment,L,DAL,17,15,takeaway_other
8478975,Mason Marchment,L,DAL,76,-40,takeaway_other
8478975,Mason Marchment,L,DAL,54,29,takeaway_other
8478975,Mason Marchment,L,DAL,20,12,takeaway_other
8478975,Mason Marchment,L,DAL,15,35,takeaway_other
8478975,Mason Marchment,L,DAL,19,-36,takeaway_other
8478975,Mason Marchment,L,DAL,77,40,takeaway_other
8478975,Mason Marchment,L,DAL,45,-25,takeaway_other
8478975,Mason Marchment,L,DAL,35,-31,takeaway_other
8478975,Mason Marchment,L,DAL,20,-22,takeaway_other
8479066,Ryan Lomberg,L,FLA,72,-9,block_hd
8479066,Ryan Lomberg,L,FLA,77,0,block_hd
8479066,Ryan Lomberg,L,FLA,84,-7,block_hd
8479066,Ryan Lomberg,L,FLA,46,9,block_non_hd
8479066,Ryan Lomberg,L,FLA,62,-21,block_non_hd
8479066,Ryan Lomberg,L,FLA,97,7,hit_taken
8479066,Ryan Lomberg,L,FLA,31,-39,hit_taken
8479066,Ryan Lomberg,L,FLA,59,2,hit_taken
8479066,Ryan Lomberg,L,FLA,58,-38,hit_taken
8479066,Ryan Lomberg,L,FLA,31,23,hit_taken
8479066,Ryan Lomberg,L,FLA,67,13,hit_taken
8479066,Ryan Lomberg,L,FLA,62,39,hit_taken
8479066,Ryan Lomberg,L,FLA,90,-31,hit_thrown
8479066,Ryan Lomberg,L,FLA,95,-20,hit_thrown
8479066,Ryan Lomberg,L,FLA,58,40,hit_thrown
8479066,Ryan Lomberg,L,FLA,79,-39,hit_thrown
8479066,Ryan Lomberg,L,FLA,67,-36,hit_thrown
8479066,Ryan Lomberg,L,FLA,81,41,hit_thrown
8479066,Ryan Lomberg,L,FLA,96,9,hit_thrown
8479066,Ryan Lomberg,L,FLA,75,-41,hit_thrown
8479066,Ryan Lomberg,L,FLA,88,32,hit_thrown
8479066,Ryan Lomberg,L,FLA,95,-28,hit_thrown
8479066,Ryan Lomberg,L,FLA,99,16,hit_thrown
8479066,Ryan Lomberg,L,FLA,83,-37,hit_thrown
8479066,Ryan Lomberg,L,FLA,14,-34,hit_thrown
8479066,Ryan Lomberg,L,FLA,97,-13,hit_thrown
8479066,Ryan Lomberg,L,FLA,22,-4,hit_thrown
8479066,Ryan Lomberg,L,FLA,34,6,hit_thrown
8479066,Ryan Lomberg,L,FLA,77,28,hit_thrown
8479066,Ryan Lomberg,L,FLA,84,32,hit_thrown
8479066,Ryan Lomberg,L,FLA,92,27,hit_thrown
8479066,Ryan Lomberg,L,FLA,44,-39,hit_thrown
8479066,Ryan Lomberg,L,FLA,88,-33,hit_thrown
8479066,Ryan Lomberg,L,FLA,0,1,hit_thrown
8479066,Ryan Lomberg,L,FLA,96,10,hit_thrown
8479066,Ryan Lomberg,L,FLA,60,36,hit_thrown
8479066,Ryan Lomberg,L,FLA,85,35,hit_thrown
8479066,Ryan Lomberg,L,FLA,93,-23,hit_thrown
8479066,Ryan Lomberg,L,FLA,8,6,hit_thrown
8479066,Ryan Lomberg,L,FLA,95,-23,hit_thrown
8479066,Ryan Lomberg,L,FLA,74,37,hit_thrown
8479066,Ryan Lomberg,L,FLA,70,-39,hit_thrown
8479066,Ryan Lomberg,L,FLA,82,20,hit_thrown
8479292,Charlie Lindgren,G,WSH,93,-9,takeaway_hd
8479292,Charlie Lindgren,G,WSH,41,-25,takeaway_other
8479314,Matthew Tkachuk,L,FLA,82,-3,block_hd
8479314,Matthew Tkachuk,L,FLA,76,2,block_hd
8479314,Matthew Tkachuk,L,FLA,83,5,block_hd
8479314,Matthew Tkachuk,L,FLA,82,3,block_hd
8479314,Matthew Tkachuk,L,FLA,79,-3,block_hd
8479314,Matthew Tkachuk,L,FLA,88,0,block_hd
8479314,Matthew Tkachuk,L,FLA,58,0,block_non_hd
8479314,Matthew Tkachuk,L,FLA,44,6,block_non_hd
8479314,Matthew Tkachuk,L,FLA,40,14,block_non_hd
8479314,Matthew Tkachuk,L,FLA,30,-6,block_non_hd
8479314,Matthew Tkachuk,L,FLA,43,-1,block_non_hd
8479314,Matthew Tkachuk,L,FLA,69,20,block_non_hd
8479314,Matthew Tkachuk,L,FLA,56,5,block_non_hd
8479314,Matthew Tkachuk,L,FLA,39,-10,block_non_hd
8479314,Matthew Tkachuk,L,FLA,11,-40,hit_taken
8479314,Matthew Tkachuk,L,FLA,85,-36,hit_taken
8479314,Matthew Tkachuk,L,FLA,63,35,hit_taken
8479314,Matthew Tkachuk,L,FLA,41,-41,hit_taken
8479314,Matthew Tkachuk,L,FLA,44,40,hit_taken
8479314,Matthew Tkachuk,L,FLA,69,-39,hit_taken
8479314,Matthew Tkachuk,L,FLA,7,40,hit_taken
8479314,Matthew Tkachuk,L,FLA,95,22,hit_taken
8479314,Matthew Tkachuk,L,FLA,67,-41,hit_taken
8479314,Matthew Tkachuk,L,FLA,84,-33,hit_taken
8479314,Matthew Tkachuk,L,FLA,69,38,hit_taken
8479314,Matthew Tkachuk,L,FLA,52,-36,hit_taken
8479314,Matthew Tkachuk,L,FLA,72,40,hit_taken
8479314,Matthew Tkachuk,L,FLA,84,36,hit_taken
8479314,Matthew Tkachuk,L,FLA,98,8,hit_taken
8479314,Matthew Tkachuk,L,FLA,11,39,hit_taken
8479314,Matthew Tkachuk,L,FLA,50,-36,hit_taken
8479314,Matthew Tkachuk,L,FLA,16,-37,hit_taken
8479314,Matthew Tkachuk,L,FLA,55,31,hit_taken
8479314,Matthew Tkachuk,L,FLA,14,1,hit_taken
8479314,Matthew Tkachuk,L,FLA,67,40,hit_taken
8479314,Matthew Tkachuk,L,FLA,41,40,hit_taken
8479314,Matthew Tkachuk,L,FLA,62,39,hit_taken
8479314,Matthew Tkachuk,L,FLA,48,-39,hit_taken
8479314,Matthew Tkachuk,L,FLA,51,-38,hit_taken
8479314,Matthew Tkachuk,L,FLA,15,40,hit_taken
8479314,Matthew Tkachuk,L,FLA,99,-14,hit_taken
8479314,Matthew Tkachuk,L,FLA,45,-38,hit_taken
8479314,Matthew Tkachuk,L,FLA,46,41,hit_taken
8479314,Matthew Tkachuk,L,FLA,74,33,hit_taken
8479314,Matthew Tkachuk,L,FLA,77,40,hit_taken
8479314,Matthew Tkachuk,L,FLA,59,38,hit_taken
8479314,Matthew Tkachuk,L,FLA,5,30,hit_taken
8479314,Matthew Tkachuk,L,FLA,67,-40,hit_taken
8479314,Matthew Tkachuk,L,FLA,71,38,hit_taken
8479314,Matthew Tkachuk,L,FLA,96,11,hit_thrown
8479314,Matthew Tkachuk,L,FLA,96,-16,hit_thrown
8479314,Matthew Tkachuk,L,FLA,92,-24,hit_thrown
8479314,Matthew Tkachuk,L,FLA,75,38,hit_thrown
8479314,Matthew Tkachuk,L,FLA,88,9,hit_thrown
8479314,Matthew Tkachuk,L,FLA,95,-24,hit_thrown
8479314,Matthew Tkachuk,L,FLA,85,33,hit_thrown
8479314,Matthew Tkachuk,L,FLA,98,0,hit_thrown
8479314,Matthew Tkachuk,L,FLA,98,12,hit_thrown
8479314,Matthew Tkachuk,L,FLA,95,-4,hit_thrown
8479314,Matthew Tkachuk,L,FLA,87,-34,hit_thrown
8479314,Matthew Tkachuk,L,FLA,84,34,hit_thrown
8479314,Matthew Tkachuk,L,FLA,94,23,hit_thrown
8479314,Matthew Tkachuk,L,FLA,94,-32,hit_thrown
8479314,Matthew Tkachuk,L,FLA,92,27,hit_thrown
8479314,Matthew Tkachuk,L,FLA,98,1,hit_thrown
8479314,Matthew Tkachuk,L,FLA,97,3,hit_thrown
8479314,Matthew Tkachuk,L,FLA,86,-32,hit_thrown
8479314,Matthew Tkachuk,L,FLA,29,11,hit_thrown
8479314,Matthew Tkachuk,L,FLA,92,27,hit_thrown
8479314,Matthew Tkachuk,L,FLA,88,34,hit_thrown
8479314,Matthew Tkachuk,L,FLA,76,-37,hit_thrown
8479314,Matthew Tkachuk,L,FLA,3,38,hit_thrown
8479314,Matthew Tkachuk,L,FLA,51,39,hit_thrown
8479314,Matthew Tkachuk,L,FLA,11,-38,hit_thrown
8479314,Matthew Tkachuk,L,FLA,96,-28,hit_thrown
8479314,Matthew Tkachuk,L,FLA,95,15,hit_thrown
8479314,Matthew Tkachuk,L,FLA,90,-18,hit_thrown
8479314,Matthew Tkachuk,L,FLA,83,-35,hit_thrown
8479314,Matthew Tkachuk,L,FLA,62,-37,hit_thrown
8479314,Matthew Tkachuk,L,FLA,89,30,hit_thrown
8479314,Matthew Tkachuk,L,FLA,94,-28,hit_thrown
8479314,Matthew Tkachuk,L,FLA,95,18,hit_thrown
8479314,Matthew Tkachuk,L,FLA,38,9,hit_thrown
8479314,Matthew Tkachuk,L,FLA,97,4,hit_thrown
8479314,Matthew Tkachuk,L,FLA,97,5,hit_thrown
8479314,Matthew Tkachuk,L,FLA,49,15,hit_thrown
8479314,Matthew Tkachuk,L,FLA,94,-26,hit_thrown
8479314,Matthew Tkachuk,L,FLA,17,-40,hit_thrown
8479314,Matthew Tkachuk,L,FLA,96,12,hit_thrown
8479314,Matthew Tkachuk,L,FLA,40,38,hit_thrown
8479314,Matthew Tkachuk,L,FLA,73,-41,hit_thrown
8479314,Matthew Tkachuk,L,FLA,7,-40,hit_thrown
8479314,Matthew Tkachuk,L,FLA,14,-38,hit_thrown
8479314,Matthew Tkachuk,L,FLA,13,-40,hit_thrown
8479314,Matthew Tkachuk,L,FLA,34,-36,hit_thrown
8479314,Matthew Tkachuk,L,FLA,63,-41,hit_thrown
8479314,Matthew Tkachuk,L,FLA,15,-40,hit_thrown
8479314,Matthew Tkachuk,L,FLA,58,40,hit_thrown
8479314,Matthew Tkachuk,L,FLA,58,38,hit_thrown
8479314,Matthew Tkachuk,L,FLA,98,18,hit_thrown
8479314,Matthew Tkachuk,L,FLA,86,-35,hit_thrown
8479314,Matthew Tkachuk,L,FLA,98,6,hit_thrown
8479314,Matthew Tkachuk,L,FLA,81,-36,hit_thrown
8479314,Matthew Tkachuk,L,FLA,6,16,hit_thrown
8479314,Matthew Tkachuk,L,FLA,92,-21,hit_thrown
8479314,Matthew Tkachuk,L,FLA,93,-23,hit_thrown
8479314,Matthew Tkachuk,L,FLA,58,-41,hit_thrown
8479314,Matthew Tkachuk,L,FLA,65,-40,hit_thrown
8479314,Matthew Tkachuk,L,FLA,93,20,hit_thrown
8479314,Matthew Tkachuk,L,FLA,49,35,hit_thrown
8479314,Matthew Tkachuk,L,FLA,57,39,hit_thrown
8479314,Matthew Tkachuk,L,FLA,36,38,hit_thrown
8479314,Matthew Tkachuk,L,FLA,26,39,hit_thrown
8479314,Matthew Tkachuk,L,FLA,96,10,hit_thrown
8479314,Matthew Tkachuk,L,FLA,71,-40,hit_thrown
8479314,Matthew Tkachuk,L,FLA,67,-34,hit_thrown
8479314,Matthew Tkachuk,L,FLA,67,38,hit_thrown
8479314,Matthew Tkachuk,L,FLA,49,36,hit_thrown
8479314,Matthew Tkachuk,L,FLA,22,38,hit_thrown
8479314,Matthew Tkachuk,L,FLA,20,-40,hit_thrown
8479314,Matthew Tkachuk,L,FLA,95,17,hit_thrown
8479314,Matthew Tkachuk,L,FLA,98,-9,takeaway_hd
8479314,Matthew Tkachuk,L,FLA,0,2,takeaway_other
8479314,Matthew Tkachuk,L,FLA,10,8,takeaway_other
8479314,Matthew Tkachuk,L,FLA,15,27,takeaway_other
8479314,Matthew Tkachuk,L,FLA,43,35,takeaway_other
8479314,Matthew Tkachuk,L,FLA,10,-2,takeaway_other
8479314,Matthew Tkachuk,L,FLA,10,-40,takeaway_other
8479314,Matthew Tkachuk,L,FLA,31,-34,takeaway_other
8479314,Matthew Tkachuk,L,FLA,52,-34,takeaway_other
8479318,Auston Matthews,C,TOR,70,-8,block_hd
8479318,Auston Matthews,C,TOR,76,-4,block_hd
8479318,Auston Matthews,C,TOR,81,6,block_hd
8479318,Auston Matthews,C,TOR,75,-7,block_hd
8479318,Auston Matthews,C,TOR,57,14,block_non_hd
8479318,Auston Matthews,C,TOR,63,-27,block_non_hd
8479318,Auston Matthews,C,TOR,81,2,crease_goal
8479318,Auston Matthews,C,TOR,69,-22,dz_faceoff_win
8479318,Auston Matthews,C,TOR,69,22,dz_faceoff_win
8479318,Auston Matthews,C,TOR,69,22,dz_faceoff_win
8479318,Auston Matthews,C,TOR,69,22,dz_faceoff_win
8479318,Auston Matthews,C,TOR,69,-22,dz_faceoff_win
8479318,Auston Matthews,C,TOR,69,22,dz_faceoff_win
8479318,Auston Matthews,C,TOR,69,22,dz_faceoff_win
8479318,Auston Matthews,C,TOR,69,22,dz_faceoff_win
8479318,Auston Matthews,C,TOR,69,22,dz_faceoff_win
8479318,Auston Matthews,C,TOR,53,33,hit_taken
8479318,Auston Matthews,C,TOR,92,-16,hit_taken
8479318,Auston Matthews,C,TOR,25,38,hit_taken
8479318,Auston Matthews,C,TOR,22,38,hit_thrown
8479318,Auston Matthews,C,TOR,98,-14,hit_thrown
8479318,Auston Matthews,C,TOR,89,-36,hit_thrown
8479318,Auston Matthews,C,TOR,69,-41,hit_thrown
8479318,Auston Matthews,C,TOR,66,-18,hit_thrown
8479318,Auston Matthews,C,TOR,98,-17,hit_thrown
8479318,Auston Matthews,C,TOR,98,-26,hit_thrown
8479318,Auston Matthews,C,TOR,69,36,hit_thrown
8479318,Auston Matthews,C,TOR,61,37,hit_thrown
8479318,Auston Matthews,C,TOR,98,-16,hit_thrown
8479318,Auston Matthews,C,TOR,80,-38,hit_thrown
8479318,Auston Matthews,C,TOR,46,-39,hit_thrown
8479318,Auston Matthews,C,TOR,77,-40,hit_thrown
8479318,Auston Matthews,C,TOR,37,-11,hit_thrown
8479318,Auston Matthews,C,TOR,87,-34,hit_thrown
8479318,Auston Matthews,C,TOR,97,19,hit_thrown
8479318,Auston Matthews,C,TOR,49,-38,hit_thrown
8479318,Auston Matthews,C,TOR,98,-10,hit_thrown
8479318,Auston Matthews,C,TOR,83,37,hit_thrown
8479318,Auston Matthews,C,TOR,93,-14,hit_thrown
8479318,Auston Matthews,C,TOR,93,17,hit_thrown
8479318,Auston Matthews,C,TOR,49,-38,hit_thrown
8479318,Auston Matthews,C,TOR,71,39,hit_thrown
8479318,Auston Matthews,C,TOR,32,35,hit_thrown
8479318,Auston Matthews,C,TOR,76,38,hit_thrown
8479318,Auston Matthews,C,TOR,84,36,hit_thrown
8479318,Auston Matthews,C,TOR,50,-36,takeaway_other
8479318,Auston Matthews,C,TOR,35,31,takeaway_other
8479318,Auston Matthews,C,TOR,53,36,takeaway_other
8479321,Lucas Johansen,D,WSH,17,39,hit_taken
8479321,Lucas Johansen,D,WSH,96,-22,hit_thrown
8479323,Adam Fox,D,NYR,71,-5,block_hd
8479323,Adam Fox,D,NYR,75,-2,block_hd
8479323,Adam Fox,D,NYR,72,6,block_hd
8479323,Adam Fox,D,NYR,72,-1,block_hd
8479323,Adam Fox,D,NYR,73,-1,block_hd
8479323,Adam Fox,D,NYR,76,1,block_hd
8479323,Adam Fox,D,NYR,72,-9,block_hd
8479323,Adam Fox,D,NYR,75,-1,block_hd
8479323,Adam Fox,D,NYR,70,2,block_hd
8479323,Adam Fox,D,NYR,77,14,block_hd
8479323,Adam Fox,D,NYR,71,7,block_hd
8479323,Adam Fox,D,NYR,76,4,block_hd
8479323,Adam Fox,D,NYR,76,-3,block_hd
8479323,Adam Fox,D,NYR,81,12,block_hd
8479323,Adam Fox,D,NYR,80,4,block_hd
8479323,Adam Fox,D,NYR,80,-15,block_hd
8479323,Adam Fox,D,NYR,70,8,block_hd
8479323,Adam Fox,D,NYR,80,1,block_hd
8479323,Adam Fox,D,NYR,82,-5,block_hd
8479323,Adam Fox,D,NYR,60,13,block_non_hd
8479323,Adam Fox,D,NYR,74,23,block_non_hd
8479323,Adam Fox,D,NYR,52,17,block_non_hd
8479323,Adam Fox,D,NYR,51,9,block_non_hd
8479323,Adam Fox,D,NYR,67,-25,block_non_hd
8479323,Adam Fox,D,NYR,62,23,block_non_hd
8479323,Adam Fox,D,NYR,67,15,block_non_hd
8479323,Adam Fox,D,NYR,29,21,block_non_hd
8479323,Adam Fox,D,NYR,62,25,block_non_hd
8479323,Adam Fox,D,NYR,63,14,block_non_hd
8479323,Adam Fox,D,NYR,58,16,block_non_hd
8479323,Adam Fox,D,NYR,57,-10,block_non_hd
8479323,Adam Fox,D,NYR,63,-9,block_non_hd
8479323,Adam Fox,D,NYR,49,26,block_non_hd
8479323,Adam Fox,D,NYR,64,8,block_non_hd
8479323,Adam Fox,D,NYR,57,19,block_non_hd
8479323,Adam Fox,D,NYR,46,14,block_non_hd
8479323,Adam Fox,D,NYR,58,18,block_non_hd
8479323,Adam Fox,D,NYR,65,-2,block_non_hd
8479323,Adam Fox,D,NYR,60,-18,block_non_hd
8479323,Adam Fox,D,NYR,54,17,block_non_hd
8479323,Adam Fox,D,NYR,39,-10,block_non_hd
8479323,Adam Fox,D,NYR,96,17,hit_taken
8479323,Adam Fox,D,NYR,88,33,hit_taken
8479323,Adam Fox,D,NYR,87,36,hit_taken
8479323,Adam Fox,D,NYR,96,20,hit_taken
8479323,Adam Fox,D,NYR,81,-36,hit_taken
8479323,Adam Fox,D,NYR,92,-27,hit_taken
8479323,Adam Fox,D,NYR,13,39,hit_taken
8479323,Adam Fox,D,NYR,99,0,hit_taken
8479323,Adam Fox,D,NYR,95,21,hit_taken
8479323,Adam Fox,D,NYR,70,-37,hit_taken
8479323,Adam Fox,D,NYR,76,-39,hit_taken
8479323,Adam Fox,D,NYR,7,33,hit_taken
8479323,Adam Fox,D,NYR,30,39,hit_taken
8479323,Adam Fox,D,NYR,32,-41,hit_taken
8479323,Adam Fox,D,NYR,91,-34,hit_taken
8479323,Adam Fox,D,NYR,92,-33,hit_taken
8479323,Adam Fox,D,NYR,48,39,hit_taken
8479323,Adam Fox,D,NYR,82,26,hit_taken
8479323,Adam Fox,D,NYR,73,37,hit_taken
8479323,Adam Fox,D,NYR,94,28,hit_taken
8479323,Adam Fox,D,NYR,95,25,hit_taken
8479323,Adam Fox,D,NYR,83,-37,hit_taken
8479323,Adam Fox,D,NYR,97,4,hit_taken
8479323,Adam Fox,D,NYR,71,-39,hit_taken
8479323,Adam Fox,D,NYR,96,-6,hit_taken
8479323,Adam Fox,D,NYR,5,37,hit_taken
8479323,Adam Fox,D,NYR,43,-38,hit_taken
8479323,Adam Fox,D,NYR,85,34,hit_taken
8479323,Adam Fox,D,NYR,17,-42,hit_taken
8479323,Adam Fox,D,NYR,92,-31,hit_taken
8479323,Adam Fox,D,NYR,90,31,hit_taken
8479323,Adam Fox,D,NYR,60,-13,hit_taken
8479323,Adam Fox,D,NYR,22,-38,hit_taken
8479323,Adam Fox,D,NYR,79,39,hit_taken
8479323,Adam Fox,D,NYR,7,-40,hit_taken
8479323,Adam Fox,D,NYR,93,-26,hit_taken
8479323,Adam Fox,D,NYR,81,-37,hit_taken
8479323,Adam Fox,D,NYR,98,15,hit_taken
8479323,Adam Fox,D,NYR,35,2,hit_thrown
8479323,Adam Fox,D,NYR,51,38,hit_thrown
8479323,Adam Fox,D,NYR,96,-20,hit_thrown
8479323,Adam Fox,D,NYR,96,1,hit_thrown
8479323,Adam Fox,D,NYR,96,-20,hit_thrown
8479323,Adam Fox,D,NYR,77,-40,hit_thrown
8479323,Adam Fox,D,NYR,1,40,hit_thrown
8479323,Adam Fox,D,NYR,65,39,hit_thrown
8479323,Adam Fox,D,NYR,55,31,hit_thrown
8479323,Adam Fox,D,NYR,14,1,hit_thrown
8479323,Adam Fox,D,NYR,67,39,hit_thrown
8479323,Adam Fox,D,NYR,98,-17,hit_thrown
8479323,Adam Fox,D,NYR,90,32,hit_thrown
8479323,Adam Fox,D,NYR,19,39,hit_thrown
8479323,Adam Fox,D,NYR,93,-26,hit_thrown
8479323,Adam Fox,D,NYR,17,33,hit_thrown
8479323,Adam Fox,D,NYR,14,-40,hit_thrown
8479323,Adam Fox,D,NYR,60,-39,takeaway_other
8479323,Adam Fox,D,NYR,86,-33,takeaway_other
8479323,Adam Fox,D,NYR,62,35,takeaway_other
8479323,Adam Fox,D,NYR,34,-27,takeaway_other
8479323,Adam Fox,D,NYR,57,3,takeaway_other
8479324,Ryan Lindgren,D,NYR,82,-9,block_hd
8479324,Ryan Lindgren,D,NYR,80,3,block_hd
8479324,Ryan Lindgren,D,NYR,83,-9,block_hd
8479324,Ryan Lindgren,D,NYR,76,0,block_hd
8479324,Ryan Lindgren,D,NYR,76,-9,block_hd
8479324,Ryan Lindgren,D,NYR,71,-8,block_hd
8479324,Ryan Lindgren,D,NYR,73,4,block_hd
8479324,Ryan Lindgren,D,NYR,72,-8,block_hd
8479324,Ryan Lindgren,D,NYR,72,2,block_hd
8479324,Ryan Lindgren,D,NYR,60,13,block_non_hd
8479324,Ryan Lindgren,D,NYR,68,-15,block_non_hd
8479324,Ryan Lindgren,D,NYR,67,22,block_non_hd
8479324,Ryan Lindgren,D,NYR,63,25,block_non_hd
8479324,Ryan Lindgren,D,NYR,56,12,block_non_hd
8479324,Ryan Lindgren,D,NYR,58,3,block_non_hd
8479324,Ryan Lindgren,D,NYR,68,2,block_non_hd
8479324,Ryan Lindgren,D,NYR,54,-26,block_non_hd
8479324,Ryan Lindgren,D,NYR,77,19,block_non_hd
8479324,Ryan Lindgren,D,NYR,57,-5,block_non_hd
8479324,Ryan Lindgren,D,NYR,69,16,block_non_hd
8479324,Ryan Lindgren,D,NYR,74,19,block_non_hd
8479324,Ryan Lindgren,D,NYR,95,-23,hit_taken
8479324,Ryan Lindgren,D,NYR,67,38,hit_taken
8479324,Ryan Lindgren,D,NYR,34,-35,hit_taken
8479324,Ryan Lindgren,D,NYR,68,-42,hit_taken
8479324,Ryan Lindgren,D,NYR,41,-42,hit_taken
8479324,Ryan Lindgren,D,NYR,97,9,hit_taken
8479324,Ryan Lindgren,D,NYR,56,38,hit_taken
8479324,Ryan Lindgren,D,NYR,81,-35,hit_taken
8479324,Ryan Lindgren,D,NYR,98,5,hit_taken
8479324,Ryan Lindgren,D,NYR,95,-24,hit_taken
8479324,Ryan Lindgren,D,NYR,96,-24,hit_taken
8479324,Ryan Lindgren,D,NYR,54,39,hit_taken
8479324,Ryan Lindgren,D,NYR,92,-30,hit_taken
8479324,Ryan Lindgren,D,NYR,86,-33,hit_taken
8479324,Ryan Lindgren,D,NYR,82,-36,hit_taken
8479324,Ryan Lindgren,D,NYR,95,-6,hit_taken
8479324,Ryan Lindgren,D,NYR,28,-40,hit_taken
8479324,Ryan Lindgren,D,NYR,96,21,hit_taken
8479324,Ryan Lindgren,D,NYR,96,8,hit_taken
8479324,Ryan Lindgren,D,NYR,53,-16,hit_taken
8479324,Ryan Lindgren,D,NYR,68,-41,hit_taken
8479324,Ryan Lindgren,D,NYR,49,41,hit_taken
8479324,Ryan Lindgren,D,NYR,96,14,hit_taken
8479324,Ryan Lindgren,D,NYR,97,7,hit_taken
8479324,Ryan Lindgren,D,NYR,93,29,hit_taken
8479324,Ryan Lindgren,D,NYR,95,-19,hit_taken
8479324,Ryan Lindgren,D,NYR,88,35,hit_taken
8479324,Ryan Lindgren,D,NYR,52,39,hit_taken
8479324,Ryan Lindgren,D,NYR,95,-4,hit_taken
8479324,Ryan Lindgren,D,NYR,57,38,hit_taken
8479324,Ryan Lindgren,D,NYR,71,-38,hit_taken
8479324,Ryan Lindgren,D,NYR,54,37,hit_taken
8479324,Ryan Lindgren,D,NYR,91,26,hit_taken
8479324,Ryan Lindgren,D,NYR,97,-18,hit_taken
8479324,Ryan Lindgren,D,NYR,33,40,hit_taken
8479324,Ryan Lindgren,D,NYR,96,-15,hit_taken
8479324,Ryan Lindgren,D,NYR,97,-4,hit_taken
8479324,Ryan Lindgren,D,NYR,97,-20,hit_taken
8479324,Ryan Lindgren,D,NYR,83,36,hit_taken
8479324,Ryan Lindgren,D,NYR,5,40,hit_taken
8479324,Ryan Lindgren,D,NYR,94,-30,hit_taken
8479324,Ryan Lindgren,D,NYR,95,6,hit_taken
8479324,Ryan Lindgren,D,NYR,94,-25,hit_taken
8479324,Ryan Lindgren,D,NYR,86,-36,hit_taken
8479324,Ryan Lindgren,D,NYR,96,13,hit_taken
8479324,Ryan Lindgren,D,NYR,36,-40,hit_taken
8479324,Ryan Lindgren,D,NYR,91,-30,hit_taken
8479324,Ryan Lindgren,D,NYR,86,-34,hit_thrown
8479324,Ryan Lindgren,D,NYR,47,37,hit_thrown
8479324,Ryan Lindgren,D,NYR,55,-36,hit_thrown
8479324,Ryan Lindgren,D,NYR,93,-26,hit_thrown
8479324,Ryan Lindgren,D,NYR,3,38,hit_thrown
8479324,Ryan Lindgren,D,NYR,84,35,hit_thrown
8479324,Ryan Lindgren,D,NYR,90,-30,hit_thrown
8479324,Ryan Lindgren,D,NYR,93,-27,hit_thrown
8479324,Ryan Lindgren,D,NYR,92,-26,hit_thrown
8479324,Ryan Lindgren,D,NYR,69,39,hit_thrown
8479324,Ryan Lindgren,D,NYR,12,-40,hit_thrown
8479324,Ryan Lindgren,D,NYR,90,-32,hit_thrown
8479324,Ryan Lindgren,D,NYR,86,-36,hit_thrown
8479324,Ryan Lindgren,D,NYR,49,-36,hit_thrown
8479324,Ryan Lindgren,D,NYR,16,-37,hit_thrown
8479324,Ryan Lindgren,D,NYR,91,-30,hit_thrown
8479324,Ryan Lindgren,D,NYR,41,40,hit_thrown
8479324,Ryan Lindgren,D,NYR,13,-35,hit_thrown
8479324,Ryan Lindgren,D,NYR,97,-7,hit_thrown
8479324,Ryan Lindgren,D,NYR,48,-39,hit_thrown
8479324,Ryan Lindgren,D,NYR,87,-11,hit_thrown
8479324,Ryan Lindgren,D,NYR,1,-39,hit_thrown
8479324,Ryan Lindgren,D,NYR,96,17,takeaway_hd
8479324,Ryan Lindgren,D,NYR,76,-12,takeaway_hd
8479324,Ryan Lindgren,D,NYR,36,-32,takeaway_other
8479324,Ryan Lindgren,D,NYR,29,41,takeaway_other
8479324,Ryan Lindgren,D,NYR,66,-32,takeaway_other
8479324,Ryan Lindgren,D,NYR,33,17,takeaway_other
8479324,Ryan Lindgren,D,NYR,82,-32,takeaway_other
8479325,Charlie McAvoy,D,BOS,81,2,block_hd
8479325,Charlie McAvoy,D,BOS,80,-1,block_hd
8479325,Charlie McAvoy,D,BOS,85,-8,block_hd
8479325,Charlie McAvoy,D,BOS,79,-7,block_hd
8479325,Charlie McAvoy,D,BOS,81,0,block_hd
8479325,Charlie McAvoy,D,BOS,78,8,block_hd
8479325,Charlie McAvoy,D,BOS,79,-4,block_hd
8479325,Charlie McAvoy,D,BOS,78,-2,block_hd
8479325,Charlie McAvoy,D,BOS,83,6,block_hd
8479325,Charlie McAvoy,D,BOS,80,-2,block_hd
8479325,Charlie McAvoy,D,BOS,72,12,block_hd
8479325,Charlie McAvoy,D,BOS,72,16,block_hd
8479325,Charlie McAvoy,D,BOS,77,3,block_hd
8479325,Charlie McAvoy,D,BOS,77,10,block_hd
8479325,Charlie McAvoy,D,BOS,72,8,block_hd
8479325,Charlie McAvoy,D,BOS,81,5,block_hd
8479325,Charlie McAvoy,D,BOS,76,4,block_hd
8479325,Charlie McAvoy,D,BOS,72,-17,block_hd
8479325,Charlie McAvoy,D,BOS,84,-4,block_hd
8479325,Charlie McAvoy,D,BOS,80,-2,block_hd
8479325,Charlie McAvoy,D,BOS,85,9,block_hd
8479325,Charlie McAvoy,D,BOS,72,8,block_hd
8479325,Charlie McAvoy,D,BOS,83,11,block_hd
8479325,Charlie McAvoy,D,BOS,71,3,block_hd
8479325,Charlie McAvoy,D,BOS,74,-9,block_hd
8479325,Charlie McAvoy,D,BOS,76,12,block_hd
8479325,Charlie McAvoy,D,BOS,47,-1,block_non_hd
8479325,Charlie McAvoy,D,BOS,72,20,block_non_hd
8479325,Charlie McAvoy,D,BOS,68,32,block_non_hd
8479325,Charlie McAvoy,D,BOS,68,9,block_non_hd
8479325,Charlie McAvoy,D,BOS,69,-11,block_non_hd
8479325,Charlie McAvoy,D,BOS,67,-23,block_non_hd
8479325,Charlie McAvoy,D,BOS,69,-26,block_non_hd
8479325,Charlie McAvoy,D,BOS,62,17,block_non_hd
8479325,Charlie McAvoy,D,BOS,64,-37,hit_taken
8479325,Charlie McAvoy,D,BOS,61,41,hit_taken
8479325,Charlie McAvoy,D,BOS,96,8,hit_taken
8479325,Charlie McAvoy,D,BOS,62,36,hit_taken
8479325,Charlie McAvoy,D,BOS,69,-41,hit_taken
8479325,Charlie McAvoy,D,BOS,92,-26,hit_taken
8479325,Charlie McAvoy,D,BOS,45,-37,hit_taken
8479325,Charlie McAvoy,D,BOS,10,-41,hit_taken
8479325,Charlie McAvoy,D,BOS,87,32,hit_taken
8479325,Charlie McAvoy,D,BOS,96,-24,hit_taken
8479325,Charlie McAvoy,D,BOS,32,-35,hit_taken
8479325,Charlie McAvoy,D,BOS,48,-38,hit_taken
8479325,Charlie McAvoy,D,BOS,14,-37,hit_taken
8479325,Charlie McAvoy,D,BOS,90,28,hit_taken
8479325,Charlie McAvoy,D,BOS,96,-6,hit_taken
8479325,Charlie McAvoy,D,BOS,97,4,hit_taken
8479325,Charlie McAvoy,D,BOS,77,38,hit_taken
8479325,Charlie McAvoy,D,BOS,98,10,hit_taken
8479325,Charlie McAvoy,D,BOS,95,27,hit_taken
8479325,Charlie McAvoy,D,BOS,46,-37,hit_taken
8479325,Charlie McAvoy,D,BOS,81,-38,hit_taken
8479325,Charlie McAvoy,D,BOS,66,-35,hit_taken
8479325,Charlie McAvoy,D,BOS,49,-40,hit_taken
8479325,Charlie McAvoy,D,BOS,4,-39,hit_taken
8479325,Charlie McAvoy,D,BOS,44,40,hit_taken
8479325,Charlie McAvoy,D,BOS,96,-9,hit_taken
8479325,Charlie McAvoy,D,BOS,94,28,hit_taken
8479325,Charlie McAvoy,D,BOS,81,36,hit_taken
8479325,Charlie McAvoy,D,BOS,96,8,hit_taken
8479325,Charlie McAvoy,D,BOS,27,-25,hit_taken
8479325,Charlie McAvoy,D,BOS,61,-37,hit_taken
8479325,Charlie McAvoy,D,BOS,58,-36,hit_taken
8479325,Charlie McAvoy,D,BOS,71,39,hit_taken
8479325,Charlie McAvoy,D,BOS,54,34,hit_taken
8479325,Charlie McAvoy,D,BOS,84,29,hit_taken
8479325,Charlie McAvoy,D,BOS,96,-22,hit_taken
8479325,Charlie McAvoy,D,BOS,94,23,hit_taken
8479325,Charlie McAvoy,D,BOS,94,-32,hit_taken
8479325,Charlie McAvoy,D,BOS,92,27,hit_taken
8479325,Charlie McAvoy,D,BOS,98,1,hit_taken
8479325,Charlie McAvoy,D,BOS,9,-16,hit_taken
8479325,Charlie McAvoy,D,BOS,90,-28,hit_taken
8479325,Charlie McAvoy,D,BOS,70,39,hit_taken
8479325,Charlie McAvoy,D,BOS,95,5,hit_taken
8479325,Charlie McAvoy,D,BOS,96,-16,hit_taken
8479325,Charlie McAvoy,D,BOS,86,-32,hit_taken
8479325,Charlie McAvoy,D,BOS,92,13,hit_taken
8479325,Charlie McAvoy,D,BOS,60,38,hit_taken
8479325,Charlie McAvoy,D,BOS,88,34,hit_taken
8479325,Charlie McAvoy,D,BOS,94,22,hit_taken
8479325,Charlie McAvoy,D,BOS,83,36,hit_taken
8479325,Charlie McAvoy,D,BOS,66,38,hit_taken
8479325,Charlie McAvoy,D,BOS,22,39,hit_taken
8479325,Charlie McAvoy,D,BOS,96,15,hit_taken
8479325,Charlie McAvoy,D,BOS,59,38,hit_taken
8479325,Charlie McAvoy,D,BOS,8,-39,hit_taken
8479325,Charlie McAvoy,D,BOS,3,38,hit_taken
8479325,Charlie McAvoy,D,BOS,97,25,hit_taken
8479325,Charlie McAvoy,D,BOS,91,28,hit_taken
8479325,Charlie McAvoy,D,BOS,71,9,hit_taken
8479325,Charlie McAvoy,D,BOS,4,-40,hit_taken
8479325,Charlie McAvoy,D,BOS,8,-40,hit_taken
8479325,Charlie McAvoy,D,BOS,71,-38,hit_taken
8479325,Charlie McAvoy,D,BOS,97,-9,hit_taken
8479325,Charlie McAvoy,D,BOS,66,38,hit_taken
8479325,Charlie McAvoy,D,BOS,98,15,hit_taken
8479325,Charlie McAvoy,D,BOS,13,37,hit_taken
8479325,Charlie McAvoy,D,BOS,86,-35,hit_taken
8479325,Charlie McAvoy,D,BOS,72,41,hit_taken
8479325,Charlie McAvoy,D,BOS,96,-19,hit_taken
8479325,Charlie McAvoy,D,BOS,96,1,hit_taken
8479325,Charlie McAvoy,D,BOS,96,3,hit_taken
8479325,Charlie McAvoy,D,BOS,81,41,hit_taken
8479325,Charlie McAvoy,D,BOS,97,-4,hit_taken
8479325,Charlie McAvoy,D,BOS,45,-26,hit_thrown
8479325,Charlie McAvoy,D,BOS,93,-26,hit_thrown
8479325,Charlie McAvoy,D,BOS,80,-39,hit_thrown
8479325,Charlie McAvoy,D,BOS,88,26,hit_thrown
8479325,Charlie McAvoy,D,BOS,33,-40,hit_thrown
8479325,Charlie McAvoy,D,BOS,15,39,hit_thrown
8479325,Charlie McAvoy,D,BOS,90,32,hit_thrown
8479325,Charlie McAvoy,D,BOS,75,37,hit_thrown
8479325,Charlie McAvoy,D,BOS,97,4,hit_thrown
8479325,Charlie McAvoy,D,BOS,24,40,hit_thrown
8479325,Charlie McAvoy,D,BOS,90,31,hit_thrown
8479325,Charlie McAvoy,D,BOS,94,-23,hit_thrown
8479325,Charlie McAvoy,D,BOS,98,10,hit_thrown
8479325,Charlie McAvoy,D,BOS,48,37,hit_thrown
8479325,Charlie McAvoy,D,BOS,93,22,hit_thrown
8479325,Charlie McAvoy,D,BOS,96,-19,hit_thrown
8479325,Charlie McAvoy,D,BOS,31,36,hit_thrown
8479325,Charlie McAvoy,D,BOS,26,-37,hit_thrown
8479325,Charlie McAvoy,D,BOS,2,-40,hit_thrown
8479325,Charlie McAvoy,D,BOS,92,-18,hit_thrown
8479325,Charlie McAvoy,D,BOS,61,-38,hit_thrown
8479325,Charlie McAvoy,D,BOS,98,1,hit_thrown
8479325,Charlie McAvoy,D,BOS,96,-19,hit_thrown
8479325,Charlie McAvoy,D,BOS,44,-38,hit_thrown
8479325,Charlie McAvoy,D,BOS,38,-39,hit_thrown
8479325,Charlie McAvoy,D,BOS,53,-34,hit_thrown
8479325,Charlie McAvoy,D,BOS,15,-40,hit_thrown
8479325,Charlie McAvoy,D,BOS,54,38,hit_thrown
8479325,Charlie McAvoy,D,BOS,93,17,hit_thrown
8479325,Charlie McAvoy,D,BOS,92,-16,hit_thrown
8479325,Charlie McAvoy,D,BOS,73,28,hit_thrown
8479325,Charlie McAvoy,D,BOS,90,-5,hit_thrown
8479325,Charlie McAvoy,D,BOS,77,-11,hit_thrown
8479325,Charlie McAvoy,D,BOS,68,14,hit_thrown
8479325,Charlie McAvoy,D,BOS,93,29,hit_thrown
8479325,Charlie McAvoy,D,BOS,69,38,hit_thrown
8479325,Charlie McAvoy,D,BOS,93,12,hit_thrown
8479325,Charlie McAvoy,D,BOS,20,37,hit_thrown
8479325,Charlie McAvoy,D,BOS,69,38,hit_thrown
8479325,Charlie McAvoy,D,BOS,69,-35,hit_thrown
8479325,Charlie McAvoy,D,BOS,13,-40,hit_thrown
8479325,Charlie McAvoy,D,BOS,89,-27,hit_thrown
8479325,Charlie McAvoy,D,BOS,29,5,hit_thrown
8479325,Charlie McAvoy,D,BOS,95,-11,hit_thrown
8479325,Charlie McAvoy,D,BOS,79,37,hit_thrown
8479325,Charlie McAvoy,D,BOS,88,-33,hit_thrown
8479325,Charlie McAvoy,D,BOS,30,39,hit_thrown
8479325,Charlie McAvoy,D,BOS,41,-26,hit_thrown
8479325,Charlie McAvoy,D,BOS,91,-32,hit_thrown
8479325,Charlie McAvoy,D,BOS,68,-38,hit_thrown
8479325,Charlie McAvoy,D,BOS,74,-39,hit_thrown
8479325,Charlie McAvoy,D,BOS,32,-34,hit_thrown
8479325,Charlie McAvoy,D,BOS,38,34,hit_thrown
8479325,Charlie McAvoy,D,BOS,67,19,takeaway_other
8479325,Charlie McAvoy,D,BOS,75,-27,takeaway_other
8479325,Charlie McAvoy,D,BOS,61,-36,takeaway_other
8479325,Charlie McAvoy,D,BOS,30,-20,takeaway_other
8479336,Carl Grundstrom,R,LAK,56,-27,block_non_hd
8479336,Carl Grundstrom,R,LAK,96,-21,hit_taken
8479336,Carl Grundstrom,R,LAK,57,40,hit_taken
8479336,Carl Grundstrom,R,LAK,99,-19,hit_taken
8479336,Carl Grundstrom,R,LAK,41,15,hit_taken
8479336,Carl Grundstrom,R,LAK,99,0,hit_thrown
8479336,Carl Grundstrom,R,LAK,97,-23,hit_thrown
8479336,Carl Grundstrom,R,LAK,96,-20,hit_thrown
8479336,Carl Grundstrom,R,LAK,95,-26,hit_thrown
8479336,Carl Grundstrom,R,LAK,99,-12,hit_thrown
8479336,Carl Grundstrom,R,LAK,91,26,hit_thrown
8479336,Carl Grundstrom,R,LAK,77,40,hit_thrown
8479336,Carl Grundstrom,R,LAK,78,-40,hit_thrown
8479336,Carl Grundstrom,R,LAK,94,-19,hit_thrown
8479351,Sam Steel,C,DAL,86,-4,block_hd
8479351,Sam Steel,C,DAL,82,3,block_hd
8479351,Sam Steel,C,DAL,82,-8,block_hd
8479351,Sam Steel,C,DAL,72,17,block_hd
8479351,Sam Steel,C,DAL,80,-3,block_hd
8479351,Sam Steel,C,DAL,84,4,block_hd
8479351,Sam Steel,C,DAL,83,-5,block_hd
8479351,Sam Steel,C,DAL,39,-14,block_non_hd
8479351,Sam Steel,C,DAL,43,27,block_non_hd
8479351,Sam Steel,C,DAL,44,-12,block_non_hd
8479351,Sam Steel,C,DAL,59,0,block_non_hd
8479351,Sam Steel,C,DAL,62,-12,block_non_hd
8479351,Sam Steel,C,DAL,53,2,block_non_hd
8479351,Sam Steel,C,DAL,69,-22,dz_faceoff_win
8479351,Sam Steel,C,DAL,69,-22,dz_faceoff_win
8479351,Sam Steel,C,DAL,69,-22,dz_faceoff_win
8479351,Sam Steel,C,DAL,69,-22,dz_faceoff_win
8479351,Sam Steel,C,DAL,69,-22,dz_faceoff_win
8479351,Sam Steel,C,DAL,69,-22,dz_faceoff_win
8479351,Sam Steel,C,DAL,69,-22,dz_faceoff_win
8479351,Sam Steel,C,DAL,69,-22,dz_faceoff_win
8479351,Sam Steel,C,DAL,69,-22,dz_faceoff_win
8479351,Sam Steel,C,DAL,69,22,dz_faceoff_win
8479351,Sam Steel,C,DAL,69,-22,dz_faceoff_win
8479351,Sam Steel,C,DAL,69,-22,dz_faceoff_win
8479351,Sam Steel,C,DAL,69,-22,dz_faceoff_win
8479351,Sam Steel,C,DAL,69,-22,dz_faceoff_win
8479351,Sam Steel,C,DAL,69,-22,dz_faceoff_win
8479351,Sam Steel,C,DAL,69,-22,dz_faceoff_win
8479351,Sam Steel,C,DAL,69,-22,dz_faceoff_win
8479351,Sam Steel,C,DAL,69,22,dz_faceoff_win
8479351,Sam Steel,C,DAL,69,-22,dz_faceoff_win
8479351,Sam Steel,C,DAL,69,-22,dz_faceoff_win
8479351,Sam Steel,C,DAL,69,-22,dz_faceoff_win
8479351,Sam Steel,C,DAL,69,-22,dz_faceoff_win
8479351,Sam Steel,C,DAL,96,-22,hit_taken
8479351,Sam Steel,C,DAL,44,38,hit_taken
8479351,Sam Steel,C,DAL,51,41,hit_taken
8479351,Sam Steel,C,DAL,62,39,hit_taken
8479351,Sam Steel,C,DAL,82,36,hit_taken
8479351,Sam Steel,C,DAL,76,40,hit_taken
8479351,Sam Steel,C,DAL,93,29,hit_taken
8479351,Sam Steel,C,DAL,96,4,hit_taken
8479351,Sam Steel,C,DAL,87,-36,hit_taken
8479351,Sam Steel,C,DAL,88,-36,hit_taken
8479351,Sam Steel,C,DAL,61,40,hit_taken
8479351,Sam Steel,C,DAL,76,-17,hit_taken
8479351,Sam Steel,C,DAL,77,-40,hit_taken
8479351,Sam Steel,C,DAL,46,40,hit_taken
8479351,Sam Steel,C,DAL,37,23,hit_taken
8479351,Sam Steel,C,DAL,90,33,hit_taken
8479351,Sam Steel,C,DAL,57,-40,hit_taken
8479351,Sam Steel,C,DAL,97,-17,hit_taken
8479351,Sam Steel,C,DAL,96,2,hit_taken
8479351,Sam Steel,C,DAL,73,39,hit_taken
8479351,Sam Steel,C,DAL,12,-25,hit_taken
8479351,Sam Steel,C,DAL,83,-34,hit_taken
8479351,Sam Steel,C,DAL,69,38,hit_taken
8479351,Sam Steel,C,DAL,98,20,hit_thrown
8479351,Sam Steel,C,DAL,6,-40,hit_thrown
8479351,Sam Steel,C,DAL,94,28,hit_thrown
8479351,Sam Steel,C,DAL,96,13,hit_thrown
8479351,Sam Steel,C,DAL,82,-37,hit_thrown
8479351,Sam Steel,C,DAL,5,-20,hit_thrown
8479351,Sam Steel,C,DAL,3,41,hit_thrown
8479351,Sam Steel,C,DAL,13,41,hit_thrown
8479351,Sam Steel,C,DAL,97,20,hit_thrown
8479351,Sam Steel,C,DAL,96,25,hit_thrown
8479351,Sam Steel,C,DAL,47,41,hit_thrown
8479351,Sam Steel,C,DAL,97,21,hit_thrown
8479351,Sam Steel,C,DAL,98,-1,hit_thrown
8479351,Sam Steel,C,DAL,62,41,hit_thrown
8479351,Sam Steel,C,DAL,23,40,hit_thrown
8479351,Sam Steel,C,DAL,84,-37,hit_thrown
8479351,Sam Steel,C,DAL,63,-4,hit_thrown
8479351,Sam Steel,C,DAL,90,-33,hit_thrown
8479351,Sam Steel,C,DAL,97,-23,hit_thrown
8479351,Sam Steel,C,DAL,67,39,hit_thrown
8479351,Sam Steel,C,DAL,1,-40,hit_thrown
8479351,Sam Steel,C,DAL,76,-36,hit_thrown
8479351,Sam Steel,C,DAL,65,-38,hit_thrown
8479351,Sam Steel,C,DAL,49,37,hit_thrown
8479351,Sam Steel,C,DAL,96,-6,takeaway_hd
8479351,Sam Steel,C,DAL,49,19,takeaway_other
8479351,Sam Steel,C,DAL,40,40,takeaway_other
8479351,Sam Steel,C,DAL,32,10,takeaway_other
8479351,Sam Steel,C,DAL,16,-14,takeaway_other
8479351,Sam Steel,C,DAL,16,-36,takeaway_other
8479351,Sam Steel,C,DAL,41,20,takeaway_other
8479353,Brett Howden,C,VGK,77,1,block_hd
8479353,Brett Howden,C,VGK,82,7,block_hd
8479353,Brett Howden,C,VGK,59,2,block_non_hd
8479353,Brett Howden,C,VGK,65,14,block_non_hd
8479353,Brett Howden,C,VGK,42,-13,block_non_hd
8479353,Brett Howden,C,VGK,68,-1,block_non_hd
8479353,Brett Howden,C,VGK,46,-12,block_non_hd
8479353,Brett Howden,C,VGK,38,0,block_non_hd
8479353,Brett Howden,C,VGK,82,2,crease_goal
8479353,Brett Howden,C,VGK,66,39,hit_taken
8479353,Brett Howden,C,VGK,90,-33,hit_taken
8479353,Brett Howden,C,VGK,97,9,hit_taken
8479353,Brett Howden,C,VGK,90,29,hit_taken
8479353,Brett Howden,C,VGK,24,-38,hit_taken
8479353,Brett Howden,C,VGK,53,-40,hit_taken
8479353,Brett Howden,C,VGK,97,-19,hit_taken
8479353,Brett Howden,C,VGK,82,33,hit_taken
8479353,Brett Howden,C,VGK,2,-23,hit_taken
8479353,Brett Howden,C,VGK,39,-31,hit_thrown
8479353,Brett Howden,C,VGK,85,-37,hit_thrown
8479353,Brett Howden,C,VGK,27,34,hit_thrown
8479353,Brett Howden,C,VGK,76,38,hit_thrown
8479353,Brett Howden,C,VGK,47,-38,hit_thrown
8479353,Brett Howden,C,VGK,96,-23,hit_thrown
8479353,Brett Howden,C,VGK,82,36,hit_thrown
8479353,Brett Howden,C,VGK,86,-36,hit_thrown
8479353,Brett Howden,C,VGK,93,-31,hit_thrown
8479353,Brett Howden,C,VGK,98,1,hit_thrown
8479353,Brett Howden,C,VGK,94,-28,hit_thrown
8479353,Brett Howden,C,VGK,42,-39,hit_thrown
8479353,Brett Howden,C,VGK,96,17,hit_thrown
8479353,Brett Howden,C,VGK,12,-38,hit_thrown
8479353,Brett Howden,C,VGK,10,-40,hit_thrown
8479353,Brett Howden,C,VGK,97,-9,hit_thrown
8479353,Brett Howden,C,VGK,99,9,hit_thrown
8479353,Brett Howden,C,VGK,15,40,hit_thrown
8479353,Brett Howden,C,VGK,28,-41,hit_thrown
8479353,Brett Howden,C,VGK,95,26,hit_thrown
8479353,Brett Howden,C,VGK,90,28,hit_thrown
8479353,Brett Howden,C,VGK,96,-17,hit_thrown
8479353,Brett Howden,C,VGK,61,-39,hit_thrown
8479353,Brett Howden,C,VGK,65,12,takeaway_other
8479359,Beck Malenstyn,L,WSH,80,-6,block_hd
8479359,Beck Malenstyn,L,WSH,53,-3,block_non_hd
8479359,Beck Malenstyn,L,WSH,57,-23,block_non_hd
8479359,Beck Malenstyn,L,WSH,42,-6,block_non_hd
8479359,Beck Malenstyn,L,WSH,51,-20,block_non_hd
8479359,Beck Malenstyn,L,WSH,39,-30,block_non_hd
8479359,Beck Malenstyn,L,WSH,57,-16,block_non_hd
8479359,Beck Malenstyn,L,WSH,49,23,block_non_hd
8479359,Beck Malenstyn,L,WSH,52,0,block_non_hd
8479359,Beck Malenstyn,L,WSH,66,36,block_non_hd
8479359,Beck Malenstyn,L,WSH,67,38,hit_taken
8479359,Beck Malenstyn,L,WSH,88,-33,hit_taken
8479359,Beck Malenstyn,L,WSH,65,39,hit_taken
8479359,Beck Malenstyn,L,WSH,38,38,hit_taken
8479359,Beck Malenstyn,L,WSH,56,-37,hit_taken
8479359,Beck Malenstyn,L,WSH,40,40,hit_taken
8479359,Beck Malenstyn,L,WSH,95,13,hit_taken
8479359,Beck Malenstyn,L,WSH,84,35,hit_taken
8479359,Beck Malenstyn,L,WSH,51,40,hit_thrown
8479359,Beck Malenstyn,L,WSH,95,30,hit_thrown
8479359,Beck Malenstyn,L,WSH,97,4,hit_thrown
8479359,Beck Malenstyn,L,WSH,97,9,hit_thrown
8479359,Beck Malenstyn,L,WSH,81,-36,hit_thrown
8479359,Beck Malenstyn,L,WSH,56,37,hit_thrown
8479359,Beck Malenstyn,L,WSH,94,21,hit_thrown
8479359,Beck Malenstyn,L,WSH,90,24,hit_thrown
8479359,Beck Malenstyn,L,WSH,92,-23,hit_thrown
8479359,Beck Malenstyn,L,WSH,29,-39,hit_thrown
8479359,Beck Malenstyn,L,WSH,91,-30,hit_thrown
8479359,Beck Malenstyn,L,WSH,92,23,hit_thrown
8479359,Beck Malenstyn,L,WSH,78,-38,hit_thrown
8479365,Trent Frederic,C,BOS,81,-6,block_hd
8479365,Trent Frederic,C,BOS,83,7,block_hd
8479365,Trent Frederic,C,BOS,56,22,block_non_hd
8479365,Trent Frederic,C,BOS,62,-30,block_non_hd
8479365,Trent Frederic,C,BOS,54,-24,block_non_hd
8479365,Trent Frederic,C,BOS,53,-25,block_non_hd
8479365,Trent Frederic,C,BOS,78,-22,block_non_hd
8479365,Trent Frederic,C,BOS,69,-6,block_non_hd
8479365,Trent Frederic,C,BOS,45,-19,block_non_hd
8479365,Trent Frederic,C,BOS,67,25,block_non_hd
8479365,Trent Frederic,C,BOS,53,-16,block_non_hd
8479365,Trent Frederic,C,BOS,69,22,dz_faceoff_win
8479365,Trent Frederic,C,BOS,69,-22,dz_faceoff_win
8479365,Trent Frederic,C,BOS,69,-22,dz_faceoff_win
8479365,Trent Frederic,C,BOS,25,-37,hit_taken
8479365,Trent Frederic,C,BOS,93,8,hit_taken
8479365,Trent Frederic,C,BOS,96,27,hit_taken
8479365,Trent Frederic,C,BOS,16,39,hit_taken
8479365,Trent Frederic,C,BOS,46,-39,hit_taken
8479365,Trent Frederic,C,BOS,16,-39,hit_taken
8479365,Trent Frederic,C,BOS,96,-25,hit_taken
8479365,Trent Frederic,C,BOS,57,9,hit_taken
8479365,Trent Frederic,C,BOS,46,-36,hit_taken
8479365,Trent Frederic,C,BOS,99,18,hit_taken
8479365,Trent Frederic,C,BOS,95,-21,hit_taken
8479365,Trent Frederic,C,BOS,69,-38,hit_taken
8479365,Trent Frederic,C,BOS,4,37,hit_taken
8479365,Trent Frederic,C,BOS,77,37,hit_taken
8479365,Trent Frederic,C,BOS,81,36,hit_taken
8479365,Trent Frederic,C,BOS,17,39,hit_taken
8479365,Trent Frederic,C,BOS,18,-38,hit_taken
8479365,Trent Frederic,C,BOS,53,41,hit_taken
8479365,Trent Frederic,C,BOS,63,41,hit_taken
8479365,Trent Frederic,C,BOS,85,-27,hit_taken
8479365,Trent Frederic,C,BOS,84,-36,hit_taken
8479365,Trent Frederic,C,BOS,52,-35,hit_taken
8479365,Trent Frederic,C,BOS,35,-35,hit_taken
8479365,Trent Frederic,C,BOS,84,36,hit_taken
8479365,Trent Frederic,C,BOS,90,33,hit_taken
8479365,Trent Frederic,C,BOS,80,37,hit_taken
8479365,Trent Frederic,C,BOS,85,37,hit_taken
8479365,Trent Frederic,C,BOS,93,-24,hit_taken
8479365,Trent Frederic,C,BOS,3,36,hit_taken
8479365,Trent Frederic,C,BOS,98,-8,hit_taken
8479365,Trent Frederic,C,BOS,21,-33,hit_taken
8479365,Trent Frederic,C,BOS,94,19,hit_taken
8479365,Trent Frederic,C,BOS,28,-35,hit_taken
8479365,Trent Frederic,C,BOS,62,-37,hit_taken
8479365,Trent Frederic,C,BOS,13,-38,hit_taken
8479365,Trent Frederic,C,BOS,97,8,hit_taken
8479365,Trent Frederic,C,BOS,96,-11,hit_taken
8479365,Trent Frederic,C,BOS,60,15,hit_taken
8479365,Trent Frederic,C,BOS,92,26,hit_taken
8479365,Trent Frederic,C,BOS,94,13,hit_thrown
8479365,Trent Frederic,C,BOS,19,10,hit_thrown
8479365,Trent Frederic,C,BOS,63,36,hit_thrown
8479365,Trent Frederic,C,BOS,89,-32,hit_thrown
8479365,Trent Frederic,C,BOS,38,19,hit_thrown
8479365,Trent Frederic,C,BOS,28,-37,hit_thrown
8479365,Trent Frederic,C,BOS,68,-41,hit_thrown
8479365,Trent Frederic,C,BOS,95,-8,hit_thrown
8479365,Trent Frederic,C,BOS,54,-32,hit_thrown
8479365,Trent Frederic,C,BOS,95,-1,hit_thrown
8479365,Trent Frederic,C,BOS,92,-19,hit_thrown
8479365,Trent Frederic,C,BOS,55,39,hit_thrown
8479365,Trent Frederic,C,BOS,84,-37,hit_thrown
8479365,Trent Frederic,C,BOS,99,-12,hit_thrown
8479365,Trent Frederic,C,BOS,95,-27,hit_thrown
8479365,Trent Frederic,C,BOS,97,14,hit_thrown
8479365,Trent Frederic,C,BOS,11,39,hit_thrown
8479365,Trent Frederic,C,BOS,71,-34,hit_thrown
8479365,Trent Frederic,C,BOS,86,34,hit_thrown
8479365,Trent Frederic,C,BOS,62,-38,hit_thrown
8479365,Trent Frederic,C,BOS,47,-22,hit_thrown
8479365,Trent Frederic,C,BOS,98,7,hit_thrown
8479365,Trent Frederic,C,BOS,92,-16,hit_thrown
8479365,Trent Frederic,C,BOS,98,16,hit_thrown
8479365,Trent Frederic,C,BOS,84,-35,hit_thrown
8479365,Trent Frederic,C,BOS,93,-16,hit_thrown
8479365,Trent Frederic,C,BOS,53,33,hit_thrown
8479365,Trent Frederic,C,BOS,25,38,hit_thrown
8479365,Trent Frederic,C,BOS,97,-10,hit_thrown
8479365,Trent Frederic,C,BOS,63,-39,hit_thrown
8479365,Trent Frederic,C,BOS,94,-26,hit_thrown
8479365,Trent Frederic,C,BOS,24,38,hit_thrown
8479365,Trent Frederic,C,BOS,48,39,hit_thrown
8479365,Trent Frederic,C,BOS,4,-39,hit_thrown
8479365,Trent Frederic,C,BOS,76,37,hit_thrown
8479365,Trent Frederic,C,BOS,74,-39,hit_thrown
8479365,Trent Frederic,C,BOS,12,-39,hit_thrown
8479365,Trent Frederic,C,BOS,94,-26,hit_thrown
8479365,Trent Frederic,C,BOS,73,-39,hit_thrown
8479365,Trent Frederic,C,BOS,63,36,hit_thrown
8479365,Trent Frederic,C,BOS,87,-36,hit_thrown
8479365,Trent Frederic,C,BOS,98,12,hit_thrown
8479365,Trent Frederic,C,BOS,26,-40,hit_thrown
8479365,Trent Frederic,C,BOS,98,13,hit_thrown
8479365,Trent Frederic,C,BOS,77,35,hit_thrown
8479365,Trent Frederic,C,BOS,97,-6,hit_thrown
8479365,Trent Frederic,C,BOS,96,6,hit_thrown
8479365,Trent Frederic,C,BOS,98,16,hit_thrown
8479365,Trent Frederic,C,BOS,19,39,hit_thrown
8479365,Trent Frederic,C,BOS,30,38,hit_thrown
8479365,Trent Frederic,C,BOS,94,22,hit_thrown
8479365,Trent Frederic,C,BOS,8,-40,hit_thrown
8479365,Trent Frederic,C,BOS,7,42,hit_thrown
8479365,Trent Frederic,C,BOS,82,10,takeaway_hd
8479365,Trent Frederic,C,BOS,94,-14,takeaway_hd
8479365,Trent Frederic,C,BOS,47,-22,takeaway_other
8479365,Trent Frederic,C,BOS,65,40,takeaway_other
8479365,Trent Frederic,C,BOS,68,-32,takeaway_other
8479365,Trent Frederic,C,BOS,34,10,takeaway_other
8479369,Andrew Peeke,D,BOS,77,-5,block_hd
8479369,Andrew Peeke,D,BOS,84,-3,block_hd
8479369,Andrew Peeke,D,BOS,71,12,block_hd
8479369,Andrew Peeke,D,BOS,75,-3,block_hd
8479369,Andrew Peeke,D,BOS,81,4,block_hd
8479369,Andrew Peeke,D,BOS,85,31,block_non_hd
8479369,Andrew Peeke,D,BOS,57,2,block_non_hd
8479369,Andrew Peeke,D,BOS,72,24,block_non_hd
8479369,Andrew Peeke,D,BOS,70,20,block_non_hd
8479369,Andrew Peeke,D,BOS,69,39,hit_taken
8479369,Andrew Peeke,D,BOS,97,-5,hit_taken
8479369,Andrew Peeke,D,BOS,63,35,hit_taken
8479369,Andrew Peeke,D,BOS,70,38,hit_taken
8479369,Andrew Peeke,D,BOS,89,33,hit_taken
8479369,Andrew Peeke,D,BOS,42,-39,hit_taken
8479369,Andrew Peeke,D,BOS,82,31,hit_taken
8479369,Andrew Peeke,D,BOS,63,-30,hit_taken
8479369,Andrew Peeke,D,BOS,81,-31,hit_taken
8479369,Andrew Peeke,D,BOS,95,15,hit_taken
8479369,Andrew Peeke,D,BOS,67,-38,hit_taken
8479369,Andrew Peeke,D,BOS,79,40,hit_taken
8479369,Andrew Peeke,D,BOS,28,-40,hit_taken
8479369,Andrew Peeke,D,BOS,95,-4,hit_taken
8479369,Andrew Peeke,D,BOS,63,40,hit_taken
8479369,Andrew Peeke,D,BOS,96,9,hit_taken
8479369,Andrew Peeke,D,BOS,89,-29,hit_taken
8479369,Andrew Peeke,D,BOS,37,30,hit_thrown
8479369,Andrew Peeke,D,BOS,89,-29,hit_thrown
8479369,Andrew Peeke,D,BOS,60,36,hit_thrown
8479369,Andrew Peeke,D,BOS,42,37,hit_thrown
8479369,Andrew Peeke,D,BOS,72,40,hit_thrown
8479369,Andrew Peeke,D,BOS,93,27,hit_thrown
8479369,Andrew Peeke,D,BOS,69,39,hit_thrown
8479371,Dante Fabbro,D,NSH,86,-8,block_hd
8479371,Dante Fabbro,D,NSH,76,17,block_hd
8479371,Dante Fabbro,D,NSH,87,13,block_hd
8479371,Dante Fabbro,D,NSH,77,13,block_hd
8479371,Dante Fabbro,D,NSH,97,-2,hit_taken
8479371,Dante Fabbro,D,NSH,56,-41,hit_taken
8479371,Dante Fabbro,D,NSH,94,-18,hit_taken
8479371,Dante Fabbro,D,NSH,89,-37,hit_taken
8479371,Dante Fabbro,D,NSH,98,11,hit_taken
8479371,Dante Fabbro,D,NSH,91,-32,hit_taken
8479371,Dante Fabbro,D,NSH,31,38,hit_taken
8479371,Dante Fabbro,D,NSH,99,-15,hit_taken
8479371,Dante Fabbro,D,NSH,68,40,hit_taken
8479378,Logan Stanley,D,WPG,56,0,block_non_hd
8479378,Logan Stanley,D,WPG,54,29,block_non_hd
8479378,Logan Stanley,D,WPG,63,-10,block_non_hd
8479378,Logan Stanley,D,WPG,83,36,hit_taken
8479378,Logan Stanley,D,WPG,90,30,hit_taken
8479378,Logan Stanley,D,WPG,4,-38,hit_taken
8479378,Logan Stanley,D,WPG,22,-38,hit_taken
8479378,Logan Stanley,D,WPG,91,-30,hit_taken
8479378,Logan Stanley,D,WPG,94,-16,hit_taken
8479378,Logan Stanley,D,WPG,98,-7,hit_taken
8479378,Logan Stanley,D,WPG,93,-29,hit_taken
8479378,Logan Stanley,D,WPG,57,-39,hit_taken
8479378,Logan Stanley,D,WPG,58,40,hit_thrown
8479378,Logan Stanley,D,WPG,18,-40,hit_thrown
8479378,Logan Stanley,D,WPG,92,-30,hit_thrown
8479378,Logan Stanley,D,WPG,65,-40,hit_thrown
8479378,Logan Stanley,D,WPG,86,36,hit_thrown
8479378,Logan Stanley,D,WPG,75,39,hit_thrown
8479378,Logan Stanley,D,WPG,29,-13,hit_thrown
8479378,Logan Stanley,D,WPG,87,-33,hit_thrown
8479378,Logan Stanley,D,WPG,76,-29,hit_thrown
8479378,Logan Stanley,D,WPG,39,-39,hit_thrown
8479378,Logan Stanley,D,WPG,58,-40,hit_thrown
8479378,Logan Stanley,D,WPG,66,36,hit_thrown
8479378,Logan Stanley,D,WPG,41,41,hit_thrown
8479378,Logan Stanley,D,WPG,81,-38,hit_thrown
8479378,Logan Stanley,D,WPG,65,4,hit_thrown
8479378,Logan Stanley,D,WPG,97,-22,hit_thrown
8479393,Noah Gregor,C,TOR,44,9,block_non_hd
8479393,Noah Gregor,C,TOR,41,36,hit_taken
8479393,Noah Gregor,C,TOR,46,-42,hit_taken
8479393,Noah Gregor,C,TOR,14,-37,hit_taken
8479393,Noah Gregor,C,TOR,91,29,hit_thrown
8479393,Noah Gregor,C,TOR,98,10,hit_thrown
8479393,Noah Gregor,C,TOR,88,-34,hit_thrown
8479393,Noah Gregor,C,TOR,96,-9,hit_thrown
8479393,Noah Gregor,C,TOR,57,-39,hit_thrown
8479393,Noah Gregor,C,TOR,66,37,hit_thrown
8479393,Noah Gregor,C,TOR,76,36,hit_thrown
8479398,Samuel Girard,D,COL,80,-14,block_hd
8479398,Samuel Girard,D,COL,75,13,block_hd
8479398,Samuel Girard,D,COL,78,1,block_hd
8479398,Samuel Girard,D,COL,73,9,block_hd
8479398,Samuel Girard,D,COL,79,10,block_hd
8479398,Samuel Girard,D,COL,73,-10,block_hd
8479398,Samuel Girard,D,COL,82,0,block_hd
8479398,Samuel Girard,D,COL,78,13,block_hd
8479398,Samuel Girard,D,COL,74,11,block_hd
8479398,Samuel Girard,D,COL,80,5,block_hd
8479398,Samuel Girard,D,COL,85,-9,block_hd
8479398,Samuel Girard,D,COL,85,7,block_hd
8479398,Samuel Girard,D,COL,73,-7,block_hd
8479398,Samuel Girard,D,COL,67,5,block_non_hd
8479398,Samuel Girard,D,COL,77,23,block_non_hd
8479398,Samuel Girard,D,COL,65,-15,block_non_hd
8479398,Samuel Girard,D,COL,52,-21,block_non_hd
8479398,Samuel Girard,D,COL,68,13,block_non_hd
8479398,Samuel Girard,D,COL,57,-6,block_non_hd
8479398,Samuel Girard,D,COL,59,-10,block_non_hd
8479398,Samuel Girard,D,COL,67,-15,block_non_hd
8479398,Samuel Girard,D,COL,56,19,block_non_hd
8479398,Samuel Girard,D,COL,67,-21,block_non_hd
8479398,Samuel Girard,D,COL,92,-33,hit_taken
8479398,Samuel Girard,D,COL,98,-21,hit_taken
8479398,Samuel Girard,D,COL,98,1,hit_taken
8479398,Samuel Girard,D,COL,97,8,hit_taken
8479398,Samuel Girard,D,COL,87,-37,hit_taken
8479398,Samuel Girard,D,COL,70,-38,hit_taken
8479398,Samuel Girard,D,COL,86,33,hit_taken
8479398,Samuel Girard,D,COL,97,-18,hit_taken
8479398,Samuel Girard,D,COL,91,32,hit_taken
8479398,Samuel Girard,D,COL,32,38,hit_taken
8479398,Samuel Girard,D,COL,94,-23,hit_taken
8479398,Samuel Girard,D,COL,98,-1,hit_taken
8479398,Samuel Girard,D,COL,97,3,hit_taken
8479398,Samuel Girard,D,COL,78,-40,hit_taken
8479398,Samuel Girard,D,COL,58,39,hit_taken
8479398,Samuel Girard,D,COL,85,36,hit_taken
8479398,Samuel Girard,D,COL,97,-24,hit_taken
8479398,Samuel Girard,D,COL,93,-31,hit_taken
8479398,Samuel Girard,D,COL,14,42,hit_taken
8479398,Samuel Girard,D,COL,73,-39,hit_taken
8479398,Samuel Girard,D,COL,93,-31,hit_taken
8479398,Samuel Girard,D,COL,10,41,hit_taken
8479398,Samuel Girard,D,COL,98,12,hit_taken
8479398,Samuel Girard,D,COL,39,38,hit_thrown
8479398,Samuel Girard,D,COL,70,40,hit_thrown
8479398,Samuel Girard,D,COL,37,-40,hit_thrown
8479398,Samuel Girard,D,COL,55,-40,hit_thrown
8479398,Samuel Girard,D,COL,67,-39,hit_thrown
8479398,Samuel Girard,D,COL,42,41,hit_thrown
8479398,Samuel Girard,D,COL,81,-39,hit_thrown
8479398,Samuel Girard,D,COL,96,-25,hit_thrown
8479398,Samuel Girard,D,COL,21,39,hit_thrown
8479398,Samuel Girard,D,COL,98,-9,hit_thrown
8479398,Samuel Girard,D,COL,52,36,hit_thrown
8479398,Samuel Girard,D,COL,1,-35,hit_thrown
8479398,Samuel Girard,D,COL,13,-36,takeaway_other
8479400,Pierre-Luc Dubois,C,LAK,71,5,block_hd
8479400,Pierre-Luc Dubois,C,LAK,78,6,block_hd
8479400,Pierre-Luc Dubois,C,LAK,81,-3,block_hd
8479400,Pierre-Luc Dubois,C,LAK,69,22,dz_faceoff_win
8479400,Pierre-Luc Dubois,C,LAK,69,-22,dz_faceoff_win
8479400,Pierre-Luc Dubois,C,LAK,69,22,dz_faceoff_win
8479400,Pierre-Luc Dubois,C,LAK,69,22,dz_faceoff_win
8479400,Pierre-Luc Dubois,C,LAK,69,22,dz_faceoff_win
8479400,Pierre-Luc Dubois,C,LAK,69,22,dz_faceoff_win
8479400,Pierre-Luc Dubois,C,LAK,69,22,dz_faceoff_win
8479400,Pierre-Luc Dubois,C,LAK,69,22,dz_faceoff_win
8479400,Pierre-Luc Dubois,C,LAK,78,-3,hit_taken
8479400,Pierre-Luc Dubois,C,LAK,41,39,hit_taken
8479400,Pierre-Luc Dubois,C,LAK,88,-35,hit_taken
8479400,Pierre-Luc Dubois,C,LAK,12,-39,hit_taken
8479400,Pierre-Luc Dubois,C,LAK,81,38,hit_taken
8479400,Pierre-Luc Dubois,C,LAK,98,-5,hit_taken
8479400,Pierre-Luc Dubois,C,LAK,21,-40,hit_taken
8479400,Pierre-Luc Dubois,C,LAK,60,-40,hit_taken
8479400,Pierre-Luc Dubois,C,LAK,47,40,hit_taken
8479400,Pierre-Luc Dubois,C,LAK,60,-40,hit_taken
8479400,Pierre-Luc Dubois,C,LAK,93,29,hit_taken
8479400,Pierre-Luc Dubois,C,LAK,3,41,hit_taken
8479400,Pierre-Luc Dubois,C,LAK,95,21,hit_thrown
8479400,Pierre-Luc Dubois,C,LAK,96,7,hit_thrown
8479400,Pierre-Luc Dubois,C,LAK,97,-7,hit_thrown
8479400,Pierre-Luc Dubois,C,LAK,96,-16,hit_thrown
8479400,Pierre-Luc Dubois,C,LAK,85,33,hit_thrown
8479400,Pierre-Luc Dubois,C,LAK,87,37,hit_thrown
8479400,Pierre-Luc Dubois,C,LAK,77,39,hit_thrown
8479400,Pierre-Luc Dubois,C,LAK,30,41,hit_thrown
8479400,Pierre-Luc Dubois,C,LAK,89,34,hit_thrown
8479400,Pierre-Luc Dubois,C,LAK,79,-34,hit_thrown
8479400,Pierre-Luc Dubois,C,LAK,97,-5,hit_thrown
8479400,Pierre-Luc Dubois,C,LAK,96,20,hit_thrown
8479400,Pierre-Luc Dubois,C,LAK,34,41,hit_thrown
8479400,Pierre-Luc Dubois,C,LAK,21,-41,hit_thrown
8479400,Pierre-Luc Dubois,C,LAK,46,-38,hit_thrown
8479400,Pierre-Luc Dubois,C,LAK,58,39,hit_thrown
8479400,Pierre-Luc Dubois,C,LAK,73,-36,hit_thrown
8479400,Pierre-Luc Dubois,C,LAK,75,40,hit_thrown
8479400,Pierre-Luc Dubois,C,LAK,98,14,hit_thrown
8479400,Pierre-Luc Dubois,C,LAK,92,-32,hit_thrown
8479400,Pierre-Luc Dubois,C,LAK,63,-40,hit_thrown
8479400,Pierre-Luc Dubois,C,LAK,95,-7,hit_thrown
8479400,Pierre-Luc Dubois,C,LAK,71,40,hit_thrown
8479400,Pierre-Luc Dubois,C,LAK,10,40,hit_thrown
8479400,Pierre-Luc Dubois,C,LAK,0,9,takeaway_other
8479410,Mikhail Sergachev,D,TBL,85,10,block_hd
8479410,Mikhail Sergachev,D,TBL,64,-16,block_non_hd
8479410,Mikhail Sergachev,D,TBL,66,20,block_non_hd
8479410,Mikhail Sergachev,D,TBL,66,-4,block_non_hd
8479410,Mikhail Sergachev,D,TBL,62,39,hit_taken
8479410,Mikhail Sergachev,D,TBL,97,0,hit_taken
8479410,Mikhail Sergachev,D,TBL,84,34,hit_taken
8479410,Mikhail Sergachev,D,TBL,83,38,hit_taken
8479410,Mikhail Sergachev,D,TBL,48,39,hit_taken
8479410,Mikhail Sergachev,D,TBL,11,39,hit_taken
8479410,Mikhail Sergachev,D,TBL,93,26,hit_taken
8479410,Mikhail Sergachev,D,TBL,6,-39,hit_thrown
8479425,Filip Hronek,D,VAN,75,13,block_hd
8479425,Filip Hronek,D,VAN,74,12,block_hd
8479425,Filip Hronek,D,VAN,89,5,block_hd
8479425,Filip Hronek,D,VAN,83,4,block_hd
8479425,Filip Hronek,D,VAN,79,-5,block_hd
8479425,Filip Hronek,D,VAN,78,-6,block_hd
8479425,Filip Hronek,D,VAN,86,-4,block_hd
8479425,Filip Hronek,D,VAN,68,-14,block_non_hd
8479425,Filip Hronek,D,VAN,62,11,block_non_hd
8479425,Filip Hronek,D,VAN,67,19,block_non_hd
8479425,Filip Hronek,D,VAN,70,30,block_non_hd
8479425,Filip Hronek,D,VAN,86,19,block_non_hd
8479425,Filip Hronek,D,VAN,77,26,block_non_hd
8479425,Filip Hronek,D,VAN,55,2,block_non_hd
8479425,Filip Hronek,D,VAN,42,27,block_non_hd
8479425,Filip Hronek,D,VAN,97,12,hit_taken
8479425,Filip Hronek,D,VAN,69,-38,hit_taken
8479425,Filip Hronek,D,VAN,93,-23,hit_taken
8479425,Filip Hronek,D,VAN,30,-40,hit_taken
8479425,Filip Hronek,D,VAN,97,-11,hit_taken
8479425,Filip Hronek,D,VAN,38,-40,hit_taken
8479425,Filip Hronek,D,VAN,62,-37,hit_taken
8479425,Filip Hronek,D,VAN,94,28,hit_taken
8479425,Filip Hronek,D,VAN,95,17,hit_taken
8479425,Filip Hronek,D,VAN,95,-12,hit_taken
8479425,Filip Hronek,D,VAN,82,36,hit_taken
8479425,Filip Hronek,D,VAN,96,13,hit_taken
8479425,Filip Hronek,D,VAN,79,35,hit_taken
8479425,Filip Hronek,D,VAN,85,-34,hit_taken
8479425,Filip Hronek,D,VAN,97,-12,hit_taken
8479425,Filip Hronek,D,VAN,93,-31,hit_taken
8479425,Filip Hronek,D,VAN,17,-40,hit_taken
8479425,Filip Hronek,D,VAN,65,-41,hit_taken
8479425,Filip Hronek,D,VAN,31,-39,hit_taken
8479425,Filip Hronek,D,VAN,26,-41,hit_taken
8479425,Filip Hronek,D,VAN,78,36,hit_taken
8479425,Filip Hronek,D,VAN,92,-29,hit_taken
8479425,Filip Hronek,D,VAN,29,-40,hit_taken
8479425,Filip Hronek,D,VAN,96,11,hit_taken
8479425,Filip Hronek,D,VAN,65,-40,hit_taken
8479425,Filip Hronek,D,VAN,95,23,hit_taken
8479425,Filip Hronek,D,VAN,96,-16,hit_taken
8479425,Filip Hronek,D,VAN,98,-19,hit_taken
8479425,Filip Hronek,D,VAN,5,42,hit_taken
8479425,Filip Hronek,D,VAN,86,35,hit_taken
8479425,Filip Hronek,D,VAN,94,-23,hit_taken
8479425,Filip Hronek,D,VAN,49,36,hit_taken
8479425,Filip Hronek,D,VAN,74,38,hit_taken
8479425,Filip Hronek,D,VAN,97,-16,hit_taken
8479425,Filip Hronek,D,VAN,97,-5,hit_taken
8479425,Filip Hronek,D,VAN,44,37,hit_taken
8479425,Filip Hronek,D,VAN,42,41,hit_thrown
8479425,Filip Hronek,D,VAN,55,-39,hit_thrown
8479425,Filip Hronek,D,VAN,36,39,hit_thrown
8479425,Filip Hronek,D,VAN,99,1,hit_thrown
8479425,Filip Hronek,D,VAN,33,-16,hit_thrown
8479425,Filip Hronek,D,VAN,81,-37,hit_thrown
8479425,Filip Hronek,D,VAN,23,41,hit_thrown
8479425,Filip Hronek,D,VAN,3,41,hit_thrown
8479425,Filip Hronek,D,VAN,23,38,hit_thrown
8479425,Filip Hronek,D,VAN,71,41,hit_thrown
8479425,Filip Hronek,D,VAN,64,41,hit_thrown
8479425,Filip Hronek,D,VAN,92,-29,hit_thrown
8479425,Filip Hronek,D,VAN,99,-1,hit_thrown
8479425,Filip Hronek,D,VAN,90,31,hit_thrown
8479425,Filip Hronek,D,VAN,43,36,hit_thrown
8479425,Filip Hronek,D,VAN,53,41,hit_thrown
8479425,Filip Hronek,D,VAN,29,37,hit_thrown
8479425,Filip Hronek,D,VAN,72,-38,hit_thrown
8479425,Filip Hronek,D,VAN,90,-33,hit_thrown
8479425,Filip Hronek,D,VAN,92,27,hit_thrown
8479425,Filip Hronek,D,VAN,84,35,hit_thrown
8479425,Filip Hronek,D,VAN,29,40,hit_thrown
8479425,Filip Hronek,D,VAN,51,36,hit_thrown
8479425,Filip Hronek,D,VAN,18,-37,hit_thrown
8479425,Filip Hronek,D,VAN,95,20,hit_thrown
8479425,Filip Hronek,D,VAN,19,37,takeaway_other
8479425,Filip Hronek,D,VAN,95,23,takeaway_other
8479425,Filip Hronek,D,VAN,30,19,takeaway_other
8479425,Filip Hronek,D,VAN,60,40,takeaway_other
8479520,Brandon Duhaime,R,COL,79,10,block_hd
8479520,Brandon Duhaime,R,COL,52,-16,block_non_hd
8479520,Brandon Duhaime,R,COL,48,9,block_non_hd
8479520,Brandon Duhaime,R,COL,62,-18,block_non_hd
8479520,Brandon Duhaime,R,COL,44,-34,block_non_hd
8479520,Brandon Duhaime,R,COL,41,-16,block_non_hd
8479520,Brandon Duhaime,R,COL,60,-4,block_non_hd
8479520,Brandon Duhaime,R,COL,54,3,block_non_hd
8479520,Brandon Duhaime,R,COL,34,-38,hit_taken
8479520,Brandon Duhaime,R,COL,19,38,hit_taken
8479520,Brandon Duhaime,R,COL,42,-35,hit_taken
8479520,Brandon Duhaime,R,COL,18,-38,hit_taken
8479520,Brandon Duhaime,R,COL,43,-39,hit_taken
8479520,Brandon Duhaime,R,COL,15,39,hit_taken
8479520,Brandon Duhaime,R,COL,99,-10,hit_taken
8479520,Brandon Duhaime,R,COL,80,-38,hit_taken
8479520,Brandon Duhaime,R,COL,71,-38,hit_taken
8479520,Brandon Duhaime,R,COL,98,-12,hit_taken
8479520,Brandon Duhaime,R,COL,90,-29,hit_taken
8479520,Brandon Duhaime,R,COL,83,35,hit_taken
8479520,Brandon Duhaime,R,COL,94,-26,hit_taken
8479520,Brandon Duhaime,R,COL,93,-30,hit_taken
8479520,Brandon Duhaime,R,COL,16,39,hit_taken
8479520,Brandon Duhaime,R,COL,91,23,hit_taken
8479520,Brandon Duhaime,R,COL,1,-33,hit_taken
8479520,Brandon Duhaime,R,COL,55,38,hit_taken
8479520,Brandon Duhaime,R,COL,96,19,hit_thrown
8479520,Brandon Duhaime,R,COL,41,-40,hit_thrown
8479520,Brandon Duhaime,R,COL,4,-38,hit_thrown
8479520,Brandon Duhaime,R,COL,17,40,hit_thrown
8479520,Brandon Duhaime,R,COL,50,-40,hit_thrown
8479520,Brandon Duhaime,R,COL,7,39,hit_thrown
8479520,Brandon Duhaime,R,COL,94,-25,hit_thrown
8479520,Brandon Duhaime,R,COL,19,31,hit_thrown
8479520,Brandon Duhaime,R,COL,59,-41,hit_thrown
8479520,Brandon Duhaime,R,COL,49,-39,hit_thrown
8479520,Brandon Duhaime,R,COL,94,25,hit_thrown
8479520,Brandon Duhaime,R,COL,84,-38,hit_thrown
8479520,Brandon Duhaime,R,COL,1,-40,hit_thrown
8479520,Brandon Duhaime,R,COL,5,34,hit_thrown
8479520,Brandon Duhaime,R,COL,4,-39,hit_thrown
8479520,Brandon Duhaime,R,COL,62,-41,hit_thrown
8479520,Brandon Duhaime,R,COL,96,20,hit_thrown
8479520,Brandon Duhaime,R,COL,97,-8,hit_thrown
8479520,Brandon Duhaime,R,COL,85,35,hit_thrown
8479520,Brandon Duhaime,R,COL,39,-41,hit_thrown
8479520,Brandon Duhaime,R,COL,96,22,hit_thrown
8479520,Brandon Duhaime,R,COL,27,-38,hit_thrown
8479520,Brandon Duhaime,R,COL,83,-38,hit_thrown
8479520,Brandon Duhaime,R,COL,97,-15,hit_thrown
8479520,Brandon Duhaime,R,COL,53,39,hit_thrown
8479520,Brandon Duhaime,R,COL,97,-4,hit_thrown
8479520,Brandon Duhaime,R,COL,90,33,hit_thrown
8479520,Brandon Duhaime,R,COL,75,-40,hit_thrown
8479520,Brandon Duhaime,R,COL,97,10,hit_thrown
8479520,Brandon Duhaime,R,COL,92,-30,hit_thrown
8479520,Brandon Duhaime,R,COL,29,-22,hit_thrown
8479520,Brandon Duhaime,R,COL,37,-39,hit_thrown
8479520,Brandon Duhaime,R,COL,99,20,hit_thrown
8479520,Brandon Duhaime,R,COL,98,-22,hit_thrown
8479520,Brandon Duhaime,R,COL,98,22,hit_thrown
8479520,Brandon Duhaime,R,COL,65,-39,hit_thrown
8479520,Brandon Duhaime,R,COL,39,-39,hit_thrown
8479520,Brandon Duhaime,R,COL,90,33,hit_thrown
8479520,Brandon Duhaime,R,COL,87,34,hit_thrown
8479525,Ross Colton,C,COL,80,4,block_hd
8479525,Ross Colton,C,COL,82,-2,block_hd
8479525,Ross Colton,C,COL,80,1,block_hd
8479525,Ross Colton,C,COL,76,0,block_hd
8479525,Ross Colton,C,COL,80,-9,block_hd
8479525,Ross Colton,C,COL,71,-2,block_hd
8479525,Ross Colton,C,COL,58,14,block_non_hd
8479525,Ross Colton,C,COL,56,8,block_non_hd
8479525,Ross Colton,C,COL,50,12,block_non_hd
8479525,Ross Colton,C,COL,49,22,block_non_hd
8479525,Ross Colton,C,COL,54,-17,block_non_hd
8479525,Ross Colton,C,COL,57,0,block_non_hd
8479525,Ross Colton,C,COL,50,34,block_non_hd
8479525,Ross Colton,C,COL,61,-35,block_non_hd
8479525,Ross Colton,C,COL,63,-6,block_non_hd
8479525,Ross Colton,C,COL,79,-2,crease_goal
8479525,Ross Colton,C,COL,69,22,dz_faceoff_win
8479525,Ross Colton,C,COL,69,-22,dz_faceoff_win
8479525,Ross Colton,C,COL,69,-22,dz_faceoff_win
8479525,Ross Colton,C,COL,69,22,dz_faceoff_win
8479525,Ross Colton,C,COL,69,-22,dz_faceoff_win
8479525,Ross Colton,C,COL,69,-22,dz_faceoff_win
8479525,Ross Colton,C,COL,69,-22,dz_faceoff_win
8479525,Ross Colton,C,COL,69,-22,dz_faceoff_win
8479525,Ross Colton,C,COL,69,22,dz_faceoff_win
8479525,Ross Colton,C,COL,69,22,dz_faceoff_win
8479525,Ross Colton,C,COL,69,22,dz_faceoff_win
8479525,Ross Colton,C,COL,69,22,dz_faceoff_win
8479525,Ross Colton,C,COL,69,22,dz_faceoff_win
8479525,Ross Colton,C,COL,69,-22,dz_faceoff_win
8479525,Ross Colton,C,COL,69,-22,dz_faceoff_win
8479525,Ross Colton,C,COL,69,-22,dz_faceoff_win
8479525,Ross Colton,C,COL,69,22,dz_faceoff_win
8479525,Ross Colton,C,COL,96,-1,hit_taken
8479525,Ross Colton,C,COL,71,41,hit_taken
8479525,Ross Colton,C,COL,99,13,hit_taken
8479525,Ross Colton,C,COL,36,40,hit_taken
8479525,Ross Colton,C,COL,98,15,hit_taken
8479525,Ross Colton,C,COL,97,-20,hit_taken
8479525,Ross Colton,C,COL,83,36,hit_thrown
8479525,Ross Colton,C,COL,38,29,hit_thrown
8479525,Ross Colton,C,COL,98,-7,hit_thrown
8479525,Ross Colton,C,COL,92,-27,hit_thrown
8479525,Ross Colton,C,COL,96,20,hit_thrown
8479525,Ross Colton,C,COL,79,-37,hit_thrown
8479525,Ross Colton,C,COL,45,39,hit_thrown
8479525,Ross Colton,C,COL,61,-39,hit_thrown
8479525,Ross Colton,C,COL,95,-19,hit_thrown
8479525,Ross Colton,C,COL,97,-13,hit_thrown
8479525,Ross Colton,C,COL,80,-39,hit_thrown
8479525,Ross Colton,C,COL,67,-13,hit_thrown
8479525,Ross Colton,C,COL,77,40,hit_thrown
8479525,Ross Colton,C,COL,47,-35,hit_thrown
8479525,Ross Colton,C,COL,57,-39,hit_thrown
8479525,Ross Colton,C,COL,98,9,hit_thrown
8479525,Ross Colton,C,COL,95,25,hit_thrown
8479525,Ross Colton,C,COL,54,-39,hit_thrown
8479525,Ross Colton,C,COL,97,12,hit_thrown
8479525,Ross Colton,C,COL,95,14,hit_thrown
8479525,Ross Colton,C,COL,88,34,hit_thrown
8479525,Ross Colton,C,COL,98,-5,hit_thrown
8479525,Ross Colton,C,COL,19,-39,hit_thrown
8479525,Ross Colton,C,COL,93,28,hit_thrown
8479525,Ross Colton,C,COL,95,-26,hit_thrown
8479525,Ross Colton,C,COL,98,4,hit_thrown
8479525,Ross Colton,C,COL,95,27,hit_thrown
8479525,Ross Colton,C,COL,76,-17,hit_thrown
8479525,Ross Colton,C,COL,90,-33,hit_thrown
8479525,Ross Colton,C,COL,15,-41,hit_thrown
8479525,Ross Colton,C,COL,60,-13,hit_thrown
8479525,Ross Colton,C,COL,73,-41,hit_thrown
8479525,Ross Colton,C,COL,98,11,hit_thrown
8479525,Ross Colton,C,COL,98,-5,hit_thrown
8479525,Ross Colton,C,COL,95,-23,hit_thrown
8479525,Ross Colton,C,COL,94,29,hit_thrown
8479525,Ross Colton,C,COL,23,40,hit_thrown
8479525,Ross Colton,C,COL,21,28,hit_thrown
8479525,Ross Colton,C,COL,94,-27,hit_thrown
8479525,Ross Colton,C,COL,96,-10,hit_thrown
8479525,Ross Colton,C,COL,99,10,hit_thrown
8479525,Ross Colton,C,COL,82,38,hit_thrown
8479525,Ross Colton,C,COL,95,-28,hit_thrown
8479525,Ross Colton,C,COL,42,-18,takeaway_other
8479525,Ross Colton,C,COL,17,34,takeaway_other
8479536,Axel Jonsson-Fjallby,L,WPG,28,-40,hit_taken
8479536,Axel Jonsson-Fjallby,L,WPG,1,-41,hit_thrown
8479542,Brandon Hagel,L,TBL,47,2,block_non_hd
8479542,Brandon Hagel,L,TBL,65,-20,block_non_hd
8479542,Brandon Hagel,L,TBL,52,-11,block_non_hd
8479542,Brandon Hagel,L,TBL,62,9,block_non_hd
8479542,Brandon Hagel,L,TBL,67,3,block_non_hd
8479542,Brandon Hagel,L,TBL,96,13,hit_taken
8479542,Brandon Hagel,L,TBL,79,40,hit_taken
8479542,Brandon Hagel,L,TBL,91,-28,hit_taken
8479542,Brandon Hagel,L,TBL,69,39,hit_taken
8479542,Brandon Hagel,L,TBL,70,-40,hit_taken
8479542,Brandon Hagel,L,TBL,86,37,hit_taken
8479542,Brandon Hagel,L,TBL,58,-38,hit_taken
8479542,Brandon Hagel,L,TBL,25,-37,hit_taken
8479542,Brandon Hagel,L,TBL,88,-29,hit_taken
8479542,Brandon Hagel,L,TBL,74,41,hit_taken
8479542,Brandon Hagel,L,TBL,16,36,hit_taken
8479542,Brandon Hagel,L,TBL,2,39,hit_taken
8479542,Brandon Hagel,L,TBL,16,-40,hit_taken
8479542,Brandon Hagel,L,TBL,33,32,hit_taken
8479542,Brandon Hagel,L,TBL,97,6,hit_taken
8479542,Brandon Hagel,L,TBL,55,-38,hit_taken
8479542,Brandon Hagel,L,TBL,65,37,hit_taken
8479542,Brandon Hagel,L,TBL,47,39,hit_taken
8479542,Brandon Hagel,L,TBL,58,-38,hit_taken
8479542,Brandon Hagel,L,TBL,42,-38,hit_taken
8479542,Brandon Hagel,L,TBL,95,2,hit_taken
8479542,Brandon Hagel,L,TBL,93,-26,hit_taken
8479542,Brandon Hagel,L,TBL,84,35,hit_taken
8479542,Brandon Hagel,L,TBL,77,-33,hit_thrown
8479542,Brandon Hagel,L,TBL,96,22,hit_thrown
8479542,Brandon Hagel,L,TBL,94,-26,hit_thrown
8479542,Brandon Hagel,L,TBL,97,16,hit_thrown
8479542,Brandon Hagel,L,TBL,79,-38,hit_thrown
8479542,Brandon Hagel,L,TBL,97,-9,hit_thrown
8479542,Brandon Hagel,L,TBL,65,39,hit_thrown
8479542,Brandon Hagel,L,TBL,94,-20,hit_thrown
8479542,Brandon Hagel,L,TBL,83,-39,hit_thrown
8479542,Brandon Hagel,L,TBL,96,-22,hit_thrown
8479542,Brandon Hagel,L,TBL,19,22,hit_thrown
8479542,Brandon Hagel,L,TBL,35,22,hit_thrown
8479542,Brandon Hagel,L,TBL,75,12,takeaway_hd
8479542,Brandon Hagel,L,TBL,9,-36,takeaway_other
8479542,Brandon Hagel,L,TBL,72,-36,takeaway_other
8479542,Brandon Hagel,L,TBL,30,25,takeaway_other
8479542,Brandon Hagel,L,TBL,12,1,takeaway_other
8479576,Vincent Desharnais,D,EDM,82,4,block_hd
8479576,Vincent Desharnais,D,EDM,78,3,block_hd
8479576,Vincent Desharnais,D,EDM,70,11,block_hd
8479576,Vincent Desharnais,D,EDM,83,10,block_hd
8479576,Vincent Desharnais,D,EDM,77,-6,block_hd
8479576,Vincent Desharnais,D,EDM,70,12,block_hd
8479576,Vincent Desharnais,D,EDM,74,1,block_hd
8479576,Vincent Desharnais,D,EDM,71,14,block_hd
8479576,Vincent Desharnais,D,EDM,72,8,block_hd
8479576,Vincent Desharnais,D,EDM,72,6,block_hd
8479576,Vincent Desharnais,D,EDM,81,-6,block_hd
8479576,Vincent Desharnais,D,EDM,75,7,block_hd
8479576,Vincent Desharnais,D,EDM,77,18,block_hd
8479576,Vincent Desharnais,D,EDM,82,-6,block_hd
8479576,Vincent Desharnais,D,EDM,76,11,block_hd
8479576,Vincent Desharnais,D,EDM,87,0,block_hd
8479576,Vincent Desharnais,D,EDM,79,-2,block_hd
8479576,Vincent Desharnais,D,EDM,77,7,block_hd
8479576,Vincent Desharnais,D,EDM,70,-1,block_hd
8479576,Vincent Desharnais,D,EDM,78,3,block_hd
8479576,Vincent Desharnais,D,EDM,73,11,block_hd
8479576,Vincent Desharnais,D,EDM,70,7,block_hd
8479576,Vincent Desharnais,D,EDM,81,-9,block_hd
8479576,Vincent Desharnais,D,EDM,74,10,block_hd
8479576,Vincent Desharnais,D,EDM,73,0,block_hd
8479576,Vincent Desharnais,D,EDM,78,-13,block_hd
8479576,Vincent Desharnais,D,EDM,79,-11,block_hd
8479576,Vincent Desharnais,D,EDM,44,24,block_non_hd
8479576,Vincent Desharnais,D,EDM,66,12,block_non_hd
8479576,Vincent Desharnais,D,EDM,59,1,block_non_hd
8479576,Vincent Desharnais,D,EDM,69,10,block_non_hd
8479576,Vincent Desharnais,D,EDM,67,6,block_non_hd
8479576,Vincent Desharnais,D,EDM,72,19,block_non_hd
8479576,Vincent Desharnais,D,EDM,69,-16,block_non_hd
8479576,Vincent Desharnais,D,EDM,63,-5,block_non_hd
8479576,Vincent Desharnais,D,EDM,66,11,block_non_hd
8479576,Vincent Desharnais,D,EDM,56,19,block_non_hd
8479576,Vincent Desharnais,D,EDM,78,27,block_non_hd
8479576,Vincent Desharnais,D,EDM,67,8,block_non_hd
8479576,Vincent Desharnais,D,EDM,69,10,block_non_hd
8479576,Vincent Desharnais,D,EDM,69,5,block_non_hd
8479576,Vincent Desharnais,D,EDM,98,4,hit_taken
8479576,Vincent Desharnais,D,EDM,99,-14,hit_taken
8479576,Vincent Desharnais,D,EDM,30,-39,hit_taken
8479576,Vincent Desharnais,D,EDM,63,40,hit_taken
8479576,Vincent Desharnais,D,EDM,96,-10,hit_taken
8479576,Vincent Desharnais,D,EDM,14,-41,hit_taken
8479576,Vincent Desharnais,D,EDM,98,12,hit_taken
8479576,Vincent Desharnais,D,EDM,97,-4,hit_taken
8479576,Vincent Desharnais,D,EDM,89,34,hit_taken
8479576,Vincent Desharnais,D,EDM,97,-8,hit_taken
8479576,Vincent Desharnais,D,EDM,91,26,hit_taken
8479576,Vincent Desharnais,D,EDM,82,38,hit_taken
8479576,Vincent Desharnais,D,EDM,59,-40,hit_taken
8479576,Vincent Desharnais,D,EDM,75,40,hit_taken
8479576,Vincent Desharnais,D,EDM,94,-19,hit_taken
8479576,Vincent Desharnais,D,EDM,95,14,hit_taken
8479576,Vincent Desharnais,D,EDM,97,9,hit_taken
8479576,Vincent Desharnais,D,EDM,87,-32,hit_taken
8479576,Vincent Desharnais,D,EDM,10,40,hit_taken
8479576,Vincent Desharnais,D,EDM,97,22,hit_taken
8479576,Vincent Desharnais,D,EDM,1,39,hit_taken
8479576,Vincent Desharnais,D,EDM,75,-40,hit_taken
8479576,Vincent Desharnais,D,EDM,95,-7,hit_taken
8479576,Vincent Desharnais,D,EDM,38,37,hit_taken
8479576,Vincent Desharnais,D,EDM,87,35,hit_taken
8479576,Vincent Desharnais,D,EDM,7,37,hit_taken
8479576,Vincent Desharnais,D,EDM,64,40,hit_taken
8479576,Vincent Desharnais,D,EDM,38,-41,hit_taken
8479576,Vincent Desharnais,D,EDM,32,-35,hit_taken
8479576,Vincent Desharnais,D,EDM,94,25,hit_taken
8479576,Vincent Desharnais,D,EDM,50,-40,hit_taken
8479576,Vincent Desharnais,D,EDM,98,0,hit_taken
8479576,Vincent Desharnais,D,EDM,84,35,hit_taken
8479576,Vincent Desharnais,D,EDM,91,-30,hit_taken
8479576,Vincent Desharnais,D,EDM,94,21,hit_taken
8479576,Vincent Desharnais,D,EDM,93,-24,hit_taken
8479576,Vincent Desharnais,D,EDM,95,-23,hit_taken
8479576,Vincent Desharnais,D,EDM,98,-7,hit_taken
8479576,Vincent Desharnais,D,EDM,97,-23,hit_taken
8479576,Vincent Desharnais,D,EDM,88,34,hit_taken
8479576,Vincent Desharnais,D,EDM,91,29,hit_taken
8479576,Vincent Desharnais,D,EDM,99,-10,hit_taken
8479576,Vincent Desharnais,D,EDM,75,40,hit_taken
8479576,Vincent Desharnais,D,EDM,84,38,hit_taken
8479576,Vincent Desharnais,D,EDM,95,26,hit_taken
8479576,Vincent Desharnais,D,EDM,80,-36,hit_thrown
8479576,Vincent Desharnais,D,EDM,8,39,hit_thrown
8479576,Vincent Desharnais,D,EDM,80,39,hit_thrown
8479576,Vincent Desharnais,D,EDM,50,39,hit_thrown
8479576,Vincent Desharnais,D,EDM,99,-14,hit_thrown
8479576,Vincent Desharnais,D,EDM,41,39,hit_thrown
8479576,Vincent Desharnais,D,EDM,12,-39,hit_thrown
8479576,Vincent Desharnais,D,EDM,98,-5,hit_thrown
8479576,Vincent Desharnais,D,EDM,70,38,hit_thrown
8479576,Vincent Desharnais,D,EDM,19,39,hit_thrown
8479576,Vincent Desharnais,D,EDM,90,31,hit_thrown
8479576,Vincent Desharnais,D,EDM,98,15,hit_thrown
8479576,Vincent Desharnais,D,EDM,97,-14,hit_thrown
8479576,Vincent Desharnais,D,EDM,79,-37,hit_thrown
8479576,Vincent Desharnais,D,EDM,94,22,hit_thrown
8479576,Vincent Desharnais,D,EDM,79,31,hit_thrown
8479576,Vincent Desharnais,D,EDM,83,38,hit_thrown
8479576,Vincent Desharnais,D,EDM,86,-34,hit_thrown
8479576,Vincent Desharnais,D,EDM,92,26,hit_thrown
8479576,Vincent Desharnais,D,EDM,98,13,hit_thrown
8479576,Vincent Desharnais,D,EDM,42,1,hit_thrown
8479576,Vincent Desharnais,D,EDM,56,40,hit_thrown
8479576,Vincent Desharnais,D,EDM,94,-24,hit_thrown
8479576,Vincent Desharnais,D,EDM,28,36,hit_thrown
8479576,Vincent Desharnais,D,EDM,41,39,hit_thrown
8479576,Vincent Desharnais,D,EDM,99,16,hit_thrown
8479576,Vincent Desharnais,D,EDM,99,2,hit_thrown
8479576,Vincent Desharnais,D,EDM,14,39,hit_thrown
8479576,Vincent Desharnais,D,EDM,78,39,hit_thrown
8479576,Vincent Desharnais,D,EDM,93,-29,hit_thrown
8479576,Vincent Desharnais,D,EDM,86,-35,hit_thrown
8479576,Vincent Desharnais,D,EDM,96,25,hit_thrown
8479576,Vincent Desharnais,D,EDM,97,-15,hit_thrown
8479576,Vincent Desharnais,D,EDM,92,33,hit_thrown
8479576,Vincent Desharnais,D,EDM,59,40,hit_thrown
8479576,Vincent Desharnais,D,EDM,58,40,hit_thrown
8479576,Vincent Desharnais,D,EDM,36,39,hit_thrown
8479576,Vincent Desharnais,D,EDM,97,-1,hit_thrown
8479576,Vincent Desharnais,D,EDM,59,40,hit_thrown
8479576,Vincent Desharnais,D,EDM,14,40,hit_thrown
8479576,Vincent Desharnais,D,EDM,98,-8,takeaway_hd
8479576,Vincent Desharnais,D,EDM,92,22,takeaway_other
8479576,Vincent Desharnais,D,EDM,78,-25,takeaway_other
8479576,Vincent Desharnais,D,EDM,40,-39,takeaway_other
8479576,Vincent Desharnais,D,EDM,49,-31,takeaway_other
8479591,Michael Eyssimont,C,TBL,97,8,hit_taken
8479591,Michael Eyssimont,C,TBL,27,-38,hit_taken
8479591,Michael Eyssimont,C,TBL,42,0,hit_taken
8479591,Michael Eyssimont,C,TBL,66,37,hit_taken
8479591,Michael Eyssimont,C,TBL,26,-29,hit_taken
8479591,Michael Eyssimont,C,TBL,93,-28,hit_taken
8479591,Michael Eyssimont,C,TBL,12,36,hit_taken
8479591,Michael Eyssimont,C,TBL,61,-38,hit_taken
8479591,Michael Eyssimont,C,TBL,88,9,hit_taken
8479591,Michael Eyssimont,C,TBL,94,6,hit_taken
8479591,Michael Eyssimont,C,TBL,90,27,hit_taken
8479591,Michael Eyssimont,C,TBL,60,39,hit_taken
8479591,Michael Eyssimont,C,TBL,57,38,hit_taken
8479591,Michael Eyssimont,C,TBL,97,-17,hit_taken
8479591,Michael Eyssimont,C,TBL,62,-41,hit_taken
8479591,Michael Eyssimont,C,TBL,14,-40,hit_taken
8479591,Michael Eyssimont,C,TBL,98,8,hit_taken
8479591,Michael Eyssimont,C,TBL,5,10,hit_taken
8479591,Michael Eyssimont,C,TBL,97,-8,hit_thrown
8479591,Michael Eyssimont,C,TBL,39,-37,hit_thrown
8479591,Michael Eyssimont,C,TBL,66,38,hit_thrown
8479591,Michael Eyssimont,C,TBL,36,40,hit_thrown
8479591,Michael Eyssimont,C,TBL,45,37,hit_thrown
8479591,Michael Eyssimont,C,TBL,5,39,hit_thrown
8479591,Michael Eyssimont,C,TBL,92,-24,hit_thrown
8479591,Michael Eyssimont,C,TBL,42,-39,hit_thrown
8479591,Michael Eyssimont,C,TBL,6,-41,hit_thrown
8479591,Michael Eyssimont,C,TBL,59,-39,hit_thrown
8479591,Michael Eyssimont,C,TBL,97,-9,hit_thrown
8479591,Michael Eyssimont,C,TBL,56,-39,hit_thrown
8479591,Michael Eyssimont,C,TBL,93,23,hit_thrown
8479591,Michael Eyssimont,C,TBL,2,40,hit_thrown
8479591,Michael Eyssimont,C,TBL,39,39,hit_thrown
8479591,Michael Eyssimont,C,TBL,47,40,hit_thrown
8479638,Justin Brazeau,R,BOS,76,5,block_hd
8479638,Justin Brazeau,R,BOS,48,39,block_non_hd
8479638,Justin Brazeau,R,BOS,49,-33,block_non_hd
8479638,Justin Brazeau,R,BOS,51,-10,block_non_hd
8479638,Justin Brazeau,R,BOS,47,-34,block_non_hd
8479638,Justin Brazeau,R,BOS,61,1,block_non_hd
8479638,Justin Brazeau,R,BOS,81,4,crease_goal
8479638,Justin Brazeau,R,BOS,57,-39,hit_taken
8479638,Justin Brazeau,R,BOS,46,-41,hit_taken
8479638,Justin Brazeau,R,BOS,68,40,hit_taken
8479638,Justin Brazeau,R,BOS,98,14,hit_taken
8479638,Justin Brazeau,R,BOS,36,-37,hit_taken
8479638,Justin Brazeau,R,BOS,94,11,hit_taken
8479638,Justin Brazeau,R,BOS,95,-15,hit_taken
8479638,Justin Brazeau,R,BOS,16,-37,hit_taken
8479638,Justin Brazeau,R,BOS,82,36,hit_taken
8479638,Justin Brazeau,R,BOS,69,-27,hit_taken
8479638,Justin Brazeau,R,BOS,66,-33,hit_thrown
8479638,Justin Brazeau,R,BOS,21,40,hit_thrown
8479638,Justin Brazeau,R,BOS,93,7,hit_thrown
8479638,Justin Brazeau,R,BOS,82,39,hit_thrown
8479638,Justin Brazeau,R,BOS,9,38,hit_thrown
8479638,Justin Brazeau,R,BOS,87,35,hit_thrown
8479638,Justin Brazeau,R,BOS,96,19,hit_thrown
8479638,Justin Brazeau,R,BOS,98,9,hit_thrown
8479638,Justin Brazeau,R,BOS,96,22,hit_thrown
8479638,Justin Brazeau,R,BOS,60,37,hit_thrown
8479638,Justin Brazeau,R,BOS,46,-42,hit_thrown
8479638,Justin Brazeau,R,BOS,35,-39,hit_thrown
8479638,Justin Brazeau,R,BOS,32,-33,hit_thrown
8479638,Justin Brazeau,R,BOS,5,-38,hit_thrown
8479638,Justin Brazeau,R,BOS,97,-14,hit_thrown
8479638,Justin Brazeau,R,BOS,97,-6,hit_thrown
8479638,Justin Brazeau,R,BOS,61,39,hit_thrown
8479638,Justin Brazeau,R,BOS,95,-1,hit_thrown
8479638,Justin Brazeau,R,BOS,96,23,hit_thrown
8479638,Justin Brazeau,R,BOS,81,-6,hit_thrown
8479638,Justin Brazeau,R,BOS,97,-15,hit_thrown
8479638,Justin Brazeau,R,BOS,96,18,hit_thrown
8479638,Justin Brazeau,R,BOS,91,32,hit_thrown
8479638,Justin Brazeau,R,BOS,52,-36,hit_thrown
8479638,Justin Brazeau,R,BOS,7,38,hit_thrown
8479638,Justin Brazeau,R,BOS,95,-9,hit_thrown
8479638,Justin Brazeau,R,BOS,62,-37,hit_thrown
8479638,Justin Brazeau,R,BOS,74,39,hit_thrown
8479638,Justin Brazeau,R,BOS,94,9,hit_thrown
8479638,Justin Brazeau,R,BOS,89,-32,hit_thrown
8479638,Justin Brazeau,R,BOS,82,39,hit_thrown
8479638,Justin Brazeau,R,BOS,31,36,hit_thrown
8479638,Justin Brazeau,R,BOS,85,13,hit_thrown
8479638,Justin Brazeau,R,BOS,96,2,hit_thrown
8479638,Justin Brazeau,R,BOS,96,-24,hit_thrown
8479638,Justin Brazeau,R,BOS,70,12,takeaway_hd
8479638,Justin Brazeau,R,BOS,48,-14,takeaway_other
8479661,Tanner Jeannot,L,TBL,42,-33,block_non_hd
8479661,Tanner Jeannot,L,TBL,40,-37,hit_taken
8479661,Tanner Jeannot,L,TBL,96,-16,hit_taken
8479661,Tanner Jeannot,L,TBL,54,-36,hit_taken
8479661,Tanner Jeannot,L,TBL,48,-39,hit_taken
8479661,Tanner Jeannot,L,TBL,22,-37,hit_taken
8479661,Tanner Jeannot,L,TBL,78,-39,hit_taken
8479661,Tanner Jeannot,L,TBL,49,-38,hit_taken
8479661,Tanner Jeannot,L,TBL,79,-41,hit_taken
8479661,Tanner Jeannot,L,TBL,93,-25,hit_thrown
8479661,Tanner Jeannot,L,TBL,59,-39,hit_thrown
8479661,Tanner Jeannot,L,TBL,39,35,hit_thrown
8479661,Tanner Jeannot,L,TBL,77,-35,hit_thrown
8479661,Tanner Jeannot,L,TBL,89,34,hit_thrown
8479661,Tanner Jeannot,L,TBL,86,34,hit_thrown
8479661,Tanner Jeannot,L,TBL,79,37,hit_thrown
8479661,Tanner Jeannot,L,TBL,0,-40,hit_thrown
8479661,Tanner Jeannot,L,TBL,92,-33,hit_thrown
8479661,Tanner Jeannot,L,TBL,45,-38,hit_thrown
8479661,Tanner Jeannot,L,TBL,90,-32,hit_thrown
8479661,Tanner Jeannot,L,TBL,38,-34,hit_thrown
8479661,Tanner Jeannot,L,TBL,17,-41,hit_thrown
8479661,Tanner Jeannot,L,TBL,41,-42,hit_thrown
8479661,Tanner Jeannot,L,TBL,67,-33,hit_thrown
8479661,Tanner Jeannot,L,TBL,94,-26,hit_thrown
8479661,Tanner Jeannot,L,TBL,90,27,hit_thrown
8479675,Trevor Moore,L,LAK,76,3,block_hd
8479675,Trevor Moore,L,LAK,70,-9,block_hd
8479675,Trevor Moore,L,LAK,31,-36,block_non_hd
8479675,Trevor Moore,L,LAK,90,-34,hit_taken
8479675,Trevor Moore,L,LAK,34,-41,hit_taken
8479675,Trevor Moore,L,LAK,99,-14,hit_taken
8479675,Trevor Moore,L,LAK,99,0,hit_taken
8479675,Trevor Moore,L,LAK,97,-18,hit_taken
8479675,Trevor Moore,L,LAK,40,-40,hit_taken
8479675,Trevor Moore,L,LAK,32,-38,hit_taken
8479675,Trevor Moore,L,LAK,22,-40,hit_taken
8479675,Trevor Moore,L,LAK,24,-40,hit_taken
8479675,Trevor Moore,L,LAK,41,-40,hit_taken
8479675,Trevor Moore,L,LAK,9,40,hit_taken
8479675,Trevor Moore,L,LAK,84,35,hit_taken
8479675,Trevor Moore,L,LAK,88,-35,hit_taken
8479675,Trevor Moore,L,LAK,94,22,hit_taken
8479675,Trevor Moore,L,LAK,94,-25,hit_taken
8479675,Trevor Moore,L,LAK,43,-39,hit_thrown
8479675,Trevor Moore,L,LAK,72,40,hit_thrown
8479675,Trevor Moore,L,LAK,97,0,hit_thrown
8479675,Trevor Moore,L,LAK,20,-39,hit_thrown
8479675,Trevor Moore,L,LAK,39,-41,hit_thrown
8479675,Trevor Moore,L,LAK,17,-39,hit_thrown
8479675,Trevor Moore,L,LAK,49,39,hit_thrown
8479675,Trevor Moore,L,LAK,89,30,hit_thrown
8479675,Trevor Moore,L,LAK,68,-37,hit_thrown
8479675,Trevor Moore,L,LAK,94,16,hit_thrown
8479675,Trevor Moore,L,LAK,95,14,hit_thrown
8479675,Trevor Moore,L,LAK,53,-37,takeaway_other
8479675,Trevor Moore,L,LAK,44,-38,takeaway_other
8479675,Trevor Moore,L,LAK,23,-10,takeaway_other
8479973,Stuart Skinner,G,EDM,95,-4,takeaway_hd
8479979,Jake Oettinger,G,DAL,97,-1,takeaway_hd
8479979,Jake Oettinger,G,DAL,99,3,takeaway_hd
8479979,Jake Oettinger,G,DAL,19,-33,takeaway_other
8479980,Nicolas Hague,D,VGK,34,-31,hit_taken
8479980,Nicolas Hague,D,VGK,98,-3,hit_taken
8479980,Nicolas Hague,D,VGK,98,16,hit_taken
8479980,Nicolas Hague,D,VGK,93,-28,hit_taken
8479980,Nicolas Hague,D,VGK,99,-7,hit_taken
8479980,Nicolas Hague,D,VGK,28,39,hit_thrown
8479980,Nicolas Hague,D,VGK,87,35,hit_thrown
8479980,Nicolas Hague,D,VGK,91,-29,hit_thrown
8479980,Nicolas Hague,D,VGK,76,-41,hit_thrown
8479987,Morgan Geekie,C,BOS,79,4,block_hd
8479987,Morgan Geekie,C,BOS,74,-7,block_hd
8479987,Morgan Geekie,C,BOS,41,-32,block_non_hd
8479987,Morgan Geekie,C,BOS,58,17,block_non_hd
8479987,Morgan Geekie,C,BOS,68,17,block_non_hd
8479987,Morgan Geekie,C,BOS,58,-19,block_non_hd
8479987,Morgan Geekie,C,BOS,42,-25,block_non_hd
8479987,Morgan Geekie,C,BOS,84,6,crease_goal
8479987,Morgan Geekie,C,BOS,69,22,dz_faceoff_win
8479987,Morgan Geekie,C,BOS,69,22,dz_faceoff_win
8479987,Morgan Geekie,C,BOS,69,22,dz_faceoff_win
8479987,Morgan Geekie,C,BOS,69,22,dz_faceoff_win
8479987,Morgan Geekie,C,BOS,69,22,dz_faceoff_win
8479987,Morgan Geekie,C,BOS,69,22,dz_faceoff_win
8479987,Morgan Geekie,C,BOS,69,22,dz_faceoff_win
8479987,Morgan Geekie,C,BOS,69,-22,dz_faceoff_win
8479987,Morgan Geekie,C,BOS,69,22,dz_faceoff_win
8479987,Morgan Geekie,C,BOS,69,22,dz_faceoff_win
8479987,Morgan Geekie,C,BOS,69,22,dz_faceoff_win
8479987,Morgan Geekie,C,BOS,69,22,dz_faceoff_win
8479987,Morgan Geekie,C,BOS,69,22,dz_faceoff_win
8479987,Morgan Geekie,C,BOS,69,22,dz_faceoff_win
8479987,Morgan Geekie,C,BOS,69,22,dz_faceoff_win
8479987,Morgan Geekie,C,BOS,69,22,dz_faceoff_win
8479987,Morgan Geekie,C,BOS,69,22,dz_faceoff_win
8479987,Morgan Geekie,C,BOS,69,22,dz_faceoff_win
8479987,Morgan Geekie,C,BOS,69,22,dz_faceoff_win
8479987,Morgan Geekie,C,BOS,69,22,dz_faceoff_win
8479987,Morgan Geekie,C,BOS,17,-36,hit_taken
8479987,Morgan Geekie,C,BOS,97,-3,hit_taken
8479987,Morgan Geekie,C,BOS,91,-18,hit_taken
8479987,Morgan Geekie,C,BOS,90,24,hit_taken
8479987,Morgan Geekie,C,BOS,88,6,hit_taken
8479987,Morgan Geekie,C,BOS,95,-5,hit_taken
8479987,Morgan Geekie,C,BOS,97,15,hit_taken
8479987,Morgan Geekie,C,BOS,30,-16,hit_taken
8479987,Morgan Geekie,C,BOS,20,38,hit_taken
8479987,Morgan Geekie,C,BOS,95,20,hit_taken
8479987,Morgan Geekie,C,BOS,95,18,hit_taken
8479987,Morgan Geekie,C,BOS,99,10,hit_taken
8479987,Morgan Geekie,C,BOS,44,37,hit_taken
8479987,Morgan Geekie,C,BOS,46,-39,hit_taken
8479987,Morgan Geekie,C,BOS,45,38,hit_taken
8479987,Morgan Geekie,C,BOS,82,36,hit_taken
8479987,Morgan Geekie,C,BOS,89,-35,hit_taken
8479987,Morgan Geekie,C,BOS,27,31,hit_taken
8479987,Morgan Geekie,C,BOS,34,-38,hit_taken
8479987,Morgan Geekie,C,BOS,14,36,hit_taken
8479987,Morgan Geekie,C,BOS,95,-10,hit_taken
8479987,Morgan Geekie,C,BOS,93,-27,hit_taken
8479987,Morgan Geekie,C,BOS,51,-39,hit_taken
8479987,Morgan Geekie,C,BOS,88,-33,hit_taken
8479987,Morgan Geekie,C,BOS,67,39,hit_taken
8479987,Morgan Geekie,C,BOS,39,23,hit_taken
8479987,Morgan Geekie,C,BOS,92,-17,hit_taken
8479987,Morgan Geekie,C,BOS,93,31,hit_taken
8479987,Morgan Geekie,C,BOS,77,-37,hit_taken
8479987,Morgan Geekie,C,BOS,93,-29,hit_taken
8479987,Morgan Geekie,C,BOS,92,27,hit_taken
8479987,Morgan Geekie,C,BOS,92,27,hit_taken
8479987,Morgan Geekie,C,BOS,59,-37,hit_taken
8479987,Morgan Geekie,C,BOS,88,32,hit_taken
8479987,Morgan Geekie,C,BOS,54,37,hit_taken
8479987,Morgan Geekie,C,BOS,93,32,hit_taken
8479987,Morgan Geekie,C,BOS,30,29,hit_taken
8479987,Morgan Geekie,C,BOS,43,38,hit_taken
8479987,Morgan Geekie,C,BOS,66,41,hit_taken
8479987,Morgan Geekie,C,BOS,94,-25,hit_taken
8479987,Morgan Geekie,C,BOS,75,-39,hit_taken
8479987,Morgan Geekie,C,BOS,95,22,hit_taken
8479987,Morgan Geekie,C,BOS,50,-38,hit_taken
8479987,Morgan Geekie,C,BOS,93,25,hit_thrown
8479987,Morgan Geekie,C,BOS,94,-9,hit_thrown
8479987,Morgan Geekie,C,BOS,82,36,hit_thrown
8479987,Morgan Geekie,C,BOS,22,12,hit_thrown
8479987,Morgan Geekie,C,BOS,1,40,hit_thrown
8479987,Morgan Geekie,C,BOS,14,19,hit_thrown
8479987,Morgan Geekie,C,BOS,93,28,hit_thrown
8479987,Morgan Geekie,C,BOS,93,27,hit_thrown
8479987,Morgan Geekie,C,BOS,92,31,hit_thrown
8479987,Morgan Geekie,C,BOS,66,41,hit_thrown
8479987,Morgan Geekie,C,BOS,73,-39,hit_thrown
8479987,Morgan Geekie,C,BOS,76,38,hit_thrown
8479987,Morgan Geekie,C,BOS,28,-35,hit_thrown
8479987,Morgan Geekie,C,BOS,75,36,hit_thrown
8479987,Morgan Geekie,C,BOS,73,-41,hit_thrown
8479987,Morgan Geekie,C,BOS,91,28,hit_thrown
8479987,Morgan Geekie,C,BOS,2,41,hit_thrown
8479987,Morgan Geekie,C,BOS,96,25,hit_thrown
8479987,Morgan Geekie,C,BOS,95,-16,hit_thrown
8479987,Morgan Geekie,C,BOS,64,38,hit_thrown
8479987,Morgan Geekie,C,BOS,67,-41,hit_thrown
8479987,Morgan Geekie,C,BOS,32,-40,hit_thrown
8479987,Morgan Geekie,C,BOS,73,-40,hit_thrown
8479987,Morgan Geekie,C,BOS,88,30,hit_thrown
8479987,Morgan Geekie,C,BOS,75,-37,hit_thrown
8479987,Morgan Geekie,C,BOS,79,-37,hit_thrown
8479987,Morgan Geekie,C,BOS,41,39,hit_thrown
8479987,Morgan Geekie,C,BOS,14,-36,hit_thrown
8479987,Morgan Geekie,C,BOS,68,36,hit_thrown
8479987,Morgan Geekie,C,BOS,58,37,hit_thrown
8479987,Morgan Geekie,C,BOS,19,-35,hit_thrown
8479987,Morgan Geekie,C,BOS,95,13,hit_thrown
8479987,Morgan Geekie,C,BOS,93,13,takeaway_hd
8479987,Morgan Geekie,C,BOS,51,38,takeaway_other
8479987,Morgan Geekie,C,BOS,5,38,takeaway_other
8479987,Morgan Geekie,C,BOS,84,36,takeaway_other
8479987,Morgan Geekie,C,BOS,54,16,takeaway_other
8479987,Morgan Geekie,C,BOS,74,-19,takeaway_other
8479998,Mikey Anderson,D,LAK,76,2,block_hd
8479998,Mikey Anderson,D,LAK,88,1,block_hd
8479998,Mikey Anderson,D,LAK,88,1,block_hd
8479998,Mikey Anderson,D,LAK,79,-1,block_hd
8479998,Mikey Anderson,D,LAK,60,-1,block_non_hd
8479998,Mikey Anderson,D,LAK,76,-25,block_non_hd
8479998,Mikey Anderson,D,LAK,61,-14,block_non_hd
8479998,Mikey Anderson,D,LAK,53,-32,block_non_hd
8479998,Mikey Anderson,D,LAK,54,-17,block_non_hd
8479998,Mikey Anderson,D,LAK,47,-40,hit_taken
8479998,Mikey Anderson,D,LAK,90,-31,hit_taken
8479998,Mikey Anderson,D,LAK,97,17,hit_taken
8479998,Mikey Anderson,D,LAK,92,-32,hit_taken
8479998,Mikey Anderson,D,LAK,89,-34,hit_taken
8479998,Mikey Anderson,D,LAK,75,-40,hit_taken
8479998,Mikey Anderson,D,LAK,89,-29,hit_taken
8479998,Mikey Anderson,D,LAK,93,-27,hit_taken
8479998,Mikey Anderson,D,LAK,92,-28,hit_taken
8479998,Mikey Anderson,D,LAK,46,39,hit_taken
8479998,Mikey Anderson,D,LAK,54,-39,hit_taken
8479998,Mikey Anderson,D,LAK,70,39,hit_taken
8479998,Mikey Anderson,D,LAK,93,21,hit_taken
8479998,Mikey Anderson,D,LAK,95,-9,hit_taken
8479998,Mikey Anderson,D,LAK,94,-29,hit_thrown
8479998,Mikey Anderson,D,LAK,91,29,hit_thrown
8479998,Mikey Anderson,D,LAK,16,-40,hit_thrown
8479998,Mikey Anderson,D,LAK,54,-41,hit_thrown
8479998,Mikey Anderson,D,LAK,32,40,hit_thrown
8479998,Mikey Anderson,D,LAK,16,-37,hit_thrown
8479998,Mikey Anderson,D,LAK,68,-39,hit_thrown
8479998,Mikey Anderson,D,LAK,8,-40,hit_thrown
8479998,Mikey Anderson,D,LAK,62,41,hit_thrown
8479998,Mikey Anderson,D,LAK,77,39,hit_thrown
8479998,Mikey Anderson,D,LAK,65,39,hit_thrown
8479998,Mikey Anderson,D,LAK,12,38,hit_thrown
8479998,Mikey Anderson,D,LAK,72,-41,hit_thrown
8479998,Mikey Anderson,D,LAK,15,18,hit_thrown
8479998,Mikey Anderson,D,LAK,94,9,hit_thrown
8479998,Mikey Anderson,D,LAK,76,36,hit_thrown
8479998,Mikey Anderson,D,LAK,43,-35,hit_thrown
8479999,Casey Mittelstadt,C,COL,83,-12,block_hd
8479999,Casey Mittelstadt,C,COL,76,-13,block_hd
8479999,Casey Mittelstadt,C,COL,64,20,block_non_hd
8479999,Casey Mittelstadt,C,COL,69,19,block_non_hd
8479999,Casey Mittelstadt,C,COL,50,-29,block_non_hd
8479999,Casey Mittelstadt,C,COL,59,35,block_non_hd
8479999,Casey Mittelstadt,C,COL,80,0,crease_goal
8479999,Casey Mittelstadt,C,COL,83,4,crease_goal
8479999,Casey Mittelstadt,C,COL,88,-9,crease_goal
8479999,Casey Mittelstadt,C,COL,69,-22,dz_faceoff_win
8479999,Casey Mittelstadt,C,COL,69,-22,dz_faceoff_win
8479999,Casey Mittelstadt,C,COL,69,-22,dz_faceoff_win
8479999,Casey Mittelstadt,C,COL,69,-22,dz_faceoff_win
8479999,Casey Mittelstadt,C,COL,69,22,dz_faceoff_win
8479999,Casey Mittelstadt,C,COL,69,-22,dz_faceoff_win
8479999,Casey Mittelstadt,C,COL,69,-22,dz_faceoff_win
8479999,Casey Mittelstadt,C,COL,69,22,dz_faceoff_win
8479999,Casey Mittelstadt,C,COL,69,22,dz_faceoff_win
8479999,Casey Mittelstadt,C,COL,69,22,dz_faceoff_win
8479999,Casey Mittelstadt,C,COL,69,-22,dz_faceoff_win
8479999,Casey Mittelstadt,C,COL,69,22,dz_faceoff_win
8479999,Casey Mittelstadt,C,COL,69,-22,dz_faceoff_win
8479999,Casey Mittelstadt,C,COL,69,22,dz_faceoff_win
8479999,Casey Mittelstadt,C,COL,69,-22,dz_faceoff_win
8479999,Casey Mittelstadt,C,COL,69,22,dz_faceoff_win
8479999,Casey Mittelstadt,C,COL,69,-22,dz_faceoff_win
8479999,Casey Mittelstadt,C,COL,69,-22,dz_faceoff_win
8479999,Casey Mittelstadt,C,COL,69,22,dz_faceoff_win
8479999,Casey Mittelstadt,C,COL,69,-22,dz_faceoff_win
8479999,Casey Mittelstadt,C,COL,69,-22,dz_faceoff_win
8479999,Casey Mittelstadt,C,COL,69,-22,dz_faceoff_win
8479999,Casey Mittelstadt,C,COL,69,-22,dz_faceoff_win
8479999,Casey Mittelstadt,C,COL,69,-22,dz_faceoff_win
8479999,Casey Mittelstadt,C,COL,69,-22,dz_faceoff_win
8479999,Casey Mittelstadt,C,COL,69,22,dz_faceoff_win
8479999,Casey Mittelstadt,C,COL,7,41,hit_taken
8479999,Casey Mittelstadt,C,COL,96,9,hit_taken
8479999,Casey Mittelstadt,C,COL,97,11,hit_taken
8479999,Casey Mittelstadt,C,COL,88,-32,hit_taken
8479999,Casey Mittelstadt,C,COL,96,-24,hit_taken
8479999,Casey Mittelstadt,C,COL,98,-14,hit_taken
8479999,Casey Mittelstadt,C,COL,97,1,hit_taken
8479999,Casey Mittelstadt,C,COL,96,-21,hit_taken
8479999,Casey Mittelstadt,C,COL,14,-38,hit_taken
8479999,Casey Mittelstadt,C,COL,55,-39,hit_taken
8479999,Casey Mittelstadt,C,COL,98,15,hit_taken
8479999,Casey Mittelstadt,C,COL,71,38,hit_taken
8479999,Casey Mittelstadt,C,COL,91,-33,hit_taken
8479999,Casey Mittelstadt,C,COL,44,41,hit_taken
8479999,Casey Mittelstadt,C,COL,85,-35,hit_taken
8479999,Casey Mittelstadt,C,COL,97,21,hit_taken
8479999,Casey Mittelstadt,C,COL,5,-42,hit_taken
8479999,Casey Mittelstadt,C,COL,23,40,hit_taken
8479999,Casey Mittelstadt,C,COL,46,6,hit_taken
8479999,Casey Mittelstadt,C,COL,84,-37,hit_taken
8479999,Casey Mittelstadt,C,COL,88,35,hit_taken
8479999,Casey Mittelstadt,C,COL,49,40,hit_taken
8479999,Casey Mittelstadt,C,COL,45,-38,hit_taken
8479999,Casey Mittelstadt,C,COL,11,-9,hit_taken
8479999,Casey Mittelstadt,C,COL,88,-36,hit_taken
8479999,Casey Mittelstadt,C,COL,94,-27,hit_thrown
8479999,Casey Mittelstadt,C,COL,99,-18,hit_thrown
8479999,Casey Mittelstadt,C,COL,28,-40,hit_thrown
8479999,Casey Mittelstadt,C,COL,7,35,hit_thrown
8479999,Casey Mittelstadt,C,COL,51,-37,hit_thrown
8479999,Casey Mittelstadt,C,COL,8,-41,hit_thrown
8479999,Casey Mittelstadt,C,COL,83,-38,hit_thrown
8479999,Casey Mittelstadt,C,COL,93,-23,hit_thrown
8479999,Casey Mittelstadt,C,COL,16,-41,hit_thrown
8479999,Casey Mittelstadt,C,COL,90,-32,hit_thrown
8479999,Casey Mittelstadt,C,COL,95,-12,hit_thrown
8479999,Casey Mittelstadt,C,COL,53,-36,hit_thrown
8479999,Casey Mittelstadt,C,COL,64,41,hit_thrown
8479999,Casey Mittelstadt,C,COL,98,8,hit_thrown
8479999,Casey Mittelstadt,C,COL,94,32,hit_thrown
8479999,Casey Mittelstadt,C,COL,56,-40,hit_thrown
8479999,Casey Mittelstadt,C,COL,58,35,takeaway_other
8479999,Casey Mittelstadt,C,COL,61,38,takeaway_other
8479999,Casey Mittelstadt,C,COL,66,1,takeaway_other
8479999,Casey Mittelstadt,C,COL,89,28,takeaway_other
8479999,Casey Mittelstadt,C,COL,79,-34,takeaway_other
8479999,Casey Mittelstadt,C,COL,50,-40,takeaway_other
8479999,Casey Mittelstadt,C,COL,47,-37,takeaway_other
8479999,Casey Mittelstadt,C,COL,40,-25,takeaway_other
8480003,Jesper Boqvist,C,BOS,76,-10,block_hd
8480003,Jesper Boqvist,C,BOS,56,-32,block_non_hd
8480003,Jesper Boqvist,C,BOS,75,-29,block_non_hd
8480003,Jesper Boqvist,C,BOS,59,20,block_non_hd
8480003,Jesper Boqvist,C,BOS,69,22,dz_faceoff_win
8480003,Jesper Boqvist,C,BOS,3,-39,hit_taken
8480003,Jesper Boqvist,C,BOS,52,40,hit_taken
8480003,Jesper Boqvist,C,BOS,40,35,hit_taken
8480003,Jesper Boqvist,C,BOS,16,-33,hit_taken
8480003,Jesper Boqvist,C,BOS,33,31,hit_taken
8480003,Jesper Boqvist,C,BOS,1,-39,hit_taken
8480003,Jesper Boqvist,C,BOS,90,-33,hit_taken
8480003,Jesper Boqvist,C,BOS,98,10,hit_taken
8480003,Jesper Boqvist,C,BOS,90,-33,hit_taken
8480003,Jesper Boqvist,C,BOS,83,-36,hit_taken
8480003,Jesper Boqvist,C,BOS,86,35,hit_taken
8480003,Jesper Boqvist,C,BOS,66,37,hit_taken
8480003,Jesper Boqvist,C,BOS,39,-40,hit_taken
8480003,Jesper Boqvist,C,BOS,15,38,hit_taken
8480003,Jesper Boqvist,C,BOS,25,33,hit_thrown
8480003,Jesper Boqvist,C,BOS,23,-37,hit_thrown
8480003,Jesper Boqvist,C,BOS,0,38,hit_thrown
8480003,Jesper Boqvist,C,BOS,64,-40,hit_thrown
8480003,Jesper Boqvist,C,BOS,86,-37,hit_thrown
8480003,Jesper Boqvist,C,BOS,83,38,hit_thrown
8480003,Jesper Boqvist,C,BOS,92,30,hit_thrown
8480003,Jesper Boqvist,C,BOS,94,-22,hit_thrown
8480003,Jesper Boqvist,C,BOS,97,-19,hit_thrown
8480003,Jesper Boqvist,C,BOS,22,40,hit_thrown
8480003,Jesper Boqvist,C,BOS,80,38,hit_thrown
8480003,Jesper Boqvist,C,BOS,26,39,hit_thrown
8480003,Jesper Boqvist,C,BOS,97,-21,hit_thrown
8480003,Jesper Boqvist,C,BOS,69,-40,hit_thrown
8480003,Jesper Boqvist,C,BOS,97,-8,hit_thrown
8480003,Jesper Boqvist,C,BOS,40,38,hit_thrown
8480003,Jesper Boqvist,C,BOS,43,-40,hit_thrown
8480003,Jesper Boqvist,C,BOS,86,34,hit_thrown
8480003,Jesper Boqvist,C,BOS,78,-32,hit_thrown
8480003,Jesper Boqvist,C,BOS,76,41,hit_thrown
8480003,Jesper Boqvist,C,BOS,23,-38,hit_thrown
8480003,Jesper Boqvist,C,BOS,73,-37,hit_thrown
8480003,Jesper Boqvist,C,BOS,96,16,hit_thrown
8480003,Jesper Boqvist,C,BOS,60,-37,hit_thrown
8480003,Jesper Boqvist,C,BOS,48,41,hit_thrown
8480003,Jesper Boqvist,C,BOS,96,24,hit_thrown
8480003,Jesper Boqvist,C,BOS,97,19,takeaway_other
8480012,Elias Pettersson,C,VAN,70,-16,block_hd
8480012,Elias Pettersson,C,VAN,51,18,block_non_hd
8480012,Elias Pettersson,C,VAN,57,19,block_non_hd
8480012,Elias Pettersson,C,VAN,68,7,block_non_hd
8480012,Elias Pettersson,C,VAN,41,27,block_non_hd
8480012,Elias Pettersson,C,VAN,65,31,block_non_hd
8480012,Elias Pettersson,C,VAN,68,26,block_non_hd
8480012,Elias Pettersson,C,VAN,34,36,block_non_hd
8480012,Elias Pettersson,C,VAN,69,11,block_non_hd
8480012,Elias Pettersson,C,VAN,68,15,block_non_hd
8480012,Elias Pettersson,C,VAN,67,-12,block_non_hd
8480012,Elias Pettersson,C,VAN,68,12,block_non_hd
8480012,Elias Pettersson,C,VAN,69,22,dz_faceoff_win
8480012,Elias Pettersson,C,VAN,69,22,dz_faceoff_win
8480012,Elias Pettersson,C,VAN,69,22,dz_faceoff_win
8480012,Elias Pettersson,C,VAN,69,-22,dz_faceoff_win
8480012,Elias Pettersson,C,VAN,69,22,dz_faceoff_win
8480012,Elias Pettersson,C,VAN,69,-22,dz_faceoff_win
8480012,Elias Pettersson,C,VAN,69,-22,dz_faceoff_win
8480012,Elias Pettersson,C,VAN,69,22,dz_faceoff_win
8480012,Elias Pettersson,C,VAN,69,22,dz_faceoff_win
8480012,Elias Pettersson,C,VAN,69,22,dz_faceoff_win
8480012,Elias Pettersson,C,VAN,69,22,dz_faceoff_win
8480012,Elias Pettersson,C,VAN,69,-22,dz_faceoff_win
8480012,Elias Pettersson,C,VAN,69,-22,dz_faceoff_win
8480012,Elias Pettersson,C,VAN,69,-22,dz_faceoff_win
8480012,Elias Pettersson,C,VAN,98,15,hit_taken
8480012,Elias Pettersson,C,VAN,96,14,hit_taken
8480012,Elias Pettersson,C,VAN,80,36,hit_taken
8480012,Elias Pettersson,C,VAN,81,-35,hit_taken
8480012,Elias Pettersson,C,VAN,27,40,hit_taken
8480012,Elias Pettersson,C,VAN,44,38,hit_taken
8480012,Elias Pettersson,C,VAN,67,-22,hit_taken
8480012,Elias Pettersson,C,VAN,11,42,hit_taken
8480012,Elias Pettersson,C,VAN,58,-39,hit_taken
8480012,Elias Pettersson,C,VAN,36,39,hit_taken
8480012,Elias Pettersson,C,VAN,50,-29,hit_taken
8480012,Elias Pettersson,C,VAN,35,39,hit_taken
8480012,Elias Pettersson,C,VAN,96,3,hit_taken
8480012,Elias Pettersson,C,VAN,94,1,hit_taken
8480012,Elias Pettersson,C,VAN,82,-30,hit_taken
8480012,Elias Pettersson,C,VAN,21,-40,hit_taken
8480012,Elias Pettersson,C,VAN,56,38,hit_taken
8480012,Elias Pettersson,C,VAN,42,1,hit_taken
8480012,Elias Pettersson,C,VAN,68,-40,hit_taken
8480012,Elias Pettersson,C,VAN,93,14,hit_taken
8480012,Elias Pettersson,C,VAN,32,-38,hit_taken
8480012,Elias Pettersson,C,VAN,98,3,hit_taken
8480012,Elias Pettersson,C,VAN,96,25,hit_taken
8480012,Elias Pettersson,C,VAN,76,37,hit_taken
8480012,Elias Pettersson,C,VAN,4,-37,hit_taken
8480012,Elias Pettersson,C,VAN,6,38,hit_thrown
8480012,Elias Pettersson,C,VAN,28,39,hit_thrown
8480012,Elias Pettersson,C,VAN,96,-17,hit_thrown
8480012,Elias Pettersson,C,VAN,22,-36,hit_thrown
8480012,Elias Pettersson,C,VAN,36,-41,hit_thrown
8480012,Elias Pettersson,C,VAN,16,-39,hit_thrown
8480012,Elias Pettersson,C,VAN,69,39,hit_thrown
8480012,Elias Pettersson,C,VAN,29,13,hit_thrown
8480012,Elias Pettersson,C,VAN,13,-41,hit_thrown
8480012,Elias Pettersson,C,VAN,40,38,hit_thrown
8480012,Elias Pettersson,C,VAN,59,41,hit_thrown
8480012,Elias Pettersson,C,VAN,50,-39,hit_thrown
8480012,Elias Pettersson,C,VAN,1,39,hit_thrown
8480012,Elias Pettersson,C,VAN,5,39,hit_thrown
8480012,Elias Pettersson,C,VAN,97,7,hit_thrown
8480012,Elias Pettersson,C,VAN,92,27,hit_thrown
8480012,Elias Pettersson,C,VAN,30,-41,hit_thrown
8480012,Elias Pettersson,C,VAN,87,35,hit_thrown
8480012,Elias Pettersson,C,VAN,91,30,hit_thrown
8480012,Elias Pettersson,C,VAN,58,-39,hit_thrown
8480012,Elias Pettersson,C,VAN,0,-38,hit_thrown
8480012,Elias Pettersson,C,VAN,72,-39,hit_thrown
8480012,Elias Pettersson,C,VAN,99,15,hit_thrown
8480012,Elias Pettersson,C,VAN,96,-9,hit_thrown
8480012,Elias Pettersson,C,VAN,72,37,hit_thrown
8480012,Elias Pettersson,C,VAN,74,38,hit_thrown
8480012,Elias Pettersson,C,VAN,57,-40,hit_thrown
8480012,Elias Pettersson,C,VAN,90,26,hit_thrown
8480012,Elias Pettersson,C,VAN,42,-36,takeaway_other
8480012,Elias Pettersson,C,VAN,35,-35,takeaway_other
8480012,Elias Pettersson,C,VAN,51,26,takeaway_other
8480012,Elias Pettersson,C,VAN,83,29,takeaway_other
8480012,Elias Pettersson,C,VAN,94,21,takeaway_other
8480012,Elias Pettersson,C,VAN,48,-39,takeaway_other
8480012,Elias Pettersson,C,VAN,11,26,takeaway_other
8480012,Elias Pettersson,C,VAN,15,-39,takeaway_other
8480014,Gabriel Vilardi,C,WPG,85,8,block_hd
8480014,Gabriel Vilardi,C,WPG,77,6,block_hd
8480014,Gabriel Vilardi,C,WPG,64,28,block_non_hd
8480014,Gabriel Vilardi,C,WPG,67,-7,block_non_hd
8480014,Gabriel Vilardi,C,WPG,41,30,block_non_hd
8480014,Gabriel Vilardi,C,WPG,96,16,hit_taken
8480014,Gabriel Vilardi,C,WPG,67,38,hit_taken
8480014,Gabriel Vilardi,C,WPG,72,10,hit_taken
8480014,Gabriel Vilardi,C,WPG,45,-39,hit_taken
8480014,Gabriel Vilardi,C,WPG,23,-40,hit_taken
8480014,Gabriel Vilardi,C,WPG,99,-5,hit_taken
8480014,Gabriel Vilardi,C,WPG,98,-4,hit_thrown
8480014,Gabriel Vilardi,C,WPG,87,-37,hit_thrown
8480014,Gabriel Vilardi,C,WPG,72,-8,hit_thrown
8480014,Gabriel Vilardi,C,WPG,45,-40,hit_thrown
8480014,Gabriel Vilardi,C,WPG,33,-35,takeaway_other
8480027,Jason Robertson,L,DAL,81,-1,block_hd
8480027,Jason Robertson,L,DAL,80,-1,block_hd
8480027,Jason Robertson,L,DAL,70,4,block_hd
8480027,Jason Robertson,L,DAL,78,-8,block_hd
8480027,Jason Robertson,L,DAL,81,-1,block_hd
8480027,Jason Robertson,L,DAL,70,-7,block_hd
8480027,Jason Robertson,L,DAL,81,-1,block_hd
8480027,Jason Robertson,L,DAL,53,11,block_non_hd
8480027,Jason Robertson,L,DAL,40,-9,block_non_hd
8480027,Jason Robertson,L,DAL,58,4,block_non_hd
8480027,Jason Robertson,L,DAL,50,-17,block_non_hd
8480027,Jason Robertson,L,DAL,42,31,block_non_hd
8480027,Jason Robertson,L,DAL,45,-14,block_non_hd
8480027,Jason Robertson,L,DAL,59,-20,block_non_hd
8480027,Jason Robertson,L,DAL,53,22,block_non_hd
8480027,Jason Robertson,L,DAL,63,-3,block_non_hd
8480027,Jason Robertson,L,DAL,60,0,block_non_hd
8480027,Jason Robertson,L,DAL,84,28,block_non_hd
8480027,Jason Robertson,L,DAL,56,-9,block_non_hd
8480027,Jason Robertson,L,DAL,54,-1,block_non_hd
8480027,Jason Robertson,L,DAL,67,17,block_non_hd
8480027,Jason Robertson,L,DAL,56,-27,block_non_hd
8480027,Jason Robertson,L,DAL,90,6,crease_goal
8480027,Jason Robertson,L,DAL,39,35,hit_taken
8480027,Jason Robertson,L,DAL,40,39,hit_taken
8480027,Jason Robertson,L,DAL,77,-41,hit_taken
8480027,Jason Robertson,L,DAL,87,-35,hit_taken
8480027,Jason Robertson,L,DAL,92,-30,hit_taken
8480027,Jason Robertson,L,DAL,22,24,hit_taken
8480027,Jason Robertson,L,DAL,16,-39,hit_taken
8480027,Jason Robertson,L,DAL,69,40,hit_taken
8480027,Jason Robertson,L,DAL,30,40,hit_taken
8480027,Jason Robertson,L,DAL,48,-26,hit_taken
8480027,Jason Robertson,L,DAL,43,7,hit_taken
8480027,Jason Robertson,L,DAL,0,-38,hit_taken
8480027,Jason Robertson,L,DAL,73,-38,hit_taken
8480027,Jason Robertson,L,DAL,42,-23,hit_taken
8480027,Jason Robertson,L,DAL,60,41,hit_taken
8480027,Jason Robertson,L,DAL,56,40,hit_taken
8480027,Jason Robertson,L,DAL,97,-24,hit_taken
8480027,Jason Robertson,L,DAL,42,40,hit_taken
8480027,Jason Robertson,L,DAL,90,-33,hit_taken
8480027,Jason Robertson,L,DAL,89,33,hit_taken
8480027,Jason Robertson,L,DAL,98,-5,hit_taken
8480027,Jason Robertson,L,DAL,89,33,hit_taken
8480027,Jason Robertson,L,DAL,41,37,hit_taken
8480027,Jason Robertson,L,DAL,92,-31,hit_taken
8480027,Jason Robertson,L,DAL,94,-29,hit_taken
8480027,Jason Robertson,L,DAL,98,8,hit_taken
8480027,Jason Robertson,L,DAL,6,22,hit_taken
8480027,Jason Robertson,L,DAL,30,-40,hit_taken
8480027,Jason Robertson,L,DAL,78,-40,hit_taken
8480027,Jason Robertson,L,DAL,91,-33,hit_taken
8480027,Jason Robertson,L,DAL,3,40,hit_taken
8480027,Jason Robertson,L,DAL,87,36,hit_taken
8480027,Jason Robertson,L,DAL,86,35,hit_taken
8480027,Jason Robertson,L,DAL,92,33,hit_taken
8480027,Jason Robertson,L,DAL,41,41,hit_taken
8480027,Jason Robertson,L,DAL,62,-39,hit_taken
8480027,Jason Robertson,L,DAL,8,-40,hit_taken
8480027,Jason Robertson,L,DAL,13,-39,hit_taken
8480027,Jason Robertson,L,DAL,31,40,hit_taken
8480027,Jason Robertson,L,DAL,98,-3,hit_thrown
8480027,Jason Robertson,L,DAL,72,42,hit_thrown
8480027,Jason Robertson,L,DAL,97,-22,hit_thrown
8480027,Jason Robertson,L,DAL,22,-29,hit_thrown
8480027,Jason Robertson,L,DAL,93,24,hit_thrown
8480027,Jason Robertson,L,DAL,92,-31,hit_thrown
8480027,Jason Robertson,L,DAL,51,39,hit_thrown
8480027,Jason Robertson,L,DAL,52,-37,hit_thrown
8480027,Jason Robertson,L,DAL,61,39,hit_thrown
8480027,Jason Robertson,L,DAL,64,40,hit_thrown
8480027,Jason Robertson,L,DAL,15,-35,hit_thrown
8480027,Jason Robertson,L,DAL,90,34,hit_thrown
8480027,Jason Robertson,L,DAL,72,-39,hit_thrown
8480027,Jason Robertson,L,DAL,23,-34,hit_thrown
8480027,Jason Robertson,L,DAL,17,-40,hit_thrown
8480027,Jason Robertson,L,DAL,16,-40,hit_thrown
8480027,Jason Robertson,L,DAL,2,-23,hit_thrown
8480027,Jason Robertson,L,DAL,78,38,hit_thrown
8480027,Jason Robertson,L,DAL,36,40,hit_thrown
8480027,Jason Robertson,L,DAL,37,-39,hit_thrown
8480027,Jason Robertson,L,DAL,24,15,hit_thrown
8480027,Jason Robertson,L,DAL,45,-36,hit_thrown
8480027,Jason Robertson,L,DAL,72,8,hit_thrown
8480027,Jason Robertson,L,DAL,88,37,hit_thrown
8480027,Jason Robertson,L,DAL,26,-40,hit_thrown
8480027,Jason Robertson,L,DAL,97,1,hit_thrown
8480027,Jason Robertson,L,DAL,98,14,takeaway_hd
8480027,Jason Robertson,L,DAL,47,35,takeaway_other
8480027,Jason Robertson,L,DAL,46,25,takeaway_other
8480027,Jason Robertson,L,DAL,37,-12,takeaway_other
8480027,Jason Robertson,L,DAL,18,36,takeaway_other
8480027,Jason Robertson,L,DAL,11,-22,takeaway_other
8480027,Jason Robertson,L,DAL,75,-36,takeaway_other
8480027,Jason Robertson,L,DAL,20,-3,takeaway_other
8480027,Jason Robertson,L,DAL,55,-12,takeaway_other
8480027,Jason Robertson,L,DAL,26,-29,takeaway_other
8480027,Jason Robertson,L,DAL,15,-7,takeaway_other
8480027,Jason Robertson,L,DAL,64,41,takeaway_other
8480027,Jason Robertson,L,DAL,31,-39,takeaway_other
8480027,Jason Robertson,L,DAL,51,-33,takeaway_other
8480027,Jason Robertson,L,DAL,62,-39,takeaway_other
8480027,Jason Robertson,L,DAL,30,16,takeaway_other
8480027,Jason Robertson,L,DAL,64,38,takeaway_other
8480027,Jason Robertson,L,DAL,60,-22,takeaway_other
8480027,Jason Robertson,L,DAL,30,23,takeaway_other
8480031,Maxime Comtois,L,CAR,39,31,block_non_hd
8480031,Maxime Comtois,L,CAR,55,-11,block_non_hd
8480031,Maxime Comtois,L,CAR,28,-37,hit_taken
8480031,Maxime Comtois,L,CAR,95,6,hit_thrown
8480031,Maxime Comtois,L,CAR,71,39,hit_thrown
8480031,Maxime Comtois,L,CAR,97,-7,hit_thrown
8480036,Miro Heiskanen,D,DAL,80,-5,block_hd
8480036,Miro Heiskanen,D,DAL,75,0,block_hd
8480036,Miro Heiskanen,D,DAL,81,-1,block_hd
8480036,Miro Heiskanen,D,DAL,77,0,block_hd
8480036,Miro Heiskanen,D,DAL,75,1,block_hd
8480036,Miro Heiskanen,D,DAL,82,5,block_hd
8480036,Miro Heiskanen,D,DAL,72,11,block_hd
8480036,Miro Heiskanen,D,DAL,76,-13,block_hd
8480036,Miro Heiskanen,D,DAL,70,-6,block_hd
8480036,Miro Heiskanen,D,DAL,85,14,block_hd
8480036,Miro Heiskanen,D,DAL,74,-7,block_hd
8480036,Miro Heiskanen,D,DAL,74,-4,block_hd
8480036,Miro Heiskanen,D,DAL,75,-6,block_hd
8480036,Miro Heiskanen,D,DAL,75,-4,block_hd
8480036,Miro Heiskanen,D,DAL,81,-16,block_hd
8480036,Miro Heiskanen,D,DAL,75,8,block_hd
8480036,Miro Heiskanen,D,DAL,80,15,block_hd
8480036,Miro Heiskanen,D,DAL,76,-3,block_hd
8480036,Miro Heiskanen,D,DAL,80,-2,block_hd
8480036,Miro Heiskanen,D,DAL,81,7,block_hd
8480036,Miro Heiskanen,D,DAL,76,-2,block_hd
8480036,Miro Heiskanen,D,DAL,70,5,block_hd
8480036,Miro Heiskanen,D,DAL,23,-28,block_non_hd
8480036,Miro Heiskanen,D,DAL,16,14,block_non_hd
8480036,Miro Heiskanen,D,DAL,67,17,block_non_hd
8480036,Miro Heiskanen,D,DAL,51,-1,block_non_hd
8480036,Miro Heiskanen,D,DAL,68,0,block_non_hd
8480036,Miro Heiskanen,D,DAL,68,18,block_non_hd
8480036,Miro Heiskanen,D,DAL,50,2,block_non_hd
8480036,Miro Heiskanen,D,DAL,58,10,block_non_hd
8480036,Miro Heiskanen,D,DAL,65,15,block_non_hd
8480036,Miro Heiskanen,D,DAL,74,29,block_non_hd
8480036,Miro Heiskanen,D,DAL,69,12,block_non_hd
8480036,Miro Heiskanen,D,DAL,49,11,block_non_hd
8480036,Miro Heiskanen,D,DAL,51,17,block_non_hd
8480036,Miro Heiskanen,D,DAL,73,34,block_non_hd
8480036,Miro Heiskanen,D,DAL,44,25,block_non_hd
8480036,Miro Heiskanen,D,DAL,67,4,block_non_hd
8480036,Miro Heiskanen,D,DAL,60,4,block_non_hd
8480036,Miro Heiskanen,D,DAL,58,19,block_non_hd
8480036,Miro Heiskanen,D,DAL,46,3,block_non_hd
8480036,Miro Heiskanen,D,DAL,49,12,block_non_hd
8480036,Miro Heiskanen,D,DAL,82,6,crease_goal
8480036,Miro Heiskanen,D,DAL,39,-31,hit_taken
8480036,Miro Heiskanen,D,DAL,96,-6,hit_taken
8480036,Miro Heiskanen,D,DAL,75,-41,hit_taken
8480036,Miro Heiskanen,D,DAL,93,-27,hit_taken
8480036,Miro Heiskanen,D,DAL,84,-38,hit_taken
8480036,Miro Heiskanen,D,DAL,90,-32,hit_taken
8480036,Miro Heiskanen,D,DAL,98,7,hit_taken
8480036,Miro Heiskanen,D,DAL,94,-26,hit_taken
8480036,Miro Heiskanen,D,DAL,96,16,hit_taken
8480036,Miro Heiskanen,D,DAL,96,-11,hit_taken
8480036,Miro Heiskanen,D,DAL,90,31,hit_taken
8480036,Miro Heiskanen,D,DAL,87,-35,hit_taken
8480036,Miro Heiskanen,D,DAL,95,-19,hit_taken
8480036,Miro Heiskanen,D,DAL,97,-11,hit_taken
8480036,Miro Heiskanen,D,DAL,46,37,hit_taken
8480036,Miro Heiskanen,D,DAL,67,35,hit_taken
8480036,Miro Heiskanen,D,DAL,58,-38,hit_taken
8480036,Miro Heiskanen,D,DAL,50,38,hit_taken
8480036,Miro Heiskanen,D,DAL,92,27,hit_taken
8480036,Miro Heiskanen,D,DAL,97,-9,hit_taken
8480036,Miro Heiskanen,D,DAL,94,30,hit_taken
8480036,Miro Heiskanen,D,DAL,93,27,hit_taken
8480036,Miro Heiskanen,D,DAL,91,-32,hit_taken
8480036,Miro Heiskanen,D,DAL,59,-40,hit_taken
8480036,Miro Heiskanen,D,DAL,97,-9,hit_taken
8480036,Miro Heiskanen,D,DAL,84,39,hit_taken
8480036,Miro Heiskanen,D,DAL,28,-41,hit_taken
8480036,Miro Heiskanen,D,DAL,77,38,hit_taken
8480036,Miro Heiskanen,D,DAL,95,24,hit_taken
8480036,Miro Heiskanen,D,DAL,94,25,hit_taken
8480036,Miro Heiskanen,D,DAL,3,-39,hit_taken
8480036,Miro Heiskanen,D,DAL,93,27,hit_taken
8480036,Miro Heiskanen,D,DAL,94,27,hit_taken
8480036,Miro Heiskanen,D,DAL,85,35,hit_taken
8480036,Miro Heiskanen,D,DAL,98,1,hit_taken
8480036,Miro Heiskanen,D,DAL,90,-34,hit_taken
8480036,Miro Heiskanen,D,DAL,97,-21,hit_taken
8480036,Miro Heiskanen,D,DAL,97,12,hit_taken
8480036,Miro Heiskanen,D,DAL,16,-41,hit_taken
8480036,Miro Heiskanen,D,DAL,94,26,hit_taken
8480036,Miro Heiskanen,D,DAL,95,-12,hit_taken
8480036,Miro Heiskanen,D,DAL,65,-39,hit_taken
8480036,Miro Heiskanen,D,DAL,78,39,hit_taken
8480036,Miro Heiskanen,D,DAL,94,29,hit_taken
8480036,Miro Heiskanen,D,DAL,97,-4,hit_taken
8480036,Miro Heiskanen,D,DAL,51,40,hit_taken
8480036,Miro Heiskanen,D,DAL,98,-2,hit_taken
8480036,Miro Heiskanen,D,DAL,98,22,hit_taken
8480036,Miro Heiskanen,D,DAL,90,33,hit_taken
8480036,Miro Heiskanen,D,DAL,57,40,hit_taken
8480036,Miro Heiskanen,D,DAL,91,-26,hit_taken
8480036,Miro Heiskanen,D,DAL,2,-40,hit_taken
8480036,Miro Heiskanen,D,DAL,39,-39,hit_taken
8480036,Miro Heiskanen,D,DAL,98,-19,hit_taken
8480036,Miro Heiskanen,D,DAL,40,-42,hit_taken
8480036,Miro Heiskanen,D,DAL,97,-17,hit_taken
8480036,Miro Heiskanen,D,DAL,98,18,hit_taken
8480036,Miro Heiskanen,D,DAL,95,-28,hit_taken
8480036,Miro Heiskanen,D,DAL,96,-8,hit_taken
8480036,Miro Heiskanen,D,DAL,92,30,hit_taken
8480036,Miro Heiskanen,D,DAL,96,-7,hit_taken
8480036,Miro Heiskanen,D,DAL,92,33,hit_taken
8480036,Miro Heiskanen,D,DAL,95,-26,hit_taken
8480036,Miro Heiskanen,D,DAL,22,-42,hit_taken
8480036,Miro Heiskanen,D,DAL,98,-10,hit_taken
8480036,Miro Heiskanen,D,DAL,78,-36,hit_taken
8480036,Miro Heiskanen,D,DAL,92,-29,hit_taken
8480036,Miro Heiskanen,D,DAL,92,27,hit_taken
8480036,Miro Heiskanen,D,DAL,54,-38,hit_taken
8480036,Miro Heiskanen,D,DAL,98,-7,hit_taken
8480036,Miro Heiskanen,D,DAL,93,-26,hit_taken
8480036,Miro Heiskanen,D,DAL,9,41,hit_taken
8480036,Miro Heiskanen,D,DAL,51,-41,hit_taken
8480036,Miro Heiskanen,D,DAL,96,-23,hit_taken
8480036,Miro Heiskanen,D,DAL,89,34,hit_taken
8480036,Miro Heiskanen,D,DAL,81,-37,hit_taken
8480036,Miro Heiskanen,D,DAL,96,19,hit_taken
8480036,Miro Heiskanen,D,DAL,97,12,hit_taken
8480036,Miro Heiskanen,D,DAL,85,-34,hit_taken
8480036,Miro Heiskanen,D,DAL,97,-15,hit_taken
8480036,Miro Heiskanen,D,DAL,92,31,hit_taken
8480036,Miro Heiskanen,D,DAL,10,-39,hit_taken
8480036,Miro Heiskanen,D,DAL,51,-25,hit_taken
8480036,Miro Heiskanen,D,DAL,22,-38,hit_taken
8480036,Miro Heiskanen,D,DAL,97,12,hit_taken
8480036,Miro Heiskanen,D,DAL,86,35,hit_thrown
8480036,Miro Heiskanen,D,DAL,80,39,hit_thrown
8480036,Miro Heiskanen,D,DAL,97,-18,hit_thrown
8480036,Miro Heiskanen,D,DAL,9,39,hit_thrown
8480036,Miro Heiskanen,D,DAL,34,31,hit_thrown
8480036,Miro Heiskanen,D,DAL,53,40,hit_thrown
8480036,Miro Heiskanen,D,DAL,78,38,hit_thrown
8480036,Miro Heiskanen,D,DAL,96,-22,hit_thrown
8480036,Miro Heiskanen,D,DAL,27,40,hit_thrown
8480036,Miro Heiskanen,D,DAL,90,29,hit_thrown
8480036,Miro Heiskanen,D,DAL,83,38,hit_thrown
8480036,Miro Heiskanen,D,DAL,97,-19,hit_thrown
8480036,Miro Heiskanen,D,DAL,96,25,hit_thrown
8480036,Miro Heiskanen,D,DAL,94,-26,hit_thrown
8480036,Miro Heiskanen,D,DAL,94,-26,hit_thrown
8480036,Miro Heiskanen,D,DAL,35,39,hit_thrown
8480036,Miro Heiskanen,D,DAL,58,39,hit_thrown
8480036,Miro Heiskanen,D,DAL,52,41,hit_thrown
8480036,Miro Heiskanen,D,DAL,93,22,hit_thrown
8480036,Miro Heiskanen,D,DAL,51,41,hit_thrown
8480036,Miro Heiskanen,D,DAL,94,-28,hit_thrown
8480036,Miro Heiskanen,D,DAL,89,26,hit_thrown
8480036,Miro Heiskanen,D,DAL,97,-16,hit_thrown
8480036,Miro Heiskanen,D,DAL,59,41,hit_thrown
8480036,Miro Heiskanen,D,DAL,86,-36,hit_thrown
8480036,Miro Heiskanen,D,DAL,81,35,hit_thrown
8480036,Miro Heiskanen,D,DAL,87,-18,takeaway_hd
8480036,Miro Heiskanen,D,DAL,98,-4,takeaway_hd
8480036,Miro Heiskanen,D,DAL,94,-6,takeaway_hd
8480036,Miro Heiskanen,D,DAL,3,1,takeaway_other
8480036,Miro Heiskanen,D,DAL,48,37,takeaway_other
8480036,Miro Heiskanen,D,DAL,33,30,takeaway_other
8480036,Miro Heiskanen,D,DAL,33,-28,takeaway_other
8480036,Miro Heiskanen,D,DAL,71,38,takeaway_other
8480036,Miro Heiskanen,D,DAL,96,28,takeaway_other
8480036,Miro Heiskanen,D,DAL,14,27,takeaway_other
8480039,Martin Necas,C,CAR,79,1,block_hd
8480039,Martin Necas,C,CAR,72,-29,block_non_hd
8480039,Martin Necas,C,CAR,43,-5,block_non_hd
8480039,Martin Necas,C,CAR,83,6,crease_goal
8480039,Martin Necas,C,CAR,49,37,hit_taken
8480039,Martin Necas,C,CAR,24,41,hit_taken
8480039,Martin Necas,C,CAR,93,27,hit_taken
8480039,Martin Necas,C,CAR,93,-23,hit_taken
8480039,Martin Necas,C,CAR,89,-20,hit_taken
8480039,Martin Necas,C,CAR,38,1,hit_taken
8480039,Martin Necas,C,CAR,97,24,hit_taken
8480039,Martin Necas,C,CAR,69,-38,hit_taken
8480039,Martin Necas,C,CAR,97,8,hit_taken
8480039,Martin Necas,C,CAR,46,37,hit_taken
8480039,Martin Necas,C,CAR,99,-16,hit_taken
8480039,Martin Necas,C,CAR,96,10,hit_taken
8480039,Martin Necas,C,CAR,92,-29,hit_taken
8480039,Martin Necas,C,CAR,16,-1,hit_taken
8480039,Martin Necas,C,CAR,16,-38,hit_taken
8480039,Martin Necas,C,CAR,39,32,hit_taken
8480039,Martin Necas,C,CAR,74,-42,hit_taken
8480039,Martin Necas,C,CAR,55,38,hit_taken
8480039,Martin Necas,C,CAR,71,-28,hit_taken
8480039,Martin Necas,C,CAR,1,-32,hit_thrown
8480039,Martin Necas,C,CAR,76,35,hit_thrown
8480039,Martin Necas,C,CAR,94,-23,hit_thrown
8480039,Martin Necas,C,CAR,54,39,hit_thrown
8480039,Martin Necas,C,CAR,75,-35,hit_thrown
8480039,Martin Necas,C,CAR,94,31,hit_thrown
8480039,Martin Necas,C,CAR,13,42,hit_thrown
8480039,Martin Necas,C,CAR,82,36,hit_thrown
8480039,Martin Necas,C,CAR,97,7,hit_thrown
8480039,Martin Necas,C,CAR,62,40,hit_thrown
8480039,Martin Necas,C,CAR,88,35,hit_thrown
8480039,Martin Necas,C,CAR,46,-36,hit_thrown
8480039,Martin Necas,C,CAR,10,17,hit_thrown
8480039,Martin Necas,C,CAR,97,-16,takeaway_hd
8480039,Martin Necas,C,CAR,25,-36,takeaway_other
8480039,Martin Necas,C,CAR,91,26,takeaway_other
8480039,Martin Necas,C,CAR,21,-29,takeaway_other
8480039,Martin Necas,C,CAR,49,23,takeaway_other
8480039,Martin Necas,C,CAR,26,8,takeaway_other
8480043,Timothy Liljegren,D,TOR,80,0,block_hd
8480043,Timothy Liljegren,D,TOR,78,2,block_hd
8480043,Timothy Liljegren,D,TOR,85,5,block_hd
8480043,Timothy Liljegren,D,TOR,67,11,block_non_hd
8480043,Timothy Liljegren,D,TOR,67,7,block_non_hd
8480043,Timothy Liljegren,D,TOR,94,23,hit_taken
8480043,Timothy Liljegren,D,TOR,12,-41,hit_taken
8480043,Timothy Liljegren,D,TOR,48,39,hit_taken
8480043,Timothy Liljegren,D,TOR,9,-34,hit_taken
8480043,Timothy Liljegren,D,TOR,70,37,hit_taken
8480043,Timothy Liljegren,D,TOR,68,-41,hit_taken
8480043,Timothy Liljegren,D,TOR,97,21,hit_taken
8480043,Timothy Liljegren,D,TOR,88,-25,hit_taken
8480043,Timothy Liljegren,D,TOR,86,-37,hit_taken
8480043,Timothy Liljegren,D,TOR,95,-1,hit_taken
8480043,Timothy Liljegren,D,TOR,76,-41,hit_taken
8480043,Timothy Liljegren,D,TOR,95,24,hit_taken
8480043,Timothy Liljegren,D,TOR,90,-31,hit_taken
8480043,Timothy Liljegren,D,TOR,94,-27,hit_taken
8480043,Timothy Liljegren,D,TOR,14,19,hit_taken
8480043,Timothy Liljegren,D,TOR,95,-10,hit_taken
8480043,Timothy Liljegren,D,TOR,97,14,hit_taken
8480043,Timothy Liljegren,D,TOR,86,34,hit_taken
8480043,Timothy Liljegren,D,TOR,96,6,hit_taken
8480043,Timothy Liljegren,D,TOR,48,-39,hit_taken
8480043,Timothy Liljegren,D,TOR,82,39,hit_taken
8480043,Timothy Liljegren,D,TOR,93,30,hit_taken
8480043,Timothy Liljegren,D,TOR,23,-38,hit_taken
8480043,Timothy Liljegren,D,TOR,83,-37,hit_taken
8480043,Timothy Liljegren,D,TOR,98,7,hit_taken
8480043,Timothy Liljegren,D,TOR,92,-16,hit_taken
8480043,Timothy Liljegren,D,TOR,98,-20,hit_taken
8480043,Timothy Liljegren,D,TOR,78,36,hit_taken
8480043,Timothy Liljegren,D,TOR,86,29,hit_taken
8480043,Timothy Liljegren,D,TOR,96,25,hit_taken
8480043,Timothy Liljegren,D,TOR,92,-13,hit_thrown
8480043,Timothy Liljegren,D,TOR,39,-38,hit_thrown
8480043,Timothy Liljegren,D,TOR,71,-3,hit_thrown
8480043,Timothy Liljegren,D,TOR,95,13,hit_thrown
8480043,Timothy Liljegren,D,TOR,96,-25,hit_thrown
8480043,Timothy Liljegren,D,TOR,39,-39,hit_thrown
8480043,Timothy Liljegren,D,TOR,97,17,hit_thrown
8480043,Timothy Liljegren,D,TOR,4,37,hit_thrown
8480043,Timothy Liljegren,D,TOR,99,-16,hit_thrown
8480043,Timothy Liljegren,D,TOR,42,-39,hit_thrown
8480043,Timothy Liljegren,D,TOR,38,-40,hit_thrown
8480043,Timothy Liljegren,D,TOR,86,37,hit_thrown
8480043,Timothy Liljegren,D,TOR,40,11,takeaway_other
8480049,Dylan Samberg,D,WPG,73,12,block_hd
8480049,Dylan Samberg,D,WPG,73,7,block_hd
8480049,Dylan Samberg,D,WPG,78,-6,block_hd
8480049,Dylan Samberg,D,WPG,78,3,block_hd
8480049,Dylan Samberg,D,WPG,73,1,block_hd
8480049,Dylan Samberg,D,WPG,75,-15,block_hd
8480049,Dylan Samberg,D,WPG,75,0,block_hd
8480049,Dylan Samberg,D,WPG,79,4,block_hd
8480049,Dylan Samberg,D,WPG,72,-10,block_hd
8480049,Dylan Samberg,D,WPG,66,29,block_non_hd
8480049,Dylan Samberg,D,WPG,67,5,block_non_hd
8480049,Dylan Samberg,D,WPG,56,-21,block_non_hd
8480049,Dylan Samberg,D,WPG,97,-7,hit_taken
8480049,Dylan Samberg,D,WPG,96,-24,hit_taken
8480049,Dylan Samberg,D,WPG,17,40,hit_taken
8480049,Dylan Samberg,D,WPG,95,23,hit_taken
8480049,Dylan Samberg,D,WPG,59,-41,hit_taken
8480049,Dylan Samberg,D,WPG,94,25,hit_taken
8480049,Dylan Samberg,D,WPG,95,-19,hit_taken
8480049,Dylan Samberg,D,WPG,84,-38,hit_taken
8480049,Dylan Samberg,D,WPG,80,-39,hit_taken
8480049,Dylan Samberg,D,WPG,62,-41,hit_taken
8480049,Dylan Samberg,D,WPG,98,9,hit_taken
8480049,Dylan Samberg,D,WPG,65,-39,hit_taken
8480049,Dylan Samberg,D,WPG,93,-22,hit_taken
8480049,Dylan Samberg,D,WPG,34,-38,hit_thrown
8480049,Dylan Samberg,D,WPG,92,27,hit_thrown
8480049,Dylan Samberg,D,WPG,19,38,hit_thrown
8480049,Dylan Samberg,D,WPG,95,23,hit_thrown
8480049,Dylan Samberg,D,WPG,50,38,hit_thrown
8480049,Dylan Samberg,D,WPG,76,-39,hit_thrown
8480049,Dylan Samberg,D,WPG,17,-41,hit_thrown
8480049,Dylan Samberg,D,WPG,69,-39,hit_thrown
8480049,Dylan Samberg,D,WPG,15,39,hit_thrown
8480049,Dylan Samberg,D,WPG,63,-39,takeaway_other
8480069,Cale Makar,D,COL,83,14,block_hd
8480069,Cale Makar,D,COL,82,0,block_hd
8480069,Cale Makar,D,COL,70,-5,block_hd
8480069,Cale Makar,D,COL,76,15,block_hd
8480069,Cale Makar,D,COL,82,-6,block_hd
8480069,Cale Makar,D,COL,73,11,block_hd
8480069,Cale Makar,D,COL,74,-13,block_hd
8480069,Cale Makar,D,COL,54,4,block_non_hd
8480069,Cale Makar,D,COL,51,3,block_non_hd
8480069,Cale Makar,D,COL,65,5,block_non_hd
8480069,Cale Makar,D,COL,64,-9,block_non_hd
8480069,Cale Makar,D,COL,38,-29,block_non_hd
8480069,Cale Makar,D,COL,66,-7,block_non_hd
8480069,Cale Makar,D,COL,68,7,block_non_hd
8480069,Cale Makar,D,COL,65,14,block_non_hd
8480069,Cale Makar,D,COL,81,23,block_non_hd
8480069,Cale Makar,D,COL,42,-1,block_non_hd
8480069,Cale Makar,D,COL,58,26,block_non_hd
8480069,Cale Makar,D,COL,58,-6,block_non_hd
8480069,Cale Makar,D,COL,57,5,block_non_hd
8480069,Cale Makar,D,COL,18,18,block_non_hd
8480069,Cale Makar,D,COL,43,32,block_non_hd
8480069,Cale Makar,D,COL,55,-1,block_non_hd
8480069,Cale Makar,D,COL,98,-15,hit_taken
8480069,Cale Makar,D,COL,96,-25,hit_taken
8480069,Cale Makar,D,COL,89,31,hit_taken
8480069,Cale Makar,D,COL,49,40,hit_taken
8480069,Cale Makar,D,COL,98,1,hit_taken
8480069,Cale Makar,D,COL,76,-39,hit_taken
8480069,Cale Makar,D,COL,12,-40,hit_taken
8480069,Cale Makar,D,COL,72,-8,hit_taken
8480069,Cale Makar,D,COL,74,-41,hit_taken
8480069,Cale Makar,D,COL,97,-15,hit_taken
8480069,Cale Makar,D,COL,96,23,hit_taken
8480069,Cale Makar,D,COL,7,-40,hit_taken
8480069,Cale Makar,D,COL,98,-23,hit_taken
8480069,Cale Makar,D,COL,26,40,hit_taken
8480069,Cale Makar,D,COL,94,25,hit_taken
8480069,Cale Makar,D,COL,82,40,hit_taken
8480069,Cale Makar,D,COL,68,-40,hit_taken
8480069,Cale Makar,D,COL,67,38,hit_thrown
8480069,Cale Makar,D,COL,99,14,hit_thrown
8480069,Cale Makar,D,COL,99,12,hit_thrown
8480069,Cale Makar,D,COL,92,-31,hit_thrown
8480069,Cale Makar,D,COL,15,-40,hit_thrown
8480069,Cale Makar,D,COL,96,16,hit_thrown
8480069,Cale Makar,D,COL,99,-8,takeaway_hd
8480069,Cale Makar,D,COL,40,-39,takeaway_other
8480069,Cale Makar,D,COL,5,0,takeaway_other
8480069,Cale Makar,D,COL,64,-21,takeaway_other
8480069,Cale Makar,D,COL,72,-34,takeaway_other
8480069,Cale Makar,D,COL,31,-15,takeaway_other
8480069,Cale Makar,D,COL,44,38,takeaway_other
8480069,Cale Makar,D,COL,66,-1,takeaway_other
8480069,Cale Makar,D,COL,3,-37,takeaway_other
8480069,Cale Makar,D,COL,37,-1,takeaway_other
8480069,Cale Makar,D,COL,4,13,takeaway_other
8480078,Filip Chytil,C,NYR,77,6,block_hd
8480078,Filip Chytil,C,NYR,34,-22,block_non_hd
8480078,Filip Chytil,C,NYR,48,20,block_non_hd
8480078,Filip Chytil,C,NYR,60,-5,block_non_hd
8480078,Filip Chytil,C,NYR,39,27,block_non_hd
8480078,Filip Chytil,C,NYR,45,33,block_non_hd
8480078,Filip Chytil,C,NYR,58,-40,hit_taken
8480078,Filip Chytil,C,NYR,14,39,hit_taken
8480078,Filip Chytil,C,NYR,26,-37,hit_taken
8480078,Filip Chytil,C,NYR,14,-34,hit_taken
8480078,Filip Chytil,C,NYR,45,-39,hit_taken
8480078,Filip Chytil,C,NYR,28,37,hit_taken
8480078,Filip Chytil,C,NYR,71,-38,hit_taken
8480078,Filip Chytil,C,NYR,64,-39,hit_taken
8480078,Filip Chytil,C,NYR,93,27,hit_taken
8480078,Filip Chytil,C,NYR,86,33,hit_taken
8480078,Filip Chytil,C,NYR,97,-21,hit_taken
8480078,Filip Chytil,C,NYR,95,11,hit_thrown
8480078,Filip Chytil,C,NYR,20,39,hit_thrown
8480078,Filip Chytil,C,NYR,95,12,hit_thrown
8480078,Filip Chytil,C,NYR,92,-12,hit_thrown
8480078,Filip Chytil,C,NYR,3,-37,hit_thrown
8480078,Filip Chytil,C,NYR,97,-21,hit_thrown
8480078,Filip Chytil,C,NYR,93,-27,hit_thrown
8480078,Filip Chytil,C,NYR,97,-15,hit_thrown
8480078,Filip Chytil,C,NYR,10,-21,takeaway_other
8480113,Alex Iafallo,L,WPG,85,5,block_hd
8480113,Alex Iafallo,L,WPG,74,2,block_hd
8480113,Alex Iafallo,L,WPG,83,13,block_hd
8480113,Alex Iafallo,L,WPG,45,32,block_non_hd
8480113,Alex Iafallo,L,WPG,49,26,block_non_hd
8480113,Alex Iafallo,L,WPG,46,-13,block_non_hd
8480113,Alex Iafallo,L,WPG,66,-19,block_non_hd
8480113,Alex Iafallo,L,WPG,69,2,block_non_hd
8480113,Alex Iafallo,L,WPG,37,16,block_non_hd
8480113,Alex Iafallo,L,WPG,48,3,block_non_hd
8480113,Alex Iafallo,L,WPG,25,-40,hit_taken
8480113,Alex Iafallo,L,WPG,7,39,hit_taken
8480113,Alex Iafallo,L,WPG,75,39,hit_taken
8480113,Alex Iafallo,L,WPG,90,29,hit_taken
8480113,Alex Iafallo,L,WPG,98,-5,hit_thrown
8480113,Alex Iafallo,L,WPG,6,-41,hit_thrown
8480113,Alex Iafallo,L,WPG,42,-35,hit_thrown
8480113,Alex Iafallo,L,WPG,43,-39,hit_thrown
8480113,Alex Iafallo,L,WPG,12,-40,hit_thrown
8480113,Alex Iafallo,L,WPG,14,39,hit_thrown
8480113,Alex Iafallo,L,WPG,18,-32,takeaway_other
8480144,David Kampf,C,TOR,69,-22,dz_faceoff_win
8480144,David Kampf,C,TOR,69,22,dz_faceoff_win
8480144,David Kampf,C,TOR,69,22,dz_faceoff_win
8480144,David Kampf,C,TOR,69,-22,dz_faceoff_win
8480144,David Kampf,C,TOR,69,22,dz_faceoff_win
8480144,David Kampf,C,TOR,69,-22,dz_faceoff_win
8480144,David Kampf,C,TOR,69,22,dz_faceoff_win
8480144,David Kampf,C,TOR,69,22,dz_faceoff_win
8480144,David Kampf,C,TOR,69,22,dz_faceoff_win
8480144,David Kampf,C,TOR,69,-22,dz_faceoff_win
8480144,David Kampf,C,TOR,69,-22,dz_faceoff_win
8480144,David Kampf,C,TOR,69,-22,dz_faceoff_win
8480144,David Kampf,C,TOR,69,-22,dz_faceoff_win
8480144,David Kampf,C,TOR,69,-22,dz_faceoff_win
8480144,David Kampf,C,TOR,69,-22,dz_faceoff_win
8480144,David Kampf,C,TOR,69,-22,dz_faceoff_win
8480144,David Kampf,C,TOR,69,-22,dz_faceoff_win
8480144,David Kampf,C,TOR,69,-22,dz_faceoff_win
8480144,David Kampf,C,TOR,69,22,dz_faceoff_win
8480144,David Kampf,C,TOR,69,-22,dz_faceoff_win
8480144,David Kampf,C,TOR,69,22,dz_faceoff_win
8480144,David Kampf,C,TOR,69,-22,dz_faceoff_win
8480144,David Kampf,C,TOR,69,-22,dz_faceoff_win
8480144,David Kampf,C,TOR,69,22,dz_faceoff_win
8480144,David Kampf,C,TOR,69,-22,dz_faceoff_win
8480144,David Kampf,C,TOR,69,-22,dz_faceoff_win
8480144,David Kampf,C,TOR,69,-22,dz_faceoff_win
8480144,David Kampf,C,TOR,69,22,dz_faceoff_win
8480144,David Kampf,C,TOR,89,-29,hit_taken
8480144,David Kampf,C,TOR,86,-6,hit_taken
8480144,David Kampf,C,TOR,64,-40,hit_taken
8480144,David Kampf,C,TOR,28,40,hit_taken
8480144,David Kampf,C,TOR,15,-37,hit_taken
8480144,David Kampf,C,TOR,97,-24,hit_taken
8480144,David Kampf,C,TOR,87,-36,hit_taken
8480144,David Kampf,C,TOR,22,-40,hit_taken
8480144,David Kampf,C,TOR,97,9,hit_taken
8480144,David Kampf,C,TOR,80,37,hit_taken
8480144,David Kampf,C,TOR,97,-8,hit_taken
8480144,David Kampf,C,TOR,97,-1,hit_taken
8480144,David Kampf,C,TOR,96,-19,hit_taken
8480144,David Kampf,C,TOR,67,38,hit_taken
8480144,David Kampf,C,TOR,60,37,hit_taken
8480144,David Kampf,C,TOR,65,32,hit_taken
8480144,David Kampf,C,TOR,87,27,hit_thrown
8480144,David Kampf,C,TOR,48,-38,hit_thrown
8480144,David Kampf,C,TOR,99,-13,hit_thrown
8480144,David Kampf,C,TOR,92,21,hit_thrown
8480144,David Kampf,C,TOR,94,18,hit_thrown
8480144,David Kampf,C,TOR,96,10,hit_thrown
8480144,David Kampf,C,TOR,96,-2,hit_thrown
8480144,David Kampf,C,TOR,24,-38,hit_thrown
8480144,David Kampf,C,TOR,89,-35,hit_thrown
8480144,David Kampf,C,TOR,97,13,hit_thrown
8480144,David Kampf,C,TOR,25,-39,hit_thrown
8480144,David Kampf,C,TOR,53,41,hit_thrown
8480144,David Kampf,C,TOR,79,-33,hit_thrown
8480144,David Kampf,C,TOR,58,-13,takeaway_other
8480144,David Kampf,C,TOR,59,39,takeaway_other
8480145,Neal Pionk,D,WPG,81,6,block_hd
8480145,Neal Pionk,D,WPG,80,-1,block_hd
8480145,Neal Pionk,D,WPG,78,4,block_hd
8480145,Neal Pionk,D,WPG,74,-9,block_hd
8480145,Neal Pionk,D,WPG,55,24,block_non_hd
8480145,Neal Pionk,D,WPG,55,13,block_non_hd
8480145,Neal Pionk,D,WPG,59,9,block_non_hd
8480145,Neal Pionk,D,WPG,60,23,block_non_hd
8480145,Neal Pionk,D,WPG,58,-4,block_non_hd
8480145,Neal Pionk,D,WPG,81,19,block_non_hd
8480145,Neal Pionk,D,WPG,57,13,block_non_hd
8480145,Neal Pionk,D,WPG,69,0,block_non_hd
8480145,Neal Pionk,D,WPG,96,-15,hit_taken
8480145,Neal Pionk,D,WPG,19,31,hit_taken
8480145,Neal Pionk,D,WPG,96,-22,hit_taken
8480145,Neal Pionk,D,WPG,95,23,hit_taken
8480145,Neal Pionk,D,WPG,85,35,hit_taken
8480145,Neal Pionk,D,WPG,91,28,hit_taken
8480145,Neal Pionk,D,WPG,78,39,hit_taken
8480145,Neal Pionk,D,WPG,52,38,hit_taken
8480145,Neal Pionk,D,WPG,25,41,hit_taken
8480145,Neal Pionk,D,WPG,74,36,hit_taken
8480145,Neal Pionk,D,WPG,37,-40,hit_taken
8480145,Neal Pionk,D,WPG,4,-39,hit_taken
8480145,Neal Pionk,D,WPG,77,41,hit_taken
8480145,Neal Pionk,D,WPG,77,40,hit_taken
8480145,Neal Pionk,D,WPG,1,39,hit_taken
8480145,Neal Pionk,D,WPG,95,25,hit_taken
8480145,Neal Pionk,D,WPG,17,39,hit_taken
8480145,Neal Pionk,D,WPG,7,41,hit_thrown
8480145,Neal Pionk,D,WPG,76,40,hit_thrown
8480145,Neal Pionk,D,WPG,82,38,hit_thrown
8480145,Neal Pionk,D,WPG,36,40,hit_thrown
8480145,Neal Pionk,D,WPG,87,35,hit_thrown
8480145,Neal Pionk,D,WPG,71,37,hit_thrown
8480145,Neal Pionk,D,WPG,97,-24,hit_thrown
8480145,Neal Pionk,D,WPG,75,41,hit_thrown
8480145,Neal Pionk,D,WPG,96,-1,hit_thrown
8480145,Neal Pionk,D,WPG,99,3,hit_thrown
8480145,Neal Pionk,D,WPG,17,41,hit_thrown
8480145,Neal Pionk,D,WPG,46,39,hit_thrown
8480145,Neal Pionk,D,WPG,55,40,hit_thrown
8480145,Neal Pionk,D,WPG,96,22,hit_thrown
8480145,Neal Pionk,D,WPG,91,-32,hit_thrown
8480145,Neal Pionk,D,WPG,52,-40,hit_thrown
8480145,Neal Pionk,D,WPG,19,37,hit_thrown
8480145,Neal Pionk,D,WPG,16,24,hit_thrown
8480145,Neal Pionk,D,WPG,44,41,hit_thrown
8480145,Neal Pionk,D,WPG,50,-39,takeaway_other
8480145,Neal Pionk,D,WPG,30,41,takeaway_other
8480185,Eetu Luostarinen,C,FLA,71,-13,block_hd
8480185,Eetu Luostarinen,C,FLA,76,9,block_hd
8480185,Eetu Luostarinen,C,FLA,83,4,block_hd
8480185,Eetu Luostarinen,C,FLA,75,-1,block_hd
8480185,Eetu Luostarinen,C,FLA,68,9,block_non_hd
8480185,Eetu Luostarinen,C,FLA,60,-8,block_non_hd
8480185,Eetu Luostarinen,C,FLA,42,24,block_non_hd
8480185,Eetu Luostarinen,C,FLA,52,14,block_non_hd
8480185,Eetu Luostarinen,C,FLA,62,-12,block_non_hd
8480185,Eetu Luostarinen,C,FLA,60,-2,block_non_hd
8480185,Eetu Luostarinen,C,FLA,58,16,block_non_hd
8480185,Eetu Luostarinen,C,FLA,54,-34,block_non_hd
8480185,Eetu Luostarinen,C,FLA,43,-30,block_non_hd
8480185,Eetu Luostarinen,C,FLA,68,-14,block_non_hd
8480185,Eetu Luostarinen,C,FLA,59,-4,block_non_hd
8480185,Eetu Luostarinen,C,FLA,39,-20,block_non_hd
8480185,Eetu Luostarinen,C,FLA,56,-11,block_non_hd
8480185,Eetu Luostarinen,C,FLA,40,-27,block_non_hd
8480185,Eetu Luostarinen,C,FLA,60,-11,block_non_hd
8480185,Eetu Luostarinen,C,FLA,63,-32,block_non_hd
8480185,Eetu Luostarinen,C,FLA,61,11,block_non_hd
8480185,Eetu Luostarinen,C,FLA,36,-1,block_non_hd
8480185,Eetu Luostarinen,C,FLA,40,-13,block_non_hd
8480185,Eetu Luostarinen,C,FLA,80,-4,crease_goal
8480185,Eetu Luostarinen,C,FLA,69,-22,dz_faceoff_win
8480185,Eetu Luostarinen,C,FLA,69,-22,dz_faceoff_win
8480185,Eetu Luostarinen,C,FLA,69,-22,dz_faceoff_win
8480185,Eetu Luostarinen,C,FLA,69,-22,dz_faceoff_win
8480185,Eetu Luostarinen,C,FLA,69,-22,dz_faceoff_win
8480185,Eetu Luostarinen,C,FLA,35,-39,hit_taken
8480185,Eetu Luostarinen,C,FLA,58,-39,hit_taken
8480185,Eetu Luostarinen,C,FLA,53,41,hit_taken
8480185,Eetu Luostarinen,C,FLA,81,36,hit_taken
8480185,Eetu Luostarinen,C,FLA,89,-31,hit_taken
8480185,Eetu Luostarinen,C,FLA,26,12,hit_taken
8480185,Eetu Luostarinen,C,FLA,16,-40,hit_taken
8480185,Eetu Luostarinen,C,FLA,43,-38,hit_taken
8480185,Eetu Luostarinen,C,FLA,5,39,hit_taken
8480185,Eetu Luostarinen,C,FLA,21,-40,hit_taken
8480185,Eetu Luostarinen,C,FLA,0,-38,hit_taken
8480185,Eetu Luostarinen,C,FLA,32,38,hit_taken
8480185,Eetu Luostarinen,C,FLA,99,24,hit_taken
8480185,Eetu Luostarinen,C,FLA,15,39,hit_taken
8480185,Eetu Luostarinen,C,FLA,51,-40,hit_taken
8480185,Eetu Luostarinen,C,FLA,39,-39,hit_taken
8480185,Eetu Luostarinen,C,FLA,81,36,hit_taken
8480185,Eetu Luostarinen,C,FLA,11,39,hit_taken
8480185,Eetu Luostarinen,C,FLA,93,-29,hit_taken
8480185,Eetu Luostarinen,C,FLA,46,41,hit_taken
8480185,Eetu Luostarinen,C,FLA,71,-40,hit_taken
8480185,Eetu Luostarinen,C,FLA,93,32,hit_taken
8480185,Eetu Luostarinen,C,FLA,45,-41,hit_taken
8480185,Eetu Luostarinen,C,FLA,82,-37,hit_taken
8480185,Eetu Luostarinen,C,FLA,44,-40,hit_taken
8480185,Eetu Luostarinen,C,FLA,61,39,hit_taken
8480185,Eetu Luostarinen,C,FLA,29,38,hit_taken
8480185,Eetu Luostarinen,C,FLA,39,-37,hit_taken
8480185,Eetu Luostarinen,C,FLA,76,37,hit_taken
8480185,Eetu Luostarinen,C,FLA,94,-26,hit_taken
8480185,Eetu Luostarinen,C,FLA,32,-40,hit_taken
8480185,Eetu Luostarinen,C,FLA,98,4,hit_taken
8480185,Eetu Luostarinen,C,FLA,4,38,hit_taken
8480185,Eetu Luostarinen,C,FLA,47,-38,hit_taken
8480185,Eetu Luostarinen,C,FLA,60,36,hit_taken
8480185,Eetu Luostarinen,C,FLA,62,-37,hit_taken
8480185,Eetu Luostarinen,C,FLA,69,39,hit_taken
8480185,Eetu Luostarinen,C,FLA,74,39,hit_taken
8480185,Eetu Luostarinen,C,FLA,49,38,hit_taken
8480185,Eetu Luostarinen,C,FLA,77,-38,hit_taken
8480185,Eetu Luostarinen,C,FLA,99,0,hit_taken
8480185,Eetu Luostarinen,C,FLA,89,33,hit_taken
8480185,Eetu Luostarinen,C,FLA,70,-40,hit_taken
8480185,Eetu Luostarinen,C,FLA,15,39,hit_taken
8480185,Eetu Luostarinen,C,FLA,98,8,hit_taken
8480185,Eetu Luostarinen,C,FLA,93,-27,hit_taken
8480185,Eetu Luostarinen,C,FLA,51,-35,hit_taken
8480185,Eetu Luostarinen,C,FLA,15,-36,hit_taken
8480185,Eetu Luostarinen,C,FLA,42,39,hit_taken
8480185,Eetu Luostarinen,C,FLA,43,39,hit_taken
8480185,Eetu Luostarinen,C,FLA,86,34,hit_taken
8480185,Eetu Luostarinen,C,FLA,15,40,hit_taken
8480185,Eetu Luostarinen,C,FLA,98,-11,hit_taken
8480185,Eetu Luostarinen,C,FLA,96,-20,hit_taken
8480185,Eetu Luostarinen,C,FLA,98,-17,hit_taken
8480185,Eetu Luostarinen,C,FLA,90,-32,hit_taken
8480185,Eetu Luostarinen,C,FLA,37,39,hit_taken
8480185,Eetu Luostarinen,C,FLA,19,39,hit_taken
8480185,Eetu Luostarinen,C,FLA,48,41,hit_taken
8480185,Eetu Luostarinen,C,FLA,76,39,hit_taken
8480185,Eetu Luostarinen,C,FLA,5,-41,hit_taken
8480185,Eetu Luostarinen,C,FLA,47,38,hit_taken
8480185,Eetu Luostarinen,C,FLA,15,-40,hit_taken
8480185,Eetu Luostarinen,C,FLA,16,-40,hit_taken
8480185,Eetu Luostarinen,C,FLA,40,-38,hit_taken
8480185,Eetu Luostarinen,C,FLA,13,-35,hit_taken
8480185,Eetu Luostarinen,C,FLA,92,29,hit_taken
8480185,Eetu Luostarinen,C,FLA,41,39,hit_taken
8480185,Eetu Luostarinen,C,FLA,19,-39,hit_taken
8480185,Eetu Luostarinen,C,FLA,84,-35,hit_taken
8480185,Eetu Luostarinen,C,FLA,53,-39,hit_taken
8480185,Eetu Luostarinen,C,FLA,93,24,hit_taken
8480185,Eetu Luostarinen,C,FLA,16,-38,hit_taken
8480185,Eetu Luostarinen,C,FLA,79,4,hit_taken
8480185,Eetu Luostarinen,C,FLA,94,-29,hit_thrown
8480185,Eetu Luostarinen,C,FLA,76,-39,hit_thrown
8480185,Eetu Luostarinen,C,FLA,50,-37,hit_thrown
8480185,Eetu Luostarinen,C,FLA,51,-15,hit_thrown
8480185,Eetu Luostarinen,C,FLA,63,-41,hit_thrown
8480185,Eetu Luostarinen,C,FLA,66,37,hit_thrown
8480185,Eetu Luostarinen,C,FLA,76,39,hit_thrown
8480185,Eetu Luostarinen,C,FLA,70,38,hit_thrown
8480185,Eetu Luostarinen,C,FLA,7,37,hit_thrown
8480185,Eetu Luostarinen,C,FLA,16,-39,hit_thrown
8480185,Eetu Luostarinen,C,FLA,80,39,hit_thrown
8480185,Eetu Luostarinen,C,FLA,71,-40,hit_thrown
8480185,Eetu Luostarinen,C,FLA,97,-1,hit_thrown
8480185,Eetu Luostarinen,C,FLA,97,-16,hit_thrown
8480185,Eetu Luostarinen,C,FLA,57,41,hit_thrown
8480185,Eetu Luostarinen,C,FLA,93,27,hit_thrown
8480185,Eetu Luostarinen,C,FLA,71,-38,hit_thrown
8480185,Eetu Luostarinen,C,FLA,70,39,hit_thrown
8480185,Eetu Luostarinen,C,FLA,34,-40,hit_thrown
8480185,Eetu Luostarinen,C,FLA,61,36,hit_thrown
8480185,Eetu Luostarinen,C,FLA,75,-40,hit_thrown
8480185,Eetu Luostarinen,C,FLA,88,32,hit_thrown
8480185,Eetu Luostarinen,C,FLA,54,37,hit_thrown
8480185,Eetu Luostarinen,C,FLA,96,15,hit_thrown
8480185,Eetu Luostarinen,C,FLA,54,37,hit_thrown
8480185,Eetu Luostarinen,C,FLA,96,18,hit_thrown
8480185,Eetu Luostarinen,C,FLA,90,-27,hit_thrown
8480185,Eetu Luostarinen,C,FLA,70,38,hit_thrown
8480185,Eetu Luostarinen,C,FLA,69,40,hit_thrown
8480185,Eetu Luostarinen,C,FLA,96,6,hit_thrown
8480185,Eetu Luostarinen,C,FLA,97,0,hit_thrown
8480185,Eetu Luostarinen,C,FLA,56,32,hit_thrown
8480185,Eetu Luostarinen,C,FLA,62,-40,hit_thrown
8480185,Eetu Luostarinen,C,FLA,67,-38,hit_thrown
8480185,Eetu Luostarinen,C,FLA,79,40,hit_thrown
8480185,Eetu Luostarinen,C,FLA,95,-8,hit_thrown
8480185,Eetu Luostarinen,C,FLA,96,-2,hit_thrown
8480185,Eetu Luostarinen,C,FLA,28,38,hit_thrown
8480185,Eetu Luostarinen,C,FLA,13,37,hit_thrown
8480185,Eetu Luostarinen,C,FLA,86,-33,hit_thrown
8480185,Eetu Luostarinen,C,FLA,87,34,hit_thrown
8480185,Eetu Luostarinen,C,FLA,90,34,hit_thrown
8480185,Eetu Luostarinen,C,FLA,87,37,hit_thrown
8480185,Eetu Luostarinen,C,FLA,85,34,hit_thrown
8480185,Eetu Luostarinen,C,FLA,96,-17,hit_thrown
8480185,Eetu Luostarinen,C,FLA,94,-30,hit_thrown
8480185,Eetu Luostarinen,C,FLA,96,13,hit_thrown
8480185,Eetu Luostarinen,C,FLA,44,-39,hit_thrown
8480185,Eetu Luostarinen,C,FLA,81,-37,hit_thrown
8480185,Eetu Luostarinen,C,FLA,97,4,hit_thrown
8480185,Eetu Luostarinen,C,FLA,72,39,hit_thrown
8480185,Eetu Luostarinen,C,FLA,93,-25,hit_thrown
8480185,Eetu Luostarinen,C,FLA,24,37,hit_thrown
8480185,Eetu Luostarinen,C,FLA,69,-37,hit_thrown
8480185,Eetu Luostarinen,C,FLA,75,38,hit_thrown
8480185,Eetu Luostarinen,C,FLA,49,38,hit_thrown
8480185,Eetu Luostarinen,C,FLA,95,5,hit_thrown
8480185,Eetu Luostarinen,C,FLA,94,-22,hit_thrown
8480185,Eetu Luostarinen,C,FLA,73,37,hit_thrown
8480185,Eetu Luostarinen,C,FLA,57,37,hit_thrown
8480185,Eetu Luostarinen,C,FLA,57,-40,hit_thrown
8480185,Eetu Luostarinen,C,FLA,3,38,hit_thrown
8480185,Eetu Luostarinen,C,FLA,98,13,hit_thrown
8480185,Eetu Luostarinen,C,FLA,62,38,hit_thrown
8480185,Eetu Luostarinen,C,FLA,92,17,takeaway_hd
8480185,Eetu Luostarinen,C,FLA,88,11,takeaway_hd
8480185,Eetu Luostarinen,C,FLA,65,-37,takeaway_other
8480185,Eetu Luostarinen,C,FLA,50,-28,takeaway_other
8480185,Eetu Luostarinen,C,FLA,45,4,takeaway_other
8480185,Eetu Luostarinen,C,FLA,38,-3,takeaway_other
8480185,Eetu Luostarinen,C,FLA,22,3,takeaway_other
8480185,Eetu Luostarinen,C,FLA,96,-21,takeaway_other
8480185,Eetu Luostarinen,C,FLA,69,-22,takeaway_other
8480185,Eetu Luostarinen,C,FLA,67,-20,takeaway_other
8480185,Eetu Luostarinen,C,FLA,56,37,takeaway_other
8480185,Eetu Luostarinen,C,FLA,10,-29,takeaway_other
8480185,Eetu Luostarinen,C,FLA,34,24,takeaway_other
8480185,Eetu Luostarinen,C,FLA,16,-39,takeaway_other
8480185,Eetu Luostarinen,C,FLA,7,38,takeaway_other
8480185,Eetu Luostarinen,C,FLA,33,38,takeaway_other
8480185,Eetu Luostarinen,C,FLA,52,36,takeaway_other
8480246,Nick Perbix,D,TBL,77,-7,block_hd
8480246,Nick Perbix,D,TBL,76,-8,block_hd
8480246,Nick Perbix,D,TBL,61,-26,block_non_hd
8480246,Nick Perbix,D,TBL,6,-38,hit_taken
8480246,Nick Perbix,D,TBL,90,-31,hit_taken
8480246,Nick Perbix,D,TBL,95,-20,hit_taken
8480246,Nick Perbix,D,TBL,33,39,hit_taken
8480246,Nick Perbix,D,TBL,93,-27,hit_taken
8480246,Nick Perbix,D,TBL,96,-15,hit_taken
8480246,Nick Perbix,D,TBL,89,28,hit_taken
8480246,Nick Perbix,D,TBL,98,0,hit_taken
8480246,Nick Perbix,D,TBL,87,-35,hit_thrown
8480246,Nick Perbix,D,TBL,93,29,hit_thrown
8480246,Nick Perbix,D,TBL,46,-40,hit_thrown
8480246,Nick Perbix,D,TBL,96,-14,hit_thrown
8480246,Nick Perbix,D,TBL,92,-28,hit_thrown
8480246,Nick Perbix,D,TBL,7,40,hit_thrown
8480246,Nick Perbix,D,TBL,44,40,hit_thrown
8480336,Sean Walker,D,COL,79,-16,block_hd
8480336,Sean Walker,D,COL,75,11,block_hd
8480336,Sean Walker,D,COL,80,4,block_hd
8480336,Sean Walker,D,COL,71,-8,block_hd
8480336,Sean Walker,D,COL,75,-1,block_hd
8480336,Sean Walker,D,COL,79,10,block_hd
8480336,Sean Walker,D,COL,56,31,block_non_hd
8480336,Sean Walker,D,COL,51,16,block_non_hd
8480336,Sean Walker,D,COL,75,27,block_non_hd
8480336,Sean Walker,D,COL,65,27,block_non_hd
8480336,Sean Walker,D,COL,49,-1,block_non_hd
8480336,Sean Walker,D,COL,54,-24,block_non_hd
8480336,Sean Walker,D,COL,56,11,block_non_hd
8480336,Sean Walker,D,COL,67,-15,block_non_hd
8480336,Sean Walker,D,COL,63,-16,block_non_hd
8480336,Sean Walker,D,COL,69,4,block_non_hd
8480336,Sean Walker,D,COL,54,-41,hit_taken
8480336,Sean Walker,D,COL,83,-38,hit_taken
8480336,Sean Walker,D,COL,73,-38,hit_taken
8480336,Sean Walker,D,COL,98,-4,hit_taken
8480336,Sean Walker,D,COL,82,38,hit_taken
8480336,Sean Walker,D,COL,62,40,hit_taken
8480336,Sean Walker,D,COL,85,34,hit_taken
8480336,Sean Walker,D,COL,52,-40,hit_taken
8480336,Sean Walker,D,COL,89,-33,hit_taken
8480336,Sean Walker,D,COL,95,29,hit_taken
8480336,Sean Walker,D,COL,93,25,hit_taken
8480336,Sean Walker,D,COL,84,37,hit_taken
8480336,Sean Walker,D,COL,94,-29,hit_taken
8480336,Sean Walker,D,COL,27,-39,hit_taken
8480336,Sean Walker,D,COL,72,-41,hit_taken
8480336,Sean Walker,D,COL,69,-39,hit_taken
8480336,Sean Walker,D,COL,69,-39,hit_taken
8480336,Sean Walker,D,COL,96,14,hit_taken
8480336,Sean Walker,D,COL,64,-40,hit_taken
8480336,Sean Walker,D,COL,97,20,hit_taken
8480336,Sean Walker,D,COL,34,-40,hit_taken
8480336,Sean Walker,D,COL,1,39,hit_taken
8480336,Sean Walker,D,COL,98,-19,hit_taken
8480336,Sean Walker,D,COL,96,-23,hit_taken
8480336,Sean Walker,D,COL,90,-30,hit_taken
8480336,Sean Walker,D,COL,13,-22,hit_taken
8480336,Sean Walker,D,COL,93,32,hit_taken
8480336,Sean Walker,D,COL,84,-38,hit_taken
8480336,Sean Walker,D,COL,71,-39,hit_taken
8480336,Sean Walker,D,COL,85,32,hit_taken
8480336,Sean Walker,D,COL,85,35,hit_taken
8480336,Sean Walker,D,COL,98,-14,hit_taken
8480336,Sean Walker,D,COL,98,7,hit_taken
8480336,Sean Walker,D,COL,98,15,hit_taken
8480336,Sean Walker,D,COL,24,-40,hit_taken
8480336,Sean Walker,D,COL,65,-40,hit_thrown
8480336,Sean Walker,D,COL,49,-38,hit_thrown
8480336,Sean Walker,D,COL,95,-16,hit_thrown
8480336,Sean Walker,D,COL,41,23,hit_thrown
8480336,Sean Walker,D,COL,75,27,hit_thrown
8480336,Sean Walker,D,COL,31,27,hit_thrown
8480336,Sean Walker,D,COL,98,-9,hit_thrown
8480336,Sean Walker,D,COL,94,26,hit_thrown
8480336,Sean Walker,D,COL,97,-9,hit_thrown
8480336,Sean Walker,D,COL,88,-36,hit_thrown
8480336,Sean Walker,D,COL,97,-24,hit_thrown
8480336,Sean Walker,D,COL,33,40,hit_thrown
8480336,Sean Walker,D,COL,88,-34,hit_thrown
8480336,Sean Walker,D,COL,57,-36,hit_thrown
8480336,Sean Walker,D,COL,98,12,hit_thrown
8480336,Sean Walker,D,COL,54,37,hit_thrown
8480336,Sean Walker,D,COL,96,-25,hit_thrown
8480336,Sean Walker,D,COL,57,-38,hit_thrown
8480336,Sean Walker,D,COL,44,-33,hit_thrown
8480336,Sean Walker,D,COL,52,-41,hit_thrown
8480336,Sean Walker,D,COL,98,-9,hit_thrown
8480336,Sean Walker,D,COL,98,-10,hit_thrown
8480336,Sean Walker,D,COL,91,-32,hit_thrown
8480336,Sean Walker,D,COL,99,1,hit_thrown
8480336,Sean Walker,D,COL,29,22,hit_thrown
8480336,Sean Walker,D,COL,92,-31,takeaway_other
8480336,Sean Walker,D,COL,17,-24,takeaway_other
8480336,Sean Walker,D,COL,49,26,takeaway_other
8480336,Sean Walker,D,COL,8,-27,takeaway_other
8480459,Pius Suter,C,VAN,87,15,block_hd
8480459,Pius Suter,C,VAN,79,1,block_hd
8480459,Pius Suter,C,VAN,77,2,block_hd
8480459,Pius Suter,C,VAN,75,1,block_hd
8480459,Pius Suter,C,VAN,84,27,block_non_hd
8480459,Pius Suter,C,VAN,80,19,block_non_hd
8480459,Pius Suter,C,VAN,41,-22,block_non_hd
8480459,Pius Suter,C,VAN,40,-36,block_non_hd
8480459,Pius Suter,C,VAN,10,23,hit_taken
8480459,Pius Suter,C,VAN,41,-39,hit_taken
8480459,Pius Suter,C,VAN,58,-40,hit_taken
8480459,Pius Suter,C,VAN,44,-36,hit_taken
8480459,Pius Suter,C,VAN,78,-34,hit_taken
8480459,Pius Suter,C,VAN,35,18,hit_taken
8480459,Pius Suter,C,VAN,95,-8,hit_taken
8480459,Pius Suter,C,VAN,14,-34,hit_taken
8480459,Pius Suter,C,VAN,94,-24,hit_taken
8480459,Pius Suter,C,VAN,9,-33,hit_taken
8480459,Pius Suter,C,VAN,10,40,hit_taken
8480459,Pius Suter,C,VAN,40,-38,hit_thrown
8480459,Pius Suter,C,VAN,25,39,hit_thrown
8480459,Pius Suter,C,VAN,96,22,hit_thrown
8480459,Pius Suter,C,VAN,20,-42,hit_thrown
8480459,Pius Suter,C,VAN,83,37,hit_thrown
8480459,Pius Suter,C,VAN,87,-34,hit_thrown
8480459,Pius Suter,C,VAN,18,-35,hit_thrown
8480459,Pius Suter,C,VAN,48,-37,hit_thrown
8480459,Pius Suter,C,VAN,44,-37,hit_thrown
8480459,Pius Suter,C,VAN,64,-39,hit_thrown
8480459,Pius Suter,C,VAN,94,19,hit_thrown
8480459,Pius Suter,C,VAN,38,39,hit_thrown
8480459,Pius Suter,C,VAN,61,-41,hit_thrown
8480459,Pius Suter,C,VAN,40,-36,takeaway_other
8480459,Pius Suter,C,VAN,34,30,takeaway_other
8480459,Pius Suter,C,VAN,55,37,takeaway_other
8480459,Pius Suter,C,VAN,4,-37,takeaway_other
8480727,Zach Whitecloud,D,VGK,76,3,block_hd
8480727,Zach Whitecloud,D,VGK,76,-11,block_hd
8480727,Zach Whitecloud,D,VGK,79,9,block_hd
8480727,Zach Whitecloud,D,VGK,72,13,block_hd
8480727,Zach Whitecloud,D,VGK,66,34,block_non_hd
8480727,Zach Whitecloud,D,VGK,73,-41,hit_taken
8480727,Zach Whitecloud,D,VGK,98,4,hit_taken
8480727,Zach Whitecloud,D,VGK,25,25,hit_taken
8480727,Zach Whitecloud,D,VGK,5,-41,hit_taken
8480727,Zach Whitecloud,D,VGK,98,-8,hit_taken
8480727,Zach Whitecloud,D,VGK,77,-1,hit_taken
8480727,Zach Whitecloud,D,VGK,22,-29,hit_taken
8480727,Zach Whitecloud,D,VGK,91,31,hit_taken
8480727,Zach Whitecloud,D,VGK,88,34,hit_taken
8480727,Zach Whitecloud,D,VGK,72,40,hit_taken
8480727,Zach Whitecloud,D,VGK,96,-15,hit_taken
8480727,Zach Whitecloud,D,VGK,10,40,hit_taken
8480727,Zach Whitecloud,D,VGK,97,-19,hit_taken
8480727,Zach Whitecloud,D,VGK,58,-38,hit_taken
8480727,Zach Whitecloud,D,VGK,91,34,hit_taken
8480727,Zach Whitecloud,D,VGK,90,-30,hit_taken
8480727,Zach Whitecloud,D,VGK,3,41,hit_taken
8480727,Zach Whitecloud,D,VGK,90,34,hit_taken
8480727,Zach Whitecloud,D,VGK,97,-21,hit_taken
8480727,Zach Whitecloud,D,VGK,17,-40,hit_taken
8480727,Zach Whitecloud,D,VGK,42,38,hit_thrown
8480727,Zach Whitecloud,D,VGK,98,1,hit_thrown
8480727,Zach Whitecloud,D,VGK,40,39,hit_thrown
8480727,Zach Whitecloud,D,VGK,75,39,hit_thrown
8480727,Zach Whitecloud,D,VGK,40,41,hit_thrown
8480727,Zach Whitecloud,D,VGK,71,38,hit_thrown
8480727,Zach Whitecloud,D,VGK,94,27,hit_thrown
8480727,Zach Whitecloud,D,VGK,60,41,hit_thrown
8480727,Zach Whitecloud,D,VGK,53,39,hit_thrown
8480727,Zach Whitecloud,D,VGK,33,37,takeaway_other
8480727,Zach Whitecloud,D,VGK,19,33,takeaway_other
8480748,Kiefer Sherwood,L,NSH,43,-7,block_non_hd
8480748,Kiefer Sherwood,L,NSH,41,27,block_non_hd
8480748,Kiefer Sherwood,L,NSH,43,-14,block_non_hd
8480748,Kiefer Sherwood,L,NSH,55,-35,hit_taken
8480748,Kiefer Sherwood,L,NSH,21,41,hit_taken
8480748,Kiefer Sherwood,L,NSH,32,39,hit_taken
8480748,Kiefer Sherwood,L,NSH,74,32,hit_taken
8480748,Kiefer Sherwood,L,NSH,87,-34,hit_thrown
8480748,Kiefer Sherwood,L,NSH,67,31,hit_thrown
8480748,Kiefer Sherwood,L,NSH,96,-4,hit_thrown
8480748,Kiefer Sherwood,L,NSH,17,36,hit_thrown
8480748,Kiefer Sherwood,L,NSH,62,-40,hit_thrown
8480748,Kiefer Sherwood,L,NSH,93,-23,hit_thrown
8480748,Kiefer Sherwood,L,NSH,0,6,hit_thrown
8480748,Kiefer Sherwood,L,NSH,30,-40,hit_thrown
8480748,Kiefer Sherwood,L,NSH,97,-11,hit_thrown
8480748,Kiefer Sherwood,L,NSH,89,33,hit_thrown
8480748,Kiefer Sherwood,L,NSH,17,39,hit_thrown
8480748,Kiefer Sherwood,L,NSH,54,40,hit_thrown
8480748,Kiefer Sherwood,L,NSH,98,15,hit_thrown
8480748,Kiefer Sherwood,L,NSH,92,-28,hit_thrown
8480748,Kiefer Sherwood,L,NSH,12,-42,hit_thrown
8480748,Kiefer Sherwood,L,NSH,44,-40,hit_thrown
8480748,Kiefer Sherwood,L,NSH,60,41,hit_thrown
8480748,Kiefer Sherwood,L,NSH,51,37,hit_thrown
8480748,Kiefer Sherwood,L,NSH,56,39,hit_thrown
8480748,Kiefer Sherwood,L,NSH,34,34,hit_thrown
8480748,Kiefer Sherwood,L,NSH,94,21,hit_thrown
8480748,Kiefer Sherwood,L,NSH,95,12,hit_thrown
8480748,Kiefer Sherwood,L,NSH,98,-5,hit_thrown
8480748,Kiefer Sherwood,L,NSH,29,39,hit_thrown
8480748,Kiefer Sherwood,L,NSH,48,28,hit_thrown
8480748,Kiefer Sherwood,L,NSH,33,-37,hit_thrown
8480748,Kiefer Sherwood,L,NSH,7,37,hit_thrown
8480748,Kiefer Sherwood,L,NSH,47,39,hit_thrown
8480748,Kiefer Sherwood,L,NSH,85,-36,hit_thrown
8480748,Kiefer Sherwood,L,NSH,79,-38,hit_thrown
8480748,Kiefer Sherwood,L,NSH,96,23,hit_thrown
8480748,Kiefer Sherwood,L,NSH,72,-37,hit_thrown
8480748,Kiefer Sherwood,L,NSH,20,-37,hit_thrown
8480748,Kiefer Sherwood,L,NSH,95,-16,takeaway_hd
8480748,Kiefer Sherwood,L,NSH,77,0,takeaway_hd
8480748,Kiefer Sherwood,L,NSH,12,41,takeaway_other
8480748,Kiefer Sherwood,L,NSH,0,38,takeaway_other
8480796,Martin Fehérváry,D,WSH,85,7,block_hd
8480796,Martin Fehérváry,D,WSH,76,16,block_hd
8480796,Martin Fehérváry,D,WSH,81,-7,block_hd
8480796,Martin Fehérváry,D,WSH,80,-7,block_hd
8480796,Martin Fehérváry,D,WSH,71,-17,block_hd
8480796,Martin Fehérváry,D,WSH,81,-11,block_hd
8480796,Martin Fehérváry,D,WSH,55,-4,block_non_hd
8480796,Martin Fehérváry,D,WSH,63,-26,block_non_hd
8480796,Martin Fehérváry,D,WSH,59,-17,block_non_hd
8480796,Martin Fehérváry,D,WSH,81,1,crease_goal
8480796,Martin Fehérváry,D,WSH,96,-12,hit_taken
8480796,Martin Fehérváry,D,WSH,89,31,hit_taken
8480796,Martin Fehérváry,D,WSH,90,-33,hit_taken
8480796,Martin Fehérváry,D,WSH,23,40,hit_taken
8480796,Martin Fehérváry,D,WSH,98,10,hit_taken
8480796,Martin Fehérváry,D,WSH,81,37,hit_taken
8480796,Martin Fehérváry,D,WSH,98,-19,hit_taken
8480796,Martin Fehérváry,D,WSH,77,37,hit_taken
8480796,Martin Fehérváry,D,WSH,47,38,hit_taken
8480796,Martin Fehérváry,D,WSH,69,38,hit_taken
8480796,Martin Fehérváry,D,WSH,71,37,hit_taken
8480796,Martin Fehérváry,D,WSH,8,-36,hit_taken
8480796,Martin Fehérváry,D,WSH,54,38,hit_taken
8480796,Martin Fehérváry,D,WSH,96,14,hit_thrown
8480796,Martin Fehérváry,D,WSH,74,38,hit_thrown
8480796,Martin Fehérváry,D,WSH,96,-15,hit_thrown
8480796,Martin Fehérváry,D,WSH,69,-39,hit_thrown
8480796,Martin Fehérváry,D,WSH,31,-38,hit_thrown
8480796,Martin Fehérváry,D,WSH,86,34,hit_thrown
8480796,Martin Fehérváry,D,WSH,46,-39,hit_thrown
8480796,Martin Fehérváry,D,WSH,43,-37,hit_thrown
8480796,Martin Fehérváry,D,WSH,33,-38,hit_thrown
8480796,Martin Fehérváry,D,WSH,97,17,hit_thrown
8480796,Martin Fehérváry,D,WSH,96,-18,hit_thrown
8480796,Martin Fehérváry,D,WSH,40,-35,hit_thrown
8480796,Martin Fehérváry,D,WSH,78,-37,hit_thrown
8480796,Martin Fehérváry,D,WSH,87,32,hit_thrown
8480796,Martin Fehérváry,D,WSH,43,39,hit_thrown
8480796,Martin Fehérváry,D,WSH,23,36,hit_thrown
8480796,Martin Fehérváry,D,WSH,82,-3,takeaway_hd
8480800,Quinn Hughes,D,VAN,74,0,block_hd
8480800,Quinn Hughes,D,VAN,84,-4,block_hd
8480800,Quinn Hughes,D,VAN,71,-11,block_hd
8480800,Quinn Hughes,D,VAN,85,1,block_hd
8480800,Quinn Hughes,D,VAN,83,5,block_hd
8480800,Quinn Hughes,D,VAN,77,-9,block_hd
8480800,Quinn Hughes,D,VAN,89,13,block_hd
8480800,Quinn Hughes,D,VAN,83,-11,block_hd
8480800,Quinn Hughes,D,VAN,71,13,block_hd
8480800,Quinn Hughes,D,VAN,63,23,block_non_hd
8480800,Quinn Hughes,D,VAN,58,-12,block_non_hd
8480800,Quinn Hughes,D,VAN,74,-29,block_non_hd
8480800,Quinn Hughes,D,VAN,61,-13,block_non_hd
8480800,Quinn Hughes,D,VAN,75,25,block_non_hd
8480800,Quinn Hughes,D,VAN,90,29,hit_taken
8480800,Quinn Hughes,D,VAN,62,-40,hit_taken
8480800,Quinn Hughes,D,VAN,99,7,hit_taken
8480800,Quinn Hughes,D,VAN,0,6,hit_taken
8480800,Quinn Hughes,D,VAN,89,33,hit_taken
8480800,Quinn Hughes,D,VAN,98,-19,hit_taken
8480800,Quinn Hughes,D,VAN,77,-40,hit_taken
8480800,Quinn Hughes,D,VAN,97,3,hit_taken
8480800,Quinn Hughes,D,VAN,97,-15,hit_taken
8480800,Quinn Hughes,D,VAN,96,19,hit_taken
8480800,Quinn Hughes,D,VAN,75,33,hit_taken
8480800,Quinn Hughes,D,VAN,34,34,hit_taken
8480800,Quinn Hughes,D,VAN,90,-31,hit_taken
8480800,Quinn Hughes,D,VAN,98,-5,hit_taken
8480800,Quinn Hughes,D,VAN,97,-3,hit_taken
8480800,Quinn Hughes,D,VAN,7,39,hit_taken
8480800,Quinn Hughes,D,VAN,85,-34,hit_taken
8480800,Quinn Hughes,D,VAN,84,18,hit_taken
8480800,Quinn Hughes,D,VAN,20,-37,hit_taken
8480800,Quinn Hughes,D,VAN,94,-7,hit_taken
8480800,Quinn Hughes,D,VAN,91,34,hit_taken
8480800,Quinn Hughes,D,VAN,64,-39,hit_taken
8480800,Quinn Hughes,D,VAN,98,11,hit_taken
8480800,Quinn Hughes,D,VAN,99,6,hit_taken
8480800,Quinn Hughes,D,VAN,98,-10,hit_taken
8480800,Quinn Hughes,D,VAN,67,-41,hit_taken
8480800,Quinn Hughes,D,VAN,98,-10,hit_taken
8480800,Quinn Hughes,D,VAN,83,-36,hit_taken
8480800,Quinn Hughes,D,VAN,94,-25,hit_taken
8480800,Quinn Hughes,D,VAN,68,-42,hit_taken
8480800,Quinn Hughes,D,VAN,82,-34,hit_taken
8480800,Quinn Hughes,D,VAN,46,-40,hit_taken
8480800,Quinn Hughes,D,VAN,50,39,hit_taken
8480800,Quinn Hughes,D,VAN,99,-10,hit_thrown
8480800,Quinn Hughes,D,VAN,94,15,hit_thrown
8480800,Quinn Hughes,D,VAN,60,38,hit_thrown
8480800,Quinn Hughes,D,VAN,8,-41,hit_thrown
8480800,Quinn Hughes,D,VAN,97,-7,takeaway_hd
8480800,Quinn Hughes,D,VAN,97,0,takeaway_hd
8480800,Quinn Hughes,D,VAN,38,38,takeaway_other
8480800,Quinn Hughes,D,VAN,39,-34,takeaway_other
8480802,Ryan McLeod,C,EDM,70,9,block_hd
8480802,Ryan McLeod,C,EDM,86,-4,block_hd
8480802,Ryan McLeod,C,EDM,70,-12,block_hd
8480802,Ryan McLeod,C,EDM,63,2,block_non_hd
8480802,Ryan McLeod,C,EDM,53,-22,block_non_hd
8480802,Ryan McLeod,C,EDM,68,-16,block_non_hd
8480802,Ryan McLeod,C,EDM,55,-20,block_non_hd
8480802,Ryan McLeod,C,EDM,67,-10,block_non_hd
8480802,Ryan McLeod,C,EDM,49,-5,block_non_hd
8480802,Ryan McLeod,C,EDM,61,8,block_non_hd
8480802,Ryan McLeod,C,EDM,62,-9,block_non_hd
8480802,Ryan McLeod,C,EDM,85,-6,crease_goal
8480802,Ryan McLeod,C,EDM,69,-22,dz_faceoff_win
8480802,Ryan McLeod,C,EDM,69,-22,dz_faceoff_win
8480802,Ryan McLeod,C,EDM,69,-22,dz_faceoff_win
8480802,Ryan McLeod,C,EDM,69,-22,dz_faceoff_win
8480802,Ryan McLeod,C,EDM,69,-22,dz_faceoff_win
8480802,Ryan McLeod,C,EDM,69,22,dz_faceoff_win
8480802,Ryan McLeod,C,EDM,69,-22,dz_faceoff_win
8480802,Ryan McLeod,C,EDM,69,-22,dz_faceoff_win
8480802,Ryan McLeod,C,EDM,69,22,dz_faceoff_win
8480802,Ryan McLeod,C,EDM,69,22,dz_faceoff_win
8480802,Ryan McLeod,C,EDM,69,-22,dz_faceoff_win
8480802,Ryan McLeod,C,EDM,69,-22,dz_faceoff_win
8480802,Ryan McLeod,C,EDM,69,-22,dz_faceoff_win
8480802,Ryan McLeod,C,EDM,69,-22,dz_faceoff_win
8480802,Ryan McLeod,C,EDM,69,22,dz_faceoff_win
8480802,Ryan McLeod,C,EDM,69,-22,dz_faceoff_win
8480802,Ryan McLeod,C,EDM,69,-22,dz_faceoff_win
8480802,Ryan McLeod,C,EDM,69,-22,dz_faceoff_win
8480802,Ryan McLeod,C,EDM,83,35,hit_taken
8480802,Ryan McLeod,C,EDM,54,-38,hit_taken
8480802,Ryan McLeod,C,EDM,91,29,hit_taken
8480802,Ryan McLeod,C,EDM,95,-26,hit_taken
8480802,Ryan McLeod,C,EDM,86,36,hit_taken
8480802,Ryan McLeod,C,EDM,77,39,hit_taken
8480802,Ryan McLeod,C,EDM,31,-40,hit_taken
8480802,Ryan McLeod,C,EDM,97,5,hit_taken
8480802,Ryan McLeod,C,EDM,12,38,hit_taken
8480802,Ryan McLeod,C,EDM,82,-40,hit_taken
8480802,Ryan McLeod,C,EDM,99,-2,hit_taken
8480802,Ryan McLeod,C,EDM,90,31,hit_taken
8480802,Ryan McLeod,C,EDM,85,-34,hit_taken
8480802,Ryan McLeod,C,EDM,44,40,hit_taken
8480802,Ryan McLeod,C,EDM,27,22,hit_taken
8480802,Ryan McLeod,C,EDM,72,-38,hit_taken
8480802,Ryan McLeod,C,EDM,0,-38,hit_taken
8480802,Ryan McLeod,C,EDM,90,-33,hit_taken
8480802,Ryan McLeod,C,EDM,48,-39,hit_taken
8480802,Ryan McLeod,C,EDM,45,-37,hit_taken
8480802,Ryan McLeod,C,EDM,74,38,hit_taken
8480802,Ryan McLeod,C,EDM,18,-37,hit_taken
8480802,Ryan McLeod,C,EDM,51,41,hit_taken
8480802,Ryan McLeod,C,EDM,68,41,hit_taken
8480802,Ryan McLeod,C,EDM,36,-41,hit_taken
8480802,Ryan McLeod,C,EDM,26,-40,hit_taken
8480802,Ryan McLeod,C,EDM,89,34,hit_taken
8480802,Ryan McLeod,C,EDM,2,-36,hit_taken
8480802,Ryan McLeod,C,EDM,89,32,hit_taken
8480802,Ryan McLeod,C,EDM,55,37,hit_taken
8480802,Ryan McLeod,C,EDM,85,36,hit_taken
8480802,Ryan McLeod,C,EDM,96,2,hit_taken
8480802,Ryan McLeod,C,EDM,62,-40,hit_taken
8480802,Ryan McLeod,C,EDM,78,35,hit_taken
8480802,Ryan McLeod,C,EDM,94,8,hit_taken
8480802,Ryan McLeod,C,EDM,98,8,hit_taken
8480802,Ryan McLeod,C,EDM,95,-28,hit_taken
8480802,Ryan McLeod,C,EDM,80,-37,hit_taken
8480802,Ryan McLeod,C,EDM,96,7,hit_taken
8480802,Ryan McLeod,C,EDM,89,-32,hit_taken
8480802,Ryan McLeod,C,EDM,74,38,hit_taken
8480802,Ryan McLeod,C,EDM,97,-8,hit_taken
8480802,Ryan McLeod,C,EDM,70,38,hit_taken
8480802,Ryan McLeod,C,EDM,8,36,hit_taken
8480802,Ryan McLeod,C,EDM,88,-35,hit_thrown
8480802,Ryan McLeod,C,EDM,97,-15,hit_thrown
8480802,Ryan McLeod,C,EDM,8,-25,hit_thrown
8480802,Ryan McLeod,C,EDM,11,42,hit_thrown
8480802,Ryan McLeod,C,EDM,58,-39,hit_thrown
8480802,Ryan McLeod,C,EDM,87,30,hit_thrown
8480802,Ryan McLeod,C,EDM,93,22,hit_thrown
8480802,Ryan McLeod,C,EDM,93,-18,hit_thrown
8480802,Ryan McLeod,C,EDM,58,40,hit_thrown
8480802,Ryan McLeod,C,EDM,90,-27,hit_thrown
8480802,Ryan McLeod,C,EDM,23,39,hit_thrown
8480802,Ryan McLeod,C,EDM,45,41,hit_thrown
8480802,Ryan McLeod,C,EDM,84,-37,hit_thrown
8480802,Ryan McLeod,C,EDM,4,-37,hit_thrown
8480802,Ryan McLeod,C,EDM,95,23,hit_thrown
8480802,Ryan McLeod,C,EDM,96,-24,hit_thrown
8480802,Ryan McLeod,C,EDM,33,-41,hit_thrown
8480802,Ryan McLeod,C,EDM,86,-26,hit_thrown
8480802,Ryan McLeod,C,EDM,5,-41,hit_thrown
8480802,Ryan McLeod,C,EDM,98,-13,hit_thrown
8480802,Ryan McLeod,C,EDM,22,-42,hit_thrown
8480802,Ryan McLeod,C,EDM,89,34,hit_thrown
8480802,Ryan McLeod,C,EDM,64,40,hit_thrown
8480802,Ryan McLeod,C,EDM,90,-31,hit_thrown
8480802,Ryan McLeod,C,EDM,45,-1,hit_thrown
8480802,Ryan McLeod,C,EDM,66,-38,hit_thrown
8480802,Ryan McLeod,C,EDM,89,30,hit_thrown
8480802,Ryan McLeod,C,EDM,70,-3,takeaway_hd
8480802,Ryan McLeod,C,EDM,37,-40,takeaway_other
8480802,Ryan McLeod,C,EDM,61,39,takeaway_other
8480802,Ryan McLeod,C,EDM,72,-35,takeaway_other
8480802,Ryan McLeod,C,EDM,13,-38,takeaway_other
8480802,Ryan McLeod,C,EDM,29,-29,takeaway_other
8480802,Ryan McLeod,C,EDM,29,37,takeaway_other
8480802,Ryan McLeod,C,EDM,42,22,takeaway_other
8480802,Ryan McLeod,C,EDM,44,-27,takeaway_other
8480802,Ryan McLeod,C,EDM,75,40,takeaway_other
8480802,Ryan McLeod,C,EDM,31,-10,takeaway_other
8480802,Ryan McLeod,C,EDM,32,41,takeaway_other
8480802,Ryan McLeod,C,EDM,64,-37,takeaway_other
8480802,Ryan McLeod,C,EDM,93,-31,takeaway_other
8480802,Ryan McLeod,C,EDM,42,-11,takeaway_other
8480802,Ryan McLeod,C,EDM,69,-36,takeaway_other
8480803,Evan Bouchard,D,EDM,77,3,block_hd
8480803,Evan Bouchard,D,EDM,75,3,block_hd
8480803,Evan Bouchard,D,EDM,73,-2,block_hd
8480803,Evan Bouchard,D,EDM,72,3,block_hd
8480803,Evan Bouchard,D,EDM,75,15,block_hd
8480803,Evan Bouchard,D,EDM,75,1,block_hd
8480803,Evan Bouchard,D,EDM,83,-3,block_hd
8480803,Evan Bouchard,D,EDM,73,5,block_hd
8480803,Evan Bouchard,D,EDM,79,5,block_hd
8480803,Evan Bouchard,D,EDM,72,5,block_hd
8480803,Evan Bouchard,D,EDM,80,4,block_hd
8480803,Evan Bouchard,D,EDM,82,-4,block_hd
8480803,Evan Bouchard,D,EDM,77,14,block_hd
8480803,Evan Bouchard,D,EDM,73,-3,block_hd
8480803,Evan Bouchard,D,EDM,79,-3,block_hd
8480803,Evan Bouchard,D,EDM,78,8,block_hd
8480803,Evan Bouchard,D,EDM,74,17,block_hd
8480803,Evan Bouchard,D,EDM,73,-4,block_hd
8480803,Evan Bouchard,D,EDM,77,-4,block_hd
8480803,Evan Bouchard,D,EDM,83,5,block_hd
8480803,Evan Bouchard,D,EDM,78,-4,block_hd
8480803,Evan Bouchard,D,EDM,78,-3,block_hd
8480803,Evan Bouchard,D,EDM,65,8,block_non_hd
8480803,Evan Bouchard,D,EDM,30,30,block_non_hd
8480803,Evan Bouchard,D,EDM,65,17,block_non_hd
8480803,Evan Bouchard,D,EDM,52,20,block_non_hd
8480803,Evan Bouchard,D,EDM,66,22,block_non_hd
8480803,Evan Bouchard,D,EDM,53,-16,block_non_hd
8480803,Evan Bouchard,D,EDM,69,3,block_non_hd
8480803,Evan Bouchard,D,EDM,58,30,block_non_hd
8480803,Evan Bouchard,D,EDM,64,-6,block_non_hd
8480803,Evan Bouchard,D,EDM,51,-4,block_non_hd
8480803,Evan Bouchard,D,EDM,63,-13,block_non_hd
8480803,Evan Bouchard,D,EDM,49,13,block_non_hd
8480803,Evan Bouchard,D,EDM,74,32,block_non_hd
8480803,Evan Bouchard,D,EDM,53,3,block_non_hd
8480803,Evan Bouchard,D,EDM,73,22,block_non_hd
8480803,Evan Bouchard,D,EDM,58,8,block_non_hd
8480803,Evan Bouchard,D,EDM,69,-11,block_non_hd
8480803,Evan Bouchard,D,EDM,57,-2,block_non_hd
8480803,Evan Bouchard,D,EDM,59,18,block_non_hd
8480803,Evan Bouchard,D,EDM,68,12,block_non_hd
8480803,Evan Bouchard,D,EDM,84,29,block_non_hd
8480803,Evan Bouchard,D,EDM,79,-19,block_non_hd
8480803,Evan Bouchard,D,EDM,69,26,block_non_hd
8480803,Evan Bouchard,D,EDM,79,3,crease_goal
8480803,Evan Bouchard,D,EDM,96,7,hit_taken
8480803,Evan Bouchard,D,EDM,72,40,hit_taken
8480803,Evan Bouchard,D,EDM,96,-16,hit_taken
8480803,Evan Bouchard,D,EDM,97,3,hit_taken
8480803,Evan Bouchard,D,EDM,96,23,hit_taken
8480803,Evan Bouchard,D,EDM,92,30,hit_taken
8480803,Evan Bouchard,D,EDM,71,38,hit_taken
8480803,Evan Bouchard,D,EDM,93,32,hit_taken
8480803,Evan Bouchard,D,EDM,86,37,hit_taken
8480803,Evan Bouchard,D,EDM,74,-38,hit_taken
8480803,Evan Bouchard,D,EDM,98,14,hit_taken
8480803,Evan Bouchard,D,EDM,94,24,hit_taken
8480803,Evan Bouchard,D,EDM,36,40,hit_taken
8480803,Evan Bouchard,D,EDM,39,2,hit_taken
8480803,Evan Bouchard,D,EDM,92,27,hit_taken
8480803,Evan Bouchard,D,EDM,93,-23,hit_taken
8480803,Evan Bouchard,D,EDM,94,16,hit_taken
8480803,Evan Bouchard,D,EDM,31,33,hit_taken
8480803,Evan Bouchard,D,EDM,60,40,hit_taken
8480803,Evan Bouchard,D,EDM,26,41,hit_taken
8480803,Evan Bouchard,D,EDM,78,39,hit_taken
8480803,Evan Bouchard,D,EDM,85,-36,hit_taken
8480803,Evan Bouchard,D,EDM,94,30,hit_taken
8480803,Evan Bouchard,D,EDM,39,-37,hit_taken
8480803,Evan Bouchard,D,EDM,44,-37,hit_taken
8480803,Evan Bouchard,D,EDM,54,-36,hit_taken
8480803,Evan Bouchard,D,EDM,96,-10,hit_taken
8480803,Evan Bouchard,D,EDM,64,-39,hit_taken
8480803,Evan Bouchard,D,EDM,94,19,hit_taken
8480803,Evan Bouchard,D,EDM,86,37,hit_taken
8480803,Evan Bouchard,D,EDM,90,31,hit_taken
8480803,Evan Bouchard,D,EDM,92,27,hit_taken
8480803,Evan Bouchard,D,EDM,61,-41,hit_taken
8480803,Evan Bouchard,D,EDM,76,39,hit_taken
8480803,Evan Bouchard,D,EDM,33,-16,hit_taken
8480803,Evan Bouchard,D,EDM,35,35,hit_taken
8480803,Evan Bouchard,D,EDM,86,-33,hit_taken
8480803,Evan Bouchard,D,EDM,72,37,hit_taken
8480803,Evan Bouchard,D,EDM,86,35,hit_taken
8480803,Evan Bouchard,D,EDM,95,-19,hit_taken
8480803,Evan Bouchard,D,EDM,81,36,hit_taken
8480803,Evan Bouchard,D,EDM,37,18,hit_taken
8480803,Evan Bouchard,D,EDM,92,-31,hit_taken
8480803,Evan Bouchard,D,EDM,91,-27,hit_taken
8480803,Evan Bouchard,D,EDM,88,37,hit_taken
8480803,Evan Bouchard,D,EDM,78,-41,hit_taken
8480803,Evan Bouchard,D,EDM,97,21,hit_taken
8480803,Evan Bouchard,D,EDM,95,19,hit_taken
8480803,Evan Bouchard,D,EDM,97,24,hit_taken
8480803,Evan Bouchard,D,EDM,85,37,hit_taken
8480803,Evan Bouchard,D,EDM,39,32,hit_taken
8480803,Evan Bouchard,D,EDM,99,1,hit_taken
8480803,Evan Bouchard,D,EDM,98,6,hit_taken
8480803,Evan Bouchard,D,EDM,85,33,hit_taken
8480803,Evan Bouchard,D,EDM,97,-12,hit_taken
8480803,Evan Bouchard,D,EDM,93,27,hit_taken
8480803,Evan Bouchard,D,EDM,70,40,hit_taken
8480803,Evan Bouchard,D,EDM,95,17,hit_taken
8480803,Evan Bouchard,D,EDM,3,38,hit_taken
8480803,Evan Bouchard,D,EDM,0,-37,hit_taken
8480803,Evan Bouchard,D,EDM,61,37,hit_thrown
8480803,Evan Bouchard,D,EDM,81,37,hit_thrown
8480803,Evan Bouchard,D,EDM,51,41,hit_thrown
8480803,Evan Bouchard,D,EDM,48,-41,hit_thrown
8480803,Evan Bouchard,D,EDM,21,-40,hit_thrown
8480803,Evan Bouchard,D,EDM,75,40,hit_thrown
8480803,Evan Bouchard,D,EDM,35,34,hit_thrown
8480803,Evan Bouchard,D,EDM,27,39,hit_thrown
8480803,Evan Bouchard,D,EDM,98,-1,hit_thrown
8480803,Evan Bouchard,D,EDM,66,38,hit_thrown
8480803,Evan Bouchard,D,EDM,3,40,hit_thrown
8480803,Evan Bouchard,D,EDM,31,41,hit_thrown
8480803,Evan Bouchard,D,EDM,87,34,hit_thrown
8480803,Evan Bouchard,D,EDM,93,28,hit_thrown
8480803,Evan Bouchard,D,EDM,74,38,hit_thrown
8480803,Evan Bouchard,D,EDM,74,33,hit_thrown
8480803,Evan Bouchard,D,EDM,98,8,hit_thrown
8480803,Evan Bouchard,D,EDM,37,-36,hit_thrown
8480803,Evan Bouchard,D,EDM,14,-40,hit_thrown
8480803,Evan Bouchard,D,EDM,42,39,hit_thrown
8480803,Evan Bouchard,D,EDM,66,34,hit_thrown
8480803,Evan Bouchard,D,EDM,10,40,hit_thrown
8480803,Evan Bouchard,D,EDM,82,33,hit_thrown
8480803,Evan Bouchard,D,EDM,67,-40,hit_thrown
8480803,Evan Bouchard,D,EDM,51,37,hit_thrown
8480803,Evan Bouchard,D,EDM,61,41,hit_thrown
8480803,Evan Bouchard,D,EDM,12,36,hit_thrown
8480803,Evan Bouchard,D,EDM,96,9,hit_thrown
8480803,Evan Bouchard,D,EDM,98,-2,takeaway_hd
8480803,Evan Bouchard,D,EDM,97,9,takeaway_hd
8480803,Evan Bouchard,D,EDM,24,-29,takeaway_other
8480803,Evan Bouchard,D,EDM,44,30,takeaway_other
8480803,Evan Bouchard,D,EDM,34,-26,takeaway_other
8480803,Evan Bouchard,D,EDM,11,-40,takeaway_other
8480803,Evan Bouchard,D,EDM,31,-39,takeaway_other
8480803,Evan Bouchard,D,EDM,76,39,takeaway_other
8480803,Evan Bouchard,D,EDM,17,31,takeaway_other
8480803,Evan Bouchard,D,EDM,37,29,takeaway_other
8480803,Evan Bouchard,D,EDM,41,39,takeaway_other
8480803,Evan Bouchard,D,EDM,32,-20,takeaway_other
8480803,Evan Bouchard,D,EDM,17,23,takeaway_other
8480803,Evan Bouchard,D,EDM,31,-34,takeaway_other
8480803,Evan Bouchard,D,EDM,31,-39,takeaway_other
8480803,Evan Bouchard,D,EDM,40,-28,takeaway_other
8480803,Evan Bouchard,D,EDM,86,32,takeaway_other
8480803,Evan Bouchard,D,EDM,30,-35,takeaway_other
8480817,K'Andre Miller,D,NYR,79,-6,block_hd
8480817,K'Andre Miller,D,NYR,72,0,block_hd
8480817,K'Andre Miller,D,NYR,76,-7,block_hd
8480817,K'Andre Miller,D,NYR,74,-8,block_hd
8480817,K'Andre Miller,D,NYR,87,-6,block_hd
8480817,K'Andre Miller,D,NYR,72,12,block_hd
8480817,K'Andre Miller,D,NYR,79,6,block_hd
8480817,K'Andre Miller,D,NYR,74,-5,block_hd
8480817,K'Andre Miller,D,NYR,80,4,block_hd
8480817,K'Andre Miller,D,NYR,74,6,block_hd
8480817,K'Andre Miller,D,NYR,74,2,block_hd
8480817,K'Andre Miller,D,NYR,47,4,block_non_hd
8480817,K'Andre Miller,D,NYR,64,-5,block_non_hd
8480817,K'Andre Miller,D,NYR,36,-29,block_non_hd
8480817,K'Andre Miller,D,NYR,79,-19,block_non_hd
8480817,K'Andre Miller,D,NYR,69,-10,block_non_hd
8480817,K'Andre Miller,D,NYR,41,-29,block_non_hd
8480817,K'Andre Miller,D,NYR,68,13,block_non_hd
8480817,K'Andre Miller,D,NYR,63,26,block_non_hd
8480817,K'Andre Miller,D,NYR,69,-7,block_non_hd
8480817,K'Andre Miller,D,NYR,58,-18,block_non_hd
8480817,K'Andre Miller,D,NYR,69,10,block_non_hd
8480817,K'Andre Miller,D,NYR,46,-23,block_non_hd
8480817,K'Andre Miller,D,NYR,14,-38,hit_taken
8480817,K'Andre Miller,D,NYR,35,38,hit_taken
8480817,K'Andre Miller,D,NYR,95,30,hit_taken
8480817,K'Andre Miller,D,NYR,87,-30,hit_taken
8480817,K'Andre Miller,D,NYR,92,-30,hit_taken
8480817,K'Andre Miller,D,NYR,56,37,hit_taken
8480817,K'Andre Miller,D,NYR,92,27,hit_taken
8480817,K'Andre Miller,D,NYR,78,-38,hit_taken
8480817,K'Andre Miller,D,NYR,13,-38,hit_taken
8480817,K'Andre Miller,D,NYR,85,-34,hit_taken
8480817,K'Andre Miller,D,NYR,67,-30,hit_taken
8480817,K'Andre Miller,D,NYR,96,-17,hit_taken
8480817,K'Andre Miller,D,NYR,40,39,hit_taken
8480817,K'Andre Miller,D,NYR,88,-36,hit_taken
8480817,K'Andre Miller,D,NYR,97,-13,hit_taken
8480817,K'Andre Miller,D,NYR,66,-39,hit_taken
8480817,K'Andre Miller,D,NYR,94,-26,hit_taken
8480817,K'Andre Miller,D,NYR,97,-21,hit_taken
8480817,K'Andre Miller,D,NYR,14,-38,hit_thrown
8480817,K'Andre Miller,D,NYR,48,34,hit_thrown
8480817,K'Andre Miller,D,NYR,88,-33,hit_thrown
8480817,K'Andre Miller,D,NYR,93,24,hit_thrown
8480817,K'Andre Miller,D,NYR,97,-17,hit_thrown
8480817,K'Andre Miller,D,NYR,90,-26,hit_thrown
8480817,K'Andre Miller,D,NYR,94,26,hit_thrown
8480817,K'Andre Miller,D,NYR,57,-37,hit_thrown
8480817,K'Andre Miller,D,NYR,56,-40,hit_thrown
8480817,K'Andre Miller,D,NYR,35,37,hit_thrown
8480817,K'Andre Miller,D,NYR,97,-11,hit_thrown
8480817,K'Andre Miller,D,NYR,85,-15,hit_thrown
8480817,K'Andre Miller,D,NYR,89,33,hit_thrown
8480817,K'Andre Miller,D,NYR,47,-10,hit_thrown
8480817,K'Andre Miller,D,NYR,69,-42,hit_thrown
8480817,K'Andre Miller,D,NYR,95,-21,hit_thrown
8480817,K'Andre Miller,D,NYR,38,-34,hit_thrown
8480817,K'Andre Miller,D,NYR,73,41,hit_thrown
8480817,K'Andre Miller,D,NYR,82,-37,hit_thrown
8480817,K'Andre Miller,D,NYR,94,-26,hit_thrown
8480817,K'Andre Miller,D,NYR,50,39,hit_thrown
8480817,K'Andre Miller,D,NYR,74,-38,hit_thrown
8480817,K'Andre Miller,D,NYR,56,38,hit_thrown
8480817,K'Andre Miller,D,NYR,86,34,hit_thrown
8480817,K'Andre Miller,D,NYR,21,-38,hit_thrown
8480817,K'Andre Miller,D,NYR,90,-32,hit_thrown
8480817,K'Andre Miller,D,NYR,17,-39,hit_thrown
8480817,K'Andre Miller,D,NYR,0,40,hit_thrown
8480817,K'Andre Miller,D,NYR,91,-30,hit_thrown
8480817,K'Andre Miller,D,NYR,71,-39,hit_thrown
8480817,K'Andre Miller,D,NYR,21,37,hit_thrown
8480817,K'Andre Miller,D,NYR,84,-14,takeaway_hd
8480817,K'Andre Miller,D,NYR,95,13,takeaway_hd
8480817,K'Andre Miller,D,NYR,32,-32,takeaway_other
8480817,K'Andre Miller,D,NYR,41,-38,takeaway_other
8480817,K'Andre Miller,D,NYR,89,-33,takeaway_other
8480817,K'Andre Miller,D,NYR,82,-30,takeaway_other
8480817,K'Andre Miller,D,NYR,30,-31,takeaway_other
8480817,K'Andre Miller,D,NYR,63,-36,takeaway_other
8480817,K'Andre Miller,D,NYR,17,30,takeaway_other
8480817,K'Andre Miller,D,NYR,81,34,takeaway_other
8480823,Alexander Alexeyev,D,WSH,83,9,block_hd
8480823,Alexander Alexeyev,D,WSH,79,0,block_hd
8480823,Alexander Alexeyev,D,WSH,71,-12,block_hd
8480823,Alexander Alexeyev,D,WSH,71,-11,block_hd
8480823,Alexander Alexeyev,D,WSH,59,-2,block_non_hd
8480823,Alexander Alexeyev,D,WSH,60,9,block_non_hd
8480823,Alexander Alexeyev,D,WSH,63,-10,block_non_hd
8480823,Alexander Alexeyev,D,WSH,91,-30,hit_taken
8480823,Alexander Alexeyev,D,WSH,97,-13,hit_taken
8480823,Alexander Alexeyev,D,WSH,97,-19,hit_taken
8480823,Alexander Alexeyev,D,WSH,95,-10,hit_taken
8480823,Alexander Alexeyev,D,WSH,38,38,hit_taken
8480823,Alexander Alexeyev,D,WSH,95,23,hit_taken
8480823,Alexander Alexeyev,D,WSH,96,-6,hit_taken
8480823,Alexander Alexeyev,D,WSH,89,-30,hit_taken
8480823,Alexander Alexeyev,D,WSH,37,-38,hit_taken
8480823,Alexander Alexeyev,D,WSH,97,-6,hit_thrown
8480823,Alexander Alexeyev,D,WSH,64,38,hit_thrown
8480823,Alexander Alexeyev,D,WSH,92,-27,hit_thrown
8480823,Alexander Alexeyev,D,WSH,93,-27,hit_thrown
8480823,Alexander Alexeyev,D,WSH,53,36,hit_thrown
8480823,Alexander Alexeyev,D,WSH,16,-36,hit_thrown
8480823,Alexander Alexeyev,D,WSH,51,40,takeaway_other
8480829,Jesperi Kotkaniemi,C,CAR,79,0,block_hd
8480829,Jesperi Kotkaniemi,C,CAR,82,-3,block_hd
8480829,Jesperi Kotkaniemi,C,CAR,75,8,block_hd
8480829,Jesperi Kotkaniemi,C,CAR,75,1,block_hd
8480829,Jesperi Kotkaniemi,C,CAR,49,-22,block_non_hd
8480829,Jesperi Kotkaniemi,C,CAR,39,-36,block_non_hd
8480829,Jesperi Kotkaniemi,C,CAR,49,-16,block_non_hd
8480829,Jesperi Kotkaniemi,C,CAR,64,35,block_non_hd
8480829,Jesperi Kotkaniemi,C,CAR,41,32,block_non_hd
8480829,Jesperi Kotkaniemi,C,CAR,69,-22,dz_faceoff_win
8480829,Jesperi Kotkaniemi,C,CAR,69,-22,dz_faceoff_win
8480829,Jesperi Kotkaniemi,C,CAR,69,22,dz_faceoff_win
8480829,Jesperi Kotkaniemi,C,CAR,69,-22,dz_faceoff_win
8480829,Jesperi Kotkaniemi,C,CAR,99,12,hit_taken
8480829,Jesperi Kotkaniemi,C,CAR,71,40,hit_taken
8480829,Jesperi Kotkaniemi,C,CAR,6,39,hit_taken
8480829,Jesperi Kotkaniemi,C,CAR,45,-38,hit_taken
8480829,Jesperi Kotkaniemi,C,CAR,71,38,hit_taken
8480829,Jesperi Kotkaniemi,C,CAR,11,38,hit_taken
8480829,Jesperi Kotkaniemi,C,CAR,21,39,hit_taken
8480829,Jesperi Kotkaniemi,C,CAR,58,-38,hit_taken
8480829,Jesperi Kotkaniemi,C,CAR,70,-36,hit_taken
8480829,Jesperi Kotkaniemi,C,CAR,2,-40,hit_taken
8480829,Jesperi Kotkaniemi,C,CAR,57,41,hit_taken
8480829,Jesperi Kotkaniemi,C,CAR,17,-40,hit_taken
8480829,Jesperi Kotkaniemi,C,CAR,57,41,hit_taken
8480829,Jesperi Kotkaniemi,C,CAR,56,-40,hit_taken
8480829,Jesperi Kotkaniemi,C,CAR,98,-17,hit_taken
8480829,Jesperi Kotkaniemi,C,CAR,99,-16,hit_taken
8480829,Jesperi Kotkaniemi,C,CAR,28,37,hit_taken
8480829,Jesperi Kotkaniemi,C,CAR,97,8,hit_taken
8480829,Jesperi Kotkaniemi,C,CAR,12,-40,hit_taken
8480829,Jesperi Kotkaniemi,C,CAR,72,42,hit_taken
8480829,Jesperi Kotkaniemi,C,CAR,77,-41,hit_thrown
8480829,Jesperi Kotkaniemi,C,CAR,96,14,hit_thrown
8480829,Jesperi Kotkaniemi,C,CAR,84,34,hit_thrown
8480829,Jesperi Kotkaniemi,C,CAR,86,-31,hit_thrown
8480829,Jesperi Kotkaniemi,C,CAR,95,-23,hit_thrown
8480829,Jesperi Kotkaniemi,C,CAR,78,39,hit_thrown
8480829,Jesperi Kotkaniemi,C,CAR,53,39,hit_thrown
8480829,Jesperi Kotkaniemi,C,CAR,47,40,hit_thrown
8480829,Jesperi Kotkaniemi,C,CAR,82,-38,hit_thrown
8480829,Jesperi Kotkaniemi,C,CAR,54,-41,hit_thrown
8480829,Jesperi Kotkaniemi,C,CAR,47,40,hit_thrown
8480829,Jesperi Kotkaniemi,C,CAR,8,38,hit_thrown
8480829,Jesperi Kotkaniemi,C,CAR,64,-1,takeaway_other
8480829,Jesperi Kotkaniemi,C,CAR,64,-30,takeaway_other
8480830,Andrei Svechnikov,R,CAR,76,-3,block_hd
8480830,Andrei Svechnikov,R,CAR,77,0,block_hd
8480830,Andrei Svechnikov,R,CAR,57,14,block_non_hd
8480830,Andrei Svechnikov,R,CAR,68,10,block_non_hd
8480830,Andrei Svechnikov,R,CAR,60,-5,block_non_hd
8480830,Andrei Svechnikov,R,CAR,62,36,block_non_hd
8480830,Andrei Svechnikov,R,CAR,47,-6,block_non_hd
8480830,Andrei Svechnikov,R,CAR,59,8,block_non_hd
8480830,Andrei Svechnikov,R,CAR,58,-36,block_non_hd
8480830,Andrei Svechnikov,R,CAR,56,26,block_non_hd
8480830,Andrei Svechnikov,R,CAR,51,-39,hit_taken
8480830,Andrei Svechnikov,R,CAR,27,10,hit_taken
8480830,Andrei Svechnikov,R,CAR,96,11,hit_taken
8480830,Andrei Svechnikov,R,CAR,79,-35,hit_taken
8480830,Andrei Svechnikov,R,CAR,95,15,hit_taken
8480830,Andrei Svechnikov,R,CAR,80,37,hit_taken
8480830,Andrei Svechnikov,R,CAR,38,-38,hit_taken
8480830,Andrei Svechnikov,R,CAR,44,40,hit_taken
8480830,Andrei Svechnikov,R,CAR,93,-27,hit_taken
8480830,Andrei Svechnikov,R,CAR,69,-5,hit_taken
8480830,Andrei Svechnikov,R,CAR,17,39,hit_taken
8480830,Andrei Svechnikov,R,CAR,92,-26,hit_taken
8480830,Andrei Svechnikov,R,CAR,47,-10,hit_taken
8480830,Andrei Svechnikov,R,CAR,92,24,hit_taken
8480830,Andrei Svechnikov,R,CAR,56,-37,hit_taken
8480830,Andrei Svechnikov,R,CAR,96,-27,hit_taken
8480830,Andrei Svechnikov,R,CAR,69,39,hit_taken
8480830,Andrei Svechnikov,R,CAR,81,38,hit_thrown
8480830,Andrei Svechnikov,R,CAR,97,-24,hit_thrown
8480830,Andrei Svechnikov,R,CAR,46,-41,hit_thrown
8480830,Andrei Svechnikov,R,CAR,42,38,hit_thrown
8480830,Andrei Svechnikov,R,CAR,92,28,hit_thrown
8480830,Andrei Svechnikov,R,CAR,93,-23,hit_thrown
8480830,Andrei Svechnikov,R,CAR,97,-2,hit_thrown
8480830,Andrei Svechnikov,R,CAR,48,38,hit_thrown
8480830,Andrei Svechnikov,R,CAR,52,-37,hit_thrown
8480830,Andrei Svechnikov,R,CAR,18,-36,hit_thrown
8480830,Andrei Svechnikov,R,CAR,97,-1,hit_thrown
8480830,Andrei Svechnikov,R,CAR,56,38,hit_thrown
8480830,Andrei Svechnikov,R,CAR,7,41,hit_thrown
8480830,Andrei Svechnikov,R,CAR,52,41,hit_thrown
8480830,Andrei Svechnikov,R,CAR,18,37,hit_thrown
8480830,Andrei Svechnikov,R,CAR,97,19,hit_thrown
8480830,Andrei Svechnikov,R,CAR,85,-34,hit_thrown
8480830,Andrei Svechnikov,R,CAR,68,38,hit_thrown
8480830,Andrei Svechnikov,R,CAR,98,23,hit_thrown
8480830,Andrei Svechnikov,R,CAR,99,-3,hit_thrown
8480830,Andrei Svechnikov,R,CAR,90,30,hit_thrown
8480830,Andrei Svechnikov,R,CAR,97,-23,hit_thrown
8480830,Andrei Svechnikov,R,CAR,80,39,hit_thrown
8480830,Andrei Svechnikov,R,CAR,90,31,hit_thrown
8480830,Andrei Svechnikov,R,CAR,79,-37,hit_thrown
8480830,Andrei Svechnikov,R,CAR,19,-40,hit_thrown
8480830,Andrei Svechnikov,R,CAR,63,-38,hit_thrown
8480830,Andrei Svechnikov,R,CAR,88,-36,hit_thrown
8480830,Andrei Svechnikov,R,CAR,52,39,hit_thrown
8480830,Andrei Svechnikov,R,CAR,82,36,hit_thrown
8480830,Andrei Svechnikov,R,CAR,98,19,hit_thrown
8480830,Andrei Svechnikov,R,CAR,79,-36,hit_thrown
8480830,Andrei Svechnikov,R,CAR,42,-41,takeaway_other
8480830,Andrei Svechnikov,R,CAR,17,27,takeaway_other
8480830,Andrei Svechnikov,R,CAR,64,41,takeaway_other
8480830,Andrei Svechnikov,R,CAR,20,39,takeaway_other
8480830,Andrei Svechnikov,R,CAR,17,4,takeaway_other
8480830,Andrei Svechnikov,R,CAR,35,-24,takeaway_other
8480830,Andrei Svechnikov,R,CAR,32,2,takeaway_other
8480830,Andrei Svechnikov,R,CAR,50,-41,takeaway_other
8480830,Andrei Svechnikov,R,CAR,17,-25,takeaway_other
8480835,Jack Drury,C,CAR,70,9,block_hd
8480835,Jack Drury,C,CAR,85,13,block_hd
8480835,Jack Drury,C,CAR,84,4,block_hd
8480835,Jack Drury,C,CAR,61,-31,block_non_hd
8480835,Jack Drury,C,CAR,43,33,block_non_hd
8480835,Jack Drury,C,CAR,48,-13,block_non_hd
8480835,Jack Drury,C,CAR,63,23,block_non_hd
8480835,Jack Drury,C,CAR,58,7,block_non_hd
8480835,Jack Drury,C,CAR,58,36,block_non_hd
8480835,Jack Drury,C,CAR,59,-5,block_non_hd
8480835,Jack Drury,C,CAR,52,-3,block_non_hd
8480835,Jack Drury,C,CAR,69,22,dz_faceoff_win
8480835,Jack Drury,C,CAR,69,-22,dz_faceoff_win
8480835,Jack Drury,C,CAR,69,-22,dz_faceoff_win
8480835,Jack Drury,C,CAR,69,22,dz_faceoff_win
8480835,Jack Drury,C,CAR,69,22,dz_faceoff_win
8480835,Jack Drury,C,CAR,69,-22,dz_faceoff_win
8480835,Jack Drury,C,CAR,69,22,dz_faceoff_win
8480835,Jack Drury,C,CAR,69,22,dz_faceoff_win
8480835,Jack Drury,C,CAR,69,-22,dz_faceoff_win
8480835,Jack Drury,C,CAR,69,22,dz_faceoff_win
8480835,Jack Drury,C,CAR,69,-22,dz_faceoff_win
8480835,Jack Drury,C,CAR,69,-22,dz_faceoff_win
8480835,Jack Drury,C,CAR,69,22,dz_faceoff_win
8480835,Jack Drury,C,CAR,69,-22,dz_faceoff_win
8480835,Jack Drury,C,CAR,69,-22,dz_faceoff_win
8480835,Jack Drury,C,CAR,69,22,dz_faceoff_win
8480835,Jack Drury,C,CAR,69,-22,dz_faceoff_win
8480835,Jack Drury,C,CAR,69,-22,dz_faceoff_win
8480835,Jack Drury,C,CAR,69,-22,dz_faceoff_win
8480835,Jack Drury,C,CAR,69,22,dz_faceoff_win
8480835,Jack Drury,C,CAR,69,-22,dz_faceoff_win
8480835,Jack Drury,C,CAR,69,-22,dz_faceoff_win
8480835,Jack Drury,C,CAR,69,-22,dz_faceoff_win
8480835,Jack Drury,C,CAR,25,39,hit_taken
8480835,Jack Drury,C,CAR,97,-14,hit_taken
8480835,Jack Drury,C,CAR,90,-31,hit_taken
8480835,Jack Drury,C,CAR,61,41,hit_taken
8480835,Jack Drury,C,CAR,93,-27,hit_taken
8480835,Jack Drury,C,CAR,98,-19,hit_taken
8480835,Jack Drury,C,CAR,48,39,hit_taken
8480835,Jack Drury,C,CAR,99,9,hit_taken
8480835,Jack Drury,C,CAR,94,-27,hit_taken
8480835,Jack Drury,C,CAR,6,-38,hit_taken
8480835,Jack Drury,C,CAR,67,-41,hit_taken
8480835,Jack Drury,C,CAR,97,7,hit_taken
8480835,Jack Drury,C,CAR,21,39,hit_taken
8480835,Jack Drury,C,CAR,25,-14,hit_taken
8480835,Jack Drury,C,CAR,58,-39,hit_taken
8480835,Jack Drury,C,CAR,13,-35,hit_taken
8480835,Jack Drury,C,CAR,90,33,hit_taken
8480835,Jack Drury,C,CAR,97,-16,hit_taken
8480835,Jack Drury,C,CAR,99,12,hit_taken
8480835,Jack Drury,C,CAR,98,-23,hit_thrown
8480835,Jack Drury,C,CAR,74,-36,hit_thrown
8480835,Jack Drury,C,CAR,43,39,hit_thrown
8480835,Jack Drury,C,CAR,16,40,hit_thrown
8480835,Jack Drury,C,CAR,76,-39,hit_thrown
8480835,Jack Drury,C,CAR,93,26,hit_thrown
8480835,Jack Drury,C,CAR,99,21,hit_thrown
8480835,Jack Drury,C,CAR,4,38,hit_thrown
8480835,Jack Drury,C,CAR,82,26,hit_thrown
8480835,Jack Drury,C,CAR,86,35,hit_thrown
8480835,Jack Drury,C,CAR,30,15,takeaway_other
8480848,Ty Dellandrea,C,DAL,45,9,block_non_hd
8480848,Ty Dellandrea,C,DAL,68,30,block_non_hd
8480848,Ty Dellandrea,C,DAL,86,2,crease_goal
8480848,Ty Dellandrea,C,DAL,69,-22,dz_faceoff_win
8480848,Ty Dellandrea,C,DAL,69,22,dz_faceoff_win
8480848,Ty Dellandrea,C,DAL,69,22,dz_faceoff_win
8480848,Ty Dellandrea,C,DAL,69,22,dz_faceoff_win
8480848,Ty Dellandrea,C,DAL,40,41,hit_taken
8480848,Ty Dellandrea,C,DAL,3,-40,hit_taken
8480848,Ty Dellandrea,C,DAL,97,-14,hit_taken
8480848,Ty Dellandrea,C,DAL,15,40,hit_taken
8480848,Ty Dellandrea,C,DAL,65,-39,hit_taken
8480848,Ty Dellandrea,C,DAL,79,40,hit_taken
8480848,Ty Dellandrea,C,DAL,63,15,hit_taken
8480848,Ty Dellandrea,C,DAL,44,-25,hit_taken
8480848,Ty Dellandrea,C,DAL,99,14,hit_thrown
8480848,Ty Dellandrea,C,DAL,89,-34,hit_thrown
8480848,Ty Dellandrea,C,DAL,97,21,hit_thrown
8480848,Ty Dellandrea,C,DAL,19,8,hit_thrown
8480848,Ty Dellandrea,C,DAL,95,26,hit_thrown
8480848,Ty Dellandrea,C,DAL,89,-34,hit_thrown
8480848,Ty Dellandrea,C,DAL,90,-33,hit_thrown
8480848,Ty Dellandrea,C,DAL,92,-29,hit_thrown
8480848,Ty Dellandrea,C,DAL,80,-39,hit_thrown
8480848,Ty Dellandrea,C,DAL,10,-41,hit_thrown
8480865,Noah Dobson,D,NYI,75,7,block_hd
8480865,Noah Dobson,D,NYI,82,9,block_hd
8480865,Noah Dobson,D,NYI,85,5,block_hd
8480865,Noah Dobson,D,NYI,80,14,block_hd
8480865,Noah Dobson,D,NYI,70,-11,block_hd
8480865,Noah Dobson,D,NYI,87,22,block_non_hd
8480865,Noah Dobson,D,NYI,57,0,block_non_hd
8480865,Noah Dobson,D,NYI,90,31,hit_taken
8480865,Noah Dobson,D,NYI,39,-37,hit_taken
8480865,Noah Dobson,D,NYI,77,39,hit_taken
8480865,Noah Dobson,D,NYI,98,23,hit_taken
8480865,Noah Dobson,D,NYI,94,-23,hit_taken
8480865,Noah Dobson,D,NYI,99,-4,hit_taken
8480865,Noah Dobson,D,NYI,93,-23,hit_taken
8480865,Noah Dobson,D,NYI,84,34,hit_taken
8480865,Noah Dobson,D,NYI,93,25,hit_taken
8480865,Noah Dobson,D,NYI,92,28,hit_taken
8480865,Noah Dobson,D,NYI,48,38,hit_taken
8480865,Noah Dobson,D,NYI,97,-15,hit_taken
8480865,Noah Dobson,D,NYI,96,16,hit_taken
8480865,Noah Dobson,D,NYI,90,34,hit_taken
8480865,Noah Dobson,D,NYI,96,26,hit_taken
8480865,Noah Dobson,D,NYI,79,38,hit_taken
8480865,Noah Dobson,D,NYI,98,17,hit_thrown
8480865,Noah Dobson,D,NYI,90,-31,hit_thrown
8480865,Noah Dobson,D,NYI,94,21,hit_thrown
8480865,Noah Dobson,D,NYI,96,-26,hit_thrown
8480865,Noah Dobson,D,NYI,97,8,hit_thrown
8480865,Noah Dobson,D,NYI,76,-12,takeaway_hd
8480865,Noah Dobson,D,NYI,39,-38,takeaway_other
8480873,Rasmus Sandin,D,WSH,71,13,block_hd
8480873,Rasmus Sandin,D,WSH,64,-30,block_non_hd
8480873,Rasmus Sandin,D,WSH,92,-25,hit_taken
8480873,Rasmus Sandin,D,WSH,96,-16,hit_taken
8480873,Rasmus Sandin,D,WSH,59,39,hit_taken
8480873,Rasmus Sandin,D,WSH,81,-37,hit_thrown
8480873,Rasmus Sandin,D,WSH,96,21,hit_thrown
8480873,Rasmus Sandin,D,WSH,98,-9,hit_thrown
8480873,Rasmus Sandin,D,WSH,14,39,hit_thrown
8480878,Nils Lundkvist,D,DAL,78,-5,block_hd
8480878,Nils Lundkvist,D,DAL,64,-21,block_non_hd
8480878,Nils Lundkvist,D,DAL,58,3,block_non_hd
8480878,Nils Lundkvist,D,DAL,97,15,hit_taken
8480878,Nils Lundkvist,D,DAL,77,-38,hit_taken
8480878,Nils Lundkvist,D,DAL,78,-37,hit_taken
8480878,Nils Lundkvist,D,DAL,86,-37,hit_taken
8480878,Nils Lundkvist,D,DAL,92,28,hit_taken
8480878,Nils Lundkvist,D,DAL,99,0,hit_taken
8480878,Nils Lundkvist,D,DAL,93,-26,hit_taken
8480878,Nils Lundkvist,D,DAL,55,40,hit_taken
8480878,Nils Lundkvist,D,DAL,96,26,hit_taken
8480878,Nils Lundkvist,D,DAL,85,35,hit_taken
8480878,Nils Lundkvist,D,DAL,93,28,hit_taken
8480878,Nils Lundkvist,D,DAL,90,33,hit_taken
8480878,Nils Lundkvist,D,DAL,38,-40,hit_taken
8480878,Nils Lundkvist,D,DAL,97,-22,hit_taken
8480878,Nils Lundkvist,D,DAL,99,20,hit_taken
8480878,Nils Lundkvist,D,DAL,80,39,hit_thrown
8480878,Nils Lundkvist,D,DAL,66,39,hit_thrown
8480878,Nils Lundkvist,D,DAL,56,-41,hit_thrown
8480878,Nils Lundkvist,D,DAL,87,14,hit_thrown
8480878,Nils Lundkvist,D,DAL,16,39,hit_thrown
8480878,Nils Lundkvist,D,DAL,91,23,hit_thrown
8480880,Jakub Lauko,C,BOS,47,7,block_non_hd
8480880,Jakub Lauko,C,BOS,84,33,hit_taken
8480880,Jakub Lauko,C,BOS,89,-18,hit_taken
8480880,Jakub Lauko,C,BOS,73,33,hit_taken
8480880,Jakub Lauko,C,BOS,93,14,hit_taken
8480880,Jakub Lauko,C,BOS,60,39,hit_taken
8480880,Jakub Lauko,C,BOS,90,-25,hit_thrown
8480880,Jakub Lauko,C,BOS,83,-33,hit_thrown
8480880,Jakub Lauko,C,BOS,27,-38,hit_thrown
8480880,Jakub Lauko,C,BOS,9,-34,hit_thrown
8480880,Jakub Lauko,C,BOS,60,-37,hit_thrown
8480880,Jakub Lauko,C,BOS,10,36,hit_thrown
8480880,Jakub Lauko,C,BOS,90,22,hit_thrown
8480880,Jakub Lauko,C,BOS,82,36,hit_thrown
8480880,Jakub Lauko,C,BOS,92,-21,hit_thrown
8480880,Jakub Lauko,C,BOS,87,-36,hit_thrown
8480880,Jakub Lauko,C,BOS,95,-15,hit_thrown
8480880,Jakub Lauko,C,BOS,13,-1,hit_thrown
8480880,Jakub Lauko,C,BOS,95,-10,hit_thrown
8480880,Jakub Lauko,C,BOS,80,-8,hit_thrown
8480880,Jakub Lauko,C,BOS,85,-24,hit_thrown
8480880,Jakub Lauko,C,BOS,89,33,hit_thrown
8480880,Jakub Lauko,C,BOS,75,38,hit_thrown
8480950,Ilya Lyubushkin,D,TOR,80,3,block_hd
8480950,Ilya Lyubushkin,D,TOR,79,3,block_hd
8480950,Ilya Lyubushkin,D,TOR,74,16,block_hd
8480950,Ilya Lyubushkin,D,TOR,70,0,block_hd
8480950,Ilya Lyubushkin,D,TOR,65,13,block_non_hd
8480950,Ilya Lyubushkin,D,TOR,63,12,block_non_hd
8480950,Ilya Lyubushkin,D,TOR,63,-17,block_non_hd
8480950,Ilya Lyubushkin,D,TOR,94,13,hit_taken
8480950,Ilya Lyubushkin,D,TOR,90,-25,hit_taken
8480950,Ilya Lyubushkin,D,TOR,66,-34,hit_taken
8480950,Ilya Lyubushkin,D,TOR,82,36,hit_taken
8480950,Ilya Lyubushkin,D,TOR,70,35,hit_taken
8480950,Ilya Lyubushkin,D,TOR,98,19,hit_taken
8480950,Ilya Lyubushkin,D,TOR,91,30,hit_taken
8480950,Ilya Lyubushkin,D,TOR,63,41,hit_taken
8480950,Ilya Lyubushkin,D,TOR,98,2,hit_taken
8480950,Ilya Lyubushkin,D,TOR,88,-33,hit_taken
8480950,Ilya Lyubushkin,D,TOR,96,-4,hit_taken
8480950,Ilya Lyubushkin,D,TOR,66,-33,hit_taken
8480950,Ilya Lyubushkin,D,TOR,76,38,hit_taken
8480950,Ilya Lyubushkin,D,TOR,94,26,hit_taken
8480950,Ilya Lyubushkin,D,TOR,53,40,hit_taken
8480950,Ilya Lyubushkin,D,TOR,94,-21,hit_taken
8480950,Ilya Lyubushkin,D,TOR,97,-10,hit_taken
8480950,Ilya Lyubushkin,D,TOR,93,17,hit_taken
8480950,Ilya Lyubushkin,D,TOR,98,8,hit_taken
8480950,Ilya Lyubushkin,D,TOR,95,-10,hit_thrown
8480950,Ilya Lyubushkin,D,TOR,43,37,hit_thrown
8480950,Ilya Lyubushkin,D,TOR,96,27,hit_thrown
8480950,Ilya Lyubushkin,D,TOR,92,21,hit_thrown
8480950,Ilya Lyubushkin,D,TOR,44,40,hit_thrown
8480950,Ilya Lyubushkin,D,TOR,33,31,hit_thrown
8480950,Ilya Lyubushkin,D,TOR,99,-10,hit_thrown
8480950,Ilya Lyubushkin,D,TOR,78,37,hit_thrown
8480950,Ilya Lyubushkin,D,TOR,46,-37,hit_thrown
8480950,Ilya Lyubushkin,D,TOR,79,-38,hit_thrown
8480950,Ilya Lyubushkin,D,TOR,94,18,hit_thrown
8480950,Ilya Lyubushkin,D,TOR,98,15,hit_thrown
8480950,Ilya Lyubushkin,D,TOR,95,-4,hit_thrown
8480950,Ilya Lyubushkin,D,TOR,42,-37,hit_thrown
8480950,Ilya Lyubushkin,D,TOR,2,-16,hit_thrown
8480950,Ilya Lyubushkin,D,TOR,69,-36,hit_thrown
8480950,Ilya Lyubushkin,D,TOR,52,38,hit_thrown
8480950,Ilya Lyubushkin,D,TOR,90,-33,hit_thrown
8480950,Ilya Lyubushkin,D,TOR,17,39,hit_thrown
8480950,Ilya Lyubushkin,D,TOR,76,-39,hit_thrown
8480950,Ilya Lyubushkin,D,TOR,93,18,hit_thrown
8480950,Ilya Lyubushkin,D,TOR,36,19,hit_thrown
8480950,Ilya Lyubushkin,D,TOR,96,-9,hit_thrown
8480950,Ilya Lyubushkin,D,TOR,86,35,hit_thrown
8480950,Ilya Lyubushkin,D,TOR,39,23,hit_thrown
8480950,Ilya Lyubushkin,D,TOR,52,-35,hit_thrown
8480950,Ilya Lyubushkin,D,TOR,96,-22,hit_thrown
8480950,Ilya Lyubushkin,D,TOR,93,-14,hit_thrown
8480950,Ilya Lyubushkin,D,TOR,69,38,hit_thrown
8480950,Ilya Lyubushkin,D,TOR,35,-28,takeaway_other
8480950,Ilya Lyubushkin,D,TOR,24,5,takeaway_other
8480950,Ilya Lyubushkin,D,TOR,73,39,takeaway_other
8480980,Connor Dewar,C,TOR,53,6,block_non_hd
8480980,Connor Dewar,C,TOR,66,-35,block_non_hd
8480980,Connor Dewar,C,TOR,37,30,hit_taken
8480980,Connor Dewar,C,TOR,45,-26,hit_taken
8480980,Connor Dewar,C,TOR,21,-30,hit_taken
8480980,Connor Dewar,C,TOR,63,37,hit_taken
8480980,Connor Dewar,C,TOR,14,-38,hit_taken
8480980,Connor Dewar,C,TOR,24,40,hit_taken
8480980,Connor Dewar,C,TOR,71,40,hit_taken
8480980,Connor Dewar,C,TOR,92,-30,hit_taken
8480980,Connor Dewar,C,TOR,62,-38,hit_taken
8480980,Connor Dewar,C,TOR,96,-19,hit_taken
8480980,Connor Dewar,C,TOR,48,-40,hit_taken
8480980,Connor Dewar,C,TOR,94,30,hit_taken
8480980,Connor Dewar,C,TOR,11,-37,hit_thrown
8480980,Connor Dewar,C,TOR,92,-26,hit_thrown
8480980,Connor Dewar,C,TOR,92,12,hit_thrown
8480980,Connor Dewar,C,TOR,73,33,hit_thrown
8480980,Connor Dewar,C,TOR,99,0,hit_thrown
8480980,Connor Dewar,C,TOR,99,13,hit_thrown
8480980,Connor Dewar,C,TOR,97,21,hit_thrown
8480980,Connor Dewar,C,TOR,17,39,hit_thrown
8480980,Connor Dewar,C,TOR,49,-40,hit_thrown
8480980,Connor Dewar,C,TOR,4,-39,hit_thrown
8480980,Connor Dewar,C,TOR,98,-15,hit_thrown
8480980,Connor Dewar,C,TOR,7,-40,hit_thrown
8480980,Connor Dewar,C,TOR,92,11,hit_thrown
8480980,Connor Dewar,C,TOR,96,23,hit_thrown
8480980,Connor Dewar,C,TOR,98,-6,takeaway_hd
8480980,Connor Dewar,C,TOR,37,33,takeaway_other
8480980,Connor Dewar,C,TOR,96,24,takeaway_other
8480995,Pontus Holmberg,R,TOR,76,0,block_hd
8480995,Pontus Holmberg,R,TOR,72,9,block_hd
8480995,Pontus Holmberg,R,TOR,63,11,block_non_hd
8480995,Pontus Holmberg,R,TOR,69,-22,dz_faceoff_win
8480995,Pontus Holmberg,R,TOR,69,22,dz_faceoff_win
8480995,Pontus Holmberg,R,TOR,69,-22,dz_faceoff_win
8480995,Pontus Holmberg,R,TOR,69,-22,dz_faceoff_win
8480995,Pontus Holmberg,R,TOR,69,22,dz_faceoff_win
8480995,Pontus Holmberg,R,TOR,96,-19,hit_taken
8480995,Pontus Holmberg,R,TOR,27,-38,hit_taken
8480995,Pontus Holmberg,R,TOR,89,-32,hit_taken
8480995,Pontus Holmberg,R,TOR,80,-39,hit_taken
8480995,Pontus Holmberg,R,TOR,0,38,hit_taken
8480995,Pontus Holmberg,R,TOR,90,32,hit_taken
8480995,Pontus Holmberg,R,TOR,31,-40,hit_taken
8480995,Pontus Holmberg,R,TOR,92,30,hit_taken
8480995,Pontus Holmberg,R,TOR,90,31,hit_taken
8480995,Pontus Holmberg,R,TOR,99,-20,hit_taken
8480995,Pontus Holmberg,R,TOR,69,-40,hit_taken
8480995,Pontus Holmberg,R,TOR,93,-19,hit_taken
8480995,Pontus Holmberg,R,TOR,97,-10,hit_taken
8480995,Pontus Holmberg,R,TOR,26,-37,hit_taken
8480995,Pontus Holmberg,R,TOR,75,40,hit_taken
8480995,Pontus Holmberg,R,TOR,35,-39,hit_taken
8480995,Pontus Holmberg,R,TOR,32,-33,hit_taken
8480995,Pontus Holmberg,R,TOR,73,28,hit_taken
8480995,Pontus Holmberg,R,TOR,5,-38,hit_taken
8480995,Pontus Holmberg,R,TOR,29,38,hit_taken
8480995,Pontus Holmberg,R,TOR,19,-34,hit_thrown
8480995,Pontus Holmberg,R,TOR,97,-22,hit_thrown
8480995,Pontus Holmberg,R,TOR,95,-27,hit_thrown
8480995,Pontus Holmberg,R,TOR,52,40,hit_thrown
8480995,Pontus Holmberg,R,TOR,16,39,hit_thrown
8480995,Pontus Holmberg,R,TOR,16,-33,hit_thrown
8480995,Pontus Holmberg,R,TOR,77,39,hit_thrown
8480995,Pontus Holmberg,R,TOR,88,-35,hit_thrown
8480995,Pontus Holmberg,R,TOR,95,27,hit_thrown
8480995,Pontus Holmberg,R,TOR,81,-36,hit_thrown
8480995,Pontus Holmberg,R,TOR,73,-38,hit_thrown
8480995,Pontus Holmberg,R,TOR,94,28,hit_thrown
8480995,Pontus Holmberg,R,TOR,63,41,hit_thrown
8480995,Pontus Holmberg,R,TOR,69,-39,takeaway_other
8481014,Alexander Romanov,D,NYI,74,13,block_hd
8481014,Alexander Romanov,D,NYI,77,-8,block_hd
8481014,Alexander Romanov,D,NYI,80,-4,block_hd
8481014,Alexander Romanov,D,NYI,75,5,block_hd
8481014,Alexander Romanov,D,NYI,77,-5,block_hd
8481014,Alexander Romanov,D,NYI,80,-6,block_hd
8481014,Alexander Romanov,D,NYI,70,12,block_hd
8481014,Alexander Romanov,D,NYI,65,-1,block_non_hd
8481014,Alexander Romanov,D,NYI,75,22,block_non_hd
8481014,Alexander Romanov,D,NYI,67,-18,block_non_hd
8481014,Alexander Romanov,D,NYI,61,-18,block_non_hd
8481014,Alexander Romanov,D,NYI,89,26,block_non_hd
8481014,Alexander Romanov,D,NYI,69,-28,block_non_hd
8481014,Alexander Romanov,D,NYI,58,-23,block_non_hd
8481014,Alexander Romanov,D,NYI,92,-32,hit_taken
8481014,Alexander Romanov,D,NYI,99,-14,hit_taken
8481014,Alexander Romanov,D,NYI,19,-25,hit_taken
8481014,Alexander Romanov,D,NYI,99,2,hit_taken
8481014,Alexander Romanov,D,NYI,0,42,hit_taken
8481014,Alexander Romanov,D,NYI,97,-24,hit_taken
8481014,Alexander Romanov,D,NYI,98,-10,hit_taken
8481014,Alexander Romanov,D,NYI,77,-41,hit_taken
8481014,Alexander Romanov,D,NYI,98,-23,hit_taken
8481014,Alexander Romanov,D,NYI,97,-17,hit_taken
8481014,Alexander Romanov,D,NYI,93,-24,hit_taken
8481014,Alexander Romanov,D,NYI,13,37,hit_taken
8481014,Alexander Romanov,D,NYI,97,-8,hit_taken
8481014,Alexander Romanov,D,NYI,74,-36,hit_taken
8481014,Alexander Romanov,D,NYI,83,-36,hit_taken
8481014,Alexander Romanov,D,NYI,43,39,hit_taken
8481014,Alexander Romanov,D,NYI,11,-13,hit_taken
8481014,Alexander Romanov,D,NYI,95,-23,hit_taken
8481014,Alexander Romanov,D,NYI,94,-23,hit_taken
8481014,Alexander Romanov,D,NYI,62,40,hit_taken
8481014,Alexander Romanov,D,NYI,56,41,hit_taken
8481014,Alexander Romanov,D,NYI,3,-40,hit_taken
8481014,Alexander Romanov,D,NYI,92,-31,hit_thrown
8481014,Alexander Romanov,D,NYI,70,-40,hit_thrown
8481014,Alexander Romanov,D,NYI,96,11,hit_thrown
8481014,Alexander Romanov,D,NYI,95,15,hit_thrown
8481014,Alexander Romanov,D,NYI,80,37,hit_thrown
8481014,Alexander Romanov,D,NYI,38,1,hit_thrown
8481014,Alexander Romanov,D,NYI,44,40,hit_thrown
8481014,Alexander Romanov,D,NYI,70,-36,hit_thrown
8481014,Alexander Romanov,D,NYI,92,5,hit_thrown
8481014,Alexander Romanov,D,NYI,73,-40,takeaway_other
8481014,Alexander Romanov,D,NYI,67,-39,takeaway_other
8481016,Ruslan Iskhakov,C,NYI,34,-19,block_non_hd
8481019,David Gustafsson,C,WPG,41,-23,block_non_hd
8481019,David Gustafsson,C,WPG,50,-15,block_non_hd
8481019,David Gustafsson,C,WPG,46,-18,block_non_hd
8481019,David Gustafsson,C,WPG,69,22,dz_faceoff_win
8481019,David Gustafsson,C,WPG,69,22,dz_faceoff_win
8481019,David Gustafsson,C,WPG,69,22,dz_faceoff_win
8481019,David Gustafsson,C,WPG,69,22,dz_faceoff_win
8481019,David Gustafsson,C,WPG,69,-22,dz_faceoff_win
8481019,David Gustafsson,C,WPG,96,19,hit_taken
8481019,David Gustafsson,C,WPG,85,35,hit_taken
8481019,David Gustafsson,C,WPG,95,-25,hit_taken
8481019,David Gustafsson,C,WPG,44,-38,hit_taken
8481019,David Gustafsson,C,WPG,12,39,hit_taken
8481019,David Gustafsson,C,WPG,95,19,hit_taken
8481019,David Gustafsson,C,WPG,89,-34,hit_taken
8481019,David Gustafsson,C,WPG,40,-38,hit_taken
8481019,David Gustafsson,C,WPG,97,-21,hit_taken
8481019,David Gustafsson,C,WPG,45,39,hit_taken
8481019,David Gustafsson,C,WPG,47,-38,hit_taken
8481019,David Gustafsson,C,WPG,96,-18,hit_taken
8481019,David Gustafsson,C,WPG,61,40,hit_taken
8481019,David Gustafsson,C,WPG,10,40,hit_taken
8481019,David Gustafsson,C,WPG,96,16,hit_thrown
8481019,David Gustafsson,C,WPG,5,40,hit_thrown
8481019,David Gustafsson,C,WPG,51,37,hit_thrown
8481019,David Gustafsson,C,WPG,18,-38,hit_thrown
8481019,David Gustafsson,C,WPG,80,-38,hit_thrown
8481019,David Gustafsson,C,WPG,90,-29,hit_thrown
8481024,Linus Karlsson,C,VAN,80,3,block_hd
8481024,Linus Karlsson,C,VAN,35,34,hit_taken
8481024,Linus Karlsson,C,VAN,93,22,hit_taken
8481024,Linus Karlsson,C,VAN,98,-11,hit_thrown
8481024,Linus Karlsson,C,VAN,52,-11,takeaway_other
8481024,Linus Karlsson,C,VAN,77,38,takeaway_other
8481042,Nikolai Kovalenko,R,COL,72,39,hit_taken
8481042,Nikolai Kovalenko,R,COL,91,-32,hit_thrown
8481042,Nikolai Kovalenko,R,COL,28,-40,hit_thrown
8481042,Nikolai Kovalenko,R,COL,43,35,hit_thrown
8481042,Nikolai Kovalenko,R,COL,1,39,hit_thrown
8481042,Nikolai Kovalenko,R,COL,10,40,hit_thrown
8481056,Spencer Stastney,D,NSH,78,-4,block_hd
8481056,Spencer Stastney,D,NSH,93,-25,hit_taken
8481056,Spencer Stastney,D,NSH,82,-38,hit_taken
8481056,Spencer Stastney,D,NSH,1,34,hit_taken
8481056,Spencer Stastney,D,NSH,88,36,hit_taken
8481056,Spencer Stastney,D,NSH,87,34,hit_taken
8481122,Simon Benoit,D,TOR,79,4,block_hd
8481122,Simon Benoit,D,TOR,70,1,block_hd
8481122,Simon Benoit,D,TOR,87,-15,block_hd
8481122,Simon Benoit,D,TOR,86,3,block_hd
8481122,Simon Benoit,D,TOR,46,-5,block_non_hd
8481122,Simon Benoit,D,TOR,65,30,block_non_hd
8481122,Simon Benoit,D,TOR,62,-34,block_non_hd
8481122,Simon Benoit,D,TOR,62,-8,block_non_hd
8481122,Simon Benoit,D,TOR,79,-20,block_non_hd
8481122,Simon Benoit,D,TOR,68,3,block_non_hd
8481122,Simon Benoit,D,TOR,53,-13,block_non_hd
8481122,Simon Benoit,D,TOR,95,-4,hit_taken
8481122,Simon Benoit,D,TOR,76,37,hit_taken
8481122,Simon Benoit,D,TOR,55,-35,hit_taken
8481122,Simon Benoit,D,TOR,94,-4,hit_taken
8481122,Simon Benoit,D,TOR,16,36,hit_taken
8481122,Simon Benoit,D,TOR,96,-11,hit_taken
8481122,Simon Benoit,D,TOR,39,-41,hit_taken
8481122,Simon Benoit,D,TOR,10,36,hit_taken
8481122,Simon Benoit,D,TOR,83,38,hit_taken
8481122,Simon Benoit,D,TOR,85,-31,hit_taken
8481122,Simon Benoit,D,TOR,93,-32,hit_taken
8481122,Simon Benoit,D,TOR,84,-37,hit_taken
8481122,Simon Benoit,D,TOR,89,-34,hit_taken
8481122,Simon Benoit,D,TOR,1,40,hit_taken
8481122,Simon Benoit,D,TOR,94,-25,hit_taken
8481122,Simon Benoit,D,TOR,98,-14,hit_taken
8481122,Simon Benoit,D,TOR,7,40,hit_taken
8481122,Simon Benoit,D,TOR,93,22,hit_taken
8481122,Simon Benoit,D,TOR,86,34,hit_taken
8481122,Simon Benoit,D,TOR,94,-13,hit_taken
8481122,Simon Benoit,D,TOR,95,0,hit_taken
8481122,Simon Benoit,D,TOR,87,35,hit_taken
8481122,Simon Benoit,D,TOR,2,-40,hit_taken
8481122,Simon Benoit,D,TOR,98,-17,hit_taken
8481122,Simon Benoit,D,TOR,96,22,hit_taken
8481122,Simon Benoit,D,TOR,95,-27,hit_taken
8481122,Simon Benoit,D,TOR,17,36,hit_taken
8481122,Simon Benoit,D,TOR,90,-31,hit_taken
8481122,Simon Benoit,D,TOR,95,-16,hit_taken
8481122,Simon Benoit,D,TOR,98,-19,hit_taken
8481122,Simon Benoit,D,TOR,38,-33,hit_thrown
8481122,Simon Benoit,D,TOR,3,-32,hit_thrown
8481122,Simon Benoit,D,TOR,93,24,hit_thrown
8481122,Simon Benoit,D,TOR,66,-35,hit_thrown
8481122,Simon Benoit,D,TOR,91,-18,hit_thrown
8481122,Simon Benoit,D,TOR,3,-39,hit_thrown
8481122,Simon Benoit,D,TOR,82,-36,hit_thrown
8481122,Simon Benoit,D,TOR,91,-11,hit_thrown
8481122,Simon Benoit,D,TOR,99,14,hit_thrown
8481122,Simon Benoit,D,TOR,1,-38,hit_thrown
8481122,Simon Benoit,D,TOR,40,-25,hit_thrown
8481122,Simon Benoit,D,TOR,87,36,hit_thrown
8481122,Simon Benoit,D,TOR,39,-32,hit_thrown
8481122,Simon Benoit,D,TOR,57,9,hit_thrown
8481122,Simon Benoit,D,TOR,95,18,hit_thrown
8481122,Simon Benoit,D,TOR,99,10,hit_thrown
8481122,Simon Benoit,D,TOR,19,-39,hit_thrown
8481122,Simon Benoit,D,TOR,8,-40,hit_thrown
8481122,Simon Benoit,D,TOR,66,-35,hit_thrown
8481122,Simon Benoit,D,TOR,95,-1,hit_thrown
8481122,Simon Benoit,D,TOR,24,36,hit_thrown
8481122,Simon Benoit,D,TOR,94,23,hit_thrown
8481122,Simon Benoit,D,TOR,13,-42,hit_thrown
8481122,Simon Benoit,D,TOR,81,36,hit_thrown
8481122,Simon Benoit,D,TOR,98,-6,hit_thrown
8481122,Simon Benoit,D,TOR,92,27,hit_thrown
8481122,Simon Benoit,D,TOR,35,-41,hit_thrown
8481122,Simon Benoit,D,TOR,51,-39,hit_thrown
8481122,Simon Benoit,D,TOR,27,-25,hit_thrown
8481122,Simon Benoit,D,TOR,89,26,hit_thrown
8481122,Simon Benoit,D,TOR,13,39,hit_thrown
8481122,Simon Benoit,D,TOR,38,-35,hit_thrown
8481122,Simon Benoit,D,TOR,63,-38,hit_thrown
8481122,Simon Benoit,D,TOR,44,-39,hit_thrown
8481122,Simon Benoit,D,TOR,93,-14,hit_thrown
8481122,Simon Benoit,D,TOR,96,-16,hit_thrown
8481122,Simon Benoit,D,TOR,49,-33,hit_thrown
8481237,Kyle MacLean,C,NYI,84,-9,block_hd
8481237,Kyle MacLean,C,NYI,65,29,block_non_hd
8481237,Kyle MacLean,C,NYI,41,8,block_non_hd
8481237,Kyle MacLean,C,NYI,80,-19,block_non_hd
8481237,Kyle MacLean,C,NYI,36,-3,block_non_hd
8481237,Kyle MacLean,C,NYI,37,-32,block_non_hd
8481237,Kyle MacLean,C,NYI,87,-3,crease_goal
8481237,Kyle MacLean,C,NYI,69,22,dz_faceoff_win
8481237,Kyle MacLean,C,NYI,69,22,dz_faceoff_win
8481237,Kyle MacLean,C,NYI,69,22,dz_faceoff_win
8481237,Kyle MacLean,C,NYI,69,22,dz_faceoff_win
8481237,Kyle MacLean,C,NYI,69,22,dz_faceoff_win
8481237,Kyle MacLean,C,NYI,69,22,dz_faceoff_win
8481237,Kyle MacLean,C,NYI,69,-22,dz_faceoff_win
8481237,Kyle MacLean,C,NYI,69,22,dz_faceoff_win
8481237,Kyle MacLean,C,NYI,98,10,hit_taken
8481237,Kyle MacLean,C,NYI,85,36,hit_taken
8481237,Kyle MacLean,C,NYI,25,39,hit_thrown
8481237,Kyle MacLean,C,NYI,6,39,hit_thrown
8481237,Kyle MacLean,C,NYI,61,36,hit_thrown
8481237,Kyle MacLean,C,NYI,82,38,hit_thrown
8481237,Kyle MacLean,C,NYI,56,39,hit_thrown
8481237,Kyle MacLean,C,NYI,85,34,hit_thrown
8481237,Kyle MacLean,C,NYI,95,28,hit_thrown
8481237,Kyle MacLean,C,NYI,99,-11,takeaway_hd
8481237,Kyle MacLean,C,NYI,35,7,takeaway_other
8481481,Blake Lizotte,C,LAK,81,4,block_hd
8481481,Blake Lizotte,C,LAK,82,-6,block_hd
8481481,Blake Lizotte,C,LAK,54,31,block_non_hd
8481481,Blake Lizotte,C,LAK,57,15,block_non_hd
8481481,Blake Lizotte,C,LAK,69,-22,dz_faceoff_win
8481481,Blake Lizotte,C,LAK,69,-22,dz_faceoff_win
8481481,Blake Lizotte,C,LAK,69,22,dz_faceoff_win
8481481,Blake Lizotte,C,LAK,69,22,dz_faceoff_win
8481481,Blake Lizotte,C,LAK,69,22,dz_faceoff_win
8481481,Blake Lizotte,C,LAK,69,22,dz_faceoff_win
8481481,Blake Lizotte,C,LAK,10,39,hit_taken
8481481,Blake Lizotte,C,LAK,51,-40,hit_taken
8481481,Blake Lizotte,C,LAK,80,39,hit_taken
8481481,Blake Lizotte,C,LAK,18,40,hit_taken
8481481,Blake Lizotte,C,LAK,4,-42,hit_taken
8481481,Blake Lizotte,C,LAK,98,20,hit_taken
8481481,Blake Lizotte,C,LAK,98,15,hit_taken
8481481,Blake Lizotte,C,LAK,55,40,hit_taken
8481481,Blake Lizotte,C,LAK,97,-14,hit_taken
8481481,Blake Lizotte,C,LAK,79,-37,hit_taken
8481481,Blake Lizotte,C,LAK,56,39,hit_taken
8481481,Blake Lizotte,C,LAK,18,-38,hit_taken
8481481,Blake Lizotte,C,LAK,98,-23,hit_thrown
8481481,Blake Lizotte,C,LAK,97,3,hit_thrown
8481481,Blake Lizotte,C,LAK,96,23,hit_thrown
8481481,Blake Lizotte,C,LAK,94,18,hit_thrown
8481481,Blake Lizotte,C,LAK,17,41,hit_thrown
8481481,Blake Lizotte,C,LAK,92,30,hit_thrown
8481481,Blake Lizotte,C,LAK,35,-40,hit_thrown
8481481,Blake Lizotte,C,LAK,82,-40,hit_thrown
8481481,Blake Lizotte,C,LAK,96,-23,hit_thrown
8481481,Blake Lizotte,C,LAK,96,-14,hit_thrown
8481481,Blake Lizotte,C,LAK,13,-2,takeaway_other
8481481,Blake Lizotte,C,LAK,58,-19,takeaway_other
8481535,Nils Hoglander,L,VAN,80,-6,block_hd
8481535,Nils Hoglander,L,VAN,64,-19,block_non_hd
8481535,Nils Hoglander,L,VAN,83,1,crease_goal
8481535,Nils Hoglander,L,VAN,7,31,hit_taken
8481535,Nils Hoglander,L,VAN,89,27,hit_taken
8481535,Nils Hoglander,L,VAN,88,33,hit_taken
8481535,Nils Hoglander,L,VAN,88,-31,hit_taken
8481535,Nils Hoglander,L,VAN,96,-23,hit_taken
8481535,Nils Hoglander,L,VAN,96,14,hit_taken
8481535,Nils Hoglander,L,VAN,12,-42,hit_taken
8481535,Nils Hoglander,L,VAN,91,-33,hit_taken
8481535,Nils Hoglander,L,VAN,3,-35,hit_taken
8481535,Nils Hoglander,L,VAN,63,-39,hit_taken
8481535,Nils Hoglander,L,VAN,6,38,hit_taken
8481535,Nils Hoglander,L,VAN,5,38,hit_taken
8481535,Nils Hoglander,L,VAN,36,39,hit_taken
8481535,Nils Hoglander,L,VAN,45,22,hit_taken
8481535,Nils Hoglander,L,VAN,75,32,hit_taken
8481535,Nils Hoglander,L,VAN,78,39,hit_taken
8481535,Nils Hoglander,L,VAN,45,41,hit_taken
8481535,Nils Hoglander,L,VAN,98,-1,hit_taken
8481535,Nils Hoglander,L,VAN,73,-39,hit_taken
8481535,Nils Hoglander,L,VAN,10,38,hit_taken
8481535,Nils Hoglander,L,VAN,32,-40,hit_taken
8481535,Nils Hoglander,L,VAN,97,-15,hit_taken
8481535,Nils Hoglander,L,VAN,87,-34,hit_thrown
8481535,Nils Hoglander,L,VAN,96,-14,hit_thrown
8481535,Nils Hoglander,L,VAN,86,34,hit_thrown
8481535,Nils Hoglander,L,VAN,29,-39,hit_thrown
8481535,Nils Hoglander,L,VAN,55,41,hit_thrown
8481535,Nils Hoglander,L,VAN,93,-19,hit_thrown
8481535,Nils Hoglander,L,VAN,50,37,hit_thrown
8481535,Nils Hoglander,L,VAN,22,-40,hit_thrown
8481535,Nils Hoglander,L,VAN,84,-35,hit_thrown
8481535,Nils Hoglander,L,VAN,95,25,hit_thrown
8481535,Nils Hoglander,L,VAN,50,-40,hit_thrown
8481535,Nils Hoglander,L,VAN,27,41,hit_thrown
8481535,Nils Hoglander,L,VAN,24,-41,hit_thrown
8481535,Nils Hoglander,L,VAN,54,39,hit_thrown
8481535,Nils Hoglander,L,VAN,42,-39,takeaway_other
8481535,Nils Hoglander,L,VAN,47,-11,takeaway_other
8481535,Nils Hoglander,L,VAN,64,40,takeaway_other
8481535,Nils Hoglander,L,VAN,67,38,takeaway_other
8481554,Kaapo Kakko,R,NYR,71,-5,block_hd
8481554,Kaapo Kakko,R,NYR,72,-13,block_hd
8481554,Kaapo Kakko,R,NYR,46,-26,block_non_hd
8481554,Kaapo Kakko,R,NYR,39,-30,block_non_hd
8481554,Kaapo Kakko,R,NYR,86,34,hit_taken
8481554,Kaapo Kakko,R,NYR,14,39,hit_taken
8481554,Kaapo Kakko,R,NYR,57,39,hit_taken
8481554,Kaapo Kakko,R,NYR,91,29,hit_taken
8481554,Kaapo Kakko,R,NYR,95,-20,hit_taken
8481554,Kaapo Kakko,R,NYR,13,42,hit_taken
8481554,Kaapo Kakko,R,NYR,54,-41,hit_taken
8481554,Kaapo Kakko,R,NYR,65,-40,hit_taken
8481554,Kaapo Kakko,R,NYR,12,29,hit_taken
8481554,Kaapo Kakko,R,NYR,41,-10,hit_taken
8481554,Kaapo Kakko,R,NYR,76,37,hit_taken
8481554,Kaapo Kakko,R,NYR,57,40,hit_taken
8481554,Kaapo Kakko,R,NYR,81,35,hit_taken
8481554,Kaapo Kakko,R,NYR,50,-39,hit_taken
8481554,Kaapo Kakko,R,NYR,98,-5,hit_taken
8481554,Kaapo Kakko,R,NYR,68,-38,hit_taken
8481554,Kaapo Kakko,R,NYR,54,38,hit_taken
8481554,Kaapo Kakko,R,NYR,82,-38,hit_thrown
8481554,Kaapo Kakko,R,NYR,95,-10,hit_thrown
8481554,Kaapo Kakko,R,NYR,77,37,hit_thrown
8481554,Kaapo Kakko,R,NYR,39,17,hit_thrown
8481554,Kaapo Kakko,R,NYR,96,-6,hit_thrown
8481554,Kaapo Kakko,R,NYR,96,18,hit_thrown
8481554,Kaapo Kakko,R,NYR,96,-15,hit_thrown
8481554,Kaapo Kakko,R,NYR,97,11,hit_thrown
8481554,Kaapo Kakko,R,NYR,98,-3,hit_thrown
8481554,Kaapo Kakko,R,NYR,99,-14,hit_thrown
8481554,Kaapo Kakko,R,NYR,98,-8,hit_thrown
8481554,Kaapo Kakko,R,NYR,39,38,hit_thrown
8481554,Kaapo Kakko,R,NYR,94,-13,hit_thrown
8481554,Kaapo Kakko,R,NYR,0,41,hit_thrown
8481554,Kaapo Kakko,R,NYR,97,16,hit_thrown
8481554,Kaapo Kakko,R,NYR,4,-36,hit_thrown
8481554,Kaapo Kakko,R,NYR,62,39,hit_thrown
8481554,Kaapo Kakko,R,NYR,91,-29,hit_thrown
8481554,Kaapo Kakko,R,NYR,56,39,hit_thrown
8481554,Kaapo Kakko,R,NYR,89,-30,hit_thrown
8481554,Kaapo Kakko,R,NYR,31,-33,takeaway_other
8481554,Kaapo Kakko,R,NYR,60,39,takeaway_other
8481554,Kaapo Kakko,R,NYR,87,36,takeaway_other
8481556,John Beecher,C,BOS,82,-4,block_hd
8481556,John Beecher,C,BOS,74,9,block_hd
8481556,John Beecher,C,BOS,74,-11,block_hd
8481556,John Beecher,C,BOS,65,-3,block_non_hd
8481556,John Beecher,C,BOS,44,-12,block_non_hd
8481556,John Beecher,C,BOS,58,-8,block_non_hd
8481556,John Beecher,C,BOS,50,24,block_non_hd
8481556,John Beecher,C,BOS,49,-19,block_non_hd
8481556,John Beecher,C,BOS,76,30,block_non_hd
8481556,John Beecher,C,BOS,68,37,block_non_hd
8481556,John Beecher,C,BOS,65,21,block_non_hd
8481556,John Beecher,C,BOS,55,21,block_non_hd
8481556,John Beecher,C,BOS,63,0,block_non_hd
8481556,John Beecher,C,BOS,63,-16,block_non_hd
8481556,John Beecher,C,BOS,69,-22,dz_faceoff_win
8481556,John Beecher,C,BOS,69,22,dz_faceoff_win
8481556,John Beecher,C,BOS,69,-22,dz_faceoff_win
8481556,John Beecher,C,BOS,69,-22,dz_faceoff_win
8481556,John Beecher,C,BOS,69,-22,dz_faceoff_win
8481556,John Beecher,C,BOS,69,-22,dz_faceoff_win
8481556,John Beecher,C,BOS,69,-22,dz_faceoff_win
8481556,John Beecher,C,BOS,69,-22,dz_faceoff_win
8481556,John Beecher,C,BOS,69,-22,dz_faceoff_win
8481556,John Beecher,C,BOS,69,-22,dz_faceoff_win
8481556,John Beecher,C,BOS,69,-22,dz_faceoff_win
8481556,John Beecher,C,BOS,69,-22,dz_faceoff_win
8481556,John Beecher,C,BOS,69,-22,dz_faceoff_win
8481556,John Beecher,C,BOS,69,22,dz_faceoff_win
8481556,John Beecher,C,BOS,69,-22,dz_faceoff_win
8481556,John Beecher,C,BOS,69,-22,dz_faceoff_win
8481556,John Beecher,C,BOS,69,-22,dz_faceoff_win
8481556,John Beecher,C,BOS,69,-22,dz_faceoff_win
8481556,John Beecher,C,BOS,69,22,dz_faceoff_win
8481556,John Beecher,C,BOS,69,-22,dz_faceoff_win
8481556,John Beecher,C,BOS,69,-22,dz_faceoff_win
8481556,John Beecher,C,BOS,69,-22,dz_faceoff_win
8481556,John Beecher,C,BOS,69,22,dz_faceoff_win
8481556,John Beecher,C,BOS,69,-22,dz_faceoff_win
8481556,John Beecher,C,BOS,69,22,dz_faceoff_win
8481556,John Beecher,C,BOS,69,22,dz_faceoff_win
8481556,John Beecher,C,BOS,69,-22,dz_faceoff_win
8481556,John Beecher,C,BOS,69,22,dz_faceoff_win
8481556,John Beecher,C,BOS,69,-22,dz_faceoff_win
8481556,John Beecher,C,BOS,69,22,dz_faceoff_win
8481556,John Beecher,C,BOS,69,-22,dz_faceoff_win
8481556,John Beecher,C,BOS,69,-22,dz_faceoff_win
8481556,John Beecher,C,BOS,69,-22,dz_faceoff_win
8481556,John Beecher,C,BOS,69,22,dz_faceoff_win
8481556,John Beecher,C,BOS,69,-22,dz_faceoff_win
8481556,John Beecher,C,BOS,69,-22,dz_faceoff_win
8481556,John Beecher,C,BOS,69,-22,dz_faceoff_win
8481556,John Beecher,C,BOS,69,-22,dz_faceoff_win
8481556,John Beecher,C,BOS,69,22,dz_faceoff_win
8481556,John Beecher,C,BOS,92,21,hit_taken
8481556,John Beecher,C,BOS,91,-11,hit_taken
8481556,John Beecher,C,BOS,98,4,hit_taken
8481556,John Beecher,C,BOS,22,-40,hit_taken
8481556,John Beecher,C,BOS,32,-39,hit_taken
8481556,John Beecher,C,BOS,37,-11,hit_taken
8481556,John Beecher,C,BOS,78,37,hit_taken
8481556,John Beecher,C,BOS,81,-36,hit_taken
8481556,John Beecher,C,BOS,98,-21,hit_taken
8481556,John Beecher,C,BOS,96,23,hit_taken
8481556,John Beecher,C,BOS,87,34,hit_taken
8481556,John Beecher,C,BOS,85,36,hit_taken
8481556,John Beecher,C,BOS,68,40,hit_taken
8481556,John Beecher,C,BOS,97,-13,hit_taken
8481556,John Beecher,C,BOS,76,-37,hit_taken
8481556,John Beecher,C,BOS,96,-10,hit_taken
8481556,John Beecher,C,BOS,37,-36,hit_taken
8481556,John Beecher,C,BOS,32,39,hit_taken
8481556,John Beecher,C,BOS,56,32,hit_taken
8481556,John Beecher,C,BOS,36,-42,hit_taken
8481556,John Beecher,C,BOS,96,-2,hit_taken
8481556,John Beecher,C,BOS,49,-36,hit_taken
8481556,John Beecher,C,BOS,16,33,hit_taken
8481556,John Beecher,C,BOS,96,-11,hit_thrown
8481556,John Beecher,C,BOS,45,-34,hit_thrown
8481556,John Beecher,C,BOS,56,38,hit_thrown
8481556,John Beecher,C,BOS,98,0,hit_thrown
8481556,John Beecher,C,BOS,76,-41,hit_thrown
8481556,John Beecher,C,BOS,97,9,hit_thrown
8481556,John Beecher,C,BOS,60,36,hit_thrown
8481556,John Beecher,C,BOS,75,40,hit_thrown
8481556,John Beecher,C,BOS,17,36,hit_thrown
8481556,John Beecher,C,BOS,94,-21,hit_thrown
8481556,John Beecher,C,BOS,34,41,hit_thrown
8481556,John Beecher,C,BOS,55,-37,hit_thrown
8481556,John Beecher,C,BOS,95,21,hit_thrown
8481556,John Beecher,C,BOS,61,39,hit_thrown
8481556,John Beecher,C,BOS,25,-34,hit_thrown
8481556,John Beecher,C,BOS,51,-4,hit_thrown
8481556,John Beecher,C,BOS,97,-21,hit_thrown
8481556,John Beecher,C,BOS,69,39,hit_thrown
8481556,John Beecher,C,BOS,95,6,hit_thrown
8481556,John Beecher,C,BOS,98,-9,hit_thrown
8481556,John Beecher,C,BOS,87,35,hit_thrown
8481556,John Beecher,C,BOS,57,41,hit_thrown
8481556,John Beecher,C,BOS,65,-41,hit_thrown
8481556,John Beecher,C,BOS,81,1,takeaway_hd
8481556,John Beecher,C,BOS,32,12,takeaway_other
8481556,John Beecher,C,BOS,53,21,takeaway_other
8481556,John Beecher,C,BOS,61,-38,takeaway_other
8481556,John Beecher,C,BOS,40,34,takeaway_other
8481580,Connor McMichael,C,WSH,69,-22,dz_faceoff_win
8481580,Connor McMichael,C,WSH,69,-22,dz_faceoff_win
8481580,Connor McMichael,C,WSH,69,22,dz_faceoff_win
8481580,Connor McMichael,C,WSH,5,37,hit_taken
8481580,Connor McMichael,C,WSH,68,38,hit_taken
8481580,Connor McMichael,C,WSH,95,-24,hit_thrown
8481580,Connor McMichael,C,WSH,88,32,hit_thrown
8481580,Connor McMichael,C,WSH,8,21,takeaway_other
8481580,Connor McMichael,C,WSH,82,20,takeaway_other
8481581,Thomas Harley,D,DAL,73,8,block_hd
8481581,Thomas Harley,D,DAL,76,-4,block_hd
8481581,Thomas Harley,D,DAL,80,-7,block_hd
8481581,Thomas Harley,D,DAL,79,2,block_hd
8481581,Thomas Harley,D,DAL,75,9,block_hd
8481581,Thomas Harley,D,DAL,80,4,block_hd
8481581,Thomas Harley,D,DAL,77,10,block_hd
8481581,Thomas Harley,D,DAL,81,-7,block_hd
8481581,Thomas Harley,D,DAL,79,-11,block_hd
8481581,Thomas Harley,D,DAL,77,3,block_hd
8481581,Thomas Harley,D,DAL,74,2,block_hd
8481581,Thomas Harley,D,DAL,79,-7,block_hd
8481581,Thomas Harley,D,DAL,84,11,block_hd
8481581,Thomas Harley,D,DAL,71,-8,block_hd
8481581,Thomas Harley,D,DAL,79,-5,block_hd
8481581,Thomas Harley,D,DAL,76,-8,block_hd
8481581,Thomas Harley,D,DAL,72,-17,block_hd
8481581,Thomas Harley,D,DAL,74,3,block_hd
8481581,Thomas Harley,D,DAL,82,-9,block_hd
8481581,Thomas Harley,D,DAL,76,6,block_hd
8481581,Thomas Harley,D,DAL,72,-12,block_hd
8481581,Thomas Harley,D,DAL,79,5,block_hd
8481581,Thomas Harley,D,DAL,77,-12,block_hd
8481581,Thomas Harley,D,DAL,80,-7,block_hd
8481581,Thomas Harley,D,DAL,78,-14,block_hd
8481581,Thomas Harley,D,DAL,70,15,block_hd
8481581,Thomas Harley,D,DAL,57,-12,block_non_hd
8481581,Thomas Harley,D,DAL,69,25,block_non_hd
8481581,Thomas Harley,D,DAL,54,3,block_non_hd
8481581,Thomas Harley,D,DAL,62,-14,block_non_hd
8481581,Thomas Harley,D,DAL,57,-13,block_non_hd
8481581,Thomas Harley,D,DAL,58,-32,block_non_hd
8481581,Thomas Harley,D,DAL,67,11,block_non_hd
8481581,Thomas Harley,D,DAL,45,2,block_non_hd
8481581,Thomas Harley,D,DAL,67,-3,block_non_hd
8481581,Thomas Harley,D,DAL,70,21,block_non_hd
8481581,Thomas Harley,D,DAL,59,-10,block_non_hd
8481581,Thomas Harley,D,DAL,58,-16,block_non_hd
8481581,Thomas Harley,D,DAL,75,-25,block_non_hd
8481581,Thomas Harley,D,DAL,54,2,block_non_hd
8481581,Thomas Harley,D,DAL,63,10,block_non_hd
8481581,Thomas Harley,D,DAL,61,-7,block_non_hd
8481581,Thomas Harley,D,DAL,43,12,block_non_hd
8481581,Thomas Harley,D,DAL,56,-11,block_non_hd
8481581,Thomas Harley,D,DAL,63,5,block_non_hd
8481581,Thomas Harley,D,DAL,57,0,block_non_hd
8481581,Thomas Harley,D,DAL,63,-10,block_non_hd
8481581,Thomas Harley,D,DAL,70,-29,block_non_hd
8481581,Thomas Harley,D,DAL,68,16,block_non_hd
8481581,Thomas Harley,D,DAL,54,-12,block_non_hd
8481581,Thomas Harley,D,DAL,53,9,block_non_hd
8481581,Thomas Harley,D,DAL,88,-32,hit_taken
8481581,Thomas Harley,D,DAL,95,15,hit_taken
8481581,Thomas Harley,D,DAL,96,-20,hit_taken
8481581,Thomas Harley,D,DAL,98,1,hit_taken
8481581,Thomas Harley,D,DAL,88,36,hit_taken
8481581,Thomas Harley,D,DAL,74,-40,hit_taken
8481581,Thomas Harley,D,DAL,96,18,hit_taken
8481581,Thomas Harley,D,DAL,89,-32,hit_taken
8481581,Thomas Harley,D,DAL,95,-10,hit_taken
8481581,Thomas Harley,D,DAL,98,-14,hit_taken
8481581,Thomas Harley,D,DAL,91,-33,hit_taken
8481581,Thomas Harley,D,DAL,94,27,hit_taken
8481581,Thomas Harley,D,DAL,97,0,hit_taken
8481581,Thomas Harley,D,DAL,98,-19,hit_taken
8481581,Thomas Harley,D,DAL,42,-39,hit_taken
8481581,Thomas Harley,D,DAL,90,-34,hit_taken
8481581,Thomas Harley,D,DAL,75,-39,hit_taken
8481581,Thomas Harley,D,DAL,92,-28,hit_taken
8481581,Thomas Harley,D,DAL,29,-40,hit_taken
8481581,Thomas Harley,D,DAL,52,42,hit_taken
8481581,Thomas Harley,D,DAL,86,-37,hit_taken
8481581,Thomas Harley,D,DAL,20,-41,hit_taken
8481581,Thomas Harley,D,DAL,99,-7,hit_taken
8481581,Thomas Harley,D,DAL,89,-32,hit_taken
8481581,Thomas Harley,D,DAL,95,26,hit_taken
8481581,Thomas Harley,D,DAL,94,-26,hit_taken
8481581,Thomas Harley,D,DAL,88,-35,hit_taken
8481581,Thomas Harley,D,DAL,94,27,hit_taken
8481581,Thomas Harley,D,DAL,96,-17,hit_taken
8481581,Thomas Harley,D,DAL,98,10,hit_taken
8481581,Thomas Harley,D,DAL,85,-34,hit_taken
8481581,Thomas Harley,D,DAL,97,-21,hit_taken
8481581,Thomas Harley,D,DAL,81,39,hit_taken
8481581,Thomas Harley,D,DAL,82,-40,hit_taken
8481581,Thomas Harley,D,DAL,95,-26,hit_taken
8481581,Thomas Harley,D,DAL,95,27,hit_taken
8481581,Thomas Harley,D,DAL,88,-34,hit_taken
8481581,Thomas Harley,D,DAL,94,-15,hit_taken
8481581,Thomas Harley,D,DAL,98,-19,hit_taken
8481581,Thomas Harley,D,DAL,97,-8,hit_taken
8481581,Thomas Harley,D,DAL,75,-40,hit_taken
8481581,Thomas Harley,D,DAL,80,39,hit_taken
8481581,Thomas Harley,D,DAL,96,29,hit_taken
8481581,Thomas Harley,D,DAL,98,-22,hit_taken
8481581,Thomas Harley,D,DAL,92,31,hit_taken
8481581,Thomas Harley,D,DAL,99,10,hit_taken
8481581,Thomas Harley,D,DAL,86,28,hit_taken
8481581,Thomas Harley,D,DAL,86,-26,hit_taken
8481581,Thomas Harley,D,DAL,99,6,hit_taken
8481581,Thomas Harley,D,DAL,58,40,hit_taken
8481581,Thomas Harley,D,DAL,43,38,hit_taken
8481581,Thomas Harley,D,DAL,63,-39,hit_taken
8481581,Thomas Harley,D,DAL,55,39,hit_taken
8481581,Thomas Harley,D,DAL,87,34,hit_taken
8481581,Thomas Harley,D,DAL,92,-25,hit_taken
8481581,Thomas Harley,D,DAL,97,3,hit_taken
8481581,Thomas Harley,D,DAL,91,-27,hit_taken
8481581,Thomas Harley,D,DAL,70,-37,hit_taken
8481581,Thomas Harley,D,DAL,6,-40,hit_taken
8481581,Thomas Harley,D,DAL,97,22,hit_taken
8481581,Thomas Harley,D,DAL,82,-36,hit_taken
8481581,Thomas Harley,D,DAL,85,-7,hit_thrown
8481581,Thomas Harley,D,DAL,97,-20,hit_thrown
8481581,Thomas Harley,D,DAL,53,-40,hit_thrown
8481581,Thomas Harley,D,DAL,87,36,hit_thrown
8481581,Thomas Harley,D,DAL,50,-41,hit_thrown
8481581,Thomas Harley,D,DAL,97,-13,hit_thrown
8481581,Thomas Harley,D,DAL,89,-34,hit_thrown
8481581,Thomas Harley,D,DAL,97,-18,hit_thrown
8481581,Thomas Harley,D,DAL,97,-6,hit_thrown
8481581,Thomas Harley,D,DAL,30,38,hit_thrown
8481581,Thomas Harley,D,DAL,84,-35,hit_thrown
8481581,Thomas Harley,D,DAL,94,27,hit_thrown
8481581,Thomas Harley,D,DAL,97,-8,takeaway_hd
8481581,Thomas Harley,D,DAL,95,5,takeaway_hd
8481581,Thomas Harley,D,DAL,74,17,takeaway_hd
8481581,Thomas Harley,D,DAL,94,4,takeaway_hd
8481581,Thomas Harley,D,DAL,45,-33,takeaway_other
8481581,Thomas Harley,D,DAL,72,30,takeaway_other
8481581,Thomas Harley,D,DAL,21,-22,takeaway_other
8481581,Thomas Harley,D,DAL,22,-16,takeaway_other
8481581,Thomas Harley,D,DAL,59,-33,takeaway_other
8481581,Thomas Harley,D,DAL,32,41,takeaway_other
8481581,Thomas Harley,D,DAL,64,-2,takeaway_other
8481581,Thomas Harley,D,DAL,40,-20,takeaway_other
8481581,Thomas Harley,D,DAL,57,40,takeaway_other
8481581,Thomas Harley,D,DAL,72,40,takeaway_other
8481581,Thomas Harley,D,DAL,32,37,takeaway_other
8481582,Nicholas Robertson,L,TOR,46,16,block_non_hd
8481582,Nicholas Robertson,L,TOR,93,25,hit_taken
8481582,Nicholas Robertson,L,TOR,82,36,hit_taken
8481582,Nicholas Robertson,L,TOR,88,26,hit_taken
8481582,Nicholas Robertson,L,TOR,26,39,hit_taken
8481582,Nicholas Robertson,L,TOR,93,-29,hit_taken
8481582,Nicholas Robertson,L,TOR,2,5,hit_taken
8481582,Nicholas Robertson,L,TOR,73,-41,hit_taken
8481582,Nicholas Robertson,L,TOR,69,39,hit_thrown
8481582,Nicholas Robertson,L,TOR,97,11,hit_thrown
8481582,Nicholas Robertson,L,TOR,98,10,hit_thrown
8481582,Nicholas Robertson,L,TOR,22,37,hit_thrown
8481582,Nicholas Robertson,L,TOR,77,37,hit_thrown
8481582,Nicholas Robertson,L,TOR,83,-36,hit_thrown
8481582,Nicholas Robertson,L,TOR,41,36,takeaway_other
8481598,Philip Broberg,D,EDM,85,-8,block_hd
8481598,Philip Broberg,D,EDM,77,6,block_hd
8481598,Philip Broberg,D,EDM,75,-8,block_hd
8481598,Philip Broberg,D,EDM,72,8,block_hd
8481598,Philip Broberg,D,EDM,72,-16,block_hd
8481598,Philip Broberg,D,EDM,76,2,block_hd
8481598,Philip Broberg,D,EDM,83,-6,block_hd
8481598,Philip Broberg,D,EDM,81,8,block_hd
8481598,Philip Broberg,D,EDM,81,4,block_hd
8481598,Philip Broberg,D,EDM,80,3,block_hd
8481598,Philip Broberg,D,EDM,73,16,block_hd
8481598,Philip Broberg,D,EDM,74,-22,block_non_hd
8481598,Philip Broberg,D,EDM,77,29,block_non_hd
8481598,Philip Broberg,D,EDM,42,15,block_non_hd
8481598,Philip Broberg,D,EDM,69,-7,block_non_hd
8481598,Philip Broberg,D,EDM,80,19,block_non_hd
8481598,Philip Broberg,D,EDM,61,10,block_non_hd
8481598,Philip Broberg,D,EDM,64,36,block_non_hd
8481598,Philip Broberg,D,EDM,97,4,hit_taken
8481598,Philip Broberg,D,EDM,97,10,hit_taken
8481598,Philip Broberg,D,EDM,56,39,hit_taken
8481598,Philip Broberg,D,EDM,93,-19,hit_taken
8481598,Philip Broberg,D,EDM,93,-30,hit_taken
8481598,Philip Broberg,D,EDM,92,-31,hit_taken
8481598,Philip Broberg,D,EDM,96,-8,hit_taken
8481598,Philip Broberg,D,EDM,26,-17,hit_taken
8481598,Philip Broberg,D,EDM,92,-27,hit_taken
8481598,Philip Broberg,D,EDM,97,12,hit_taken
8481598,Philip Broberg,D,EDM,93,-25,hit_taken
8481598,Philip Broberg,D,EDM,86,-34,hit_taken
8481598,Philip Broberg,D,EDM,11,-40,hit_taken
8481598,Philip Broberg,D,EDM,77,-37,hit_taken
8481598,Philip Broberg,D,EDM,95,23,hit_taken
8481598,Philip Broberg,D,EDM,86,35,hit_taken
8481598,Philip Broberg,D,EDM,78,-41,hit_taken
8481598,Philip Broberg,D,EDM,50,-38,hit_taken
8481598,Philip Broberg,D,EDM,95,-19,hit_taken
8481598,Philip Broberg,D,EDM,80,29,hit_taken
8481598,Philip Broberg,D,EDM,88,32,hit_taken
8481598,Philip Broberg,D,EDM,6,16,hit_taken
8481598,Philip Broberg,D,EDM,95,21,hit_taken
8481598,Philip Broberg,D,EDM,95,20,hit_taken
8481598,Philip Broberg,D,EDM,12,39,hit_taken
8481598,Philip Broberg,D,EDM,96,10,hit_taken
8481598,Philip Broberg,D,EDM,65,-40,hit_taken
8481598,Philip Broberg,D,EDM,95,-24,hit_taken
8481598,Philip Broberg,D,EDM,67,-34,hit_taken
8481598,Philip Broberg,D,EDM,74,37,hit_taken
8481598,Philip Broberg,D,EDM,93,27,hit_taken
8481598,Philip Broberg,D,EDM,82,20,hit_taken
8481598,Philip Broberg,D,EDM,73,-37,hit_taken
8481598,Philip Broberg,D,EDM,77,40,hit_thrown
8481598,Philip Broberg,D,EDM,97,7,hit_thrown
8481598,Philip Broberg,D,EDM,82,-38,takeaway_other
8481601,Simon Holmstrom,R,NYI,79,18,block_hd
8481601,Simon Holmstrom,R,NYI,31,40,hit_taken
8481601,Simon Holmstrom,R,NYI,85,37,hit_taken
8481601,Simon Holmstrom,R,NYI,7,41,hit_taken
8481601,Simon Holmstrom,R,NYI,74,-35,takeaway_other
8481606,Jordan Spence,D,LAK,83,2,block_hd
8481606,Jordan Spence,D,LAK,79,5,block_hd
8481606,Jordan Spence,D,LAK,77,-6,block_hd
8481606,Jordan Spence,D,LAK,76,-16,block_hd
8481606,Jordan Spence,D,LAK,59,11,block_non_hd
8481606,Jordan Spence,D,LAK,86,37,hit_taken
8481606,Jordan Spence,D,LAK,79,39,hit_taken
8481606,Jordan Spence,D,LAK,94,-11,hit_taken
8481606,Jordan Spence,D,LAK,94,19,hit_taken
8481606,Jordan Spence,D,LAK,95,17,hit_taken
8481606,Jordan Spence,D,LAK,35,15,hit_taken
8481606,Jordan Spence,D,LAK,9,39,hit_thrown
8481606,Jordan Spence,D,LAK,99,-14,hit_thrown
8481606,Jordan Spence,D,LAK,97,2,hit_thrown
8481606,Jordan Spence,D,LAK,90,31,hit_thrown
8481606,Jordan Spence,D,LAK,84,39,hit_thrown
8481606,Jordan Spence,D,LAK,95,-28,hit_thrown
8481606,Jordan Spence,D,LAK,52,42,hit_thrown
8481606,Jordan Spence,D,LAK,87,-36,hit_thrown
8481606,Jordan Spence,D,LAK,2,38,hit_thrown
8481606,Jordan Spence,D,LAK,51,39,takeaway_other
8481617,Vasily Podkolzin,R,VAN,37,28,block_non_hd
8481617,Vasily Podkolzin,R,VAN,98,6,hit_taken
8481617,Vasily Podkolzin,R,VAN,60,-39,hit_taken
8481617,Vasily Podkolzin,R,VAN,91,30,hit_thrown
8481617,Vasily Podkolzin,R,VAN,98,20,hit_thrown
8481617,Vasily Podkolzin,R,VAN,21,38,hit_thrown
8481617,Vasily Podkolzin,R,VAN,91,-30,hit_thrown
8481617,Vasily Podkolzin,R,VAN,24,39,hit_thrown
8481617,Vasily Podkolzin,R,VAN,7,41,hit_thrown
8481617,Vasily Podkolzin,R,VAN,95,4,takeaway_hd
8481624,Ilya Mikheyev,R,VAN,79,-3,block_hd
8481624,Ilya Mikheyev,R,VAN,43,-35,block_non_hd
8481624,Ilya Mikheyev,R,VAN,43,-15,block_non_hd
8481624,Ilya Mikheyev,R,VAN,48,25,block_non_hd
8481624,Ilya Mikheyev,R,VAN,98,10,hit_taken
8481624,Ilya Mikheyev,R,VAN,99,-6,hit_taken
8481624,Ilya Mikheyev,R,VAN,14,42,hit_taken
8481624,Ilya Mikheyev,R,VAN,48,41,hit_taken
8481624,Ilya Mikheyev,R,VAN,47,-40,hit_taken
8481624,Ilya Mikheyev,R,VAN,30,38,hit_taken
8481624,Ilya Mikheyev,R,VAN,72,-37,hit_taken
8481624,Ilya Mikheyev,R,VAN,71,42,hit_taken
8481624,Ilya Mikheyev,R,VAN,77,-39,hit_taken
8481624,Ilya Mikheyev,R,VAN,69,39,hit_taken
8481624,Ilya Mikheyev,R,VAN,65,39,hit_taken
8481624,Ilya Mikheyev,R,VAN,96,-16,hit_taken
8481624,Ilya Mikheyev,R,VAN,75,40,hit_taken
8481624,Ilya Mikheyev,R,VAN,64,-39,hit_taken
8481624,Ilya Mikheyev,R,VAN,83,38,hit_thrown
8481624,Ilya Mikheyev,R,VAN,62,39,hit_thrown
8481624,Ilya Mikheyev,R,VAN,14,-40,hit_thrown
8481624,Ilya Mikheyev,R,VAN,9,41,hit_thrown
8481624,Ilya Mikheyev,R,VAN,7,40,hit_thrown
8481624,Ilya Mikheyev,R,VAN,8,37,hit_thrown
8481624,Ilya Mikheyev,R,VAN,43,-35,hit_thrown
8481624,Ilya Mikheyev,R,VAN,56,36,hit_thrown
8481624,Ilya Mikheyev,R,VAN,95,27,hit_thrown
8481641,Joel Kiviranta,L,COL,77,16,block_hd
8481641,Joel Kiviranta,L,COL,62,-15,block_non_hd
8481641,Joel Kiviranta,L,COL,69,-9,block_non_hd
8481641,Joel Kiviranta,L,COL,67,-2,block_non_hd
8481641,Joel Kiviranta,L,COL,85,-7,crease_goal
8481641,Joel Kiviranta,L,COL,90,-31,hit_taken
8481641,Joel Kiviranta,L,COL,76,40,hit_taken
8481641,Joel Kiviranta,L,COL,92,-30,hit_taken
8481641,Joel Kiviranta,L,COL,76,-29,hit_taken
8481641,Joel Kiviranta,L,COL,58,-40,hit_taken
8481641,Joel Kiviranta,L,COL,91,30,hit_taken
8481641,Joel Kiviranta,L,COL,45,-41,hit_taken
8481641,Joel Kiviranta,L,COL,66,-39,hit_taken
8481641,Joel Kiviranta,L,COL,37,-39,hit_taken
8481641,Joel Kiviranta,L,COL,53,-40,hit_taken
8481641,Joel Kiviranta,L,COL,51,-40,hit_taken
8481641,Joel Kiviranta,L,COL,12,-26,hit_taken
8481641,Joel Kiviranta,L,COL,97,1,hit_taken
8481641,Joel Kiviranta,L,COL,58,40,hit_taken
8481641,Joel Kiviranta,L,COL,91,32,hit_taken
8481641,Joel Kiviranta,L,COL,11,-41,hit_taken
8481641,Joel Kiviranta,L,COL,96,-15,hit_thrown
8481641,Joel Kiviranta,L,COL,75,39,hit_thrown
8481641,Joel Kiviranta,L,COL,95,23,hit_thrown
8481641,Joel Kiviranta,L,COL,59,-41,hit_thrown
8481641,Joel Kiviranta,L,COL,37,-38,hit_thrown
8481641,Joel Kiviranta,L,COL,96,-22,hit_thrown
8481641,Joel Kiviranta,L,COL,1,40,hit_thrown
8481641,Joel Kiviranta,L,COL,54,40,hit_thrown
8481641,Joel Kiviranta,L,COL,99,11,hit_thrown
8481641,Joel Kiviranta,L,COL,64,40,hit_thrown
8481641,Joel Kiviranta,L,COL,91,-30,hit_thrown
8481641,Joel Kiviranta,L,COL,97,-20,hit_thrown
8481641,Joel Kiviranta,L,COL,96,-2,hit_thrown
8481641,Joel Kiviranta,L,COL,62,41,hit_thrown
8481641,Joel Kiviranta,L,COL,38,-40,hit_thrown
8481641,Joel Kiviranta,L,COL,97,-22,hit_thrown
8481641,Joel Kiviranta,L,COL,99,-8,hit_thrown
8481641,Joel Kiviranta,L,COL,74,-40,hit_thrown
8481641,Joel Kiviranta,L,COL,88,35,hit_thrown
8481641,Joel Kiviranta,L,COL,93,-29,hit_thrown
8481641,Joel Kiviranta,L,COL,73,41,hit_thrown
8481641,Joel Kiviranta,L,COL,92,31,hit_thrown
8481641,Joel Kiviranta,L,COL,99,-11,hit_thrown
8481641,Joel Kiviranta,L,COL,7,26,takeaway_other
8481656,Aliaksei Protas,C,WSH,45,-29,block_non_hd
8481656,Aliaksei Protas,C,WSH,53,29,block_non_hd
8481656,Aliaksei Protas,C,WSH,66,-14,block_non_hd
8481656,Aliaksei Protas,C,WSH,65,37,hit_taken
8481656,Aliaksei Protas,C,WSH,10,-39,hit_taken
8481656,Aliaksei Protas,C,WSH,97,4,hit_taken
8481656,Aliaksei Protas,C,WSH,82,-37,hit_taken
8481656,Aliaksei Protas,C,WSH,69,39,hit_taken
8481656,Aliaksei Protas,C,WSH,97,6,hit_thrown
8481656,Aliaksei Protas,C,WSH,98,10,hit_thrown
8481656,Aliaksei Protas,C,WSH,66,-39,hit_thrown
8481656,Aliaksei Protas,C,WSH,97,-5,hit_thrown
8481656,Aliaksei Protas,C,WSH,14,-12,takeaway_other
8481656,Aliaksei Protas,C,WSH,41,39,takeaway_other
8481656,Aliaksei Protas,C,WSH,36,5,takeaway_other
8481704,Juuso Parssinen,C,NSH,53,-16,block_non_hd
8481704,Juuso Parssinen,C,NSH,82,36,hit_thrown
8481704,Juuso Parssinen,C,NSH,97,-11,hit_thrown
8481719,Maxwell Crozier,D,TBL,84,4,block_hd
8481719,Maxwell Crozier,D,TBL,73,-2,block_hd
8481719,Maxwell Crozier,D,TBL,85,36,hit_taken
8481719,Maxwell Crozier,D,TBL,70,38,hit_taken
8481719,Maxwell Crozier,D,TBL,96,19,hit_taken
8481719,Maxwell Crozier,D,TBL,95,-23,hit_taken
8481719,Maxwell Crozier,D,TBL,58,-38,hit_taken
8481719,Maxwell Crozier,D,TBL,98,19,hit_taken
8481719,Maxwell Crozier,D,TBL,91,30,hit_taken
8481719,Maxwell Crozier,D,TBL,3,-38,hit_taken
8481719,Maxwell Crozier,D,TBL,54,38,hit_taken
8481719,Maxwell Crozier,D,TBL,97,26,hit_taken
8481719,Maxwell Crozier,D,TBL,98,14,hit_taken
8481719,Maxwell Crozier,D,TBL,96,18,hit_taken
8481719,Maxwell Crozier,D,TBL,29,-39,hit_thrown
8481719,Maxwell Crozier,D,TBL,81,36,hit_thrown
8481719,Maxwell Crozier,D,TBL,63,-41,hit_thrown
8481719,Maxwell Crozier,D,TBL,11,39,hit_thrown
8481719,Maxwell Crozier,D,TBL,94,26,hit_thrown
8482062,Cole Smith,L,NSH,59,-21,block_non_hd
8482062,Cole Smith,L,NSH,47,-3,block_non_hd
8482062,Cole Smith,L,NSH,61,0,block_non_hd
8482062,Cole Smith,L,NSH,15,32,hit_taken
8482062,Cole Smith,L,NSH,36,-20,hit_taken
8482062,Cole Smith,L,NSH,52,39,hit_taken
8482062,Cole Smith,L,NSH,55,-39,hit_taken
8482062,Cole Smith,L,NSH,19,39,hit_taken
8482062,Cole Smith,L,NSH,84,-40,hit_taken
8482062,Cole Smith,L,NSH,29,-23,hit_taken
8482062,Cole Smith,L,NSH,98,-4,hit_taken
8482062,Cole Smith,L,NSH,4,42,hit_taken
8482062,Cole Smith,L,NSH,6,-39,hit_taken
8482062,Cole Smith,L,NSH,96,6,hit_thrown
8482062,Cole Smith,L,NSH,97,12,hit_thrown
8482062,Cole Smith,L,NSH,13,41,hit_thrown
8482062,Cole Smith,L,NSH,93,-30,hit_thrown
8482062,Cole Smith,L,NSH,41,-39,hit_thrown
8482062,Cole Smith,L,NSH,59,-41,hit_thrown
8482062,Cole Smith,L,NSH,91,-31,hit_thrown
8482062,Cole Smith,L,NSH,14,42,hit_thrown
8482062,Cole Smith,L,NSH,83,-33,hit_thrown
8482062,Cole Smith,L,NSH,26,-41,hit_thrown
8482062,Cole Smith,L,NSH,3,22,hit_thrown
8482062,Cole Smith,L,NSH,14,-39,hit_thrown
8482062,Cole Smith,L,NSH,62,-35,takeaway_other
8482070,Mitchell Chaffee,R,TBL,67,-38,block_non_hd
8482070,Mitchell Chaffee,R,TBL,66,-22,block_non_hd
8482070,Mitchell Chaffee,R,TBL,70,28,block_non_hd
8482070,Mitchell Chaffee,R,TBL,76,-39,hit_taken
8482070,Mitchell Chaffee,R,TBL,95,-17,hit_taken
8482070,Mitchell Chaffee,R,TBL,89,-33,hit_taken
8482070,Mitchell Chaffee,R,TBL,98,3,hit_taken
8482070,Mitchell Chaffee,R,TBL,16,-39,hit_taken
8482070,Mitchell Chaffee,R,TBL,78,40,hit_taken
8482070,Mitchell Chaffee,R,TBL,94,27,hit_taken
8482070,Mitchell Chaffee,R,TBL,67,-39,hit_taken
8482070,Mitchell Chaffee,R,TBL,72,38,hit_taken
8482070,Mitchell Chaffee,R,TBL,95,-11,hit_taken
8482070,Mitchell Chaffee,R,TBL,11,-40,hit_thrown
8482070,Mitchell Chaffee,R,TBL,58,-39,hit_thrown
8482070,Mitchell Chaffee,R,TBL,88,32,hit_thrown
8482070,Mitchell Chaffee,R,TBL,95,-10,hit_thrown
8482070,Mitchell Chaffee,R,TBL,78,39,hit_thrown
8482070,Mitchell Chaffee,R,TBL,9,38,hit_thrown
8482070,Mitchell Chaffee,R,TBL,97,9,hit_thrown
8482070,Mitchell Chaffee,R,TBL,59,-22,hit_thrown
8482070,Mitchell Chaffee,R,TBL,88,-35,hit_thrown
8482070,Mitchell Chaffee,R,TBL,98,23,hit_thrown
8482070,Mitchell Chaffee,R,TBL,97,16,hit_thrown
8482070,Mitchell Chaffee,R,TBL,5,-39,hit_thrown
8482070,Mitchell Chaffee,R,TBL,0,-38,hit_thrown
8482070,Mitchell Chaffee,R,TBL,22,-39,hit_thrown
8482070,Mitchell Chaffee,R,TBL,90,-32,hit_thrown
8482070,Mitchell Chaffee,R,TBL,10,-40,hit_thrown
8482070,Mitchell Chaffee,R,TBL,96,28,hit_thrown
8482070,Mitchell Chaffee,R,TBL,16,37,hit_thrown
8482070,Mitchell Chaffee,R,TBL,76,37,hit_thrown
8482070,Mitchell Chaffee,R,TBL,95,9,hit_thrown
8482070,Mitchell Chaffee,R,TBL,14,40,hit_thrown
8482070,Mitchell Chaffee,R,TBL,94,-29,hit_thrown
8482070,Mitchell Chaffee,R,TBL,69,38,hit_thrown
8482073,Braden Schneider,D,NYR,81,12,block_hd
8482073,Braden Schneider,D,NYR,78,12,block_hd
8482073,Braden Schneider,D,NYR,74,-1,block_hd
8482073,Braden Schneider,D,NYR,70,16,block_hd
8482073,Braden Schneider,D,NYR,82,-4,block_hd
8482073,Braden Schneider,D,NYR,77,3,block_hd
8482073,Braden Schneider,D,NYR,83,-7,block_hd
8482073,Braden Schneider,D,NYR,89,5,block_hd
8482073,Braden Schneider,D,NYR,70,-3,block_hd
8482073,Braden Schneider,D,NYR,80,4,block_hd
8482073,Braden Schneider,D,NYR,77,-5,block_hd
8482073,Braden Schneider,D,NYR,77,-6,block_hd
8482073,Braden Schneider,D,NYR,70,-4,block_hd
8482073,Braden Schneider,D,NYR,82,-5,block_hd
8482073,Braden Schneider,D,NYR,81,6,block_hd
8482073,Braden Schneider,D,NYR,87,12,block_hd
8482073,Braden Schneider,D,NYR,60,-14,block_non_hd
8482073,Braden Schneider,D,NYR,63,31,block_non_hd
8482073,Braden Schneider,D,NYR,53,3,block_non_hd
8482073,Braden Schneider,D,NYR,55,28,block_non_hd
8482073,Braden Schneider,D,NYR,59,-2,block_non_hd
8482073,Braden Schneider,D,NYR,78,29,block_non_hd
8482073,Braden Schneider,D,NYR,56,-23,block_non_hd
8482073,Braden Schneider,D,NYR,66,-19,block_non_hd
8482073,Braden Schneider,D,NYR,55,7,block_non_hd
8482073,Braden Schneider,D,NYR,44,10,block_non_hd
8482073,Braden Schneider,D,NYR,66,2,block_non_hd
8482073,Braden Schneider,D,NYR,68,2,block_non_hd
8482073,Braden Schneider,D,NYR,59,18,block_non_hd
8482073,Braden Schneider,D,NYR,55,-17,block_non_hd
8482073,Braden Schneider,D,NYR,75,-32,block_non_hd
8482073,Braden Schneider,D,NYR,69,12,block_non_hd
8482073,Braden Schneider,D,NYR,78,35,block_non_hd
8482073,Braden Schneider,D,NYR,46,4,block_non_hd
8482073,Braden Schneider,D,NYR,97,6,hit_taken
8482073,Braden Schneider,D,NYR,51,40,hit_taken
8482073,Braden Schneider,D,NYR,44,39,hit_taken
8482073,Braden Schneider,D,NYR,50,39,hit_taken
8482073,Braden Schneider,D,NYR,97,-4,hit_taken
8482073,Braden Schneider,D,NYR,16,40,hit_taken
8482073,Braden Schneider,D,NYR,96,-15,hit_taken
8482073,Braden Schneider,D,NYR,97,4,hit_taken
8482073,Braden Schneider,D,NYR,69,-35,hit_taken
8482073,Braden Schneider,D,NYR,37,-40,hit_taken
8482073,Braden Schneider,D,NYR,97,-9,hit_taken
8482073,Braden Schneider,D,NYR,90,30,hit_taken
8482073,Braden Schneider,D,NYR,88,28,hit_taken
8482073,Braden Schneider,D,NYR,97,-5,hit_taken
8482073,Braden Schneider,D,NYR,95,-17,hit_taken
8482073,Braden Schneider,D,NYR,90,24,hit_taken
8482073,Braden Schneider,D,NYR,77,37,hit_taken
8482073,Braden Schneider,D,NYR,78,35,hit_taken
8482073,Braden Schneider,D,NYR,19,-40,hit_taken
8482073,Braden Schneider,D,NYR,17,37,hit_taken
8482073,Braden Schneider,D,NYR,1,39,hit_taken
8482073,Braden Schneider,D,NYR,98,-1,hit_taken
8482073,Braden Schneider,D,NYR,98,9,hit_taken
8482073,Braden Schneider,D,NYR,95,5,hit_taken
8482073,Braden Schneider,D,NYR,92,-25,hit_taken
8482073,Braden Schneider,D,NYR,92,23,hit_taken
8482073,Braden Schneider,D,NYR,95,19,hit_taken
8482073,Braden Schneider,D,NYR,18,37,hit_taken
8482073,Braden Schneider,D,NYR,97,19,hit_taken
8482073,Braden Schneider,D,NYR,92,28,hit_taken
8482073,Braden Schneider,D,NYR,76,10,hit_taken
8482073,Braden Schneider,D,NYR,86,35,hit_taken
8482073,Braden Schneider,D,NYR,76,38,hit_taken
8482073,Braden Schneider,D,NYR,8,-39,hit_taken
8482073,Braden Schneider,D,NYR,94,31,hit_taken
8482073,Braden Schneider,D,NYR,70,-42,hit_taken
8482073,Braden Schneider,D,NYR,90,31,hit_taken
8482073,Braden Schneider,D,NYR,98,-2,hit_taken
8482073,Braden Schneider,D,NYR,95,22,hit_taken
8482073,Braden Schneider,D,NYR,93,29,hit_taken
8482073,Braden Schneider,D,NYR,73,42,hit_taken
8482073,Braden Schneider,D,NYR,69,-41,hit_taken
8482073,Braden Schneider,D,NYR,99,19,hit_taken
8482073,Braden Schneider,D,NYR,96,22,hit_taken
8482073,Braden Schneider,D,NYR,79,-37,hit_taken
8482073,Braden Schneider,D,NYR,93,30,hit_taken
8482073,Braden Schneider,D,NYR,88,36,hit_taken
8482073,Braden Schneider,D,NYR,98,19,hit_taken
8482073,Braden Schneider,D,NYR,82,36,hit_taken
8482073,Braden Schneider,D,NYR,22,35,hit_taken
8482073,Braden Schneider,D,NYR,98,8,hit_taken
8482073,Braden Schneider,D,NYR,88,32,hit_taken
8482073,Braden Schneider,D,NYR,90,34,hit_taken
8482073,Braden Schneider,D,NYR,77,28,hit_taken
8482073,Braden Schneider,D,NYR,11,25,hit_taken
8482073,Braden Schneider,D,NYR,44,-39,hit_taken
8482073,Braden Schneider,D,NYR,87,37,hit_taken
8482073,Braden Schneider,D,NYR,99,0,hit_taken
8482073,Braden Schneider,D,NYR,90,31,hit_taken
8482073,Braden Schneider,D,NYR,35,-39,hit_taken
8482073,Braden Schneider,D,NYR,96,12,hit_taken
8482073,Braden Schneider,D,NYR,73,41,hit_taken
8482073,Braden Schneider,D,NYR,95,-16,hit_taken
8482073,Braden Schneider,D,NYR,97,4,hit_taken
8482073,Braden Schneider,D,NYR,72,39,hit_taken
8482073,Braden Schneider,D,NYR,93,26,hit_thrown
8482073,Braden Schneider,D,NYR,92,-29,hit_thrown
8482073,Braden Schneider,D,NYR,65,39,hit_thrown
8482073,Braden Schneider,D,NYR,68,37,hit_thrown
8482073,Braden Schneider,D,NYR,38,38,hit_thrown
8482073,Braden Schneider,D,NYR,78,37,hit_thrown
8482073,Braden Schneider,D,NYR,48,-37,hit_thrown
8482073,Braden Schneider,D,NYR,41,38,hit_thrown
8482073,Braden Schneider,D,NYR,96,20,hit_thrown
8482073,Braden Schneider,D,NYR,93,24,hit_thrown
8482073,Braden Schneider,D,NYR,90,36,hit_thrown
8482073,Braden Schneider,D,NYR,47,-39,hit_thrown
8482073,Braden Schneider,D,NYR,24,29,hit_thrown
8482073,Braden Schneider,D,NYR,28,37,hit_thrown
8482073,Braden Schneider,D,NYR,19,40,hit_thrown
8482073,Braden Schneider,D,NYR,99,12,hit_thrown
8482073,Braden Schneider,D,NYR,96,-27,hit_thrown
8482073,Braden Schneider,D,NYR,71,-28,hit_thrown
8482073,Braden Schneider,D,NYR,66,36,hit_thrown
8482073,Braden Schneider,D,NYR,99,0,hit_thrown
8482073,Braden Schneider,D,NYR,59,2,hit_thrown
8482073,Braden Schneider,D,NYR,56,17,hit_thrown
8482073,Braden Schneider,D,NYR,42,39,hit_thrown
8482073,Braden Schneider,D,NYR,69,18,hit_thrown
8482073,Braden Schneider,D,NYR,83,37,hit_thrown
8482073,Braden Schneider,D,NYR,94,29,hit_thrown
8482073,Braden Schneider,D,NYR,43,39,hit_thrown
8482073,Braden Schneider,D,NYR,46,39,hit_thrown
8482073,Braden Schneider,D,NYR,96,-20,hit_thrown
8482073,Braden Schneider,D,NYR,78,38,hit_thrown
8482073,Braden Schneider,D,NYR,97,-4,hit_thrown
8482073,Braden Schneider,D,NYR,46,-37,hit_thrown
8482073,Braden Schneider,D,NYR,51,-38,takeaway_other
8482077,Dylan Holloway,L,EDM,78,9,block_hd
8482077,Dylan Holloway,L,EDM,76,-9,block_hd
8482077,Dylan Holloway,L,EDM,73,8,block_hd
8482077,Dylan Holloway,L,EDM,72,7,block_hd
8482077,Dylan Holloway,L,EDM,76,15,block_hd
8482077,Dylan Holloway,L,EDM,86,3,block_hd
8482077,Dylan Holloway,L,EDM,59,1,block_non_hd
8482077,Dylan Holloway,L,EDM,53,29,block_non_hd
8482077,Dylan Holloway,L,EDM,40,15,block_non_hd
8482077,Dylan Holloway,L,EDM,63,-23,block_non_hd
8482077,Dylan Holloway,L,EDM,47,4,block_non_hd
8482077,Dylan Holloway,L,EDM,45,12,block_non_hd
8482077,Dylan Holloway,L,EDM,52,26,block_non_hd
8482077,Dylan Holloway,L,EDM,52,15,block_non_hd
8482077,Dylan Holloway,L,EDM,48,0,block_non_hd
8482077,Dylan Holloway,L,EDM,49,26,block_non_hd
8482077,Dylan Holloway,L,EDM,47,21,block_non_hd
8482077,Dylan Holloway,L,EDM,56,4,block_non_hd
8482077,Dylan Holloway,L,EDM,68,18,block_non_hd
8482077,Dylan Holloway,L,EDM,60,9,block_non_hd
8482077,Dylan Holloway,L,EDM,64,14,block_non_hd
8482077,Dylan Holloway,L,EDM,59,1,block_non_hd
8482077,Dylan Holloway,L,EDM,42,19,block_non_hd
8482077,Dylan Holloway,L,EDM,55,27,block_non_hd
8482077,Dylan Holloway,L,EDM,78,0,crease_goal
8482077,Dylan Holloway,L,EDM,80,-3,crease_goal
8482077,Dylan Holloway,L,EDM,83,2,crease_goal
8482077,Dylan Holloway,L,EDM,69,22,dz_faceoff_win
8482077,Dylan Holloway,L,EDM,94,-21,hit_taken
8482077,Dylan Holloway,L,EDM,30,41,hit_taken
8482077,Dylan Holloway,L,EDM,53,-39,hit_taken
8482077,Dylan Holloway,L,EDM,9,42,hit_taken
8482077,Dylan Holloway,L,EDM,98,14,hit_taken
8482077,Dylan Holloway,L,EDM,94,9,hit_taken
8482077,Dylan Holloway,L,EDM,88,30,hit_taken
8482077,Dylan Holloway,L,EDM,60,38,hit_taken
8482077,Dylan Holloway,L,EDM,96,-11,hit_taken
8482077,Dylan Holloway,L,EDM,24,-41,hit_taken
8482077,Dylan Holloway,L,EDM,50,38,hit_taken
8482077,Dylan Holloway,L,EDM,43,36,hit_taken
8482077,Dylan Holloway,L,EDM,86,38,hit_taken
8482077,Dylan Holloway,L,EDM,48,-37,hit_taken
8482077,Dylan Holloway,L,EDM,56,36,hit_taken
8482077,Dylan Holloway,L,EDM,67,35,hit_taken
8482077,Dylan Holloway,L,EDM,72,39,hit_taken
8482077,Dylan Holloway,L,EDM,40,39,hit_taken
8482077,Dylan Holloway,L,EDM,97,0,hit_taken
8482077,Dylan Holloway,L,EDM,85,-35,hit_taken
8482077,Dylan Holloway,L,EDM,49,38,hit_taken
8482077,Dylan Holloway,L,EDM,10,40,hit_taken
8482077,Dylan Holloway,L,EDM,7,41,hit_taken
8482077,Dylan Holloway,L,EDM,30,-33,hit_taken
8482077,Dylan Holloway,L,EDM,51,40,hit_taken
8482077,Dylan Holloway,L,EDM,51,41,hit_taken
8482077,Dylan Holloway,L,EDM,87,34,hit_taken
8482077,Dylan Holloway,L,EDM,81,37,hit_taken
8482077,Dylan Holloway,L,EDM,93,31,hit_taken
8482077,Dylan Holloway,L,EDM,4,3,hit_taken
8482077,Dylan Holloway,L,EDM,36,40,hit_taken
8482077,Dylan Holloway,L,EDM,93,-21,hit_taken
8482077,Dylan Holloway,L,EDM,40,-39,hit_taken
8482077,Dylan Holloway,L,EDM,92,-30,hit_taken
8482077,Dylan Holloway,L,EDM,78,-40,hit_taken
8482077,Dylan Holloway,L,EDM,96,-19,hit_taken
8482077,Dylan Holloway,L,EDM,57,37,hit_taken
8482077,Dylan Holloway,L,EDM,88,34,hit_taken
8482077,Dylan Holloway,L,EDM,13,41,hit_taken
8482077,Dylan Holloway,L,EDM,16,38,hit_taken
8482077,Dylan Holloway,L,EDM,24,40,hit_taken
8482077,Dylan Holloway,L,EDM,50,37,hit_taken
8482077,Dylan Holloway,L,EDM,98,18,hit_taken
8482077,Dylan Holloway,L,EDM,50,-39,hit_taken
8482077,Dylan Holloway,L,EDM,48,-39,hit_taken
8482077,Dylan Holloway,L,EDM,92,-29,hit_taken
8482077,Dylan Holloway,L,EDM,16,-38,hit_taken
8482077,Dylan Holloway,L,EDM,91,-15,hit_taken
8482077,Dylan Holloway,L,EDM,58,-37,hit_taken
8482077,Dylan Holloway,L,EDM,46,36,hit_taken
8482077,Dylan Holloway,L,EDM,66,-41,hit_taken
8482077,Dylan Holloway,L,EDM,58,-41,hit_taken
8482077,Dylan Holloway,L,EDM,42,40,hit_taken
8482077,Dylan Holloway,L,EDM,74,37,hit_taken
8482077,Dylan Holloway,L,EDM,93,-23,hit_taken
8482077,Dylan Holloway,L,EDM,60,38,hit_taken
8482077,Dylan Holloway,L,EDM,8,37,hit_taken
8482077,Dylan Holloway,L,EDM,98,4,hit_taken
8482077,Dylan Holloway,L,EDM,42,-41,hit_taken
8482077,Dylan Holloway,L,EDM,10,39,hit_thrown
8482077,Dylan Holloway,L,EDM,86,37,hit_thrown
8482077,Dylan Holloway,L,EDM,51,-40,hit_thrown
8482077,Dylan Holloway,L,EDM,11,-41,hit_thrown
8482077,Dylan Holloway,L,EDM,18,40,hit_thrown
8482077,Dylan Holloway,L,EDM,21,-40,hit_thrown
8482077,Dylan Holloway,L,EDM,6,-40,hit_thrown
8482077,Dylan Holloway,L,EDM,60,-40,hit_thrown
8482077,Dylan Holloway,L,EDM,92,-28,hit_thrown
8482077,Dylan Holloway,L,EDM,95,17,hit_thrown
8482077,Dylan Holloway,L,EDM,86,-24,hit_thrown
8482077,Dylan Holloway,L,EDM,34,37,hit_thrown
8482077,Dylan Holloway,L,EDM,50,41,hit_thrown
8482077,Dylan Holloway,L,EDM,96,-26,hit_thrown
8482077,Dylan Holloway,L,EDM,50,-29,hit_thrown
8482077,Dylan Holloway,L,EDM,35,39,hit_thrown
8482077,Dylan Holloway,L,EDM,1,-39,hit_thrown
8482077,Dylan Holloway,L,EDM,35,39,hit_thrown
8482077,Dylan Holloway,L,EDM,93,-31,hit_thrown
8482077,Dylan Holloway,L,EDM,31,-39,hit_thrown
8482077,Dylan Holloway,L,EDM,26,-41,hit_thrown
8482077,Dylan Holloway,L,EDM,4,-41,hit_thrown
8482077,Dylan Holloway,L,EDM,92,-29,hit_thrown
8482077,Dylan Holloway,L,EDM,37,37,hit_thrown
8482077,Dylan Holloway,L,EDM,51,-36,hit_thrown
8482077,Dylan Holloway,L,EDM,75,32,hit_thrown
8482077,Dylan Holloway,L,EDM,91,33,hit_thrown
8482077,Dylan Holloway,L,EDM,98,-14,hit_thrown
8482077,Dylan Holloway,L,EDM,94,29,hit_thrown
8482077,Dylan Holloway,L,EDM,91,-28,hit_thrown
8482077,Dylan Holloway,L,EDM,5,-2,hit_thrown
8482077,Dylan Holloway,L,EDM,12,-9,hit_thrown
8482077,Dylan Holloway,L,EDM,50,39,hit_thrown
8482077,Dylan Holloway,L,EDM,93,26,hit_thrown
8482077,Dylan Holloway,L,EDM,96,-7,hit_thrown
8482077,Dylan Holloway,L,EDM,98,-5,hit_thrown
8482077,Dylan Holloway,L,EDM,97,20,hit_thrown
8482077,Dylan Holloway,L,EDM,97,19,hit_thrown
8482077,Dylan Holloway,L,EDM,92,33,hit_thrown
8482077,Dylan Holloway,L,EDM,92,-28,hit_thrown
8482077,Dylan Holloway,L,EDM,93,-20,hit_thrown
8482077,Dylan Holloway,L,EDM,54,-38,hit_thrown
8482077,Dylan Holloway,L,EDM,73,39,hit_thrown
8482077,Dylan Holloway,L,EDM,92,-31,hit_thrown
8482077,Dylan Holloway,L,EDM,9,41,hit_thrown
8482077,Dylan Holloway,L,EDM,96,-23,hit_thrown
8482077,Dylan Holloway,L,EDM,52,38,hit_thrown
8482077,Dylan Holloway,L,EDM,97,5,hit_thrown
8482077,Dylan Holloway,L,EDM,96,19,hit_thrown
8482077,Dylan Holloway,L,EDM,1,39,hit_thrown
8482077,Dylan Holloway,L,EDM,3,38,hit_thrown
8482077,Dylan Holloway,L,EDM,6,-40,hit_thrown
8482077,Dylan Holloway,L,EDM,48,-40,hit_thrown
8482077,Dylan Holloway,L,EDM,82,-36,hit_thrown
8482077,Dylan Holloway,L,EDM,51,-25,hit_thrown
8482077,Dylan Holloway,L,EDM,97,12,hit_thrown
8482077,Dylan Holloway,L,EDM,95,-20,hit_thrown
8482077,Dylan Holloway,L,EDM,47,-39,hit_thrown
8482077,Dylan Holloway,L,EDM,95,15,hit_thrown
8482077,Dylan Holloway,L,EDM,84,38,hit_thrown
8482077,Dylan Holloway,L,EDM,6,-40,hit_thrown
8482077,Dylan Holloway,L,EDM,7,-41,hit_thrown
8482077,Dylan Holloway,L,EDM,96,-26,hit_thrown
8482077,Dylan Holloway,L,EDM,77,38,hit_thrown
8482077,Dylan Holloway,L,EDM,95,-27,hit_thrown
8482077,Dylan Holloway,L,EDM,10,39,hit_thrown
8482077,Dylan Holloway,L,EDM,42,-40,hit_thrown
8482077,Dylan Holloway,L,EDM,97,10,hit_thrown
8482077,Dylan Holloway,L,EDM,85,39,hit_thrown
8482077,Dylan Holloway,L,EDM,96,4,hit_thrown
8482077,Dylan Holloway,L,EDM,98,20,hit_thrown
8482077,Dylan Holloway,L,EDM,10,36,hit_thrown
8482077,Dylan Holloway,L,EDM,16,-38,hit_thrown
8482077,Dylan Holloway,L,EDM,97,18,hit_thrown
8482077,Dylan Holloway,L,EDM,35,39,hit_thrown
8482077,Dylan Holloway,L,EDM,96,-12,hit_thrown
8482077,Dylan Holloway,L,EDM,60,37,hit_thrown
8482077,Dylan Holloway,L,EDM,64,37,hit_thrown
8482077,Dylan Holloway,L,EDM,72,-35,hit_thrown
8482077,Dylan Holloway,L,EDM,13,-39,hit_thrown
8482077,Dylan Holloway,L,EDM,67,38,hit_thrown
8482077,Dylan Holloway,L,EDM,66,40,hit_thrown
8482077,Dylan Holloway,L,EDM,58,-39,hit_thrown
8482077,Dylan Holloway,L,EDM,53,-42,hit_thrown
8482077,Dylan Holloway,L,EDM,71,38,hit_thrown
8482077,Dylan Holloway,L,EDM,54,-38,hit_thrown
8482077,Dylan Holloway,L,EDM,28,18,takeaway_other
8482077,Dylan Holloway,L,EDM,12,37,takeaway_other
8482077,Dylan Holloway,L,EDM,30,22,takeaway_other
8482077,Dylan Holloway,L,EDM,54,-24,takeaway_other
8482077,Dylan Holloway,L,EDM,55,41,takeaway_other
8482093,Seth Jarvis,C,CAR,80,2,block_hd
8482093,Seth Jarvis,C,CAR,75,13,block_hd
8482093,Seth Jarvis,C,CAR,47,34,block_non_hd
8482093,Seth Jarvis,C,CAR,42,17,block_non_hd
8482093,Seth Jarvis,C,CAR,62,-4,block_non_hd
8482093,Seth Jarvis,C,CAR,53,7,block_non_hd
8482093,Seth Jarvis,C,CAR,37,-32,block_non_hd
8482093,Seth Jarvis,C,CAR,59,-20,block_non_hd
8482093,Seth Jarvis,C,CAR,45,22,block_non_hd
8482093,Seth Jarvis,C,CAR,65,9,block_non_hd
8482093,Seth Jarvis,C,CAR,39,26,block_non_hd
8482093,Seth Jarvis,C,CAR,48,-7,block_non_hd
8482093,Seth Jarvis,C,CAR,87,4,crease_goal
8482093,Seth Jarvis,C,CAR,86,4,crease_goal
8482093,Seth Jarvis,C,CAR,69,22,dz_faceoff_win
8482093,Seth Jarvis,C,CAR,69,22,dz_faceoff_win
8482093,Seth Jarvis,C,CAR,69,22,dz_faceoff_win
8482093,Seth Jarvis,C,CAR,69,22,dz_faceoff_win
8482093,Seth Jarvis,C,CAR,69,22,dz_faceoff_win
8482093,Seth Jarvis,C,CAR,69,22,dz_faceoff_win
8482093,Seth Jarvis,C,CAR,69,22,dz_faceoff_win
8482093,Seth Jarvis,C,CAR,69,22,dz_faceoff_win
8482093,Seth Jarvis,C,CAR,67,-39,hit_taken
8482093,Seth Jarvis,C,CAR,98,17,hit_taken
8482093,Seth Jarvis,C,CAR,38,-41,hit_taken
8482093,Seth Jarvis,C,CAR,90,-30,hit_taken
8482093,Seth Jarvis,C,CAR,53,41,hit_taken
8482093,Seth Jarvis,C,CAR,59,38,hit_taken
8482093,Seth Jarvis,C,CAR,60,-41,hit_taken
8482093,Seth Jarvis,C,CAR,84,38,hit_taken
8482093,Seth Jarvis,C,CAR,94,21,hit_taken
8482093,Seth Jarvis,C,CAR,54,32,hit_taken
8482093,Seth Jarvis,C,CAR,54,40,hit_taken
8482093,Seth Jarvis,C,CAR,96,-26,hit_taken
8482093,Seth Jarvis,C,CAR,89,-35,hit_taken
8482093,Seth Jarvis,C,CAR,91,28,hit_taken
8482093,Seth Jarvis,C,CAR,92,5,hit_taken
8482093,Seth Jarvis,C,CAR,97,-7,hit_taken
8482093,Seth Jarvis,C,CAR,47,-39,hit_taken
8482093,Seth Jarvis,C,CAR,59,-36,hit_taken
8482093,Seth Jarvis,C,CAR,1,-39,hit_taken
8482093,Seth Jarvis,C,CAR,13,-37,hit_taken
8482093,Seth Jarvis,C,CAR,85,-15,hit_taken
8482093,Seth Jarvis,C,CAR,77,-40,hit_taken
8482093,Seth Jarvis,C,CAR,95,-21,hit_taken
8482093,Seth Jarvis,C,CAR,44,-37,hit_taken
8482093,Seth Jarvis,C,CAR,96,14,hit_taken
8482093,Seth Jarvis,C,CAR,1,40,hit_taken
8482093,Seth Jarvis,C,CAR,20,37,hit_taken
8482093,Seth Jarvis,C,CAR,73,41,hit_taken
8482093,Seth Jarvis,C,CAR,94,-26,hit_taken
8482093,Seth Jarvis,C,CAR,89,-34,hit_taken
8482093,Seth Jarvis,C,CAR,99,-14,hit_thrown
8482093,Seth Jarvis,C,CAR,90,36,hit_thrown
8482093,Seth Jarvis,C,CAR,77,39,hit_thrown
8482093,Seth Jarvis,C,CAR,97,-17,hit_thrown
8482093,Seth Jarvis,C,CAR,36,-39,hit_thrown
8482093,Seth Jarvis,C,CAR,97,-8,hit_thrown
8482093,Seth Jarvis,C,CAR,71,-39,hit_thrown
8482093,Seth Jarvis,C,CAR,92,28,hit_thrown
8482093,Seth Jarvis,C,CAR,97,-15,hit_thrown
8482093,Seth Jarvis,C,CAR,14,40,hit_thrown
8482093,Seth Jarvis,C,CAR,62,40,hit_thrown
8482093,Seth Jarvis,C,CAR,96,26,hit_thrown
8482093,Seth Jarvis,C,CAR,79,38,hit_thrown
8482093,Seth Jarvis,C,CAR,94,-26,hit_thrown
8482093,Seth Jarvis,C,CAR,28,-40,hit_thrown
8482093,Seth Jarvis,C,CAR,96,21,hit_thrown
8482093,Seth Jarvis,C,CAR,96,8,hit_thrown
8482093,Seth Jarvis,C,CAR,46,40,hit_thrown
8482093,Seth Jarvis,C,CAR,67,39,hit_thrown
8482093,Seth Jarvis,C,CAR,98,-2,hit_thrown
8482093,Seth Jarvis,C,CAR,68,-41,hit_thrown
8482093,Seth Jarvis,C,CAR,96,14,hit_thrown
8482093,Seth Jarvis,C,CAR,32,21,hit_thrown
8482093,Seth Jarvis,C,CAR,99,19,hit_thrown
8482093,Seth Jarvis,C,CAR,93,29,hit_thrown
8482093,Seth Jarvis,C,CAR,4,-38,hit_thrown
8482093,Seth Jarvis,C,CAR,95,-19,hit_thrown
8482093,Seth Jarvis,C,CAR,20,2,takeaway_other
8482093,Seth Jarvis,C,CAR,42,33,takeaway_other
8482093,Seth Jarvis,C,CAR,35,39,takeaway_other
8482093,Seth Jarvis,C,CAR,31,-39,takeaway_other
8482093,Seth Jarvis,C,CAR,14,-28,takeaway_other
8482109,Alexis Lafrenière,L,NYR,74,13,block_hd
8482109,Alexis Lafrenière,L,NYR,67,0,block_non_hd
8482109,Alexis Lafrenière,L,NYR,42,27,block_non_hd
8482109,Alexis Lafrenière,L,NYR,54,9,block_non_hd
8482109,Alexis Lafrenière,L,NYR,61,0,block_non_hd
8482109,Alexis Lafrenière,L,NYR,47,-5,block_non_hd
8482109,Alexis Lafrenière,L,NYR,71,22,block_non_hd
8482109,Alexis Lafrenière,L,NYR,87,0,crease_goal
8482109,Alexis Lafrenière,L,NYR,94,-8,crease_goal
8482109,Alexis Lafrenière,L,NYR,86,1,crease_goal
8482109,Alexis Lafrenière,L,NYR,83,6,crease_goal
8482109,Alexis Lafrenière,L,NYR,31,-38,hit_taken
8482109,Alexis Lafrenière,L,NYR,81,36,hit_taken
8482109,Alexis Lafrenière,L,NYR,68,-38,hit_taken
8482109,Alexis Lafrenière,L,NYR,96,-22,hit_taken
8482109,Alexis Lafrenière,L,NYR,56,38,hit_taken
8482109,Alexis Lafrenière,L,NYR,94,21,hit_taken
8482109,Alexis Lafrenière,L,NYR,96,-18,hit_taken
8482109,Alexis Lafrenière,L,NYR,72,39,hit_taken
8482109,Alexis Lafrenière,L,NYR,52,-37,hit_taken
8482109,Alexis Lafrenière,L,NYR,96,8,hit_taken
8482109,Alexis Lafrenière,L,NYR,82,2,hit_taken
8482109,Alexis Lafrenière,L,NYR,60,-37,hit_taken
8482109,Alexis Lafrenière,L,NYR,99,-5,hit_taken
8482109,Alexis Lafrenière,L,NYR,21,-40,hit_taken
8482109,Alexis Lafrenière,L,NYR,86,-33,hit_taken
8482109,Alexis Lafrenière,L,NYR,63,39,hit_taken
8482109,Alexis Lafrenière,L,NYR,97,-14,hit_taken
8482109,Alexis Lafrenière,L,NYR,90,-32,hit_taken
8482109,Alexis Lafrenière,L,NYR,15,37,hit_taken
8482109,Alexis Lafrenière,L,NYR,43,-19,hit_taken
8482109,Alexis Lafrenière,L,NYR,99,9,hit_taken
8482109,Alexis Lafrenière,L,NYR,34,40,hit_taken
8482109,Alexis Lafrenière,L,NYR,78,-39,hit_taken
8482109,Alexis Lafrenière,L,NYR,10,36,hit_taken
8482109,Alexis Lafrenière,L,NYR,79,-38,hit_taken
8482109,Alexis Lafrenière,L,NYR,70,-36,hit_taken
8482109,Alexis Lafrenière,L,NYR,54,40,hit_taken
8482109,Alexis Lafrenière,L,NYR,11,-39,hit_taken
8482109,Alexis Lafrenière,L,NYR,14,-38,hit_taken
8482109,Alexis Lafrenière,L,NYR,13,-40,hit_taken
8482109,Alexis Lafrenière,L,NYR,79,-39,hit_taken
8482109,Alexis Lafrenière,L,NYR,21,6,hit_taken
8482109,Alexis Lafrenière,L,NYR,55,38,hit_thrown
8482109,Alexis Lafrenière,L,NYR,91,-30,hit_thrown
8482109,Alexis Lafrenière,L,NYR,84,31,hit_thrown
8482109,Alexis Lafrenière,L,NYR,69,39,hit_thrown
8482109,Alexis Lafrenière,L,NYR,83,35,hit_thrown
8482109,Alexis Lafrenière,L,NYR,98,-19,hit_thrown
8482109,Alexis Lafrenière,L,NYR,81,34,hit_thrown
8482109,Alexis Lafrenière,L,NYR,93,20,hit_thrown
8482109,Alexis Lafrenière,L,NYR,95,22,hit_thrown
8482109,Alexis Lafrenière,L,NYR,88,33,hit_thrown
8482109,Alexis Lafrenière,L,NYR,48,39,hit_thrown
8482109,Alexis Lafrenière,L,NYR,13,-37,hit_thrown
8482109,Alexis Lafrenière,L,NYR,92,27,hit_thrown
8482109,Alexis Lafrenière,L,NYR,85,-36,hit_thrown
8482109,Alexis Lafrenière,L,NYR,69,39,hit_thrown
8482109,Alexis Lafrenière,L,NYR,97,-21,hit_thrown
8482109,Alexis Lafrenière,L,NYR,98,-15,hit_thrown
8482109,Alexis Lafrenière,L,NYR,43,39,hit_thrown
8482109,Alexis Lafrenière,L,NYR,64,38,hit_thrown
8482109,Alexis Lafrenière,L,NYR,44,39,hit_thrown
8482109,Alexis Lafrenière,L,NYR,91,30,hit_thrown
8482109,Alexis Lafrenière,L,NYR,66,-5,hit_thrown
8482109,Alexis Lafrenière,L,NYR,15,-36,hit_thrown
8482109,Alexis Lafrenière,L,NYR,97,9,hit_thrown
8482109,Alexis Lafrenière,L,NYR,8,41,hit_thrown
8482109,Alexis Lafrenière,L,NYR,66,38,hit_thrown
8482109,Alexis Lafrenière,L,NYR,73,-41,hit_thrown
8482109,Alexis Lafrenière,L,NYR,57,-39,hit_thrown
8482109,Alexis Lafrenière,L,NYR,97,7,hit_thrown
8482109,Alexis Lafrenière,L,NYR,4,40,hit_thrown
8482109,Alexis Lafrenière,L,NYR,94,16,hit_thrown
8482109,Alexis Lafrenière,L,NYR,73,-39,hit_thrown
8482109,Alexis Lafrenière,L,NYR,96,-23,hit_thrown
8482109,Alexis Lafrenière,L,NYR,65,39,hit_thrown
8482109,Alexis Lafrenière,L,NYR,48,41,hit_thrown
8482109,Alexis Lafrenière,L,NYR,95,-26,hit_thrown
8482109,Alexis Lafrenière,L,NYR,86,35,hit_thrown
8482109,Alexis Lafrenière,L,NYR,22,-40,hit_thrown
8482109,Alexis Lafrenière,L,NYR,82,37,hit_thrown
8482109,Alexis Lafrenière,L,NYR,85,-36,hit_thrown
8482109,Alexis Lafrenière,L,NYR,79,38,hit_thrown
8482109,Alexis Lafrenière,L,NYR,95,-19,takeaway_other
8482109,Alexis Lafrenière,L,NYR,37,-25,takeaway_other
8482109,Alexis Lafrenière,L,NYR,68,21,takeaway_other
8482109,Alexis Lafrenière,L,NYR,84,31,takeaway_other
8482109,Alexis Lafrenière,L,NYR,12,-36,takeaway_other
8482109,Alexis Lafrenière,L,NYR,72,-36,takeaway_other
8482109,Alexis Lafrenière,L,NYR,32,-12,takeaway_other
8482109,Alexis Lafrenière,L,NYR,37,-31,takeaway_other
8482109,Alexis Lafrenière,L,NYR,13,-13,takeaway_other
8482109,Alexis Lafrenière,L,NYR,19,-28,takeaway_other
8482113,Anton Lundell,C,FLA,88,4,block_hd
8482113,Anton Lundell,C,FLA,78,0,block_hd
8482113,Anton Lundell,C,FLA,71,1,block_hd
8482113,Anton Lundell,C,FLA,81,-7,block_hd
8482113,Anton Lundell,C,FLA,81,1,block_hd
8482113,Anton Lundell,C,FLA,79,0,block_hd
8482113,Anton Lundell,C,FLA,81,-6,block_hd
8482113,Anton Lundell,C,FLA,86,-9,block_hd
8482113,Anton Lundell,C,FLA,80,-1,block_hd
8482113,Anton Lundell,C,FLA,79,-6,block_hd
8482113,Anton Lundell,C,FLA,80,7,block_hd
8482113,Anton Lundell,C,FLA,83,5,block_hd
8482113,Anton Lundell,C,FLA,49,2,block_non_hd
8482113,Anton Lundell,C,FLA,68,0,block_non_hd
8482113,Anton Lundell,C,FLA,37,28,block_non_hd
8482113,Anton Lundell,C,FLA,48,-5,block_non_hd
8482113,Anton Lundell,C,FLA,39,-32,block_non_hd
8482113,Anton Lundell,C,FLA,49,36,block_non_hd
8482113,Anton Lundell,C,FLA,49,5,block_non_hd
8482113,Anton Lundell,C,FLA,74,24,block_non_hd
8482113,Anton Lundell,C,FLA,57,28,block_non_hd
8482113,Anton Lundell,C,FLA,44,11,block_non_hd
8482113,Anton Lundell,C,FLA,64,-32,block_non_hd
8482113,Anton Lundell,C,FLA,56,0,block_non_hd
8482113,Anton Lundell,C,FLA,69,-22,dz_faceoff_win
8482113,Anton Lundell,C,FLA,69,22,dz_faceoff_win
8482113,Anton Lundell,C,FLA,69,-22,dz_faceoff_win
8482113,Anton Lundell,C,FLA,69,22,dz_faceoff_win
8482113,Anton Lundell,C,FLA,69,22,dz_faceoff_win
8482113,Anton Lundell,C,FLA,69,22,dz_faceoff_win
8482113,Anton Lundell,C,FLA,69,22,dz_faceoff_win
8482113,Anton Lundell,C,FLA,69,-22,dz_faceoff_win
8482113,Anton Lundell,C,FLA,69,-22,dz_faceoff_win
8482113,Anton Lundell,C,FLA,69,22,dz_faceoff_win
8482113,Anton Lundell,C,FLA,69,22,dz_faceoff_win
8482113,Anton Lundell,C,FLA,69,-22,dz_faceoff_win
8482113,Anton Lundell,C,FLA,69,-22,dz_faceoff_win
8482113,Anton Lundell,C,FLA,69,-22,dz_faceoff_win
8482113,Anton Lundell,C,FLA,69,-22,dz_faceoff_win
8482113,Anton Lundell,C,FLA,69,-22,dz_faceoff_win
8482113,Anton Lundell,C,FLA,69,22,dz_faceoff_win
8482113,Anton Lundell,C,FLA,69,-22,dz_faceoff_win
8482113,Anton Lundell,C,FLA,69,22,dz_faceoff_win
8482113,Anton Lundell,C,FLA,69,22,dz_faceoff_win
8482113,Anton Lundell,C,FLA,69,-22,dz_faceoff_win
8482113,Anton Lundell,C,FLA,69,22,dz_faceoff_win
8482113,Anton Lundell,C,FLA,69,22,dz_faceoff_win
8482113,Anton Lundell,C,FLA,69,22,dz_faceoff_win
8482113,Anton Lundell,C,FLA,69,-22,dz_faceoff_win
8482113,Anton Lundell,C,FLA,69,22,dz_faceoff_win
8482113,Anton Lundell,C,FLA,69,-22,dz_faceoff_win
8482113,Anton Lundell,C,FLA,69,22,dz_faceoff_win
8482113,Anton Lundell,C,FLA,69,-22,dz_faceoff_win
8482113,Anton Lundell,C,FLA,69,-22,dz_faceoff_win
8482113,Anton Lundell,C,FLA,69,-22,dz_faceoff_win
8482113,Anton Lundell,C,FLA,69,-22,dz_faceoff_win
8482113,Anton Lundell,C,FLA,69,-22,dz_faceoff_win
8482113,Anton Lundell,C,FLA,69,-22,dz_faceoff_win
8482113,Anton Lundell,C,FLA,69,-22,dz_faceoff_win
8482113,Anton Lundell,C,FLA,69,22,dz_faceoff_win
8482113,Anton Lundell,C,FLA,69,-22,dz_faceoff_win
8482113,Anton Lundell,C,FLA,69,22,dz_faceoff_win
8482113,Anton Lundell,C,FLA,69,-22,dz_faceoff_win
8482113,Anton Lundell,C,FLA,69,22,dz_faceoff_win
8482113,Anton Lundell,C,FLA,69,22,dz_faceoff_win
8482113,Anton Lundell,C,FLA,69,22,dz_faceoff_win
8482113,Anton Lundell,C,FLA,69,-22,dz_faceoff_win
8482113,Anton Lundell,C,FLA,69,-22,dz_faceoff_win
8482113,Anton Lundell,C,FLA,69,22,dz_faceoff_win
8482113,Anton Lundell,C,FLA,69,22,dz_faceoff_win
8482113,Anton Lundell,C,FLA,69,-22,dz_faceoff_win
8482113,Anton Lundell,C,FLA,69,22,dz_faceoff_win
8482113,Anton Lundell,C,FLA,69,22,dz_faceoff_win
8482113,Anton Lundell,C,FLA,69,22,dz_faceoff_win
8482113,Anton Lundell,C,FLA,69,22,dz_faceoff_win
8482113,Anton Lundell,C,FLA,69,22,dz_faceoff_win
8482113,Anton Lundell,C,FLA,44,37,hit_taken
8482113,Anton Lundell,C,FLA,45,-4,hit_taken
8482113,Anton Lundell,C,FLA,95,-23,hit_taken
8482113,Anton Lundell,C,FLA,59,-22,hit_taken
8482113,Anton Lundell,C,FLA,43,-37,hit_taken
8482113,Anton Lundell,C,FLA,66,38,hit_taken
8482113,Anton Lundell,C,FLA,99,2,hit_taken
8482113,Anton Lundell,C,FLA,96,-14,hit_taken
8482113,Anton Lundell,C,FLA,13,39,hit_taken
8482113,Anton Lundell,C,FLA,88,-33,hit_taken
8482113,Anton Lundell,C,FLA,65,40,hit_taken
8482113,Anton Lundell,C,FLA,93,-28,hit_taken
8482113,Anton Lundell,C,FLA,96,-16,hit_taken
8482113,Anton Lundell,C,FLA,65,-39,hit_taken
8482113,Anton Lundell,C,FLA,86,35,hit_taken
8482113,Anton Lundell,C,FLA,50,-39,hit_taken
8482113,Anton Lundell,C,FLA,66,-28,hit_taken
8482113,Anton Lundell,C,FLA,93,-17,hit_taken
8482113,Anton Lundell,C,FLA,95,13,hit_taken
8482113,Anton Lundell,C,FLA,91,-27,hit_taken
8482113,Anton Lundell,C,FLA,82,-36,hit_taken
8482113,Anton Lundell,C,FLA,34,-38,hit_taken
8482113,Anton Lundell,C,FLA,95,-25,hit_taken
8482113,Anton Lundell,C,FLA,78,38,hit_taken
8482113,Anton Lundell,C,FLA,96,-18,hit_taken
8482113,Anton Lundell,C,FLA,97,-7,hit_taken
8482113,Anton Lundell,C,FLA,56,39,hit_taken
8482113,Anton Lundell,C,FLA,93,-26,hit_taken
8482113,Anton Lundell,C,FLA,34,38,hit_taken
8482113,Anton Lundell,C,FLA,81,37,hit_taken
8482113,Anton Lundell,C,FLA,42,41,hit_taken
8482113,Anton Lundell,C,FLA,90,7,hit_taken
8482113,Anton Lundell,C,FLA,83,-12,hit_taken
8482113,Anton Lundell,C,FLA,65,32,hit_taken
8482113,Anton Lundell,C,FLA,6,40,hit_taken
8482113,Anton Lundell,C,FLA,93,-27,hit_thrown
8482113,Anton Lundell,C,FLA,57,-39,hit_thrown
8482113,Anton Lundell,C,FLA,95,-17,hit_thrown
8482113,Anton Lundell,C,FLA,97,-2,hit_thrown
8482113,Anton Lundell,C,FLA,77,-39,hit_thrown
8482113,Anton Lundell,C,FLA,68,-39,hit_thrown
8482113,Anton Lundell,C,FLA,94,27,hit_thrown
8482113,Anton Lundell,C,FLA,82,34,hit_thrown
8482113,Anton Lundell,C,FLA,95,-9,hit_thrown
8482113,Anton Lundell,C,FLA,68,38,hit_thrown
8482113,Anton Lundell,C,FLA,72,38,hit_thrown
8482113,Anton Lundell,C,FLA,95,19,hit_thrown
8482113,Anton Lundell,C,FLA,10,-1,hit_thrown
8482113,Anton Lundell,C,FLA,93,31,hit_thrown
8482113,Anton Lundell,C,FLA,90,-28,hit_thrown
8482113,Anton Lundell,C,FLA,62,-39,hit_thrown
8482113,Anton Lundell,C,FLA,66,38,hit_thrown
8482113,Anton Lundell,C,FLA,63,-39,hit_thrown
8482113,Anton Lundell,C,FLA,40,-40,hit_thrown
8482113,Anton Lundell,C,FLA,93,-29,hit_thrown
8482113,Anton Lundell,C,FLA,89,33,hit_thrown
8482113,Anton Lundell,C,FLA,72,-38,hit_thrown
8482113,Anton Lundell,C,FLA,86,-22,hit_thrown
8482113,Anton Lundell,C,FLA,94,-25,hit_thrown
8482113,Anton Lundell,C,FLA,96,1,hit_thrown
8482113,Anton Lundell,C,FLA,59,-38,hit_thrown
8482113,Anton Lundell,C,FLA,98,14,hit_thrown
8482113,Anton Lundell,C,FLA,98,8,hit_thrown
8482113,Anton Lundell,C,FLA,57,38,hit_thrown
8482113,Anton Lundell,C,FLA,67,-39,hit_thrown
8482113,Anton Lundell,C,FLA,43,-38,hit_thrown
8482113,Anton Lundell,C,FLA,19,-39,hit_thrown
8482113,Anton Lundell,C,FLA,97,-7,hit_thrown
8482113,Anton Lundell,C,FLA,95,23,hit_thrown
8482113,Anton Lundell,C,FLA,83,-38,hit_thrown
8482113,Anton Lundell,C,FLA,98,17,hit_thrown
8482113,Anton Lundell,C,FLA,63,40,hit_thrown
8482113,Anton Lundell,C,FLA,95,9,hit_thrown
8482113,Anton Lundell,C,FLA,70,-39,hit_thrown
8482113,Anton Lundell,C,FLA,96,-14,hit_thrown
8482113,Anton Lundell,C,FLA,34,-36,hit_thrown
8482113,Anton Lundell,C,FLA,98,-7,hit_thrown
8482113,Anton Lundell,C,FLA,98,2,hit_thrown
8482113,Anton Lundell,C,FLA,92,32,hit_thrown
8482113,Anton Lundell,C,FLA,74,-6,takeaway_hd
8482113,Anton Lundell,C,FLA,12,40,takeaway_other
8482113,Anton Lundell,C,FLA,94,-22,takeaway_other
8482113,Anton Lundell,C,FLA,47,-8,takeaway_other
8482113,Anton Lundell,C,FLA,84,-28,takeaway_other
8482113,Anton Lundell,C,FLA,5,-2,takeaway_other
8482113,Anton Lundell,C,FLA,51,-5,takeaway_other
8482113,Anton Lundell,C,FLA,22,22,takeaway_other
8482113,Anton Lundell,C,FLA,58,11,takeaway_other
8482113,Anton Lundell,C,FLA,40,-13,takeaway_other
8482113,Anton Lundell,C,FLA,57,-37,takeaway_other
8482113,Anton Lundell,C,FLA,49,7,takeaway_other
8482113,Anton Lundell,C,FLA,54,-39,takeaway_other
8482113,Anton Lundell,C,FLA,62,42,takeaway_other
8482113,Anton Lundell,C,FLA,66,29,takeaway_other
8482124,Quinton Byfield,R,LAK,69,-22,dz_faceoff_win
8482124,Quinton Byfield,R,LAK,69,-22,dz_faceoff_win
8482124,Quinton Byfield,R,LAK,97,-11,hit_taken
8482124,Quinton Byfield,R,LAK,98,-3,hit_taken
8482124,Quinton Byfield,R,LAK,35,-38,hit_taken
8482124,Quinton Byfield,R,LAK,8,39,hit_taken
8482124,Quinton Byfield,R,LAK,61,37,hit_taken
8482124,Quinton Byfield,R,LAK,10,-40,hit_taken
8482124,Quinton Byfield,R,LAK,98,10,hit_taken
8482124,Quinton Byfield,R,LAK,45,37,hit_taken
8482124,Quinton Byfield,R,LAK,83,-38,hit_taken
8482124,Quinton Byfield,R,LAK,19,23,hit_taken
8482124,Quinton Byfield,R,LAK,19,39,hit_taken
8482124,Quinton Byfield,R,LAK,90,31,hit_taken
8482124,Quinton Byfield,R,LAK,96,-25,hit_taken
8482124,Quinton Byfield,R,LAK,96,14,hit_taken
8482124,Quinton Byfield,R,LAK,98,-1,hit_thrown
8482124,Quinton Byfield,R,LAK,92,31,hit_thrown
8482124,Quinton Byfield,R,LAK,95,-26,hit_thrown
8482124,Quinton Byfield,R,LAK,93,17,hit_thrown
8482124,Quinton Byfield,R,LAK,94,-26,hit_thrown
8482124,Quinton Byfield,R,LAK,35,40,hit_thrown
8482124,Quinton Byfield,R,LAK,36,40,hit_thrown
8482124,Quinton Byfield,R,LAK,71,39,hit_thrown
8482124,Quinton Byfield,R,LAK,92,27,hit_thrown
8482124,Quinton Byfield,R,LAK,41,39,hit_thrown
8482124,Quinton Byfield,R,LAK,88,37,hit_thrown
8482124,Quinton Byfield,R,LAK,21,20,takeaway_other
8482124,Quinton Byfield,R,LAK,92,-21,takeaway_other
8482124,Quinton Byfield,R,LAK,85,-36,takeaway_other
8482145,Mavrik Bourque,C,DAL,97,-10,hit_thrown
8482146,Luke Evangelista,R,NSH,36,39,hit_taken
8482146,Luke Evangelista,R,NSH,15,38,hit_taken
8482146,Luke Evangelista,R,NSH,74,-39,hit_taken
8482146,Luke Evangelista,R,NSH,98,9,hit_taken
8482146,Luke Evangelista,R,NSH,59,20,hit_taken
8482146,Luke Evangelista,R,NSH,10,40,hit_taken
8482146,Luke Evangelista,R,NSH,80,35,hit_taken
8482146,Luke Evangelista,R,NSH,38,-39,hit_taken
8482146,Luke Evangelista,R,NSH,54,-38,hit_taken
8482146,Luke Evangelista,R,NSH,17,-39,hit_taken
8482146,Luke Evangelista,R,NSH,96,-19,hit_taken
8482146,Luke Evangelista,R,NSH,95,17,hit_thrown
8482146,Luke Evangelista,R,NSH,88,-31,hit_thrown
8482146,Luke Evangelista,R,NSH,47,-39,takeaway_other
8482146,Luke Evangelista,R,NSH,53,42,takeaway_other
8482148,Hendrix Lapierre,C,WSH,81,4,block_hd
8482148,Hendrix Lapierre,C,WSH,72,22,block_non_hd
8482148,Hendrix Lapierre,C,WSH,63,-8,block_non_hd
8482148,Hendrix Lapierre,C,WSH,81,-5,crease_goal
8482148,Hendrix Lapierre,C,WSH,69,-22,dz_faceoff_win
8482148,Hendrix Lapierre,C,WSH,69,-22,dz_faceoff_win
8482148,Hendrix Lapierre,C,WSH,69,22,dz_faceoff_win
8482148,Hendrix Lapierre,C,WSH,92,-29,hit_taken
8482148,Hendrix Lapierre,C,WSH,90,31,hit_taken
8482148,Hendrix Lapierre,C,WSH,95,-14,hit_taken
8482148,Hendrix Lapierre,C,WSH,35,2,hit_taken
8482148,Hendrix Lapierre,C,WSH,96,-20,hit_taken
8482148,Hendrix Lapierre,C,WSH,90,-26,hit_taken
8482148,Hendrix Lapierre,C,WSH,57,-37,hit_taken
8482148,Hendrix Lapierre,C,WSH,90,-33,hit_taken
8482148,Hendrix Lapierre,C,WSH,93,24,hit_taken
8482148,Hendrix Lapierre,C,WSH,88,33,hit_thrown
8482148,Hendrix Lapierre,C,WSH,56,38,hit_thrown
8482148,Hendrix Lapierre,C,WSH,77,37,hit_thrown
8482148,Hendrix Lapierre,C,WSH,21,39,hit_thrown
8482148,Hendrix Lapierre,C,WSH,95,5,hit_thrown
8482148,Hendrix Lapierre,C,WSH,96,-24,hit_thrown
8482148,Hendrix Lapierre,C,WSH,96,-13,hit_thrown
8482148,Hendrix Lapierre,C,WSH,95,19,hit_thrown
8482148,Hendrix Lapierre,C,WSH,17,30,takeaway_other
8482148,Hendrix Lapierre,C,WSH,15,36,takeaway_other
8482148,Hendrix Lapierre,C,WSH,30,31,takeaway_other
8482149,Cole Perfetti,C,WPG,88,33,hit_thrown
8482149,Cole Perfetti,C,WPG,91,32,hit_thrown
8482149,Cole Perfetti,C,WPG,71,-38,hit_thrown
8482155,Alex Laferriere,R,LAK,75,6,block_hd
8482155,Alex Laferriere,R,LAK,80,-3,block_hd
8482155,Alex Laferriere,R,LAK,67,-18,block_non_hd
8482155,Alex Laferriere,R,LAK,43,-31,block_non_hd
8482155,Alex Laferriere,R,LAK,43,-27,block_non_hd
8482155,Alex Laferriere,R,LAK,51,-39,hit_taken
8482155,Alex Laferriere,R,LAK,90,32,hit_taken
8482155,Alex Laferriere,R,LAK,0,-39,hit_taken
8482155,Alex Laferriere,R,LAK,81,37,hit_taken
8482155,Alex Laferriere,R,LAK,69,40,hit_taken
8482155,Alex Laferriere,R,LAK,81,36,hit_taken
8482155,Alex Laferriere,R,LAK,95,-7,hit_taken
8482155,Alex Laferriere,R,LAK,10,-41,hit_taken
8482155,Alex Laferriere,R,LAK,14,41,hit_taken
8482155,Alex Laferriere,R,LAK,79,31,hit_taken
8482155,Alex Laferriere,R,LAK,84,37,hit_taken
8482155,Alex Laferriere,R,LAK,60,-41,hit_thrown
8482155,Alex Laferriere,R,LAK,98,4,hit_thrown
8482155,Alex Laferriere,R,LAK,99,-14,hit_thrown
8482155,Alex Laferriere,R,LAK,30,-39,hit_thrown
8482155,Alex Laferriere,R,LAK,56,40,hit_thrown
8482155,Alex Laferriere,R,LAK,33,39,hit_thrown
8482155,Alex Laferriere,R,LAK,40,40,hit_thrown
8482155,Alex Laferriere,R,LAK,96,3,hit_thrown
8482155,Alex Laferriere,R,LAK,90,32,hit_thrown
8482155,Alex Laferriere,R,LAK,93,32,hit_thrown
8482155,Alex Laferriere,R,LAK,97,-4,hit_thrown
8482155,Alex Laferriere,R,LAK,97,5,hit_thrown
8482155,Alex Laferriere,R,LAK,84,-37,hit_thrown
8482155,Alex Laferriere,R,LAK,94,24,hit_thrown
8482155,Alex Laferriere,R,LAK,92,31,hit_thrown
8482155,Alex Laferriere,R,LAK,95,-23,hit_thrown
8482155,Alex Laferriere,R,LAK,97,-8,hit_thrown
8482155,Alex Laferriere,R,LAK,14,-42,hit_thrown
8482155,Alex Laferriere,R,LAK,75,-42,hit_thrown
8482155,Alex Laferriere,R,LAK,73,42,hit_thrown
8482155,Alex Laferriere,R,LAK,3,31,hit_thrown
8482155,Alex Laferriere,R,LAK,88,-34,hit_thrown
8482157,Will Cuylle,L,NYR,51,-35,block_non_hd
8482157,Will Cuylle,L,NYR,42,-31,block_non_hd
8482157,Will Cuylle,L,NYR,55,7,block_non_hd
8482157,Will Cuylle,L,NYR,32,-38,block_non_hd
8482157,Will Cuylle,L,NYR,65,-7,block_non_hd
8482157,Will Cuylle,L,NYR,54,-14,block_non_hd
8482157,Will Cuylle,L,NYR,62,32,block_non_hd
8482157,Will Cuylle,L,NYR,24,40,hit_taken
8482157,Will Cuylle,L,NYR,79,-39,hit_taken
8482157,Will Cuylle,L,NYR,20,28,hit_taken
8482157,Will Cuylle,L,NYR,17,-35,hit_taken
8482157,Will Cuylle,L,NYR,98,-9,hit_taken
8482157,Will Cuylle,L,NYR,62,37,hit_taken
8482157,Will Cuylle,L,NYR,49,-36,hit_taken
8482157,Will Cuylle,L,NYR,85,34,hit_taken
8482157,Will Cuylle,L,NYR,82,36,hit_taken
8482157,Will Cuylle,L,NYR,34,-40,hit_taken
8482157,Will Cuylle,L,NYR,40,17,hit_taken
8482157,Will Cuylle,L,NYR,32,-41,hit_taken
8482157,Will Cuylle,L,NYR,35,40,hit_taken
8482157,Will Cuylle,L,NYR,99,-14,hit_taken
8482157,Will Cuylle,L,NYR,43,-42,hit_taken
8482157,Will Cuylle,L,NYR,15,-36,hit_taken
8482157,Will Cuylle,L,NYR,89,31,hit_taken
8482157,Will Cuylle,L,NYR,34,-31,hit_taken
8482157,Will Cuylle,L,NYR,83,-21,hit_taken
8482157,Will Cuylle,L,NYR,52,37,hit_taken
8482157,Will Cuylle,L,NYR,65,-41,hit_taken
8482157,Will Cuylle,L,NYR,97,-5,hit_taken
8482157,Will Cuylle,L,NYR,88,-34,hit_taken
8482157,Will Cuylle,L,NYR,95,-25,hit_taken
8482157,Will Cuylle,L,NYR,76,-38,hit_taken
8482157,Will Cuylle,L,NYR,38,38,hit_taken
8482157,Will Cuylle,L,NYR,78,40,hit_taken
8482157,Will Cuylle,L,NYR,92,28,hit_thrown
8482157,Will Cuylle,L,NYR,98,11,hit_thrown
8482157,Will Cuylle,L,NYR,76,-39,hit_thrown
8482157,Will Cuylle,L,NYR,98,0,hit_thrown
8482157,Will Cuylle,L,NYR,96,-8,hit_thrown
8482157,Will Cuylle,L,NYR,89,27,hit_thrown
8482157,Will Cuylle,L,NYR,89,-30,hit_thrown
8482157,Will Cuylle,L,NYR,92,-25,hit_thrown
8482157,Will Cuylle,L,NYR,84,36,hit_thrown
8482157,Will Cuylle,L,NYR,96,-16,hit_thrown
8482157,Will Cuylle,L,NYR,59,39,hit_thrown
8482157,Will Cuylle,L,NYR,43,-37,hit_thrown
8482157,Will Cuylle,L,NYR,80,-38,hit_thrown
8482157,Will Cuylle,L,NYR,70,37,hit_thrown
8482157,Will Cuylle,L,NYR,91,32,hit_thrown
8482157,Will Cuylle,L,NYR,63,-39,hit_thrown
8482157,Will Cuylle,L,NYR,16,-38,hit_thrown
8482157,Will Cuylle,L,NYR,96,10,hit_thrown
8482157,Will Cuylle,L,NYR,28,-37,hit_thrown
8482157,Will Cuylle,L,NYR,96,-19,hit_thrown
8482157,Will Cuylle,L,NYR,1,-39,hit_thrown
8482157,Will Cuylle,L,NYR,90,24,hit_thrown
8482157,Will Cuylle,L,NYR,5,-35,hit_thrown
8482157,Will Cuylle,L,NYR,16,-38,hit_thrown
8482157,Will Cuylle,L,NYR,98,-16,hit_thrown
8482157,Will Cuylle,L,NYR,71,41,hit_thrown
8482157,Will Cuylle,L,NYR,77,-37,hit_thrown
8482157,Will Cuylle,L,NYR,89,-34,hit_thrown
8482157,Will Cuylle,L,NYR,72,42,hit_thrown
8482157,Will Cuylle,L,NYR,97,24,hit_thrown
8482157,Will Cuylle,L,NYR,12,30,hit_thrown
8482157,Will Cuylle,L,NYR,51,-38,hit_thrown
8482157,Will Cuylle,L,NYR,15,39,hit_thrown
8482157,Will Cuylle,L,NYR,87,-36,hit_thrown
8482157,Will Cuylle,L,NYR,10,33,hit_thrown
8482157,Will Cuylle,L,NYR,96,-9,hit_thrown
8482157,Will Cuylle,L,NYR,98,-6,hit_thrown
8482157,Will Cuylle,L,NYR,74,39,hit_thrown
8482157,Will Cuylle,L,NYR,29,-40,hit_thrown
8482157,Will Cuylle,L,NYR,98,-11,hit_thrown
8482157,Will Cuylle,L,NYR,77,38,hit_thrown
8482157,Will Cuylle,L,NYR,92,-28,hit_thrown
8482157,Will Cuylle,L,NYR,96,-8,hit_thrown
8482157,Will Cuylle,L,NYR,14,39,hit_thrown
8482157,Will Cuylle,L,NYR,1,-37,hit_thrown
8482157,Will Cuylle,L,NYR,96,14,hit_thrown
8482460,Matt Rempe,C,NYR,82,10,block_hd
8482460,Matt Rempe,C,NYR,58,23,block_non_hd
8482460,Matt Rempe,C,NYR,55,-14,block_non_hd
8482460,Matt Rempe,C,NYR,64,-18,block_non_hd
8482460,Matt Rempe,C,NYR,57,4,block_non_hd
8482460,Matt Rempe,C,NYR,84,7,crease_goal
8482460,Matt Rempe,C,NYR,69,22,dz_faceoff_win
8482460,Matt Rempe,C,NYR,20,-37,hit_taken
8482460,Matt Rempe,C,NYR,33,39,hit_taken
8482460,Matt Rempe,C,NYR,78,-37,hit_taken
8482460,Matt Rempe,C,NYR,87,32,hit_taken
8482460,Matt Rempe,C,NYR,96,21,hit_taken
8482460,Matt Rempe,C,NYR,96,18,hit_taken
8482460,Matt Rempe,C,NYR,90,9,hit_taken
8482460,Matt Rempe,C,NYR,9,39,hit_taken
8482460,Matt Rempe,C,NYR,98,-3,hit_taken
8482460,Matt Rempe,C,NYR,96,14,hit_taken
8482460,Matt Rempe,C,NYR,16,-37,hit_taken
8482460,Matt Rempe,C,NYR,98,8,hit_thrown
8482460,Matt Rempe,C,NYR,97,-13,hit_thrown
8482460,Matt Rempe,C,NYR,95,-17,hit_thrown
8482460,Matt Rempe,C,NYR,90,-33,hit_thrown
8482460,Matt Rempe,C,NYR,65,38,hit_thrown
8482460,Matt Rempe,C,NYR,59,39,hit_thrown
8482460,Matt Rempe,C,NYR,88,33,hit_thrown
8482460,Matt Rempe,C,NYR,55,40,hit_thrown
8482460,Matt Rempe,C,NYR,97,13,hit_thrown
8482460,Matt Rempe,C,NYR,81,-36,hit_thrown
8482460,Matt Rempe,C,NYR,68,38,hit_thrown
8482460,Matt Rempe,C,NYR,87,34,hit_thrown
8482460,Matt Rempe,C,NYR,38,38,hit_thrown
8482460,Matt Rempe,C,NYR,95,23,hit_thrown
8482460,Matt Rempe,C,NYR,55,38,hit_thrown
8482460,Matt Rempe,C,NYR,37,-38,hit_thrown
8482460,Matt Rempe,C,NYR,37,-38,hit_thrown
8482460,Matt Rempe,C,NYR,14,-40,hit_thrown
8482460,Matt Rempe,C,NYR,57,41,hit_thrown
8482460,Matt Rempe,C,NYR,48,39,hit_thrown
8482460,Matt Rempe,C,NYR,82,-24,hit_thrown
8482460,Matt Rempe,C,NYR,91,31,hit_thrown
8482460,Matt Rempe,C,NYR,55,38,hit_thrown
8482460,Matt Rempe,C,NYR,41,-38,hit_thrown
8482460,Matt Rempe,C,NYR,77,-39,hit_thrown
8482460,Matt Rempe,C,NYR,74,-39,hit_thrown
8482460,Matt Rempe,C,NYR,31,23,hit_thrown
8482460,Matt Rempe,C,NYR,94,24,hit_thrown
8482460,Matt Rempe,C,NYR,51,-35,hit_thrown
8482460,Matt Rempe,C,NYR,67,13,hit_thrown
8482460,Matt Rempe,C,NYR,98,-9,hit_thrown
8482460,Matt Rempe,C,NYR,42,39,hit_thrown
8482460,Matt Rempe,C,NYR,62,39,hit_thrown
8482460,Matt Rempe,C,NYR,95,24,hit_thrown
8482460,Matt Rempe,C,NYR,93,-28,hit_thrown
8482460,Matt Rempe,C,NYR,68,40,hit_thrown
8482460,Matt Rempe,C,NYR,88,-34,hit_thrown
8482460,Matt Rempe,C,NYR,90,32,hit_thrown
8482460,Matt Rempe,C,NYR,2,-38,takeaway_other
8482496,Nils Aman,C,VAN,54,-33,block_non_hd
8482496,Nils Aman,C,VAN,87,-21,block_non_hd
8482496,Nils Aman,C,VAN,69,-22,dz_faceoff_win
8482496,Nils Aman,C,VAN,96,4,hit_taken
8482496,Nils Aman,C,VAN,75,-40,hit_taken
8482496,Nils Aman,C,VAN,28,36,hit_taken
8482496,Nils Aman,C,VAN,90,-27,hit_taken
8482496,Nils Aman,C,VAN,74,37,hit_taken
8482496,Nils Aman,C,VAN,82,-37,hit_taken
8482496,Nils Aman,C,VAN,5,-2,hit_taken
8482496,Nils Aman,C,VAN,97,-7,hit_thrown
8482496,Nils Aman,C,VAN,76,-39,hit_thrown
8482496,Nils Aman,C,VAN,90,-33,hit_thrown
8482496,Nils Aman,C,VAN,77,-40,hit_thrown
8482496,Nils Aman,C,VAN,98,1,hit_thrown
8482496,Nils Aman,C,VAN,70,-38,hit_thrown
8482511,Mason Lohrei,D,BOS,75,3,block_hd
8482511,Mason Lohrei,D,BOS,75,-5,block_hd
8482511,Mason Lohrei,D,BOS,79,-13,block_hd
8482511,Mason Lohrei,D,BOS,88,7,block_hd
8482511,Mason Lohrei,D,BOS,77,-16,block_hd
8482511,Mason Lohrei,D,BOS,84,-5,block_hd
8482511,Mason Lohrei,D,BOS,74,16,block_hd
8482511,Mason Lohrei,D,BOS,80,-5,block_hd
8482511,Mason Lohrei,D,BOS,88,7,block_hd
8482511,Mason Lohrei,D,BOS,54,-29,block_non_hd
8482511,Mason Lohrei,D,BOS,57,-13,block_non_hd
8482511,Mason Lohrei,D,BOS,54,-12,block_non_hd
8482511,Mason Lohrei,D,BOS,67,10,block_non_hd
8482511,Mason Lohrei,D,BOS,77,33,block_non_hd
8482511,Mason Lohrei,D,BOS,58,-33,block_non_hd
8482511,Mason Lohrei,D,BOS,42,-34,block_non_hd
8482511,Mason Lohrei,D,BOS,67,15,block_non_hd
8482511,Mason Lohrei,D,BOS,98,12,hit_taken
8482511,Mason Lohrei,D,BOS,87,-34,hit_taken
8482511,Mason Lohrei,D,BOS,96,7,hit_taken
8482511,Mason Lohrei,D,BOS,93,-29,hit_taken
8482511,Mason Lohrei,D,BOS,22,38,hit_taken
8482511,Mason Lohrei,D,BOS,98,8,hit_taken
8482511,Mason Lohrei,D,BOS,97,14,hit_taken
8482511,Mason Lohrei,D,BOS,98,-18,hit_taken
8482511,Mason Lohrei,D,BOS,98,12,hit_taken
8482511,Mason Lohrei,D,BOS,96,18,hit_taken
8482511,Mason Lohrei,D,BOS,92,-30,hit_taken
8482511,Mason Lohrei,D,BOS,93,29,hit_taken
8482511,Mason Lohrei,D,BOS,91,29,hit_taken
8482511,Mason Lohrei,D,BOS,97,13,hit_taken
8482511,Mason Lohrei,D,BOS,89,26,hit_taken
8482511,Mason Lohrei,D,BOS,93,-14,hit_taken
8482511,Mason Lohrei,D,BOS,96,11,hit_taken
8482511,Mason Lohrei,D,BOS,96,-9,hit_taken
8482511,Mason Lohrei,D,BOS,86,-36,hit_taken
8482511,Mason Lohrei,D,BOS,93,-28,hit_taken
8482511,Mason Lohrei,D,BOS,99,-15,hit_taken
8482511,Mason Lohrei,D,BOS,61,36,hit_taken
8482511,Mason Lohrei,D,BOS,97,-12,hit_taken
8482511,Mason Lohrei,D,BOS,88,34,hit_taken
8482511,Mason Lohrei,D,BOS,57,-39,hit_taken
8482511,Mason Lohrei,D,BOS,93,-29,hit_taken
8482511,Mason Lohrei,D,BOS,90,-12,hit_taken
8482511,Mason Lohrei,D,BOS,90,-22,hit_taken
8482511,Mason Lohrei,D,BOS,94,-6,hit_taken
8482511,Mason Lohrei,D,BOS,96,-25,hit_taken
8482511,Mason Lohrei,D,BOS,89,30,hit_taken
8482511,Mason Lohrei,D,BOS,94,15,hit_taken
8482511,Mason Lohrei,D,BOS,28,38,hit_taken
8482511,Mason Lohrei,D,BOS,60,-39,hit_thrown
8482511,Mason Lohrei,D,BOS,99,-20,hit_thrown
8482511,Mason Lohrei,D,BOS,93,-29,hit_thrown
8482511,Mason Lohrei,D,BOS,70,36,hit_thrown
8482511,Mason Lohrei,D,BOS,95,-19,hit_thrown
8482511,Mason Lohrei,D,BOS,97,3,hit_thrown
8482511,Mason Lohrei,D,BOS,80,38,hit_thrown
8482511,Mason Lohrei,D,BOS,44,-40,hit_thrown
8482511,Mason Lohrei,D,BOS,96,-9,hit_thrown
8482511,Mason Lohrei,D,BOS,59,-36,hit_thrown
8482511,Mason Lohrei,D,BOS,98,4,hit_thrown
8482511,Mason Lohrei,D,BOS,74,36,hit_thrown
8482511,Mason Lohrei,D,BOS,61,29,takeaway_other
8482511,Mason Lohrei,D,BOS,5,27,takeaway_other
8482511,Mason Lohrei,D,BOS,40,-7,takeaway_other
8482511,Mason Lohrei,D,BOS,80,-35,takeaway_other
8482702,Logan Stankoven,C,DAL,71,1,block_hd
8482702,Logan Stankoven,C,DAL,77,4,block_hd
8482702,Logan Stankoven,C,DAL,77,8,block_hd
8482702,Logan Stankoven,C,DAL,72,-1,block_hd
8482702,Logan Stankoven,C,DAL,65,2,block_non_hd
8482702,Logan Stankoven,C,DAL,53,34,block_non_hd
8482702,Logan Stankoven,C,DAL,35,32,block_non_hd
8482702,Logan Stankoven,C,DAL,63,-21,block_non_hd
8482702,Logan Stankoven,C,DAL,60,-23,block_non_hd
8482702,Logan Stankoven,C,DAL,32,30,block_non_hd
8482702,Logan Stankoven,C,DAL,51,-34,block_non_hd
8482702,Logan Stankoven,C,DAL,37,4,block_non_hd
8482702,Logan Stankoven,C,DAL,43,26,block_non_hd
8482702,Logan Stankoven,C,DAL,49,-7,block_non_hd
8482702,Logan Stankoven,C,DAL,53,-12,block_non_hd
8482702,Logan Stankoven,C,DAL,42,8,block_non_hd
8482702,Logan Stankoven,C,DAL,59,24,block_non_hd
8482702,Logan Stankoven,C,DAL,57,-27,block_non_hd
8482702,Logan Stankoven,C,DAL,63,15,block_non_hd
8482702,Logan Stankoven,C,DAL,83,21,block_non_hd
8482702,Logan Stankoven,C,DAL,80,27,block_non_hd
8482702,Logan Stankoven,C,DAL,69,-22,dz_faceoff_win
8482702,Logan Stankoven,C,DAL,85,-37,hit_taken
8482702,Logan Stankoven,C,DAL,96,-23,hit_taken
8482702,Logan Stankoven,C,DAL,94,-23,hit_taken
8482702,Logan Stankoven,C,DAL,53,-39,hit_taken
8482702,Logan Stankoven,C,DAL,66,39,hit_taken
8482702,Logan Stankoven,C,DAL,93,-28,hit_taken
8482702,Logan Stankoven,C,DAL,84,35,hit_taken
8482702,Logan Stankoven,C,DAL,89,34,hit_taken
8482702,Logan Stankoven,C,DAL,77,38,hit_taken
8482702,Logan Stankoven,C,DAL,29,16,hit_taken
8482702,Logan Stankoven,C,DAL,53,39,hit_taken
8482702,Logan Stankoven,C,DAL,43,33,hit_taken
8482702,Logan Stankoven,C,DAL,97,-9,hit_taken
8482702,Logan Stankoven,C,DAL,33,40,hit_taken
8482702,Logan Stankoven,C,DAL,83,-38,hit_taken
8482702,Logan Stankoven,C,DAL,88,-34,hit_taken
8482702,Logan Stankoven,C,DAL,90,-32,hit_taken
8482702,Logan Stankoven,C,DAL,57,-36,hit_taken
8482702,Logan Stankoven,C,DAL,87,34,hit_taken
8482702,Logan Stankoven,C,DAL,96,0,hit_taken
8482702,Logan Stankoven,C,DAL,53,-36,hit_taken
8482702,Logan Stankoven,C,DAL,30,-40,hit_taken
8482702,Logan Stankoven,C,DAL,40,-40,hit_taken
8482702,Logan Stankoven,C,DAL,36,-39,hit_taken
8482702,Logan Stankoven,C,DAL,42,40,hit_taken
8482702,Logan Stankoven,C,DAL,69,-40,hit_taken
8482702,Logan Stankoven,C,DAL,52,-41,hit_taken
8482702,Logan Stankoven,C,DAL,95,-20,hit_taken
8482702,Logan Stankoven,C,DAL,76,42,hit_taken
8482702,Logan Stankoven,C,DAL,43,40,hit_taken
8482702,Logan Stankoven,C,DAL,18,41,hit_taken
8482702,Logan Stankoven,C,DAL,61,7,hit_taken
8482702,Logan Stankoven,C,DAL,67,5,hit_taken
8482702,Logan Stankoven,C,DAL,98,0,hit_taken
8482702,Logan Stankoven,C,DAL,7,-26,hit_taken
8482702,Logan Stankoven,C,DAL,97,-8,hit_taken
8482702,Logan Stankoven,C,DAL,82,38,hit_taken
8482702,Logan Stankoven,C,DAL,33,-41,hit_taken
8482702,Logan Stankoven,C,DAL,78,36,hit_taken
8482702,Logan Stankoven,C,DAL,35,-36,hit_taken
8482702,Logan Stankoven,C,DAL,90,29,hit_taken
8482702,Logan Stankoven,C,DAL,68,-25,hit_taken
8482702,Logan Stankoven,C,DAL,32,-41,hit_taken
8482702,Logan Stankoven,C,DAL,38,-4,hit_taken
8482702,Logan Stankoven,C,DAL,86,-38,hit_thrown
8482702,Logan Stankoven,C,DAL,76,-40,hit_thrown
8482702,Logan Stankoven,C,DAL,96,24,hit_thrown
8482702,Logan Stankoven,C,DAL,24,-37,hit_thrown
8482702,Logan Stankoven,C,DAL,92,16,hit_thrown
8482702,Logan Stankoven,C,DAL,92,-29,hit_thrown
8482702,Logan Stankoven,C,DAL,95,23,hit_thrown
8482702,Logan Stankoven,C,DAL,90,-28,hit_thrown
8482702,Logan Stankoven,C,DAL,26,41,hit_thrown
8482702,Logan Stankoven,C,DAL,85,36,hit_thrown
8482702,Logan Stankoven,C,DAL,92,-27,hit_thrown
8482702,Logan Stankoven,C,DAL,49,39,hit_thrown
8482702,Logan Stankoven,C,DAL,55,41,hit_thrown
8482702,Logan Stankoven,C,DAL,97,16,hit_thrown
8482702,Logan Stankoven,C,DAL,98,-19,hit_thrown
8482702,Logan Stankoven,C,DAL,97,-20,hit_thrown
8482702,Logan Stankoven,C,DAL,97,-23,hit_thrown
8482702,Logan Stankoven,C,DAL,83,38,hit_thrown
8482702,Logan Stankoven,C,DAL,85,35,hit_thrown
8482702,Logan Stankoven,C,DAL,78,-40,hit_thrown
8482702,Logan Stankoven,C,DAL,97,4,hit_thrown
8482702,Logan Stankoven,C,DAL,96,15,hit_thrown
8482702,Logan Stankoven,C,DAL,99,15,hit_thrown
8482702,Logan Stankoven,C,DAL,55,37,hit_thrown
8482702,Logan Stankoven,C,DAL,57,36,takeaway_other
8482702,Logan Stankoven,C,DAL,19,-7,takeaway_other
8482702,Logan Stankoven,C,DAL,64,-8,takeaway_other
8482702,Logan Stankoven,C,DAL,5,-10,takeaway_other
8482702,Logan Stankoven,C,DAL,43,30,takeaway_other
8482702,Logan Stankoven,C,DAL,67,15,takeaway_other
8482702,Logan Stankoven,C,DAL,61,20,takeaway_other
8482720,Matthew Knies,L,TOR,71,-13,block_hd
8482720,Matthew Knies,L,TOR,70,-4,block_hd
8482720,Matthew Knies,L,TOR,72,18,block_hd
8482720,Matthew Knies,L,TOR,80,0,block_hd
8482720,Matthew Knies,L,TOR,82,-3,block_hd
8482720,Matthew Knies,L,TOR,87,-6,block_hd
8482720,Matthew Knies,L,TOR,55,-5,block_non_hd
8482720,Matthew Knies,L,TOR,44,28,block_non_hd
8482720,Matthew Knies,L,TOR,34,-35,block_non_hd
8482720,Matthew Knies,L,TOR,58,-36,block_non_hd
8482720,Matthew Knies,L,TOR,35,36,block_non_hd
8482720,Matthew Knies,L,TOR,88,2,crease_goal
8482720,Matthew Knies,L,TOR,81,4,crease_goal
8482720,Matthew Knies,L,TOR,10,38,hit_taken
8482720,Matthew Knies,L,TOR,56,38,hit_taken
8482720,Matthew Knies,L,TOR,14,-39,hit_taken
8482720,Matthew Knies,L,TOR,33,-40,hit_taken
8482720,Matthew Knies,L,TOR,92,22,hit_taken
8482720,Matthew Knies,L,TOR,34,-3,hit_taken
8482720,Matthew Knies,L,TOR,62,37,hit_taken
8482720,Matthew Knies,L,TOR,96,21,hit_taken
8482720,Matthew Knies,L,TOR,15,39,hit_taken
8482720,Matthew Knies,L,TOR,75,37,hit_taken
8482720,Matthew Knies,L,TOR,99,-14,hit_taken
8482720,Matthew Knies,L,TOR,20,-5,hit_taken
8482720,Matthew Knies,L,TOR,97,-17,hit_taken
8482720,Matthew Knies,L,TOR,21,40,hit_taken
8482720,Matthew Knies,L,TOR,46,36,hit_taken
8482720,Matthew Knies,L,TOR,71,-34,hit_taken
8482720,Matthew Knies,L,TOR,54,-33,hit_taken
8482720,Matthew Knies,L,TOR,31,36,hit_taken
8482720,Matthew Knies,L,TOR,51,-23,hit_taken
8482720,Matthew Knies,L,TOR,44,-38,hit_taken
8482720,Matthew Knies,L,TOR,95,-16,hit_taken
8482720,Matthew Knies,L,TOR,53,-34,hit_taken
8482720,Matthew Knies,L,TOR,15,-40,hit_taken
8482720,Matthew Knies,L,TOR,85,31,hit_taken
8482720,Matthew Knies,L,TOR,90,-5,hit_taken
8482720,Matthew Knies,L,TOR,54,39,hit_thrown
8482720,Matthew Knies,L,TOR,72,39,hit_thrown
8482720,Matthew Knies,L,TOR,58,-37,hit_thrown
8482720,Matthew Knies,L,TOR,62,36,hit_thrown
8482720,Matthew Knies,L,TOR,63,35,hit_thrown
8482720,Matthew Knies,L,TOR,69,-41,hit_thrown
8482720,Matthew Knies,L,TOR,10,-41,hit_thrown
8482720,Matthew Knies,L,TOR,87,32,hit_thrown
8482720,Matthew Knies,L,TOR,32,-35,hit_thrown
8482720,Matthew Knies,L,TOR,11,-21,hit_thrown
8482720,Matthew Knies,L,TOR,96,-25,hit_thrown
8482720,Matthew Knies,L,TOR,79,41,hit_thrown
8482720,Matthew Knies,L,TOR,96,-6,hit_thrown
8482720,Matthew Knies,L,TOR,61,-6,hit_thrown
8482720,Matthew Knies,L,TOR,76,38,hit_thrown
8482720,Matthew Knies,L,TOR,35,-40,hit_thrown
8482720,Matthew Knies,L,TOR,97,14,hit_thrown
8482720,Matthew Knies,L,TOR,98,-18,hit_thrown
8482720,Matthew Knies,L,TOR,99,-1,hit_thrown
8482720,Matthew Knies,L,TOR,96,-7,hit_thrown
8482720,Matthew Knies,L,TOR,55,38,hit_thrown
8482720,Matthew Knies,L,TOR,44,40,hit_thrown
8482720,Matthew Knies,L,TOR,84,29,hit_thrown
8482720,Matthew Knies,L,TOR,62,16,takeaway_other
8482720,Matthew Knies,L,TOR,27,40,takeaway_other
8482740,Wyatt Johnston,C,DAL,70,10,block_hd
8482740,Wyatt Johnston,C,DAL,75,-17,block_hd
8482740,Wyatt Johnston,C,DAL,81,4,block_hd
8482740,Wyatt Johnston,C,DAL,70,-6,block_hd
8482740,Wyatt Johnston,C,DAL,83,0,block_hd
8482740,Wyatt Johnston,C,DAL,79,4,block_hd
8482740,Wyatt Johnston,C,DAL,70,-4,block_hd
8482740,Wyatt Johnston,C,DAL,66,1,block_non_hd
8482740,Wyatt Johnston,C,DAL,63,0,block_non_hd
8482740,Wyatt Johnston,C,DAL,69,9,block_non_hd
8482740,Wyatt Johnston,C,DAL,69,11,block_non_hd
8482740,Wyatt Johnston,C,DAL,42,5,block_non_hd
8482740,Wyatt Johnston,C,DAL,55,-29,block_non_hd
8482740,Wyatt Johnston,C,DAL,58,3,block_non_hd
8482740,Wyatt Johnston,C,DAL,57,30,block_non_hd
8482740,Wyatt Johnston,C,DAL,73,-33,block_non_hd
8482740,Wyatt Johnston,C,DAL,54,-31,block_non_hd
8482740,Wyatt Johnston,C,DAL,48,-25,block_non_hd
8482740,Wyatt Johnston,C,DAL,78,1,crease_goal
8482740,Wyatt Johnston,C,DAL,80,4,crease_goal
8482740,Wyatt Johnston,C,DAL,82,2,crease_goal
8482740,Wyatt Johnston,C,DAL,81,-1,crease_goal
8482740,Wyatt Johnston,C,DAL,69,22,dz_faceoff_win
8482740,Wyatt Johnston,C,DAL,69,22,dz_faceoff_win
8482740,Wyatt Johnston,C,DAL,69,22,dz_faceoff_win
8482740,Wyatt Johnston,C,DAL,69,22,dz_faceoff_win
8482740,Wyatt Johnston,C,DAL,69,22,dz_faceoff_win
8482740,Wyatt Johnston,C,DAL,69,22,dz_faceoff_win
8482740,Wyatt Johnston,C,DAL,69,22,dz_faceoff_win
8482740,Wyatt Johnston,C,DAL,69,22,dz_faceoff_win
8482740,Wyatt Johnston,C,DAL,69,22,dz_faceoff_win
8482740,Wyatt Johnston,C,DAL,69,22,dz_faceoff_win
8482740,Wyatt Johnston,C,DAL,69,22,dz_faceoff_win
8482740,Wyatt Johnston,C,DAL,69,22,dz_faceoff_win
8482740,Wyatt Johnston,C,DAL,69,22,dz_faceoff_win
8482740,Wyatt Johnston,C,DAL,69,22,dz_faceoff_win
8482740,Wyatt Johnston,C,DAL,69,22,dz_faceoff_win
8482740,Wyatt Johnston,C,DAL,69,22,dz_faceoff_win
8482740,Wyatt Johnston,C,DAL,69,22,dz_faceoff_win
8482740,Wyatt Johnston,C,DAL,69,22,dz_faceoff_win
8482740,Wyatt Johnston,C,DAL,69,22,dz_faceoff_win
8482740,Wyatt Johnston,C,DAL,69,22,dz_faceoff_win
8482740,Wyatt Johnston,C,DAL,69,22,dz_faceoff_win
8482740,Wyatt Johnston,C,DAL,69,22,dz_faceoff_win
8482740,Wyatt Johnston,C,DAL,69,22,dz_faceoff_win
8482740,Wyatt Johnston,C,DAL,69,22,dz_faceoff_win
8482740,Wyatt Johnston,C,DAL,69,22,dz_faceoff_win
8482740,Wyatt Johnston,C,DAL,69,22,dz_faceoff_win
8482740,Wyatt Johnston,C,DAL,69,22,dz_faceoff_win
8482740,Wyatt Johnston,C,DAL,69,22,dz_faceoff_win
8482740,Wyatt Johnston,C,DAL,69,22,dz_faceoff_win
8482740,Wyatt Johnston,C,DAL,69,22,dz_faceoff_win
8482740,Wyatt Johnston,C,DAL,69,22,dz_faceoff_win
8482740,Wyatt Johnston,C,DAL,69,22,dz_faceoff_win
8482740,Wyatt Johnston,C,DAL,69,22,dz_faceoff_win
8482740,Wyatt Johnston,C,DAL,69,22,dz_faceoff_win
8482740,Wyatt Johnston,C,DAL,69,22,dz_faceoff_win
8482740,Wyatt Johnston,C,DAL,69,22,dz_faceoff_win
8482740,Wyatt Johnston,C,DAL,69,22,dz_faceoff_win
8482740,Wyatt Johnston,C,DAL,69,22,dz_faceoff_win
8482740,Wyatt Johnston,C,DAL,69,22,dz_faceoff_win
8482740,Wyatt Johnston,C,DAL,69,22,dz_faceoff_win
8482740,Wyatt Johnston,C,DAL,69,22,dz_faceoff_win
8482740,Wyatt Johnston,C,DAL,69,22,dz_faceoff_win
8482740,Wyatt Johnston,C,DAL,69,22,dz_faceoff_win
8482740,Wyatt Johnston,C,DAL,69,22,dz_faceoff_win
8482740,Wyatt Johnston,C,DAL,69,22,dz_faceoff_win
8482740,Wyatt Johnston,C,DAL,69,22,dz_faceoff_win
8482740,Wyatt Johnston,C,DAL,69,22,dz_faceoff_win
8482740,Wyatt Johnston,C,DAL,69,22,dz_faceoff_win
8482740,Wyatt Johnston,C,DAL,69,22,dz_faceoff_win
8482740,Wyatt Johnston,C,DAL,27,34,hit_taken
8482740,Wyatt Johnston,C,DAL,82,35,hit_taken
8482740,Wyatt Johnston,C,DAL,53,40,hit_taken
8482740,Wyatt Johnston,C,DAL,76,38,hit_taken
8482740,Wyatt Johnston,C,DAL,13,-40,hit_taken
8482740,Wyatt Johnston,C,DAL,16,-37,hit_taken
8482740,Wyatt Johnston,C,DAL,89,33,hit_taken
8482740,Wyatt Johnston,C,DAL,9,-40,hit_taken
8482740,Wyatt Johnston,C,DAL,99,-9,hit_taken
8482740,Wyatt Johnston,C,DAL,73,-39,hit_taken
8482740,Wyatt Johnston,C,DAL,12,39,hit_taken
8482740,Wyatt Johnston,C,DAL,56,41,hit_taken
8482740,Wyatt Johnston,C,DAL,28,-40,hit_taken
8482740,Wyatt Johnston,C,DAL,70,40,hit_taken
8482740,Wyatt Johnston,C,DAL,53,-40,hit_taken
8482740,Wyatt Johnston,C,DAL,61,41,hit_taken
8482740,Wyatt Johnston,C,DAL,98,-3,hit_taken
8482740,Wyatt Johnston,C,DAL,39,-41,hit_taken
8482740,Wyatt Johnston,C,DAL,42,41,hit_taken
8482740,Wyatt Johnston,C,DAL,98,12,hit_taken
8482740,Wyatt Johnston,C,DAL,41,40,hit_taken
8482740,Wyatt Johnston,C,DAL,35,-40,hit_taken
8482740,Wyatt Johnston,C,DAL,33,39,hit_taken
8482740,Wyatt Johnston,C,DAL,88,35,hit_taken
8482740,Wyatt Johnston,C,DAL,43,-40,hit_taken
8482740,Wyatt Johnston,C,DAL,77,-40,hit_taken
8482740,Wyatt Johnston,C,DAL,65,-39,hit_taken
8482740,Wyatt Johnston,C,DAL,30,-41,hit_taken
8482740,Wyatt Johnston,C,DAL,96,16,hit_taken
8482740,Wyatt Johnston,C,DAL,92,-30,hit_taken
8482740,Wyatt Johnston,C,DAL,28,40,hit_taken
8482740,Wyatt Johnston,C,DAL,84,37,hit_taken
8482740,Wyatt Johnston,C,DAL,13,39,hit_taken
8482740,Wyatt Johnston,C,DAL,90,-31,hit_taken
8482740,Wyatt Johnston,C,DAL,76,-42,hit_taken
8482740,Wyatt Johnston,C,DAL,95,23,hit_taken
8482740,Wyatt Johnston,C,DAL,93,-28,hit_thrown
8482740,Wyatt Johnston,C,DAL,31,39,hit_thrown
8482740,Wyatt Johnston,C,DAL,40,-38,hit_thrown
8482740,Wyatt Johnston,C,DAL,80,-39,hit_thrown
8482740,Wyatt Johnston,C,DAL,24,-38,hit_thrown
8482740,Wyatt Johnston,C,DAL,78,-40,hit_thrown
8482740,Wyatt Johnston,C,DAL,98,-13,hit_thrown
8482740,Wyatt Johnston,C,DAL,97,-18,hit_thrown
8482740,Wyatt Johnston,C,DAL,95,-24,hit_thrown
8482740,Wyatt Johnston,C,DAL,7,-35,hit_thrown
8482740,Wyatt Johnston,C,DAL,92,-31,hit_thrown
8482740,Wyatt Johnston,C,DAL,94,-23,hit_thrown
8482740,Wyatt Johnston,C,DAL,78,-40,hit_thrown
8482740,Wyatt Johnston,C,DAL,50,41,hit_thrown
8482740,Wyatt Johnston,C,DAL,71,-39,hit_thrown
8482740,Wyatt Johnston,C,DAL,94,25,hit_thrown
8482740,Wyatt Johnston,C,DAL,98,-7,hit_thrown
8482740,Wyatt Johnston,C,DAL,77,40,hit_thrown
8482740,Wyatt Johnston,C,DAL,98,1,hit_thrown
8482740,Wyatt Johnston,C,DAL,92,-31,hit_thrown
8482740,Wyatt Johnston,C,DAL,55,40,hit_thrown
8482740,Wyatt Johnston,C,DAL,56,39,hit_thrown
8482740,Wyatt Johnston,C,DAL,53,-38,hit_thrown
8482740,Wyatt Johnston,C,DAL,88,-36,hit_thrown
8482740,Wyatt Johnston,C,DAL,88,34,hit_thrown
8482740,Wyatt Johnston,C,DAL,85,-37,hit_thrown
8482740,Wyatt Johnston,C,DAL,80,0,takeaway_hd
8482740,Wyatt Johnston,C,DAL,58,-35,takeaway_other
8482740,Wyatt Johnston,C,DAL,3,1,takeaway_other
8482740,Wyatt Johnston,C,DAL,39,24,takeaway_other
8482740,Wyatt Johnston,C,DAL,52,9,takeaway_other
8482740,Wyatt Johnston,C,DAL,42,20,takeaway_other
8482740,Wyatt Johnston,C,DAL,10,21,takeaway_other
8482740,Wyatt Johnston,C,DAL,85,-31,takeaway_other
8482740,Wyatt Johnston,C,DAL,7,39,takeaway_other
8482740,Wyatt Johnston,C,DAL,9,34,takeaway_other
8482740,Wyatt Johnston,C,DAL,17,11,takeaway_other
8482740,Wyatt Johnston,C,DAL,96,-19,takeaway_other
8482740,Wyatt Johnston,C,DAL,10,3,takeaway_other
8482740,Wyatt Johnston,C,DAL,48,19,takeaway_other
8482740,Wyatt Johnston,C,DAL,51,-30,takeaway_other
8482740,Wyatt Johnston,C,DAL,5,-39,takeaway_other
8482861,Vincent Iorio,D,WSH,84,31,hit_taken
8482929,Emil Lilleberg,D,TBL,83,-9,block_hd
8482929,Emil Lilleberg,D,TBL,65,-18,block_non_hd
8482929,Emil Lilleberg,D,TBL,66,-13,block_non_hd
8482929,Emil Lilleberg,D,TBL,62,24,block_non_hd
8482929,Emil Lilleberg,D,TBL,96,7,hit_taken
8482929,Emil Lilleberg,D,TBL,99,10,hit_taken
8482929,Emil Lilleberg,D,TBL,96,7,hit_taken
8482929,Emil Lilleberg,D,TBL,75,39,hit_taken
8482929,Emil Lilleberg,D,TBL,63,-41,hit_taken
8482929,Emil Lilleberg,D,TBL,54,-41,hit_taken
8482929,Emil Lilleberg,D,TBL,3,40,hit_taken
8482929,Emil Lilleberg,D,TBL,77,-39,hit_taken
8482929,Emil Lilleberg,D,TBL,98,14,hit_taken
8482929,Emil Lilleberg,D,TBL,60,37,hit_taken
8482929,Emil Lilleberg,D,TBL,20,-38,hit_taken
8482929,Emil Lilleberg,D,TBL,7,37,hit_taken
8482929,Emil Lilleberg,D,TBL,42,-25,hit_taken
8482929,Emil Lilleberg,D,TBL,43,-38,hit_taken
8482929,Emil Lilleberg,D,TBL,75,-40,hit_taken
8482929,Emil Lilleberg,D,TBL,71,-40,hit_taken
8482929,Emil Lilleberg,D,TBL,68,-38,hit_taken
8482929,Emil Lilleberg,D,TBL,63,37,hit_taken
8482929,Emil Lilleberg,D,TBL,97,-16,hit_taken
8482929,Emil Lilleberg,D,TBL,94,-25,hit_taken
8482929,Emil Lilleberg,D,TBL,97,-3,hit_taken
8482929,Emil Lilleberg,D,TBL,88,31,hit_thrown
8482929,Emil Lilleberg,D,TBL,58,-34,hit_thrown
8482929,Emil Lilleberg,D,TBL,11,38,hit_thrown
8482929,Emil Lilleberg,D,TBL,21,-39,hit_thrown
8482929,Emil Lilleberg,D,TBL,98,18,hit_thrown
8482929,Emil Lilleberg,D,TBL,4,40,hit_thrown
8482929,Emil Lilleberg,D,TBL,41,-41,hit_thrown
8482929,Emil Lilleberg,D,TBL,15,-39,hit_thrown
8482929,Emil Lilleberg,D,TBL,22,-8,hit_thrown
8482929,Emil Lilleberg,D,TBL,99,-4,hit_thrown
8482929,Emil Lilleberg,D,TBL,22,-40,hit_thrown
8482929,Emil Lilleberg,D,TBL,35,-38,hit_thrown
8482929,Emil Lilleberg,D,TBL,3,-41,hit_thrown
8482929,Emil Lilleberg,D,TBL,97,3,hit_thrown
8482929,Emil Lilleberg,D,TBL,34,35,takeaway_other
8482929,Emil Lilleberg,D,TBL,31,12,takeaway_other
8483491,Ivan Miroshnichenko,L,WSH,97,7,hit_taken
8483491,Ivan Miroshnichenko,L,WSH,66,38,hit_taken
8483491,Ivan Miroshnichenko,L,WSH,90,30,hit_thrown
8483491,Ivan Miroshnichenko,L,WSH,95,-17,hit_thrown
8483491,Ivan Miroshnichenko,L,WSH,17,37,hit_thrown
8483491,Ivan Miroshnichenko,L,WSH,41,-38,takeaway_other
