player_id,name,position,team,games_played,toi_min,weighted_total,raw_grit_per_60,grit_per_game,grit_z_pos,grit_z_vol,grit_z_blend,raw_blocked_shots,raw_blocked_shots_hd,raw_blocked_shots_non_hd,raw_crease_goals,raw_dz_faceoff_wins,raw_fighting_majors,raw_giveaways_dz,raw_giveaways_nz,raw_giveaways_oz,raw_hits_taken,raw_hits_thrown,raw_penalties_drawn,raw_physical_minors_taken,raw_takeaways_high_danger,raw_takeaways_other
8476453,Nikita Kucherov,R,TBL,82,1650.8,777.5,28.25902592682336,9.481707317073171,-0.6977126257756766,-0.18709102518944326,-0.5445261455998065,28,10,18,7,0,0,20,21,57,107,61,38,3,8,49
8475184,Chris Kreider,L,NYR,79,1454.6,950.0,39.18603052385536,12.025316455696203,-0.0832321656562129,0.5123777748585348,0.09545081649821138,24,4,20,27,3,0,13,4,22,64,128,11,4,8,23
8479323,Adam Fox,D,NYR,82,1999.0,870.0,26.11305652826413,10.609756097560975,-1.1735203713455253,-0.6377087685799012,-1.012776890515838,125,71,54,3,0,0,38,9,27,97,25,14,2,12,76
8477426,Nick Paul,L,TBL,80,1292.7,1251.5,58.087723369691346,15.64375,0.9797051483905729,1.507413266301085,1.1380175837637263,46,18,28,3,176,1,16,6,13,122,111,18,3,5,55
8482109,Alexis Lafrenière,L,NYR,81,1232.8,899.5,43.77839065541856,11.104938271604938,0.17501935621499864,0.25928235455934595,0.20029825571830284,28,3,25,7,1,1,8,5,23,127,141,14,1,3,29
8479525,Ross Colton,C,TBL,81,1000.5,1248.0,74.84257871064467,15.407407407407407,1.532554153505131,0.6697627932975074,1.2737167454428437,28,8,20,11,40,2,6,3,11,118,188,17,11,5,33
8482073,Braden Schneider,D,NYR,81,1273.5,1189.5,56.042402826855124,14.685185185185185,1.3704226014630903,0.5755293210204538,1.1319546173302992,130,83,47,0,0,2,43,3,6,182,147,8,1,8,15
8470621,Corey Perry,R,TBL,81,936.5,587.5,37.64014949279231,7.253086419753086,-0.17016483588823497,-0.7999409953913129,-0.35909768373915835,25,9,16,5,0,9,10,6,10,83,48,16,5,8,22
8471817,Ryan Reaves,R,MIN,73,680.4,869.0,76.63139329805998,11.904109589041095,2.0225090319894194,0.47904701649260173,1.559470427340374,24,4,20,4,1,7,10,3,3,55,196,7,2,4,11
8480817,K'Andre Miller,D,NYR,79,1734.2,1060.0,36.673970706954215,13.417721518987342,-0.275860825317341,0.1982107211985728,-0.13363936136256688,105,62,43,2,0,0,55,5,8,93,162,4,4,11,50
8477930,Pierre-Edouard Bellemare,L,TBL,73,823.6,869.0,63.307430791646425,11.904109589041095,1.273235565610598,0.47904701649260173,1.0349790008751991,48,16,32,2,119,2,13,2,6,107,67,9,1,2,28
8481554,Kaapo Kakko,R,NYR,82,1255.2,564.5,26.98374760994264,6.884146341463414,-0.7694279435444722,-0.9013960774368918,-0.809018383712198,27,3,24,11,0,0,4,9,17,90,26,14,1,3,44
8479542,Brandon Hagel,L,TBL,81,1510.4,1154.5,45.86202330508474,14.253086419753087,0.2921925062688186,1.1249937463459423,0.5420328782919557,58,15,43,11,5,0,14,12,22,189,68,30,8,12,80
8475167,Victor Hedman,D,TBL,76,1802.7,997.0,33.18355799633883,13.118421052631579,-0.5725399040645408,0.10911023184871496,-0.3680448632905641,136,78,58,0,0,0,48,12,19,103,95,13,6,6,42
8479324,Ryan Lindgren,D,NYR,63,1186.9,826.5,41.78111045580925,13.119047619047619,0.1582372717688278,0.10929675803412017,0.1435551176484155,92,46,46,0,0,1,11,3,3,120,68,11,10,5,8
8474564,Steven Stamkos,C,TBL,81,1540.7,1157.5,45.076913091451935,14.290123456790123,-0.26917833171130534,0.39471094714738236,-0.07001154805369902,51,23,28,8,177,0,11,5,38,89,92,17,4,5,20
8476624,Barclay Goodrow,C,NYR,82,1162.0,1179.0,60.87779690189329,14.378048780487806,0.6872580544465108,0.4163563154470286,0.6059875327466661,64,16,48,8,118,6,14,7,12,100,122,12,6,3,27
8474034,Patrick Maroon,L,TBL,80,827.6,957.5,69.417593040116,11.96875,1.6168407390598691,0.49682252688902595,1.280835275408616,12,6,6,4,0,12,8,2,9,111,172,9,11,8,18
8480078,Filip Chytil,C,NYR,74,1086.6,741.5,40.944229707344014,10.02027027027027,-0.5193319818772973,-0.656437242257311,-0.5604635599913015,38,12,26,7,73,0,13,0,22,98,36,18,3,1,29
8476885,Jacob Trouba,D,NYR,82,1738.1,1563.0,53.95546861515448,19.0609756097561,1.1930367818864134,1.8781837166813475,1.3985808623248936,196,111,85,0,0,5,37,6,6,82,218,12,5,9,23
8476480,Vladislav Namestnikov,C,WPG,77,972.1,872.5,53.85248431231354,11.331168831168831,0.26201193116532334,-0.3337215448811118,0.08329188835139278,39,8,31,6,14,1,2,5,4,108,108,16,4,3,31
8478550,Artemi Panarin,L,NYR,82,1607.8,308.0,11.493966911307377,3.7560975609756095,-1.6404962666448686,-1.7615803304954385,-1.6768214858000396,11,1,10,5,2,0,31,22,49,44,26,16,4,3,33
8479984,Cal Foote,D,NSH,50,756.1,537.0,42.61341092448089,10.74,0.22898138049138334,-0.5989357069022818,-0.019393745726716205,52,34,18,0,0,3,14,1,1,67,58,4,11,0,8
8479410,Mikhail Sergachev,D,TBL,79,1881.1,1286.5,41.034501089787895,16.28481012658228,0.09477675942838508,1.0517309347035533,0.38186301201093553,149,91,58,0,0,1,28,9,8,133,128,12,9,13,42
8476918,Jimmy Vesey,L,NYR,81,1102.5,687.0,37.38775510204081,8.481481481481481,-0.18435824268909584,-0.4621438052628176,-0.26769391146121235,40,9,31,3,1,2,10,5,14,49,98,10,2,4,52
8478416,Erik Cernak,D,TBL,70,1346.8,1296.0,57.736857736857736,18.514285714285716,1.5144483552512755,1.7154364353218383,1.5747447792724443,100,59,41,0,0,1,23,4,4,123,209,15,10,4,17
8476389,Vincent Trocheck,C,NYR,82,1583.9,1577.0,59.73861986236505,19.23170731707317,0.6183030273764194,1.611225122371666,0.9161796558749933,44,13,31,7,219,2,19,5,40,104,182,21,7,4,51
8478010,Brayden Point,C,TBL,82,1612.9,913.5,33.98226796453593,11.140243902439025,-0.9407434427640757,-0.3807232529913921,-0.7727373858322706,37,12,25,23,71,1,12,8,25,99,37,16,0,5,46
8473986,Alex Killorn,L,TBL,82,1411.1,668.5,28.42463326482886,8.152439024390244,-0.6883996917183028,-0.552627413428748,-0.6476680082314363,31,6,25,8,1,1,17,15,22,115,61,15,4,6,34
8476459,Mika Zibanejad,C,NYR,82,1636.9,1313.5,48.14588551530332,16.01829268292683,-0.08341170438209505,0.820149919797189,0.18765678287169016,48,20,28,14,255,0,24,7,36,71,71,24,0,3,54
8478911,Matt Roy,D,LAK,82,1539.6,1166.5,45.45985970381918,14.225609756097562,0.47092463235579846,0.43871564971729987,0.4612619375642489,153,89,64,2,0,0,44,1,0,191,119,2,7,2,5
8481032,Paul Cotter,C,VGK,55,705.5,903.0,76.79659815733523,16.418181818181818,1.6508320498870932,0.9185942273937435,1.431160703139088,17,2,15,6,2,1,5,3,3,132,168,10,1,2,15
8481481,Blake Lizotte,C,LAK,81,1048.5,1224.0,70.04291845493563,15.11111111111111,1.2420280180795815,0.5968208672466456,1.0484658728297007,39,12,27,6,124,1,12,0,4,178,96,31,3,5,27
8475191,Reilly Smith,R,VGK,78,1323.6,632.0,28.649138712601996,8.102564102564102,-0.6757746205359922,-0.5663425519665436,-0.6429449999651576,32,3,29,11,3,0,15,3,20,92,69,9,0,3,27
8477942,Kevin Fiala,L,LAK,69,1214.1,592.0,29.256239189523107,8.579710144927537,-0.6416343054034664,-0.43513183856257054,-0.5796835653511976,18,3,15,7,5,0,12,4,21,91,53,20,9,0,18
8475188,Brayden McNabb,D,VGK,82,1627.2,1684.5,62.11283185840707,20.54268292682927,1.8863986312328083,2.319281749811566,2.0162635668064355,198,127,71,1,0,2,24,3,3,155,201,11,3,15,23
8477960,Adrian Kempe,R,LAK,82,1538.2,754.5,29.43050318554154,9.201219512195122,-0.6318345639002234,-0.26422255665278294,-0.5215509617259912,32,8,24,8,5,1,22,4,13,63,119,14,7,2,22
8476448,William Karlsson,C,VGK,82,1432.5,1178.0,49.340314136125656,14.365853658536585,-0.011112268013360068,0.4133541325150568,0.11622765214516499,50,12,38,3,234,0,2,9,22,129,50,15,3,4,40
8481560,Arthur Kaliyev,R,LAK,56,654.0,307.0,28.165137614678898,5.482142857142857,-0.7029924380731876,-1.2869339652947953,-0.8781748962396698,10,2,8,0,0,0,6,3,5,80,40,7,0,0,8
8474166,Alec Martinez,D,VGK,77,1480.3,1362.0,55.205026008241575,17.68831168831169,1.2992470117240968,1.4695474435650406,1.35033714127638,244,176,68,2,0,1,20,5,5,145,48,7,3,9,20
8471303,Alexander Edler,D,LAK,64,945.6,843.5,53.52157360406091,13.1796875,1.1561564520123138,0.12734899541537428,0.8475142150332319,104,63,41,0,0,0,24,1,2,104,106,5,3,0,6
8479336,Carl Grundstrom,R,LAK,57,612.9,660.5,64.65981399902105,11.587719298245615,1.349286879412655,0.39204263610680556,1.0621136064209,17,6,11,3,1,0,11,1,3,67,144,5,2,1,13
8471685,Anze Kopitar,C,LAK,82,1664.8,1446.0,52.11436809226334,17.634146341463413,0.15680277855269717,1.2179391582834058,0.47514369247190974,87,39,48,12,306,0,31,3,15,87,68,11,0,6,40
8478434,Keegan Kolesar,R,VGK,74,849.1,1326.0,93.69921092921916,17.91891891891892,2.9823183134899054,2.1330635084936302,2.7275418719910225,31,2,29,6,3,6,9,1,6,124,279,14,7,1,13
8480434,Sean Durzi,D,LAK,72,1424.5,925.0,38.96103896103896,12.847222222222221,-0.08146395626222035,0.02837548126579949,-0.048512125003814396,142,92,50,2,0,2,51,2,8,112,68,9,8,2,19
8480727,Zach Whitecloud,D,VGK,59,1009.6,925.5,55.001980982567346,15.686440677966102,1.2819885336713364,0.8735988678449166,1.1594716339234103,97,67,30,1,0,1,19,1,5,140,90,5,7,6,18
8479998,Mikey Anderson,D,LAK,77,1667.8,1292.5,46.498381100851425,16.785714285714285,0.5591971653985917,1.2008479950257727,0.7516924142867459,129,79,50,0,0,0,25,2,4,165,162,14,8,1,17
8480336,Sean Walker,D,LAK,70,1038.0,812.5,46.96531791907514,11.607142857142858,0.5988859920644035,-0.34079092734880123,0.3169829162404421,104,68,36,0,0,0,28,2,2,116,77,8,5,2,11
8474563,Drew Doughty,D,LAK,81,2124.6,1013.5,28.621858232137814,12.512345679012345,-0.9602765403220527,-0.07131585645608125,-0.6935883351622611,104,67,37,1,0,0,52,4,3,160,115,19,3,7,15
8479353,Brett Howden,C,VGK,54,705.2,819.0,69.68235961429382,15.166666666666666,1.2202031886157494,0.6104974783811822,1.0372914755453793,34,9,25,2,31,1,6,0,1,87,107,15,9,4,20
8478042,Viktor Arvidsson,R,LAK,77,1316.4,739.5,33.70556061987238,9.603896103896103,-0.3914265695631221,-0.15349024793141633,-0.32004567307361037,48,10,38,11,2,0,15,2,18,178,25,24,0,0,19
8476479,Phillip Danault,C,LAK,82,1502.7,1422.0,56.77779996007187,17.341463414634145,0.43908293302055007,1.145886767916091,0.6511240834892122,75,30,45,9,260,1,16,6,10,98,81,23,5,3,24
8476539,Jonathan Marchessault,R,VGK,76,1302.7,600.5,27.657941199048132,7.901315789473684,-0.7315146450586582,-0.6216839619070811,-0.698565440113185,17,0,17,8,2,1,10,1,19,89,76,6,2,2,38
8478020,Michael Amadio,R,VGK,67,818.2,573.5,42.055732094842334,8.559701492537313,0.07814559584162652,-0.4406340314370401,-0.07748829234197348,27,3,24,6,9,0,2,4,7,92,56,7,0,4,32
8480113,Alex Iafallo,L,LAK,59,961.7,463.5,28.9175418529687,7.8559322033898304,-0.660680961178071,-0.6341640249867144,-0.6527258803206639,33,9,24,6,2,0,4,1,4,50,27,12,4,2,26
8478462,Nicolas Roy,C,VGK,65,1059.4,990.5,56.097791202567485,15.238461538461538,0.3979216203759132,0.6281718681550448,0.46699669470965266,41,8,33,6,151,0,7,3,3,74,83,11,0,6,39
8479675,Trevor Moore,L,LAK,59,1002.3,532.5,31.87668362765639,9.025423728813559,-0.49427352690621973,-0.31256475820736684,-0.43976089629656384,23,4,19,4,1,0,9,5,6,87,60,13,1,4,23
8474565,Alex Pietrangelo,D,VGK,73,1750.6,1221.0,41.84850908260026,16.726027397260275,0.16396603915624028,1.1830794595010024,0.4697000652596689,177,112,65,3,1,0,32,4,16,164,65,6,4,16,40
8482124,Quinton Byfield,C,LAK,53,745.4,451.5,36.34290313925409,8.518867924528301,-0.797852867614571,-1.0260509709628032,-0.8663122986190406,16,3,13,0,14,0,10,2,7,89,53,10,3,3,13
8475913,Mark Stone,R,VGK,43,833.2,486.5,35.033605376860294,11.313953488372093,-0.3167439293128532,0.31675959060318004,-0.12669287333804322,23,5,18,10,0,0,5,2,15,45,31,10,2,5,42
8478403,Jack Eichel,C,VGK,67,1257.4,974.0,46.47685700652139,14.537313432835822,-0.18443893896494126,0.4555639283645662,0.007561921233910973,56,13,43,9,121,0,13,4,37,86,59,17,0,4,43
8476905,Chandler Stephenson,C,VGK,81,1540.4,1269.0,49.42871981303558,15.666666666666666,-0.005761022655572753,0.7335869785920117,0.2160433777187026,56,10,46,5,204,0,6,0,24,125,74,16,3,4,60
8477447,Shea Theodore,D,VGK,55,1178.8,521.0,26.51849338310146,9.472727272727273,-1.1390589358202996,-0.9761974650096448,-1.090200494577103,86,50,36,1,0,0,13,5,6,63,16,7,0,4,24
8474590,John Carlson,D,WSH,40,935.6,515.5,33.05899957246687,12.8875,-0.5831271559193568,0.04036600621760176,-0.39607920727826923,87,49,38,0,0,0,20,1,12,38,42,5,0,3,18
8476854,Hampus Lindholm,D,BOS,80,1855.0,903.5,29.223719676549866,11.29375,-0.9091193524288923,-0.43408666213388364,-0.7666095453403896,100,70,30,0,0,0,43,10,12,139,78,16,11,2,29
8477839,Conor Sheary,L,WSH,82,1292.8,646.5,30.00464108910891,7.884146341463414,-0.5995479001559865,-0.6264054000458553,-0.6076051501229471,39,8,31,4,7,0,12,5,17,96,57,14,2,4,44
8475762,Derek Forbort,D,BOS,54,957.5,826.5,51.791122715404704,15.305555555555555,1.0090711019325285,0.760210969703385,0.9344130622637854,88,56,32,1,0,1,16,4,4,98,106,4,3,5,9
8475343,Nic Dowd,C,WSH,65,867.8,1453.0,100.46093569946993,22.353846153846153,3.083247714171751,2.3798301403860807,2.87222244203605,61,21,40,4,258,0,17,6,11,85,136,20,7,3,25
8471276,David Krejci,C,BOS,70,1203.6,682.0,33.99800598205384,9.742857142857142,-0.9397908117099715,-0.7247305286677213,-0.8752727267972964,38,14,24,4,102,0,8,7,21,70,41,12,2,1,16
8478401,Pavel Zacha,C,BOS,82,1316.6,544.0,24.791128664742523,6.634146341463414,-1.4970882752448065,-1.4900298463548438,-1.4949707465778177,21,7,14,3,35,0,15,11,9,63,67,9,3,3,28
8477365,Connor Clifton,D,BOS,78,1392.8,1520.0,65.47960941987364,19.487179487179485,2.172568934889117,2.0050628174846574,2.1223170996677787,120,77,43,2,0,4,29,9,9,198,208,16,14,6,14
8478443,Brandon Carlo,D,BOS,75,1412.3,1131.0,48.049281314168375,15.08,0.6910210168062911,0.6930640299732924,0.6916339207563915,116,78,38,1,0,2,20,1,0,158,128,6,4,5,23
8480796,Martin Fehérváry,D,WSH,67,1340.0,1402.0,62.776119402985074,20.925373134328357,1.9427769320198232,2.4332070141879902,2.089905956670273,128,50,78,0,0,1,23,2,8,153,217,16,5,2,11
8475225,Craig Smith,C,WSH,64,704.0,421.5,35.92329545454545,6.5859375,-0.8232519568289083,-1.5018978507577934,-1.0268457250075738,21,3,18,3,0,0,6,7,8,80,48,6,1,3,19
8475745,Charlie Coyle,C,BOS,82,1392.9,1228.0,52.89683394357096,14.975609756097562,0.20416587672458705,0.5634632791136298,0.3119550974412999,63,20,43,5,216,0,13,9,20,68,68,24,3,7,52
8475149,Marcus Johansson,L,MIN,80,1319.2,485.0,22.058823529411764,6.0625,-1.0463812099391836,-1.127341161451783,-1.0706691953929632,23,5,18,6,2,0,15,2,14,105,26,15,0,5,26
8471698,T.J. Oshie,R,WSH,58,970.0,849.0,52.51546391752577,14.637931034482758,0.6663489562460417,1.230822427640747,0.8356909976644532,34,7,27,5,1,3,9,4,13,57,125,22,5,6,38
8477511,Anthony Mantha,R,WSH,67,952.6,540.5,34.04366995591014,8.067164179104477,-0.3724129800167608,-0.5760772008982968,-0.43351224628122165,24,5,19,6,2,3,7,5,21,43,68,12,5,4,19
8477903,Garnet Hathaway,R,BOS,84,990.8,1625.5,98.4356075898264,19.351190476190474,3.2486697342725748,2.52692483423565,3.032146264261497,83,21,62,7,2,3,5,1,7,157,268,30,10,1,11
8474189,Lars Eller,C,COL,84,1242.5,1285.0,62.05231388329979,15.297619047619047,0.7583522280797033,0.6427352046268757,0.7236671210438549,42,15,27,4,255,0,15,3,18,118,93,15,1,8,32
8475744,Evgeny Kuznetsov,C,WSH,81,1462.8,773.0,31.706316652994257,9.54320987654321,-1.0785080560348606,-0.7738794931258016,-0.9871194871621428,29,6,23,9,136,0,25,5,33,34,43,15,5,8,35
8475200,Dmitry Orlov,D,BOS,66,1488.0,877.5,35.38306451612903,13.295454545454545,-0.38558563186480194,0.16181235768867722,-0.22136623499875818,85,43,42,2,0,0,25,4,20,63,137,7,3,5,25
8476979,Erik Gustafsson,D,TOR,70,1384.1,589.0,25.53283722274402,8.414285714285715,-1.2228380146458493,-1.2912910629369871,-1.2433739291331904,63,31,32,1,0,1,29,10,7,116,52,9,1,4,22
8478440,Dylan Strome,C,WSH,81,1351.7,674.0,29.91788118665384,8.320987654320987,-1.186763060933559,-1.0747649380856075,-1.1531636240791736,43,24,19,10,104,0,15,3,24,45,20,6,0,3,42
8475324,Nick Jensen,D,WSH,77,1587.5,1110.5,41.971653543307085,14.422077922077921,0.17443310657328517,0.49720339597330243,0.27126419339329033,128,73,55,2,0,0,49,3,7,169,107,17,1,10,26
8471214,Alex Ovechkin,L,WSH,73,1474.9,873.5,35.53461251610278,11.965753424657533,-0.28856977648706583,0.4959984966057478,-0.05319929455922173,23,4,19,8,0,0,11,6,35,34,188,10,4,2,29
8477931,Tomas Nosek,L,BOS,66,828.5,893.0,64.67109233554616,13.530303030303031,1.3499211170352157,0.9262350524740821,1.2228152976668756,31,10,21,3,186,2,12,2,8,82,69,6,2,0,20
8481656,Aliaksei Protas,C,WSH,58,668.0,332.5,29.865269461077844,5.732758620689655,-1.1899476782804814,-1.7119325744472855,-1.3465431471305225,15,2,13,4,12,0,9,4,8,52,39,2,1,3,14
8475791,Taylor Hall,L,BOS,61,971.7,587.5,36.2766285890707,9.631147540983607,-0.24684247840784587,-0.1459963567868445,-0.21658864192154545,33,11,22,5,1,0,10,8,23,122,35,20,3,0,24
8478498,Jake DeBrusk,L,BOS,64,1073.7,708.5,39.592064822576134,11.0703125,-0.060398813616625066,0.24976059017051666,0.03264900751951745,22,3,19,13,1,0,7,2,9,91,85,12,1,6,22
8470638,Patrice Bergeron,C,BOS,78,1356.5,1399.5,61.90195355694803,17.942307692307693,0.7492508329373407,1.2938020116028388,0.9126161865369902,54,24,30,4,362,0,7,2,12,69,66,13,3,3,35
8477956,David Pastrnak,R,BOS,82,1604.3,890.0,33.28554509755033,10.853658536585366,-0.4150461561682079,0.19018277001167355,-0.23347747831424343,33,10,23,9,1,0,19,20,70,130,91,29,5,5,47
8477845,Trevor van Riemsdyk,D,WSH,75,1429.9,816.5,34.261137142457514,10.886666666666667,-0.480947529507974,-0.5552736574226157,-0.5032453678823665,160,78,82,1,0,1,33,2,5,92,21,9,2,6,24
8473422,Nick Foligno,L,BOS,60,742.0,848.0,68.57142857142857,14.133333333333333,1.5692566525484546,1.0920627639917067,1.42609848598143,29,4,25,4,15,3,4,4,10,57,147,15,7,2,19
8476958,Jaccob Slavin,D,CAR,76,1671.4,808.5,29.02357305253081,10.638157894736842,-0.9261314713246737,-0.6292536730780547,-0.837068131850688,103,38,65,2,0,0,28,6,6,122,36,7,0,10,78
8471669,Paul Stastny,C,CAR,73,866.5,423.0,29.290248124639355,5.794520547945205,-1.2247540432651691,-1.696728084931399,-1.366346255765038,18,4,14,5,61,0,2,1,5,34,21,7,1,1,19
8480871,Adam Boqvist,D,CBJ,46,857.1,333.5,23.34616730836542,7.25,-1.408701197457742,-1.637894020657064,-1.4774590444175386,47,25,22,1,0,0,18,2,4,46,23,8,0,1,10
8478458,Jack Roslovic,C,CBJ,77,1266.4,742.5,35.17845862286797,9.642857142857142,-0.8683373492736078,-0.749348428709887,-0.8326406731044915,53,17,36,1,122,0,13,8,24,53,42,16,0,1,30
8479369,Andrew Peeke,D,CBJ,80,1699.8,1507.0,53.19449346981998,18.8375,1.1283552030058601,1.811655968063147,1.333345432523046,197,112,85,0,0,0,25,2,4,112,180,14,5,6,18
8482093,Seth Jarvis,C,CAR,82,1328.7,896.5,40.48317904718898,10.932926829268293,-0.5472396377100021,-0.4317603628349067,-0.5125958552474734,48,12,36,11,3,0,6,7,17,179,73,14,1,4,33
8476374,Sean Kuraly,C,CBJ,71,1070.2,1662.0,93.17884507568678,23.408450704225352,2.6424586720244734,2.639451634438565,2.641556560748701,46,14,32,2,323,0,9,2,6,67,187,17,8,7,23
8476921,Jordan Martinook,L,CAR,82,1281.9,788.5,36.906154926281296,9.615853658536585,-0.2114410442900675,-0.15020203188088993,-0.1930693405673142,31,6,25,6,5,1,5,5,10,119,81,18,3,6,39
8480762,Eric Robinson,L,CBJ,72,1004.2,704.5,42.09320852419836,9.784722222222221,0.08025308406951474,-0.10376475116292533,0.025047733499782718,32,3,29,5,0,0,8,5,4,64,124,10,0,0,30
8474613,Derek Stepan,C,CAR,73,662.9,510.5,46.20606426308644,6.993150684931507,-0.20083017606507994,-1.4016505159328347,-0.5610762780254064,21,5,16,3,91,0,5,4,1,52,29,5,1,2,22
8479671,Mathieu Olivier,R,CBJ,66,767.6,1000.5,78.20479416362689,15.159090909090908,2.1109892810128823,1.3741365345882697,1.8899334570854984,58,13,45,2,0,9,3,4,1,62,178,8,12,3,14
8476869,Brady Skjei,D,CAR,81,1766.5,643.5,21.85677894140957,7.944444444444445,-1.5352966476924372,-1.4311608318328872,-1.5040559029345721,62,34,28,2,0,0,31,9,14,74,71,7,5,7,40
8477488,Brett Pesce,D,CAR,82,1804.8,882.5,29.33843085106383,10.762195121951219,-0.8993690998374697,-0.5923283124965454,-0.8072568636351923,110,61,49,1,0,1,19,1,6,114,37,15,5,10,50
8478427,Sebastian Aho,C,CAR,75,1462.2,1050.5,43.106278210915065,14.006666666666666,-0.3884619696513389,0.3249298378920576,-0.17444442738831992,21,6,15,13,120,0,12,8,43,91,59,31,6,7,56
8476882,Teuvo Teravainen,L,CAR,68,1149.8,274.5,14.3242303009219,4.036764705882353,-1.4813363125635832,-1.684399482196125,-1.5422552634533457,18,3,15,6,5,0,14,7,28,43,15,1,0,4,32
8480829,Jesperi Kotkaniemi,C,CAR,82,1208.3,964.5,47.893734999586194,11.762195121951219,-0.0986745169509055,-0.22761192346084821,-0.1373557389038883,21,7,14,7,87,0,10,13,25,128,105,16,6,6,23
8480830,Andrei Svechnikov,R,CAR,64,1155.1,899.0,46.69725564886157,14.046875,0.33916182437911296,1.0682875283422735,0.5578995355680612,17,4,13,6,1,1,8,11,30,89,140,24,10,3,32
8476346,Johnny Gaudreau,L,CBJ,80,1553.5,409.0,15.796588348889603,5.1125,-1.3985382096853676,-1.3885823049732675,-1.3955514382717373,18,3,15,8,0,0,7,9,34,30,5,23,2,5,44
8476432,Boone Jenner,C,CBJ,68,1374.1,1549.0,67.6369987628266,22.779411764705884,1.0963963456166714,2.4845954570813618,1.5128560790560786,70,16,54,12,267,1,6,0,19,70,129,22,1,4,24
8475177,Calvin de Haan,D,CAR,53,717.2,551.0,46.09592861126603,10.39622641509434,0.524989395788258,-0.7012756564974169,0.15710988010255553,49,24,25,0,0,0,16,1,0,70,84,3,3,1,14
8482705,Cole Sillinger,C,CBJ,64,851.8,754.5,53.14627846912421,11.7890625,0.2192648941864678,-0.22099773918884852,0.08718610417387289,36,16,20,2,69,0,4,4,7,70,105,4,2,1,16
8474679,Gustav Nyquist,C,MIN,51,898.6,398.0,26.574671711551304,7.803921568627451,-1.3891294112526889,-1.2020557502135822,-1.3330073129409568,30,7,23,3,4,0,3,4,12,35,41,5,1,4,27
8473533,Jordan Staal,C,CAR,81,1317.7,1550.5,70.60028838127039,19.141975308641975,1.2757659332805271,1.5891349862302466,1.3697766491654428,39,12,27,5,326,0,11,7,12,95,155,13,2,1,32
8478970,Jalen Chatfield,D,CAR,78,1101.7,764.5,41.63565398928928,9.801282051282051,0.1458737222224596,-0.878388090023012,-0.16140482145118187,63,36,27,1,0,1,16,2,3,151,78,4,5,2,26
8480039,Martin Necas,C,CAR,82,1509.8,791.5,31.454497284408532,9.652439024390244,-1.0937508240815137,-0.7469895706919094,-0.9897224480646324,21,6,15,8,53,0,21,8,36,110,57,28,3,3,42
8475790,Erik Gudbranson,D,CBJ,70,1490.9,1100.5,44.28868468710175,15.721428571428572,0.3713767697335007,0.8840146164963777,0.5251681237623638,137,70,67,1,0,3,29,3,2,115,119,9,11,7,6
8475855,Jesper Fast,R,CAR,80,1178.5,792.0,40.32244378447179,9.9,-0.01932592885833354,-0.07206443696368055,-0.03514748128993764,40,7,33,4,1,0,9,7,11,133,104,16,1,2,22
8470613,Brent Burns,D,CAR,82,1903.7,636.5,20.06093397068866,7.762195121951219,-1.6879403823046506,-1.4854156882169884,-1.6271829740783519,86,41,45,4,0,0,26,13,13,47,40,8,3,14,41
8479339,Patrik Laine,L,CBJ,55,1051.7,292.5,16.68726823238566,5.318181818181818,-1.348450797369419,-1.3320217224644293,-1.3435220748979222,27,3,24,0,5,0,14,7,19,40,27,8,2,0,24
8478882,Vladislav Gavrikov,D,LAK,72,1581.9,860.0,32.61900246538972,11.944444444444445,-0.6205261534596982,-0.24037766420562984,-0.5064816066834776,115,68,47,3,0,0,17,0,2,54,74,10,7,6,21
8481540,Cole Caufield,R,MTL,46,830.3,293.0,21.17306997470794,6.369565217391305,-1.096191589994729,-1.042901089318122,-1.080204439791747,12,1,11,8,0,0,13,2,8,40,18,10,0,3,16
8478047,Michael Bunting,L,TOR,82,1295.3,948.0,43.91260711804215,11.560975609756097,0.1825670233708222,0.3846883710931383,0.24320342768751702,18,2,16,9,0,1,14,11,13,96,85,42,20,8,41
8476981,Josh Anderson,R,MTL,69,1170.2,898.5,46.06904802597846,13.021739130434783,0.3038345482045775,0.7863847211526853,0.44859960008900984,49,8,41,6,1,2,14,1,10,67,139,16,8,1,29
8482964,Arber Xhekaj,D,MTL,51,778.8,801.5,61.748844375963024,15.715686274509803,1.8554603210901166,0.8823051588677808,1.5635137724234158,46,27,19,0,0,9,35,3,0,70,159,7,8,3,11
8477021,Alexander Kerfoot,C,TOR,82,1198.8,826.5,41.366366366366364,10.079268292682928,-0.49377981242502467,-0.6419131680729083,-0.5382198191193898,46,11,35,4,18,0,18,8,12,186,54,18,3,8,37
8480887,Jordan Harris,D,MTL,65,1212.4,795.5,39.36819531507753,12.238461538461538,-0.04685636626151397,-0.15285001256807107,-0.0786544601534811,98,53,45,1,0,0,24,1,4,160,53,10,1,3,15
8477989,Christian Dvorak,C,MTL,64,1079.1,794.0,44.147901028634976,12.40625,-0.32541195450843746,-0.06905913736610579,-0.24850610936573794,66,21,45,4,212,0,25,3,6,41,13,6,0,3,17
8475166,John Tavares,C,TOR,80,1412.5,1286.5,54.64778761061947,16.08125,0.31015208722599014,0.8356486891834916,0.46780106781324055,36,13,23,19,176,0,17,6,31,118,112,8,2,10,36
8478843,Denis Malgin,C,COL,65,709.8,515.5,43.57565511411666,7.930769230769231,-0.3600503216429268,-1.1708285195416943,-0.6032837810125571,18,4,14,5,2,0,7,4,13,76,68,8,1,1,28
8470966,Mark Giordano,D,TOR,78,1478.1,978.0,39.699614369799065,12.538461538461538,-0.018686316474846306,-0.06354127499602655,-0.03214280403120037,147,89,58,0,0,1,42,4,2,172,60,7,6,4,16
8480144,David Kampf,C,TOR,82,1255.2,1366.0,65.2963671128107,16.658536585365855,0.9547165950707888,0.9777645237256903,0.9616309736672592,29,10,19,2,343,0,18,3,9,136,74,10,1,8,49
8479944,Zachary Aston-Reese,C,TOR,77,841.4,940.5,67.06679343950559,12.214285714285714,1.061881496615332,-0.1163167133399066,0.7084220336287603,43,6,37,2,1,1,3,2,7,130,163,8,4,3,15
8475227,Chris Wideman,D,MTL,46,621.5,383.5,37.02333065164923,8.33695652173913,-0.2461658307317247,-1.314311638149657,-0.5666095729571043,51,33,18,0,0,1,33,1,3,68,25,6,9,3,4
8474149,Evgenii Dadonov,R,DAL,73,1074.8,408.0,22.77633048008932,5.589041095890411,-1.0060321831518229,-1.2575379462096965,-1.0814839120691848,43,4,39,3,0,0,19,4,9,59,33,9,3,2,19
8477979,Nicolas Aube-Kubel,R,WSH,53,601.6,623.5,62.184175531914896,11.764150943396226,1.2100692694218955,0.4405596937199871,0.9792163967113229,9,0,9,2,2,1,9,2,7,84,117,11,5,1,13
8478133,Jake Evans,C,MTL,54,782.5,735.5,56.39616613418531,13.62037037037037,0.4159824228436875,0.22983180180324647,0.36013723653155516,41,9,32,1,175,2,19,3,7,57,27,12,3,1,18
8474673,TJ Brodie,D,TOR,58,1230.6,774.0,37.73768893222819,13.344827586206897,-0.1854466051991565,0.17651050415429603,-0.07685947239312074,111,62,49,0,0,0,26,9,8,108,47,15,2,6,20
8482087,Kaiden Guhle,D,MTL,44,902.7,652.0,43.33665669657693,14.818181818181818,0.29045602752114114,0.6151218590013265,0.38785577696519674,77,49,28,0,0,1,45,3,3,76,84,9,3,5,18
8481523,Kirby Dach,C,MTL,58,1072.8,752.0,42.05816554809844,12.96551724137931,-0.4519048187689403,0.06862071308523139,-0.29574715921268874,38,11,27,10,29,1,16,3,12,117,53,17,4,4,23
8480018,Nick Suzuki,C,MTL,82,1729.8,1200.0,41.62330905306972,14.634146341463415,-0.4782269270504836,0.47940215701842903,-0.19093820182980978,56,17,39,16,208,1,26,4,22,75,50,25,3,4,38
8477939,William Nylander,R,TOR,82,1520.5,687.0,27.109503452811577,8.378048780487806,-0.762356059616666,-0.4905868337734529,-0.680825291863702,26,7,19,19,1,0,16,5,16,98,18,17,2,8,62
8475233,David Savard,D,MTL,62,1388.0,898.5,38.84005763688761,14.491935483870968,-0.09174716079149539,0.5179996981519627,0.09117689689154201,176,122,54,1,0,0,57,1,3,75,61,7,2,5,10
8478483,Mitch Marner,R,TOR,80,1702.1,811.5,28.60583984489748,10.14375,-0.6782095337744244,-0.005035459349615319,-0.47625731144698163,45,8,37,9,0,0,34,10,50,117,53,21,1,10,94
8475714,Calle Jarnkrok,C,TOR,73,1049.9,591.0,33.774645204305166,8.095890410958905,-0.953310965243293,-1.1301791524541558,-1.0063714214065518,19,5,14,7,13,0,4,3,5,116,50,11,3,3,18
8474884,Mike Hoffman,L,MTL,67,1050.1,277.5,15.855632796876492,4.141791044776119,-1.3952178432258955,-1.6555182181198278,-1.4733079556940751,24,3,21,3,7,0,18,4,19,32,24,4,4,5,14
8479318,Auston Matthews,C,TOR,74,1500.6,1304.0,52.139144342263094,17.62162162162162,0.1583024989035707,1.214855835272192,0.4752684998141571,92,37,55,11,123,0,21,4,30,99,78,28,0,14,54
8475718,Justin Holl,D,TOR,80,1619.3,1337.0,49.53992465880319,16.7125,0.8177231379858033,1.1790524102611664,0.9261219196684123,139,86,53,0,0,1,48,4,4,242,151,11,3,5,23
8476853,Morgan Rielly,D,TOR,65,1410.8,673.5,28.643322937340518,10.361538461538462,-0.9584520772877098,-0.7116021143008607,-0.884397088391655,85,54,31,0,0,1,41,8,16,104,70,7,4,6,14
8480873,Rasmus Sandin,D,WSH,71,1372.2,1012.0,44.250109313511146,14.253521126760564,0.36809792930744356,0.4470247473100269,0.39177597470821857,87,52,35,1,0,3,33,6,9,162,136,9,3,2,23
8480192,Johnathan Kovacevic,D,MTL,77,1341.3,693.0,30.99977633639007,9.0,-0.7581575902161595,-1.1169263848201387,-0.8657882285973532,86,53,33,0,0,1,82,8,0,102,93,12,3,6,30
8477495,Seth Jones,D,CHI,72,1760.5,986.5,33.62113036069299,13.70138888888889,-0.5353470054863843,0.2826573035195371,-0.2899457127846078,125,74,51,3,0,0,39,10,17,96,106,7,2,11,35
8477476,Artturi Lehkonen,L,COL,64,1309.0,816.0,37.4025974025974,12.75,-0.18352358543291417,0.7116589936007731,0.085031188277192,43,12,31,8,1,0,1,3,8,135,93,9,2,4,22
8475797,Jarred Tinordi,D,CHI,44,724.1,851.0,70.51512222068776,19.34090909090909,2.600578864552097,1.9615187360344184,2.4088608259967934,68,47,21,1,0,4,16,3,1,65,139,9,6,1,10
8478542,Evan Rodrigues,C,COL,69,1232.1,665.5,32.408083759435115,9.644927536231885,-1.0360296982884927,-0.7488387413384133,-0.9498724112034689,27,8,19,8,40,0,10,3,19,108,34,18,4,2,27
8476473,Connor Murphy,D,CHI,80,1551.2,1403.0,54.26766374419804,17.5375,1.21957283104539,1.4246514385842892,1.2810964133070597,160,94,66,1,0,5,32,2,3,122,165,21,6,4,22
8481618,Alex Newhook,C,COL,82,1144.2,727.5,38.14892501310959,8.871951219512194,-0.6885333475753895,-0.9391292783380825,-0.7637121268041973,26,9,17,4,73,0,7,2,11,125,60,7,2,4,22
8473446,Erik Johnson,D,COL,63,1087.0,876.0,48.35326586936523,13.904761904761905,0.7168591813061218,0.34320059453233165,0.6047616052739847,102,48,54,0,0,0,7,5,5,93,121,1,1,1,15
8478043,Sam Lafferty,C,TOR,70,1022.6,1021.5,59.93545863485234,14.592857142857143,0.6302177890107704,0.4692376233773257,0.5819237393207369,33,9,24,5,131,3,15,6,13,83,125,12,3,1,26
8479398,Samuel Girard,D,COL,76,1633.6,873.0,32.064152791381,11.486842105263158,-0.6676874217038392,-0.37660395494661375,-0.5803623816766715,116,58,58,1,0,0,18,4,14,101,67,10,0,11,31
8477501,Valeri Nichushkin,R,COL,53,1074.4,595.5,33.255770662695454,11.235849056603774,-0.41672052248396774,0.29528160000396814,-0.20311988573758694,37,9,28,11,0,0,6,2,18,62,54,11,0,4,27
8477456,J.T. Compher,L,COL,82,1684.3,1454.0,51.795998337588316,17.73170731707317,0.6258897858783302,2.0815820632866067,1.062597469100813,82,24,58,10,340,1,5,3,20,97,37,15,3,4,24
8477492,Nathan MacKinnon,C,COL,71,1584.5,1085.0,41.08551593562638,15.28169014084507,-0.5107798469958953,0.6388138422794482,-0.16590174021329224,40,11,29,6,172,0,7,3,37,73,53,33,6,2,41
8473604,Jonathan Toews,C,CHI,53,938.7,738.0,47.171620325982744,13.924528301886792,-0.14238452438456708,0.30470909735427854,-0.008256437862913399,23,4,19,8,203,1,14,8,20,31,9,10,2,6,31
8478420,Mikko Rantanen,R,COL,82,1822.4,1115.0,36.70983318700614,13.597560975609756,-0.2224812037052121,0.9447303604139077,0.12768226553052386,41,13,28,22,12,0,11,6,28,130,77,30,9,6,55
8480069,Cale Makar,D,COL,60,1582.8,724.0,27.44503411675512,12.066666666666666,-1.0603045666174502,-0.2039926229725749,-0.8034109835239875,78,40,38,1,0,0,27,3,18,44,65,21,4,9,41
8480025,MacKenzie Entwistle,R,CHI,66,786.5,702.5,53.59186268277177,10.643939393939394,0.7268802759381777,0.13251196091359055,0.5485697814308015,28,6,22,1,27,0,8,5,8,77,126,9,0,2,13
8471677,Jack Johnson,D,COL,83,1588.9,974.0,36.78016237648688,11.734939759036145,-0.26683471600030756,-0.30274632743644164,-0.2776081994311478,127,61,66,0,0,0,32,4,4,93,117,10,6,5,11
8481524,Bowen Byram,D,COL,42,918.9,711.5,46.45772118837741,16.94047619047619,0.555741142751744,1.246919962820875,0.7630947887724833,54,30,24,4,0,2,17,0,3,116,82,7,5,2,11
8477503,Max Domi,C,DAL,80,1421.7,781.5,32.98164169656045,9.76875,-1.0013119136874953,-0.7183562509782314,-0.9164252148747161,24,4,20,5,155,2,13,10,28,36,22,16,6,10,55
8474870,Tyler Johnson,C,CHI,56,927.7,434.0,28.069418993209013,7.75,-1.2986515173931563,-1.2153301080794559,-1.2736550945990461,25,5,20,7,7,0,12,1,9,34,49,5,1,3,30
8480798,Philipp Kurashev,C,CHI,70,1219.4,556.5,27.382319173363946,7.95,-1.3402420560304977,-1.166094307995124,-1.2879977316198854,34,11,23,2,19,0,7,5,11,67,38,18,1,5,37
8476960,Andreas Athanasiou,C,CHI,81,1296.3,684.5,31.682480907197412,8.450617283950617,-1.079950847137232,-1.0428528454383552,-1.068821446627569,44,8,36,11,15,0,8,14,27,68,43,15,1,7,51
8481186,Logan O'Connor,R,COL,82,1164.8,942.5,48.54910714285714,11.49390243902439,0.4433007535795635,0.36624387443886164,0.42018368983735294,50,10,40,3,1,1,5,4,11,144,116,14,6,5,37
8476278,Colin Blackwell,C,CHI,53,625.5,414.5,39.76019184652278,7.820754716981132,-0.5910024596976302,-1.1979117825779233,-0.773075256561718,17,2,15,1,7,0,8,4,3,46,49,17,2,2,18
8476915,Jujhar Khaira,L,CHI,51,707.8,756.0,64.08589997174343,14.823529411764707,1.3170128053588783,1.281860251132187,1.3064670390908708,40,7,33,4,72,3,7,8,5,35,108,2,5,2,21
8478038,Devon Toews,D,COL,80,2008.5,1002.0,29.932785660941,12.525,-0.8488499629723518,-0.06754871834861813,-0.6144595895852317,138,74,64,3,0,0,25,6,8,58,93,14,3,4,41
8471699,Andrew Cogliano,C,COL,79,996.8,720.0,43.338683788122,9.113924050632912,-0.3743943293184713,-0.8795606486435853,-0.5259442251160055,54,7,47,5,16,0,5,1,3,90,55,23,1,2,22
8479390,Taylor Raddysh,R,CHI,78,1292.3,637.5,29.598390466609924,8.173076923076923,-0.6223934171703018,-0.5469521836889704,-0.5997610471259023,38,10,28,8,1,0,9,6,14,62,82,9,1,2,31
8474141,Patrick Kane,R,NYR,73,1409.5,229.5,9.769421780773325,3.143835616438356,-1.7374761183413874,-1.9299466573644912,-1.7952172800483184,19,5,14,3,0,0,22,9,30,31,13,8,1,6,25
8474683,Derek Grant,C,ANA,46,682.9,627.0,55.08859276614439,13.630434782608695,0.3368342712739097,0.23230944874790885,0.3054768245161094,26,8,18,2,155,0,8,3,3,26,36,5,4,2,16
8476470,Nathan Beaulieu,D,ANA,52,792.1,515.5,39.04809998737533,9.913461538461538,-0.0740639187223311,-0.8449927287514142,-0.305342561731056,80,55,25,0,0,5,13,2,1,32,49,2,2,1,9
8476826,Yanni Gourde,C,SEA,81,1387.9,1374.0,59.39909215361337,16.962962962962962,0.5977512241573923,1.0527079050645327,0.7342382284295345,54,14,40,6,156,4,8,3,16,103,118,27,6,11,54
8479368,Max Jones,L,ANA,69,877.2,785.5,53.72777017783858,11.384057971014492,0.734523038358633,0.3360376697731617,0.6149774277829915,18,5,13,6,1,3,4,3,11,67,110,25,10,1,21
8476467,Jamie Oleksiak,D,SEA,75,1443.8,1086.5,45.151683058595374,14.486666666666666,0.44473014741184447,0.5164311934419158,0.4662404612208658,115,72,43,4,0,5,29,2,7,101,126,5,6,9,33
8480806,Isac Lundeström,C,ANA,61,874.4,639.0,43.84720951509607,10.475409836065573,-0.34361298098313586,-0.5443914388974753,-0.4038465183574377,43,12,31,3,132,0,4,1,8,38,20,8,1,2,21
8475164,Jakob Silfverberg,R,ANA,81,1229.5,409.5,19.983733224888166,5.055555555555555,-1.163073980935129,-1.4042414963247016,-1.2354242355520006,51,12,39,1,8,0,11,5,3,61,10,12,1,3,25
8475764,Cam Fowler,D,ANA,82,1982.2,565.5,17.11734436484714,6.896341463414634,-1.938140437391238,-1.7431766787704495,-1.8796513098050016,104,59,45,2,0,0,34,3,11,72,18,4,0,8,26
8478407,Vince Dunn,D,SEA,81,1917.2,936.5,29.308366367619445,11.561728395061728,-0.9019245292353066,-0.3543106216020652,-0.7376403569453341,80,51,29,0,0,1,43,6,5,100,115,21,6,10,40
8480031,Maxime Comtois,L,ANA,64,883.9,594.5,40.35524380586039,9.2890625,-0.017481418585109033,-0.24006655393226695,-0.08425695918925641,27,4,23,3,6,4,17,3,16,80,81,16,5,0,11
8475768,Jaden Schwartz,C,SEA,71,1237.0,630.5,30.582053354890867,8.880281690140846,-1.146560345946474,-0.9370784914056791,-1.0837157895842353,25,6,19,11,7,0,6,3,22,88,55,8,1,7,37
8475179,Dmitry Kulikov,D,PIT,67,1304.8,798.0,36.69527896995709,11.91044776119403,-0.2740496596009864,-0.2504983337480671,-0.2669842618451106,108,61,47,1,0,0,42,0,3,76,96,7,4,5,14
8477987,Ryan Donato,C,SEA,71,799.0,675.0,50.6883604505632,9.507042253521126,0.07048573377069306,-0.7827832024090058,-0.18549494708321657,12,5,7,8,13,2,3,6,6,85,69,16,7,3,33
8474031,Kevin Shattenkirk,D,ANA,75,1447.8,834.0,34.562784915043515,11.12,-0.4553079875120415,-0.4858113059776926,-0.46445898305173683,115,70,45,0,0,0,28,4,1,73,79,4,9,10,21
8479293,Brandon Tanev,L,SEA,82,1166.0,1239.5,63.78216123499142,15.115853658536585,1.2999320475850438,1.3622466937698103,1.3186264414404736,68,13,55,8,1,2,14,3,7,105,190,25,6,6,27
8475906,John Klingberg,D,MIN,67,1381.8,698.5,30.3300043421624,10.425373134328359,-0.8150870580735883,-0.6925988008335601,-0.7783405809015798,84,57,27,0,0,0,24,7,15,123,55,9,2,4,18
8476458,Ryan Strome,C,ANA,82,1397.2,695.5,29.866876610363583,8.481707317073171,-1.1898503966300806,-1.0351991321611687,-1.1434550172894071,24,8,16,7,124,3,17,1,30,54,29,10,8,4,25
8478840,Will Borgen,D,SEA,82,1341.5,1239.0,55.4155795751025,15.109756097560975,1.3171437028670254,0.7019222950007634,1.1325772805071468,89,49,40,0,0,3,19,2,2,131,203,15,8,2,12
8474641,Adam Henrique,C,ANA,62,1127.2,664.5,35.3708303761533,10.71774193548387,-0.856692978824565,-0.4847343648925969,-0.7451053946449745,46,14,32,7,121,0,16,6,12,36,28,9,1,3,23
8474602,Justin Schultz,D,SEA,73,1298.6,533.5,24.649622670568306,7.308219178082192,-1.2979097329210827,-1.620562416333722,-1.3947055379448745,72,45,27,2,0,0,21,1,2,97,30,2,5,3,11
8482665,Matty Beniers,C,SEA,80,1367.4,1153.5,50.6143045195261,14.41875,0.06600308660333191,0.42637610098248296,0.17411499091707722,48,15,33,6,127,0,11,15,22,158,79,24,1,6,49
8478873,Troy Terry,R,ANA,70,1355.8,571.0,25.269213748340466,8.157142857142857,-0.8658448112058869,-0.5513339032737729,-0.7714915388262527,23,7,16,7,0,0,11,3,13,90,12,32,3,5,38
8482745,Mason McTavish,C,ANA,80,1230.0,802.5,39.146341463414636,10.03125,-0.6281591687213101,-0.6537342633675461,-0.6358316971151808,37,19,18,8,98,0,12,7,13,47,55,22,3,4,25
8477369,Carson Soucy,D,SEA,78,1270.8,1064.5,50.25967894239849,13.647435897435898,0.8789010144965029,0.2665957250031972,0.6952094276485112,96,65,31,1,0,2,22,4,6,108,143,8,10,5,24
8474586,Jordan Eberle,R,SEA,82,1368.1,530.5,23.265843140121337,6.469512195121951,-0.9785044227395614,-1.0154166022087847,-0.9895780765803284,25,3,22,8,0,0,9,5,19,66,44,9,0,8,47
8476457,Adam Larsson,D,SEA,82,1938.5,1549.5,47.959762703120965,18.896341463414632,0.6834120887917035,1.8291728241113223,1.027140309387589,173,102,71,2,0,1,19,7,4,107,222,6,5,8,24
8477505,Alexander Wennberg,C,SEA,82,1532.9,1267.0,49.592276078022046,15.451219512195122,0.00413913007599513,0.6805484134605162,0.20706191509135144,63,15,48,10,246,0,11,5,10,94,43,10,1,5,79
8477416,Oliver Bjorkstrand,R,SEA,81,1265.5,681.5,32.31133939154485,8.41358024691358,-0.4698306458388591,-0.4808160117523322,-0.473126255612901,38,8,30,4,5,0,7,4,9,101,63,12,1,6,50
8481533,Trevor Zegras,C,ANA,81,1525.0,802.5,31.57377049180328,9.907407407407407,-1.0865311497383163,-0.6842217090216175,-0.9658383175233066,29,10,19,12,36,0,18,4,53,96,46,28,11,4,27
8478366,Frank Vatrano,R,ANA,81,1351.0,855.0,37.97187268689859,10.555555555555555,-0.15151037124180364,0.10820722932599873,-0.07359509107146292,75,18,57,7,2,0,15,2,17,70,86,22,9,2,19
8477934,Leon Draisaitl,C,EDM,80,1738.7,1430.0,49.347213435325244,17.875,-0.010694649551466477,1.2772322711898423,0.37568342667092613,40,16,24,16,246,0,24,11,67,134,66,22,4,15,62
8476454,Ryan Nugent-Hopkins,C,EDM,82,1623.7,889.0,32.85089610149658,10.841463414634147,-1.0092260181103319,-0.45427673482469266,-0.8427412331246401,26,11,15,12,141,1,8,3,20,65,48,10,0,7,49
8480012,Elias Pettersson,C,VAN,80,1644.4,1468.0,53.56360982729262,18.35,0.24452619607473092,1.3941672963901308,0.5894185261693509,89,32,57,18,165,0,15,6,26,91,74,39,1,10,46
8477335,Kyle Burroughs,D,VAN,48,833.4,1078.0,77.60979121670266,22.458333333333332,3.2036135301526936,2.889562814592404,3.1093983154846065,84,52,32,0,0,8,9,2,2,129,165,10,3,1,4
8478057,Dakota Joshua,C,VAN,79,910.2,1179.5,77.75214238628872,14.930379746835444,1.7086716796266852,0.5523286006444191,1.3617687559320053,30,2,28,8,5,4,4,2,7,105,222,17,3,2,28
8477498,Darnell Nurse,D,EDM,82,1926.7,1230.0,38.303835573779,15.0,-0.13732511413871923,0.6692483666207473,0.10464693008912072,164,119,45,1,0,2,57,7,12,81,146,9,10,6,35
8475169,Evander Kane,L,EDM,41,766.8,739.5,57.86384976525822,18.036585365853657,0.9671156089391083,2.1654206844424104,1.326607131590099,15,2,13,3,4,1,9,5,18,69,124,18,14,1,13
8474568,Luke Schenn,D,TOR,70,1144.8,1507.5,79.00943396226415,21.535714285714285,3.3225807568836476,2.6149030065831407,3.110277431793495,98,59,39,0,0,6,23,3,7,80,318,4,13,4,7
8479344,Jesse Puljujarvi,R,CAR,75,917.4,746.5,48.82275997383911,9.953333333333333,0.45868962946055936,-0.057398267502825416,0.3038632603715439,26,2,24,0,0,2,8,3,9,112,139,6,3,1,23
8480803,Evan Bouchard,D,EDM,82,1518.3,797.5,31.515510768622804,9.725609756097562,-0.7143210502655469,-0.9009154138633647,-0.7702993593448922,77,50,27,0,0,0,47,7,19,98,95,8,5,6,60
8478402,Connor McDavid,C,EDM,82,1835.6,1503.5,49.14469383307911,18.335365853658537,-0.022953275006987798,1.3905646768717648,0.40110211055663797,40,16,24,19,170,0,16,7,54,108,89,45,4,17,65
8479388,Riley Stillman,D,BUF,50,732.1,532.5,43.64157901925966,10.65,0.31637390064480925,-0.625728328173895,0.03374323199919796,44,30,14,1,0,4,12,0,2,47,81,4,5,1,5
8475197,Tyson Barrie,D,NSH,85,1681.2,742.0,26.48108493932905,8.729411764705882,-1.1422385892183093,-1.1974793638066887,-1.1588108215948232,90,49,41,2,0,0,32,6,10,113,55,12,2,11,21
8476468,J.T. Miller,C,VAN,81,1675.0,1543.0,55.27164179104478,19.049382716049383,0.3479143317291199,1.5663406343393524,0.7134422225121896,51,13,38,10,175,4,19,9,18,77,200,20,4,7,51
8475171,Oliver Ekman-Larsson,D,VAN,54,1089.5,467.5,25.745754933455714,8.657407407407407,-1.2047403753406765,-1.2189147579733997,-1.2089926901304933,43,29,14,0,0,0,22,0,3,70,58,8,3,2,9
8478585,Derek Ryan,C,EDM,80,893.3,870.5,58.468599574611,10.88125,0.5414279848826626,-0.444482113009136,0.24565495551512304,42,16,26,5,114,0,5,1,9,97,54,9,2,7,36
8480802,Ryan McLeod,C,EDM,57,808.6,582.0,43.18575315359881,10.210526315789474,-0.38365130666043007,-0.6096001991472156,-0.45143597440646577,20,7,13,6,88,0,19,2,20,72,40,6,3,4,19
8478444,Brock Boeser,R,VAN,74,1275.9,474.0,22.290148130731247,6.405405405405405,-1.0333726634346496,-1.0330453717383026,-1.0332744759257455,32,5,27,8,4,0,6,3,12,30,49,7,4,4,19
8480800,Quinn Hughes,D,VAN,78,2001.6,683.0,20.47362110311751,8.756410256410257,-1.6528626856507702,-1.189442026438465,-1.5138364878870787,71,42,29,0,0,0,22,10,13,96,29,18,8,8,48
8477500,Bo Horvat,C,NYI,79,1631.7,1405.0,51.663908806765946,17.78481012658228,0.12953622458641456,1.2550294183037118,0.4671841827016037,55,17,38,13,325,0,12,2,23,63,57,20,2,9,29
8483808,Andrei Kuzmenko,L,VAN,81,1315.6,549.0,25.038005472788083,6.777777777777778,-0.8788468161271117,-0.9306464408179166,-0.8943867035343531,18,2,16,26,0,0,8,6,15,58,13,11,1,4,28
8475786,Zach Hyman,L,EDM,79,1591.9,972.5,36.65431245681261,12.310126582278482,-0.22560341377957727,0.5906979044952225,0.019286981702862693,19,3,16,23,1,1,4,4,22,157,77,23,4,8,25
8482496,Nils Aman,C,VAN,68,863.8,624.5,43.37809678166242,9.183823529411764,-0.3720086386468802,-0.8623528648278124,-0.5191119065011598,41,13,28,3,69,0,2,4,1,88,44,7,2,0,9
8476879,Cody Ceci,D,EDM,80,1610.8,1033.0,38.47777501862429,12.9125,-0.12254056041028538,0.04780840101527222,-0.0714358719826181,110,69,41,0,0,0,34,4,1,150,139,5,2,3,17
8478856,Conor Garland,R,VAN,81,1224.2,649.5,31.833033818003596,8.018518518518519,-0.4967281753765665,-0.5894543040549638,-0.5245460139800857,20,3,17,7,1,1,10,7,20,93,47,27,3,6,40
8476967,Brett Kulak,D,EDM,82,1435.8,923.0,38.570831592143755,11.25609756097561,-0.11463091166898867,-0.4452956347864724,-0.2138303286042338,106,71,35,0,0,1,35,1,4,109,105,9,6,3,24
8471215,Evgeni Malkin,C,PIT,82,1523.6,942.5,37.116040955631405,11.49390243902439,-0.7510544006446902,-0.29365994796422,-0.6138360648405491,33,11,22,9,75,0,25,20,60,99,53,28,7,14,68
8476906,Shayne Gostisbehere,D,CAR,75,1561.2,662.5,25.46118370484243,8.833333333333334,-1.2289284404615093,-1.166542350137941,-1.2102126133644389,89,58,31,1,0,0,37,7,11,67,46,21,2,1,31
8477384,Joshua Brown,D,ARI,68,1071.8,1080.0,60.45904086583318,15.882352941176471,1.7458292405057345,0.9319211241855836,1.501656805609689,118,84,34,1,0,7,21,4,4,65,152,8,8,3,7
8471675,Sidney Crosby,C,PIT,82,1651.8,1276.5,46.36759898292772,15.567073170731707,-0.1910523885984122,0.7090691513142449,0.07898407337538493,47,13,34,16,194,0,14,14,39,88,71,23,5,9,50
8480855,Jack McBain,C,ARI,82,1146.5,1822.0,95.35106846925426,22.21951219512195,2.7739445760660093,2.346759940704672,2.645789185457608,51,13,38,6,171,4,14,6,10,127,304,13,10,2,24
8480058,Pierre-Olivier Joseph,D,PIT,75,1143.7,590.5,30.97840342747224,7.873333333333333,-0.7599742507241288,-1.452330310368483,-0.9676810686174351,36,20,16,0,0,0,28,1,4,59,88,11,6,8,30
8477953,Kasperi Kapanen,R,STL,66,903.1,582.0,38.66681430627837,8.818181818181818,-0.11243030659639848,-0.3695543515958018,-0.18956752009621947,20,6,14,5,11,0,6,2,12,58,99,8,0,0,17
8475760,Nick Bjugstad,C,EDM,78,1263.6,1552.0,73.69420702754036,19.897435897435898,1.4630425694867442,1.7751135188374927,1.5566638542919686,44,15,29,15,235,0,17,2,12,101,168,16,3,3,30
8473507,Jeff Petry,D,PIT,61,1362.9,1149.0,50.58331499009464,18.83606557377049,0.9064095220686494,1.8112289454108217,1.177855349071301,111,65,46,0,0,0,29,4,3,109,190,3,5,4,19
8475208,Brian Dumoulin,D,PIT,82,1692.5,1216.0,43.10782865583457,14.829268292682928,0.27100603752067437,0.618422255807389,0.3752309030066887,142,85,57,0,0,0,31,4,5,179,123,10,3,5,31
8471724,Kris Letang,D,PIT,64,1590.9,1179.5,44.48425419573826,18.4296875,0.38799984169197194,1.6902519029261496,0.7786754600622252,108,59,49,2,0,0,49,6,29,137,162,12,7,12,35
8477404,Jake Guentzel,L,PIT,78,1569.0,1029.5,39.36902485659655,13.198717948717949,-0.07294147338244862,0.8350522462762383,0.19945664251515746,46,12,34,14,1,0,11,4,33,153,83,32,3,8,36
8470604,Jeff Carter,C,PIT,79,1082.8,1270.5,70.40081270779461,16.082278481012658,1.2636915585459003,0.8359018796111402,1.1353546548654723,54,20,34,5,312,0,13,6,14,78,80,5,3,2,24
8476329,Travis Boyd,C,ARI,82,1355.5,1054.0,46.654371080782,12.853658536585366,-0.17369391218575742,0.04108344895059684,-0.10926070384485113,59,20,39,7,188,0,9,3,22,101,39,15,2,4,31
8475810,Bryan Rust,R,PIT,81,1449.9,831.0,34.38857852265673,10.25925925925926,-0.353017035509594,0.026728510099025108,-0.23909337182700827,50,8,42,12,0,1,23,11,24,101,98,15,2,7,30
8475722,Jason Zucker,L,PIT,78,1221.2,1167.5,57.36161152964298,14.967948717948717,0.9388722253686219,1.3215742139680717,1.0536828219484569,29,5,24,13,0,1,11,7,21,115,198,23,2,4,31
8482655,J.J. Moser,D,ARI,82,1726.2,975.0,33.88946819603754,11.890243902439025,-0.5125387508805833,-0.2565129374797119,-0.43573100686032185,137,81,56,1,0,1,38,1,4,137,80,11,5,3,11
8479442,Troy Stecher,D,CGY,81,1325.9,788.0,35.6587977977223,9.728395061728396,-0.3621487770440978,-0.9000862400978912,-0.5235300159602359,92,60,32,0,0,2,25,6,7,109,70,10,7,5,16
8476326,Josh Archibald,R,PIT,62,618.6,977.5,94.81086323957322,15.766129032258064,3.0448321174417012,1.5410663592801894,2.5937023899932474,28,5,23,2,0,1,3,0,2,72,195,23,4,2,12
8477969,Marcus Pettersson,D,PIT,68,1399.7,1232.5,52.8327498749732,18.125,1.097607619450642,1.5995477163295422,1.248189648514312,131,85,46,0,0,2,27,4,12,173,133,9,9,9,16
8477951,Nick Schmaltz,C,ARI,63,1241.7,434.5,20.995409519207538,6.896825396825397,-1.7268452904838236,-1.4253637790741254,-1.636400837060914,28,4,24,6,5,0,17,9,29,54,12,13,1,11,50
8478432,Christian Fischer,R,ARI,80,1187.8,791.5,39.981478363360836,9.89375,-0.03850013044199472,-0.07378312869737443,-0.04908502991860863,37,6,31,8,3,0,9,8,15,91,126,11,1,3,16
8480849,Barrett Hayton,C,ARI,82,1434.8,1317.0,55.073877892389184,16.0609756097561,0.3359435716873527,0.8306575600590892,0.48435776819887366,33,11,22,7,222,0,16,7,18,138,83,36,3,2,33
8478474,Lawson Crouse,L,ARI,77,1367.1,1059.0,46.47794601711653,13.753246753246753,0.32682894008070906,0.9875424978664556,0.525043007416433,58,11,47,7,8,1,13,4,15,60,194,9,6,3,29
8477941,Nick Ritchie,L,CGY,74,1002.6,1070.5,64.06343506882106,14.466216216216216,1.3157494908098917,1.1836024534475518,1.2761053796011896,32,4,28,6,0,1,8,2,9,85,218,9,14,4,4
8479343,Clayton Keller,R,ARI,82,1701.5,613.0,21.616220981486922,7.475609756097561,-1.0712709786661754,-0.7387491523946323,-0.9715144307847123,34,5,29,12,2,1,15,10,38,67,18,24,3,8,50
8477070,Liam O'Brien,C,ARI,56,639.9,957.0,89.73277074542898,17.089285714285715,2.433865854154058,1.083805913715682,2.028847872022545,28,5,23,1,0,8,15,2,3,81,203,13,10,1,5
8476483,Rickard Rakell,R,PIT,82,1511.9,1041.0,41.312256101594016,12.695121951219512,0.03633619909779319,0.6965680417927285,0.23440575190627377,53,16,37,10,0,0,9,13,20,158,141,12,3,5,24
8478046,Danton Heinen,L,PIT,65,699.2,515.0,44.19336384439359,7.923076923076923,0.198355387039757,-0.6156998530367295,-0.045861184983188946,26,2,24,5,2,0,5,4,7,63,76,4,1,1,23
8480068,Ryan Poehling,C,PIT,53,623.9,730.0,70.20355826254207,13.773584905660377,1.2517516360052234,0.2675500029510092,0.9564911460889591,41,9,32,2,101,0,3,1,0,60,57,12,0,0,29
8476934,Brock McGinn,L,ANA,75,977.5,684.5,42.0153452685422,9.126666666666667,0.07587444134660479,-0.28472389414608207,-0.03230505930120127,43,7,36,2,0,1,11,3,5,74,84,22,3,7,16
8481711,Matias Maccelli,L,ARI,64,1003.6,305.0,18.234356317257873,4.765625,-1.261450248427046,-1.4839696961932833,-1.328206082756917,20,7,13,2,0,0,18,8,20,55,24,12,1,2,21
8480172,Jan Rutta,D,PIT,56,958.7,661.0,41.36851987065818,11.803571428571429,0.12316778146754913,-0.2823149682242485,0.001522956560009836,70,41,29,0,0,0,19,1,1,97,71,7,6,2,11
8476372,Nick Seeler,D,PHI,77,1115.7,1239.5,66.65770368378597,16.0974025974026,2.272704921625553,0.9959405018951091,1.8896755957064195,161,97,64,1,0,4,23,0,1,109,126,18,6,1,8
8474090,Brendan Smith,D,NJD,60,933.2,870.0,55.93656236605229,14.5,1.3614263442842,0.5204004706673401,1.1091185821991418,76,55,21,0,0,3,26,0,5,87,102,15,11,8,17
8480028,Morgan Frost,C,PHI,81,1323.8,930.0,42.15138238404593,11.481481481481481,-0.44626235124799235,-0.29671772687641335,-0.40139896393651864,53,19,34,6,101,0,8,4,14,60,85,15,1,6,31
8479322,Wade Allison,R,PHI,60,773.7,1063.5,82.47382706475378,17.725,2.3510584855286476,2.07973761362118,2.2696622239564075,62,15,47,8,1,2,3,1,3,93,190,5,1,0,20
8481068,Yegor Sharangovich,C,NJD,75,1081.4,432.0,23.96892916589606,5.76,-1.5468564734552022,-1.7052263189185575,-1.5943674270942085,41,11,30,1,3,0,17,4,9,74,22,12,0,5,35
8478439,Travis Konecny,R,PHI,60,1207.0,853.0,42.402651201325604,14.216666666666667,0.09765460311649997,1.1149786537742932,0.40285181831383793,38,12,26,12,9,1,7,5,14,92,55,31,12,2,32
8477435,Ryan Graves,D,NJD,78,1555.9,1004.5,38.736422649270516,12.878205128205128,-0.10055595654183959,0.03759896199795516,-0.05910948097990115,152,99,53,2,0,0,41,2,4,112,83,5,7,4,19
8478399,Jonas Siegenthaler,D,NJD,80,1612.3,1247.5,46.42436271165416,15.59375,0.5529057295891214,0.8460052430654184,0.6408355836320105,151,105,46,0,0,0,32,1,3,170,101,15,11,8,21
8480220,Noah Cates,L,PHI,82,1456.9,1181.0,48.637518017708835,14.402439024390244,0.4482725420121584,1.1660643202652297,0.6636100754880798,65,30,35,6,144,0,8,2,3,124,86,9,1,8,52
8477948,Travis Sanheim,D,PHI,81,1652.6,1007.0,36.56057122110614,12.432098765432098,-0.2854995866275708,-0.09520502494243054,-0.2284112181220287,137,82,55,3,0,0,34,2,6,141,61,16,8,1,21
8480015,Owen Tippett,R,PHI,77,1341.9,978.0,43.7290409121395,12.7012987012987,0.17224417179116028,0.6982665904810795,0.33005089739813603,69,15,54,5,2,0,11,3,11,107,125,16,3,4,40
8477950,Tony DeAngelo,D,PHI,70,1544.1,574.0,22.304254905770353,8.2,-1.4972619601426471,-1.3550830183455906,-1.4546082776035303,79,45,34,1,0,3,42,3,12,50,52,13,3,8,17
8478500,Ivan Provorov,D,PHI,82,1887.9,1104.0,35.08660416335611,13.463414634146341,-0.4107842520962285,0.21181336930052022,-0.22400496567720388,162,110,52,4,0,0,73,6,6,144,97,9,5,5,29
8479415,Michael McLeod,C,NJD,80,980.1,1468.5,89.8989898989899,18.35625,2.4439271930291,1.3957059151427655,2.1294608096631995,51,10,41,2,305,3,13,5,11,114,127,15,1,2,29
8476872,Scott Laughton,C,PHI,78,1426.2,1447.0,60.87505258729491,18.55128205128205,0.6870919395400003,1.4437187105775668,0.9140799708512701,57,24,33,8,240,0,26,1,15,56,156,18,6,3,32
8475287,Erik Haula,L,NJD,80,1330.5,1204.0,54.29537767756482,15.05,0.7664424646297426,1.344137551600157,0.939750990720867,54,8,46,9,220,1,16,7,7,72,92,10,2,2,47
8475193,Tomas Tatar,L,NJD,82,1239.6,590.0,28.557599225556633,7.195121951219512,-0.680922346577401,-0.8158806838579717,-0.7214098477615722,30,6,24,6,2,0,13,5,17,86,65,9,4,3,32
8482110,Dawson Mercer,C,NJD,82,1358.0,748.5,33.070692194403534,9.128048780487806,-0.9959216369558664,-0.8760834367666817,-0.9599701768991109,63,9,54,19,21,0,13,3,19,97,36,7,3,2,20
8475235,Nicolas Deslauriers,L,PHI,80,807.5,1281.5,95.21981424148606,16.01875,3.067829490380482,1.6105347703227237,2.6306410743631545,26,5,21,3,0,14,5,0,3,60,306,9,8,3,10
8481559,Jack Hughes,C,NJD,78,1557.3,639.5,24.638797919476016,8.198717948717949,-1.5063089409525783,-1.104865171992814,-1.385875810264649,30,5,25,11,17,0,10,10,65,106,12,22,0,3,57
8476462,Dougie Hamilton,D,NJD,82,1785.5,620.5,20.85130215625875,7.567073170731708,-1.620760445544482,-1.5435026720036837,-1.5975831134822425,86,42,44,1,0,0,45,9,20,76,64,6,9,4,17
8480003,Jesper Boqvist,C,NJD,70,812.4,502.0,37.07533234859675,7.171428571428572,-0.7535185155299609,-1.3577622440377015,-0.934791634082283,20,5,15,3,22,0,10,2,16,100,50,8,0,2,20
8474037,James van Riemsdyk,L,PHI,61,936.6,389.0,24.919923126201155,6.377049180327869,-0.8854871807410728,-1.040843069280627,-0.932093947302939,20,2,18,9,1,0,3,2,5,59,18,6,4,0,24
8480797,Joel Farabee,L,PHI,82,1394.9,708.5,30.475302889095992,8.640243902439025,-0.5730802184735543,-0.4184856195794618,-0.5267018388053265,45,8,37,6,1,3,13,8,19,103,71,17,4,3,22
8477425,Miles Wood,L,NJD,76,920.1,700.0,45.64721225953701,9.210526315789474,0.2801126001120327,-0.2616632724280266,0.11757983835001491,19,5,14,3,0,2,8,5,20,93,100,22,6,2,14
8476923,Damon Severson,D,NJD,81,1616.3,707.0,26.24512776093547,8.728395061728396,-1.162294543660801,-1.1977820320047055,-1.1729407901639721,115,72,43,1,0,0,20,11,10,66,44,7,3,3,25
8476292,Ondrej Palat,L,NJD,49,761.2,536.5,42.28849185496584,10.948979591836734,0.09123484854834153,0.2163951715648757,0.12878294545330177,44,10,34,2,0,0,8,4,13,57,70,9,1,4,18
8475763,Kevin Hayes,C,PHI,81,1422.8,627.0,26.44082091650267,7.7407407407407405,-1.3972314751774972,-1.2176095432685454,-1.3433448956048115,22,6,16,4,79,1,12,5,18,49,52,12,2,3,37
8474027,Justin Braun,D,PHI,51,764.1,450.5,35.3749509226541,8.833333333333334,-0.3862752733591018,-1.166542350137941,-0.6203553963927535,49,28,21,0,0,1,10,0,0,71,47,3,1,5,5
8478507,John Marino,D,NJD,64,1348.5,663.0,29.49944382647386,10.359375,-0.8856832737843748,-0.712246167696813,-0.8336521419581062,81,46,35,0,0,0,23,5,10,112,44,8,0,6,37
8479407,Jesper Bratt,L,NJD,82,1424.1,432.0,18.20096903307352,5.2682926829268295,-1.263327783442755,-1.3457407695626518,-1.288051679278724,23,5,18,8,0,0,12,5,27,68,24,9,1,3,38
8482245,Artem Zub,D,OTT,53,1073.4,865.0,48.351034097261035,16.32075471698113,0.7166694845147272,1.0624314880071057,0.8203980855624406,67,45,22,1,0,1,26,2,3,111,131,7,10,3,5
8476878,Zemgus Girgensons,L,BUF,80,1038.2,859.5,49.672510113658255,10.74375,0.5064753563050849,0.15995894708500644,0.4025204335390613,49,12,37,3,42,0,3,0,5,113,96,14,2,3,19
8482116,Tim Stützle,L,OTT,78,1658.7,1330.5,48.12805208898535,17.057692307692307,0.4196227088838525,1.8962342192852375,0.862606162004268,49,17,32,17,66,0,27,9,26,147,114,35,10,9,52
8477353,Tyler Motte,C,NYR,62,779.5,846.5,65.15715202052598,13.653225806451612,0.9462898272164848,0.2379201202161443,0.7337789151163826,60,6,54,2,8,0,8,7,12,69,118,23,1,5,24
8478469,Thomas Chabot,D,OTT,68,1698.1,890.0,31.446911253754195,13.088235294117647,-0.7201518910746658,0.10012405856360211,-0.47406910618318543,123,68,55,0,0,0,47,4,14,141,79,11,4,5,14
8474612,Travis Hamonic,D,OTT,75,1392.0,1072.0,46.206896551724135,14.293333333333333,0.534421479921306,0.45887667367326507,0.5117580380468937,143,89,54,3,0,1,59,4,1,112,109,13,11,2,20
8480839,Rasmus Dahlin,D,BUF,78,2012.1,1204.5,35.9176979275384,15.442307692307692,-0.3401427111803771,0.8009215053487612,0.0021765537783643985,132,81,51,0,0,0,36,3,22,136,105,20,16,10,35
8480208,Drake Batherson,R,OTT,82,1525.7,843.0,33.151995805204166,10.28048780487805,-0.42255630498170726,0.03256616223876267,-0.2860195648155663,35,5,30,9,1,1,9,9,20,101,115,16,1,5,33
8480196,Jacob Bryson,D,BUF,59,860.6,517.0,36.04462003253544,8.76271186440678,-0.3293545504942045,-1.1875660642556538,-0.5868180046226392,69,45,24,0,0,0,7,0,1,92,34,3,0,0,13
8480073,Erik Brannstrom,D,OTT,74,1192.4,749.5,37.713854411271384,10.128378378378379,-0.18747249849777411,-0.7810128898982603,-0.3655346159179199,103,58,45,0,0,0,33,4,11,101,49,15,4,8,20
8481596,Shane Pinto,C,OTT,82,1310.3,1028.0,47.073189345951306,12.536585365853659,-0.14834260698024,-0.036973307280660776,-0.11493181707036622,49,22,27,7,149,0,17,4,11,89,71,21,0,1,37
8477949,Alex Tuch,R,BUF,74,1417.4,665.5,28.17129956257937,8.993243243243244,-0.7026459207319078,-0.32141409173312024,-0.5882763720322715,46,11,35,8,3,0,11,3,24,52,54,13,2,8,56
8473512,Claude Giroux,R,OTT,82,1541.3,1372.0,53.40945954713554,16.73170731707317,0.7166228296529051,1.8065913858955702,1.0436133965257046,30,8,22,17,309,0,14,4,14,52,75,20,1,3,49
8475766,Austin Watson,L,OTT,75,767.5,1003.5,78.44951140065146,13.38,2.1247509628233643,0.8849031203571263,1.7527966100834929,61,14,47,3,2,13,14,2,5,83,165,9,10,2,17
8480950,Ilya Lyubushkin,D,BUF,68,1020.6,949.0,55.7907113462669,13.955882352941176,1.349029258388693,0.3584189368356909,1.0518461619227923,104,69,35,0,0,0,15,4,1,84,99,11,11,9,18
8482105,Jake Sanderson,D,OTT,77,1687.9,1004.5,35.70709165234907,13.045454545454545,-0.35804388244058966,0.08738840971197363,-0.22441419479482064,147,88,59,0,0,0,38,4,10,188,43,15,2,4,29
8473449,Kyle Okposo,R,BUF,75,1100.1,783.5,42.732478865557674,10.446666666666667,0.11620247257859395,0.07826380001008608,0.10482087080804159,25,5,20,2,70,0,6,4,12,82,78,18,9,2,26
8480801,Brady Tkachuk,L,OTT,82,1527.8,1460.0,57.33734782039534,17.804878048780488,0.9375077548872289,2.101703332364,1.2867664281302602,9,2,7,17,37,8,16,8,27,93,242,32,18,7,23
8482175,JJ Peterka,R,BUF,77,1050.8,339.5,19.385230300723258,4.409090909090909,-1.1967308124078266,-1.5820132473653714,-1.3123155428950901,10,5,5,5,1,0,8,3,8,65,18,12,2,3,19
8479999,Casey Mittelstadt,C,BUF,82,1289.7,762.0,35.450104675505926,9.292682926829269,-0.8518944608873648,-0.8355539671850671,-0.8469923127766754,16,2,14,8,96,0,7,5,30,113,30,15,2,8,42
8478472,Mathieu Joseph,R,OTT,56,785.4,610.5,46.63865546218487,10.901785714285714,0.3358664409689179,0.20341729520841098,0.2961316972407658,28,3,25,1,1,0,9,2,7,71,80,23,2,2,23
8480035,Henri Jokiharju,D,BUF,60,1261.5,572.0,27.205707491082045,9.533333333333333,-1.0806469182850402,-0.9581552958031712,-1.0438994315404795,58,35,23,1,0,0,25,2,5,95,63,5,3,2,18
8482671,Owen Power,D,BUF,79,1880.3,669.5,21.363612189544224,8.474683544303797,-1.57721497361624,-1.2733108831003008,-1.486043746461458,86,51,35,2,0,0,32,8,12,141,27,11,4,5,20
8481528,Dylan Cozens,C,BUF,81,1336.2,1113.0,49.97754827121688,13.74074074074074,0.027459872672865905,0.2594644592614091,0.09706124864942886,30,8,22,9,186,1,6,3,11,92,55,25,10,1,35
8479420,Tage Thompson,C,BUF,78,1450.0,922.5,38.172413793103445,11.826923076923077,-0.6871115585082658,-0.21167726020653815,-0.5444812690177475,26,5,21,17,88,1,12,3,25,84,55,24,2,3,40
8475784,Jeff Skinner,L,BUF,79,1374.4,604.0,26.36786961583236,7.6455696202531644,-0.804061862642587,-0.6920117742211944,-0.7704468361161692,14,4,10,14,3,0,7,9,30,59,21,30,7,4,37
8481522,Peyton Krebs,C,BUF,74,1023.9,849.0,49.75095224142983,11.472972972972974,0.01374388751360381,-0.29881234299611686,-0.08002298163931239,20,7,13,4,87,2,5,3,20,95,93,16,5,2,17
8480807,Mattias Samuelsson,D,BUF,55,1219.7,822.0,40.436172829384276,14.945454545454545,0.04391988610074251,0.653010414334921,0.22664704457099605,91,53,38,0,0,0,19,0,2,98,107,4,1,4,17
8482097,Jack Quinn,R,BUF,75,1038.5,534.0,30.852190659605203,7.12,-0.5518859223991477,-0.8365385201107619,-0.637281701712632,19,4,15,6,3,1,7,7,16,89,43,19,1,2,26
8474207,Nick Holden,D,OTT,65,1086.0,611.0,33.75690607734806,9.4,-0.5238063030327863,-0.997848068057413,-0.6660188325401742,69,47,22,0,0,0,27,3,1,89,79,4,3,0,10
8478109,Victor Olofsson,L,BUF,75,1076.6,283.0,15.771874419468698,3.7733333333333334,-1.3999279983128972,-1.7568406537794303,-1.5070017949528571,15,3,12,4,0,0,7,5,10,45,16,10,0,1,23
8477932,Aaron Ekblad,D,FLA,71,1661.0,730.0,26.36965683323299,10.28169014084507,-1.1517097866393433,-0.7353726233621093,-1.0268086376561731,80,52,28,3,0,0,43,8,14,55,77,16,11,5,24
8477933,Sam Reinhart,C,FLA,82,1622.0,970.0,35.88162762022195,11.829268292682928,-0.8257741342816062,-0.21109991733500494,-0.6413718691976257,49,15,34,11,83,0,12,5,21,153,58,15,0,9,26
8481014,Alexander Romanov,D,NYI,76,1478.2,1382.0,56.09525098092274,18.18421052631579,1.3749146036880955,1.6171744408503408,1.447592554836769,129,86,43,0,0,1,44,6,5,165,198,14,8,8,17
8470610,Zach Parise,L,NYI,82,1324.0,838.5,37.99848942598187,10.225609756097562,-0.1500135780508118,0.01747521043071804,-0.09976694150635285,83,20,63,9,1,0,7,2,16,85,89,11,1,1,17
8477493,Aleksander Barkov,C,FLA,68,1443.2,1215.0,50.51274944567627,17.86764705882353,0.05985590085130853,1.2754221314808594,0.4245257700401738,48,23,25,10,249,0,9,8,21,87,52,13,1,6,50
8479066,Ryan Lomberg,L,FLA,82,927.3,996.5,64.47751536719508,12.152439024390244,1.3390353099025625,0.5473352961353977,1.101525305772413,24,7,17,5,2,4,3,1,9,92,149,21,17,3,27
8476393,Nick Cousins,C,FLA,79,871.0,799.5,55.07462686567164,10.120253164556962,0.33598890746149,-0.6318235532825488,0.045645169238278355,36,9,27,4,20,2,3,4,11,116,87,19,4,5,15
8479372,Joshua Mahura,D,FLA,82,1151.3,842.5,43.90688786589074,10.274390243902438,0.338924696418216,-0.7375457719632842,0.015983555903765934,70,39,31,1,0,0,15,4,6,145,101,11,4,0,12
8478463,Anthony Beauvillier,L,VAN,82,1333.9,643.5,28.945198290726438,7.847560975609756,-0.6591257004981902,-0.6364660345845518,-0.6523278007240987,30,5,25,2,0,0,10,4,20,117,78,12,2,6,26
8475462,Radko Gudas,D,FLA,72,1250.0,1725.5,82.824,23.96527777777778,3.646812311064614,3.338173834340868,3.5542207680474895,124,82,42,0,0,3,25,7,4,121,312,18,13,4,16
8476429,Scott Mayfield,D,NYI,82,1724.4,1182.5,41.144745998608215,14.420731707317072,0.10414738711545164,0.49680263350399484,0.22194396103201458,168,113,55,3,0,1,56,3,5,93,107,18,12,6,15
8475754,Brock Nelson,C,NYI,82,1511.7,923.0,36.63425282794205,11.25609756097561,-0.780217307053536,-0.35220251513766343,-0.6518128694787741,43,17,26,7,115,0,11,2,27,74,50,20,6,5,43
8475314,Anders Lee,L,NYI,82,1412.3,1044.0,44.35318275154005,12.731707317073171,0.2073428084988658,0.7066286763314251,0.3571285688486336,57,9,48,16,3,2,7,6,22,102,125,19,5,5,20
8477935,Sam Bennett,C,FLA,63,1096.6,1193.0,65.2744847711107,18.936507936507937,0.9533920446173274,1.5385532339390242,1.1289404014138364,35,15,20,5,135,0,5,8,27,58,150,21,7,7,31
8476419,Jean-Gabriel Pageau,C,NYI,70,1233.2,1700.5,82.73597145637366,24.292857142857144,2.0103456569943576,2.8571739274674193,2.264394138136276,61,16,45,8,318,0,8,5,22,101,175,9,3,3,30
8478055,Gustav Forsling,D,FLA,82,1921.7,814.5,25.430608315553936,9.932926829268293,-1.2315272959776091,-0.8391979935900009,-1.1138285052613266,106,71,35,0,0,0,34,6,7,105,69,8,4,6,34
8474709,Matt Martin,L,NYI,81,903.0,1284.0,85.3156146179402,15.851851851851851,2.510866501324492,1.5646393355081545,2.226998351579591,43,9,34,2,2,7,9,1,10,78,295,11,5,1,14
8482113,Anton Lundell,C,FLA,73,1195.0,637.5,32.00836820083682,8.732876712328768,-1.0602247059186467,-0.9733665015006333,-1.0341672445932426,32,9,23,8,76,1,21,6,14,68,29,16,0,5,32
8475151,Kyle Palmieri,C,NYI,55,940.4,545.5,34.80433857932795,9.918181818181818,-0.8909830459780019,-0.6815692753470406,-0.8281589147887134,17,1,16,5,0,0,9,3,8,69,76,17,3,2,11
8478445,Mathew Barzal,C,NYI,58,1085.5,451.0,24.928604329801935,7.775862068965517,-1.4887667958990005,-1.208963409792689,-1.404825780067107,34,14,20,4,13,0,13,5,50,43,25,8,2,11,38
8475231,Casey Cizikas,C,NYI,81,1177.5,1604.0,81.73248407643311,19.80246913580247,1.9496040013541147,1.751734696385293,1.8902432098634683,58,22,36,3,243,2,9,4,15,98,188,18,5,4,31
8480185,Eetu Luostarinen,C,FLA,82,1310.8,827.0,37.8547451937748,10.085365853658537,-0.7063402175366256,-0.6404120766069227,-0.6865617752577147,51,19,32,6,48,0,15,7,20,117,64,14,1,2,45
8474573,Josh Bailey,R,NYI,64,968.9,217.5,13.46888223758902,3.3984375,-1.5294368388195931,-1.8599335129388408,-1.6285858410553673,31,12,19,3,6,0,21,5,21,25,11,3,0,1,20
8477506,Ryan Pulock,D,NYI,82,1714.2,1068.0,37.38186909345467,13.024390243902438,-0.2156906796738605,0.08111765578045527,-0.12664817903756576,128,79,49,0,0,0,29,1,7,110,140,7,1,4,18
8477409,Carter Verhaeghe,C,FLA,81,1417.7,670.5,28.376948578683784,8.277777777777779,-1.2800365785772823,-1.085402302301358,-1.221646295694505,31,7,24,9,1,0,12,6,38,106,29,28,7,6,29
8476917,Adam Pelech,D,NYI,61,1320.8,851.5,38.681102362204726,13.959016393442623,-0.10525808582093435,0.3593519275046372,0.034124918176737115,110,76,34,0,0,0,33,2,3,97,77,9,7,3,28
8479314,Matthew Tkachuk,L,FLA,79,1614.4,1005.5,37.3699207135778,12.727848101265822,-0.185361160106343,0.7055674279623639,0.08191741631426908,31,6,25,26,1,3,14,10,38,63,68,36,20,1,37
8480865,Noah Dobson,D,NYI,78,1589.8,804.0,30.343439426342936,10.307692307692308,-0.8139450990194483,-0.7276318877112276,-0.788051135626982,104,63,41,0,0,0,28,3,18,120,60,7,3,7,32
8477986,Brandon Montour,D,FLA,80,1930.1,914.0,28.413035594010672,11.425,-0.9780261054988874,-0.3950140894461138,-0.8031225006830552,93,50,43,5,0,1,32,5,15,76,92,21,7,6,27
8478400,Colin White,C,FLA,68,655.2,529.0,48.44322344322344,7.779411764705882,-0.06541367233153043,-1.2080895492435249,-0.40821643540512875,29,11,18,6,24,0,3,4,9,56,61,6,1,2,12
8471686,Marc Staal,D,FLA,82,1491.9,1091.5,43.897044037804136,13.310975609756097,0.33808798795700823,0.16643291321716439,0.28659146553505505,122,61,61,0,0,1,17,4,4,86,152,12,5,2,12
8478115,Pierre Engvall,L,NYI,76,1036.4,401.0,23.214974913160937,5.276315789473684,-0.9813649991427761,-1.3435344900585517,-1.0900158464175087,6,1,5,3,7,0,12,3,23,93,47,6,0,6,19
8475168,Matt Duchene,C,NSH,71,1300.7,475.0,21.911278542323366,6.690140845070423,-1.671407223273688,-1.4762451754277635,-1.6128586089199106,30,4,26,7,19,0,15,9,35,59,27,12,2,5,30
8475793,Ryan Johansen,C,NSH,55,867.0,638.5,44.186851211072664,11.60909090909091,-0.32305427805325887,-0.2653029655431442,-0.30572888430022443,19,8,11,5,133,0,6,6,9,47,45,5,1,2,18
8475825,Jani Hakanpää,D,DAL,82,1585.1,1492.0,56.47593211784746,18.195121951219512,1.4072718457574291,1.6204227261278858,1.471217109868566,128,79,49,1,0,2,37,6,8,188,224,16,8,1,12
8470794,Joe Pavelski,C,DAL,82,1453.3,1081.5,44.65010665382234,13.189024390243903,-0.2950131654897545,0.12364347957981191,-0.16941617196888456,64,18,46,14,107,0,17,11,29,61,93,25,0,3,29
8478449,Roope Hintz,C,DAL,73,1281.7,764.0,35.76499960989311,10.465753424657533,-0.832833693358294,-0.5467686446055668,-0.7470141787324758,45,17,28,11,60,0,12,3,23,83,47,16,2,0,26
8475794,Tyler Seguin,C,DAL,76,1262.9,908.5,43.16256235648111,11.953947368421053,-0.38505505865642375,-0.18040654709629686,-0.3236605051883856,23,4,19,8,154,0,10,3,20,50,84,14,2,4,24
8475218,Mattias Ekholm,D,EDM,78,1674.7,855.0,30.63235206305607,10.961538461538462,-0.7893880216750431,-0.5329846391567722,-0.7124670069195618,102,55,47,2,0,0,32,4,7,102,90,8,5,5,24
8476925,Colton Sissons,C,NSH,82,1297.8,1665.5,76.99953767914934,20.3109756097561,1.6631160933102989,1.8769183118511403,1.7272567588725511,69,17,52,5,323,0,10,3,12,71,161,19,3,3,27
8476902,Esa Lindell,D,DAL,82,1633.2,992.5,36.46216017634092,12.103658536585366,-0.2938643562179112,-0.19298029896301383,-0.26359913904144194,147,90,57,0,0,0,40,6,10,135,87,4,2,8,23
8480848,Ty Dellandrea,C,DAL,82,1164.4,990.0,51.01339745791824,12.073170731707316,0.09016040668213941,-0.1510562586955763,0.017795407068824702,39,11,28,1,42,2,12,6,7,153,125,24,3,2,20
8480036,Miro Heiskanen,D,DAL,79,2013.8,802.0,23.895123646836826,10.151898734177216,-1.3620408526008672,-0.7740109789527955,-1.1856318905064456,96,44,52,1,0,0,37,13,15,148,49,10,6,6,47
8476525,Colin Miller,D,DAL,79,1325.0,794.5,35.97735849056604,10.056962025316455,-0.3350716659074932,-0.8022732376781264,-0.47523213743868314,70,35,35,0,0,1,35,8,5,111,108,13,3,6,23
8479371,Dante Fabbro,D,NSH,79,1378.3,1057.0,46.01320467242255,13.379746835443038,0.5179580032277789,0.18690581770844056,0.4186423475719773,126,83,43,0,0,0,38,1,3,158,109,8,8,3,15
8480009,Eeli Tolvanen,R,SEA,61,885.5,579.0,39.232072275550536,9.491803278688524,-0.08064300624705116,-0.1843147298659236,-0.11174452333271288,49,5,44,3,1,0,2,2,8,45,87,5,1,1,19
8479661,Tanner Jeannot,L,TBL,76,1083.2,1476.0,81.75775480059085,19.42105263157895,2.310790138384258,2.5461362756699244,2.3813939795699577,61,13,48,4,2,11,13,5,11,141,283,13,7,6,23
8481641,Joel Kiviranta,L,DAL,70,850.8,744.0,52.46826516220029,10.628571428571428,0.6636947326999708,0.1282859137069315,0.503072087002059,20,6,14,3,2,0,6,1,6,120,117,12,1,0,29
8478851,Alexandre Carrier,D,NSH,43,769.2,640.5,49.9609984399376,14.895348837209303,0.853513685359077,0.6380941558398018,0.7888878265032944,63,40,23,1,0,1,6,3,3,115,54,8,2,0,14
8475798,Mikael Granlund,C,PIT,79,1408.2,878.5,37.430762675756284,11.120253164556962,-0.732004117872362,-0.3856445528608897,-0.6280962483689203,59,16,43,4,57,0,7,6,20,122,75,11,2,3,34
8474600,Roman Josi,D,NSH,67,1686.2,934.5,33.25228324042225,13.947761194029852,-0.56669837648835,0.35600130200238317,-0.28988847294113,143,75,68,1,0,0,15,6,7,105,51,16,3,4,19
8478508,Yakov Trenin,C,NSH,77,1166.3,869.5,44.731201234673755,11.292207792207792,-0.29010446488939595,-0.34331293450792977,-0.3060670057749561,28,7,21,5,3,1,20,8,15,77,163,11,3,9,34
8476889,Radek Faksa,C,DAL,81,1111.4,1226.5,66.21378441605182,15.141975308641975,1.0102483805479254,0.6044189845436103,0.8884995617466308,69,19,50,7,148,1,6,3,9,163,89,10,5,3,23
8474151,Ryan McDonagh,D,NSH,71,1528.6,863.0,33.87413319377208,12.154929577464788,-0.5138421997050922,-0.17771712584652755,-0.41300467754752274,158,105,53,1,0,0,48,3,8,50,61,6,1,8,37
8480878,Nils Lundkvist,D,DAL,60,978.5,526.0,32.25344915687277,8.766666666666667,-0.651597556126198,-1.186388736265062,-0.8120349101678571,67,35,32,1,0,0,21,4,7,94,49,4,3,0,6
8476887,Filip Forsberg,L,NSH,50,873.6,614.5,42.20467032967033,12.29,0.08652114233781318,0.5851632820008962,0.23611378423673807,20,5,15,8,0,0,8,3,17,42,83,18,2,4,29
8478975,Mason Marchment,L,DAL,68,1068.0,818.5,45.98314606741573,12.036764705882353,0.29900384876137176,0.5155259369321664,0.3639604752126101,39,7,32,3,0,2,10,8,23,112,88,25,7,7,31
8473994,Jamie Benn,L,DAL,82,1294.2,1138.5,52.78164116828929,13.884146341463415,0.6813174426294856,1.0235386643003634,0.7839838091307489,38,4,34,14,145,2,17,4,27,62,97,19,5,4,51
8475799,Nino Niederreiter,R,WPG,78,1270.4,1068.5,50.464420654911834,13.698717948717949,0.551008471436667,0.9725475849717564,0.6774702054971937,33,10,23,11,1,0,8,5,9,118,161,23,3,4,29
8482062,Cole Smith,L,NSH,69,879.2,1023.5,69.84758871701546,14.833333333333334,1.6410215599833202,1.2845562381654325,1.5340819634379537,24,4,20,3,0,6,8,4,3,115,195,15,5,2,24
8476822,Luke Glendening,C,DAL,70,844.4,1228.0,87.25722406442445,17.542857142857144,2.284019620883211,1.1954656746212202,1.9574534370046137,60,12,48,1,207,2,2,1,5,86,114,16,5,2,9
8480027,Jason Robertson,L,DAL,82,1544.8,617.0,23.964267219057483,7.524390243902439,-0.9392285218673528,-0.7253349730097037,-0.875060457210058,19,4,15,12,0,0,12,17,37,82,57,11,1,5,57
8478495,Denis Gurianov,R,MTL,66,871.0,325.5,22.422502870264065,4.931818181818182,-1.0259296903375934,-1.4382681205473298,-1.1496312194005143,27,8,19,2,0,0,17,4,13,39,43,7,1,1,15
8482740,Wyatt Johnston,C,DAL,82,1269.5,507.5,23.985821189444664,6.189024390243903,-1.5458339897668503,-1.5996095233718017,-1.5619666498483356,31,8,23,6,48,0,18,14,23,76,22,5,0,10,37
8470600,Ryan Suter,D,DAL,82,1671.1,760.0,27.287415474836937,9.268292682926829,-1.0737018801601879,-1.0370567821134327,-1.0627083507461612,115,60,55,1,0,0,35,7,3,51,81,6,7,4,19
8475220,Marcus Foligno,L,MIN,65,974.4,1179.5,72.62931034482759,18.146153846153847,1.7974517665054761,2.195550995060866,1.916881535072093,40,5,35,3,0,7,6,1,18,73,237,19,6,3,24
8478493,Joel Eriksson Ek,C,MIN,78,1481.6,1526.5,61.81830453563715,19.57051282051282,0.7441875106189175,1.6946319225457966,1.029320834196981,55,13,42,16,208,0,5,1,8,118,119,19,9,7,37
8471274,Alex Goligoski,D,MIN,46,812.7,418.0,30.860095976375046,9.08695652173913,-0.7700301806414414,-1.0910397942195462,-0.8663330647148728,67,31,36,2,0,0,11,3,3,43,33,3,0,0,9
8478136,Jake Middleton,D,MIN,79,1504.1,1074.5,42.862841566385214,13.60126582278481,0.2501825561650907,0.2528510880675451,0.250983115735827,155,77,78,0,0,4,20,2,1,67,115,10,5,5,13
8480884,Calen Addison,D,MIN,62,999.4,330.0,19.811887132279367,5.32258064516129,-1.709108935341218,-2.211678651832295,-1.859879850288541,38,22,16,0,0,0,13,4,4,69,19,5,3,4,7
8481557,Matt Boldy,L,MIN,81,1498.5,768.0,30.75075075075075,9.481481481481481,-0.5575903989840931,-0.1871531278717812,-0.44645921765039953,26,5,21,12,9,1,17,6,19,126,65,15,4,3,48
8476856,Mathew Dumba,D,MIN,79,1680.9,939.0,33.51775834374442,11.886075949367088,-0.5441334491820738,-0.2577537195700925,-0.4582195302984794,116,65,51,1,0,3,25,3,7,59,104,15,9,4,13
8474716,Jared Spurgeon,D,MIN,79,1723.2,1015.5,35.358635097493035,12.854430379746836,-0.387662090443243,0.030521319428278553,-0.26220706748178657,179,103,76,2,0,0,15,3,2,77,66,7,2,3,12
8480980,Connor Dewar,C,MIN,81,887.9,939.0,63.45309156436536,11.592592592592593,0.8431420891508643,-0.26936450460733974,0.509390111023403,50,11,39,2,78,2,1,1,8,74,124,13,1,2,16
8478864,Kirill Kaprizov,L,MIN,67,1414.5,874.0,37.07317073170732,13.044776119402986,-0.2020489050213348,0.7927196783541013,0.09638166999129605,28,2,26,17,0,0,7,5,42,104,66,29,4,5,45
8479351,Sam Steel,C,MIN,65,972.5,568.0,35.04370179948586,8.738461538461538,-0.8764942556031465,-0.9719916345857392,-0.9051434692979243,15,7,8,5,84,0,10,4,8,76,46,4,1,5,16
8475692,Mats Zuccarello,R,MIN,78,1575.1,699.0,26.626880832962986,8.961538461538462,-0.7894963583943544,-0.33013261113065323,-0.651687234215244,51,13,38,9,3,0,12,11,21,73,51,21,2,3,42
8477451,Ryan Hartman,R,MIN,59,961.6,884.0,55.15806988352745,14.983050847457626,0.8149559889862146,1.3257271587917738,0.9681873399278824,48,12,36,5,86,2,14,6,12,52,62,27,12,3,27
8476463,Jonas Brodin,D,MIN,60,1371.8,839.0,36.696311415658265,13.983333333333333,-0.27396190349164423,0.36659097818215247,-0.08179603898950522,130,70,60,0,0,0,17,2,4,99,50,7,5,4,23
8479370,Tyson Jost,C,BUF,71,940.3,803.0,51.238966287355105,11.309859154929578,0.10381421482633205,-0.3389675396770004,-0.02902031152466769,32,11,21,4,64,2,2,0,6,122,61,15,4,5,19
8477919,Frederick Gaudreau,C,MIN,82,1315.5,1036.5,47.27480045610034,12.640243902439025,-0.13613897306244724,-0.011454752358903463,-0.0987337068513841,52,16,36,9,226,0,9,1,11,55,42,9,0,3,39
8479346,Dillon Dube,C,CGY,82,1243.2,900.5,43.46042471042471,10.981707317073171,-0.3670252828036311,-0.4197516311070209,-0.38284318729464806,21,5,16,3,12,1,11,0,17,142,136,18,6,1,23
8475690,Chris Tanev,D,CGY,65,1307.8,852.5,39.11148493653464,13.115384615384615,-0.06867630703222076,0.10820629725790473,-0.01561152574518311,130,66,64,0,0,1,27,3,4,136,51,7,2,7,17
8476399,Blake Coleman,C,CGY,82,1246.7,807.0,38.83853372904468,9.841463414634147,-0.6467909440462882,-0.7004557352463517,-0.6628903814063072,39,4,35,6,1,0,14,4,14,81,107,21,5,5,31
8474150,Mikael Backlund,C,CGY,82,1489.4,1260.0,50.758694776420036,15.365853658536585,0.07474311008282716,0.6595331329367159,0.2501801169389938,31,9,22,9,245,0,12,8,23,71,97,12,5,6,54
8473473,Milan Lucic,L,CGY,77,870.6,804.5,55.44452101998622,10.448051948051948,0.8310645779933736,0.07864473947660153,0.6053386264383419,15,3,12,2,0,3,9,3,15,94,168,3,5,4,25
8475726,Tyler Toffoli,R,CGY,82,1362.1,575.5,25.350561632772923,7.0182926829268295,-0.8612702102700203,-0.864507084128338,-0.8622412724275155,14,3,11,12,3,0,16,3,13,61,59,15,1,7,34
8477507,Nikita Zadorov,D,CGY,82,1532.2,1058.0,41.430622634120866,12.902439024390244,0.1284464095781245,0.044813290913770815,0.10335647397881839,75,42,33,0,0,2,40,10,7,96,174,17,13,4,27
8474628,Michael Stone,D,CGY,48,639.0,494.5,46.431924882629104,10.302083333333334,0.5535485011190759,-0.7293016557748074,0.1686934540509109,59,20,39,0,0,1,9,3,3,54,54,6,6,0,6
8477496,Elias Lindholm,C,CGY,80,1492.1,1460.0,58.70920179612627,18.25,0.5559917727067049,1.3695493963479646,0.8000590597990828,50,12,38,13,317,0,12,7,14,67,98,14,1,9,33
8473453,Trevor Lewis,C,CGY,82,993.7,932.5,56.304719734326255,11.371951219512194,0.4104471208151682,-0.32368177728393477,0.1902084513854373,33,14,19,3,45,0,10,1,2,110,158,4,1,1,28
8477346,MacKenzie Weegar,D,CGY,81,1709.0,1216.5,42.70918665886483,15.018518518518519,0.23712215323064906,0.6747612516560588,0.36841388275827197,117,67,50,0,0,1,40,11,11,120,186,9,6,10,28
8475172,Nazem Kadri,C,CGY,82,1411.1,1228.5,52.23584437672738,14.981707317073171,0.16415580639028482,0.5649643705796155,0.284398375647084,31,11,20,7,128,0,10,5,35,141,99,38,5,12,22
8476456,Jonathan Huberdeau,C,CGY,79,1332.3,629.0,28.32695338887638,7.962025316455696,-1.2830628155421455,-1.1631339276103068,-1.247084149162594,27,6,21,8,0,0,14,10,38,63,65,22,5,4,30
8478397,Rasmus Andersson,D,CGY,79,1902.9,842.5,26.564717010878134,10.664556962025317,-1.1351300069393595,-0.6213947818360109,-0.9810094394083549,136,60,76,1,0,0,37,3,11,94,50,14,4,9,20
8478396,Noah Hanifin,D,CGY,81,1834.0,902.5,29.525627044711015,11.141975308641975,-0.8834577452554387,-0.4792693490691231,-0.762201226399544,129,66,63,1,0,1,36,7,10,95,76,4,4,4,54
8478233,Andrew Mangiapane,L,CGY,82,1379.4,764.5,33.25358851674641,9.323170731707316,-0.416843235532627,-0.23068710819046162,-0.36099639732997735,26,7,19,7,0,0,9,7,16,76,86,21,8,10,38
8478452,Caleb Jones,D,CHI,73,1402.3,965.5,41.310703843685374,13.226027397260275,0.11825351858770419,0.14114418782715216,0.12512071935953856,118,83,35,0,0,0,40,4,5,98,116,8,6,3,26
8477478,William Carrier,L,VGK,56,704.8,831.5,70.78603859250852,14.848214285714286,1.6937953193582054,1.2886483613408943,1.572251231953012,22,1,21,8,0,0,2,3,3,86,133,15,8,1,18
8481147,Reese Johnson,C,CHI,57,627.6,885.0,84.60803059273422,15.526315789473685,2.123662449683589,0.6990355399363406,1.6962743767594144,23,6,17,1,51,2,6,0,1,43,178,7,7,3,10
8473548,Phil Kessel,R,VGK,82,1050.3,346.0,19.765781205369894,4.219512195121951,-1.1753305198656545,-1.6341456263386167,-1.3129750518075431,28,6,22,6,2,0,7,5,15,47,10,5,2,4,32
8479980,Nicolas Hague,D,VGK,81,1465.4,1210.5,49.56325917838133,14.944444444444445,0.8197065320269714,0.6527097115148133,0.769607485873324,133,76,57,0,0,1,18,5,2,197,117,12,4,8,11
8480014,Gabriel Vilardi,R,LAK,63,983.0,669.5,40.8646998982706,10.626984126984127,0.011167861397798788,0.12784942056821555,0.046172329148923816,33,10,23,9,10,0,10,1,5,96,41,27,2,3,20
8477955,Jared McCann,L,SEA,79,1290.8,690.5,32.09637434149364,8.740506329113924,-0.48191921244392366,-0.39091438695126224,-0.45461776479612526,28,3,25,7,4,0,11,3,14,75,65,22,2,4,52
8479987,Morgan Geekie,C,SEA,69,721.4,759.0,63.127252564458,11.0,0.8234188711790482,-0.4152483567090639,0.45181870281261455,33,7,26,4,119,2,3,5,6,69,53,8,2,5,24
8477444,Andre Burakovsky,L,SEA,49,811.1,323.5,23.930464800887684,6.6020408163265305,-0.9411294019562814,-0.9789724668900375,-0.9524823214364082,15,4,11,2,0,0,5,6,6,68,17,10,0,4,27
8482660,Kent Johnson,C,CBJ,79,1146.8,383.5,20.064527380537147,4.8544303797468356,-1.7831921100244137,-1.928158542844703,-1.8266820398705004,30,6,24,4,4,0,9,5,26,69,15,11,1,2,24
8477946,Dylan Larkin,C,DET,80,1564.5,1072.5,41.1313518696069,13.40625,-0.5080053721261082,0.1771198630555533,-0.3024678015716097,27,10,17,3,229,1,14,7,26,64,47,23,9,7,49
8477429,Andrew Copp,C,DET,82,1488.7,972.0,39.1751192315443,11.853658536585366,-0.6264172342268968,-0.20509555147106226,-0.5000207294001464,45,18,27,3,269,1,20,6,18,56,32,9,4,2,24
8474102,David Perron,L,DET,82,1387.3,845.5,36.56743314351618,10.310975609756097,-0.2304890747981288,0.04095002435434276,-0.14905734505238732,24,5,19,8,0,0,10,4,18,72,107,28,10,1,39
8479992,Michael Rasmussen,C,DET,56,845.5,1080.0,76.64104080425784,19.285714285714285,1.6414160757933343,1.6245205039275397,1.6363474042335957,48,21,27,3,73,1,3,0,5,103,119,26,9,2,16
8480813,Joe Veleno,C,DET,81,1034.8,1147.0,66.50560494781601,14.160493827160494,1.027912441505247,0.3627988545001302,0.8283783654037118,44,18,26,4,95,0,8,0,9,109,152,13,6,2,28
8476897,Oskar Sundqvist,C,MIN,67,929.0,619.0,39.97847147470399,9.238805970149254,-0.5777898710061325,-0.848817342526314,-0.659098112462187,28,6,22,7,2,0,3,5,12,72,63,22,3,1,16
8477330,Dominik Kubalik,L,DET,81,1208.0,582.0,28.907284768211923,7.185185185185185,-0.6612577686741107,-0.8186132018808276,-0.7084643986361258,26,7,19,4,1,0,9,5,5,45,89,19,4,0,12
8476874,Olli Määttä,D,DET,78,1459.2,974.0,40.04934210526316,12.487179487179487,0.01103993969373677,-0.0788077258630426,-0.015914359973297043,128,78,50,1,0,0,33,2,3,168,78,7,2,4,19
8479425,Filip Hronek,D,VAN,64,1388.8,661.5,28.578629032258064,10.3359375,-0.963950947980579,-0.719223412819629,-0.8905326874322939,58,36,22,0,0,0,23,5,4,71,102,10,4,2,10
8481542,Moritz Seider,D,DET,82,1898.2,1586.5,50.1475081656306,19.347560975609756,0.8693666913453624,1.963498974118056,1.1976063761771705,190,127,63,1,0,0,33,6,7,87,207,20,8,5,24
8477479,Tyler Bertuzzi,L,BOS,50,824.4,455.0,33.114992721979625,9.1,-0.4246371745744436,-0.2920569788765099,-0.38486311586506344,22,2,20,7,0,1,8,1,20,41,54,10,2,5,14
8482078,Lucas Raymond,L,DET,74,1285.8,603.5,28.161455902939807,8.155405405405405,-0.7031994792529889,-0.5518116863039888,-0.6577831413682887,20,7,13,7,2,0,7,7,13,96,43,23,4,2,31
8475279,Ben Chiarot,D,DET,76,1566.2,1263.5,48.40377984931681,16.625,0.7211527827448031,1.1530040284693206,0.8507081564621584,163,107,56,0,0,1,14,1,4,106,147,6,9,0,9
8477454,Adam Erne,L,DET,61,816.2,850.0,62.484685126194556,13.934426229508198,1.2269684362634137,1.0373651647729436,1.1700874548162727,55,11,44,2,5,1,5,3,9,51,160,8,4,2,14
8476460,Mark Scheifele,C,WPG,81,1658.8,1132.5,40.96334699782975,13.981481481481481,-0.5181748015293711,0.3187297741777344,-0.2671034288172395,38,11,27,18,141,1,17,4,24,108,50,26,0,9,52
8475455,Brenden Dillon,D,WPG,82,1606.2,1181.0,44.1165483750467,14.402439024390244,0.35674547919180727,0.49135697877399237,0.3971289290664628,108,59,49,0,0,4,43,2,2,99,198,14,6,4,14
8476392,Adam Lowry,C,WPG,82,1283.1,1498.5,70.07248071077859,18.274390243902438,1.2438174380566103,1.3755537622119072,1.2833383353031993,46,11,35,8,252,6,14,4,6,121,161,9,2,3,25
8482149,Cole Perfetti,C,WPG,51,763.4,338.0,26.565365470264606,6.627450980392157,-1.38969272327319,-1.491678103650828,-1.4202883373864812,22,2,20,3,1,0,8,3,7,51,35,5,2,3,16
8479400,Pierre-Luc Dubois,L,WPG,73,1347.0,1193.0,53.14031180400891,16.34246575342466,0.701487297534479,1.69955358463912,1.0009071836658712,47,21,26,9,106,1,25,3,19,121,71,40,17,3,37
8477357,Saku Maenalanen,R,WPG,64,661.2,650.5,59.029038112522684,10.1640625,1.0326400136737215,0.0005502887848899126,0.723013096207072,31,9,22,2,0,0,10,1,5,59,113,13,1,3,20
8477504,Josh Morrissey,D,WPG,78,1890.0,889.0,28.22222222222222,11.397435897435898,-0.9942449140033017,-0.4032198067871351,-0.8169373818384517,119,53,66,1,0,1,49,3,7,72,89,17,7,9,27
8476331,Dylan DeMelo,D,WPG,75,1467.1,946.5,38.70901779019835,12.62,-0.10288532244117841,-0.039267618117471106,-0.08380001114406621,102,59,43,1,0,0,42,2,2,108,120,15,5,5,15
8478891,Mason Appleton,C,WPG,41,656.8,366.5,33.48051157125457,8.939024390243903,-0.9711150395227637,-0.9226172722122392,-0.9565657093296063,11,1,10,4,0,0,8,1,2,59,47,11,0,0,12
8477220,Nate Schmidt,D,WPG,71,1311.2,507.5,23.22300183038438,7.147887323943662,-1.4191700513069565,-1.6682925346193795,-1.4939067963006833,85,37,48,1,0,0,39,5,6,49,45,6,3,7,14
8480145,Neal Pionk,D,WPG,82,1799.2,1297.0,43.25255669186305,15.817073170731707,0.28330767172777976,0.9124876112275344,0.47206165357770613,129,86,43,2,0,2,45,2,4,144,169,13,9,7,22
8480289,Morgan Barron,C,WPG,70,928.0,788.0,50.94827586206897,11.257142857142858,0.0862185598498915,-0.35194518517206563,-0.045230563656695644,44,7,37,5,3,1,12,1,3,92,118,12,4,2,17
8471218,Blake Wheeler,R,WPG,72,1227.2,636.5,31.119621903520205,8.840277777777779,-0.5368469176699059,-0.36347816869890376,-0.48483629297860525,35,8,27,8,15,0,14,4,9,67,54,13,5,2,43
8478398,Kyle Connor,L,WPG,82,1683.4,474.5,16.912201496970415,5.786585365853658,-1.3358016678947453,-1.2032151135977855,-1.2960257016056573,24,4,20,4,1,0,8,3,29,71,43,9,0,8,34
8477940,Nikolaj Ehlers,L,WPG,45,704.2,336.5,28.6708321499574,7.477777777777778,-0.6745546893783407,-0.738152966644191,-0.6936341725580958,10,2,8,1,1,1,10,4,9,37,36,17,0,2,28
8478414,Timo Meier,R,NJD,78,1512.3,1134.0,44.991073199761956,14.538461538461538,0.24321459867232997,1.2034692435501266,0.531290992135669,37,7,30,14,4,1,13,7,45,125,148,26,3,3,53
8476881,Tomas Hertl,C,SJS,79,1523.2,1168.5,46.0280987394958,14.791139240506329,-0.21160252932618256,0.518050511978112,0.007293383065105824,54,20,34,10,167,0,7,3,29,78,88,15,1,5,44
8478904,Steven Lorentz,C,SJS,80,946.7,1015.5,64.36040984472378,12.69375,0.8980625750914978,0.001717325255121112,0.6291590001405847,43,9,34,4,105,0,5,4,6,87,129,5,0,6,40
8479393,Noah Gregor,C,SJS,57,739.5,619.0,50.22312373225152,10.859649122807017,0.04232469348281339,-0.44979979536473547,-0.10531265317145126,32,6,26,5,2,2,5,1,4,38,97,8,4,4,21
8479983,Mario Ferraro,D,SJS,72,1555.4,1203.5,46.42535682139642,16.71527777777778,0.5529902272078728,1.1798793430164638,0.7410569619504501,137,79,58,0,0,0,18,6,3,147,128,10,2,10,31
8476988,Matt Benning,D,SJS,77,1523.0,1010.5,39.80958634274458,13.123376623376624,-0.009338887867833424,0.11058548440601132,0.026638423814319995,124,86,38,0,0,0,33,3,5,124,97,19,3,5,12
8474009,Nick Bonino,C,PIT,62,986.7,677.5,41.197932502280324,10.92741935483871,-0.5039752089740832,-0.4331161873848294,-0.48271750249730705,76,21,55,5,93,0,7,3,5,36,17,4,0,5,35
8478431,Evgeny Svechnikov,L,SJS,59,634.1,600.0,56.77337959312411,10.169491525423728,0.9057929832213957,0.0020432201637341336,0.6346680543040971,21,2,19,4,1,0,5,2,14,62,99,10,2,3,21
8480160,Radim Simek,D,SJS,44,643.4,651.5,60.75536213863848,14.806818181818182,1.7710160391790568,0.6117389522751127,1.4232329131078734,72,41,31,0,0,1,16,1,4,61,87,5,2,1,19
8478099,Kevin Labanc,R,SJS,72,1031.5,482.5,28.06592341250606,6.701388888888889,-0.708571751970256,-0.9516526731186207,-0.7814960283147654,25,3,22,1,1,0,9,5,12,52,69,6,5,2,35
8476442,Matt Nieto,L,COL,81,1095.5,550.0,30.123231401186672,6.790123456790123,-0.5928789700860708,-0.9272514941834593,-0.6931907273152873,32,4,28,8,0,0,5,2,14,85,41,10,1,3,32
8471709,Marc-Edouard Vlasic,D,SJS,78,1362.7,702.0,30.909224334042708,9.0,-0.7658543547143593,-1.1169263848201387,-0.8711759637460931,113,72,41,0,0,0,29,4,4,75,45,5,1,14,20
8477034,Jaycob Megna,D,SEA,54,1018.8,611.0,35.98351001177856,11.314814814814815,-0.33454879718177644,-0.4278157554062167,-0.3625288846491085,66,29,37,0,0,1,18,5,3,75,85,5,1,3,11
8481477,Nico Sturm,C,SJS,74,1090.0,1276.0,70.23853211009174,17.243243243243242,1.2538686226726612,1.1217070243018346,1.214220143161413,44,17,27,6,250,1,7,4,8,93,99,9,3,3,37
8474053,Logan Couture,C,SJS,82,1568.8,1442.0,55.15043345232024,17.585365853658537,0.3405775227978827,1.2059304265555204,0.600183393925174,68,25,43,12,235,1,12,2,20,64,125,4,1,8,63
8478067,Oskar Lindblom,L,SJS,73,771.9,434.5,33.77380489700738,5.9520547945205475,-0.3875888504112673,-1.1577125633211698,-0.618625964284238,23,7,16,6,2,0,7,1,5,57,60,3,0,1,14
8476474,Stefan Noesen,R,CAR,78,961.9,702.0,43.78833558581973,9.0,0.17557860970066352,-0.31955604661561343,0.027038212805780434,18,5,13,10,8,2,7,3,21,72,99,11,3,4,23
8474578,Erik Karlsson,D,SJS,82,2100.4,687.5,19.639116358788804,8.384146341463415,-1.7237941540139934,-1.3002634273968963,-1.5967349360288643,87,50,37,3,0,0,49,15,31,94,32,14,0,13,66
8479365,Trent Frederic,C,BOS,79,941.5,821.5,52.35262878385555,10.39873417721519,0.17122483225322052,-0.563267375949935,-0.04912283020772616,36,6,30,8,4,7,9,5,6,126,105,12,1,1,23
8480188,Fabian Zetterlund,L,SJS,67,888.2,414.5,28.00045034902049,6.186567164179104,-0.7122536318320959,-1.093223847932186,-0.8265446966621228,20,2,18,1,2,0,6,9,8,72,53,9,1,2,19
8480459,Pius Suter,C,DET,79,1110.9,586.0,31.650013502565486,7.417721518987341,-1.081916117404808,-1.2971300923967795,-1.1464803099023992,37,13,24,5,77,0,9,0,6,26,39,9,1,5,26
8480002,Nico Hischier,C,NJD,81,1562.4,1458.0,55.99078341013824,18.0,0.3914443785007391,1.3080046462425496,0.6664124588232823,61,15,46,13,288,0,15,3,23,117,34,30,3,6,58
8477494,Jonathan Drouin,L,MTL,58,864.7,376.5,26.124667514744996,6.491379310344827,-0.8177383407341929,-1.0094033493810584,-0.8752378433282525,23,10,13,1,44,0,10,3,6,23,29,8,0,1,30
8479337,Alex DeBrincat,R,OTT,82,1558.5,843.5,32.473532242540905,10.286585365853659,-0.4607097255698939,0.03424293466187869,-0.3122239275003621,38,9,29,6,2,1,19,7,13,84,109,24,5,7,37
8479458,Nikita Zaitsev,D,CHI,46,757.3,633.5,50.19146969496897,13.771739130434783,0.8731033457486543,0.30360027438737763,0.7022524243402712,72,54,18,0,0,0,22,1,0,66,95,3,1,0,7
8481122,Simon Benoit,D,ANA,78,1509.2,1297.0,51.56374238006891,16.628205128205128,0.9897441644023361,1.153958181648509,1.0390083695761878,128,86,42,0,0,2,29,3,3,97,216,10,5,2,7
8480023,Robert Thomas,C,STL,73,1412.1,878.5,37.3273847461228,12.034246575342467,-0.7382616421104546,-0.16063856860173134,-0.5649747200578376,29,9,20,2,212,0,12,5,23,66,15,14,3,3,64
8480281,Alexey Toropchenko,R,STL,69,833.3,769.0,55.370214808592344,11.144927536231885,0.8268859657706383,0.27027902952747934,0.6599038848976906,46,6,40,3,0,0,11,2,10,92,122,10,5,2,16
8478569,Noel Acciari,C,TOR,77,1102.1,1629.0,88.68523727429454,21.155844155844157,2.370458063834816,2.084907206014799,2.2847928064888103,81,20,61,3,139,1,9,1,3,116,244,16,2,5,28
8477402,Pavel Buchnevich,L,STL,63,1225.5,570.5,27.93145654834761,9.055555555555555,-0.7161335004645641,-0.3042787867605559,-0.5925770863533617,23,12,11,10,19,0,9,6,16,55,54,8,2,9,26
8475753,Justin Faulk,D,STL,82,1916.9,991.5,31.034482758620683,12.091463414634147,-0.7552076040031611,-0.19661073544968216,-0.5876285434371175,140,77,63,2,0,0,45,6,7,64,112,6,2,12,39
8477964,Ivan Barbashev,C,VGK,82,1374.0,1144.0,49.956331877729255,13.951219512195122,0.0261756324393418,0.3112799128280276,0.11170691655594753,46,16,30,5,13,2,12,11,17,114,182,22,1,8,41
8475181,Nick Leddy,D,STL,78,1647.7,664.0,24.179158827456455,8.512820512820513,-1.3378983506377773,-1.261957668056792,-1.3151161458634817,96,64,32,0,0,0,26,2,6,46,43,14,1,9,34
8476892,Colton Parayko,D,STL,79,1817.2,1145.5,37.82192383887299,14.5,-0.17828678297362657,0.5204004706673401,0.03131939311866341,144,80,64,0,0,0,44,1,4,118,115,7,8,15,44
8476792,Torey Krug,D,STL,63,1170.8,587.0,30.08199521694568,9.317460317460318,-0.8361674072731027,-1.0224197842148008,-0.8920431203556121,87,51,36,0,0,1,16,6,8,42,40,11,6,4,15
8475170,Brayden Schenn,C,STL,82,1511.2,1227.0,48.716251985177344,14.963414634146341,-0.04888710108924514,0.560461096181658,0.1339173580920258,41,12,29,8,167,2,18,3,26,71,140,16,3,5,36
8478859,Niko Mikkola,D,NYR,81,1411.9,1089.5,46.29931298250584,13.450617283950617,0.5422767176305985,0.20800365199969537,0.4419947979413275,106,64,42,1,0,2,28,3,3,150,151,7,5,2,7
8475765,Vladimir Tarasenko,R,NYR,69,1159.2,593.5,30.71946169772257,8.601449275362318,-0.5593499399022586,-0.4291537803584179,-0.5202910920391063,36,11,25,3,0,0,10,1,15,64,75,17,1,2,22
8479385,Jordan Kyrou,C,STL,79,1422.3,510.5,21.53554102510019,6.462025316455696,-1.6941508265700662,-1.5324024282427953,-1.6456263070718848,35,9,26,5,2,0,11,9,35,95,14,11,2,13,41
8475158,Ryan O'Reilly,C,TOR,53,950.8,827.0,52.18763146823727,15.60377358490566,0.16123745191621644,0.7181040225906496,0.32829742311854637,23,8,15,10,199,0,6,0,4,34,18,8,2,10,36
8476438,Brandon Saad,L,STL,71,1182.5,383.0,19.433403805496827,5.394366197183099,-1.1940217737947312,-1.3110717284762516,-1.2291367601991874,31,12,19,6,0,0,11,4,11,29,24,9,2,5,29
8478468,Jeremy Lauzon,D,NSH,67,1128.4,1235.5,65.69478908188584,18.440298507462686,2.190858836165479,1.693410755195683,2.0416244118745404,73,50,23,1,0,4,19,2,2,104,244,10,8,0,3
8479996,Cody Glass,C,NSH,72,1063.2,776.5,43.82054176072235,10.784722222222221,-0.34522719515787015,-0.46824522485539344,-0.3821326040671271,30,12,18,7,98,0,7,5,11,75,61,8,3,5,30
8479977,Kailer Yamamoto,R,EDM,58,961.5,672.5,41.96567862714509,11.594827586206897,0.07308143614675577,0.3939973490283691,0.16935621001123977,24,4,20,3,0,0,8,1,8,102,77,16,2,10,35
8477998,Warren Foegele,L,EDM,67,851.0,736.0,51.891891891891895,10.985074626865671,0.6312823630341008,0.2263209696979364,0.5097939450332514,22,3,19,5,2,0,9,2,16,78,96,17,6,6,43
8477450,Jason Dickinson,C,CHI,78,1243.2,1270.5,61.317567567567565,16.28846153846154,0.7138776202417972,0.8866598185977874,0.7657122797485942,80,25,55,2,163,0,21,5,10,115,112,12,4,10,44
8478104,Sammy Blais,L,STL,71,837.6,1175.0,84.16905444126076,16.549295774647888,2.4463896523706623,1.7564299122800984,2.239401730343493,35,6,29,5,1,0,10,4,9,107,238,19,5,3,13
8478841,Colton White,D,ANA,46,668.4,398.5,35.77199281867146,8.66304347826087,-0.35252739489870544,-1.2172369233974352,-0.6119402534483243,37,26,11,0,0,0,8,1,3,92,34,3,2,1,6
8479976,Juuso Välimäki,D,ARI,78,1417.7,768.5,32.524511532764336,9.852564102564102,-0.6285577202586627,-0.8631216391559959,-0.6989268959278627,98,54,44,2,0,1,39,6,4,147,53,11,4,5,12
8479972,Mason Shaw,C,MIN,59,666.1,653.0,58.81999699744783,11.067796610169491,0.5626982685728154,-0.39855825498556163,0.27432131150530226,27,7,20,3,5,7,10,2,6,84,87,14,5,2,15
8478466,Daniel Sprong,R,SEA,66,753.6,335.0,26.67197452229299,5.075757575757576,-0.7869605133032382,-1.3986861291046804,-0.9704781980436709,17,2,15,6,0,0,11,2,8,42,33,6,2,3,18
8483565,Nick Blankenburg,D,CBJ,36,690.3,471.5,40.982181660147766,13.097222222222221,0.09032969787059136,0.10279942924250308,0.09407061728216487,49,26,23,1,0,0,10,1,2,48,61,5,1,2,10
8474574,Tyler Myers,D,VAN,78,1630.7,953.5,35.0830931501809,12.224358974358974,-0.41108268217904403,-0.15704828655650022,-0.3348723634922809,144,83,61,0,0,2,40,2,6,89,93,4,8,4,21
8481624,Ilya Mikheyev,R,VAN,46,778.0,234.5,18.08483290488432,5.0978260869565215,-1.2698587024016046,-1.3926174942610707,-1.3066863399594444,14,3,11,4,0,0,4,3,3,27,13,11,0,0,12
8482222,Alexander Barabanov,L,SJS,68,1227.6,525.5,25.684261974584558,7.727941176470588,-0.8425045606578537,-0.6693603641792113,-0.790561301714261,37,9,28,6,0,0,10,7,18,96,40,9,1,4,24
8479772,Zack MacEwen,C,LAK,56,648.1,796.5,73.73862058324332,14.223214285714286,1.4657309469992026,0.37823931429289104,1.1394834571873091,29,4,25,1,3,8,10,1,2,78,150,9,8,1,12
8480246,Nick Perbix,D,TBL,69,1062.3,757.5,42.78452414572155,10.978260869565217,0.24352571007302592,-0.5280064486566585,0.012066062454120619,65,40,25,0,0,0,20,4,4,151,73,12,1,5,22
8474013,Ian Cole,D,TBL,78,1512.1,1097.0,43.52886713841677,14.064102564102564,0.3067935845777054,0.39063563829770304,0.3319462006937047,123,71,52,1,0,1,34,4,7,146,117,6,10,7,26
8480049,Dylan Samberg,D,WPG,63,940.3,754.0,48.112304583643514,11.968253968253968,0.6963778863451441,-0.23328966916022953,0.417477619693532,93,47,46,0,0,1,33,3,3,89,91,8,3,3,17
8476410,Josh Leivo,L,STL,51,606.5,369.5,36.55399835119538,7.245098039215686,-0.23124458078273666,-0.8021377255665498,-0.4025125242178806,13,2,11,1,1,1,5,2,3,34,55,7,2,2,28
8476891,Matt Grzelcyk,D,BOS,75,1292.5,586.0,27.203094777562864,7.8133333333333335,-1.0808689944416916,-1.4701920578828918,-1.1976659134740517,78,41,37,0,0,0,16,6,11,94,51,4,3,1,12
8478413,Jordan Greenway,L,BUF,62,837.3,670.5,48.04729487638839,10.814516129032258,0.415081324397932,0.17941897284392846,0.3443826189317309,39,12,27,4,0,0,4,3,6,56,107,11,4,3,9
8476931,Jake McCabe,D,TOR,76,1480.1,1302.5,52.800486453618,17.138157894736842,1.09486528411139,1.3057689743162386,1.1581363911728446,151,100,51,0,0,2,32,2,8,116,163,15,1,7,25
8475750,Jon Merrill,D,MIN,73,1105.6,799.5,43.38820549927641,10.952054794520548,0.29483758711404845,-0.5358078869198507,0.045643944903878686,107,67,40,0,0,0,12,0,2,121,47,8,6,4,14
8476449,Scott Harrington,D,ANA,45,739.7,494.0,40.070298769771526,10.977777777777778,0.012821220142621183,-0.5281502630488838,-0.1494702248148303,76,39,37,0,0,0,6,0,3,39,50,0,4,1,4
8480157,Calle Rosen,D,STL,49,764.5,291.0,22.838456507521254,5.938775510204081,-1.4518557425367087,-2.028240033514469,-1.6247710298300366,51,37,14,0,0,0,24,0,1,48,16,2,1,3,7
8480222,Sebastian Aho,D,NYI,71,1190.7,581.0,29.27689594356261,8.183098591549296,-0.9045994611677312,-1.3601144965186631,-1.0412539717730107,69,40,29,1,0,0,23,3,12,104,38,16,0,0,14
8477244,Chad Ruhwedel,D,PIT,47,684.7,578.0,50.64991967284942,12.297872340425531,0.9120708055781441,-0.13516366682958106,0.5979004638558265,51,32,19,0,0,0,9,0,1,52,90,3,2,8,6
8479439,Jacob MacDonald,D,SJS,58,698.3,488.5,41.9733638837176,8.422413793103448,0.1745784825673026,-1.2888713680766608,-0.26445647262588645,43,20,23,0,0,1,16,7,11,76,69,6,2,1,9
8480853,Liam Foudy,C,CBJ,62,752.4,440.5,35.12759170653907,7.104838709677419,-0.871416352335225,-1.3741552696418167,-1.0222380275272025,18,3,15,4,3,0,1,3,3,46,60,9,0,0,23
8473544,Derick Brassard,C,OTT,62,755.2,606.0,48.146186440677965,9.774193548387096,-0.083393489199876,-0.7170161636775494,-0.273480291543178,10,3,7,6,63,0,10,2,12,30,90,8,3,5,11
8475747,Patrik Nemeth,D,ARI,75,1332.8,972.5,43.78001200480192,12.966666666666667,0.3281404663847274,0.06393358974355814,0.2488784033923766,118,76,42,0,0,0,27,0,3,127,116,6,2,1,12
8475752,Tyler Pitlick,C,STL,61,614.6,642.0,62.67491051090139,10.524590163934427,0.7960383522029517,-0.5322842749423115,0.3975415640593727,29,8,21,2,1,0,1,3,2,70,103,12,2,2,17
8473419,Brad Marchand,L,BOS,73,1352.5,842.5,37.37523105360444,11.54109589041096,-0.1850625329616407,0.3792216336040752,-0.015777282991925934,22,5,17,5,3,0,16,16,52,99,81,41,14,1,41
8477499,Rasmus Ristolainen,D,PHI,74,1407.8,1265.0,53.91390822560023,17.094594594594593,1.1895042202360877,1.2928003631823175,1.2204930631199566,142,85,57,2,0,0,40,2,1,154,162,6,6,4,20
8470595,Eric Staal,C,FLA,72,1025.1,759.0,44.42493415276559,10.541666666666666,-0.3086429836541362,-0.5280803985689911,-0.37447420812859267,45,21,24,7,145,0,11,5,15,43,27,9,2,4,29
8480326,Sheldon Dries,C,VAN,63,726.5,687.5,56.77907777013076,10.912698412698413,0.43916027958227327,-0.43674017420619277,0.17639014344573345,40,12,28,6,73,3,9,2,7,32,84,9,1,1,3
8479945,Gavin Bayreuther,D,CBJ,51,813.3,552.0,40.72298045001845,10.823529411764707,0.06829804069794493,-0.5740693525194772,-0.12441217726728172,71,36,35,0,0,1,8,1,0,60,54,5,4,1,8
8479383,Boris Katchouk,L,CHI,58,701.2,487.0,41.67142042213348,8.39655172413793,0.05653381638474212,-0.4854986967653769,-0.10607593756029357,15,2,13,2,1,1,8,5,4,42,85,10,3,3,21
8477851,Jordan Oesterle,D,DET,52,814.1,465.0,34.27097408180813,8.942307692307692,-0.4801114065774803,-1.1341011420455323,-0.6763083272178958,68,38,30,0,0,1,16,0,2,59,41,5,2,1,3
8476469,Joel Armia,R,MTL,43,642.7,335.0,31.274311498366266,7.790697674418604,-0.5281479432554063,-0.652102912297797,-0.5653344339681234,25,9,16,2,1,0,7,5,1,41,37,5,3,1,17
8480845,Rasmus Kupari,C,LAK,66,666.3,664.0,59.792886087348045,10.06060606060606,0.6215877925032199,-0.6465074177112284,0.2411592294388854,34,8,26,0,62,0,9,1,2,79,80,9,2,2,14
8475625,Matt Irwin,D,WSH,61,795.3,827.5,62.42927197284044,13.565573770491802,1.9132954968507994,0.2422257142953986,1.411974562084179,75,47,28,0,0,4,16,0,2,104,117,7,3,1,8
8479580,Dylan Gambrell,C,OTT,60,683.3,580.0,50.92931362505489,9.666666666666666,0.08507076497583327,-0.7434870239379429,-0.16349657169829956,45,16,29,3,40,0,12,0,5,71,60,5,1,1,13
8478451,Ethan Bear,D,VAN,61,1130.2,608.5,32.304016988143694,9.975409836065573,-0.6472993774179682,-0.826550981238902,-0.7010748585642483,82,56,26,0,0,1,24,1,3,99,39,9,2,3,14
8476441,Joel Edmundson,D,MTL,61,1193.5,931.5,46.82865521575199,15.270491803278688,0.5872698972691651,0.7497726382020985,0.6360207195490452,149,90,59,1,0,2,62,5,4,51,112,12,6,3,9
8476873,Mark Jankowski,C,NSH,50,622.0,555.5,53.58520900321543,11.11,0.2458336063443987,-0.3881686666626815,0.055632924442274634,31,7,24,0,100,0,7,3,2,42,45,6,3,0,15
8477947,Sonny Milano,L,WSH,64,826.0,515.5,37.445520581113804,8.0546875,-0.18110979908823618,-0.5795081713368275,-0.3006293107628136,15,5,10,10,0,0,3,2,16,115,39,7,0,4,17
8480043,Timothy Liljegren,D,TOR,67,1199.9,882.0,44.10367530627552,13.164179104477611,0.3556512904810949,0.12273221132913269,0.2857755667355062,93,55,38,0,0,0,33,2,2,144,107,7,6,2,9
8479325,Charlie McAvoy,D,BOS,67,1494.3,1069.5,42.9431840995784,15.962686567164178,0.2570115333400475,0.95583610659074,0.4666589053152552,131,81,50,1,0,0,24,7,14,140,84,16,9,3,23
8477406,Mattias Janmark,C,EDM,66,967.8,433.0,26.844389336639804,6.5606060606060606,-1.3728032516708908,-1.5081339191870353,-1.413402451925734,26,5,21,4,3,0,13,3,10,97,20,10,4,3,24
8480205,Emil Bemstrom,R,CBJ,55,666.0,245.5,22.117117117117118,4.463636363636364,-1.043103068132148,-1.5670137558713149,-1.200276274453898,21,3,18,1,0,0,4,2,3,38,16,8,0,1,15
8481013,Jonatan Berggren,R,DET,67,901.8,381.0,25.34930139720559,5.686567164179104,-0.8613410796582773,-1.2307191866277043,-0.9721545117491055,28,4,24,7,1,0,9,2,15,68,20,6,3,2,14
8481704,Juuso Parssinen,C,NSH,45,645.0,599.5,55.76744186046512,13.322222222222223,0.3779253888536479,0.15643398871456682,0.3114779688119235,18,7,11,4,45,1,3,6,8,50,76,9,2,4,22
8479591,Michael Eyssimont,C,TBL,54,661.7,743.5,67.41725857639412,13.768518518518519,1.0830953485125576,0.2663027648286776,0.8380575734073935,19,7,12,1,2,3,6,2,7,102,107,18,6,6,23
8476927,Teddy Blueger,C,VGK,63,813.3,874.5,64.51493913684988,13.880952380952381,0.9074163200775186,0.29398162069619216,0.7233859102631206,47,13,34,2,160,0,7,1,8,49,71,8,2,4,22
8478013,Jake Walman,D,DET,63,1242.3,780.5,37.69620864525477,12.38888888888889,-0.18897235826784542,-0.10806842335815674,-0.1647011777949388,121,80,41,1,0,1,32,2,2,43,47,17,6,6,27
8477887,Patrick Brown,C,OTT,61,694.0,982.5,84.94236311239193,16.10655737704918,2.1438997851840975,0.841878833968753,1.753293499819494,42,10,32,2,91,2,10,1,2,70,167,6,1,1,8
8476875,Mike Matheson,D,MTL,48,1173.7,553.0,28.26957484876885,11.520833333333334,-0.9902200221681934,-0.36648490938837747,-0.8030994883342486,80,42,38,1,0,1,64,2,7,60,53,9,5,7,35
8474567,Zach Bogosian,D,TBL,46,688.9,626.5,54.565248947597624,13.619565217391305,1.2448670616459372,0.25829874083634063,0.9488965654030581,50,31,19,0,0,0,15,5,5,52,114,5,6,0,5
8479345,Jakob Chychrun,D,OTT,48,1089.8,595.0,32.758304276013945,12.395833333333334,-0.6086857390817304,-0.10600109146991492,-0.45788034479818573,83,52,31,2,0,0,27,3,16,78,55,4,0,4,14
8478519,Anthony Cirelli,C,TBL,58,960.5,1004.5,62.748568453930254,17.31896551724138,0.8004969089322779,1.1403482580243511,0.9024523136598998,46,20,26,9,170,1,4,2,9,63,34,19,6,8,32
8477392,Hudson Fasching,R,NYI,49,611.6,392.0,38.45650752125572,8.0,-0.12425691551555841,-0.5945467240066499,-0.26534385806288585,22,4,18,5,0,0,2,1,9,42,45,8,0,3,13
8481072,Tim Berni,D,CBJ,59,1000.9,763.5,45.768808072734544,12.940677966101696,0.4971847124865807,0.056196862948239945,0.36488835762507843,74,47,27,0,0,0,18,6,1,76,122,2,3,2,17
8480893,Kirill Marchenko,R,CBJ,59,955.2,523.0,32.85175879396985,8.864406779661017,-0.4394401431067746,-0.35684291812626234,-0.41466097561262094,39,5,34,8,0,0,4,3,12,61,34,12,2,2,29
8481546,Cam York,D,PHI,54,1060.9,560.0,31.671222546894143,10.37037037037037,-0.7010858168539987,-0.708972892207097,-0.7034519394599281,69,36,33,0,0,0,20,1,2,88,44,13,1,1,12
8478831,Kevin Stenlund,C,WPG,54,628.8,689.0,65.74427480916032,12.75925925925926,0.9818286999105075,0.017844329217929025,0.6926333887027339,28,6,22,3,159,0,8,2,2,57,31,6,2,1,24
8478438,Tommy Novak,C,NSH,51,747.3,436.0,35.00602167804095,8.549019607843137,-0.8787750545519332,-1.0186282597033265,-0.9207310160973512,23,11,12,4,39,0,8,2,5,76,9,11,0,5,21
8482111,Justin Barron,D,MTL,39,635.8,327.5,30.905945265806864,8.397435897435898,-0.766133069876151,-1.296307182507578,-0.925185303665579,38,20,18,0,0,0,25,4,5,37,49,8,1,0,5
8473563,Nicklas Backstrom,C,WSH,39,658.2,389.5,35.50592525068368,9.987179487179487,-0.8485156100688439,-0.6645834981617699,-0.7933359764967216,23,10,13,3,65,0,8,3,11,26,24,3,2,3,13
