player_id,name,position,team,month,weighted_total,games_in_month,raw_grit_per_game
8448208,Jaromir Jagr,R,CGY,2017-10,13.0,5,2.6
8448208,Jaromir Jagr,R,CGY,2017-11,43.0,10,4.3
8448208,Jaromir Jagr,R,CGY,2017-12,7.0,7,1.0
8464989,Matt Cullen,C,MIN,2017-10,110.0,10,11.0
8464989,Matt Cullen,C,MIN,2017-11,94.5,15,6.3
8464989,Matt Cullen,C,MIN,2017-12,99.5,13,7.6538
8464989,Matt Cullen,C,MIN,2018-01,76.5,11,6.9545
8464989,Matt Cullen,C,MIN,2018-02,91.0,12,7.5833
8464989,Matt Cullen,C,MIN,2018-03,119.0,15,7.9333
8464989,Matt Cullen,C,MIN,2018-04,21.5,3,7.1667
8465009,Zdeno Chara,D,BOS,2017-10,150.5,10,15.05
8465009,Zdeno Chara,D,BOS,2017-11,206.0,13,15.8462
8465009,Zdeno Chara,D,BOS,2017-12,207.5,14,14.8214
8465009,Zdeno Chara,D,BOS,2018-01,179.0,11,16.2727
8465009,Zdeno Chara,D,BOS,2018-02,180.5,13,13.8846
8465009,Zdeno Chara,D,BOS,2018-03,70.0,7,10.0
8465009,Zdeno Chara,D,BOS,2018-04,40.5,5,8.1
8466138,Joe Thornton,C,SJS,2017-10,89.5,11,8.1364
8466138,Joe Thornton,C,SJS,2017-11,141.0,12,11.75
8466138,Joe Thornton,C,SJS,2017-12,120.5,13,9.2692
8466138,Joe Thornton,C,SJS,2018-01,85.0,11,7.7273
8466139,Patrick Marleau,C,TOR,2017-10,110.5,12,9.2083
8466139,Patrick Marleau,C,TOR,2017-11,224.0,15,14.9333
8466139,Patrick Marleau,C,TOR,2017-12,173.5,13,13.3462
8466139,Patrick Marleau,C,TOR,2018-01,73.5,12,6.125
8466139,Patrick Marleau,C,TOR,2018-02,113.0,14,8.0714
8466139,Patrick Marleau,C,TOR,2018-03,127.5,13,9.8077
8466139,Patrick Marleau,C,TOR,2018-04,25.5,3,8.5
8466141,Roberto Luongo,G,FLA,2017-10,-5.0,0,0.0
8466141,Roberto Luongo,G,FLA,2017-11,-17.5,0,0.0
8466141,Roberto Luongo,G,FLA,2017-12,-2.5,0,0.0
8466141,Roberto Luongo,G,FLA,2018-02,-2.0,0,0.0
8466141,Roberto Luongo,G,FLA,2018-03,-22.5,0,0.0
8466251,Jason Chimera,L,ANA,2017-10,120.0,12,10.0
8466251,Jason Chimera,L,ANA,2017-11,95.5,12,7.9583
8466251,Jason Chimera,L,ANA,2017-12,132.0,15,8.8
8466251,Jason Chimera,L,ANA,2018-01,93.5,13,7.1923
8466251,Jason Chimera,L,ANA,2018-02,69.5,6,11.5833
8466251,Jason Chimera,L,ANA,2018-03,93.0,13,7.1538
8466251,Jason Chimera,L,ANA,2018-04,10.0,3,3.3333
8467370,Mike Fisher,C,NSH,2018-03,203.0,12,16.9167
8467370,Mike Fisher,C,NSH,2018-04,82.0,4,20.5
8467400,Francois Beauchemin,D,ANA,2017-10,155.0,11,14.0909
8467400,Francois Beauchemin,D,ANA,2017-11,97.0,9,10.7778
8467400,Francois Beauchemin,D,ANA,2017-12,166.0,14,11.8571
8467400,Francois Beauchemin,D,ANA,2018-01,113.0,8,14.125
8467400,Francois Beauchemin,D,ANA,2018-02,93.0,9,10.3333
8467400,Francois Beauchemin,D,ANA,2018-03,118.5,12,9.875
8467400,Francois Beauchemin,D,ANA,2018-04,37.5,4,9.375
8467407,Brian Gionta,R,BOS,2018-03,113.0,15,7.5333
8467407,Brian Gionta,R,BOS,2018-04,19.5,5,3.9
8467875,Daniel Sedin,L,VAN,2017-10,26.5,11,2.4091
8467875,Daniel Sedin,L,VAN,2017-11,69.0,15,4.6
8467875,Daniel Sedin,L,VAN,2017-12,60.5,13,4.6538
8467875,Daniel Sedin,L,VAN,2018-01,57.0,10,5.7
8467875,Daniel Sedin,L,VAN,2018-02,77.5,14,5.5357
8467875,Daniel Sedin,L,VAN,2018-03,52.5,15,3.5
8467875,Daniel Sedin,L,VAN,2018-04,6.5,3,2.1667
8467876,Henrik Sedin,C,VAN,2017-10,49.5,11,4.5
8467876,Henrik Sedin,C,VAN,2017-11,37.0,15,2.4667
8467876,Henrik Sedin,C,VAN,2017-12,51.0,13,3.9231
8467876,Henrik Sedin,C,VAN,2018-01,59.0,11,5.3636
8467876,Henrik Sedin,C,VAN,2018-02,55.0,14,3.9286
8467876,Henrik Sedin,C,VAN,2018-03,63.5,15,4.2333
8467876,Henrik Sedin,C,VAN,2018-04,17.5,3,5.8333
8467950,Craig Anderson,G,OTT,2017-10,-9.5,0,0.0
8467950,Craig Anderson,G,OTT,2017-11,-2.0,0,0.0
8467950,Craig Anderson,G,OTT,2017-12,-22.5,0,0.0
8467950,Craig Anderson,G,OTT,2018-01,-17.5,0,0.0
8467950,Craig Anderson,G,OTT,2018-02,-12.5,0,0.0
8467950,Craig Anderson,G,OTT,2018-03,-12.5,0,0.0
8467950,Craig Anderson,G,OTT,2018-04,-2.5,0,0.0
8467967,Chris Kelly,C,ANA,2018-03,49.0,12,4.0833
8468001,Derek MacKenzie,C,FLA,2017-10,213.0,11,19.3636
8468001,Derek MacKenzie,C,FLA,2017-11,74.0,8,9.25
8468001,Derek MacKenzie,C,FLA,2017-12,156.5,14,11.1786
8468001,Derek MacKenzie,C,FLA,2018-01,134.5,10,13.45
8468001,Derek MacKenzie,C,FLA,2018-02,140.5,12,11.7083
8468001,Derek MacKenzie,C,FLA,2018-03,232.5,17,13.6765
8468001,Derek MacKenzie,C,FLA,2018-04,32.5,3,10.8333
8468011,Ryan Miller,G,ANA,2017-11,-10.0,0,0.0
8468011,Ryan Miller,G,ANA,2017-12,-7.5,0,0.0
8468011,Ryan Miller,G,ANA,2018-02,-5.0,0,0.0
8468083,Henrik Zetterberg,C,DET,2017-10,195.5,13,15.0385
8468083,Henrik Zetterberg,C,DET,2017-11,139.5,13,10.7308
8468083,Henrik Zetterberg,C,DET,2017-12,162.0,12,13.5
8468083,Henrik Zetterberg,C,DET,2018-01,111.5,11,10.1364
8468083,Henrik Zetterberg,C,DET,2018-02,113.5,14,8.1071
8468083,Henrik Zetterberg,C,DET,2018-03,146.0,16,9.125
8468083,Henrik Zetterberg,C,DET,2018-04,24.5,3,8.1667
8468085,Radim Vrbata,R,FLA,2017-10,42.0,11,3.8182
8468085,Radim Vrbata,R,FLA,2017-11,29.5,8,3.6875
8468085,Radim Vrbata,R,FLA,2017-12,54.5,11,4.9545
8468085,Radim Vrbata,R,FLA,2018-01,24.5,5,4.9
8468085,Radim Vrbata,R,FLA,2018-02,0.5,4,0.125
8468085,Radim Vrbata,R,FLA,2018-03,21.0,2,10.5
8468085,Radim Vrbata,R,FLA,2018-04,6.0,1,6.0
8468208,Joel Ward,R,SJS,2017-10,48.0,6,8.0
8468208,Joel Ward,R,SJS,2017-11,118.5,12,9.875
8468208,Joel Ward,R,SJS,2017-12,121.5,12,10.125
8468208,Joel Ward,R,SJS,2018-01,89.5,12,7.4583
8468208,Joel Ward,R,SJS,2018-02,24.0,4,6.0
8468208,Joel Ward,R,SJS,2018-03,35.0,3,11.6667
8468208,Joel Ward,R,SJS,2018-04,18.5,3,6.1667
8468309,Mark Streit,D,MTL,2017-10,10.5,2,5.25
8468483,Marian Gaborik,R,OTT,2017-11,7.0,4,1.75
8468483,Marian Gaborik,R,OTT,2017-12,68.5,13,5.2692
8468483,Marian Gaborik,R,OTT,2018-01,46.5,10,4.65
8468483,Marian Gaborik,R,OTT,2018-02,23.5,10,2.35
8468483,Marian Gaborik,R,OTT,2018-03,1.0,9,0.1111
8468486,Scott Hartnell,L,NSH,2017-10,118.0,11,10.7273
8468486,Scott Hartnell,L,NSH,2017-11,44.5,5,8.9
8468486,Scott Hartnell,L,NSH,2017-12,30.5,8,3.8125
8468486,Scott Hartnell,L,NSH,2018-01,100.0,10,10.0
8468486,Scott Hartnell,L,NSH,2018-02,157.0,14,11.2143
8468486,Scott Hartnell,L,NSH,2018-03,92.5,13,7.1154
8468486,Scott Hartnell,L,NSH,2018-04,4.5,1,4.5
8468493,Ron Hainsey,D,TOR,2017-10,117.0,12,9.75
8468493,Ron Hainsey,D,TOR,2017-11,162.0,15,10.8
8468493,Ron Hainsey,D,TOR,2017-12,133.5,13,10.2692
8468493,Ron Hainsey,D,TOR,2018-01,131.5,11,11.9545
8468493,Ron Hainsey,D,TOR,2018-02,124.5,13,9.5769
8468493,Ron Hainsey,D,TOR,2018-03,137.0,13,10.5385
8468493,Ron Hainsey,D,TOR,2018-04,41.0,3,13.6667
8468498,Brooks Orpik,D,WSH,2017-10,281.5,12,23.4583
8468498,Brooks Orpik,D,WSH,2017-11,287.5,14,20.5357
8468498,Brooks Orpik,D,WSH,2017-12,249.0,14,17.7857
8468498,Brooks Orpik,D,WSH,2018-01,178.0,10,17.8
8468498,Brooks Orpik,D,WSH,2018-02,257.5,14,18.3929
8468498,Brooks Orpik,D,WSH,2018-03,168.0,13,12.9231
8468498,Brooks Orpik,D,WSH,2018-04,81.5,4,20.375
8468508,Justin Williams,R,CAR,2017-10,117.0,10,11.7
8468508,Justin Williams,R,CAR,2017-11,144.5,13,11.1154
8468508,Justin Williams,R,CAR,2017-12,109.5,15,7.3
8468508,Justin Williams,R,CAR,2018-01,101.0,12,8.4167
8468508,Justin Williams,R,CAR,2018-02,109.5,13,8.4231
8468508,Justin Williams,R,CAR,2018-03,152.5,16,9.5312
8468508,Justin Williams,R,CAR,2018-04,22.0,3,7.3333
8468509,Niklas Kronwall,D,DET,2017-10,69.5,10,6.95
8468509,Niklas Kronwall,D,DET,2017-11,104.5,13,8.0385
8468509,Niklas Kronwall,D,DET,2017-12,79.0,12,6.5833
8468509,Niklas Kronwall,D,DET,2018-01,118.0,11,10.7273
8468509,Niklas Kronwall,D,DET,2018-02,150.0,14,10.7143
8468509,Niklas Kronwall,D,DET,2018-03,166.5,16,10.4062
8468509,Niklas Kronwall,D,DET,2018-04,11.5,3,3.8333
8468535,Antoine Vermette,C,ANA,2017-10,215.0,11,19.5455
8468535,Antoine Vermette,C,ANA,2017-11,287.0,14,20.5
8468535,Antoine Vermette,C,ANA,2017-12,251.5,15,16.7667
8468535,Antoine Vermette,C,ANA,2018-01,137.0,11,12.4545
8468535,Antoine Vermette,C,ANA,2018-02,131.5,9,14.6111
8468535,Antoine Vermette,C,ANA,2018-03,18.0,3,6.0
8468535,Antoine Vermette,C,ANA,2018-04,10.5,1,10.5
8468542,Paul Martin,D,SJS,2017-10,8.0,2,4.0
8468542,Paul Martin,D,SJS,2017-12,7.0,1,7.0
8468542,Paul Martin,D,SJS,2018-03,71.5,8,8.9375
8468542,Paul Martin,D,SJS,2018-04,27.5,3,9.1667
8468575,Dominic Moore,C,TOR,2017-10,100.5,8,12.5625
8468575,Dominic Moore,C,TOR,2017-11,89.5,10,8.95
8468575,Dominic Moore,C,TOR,2017-12,114.5,13,8.8077
8468575,Dominic Moore,C,TOR,2018-01,28.5,3,9.5
8468575,Dominic Moore,C,TOR,2018-02,95.0,13,7.3077
8468575,Dominic Moore,C,TOR,2018-03,24.0,3,8.0
8468611,Matt Hendricks,C,WPG,2017-10,59.0,4,14.75
8468611,Matt Hendricks,C,WPG,2017-11,199.5,14,14.25
8468611,Matt Hendricks,C,WPG,2017-12,194.0,15,12.9333
8468611,Matt Hendricks,C,WPG,2018-01,170.5,11,15.5
8468611,Matt Hendricks,C,WPG,2018-02,145.0,10,14.5
8468611,Matt Hendricks,C,WPG,2018-03,92.5,6,15.4167
8468674,Deryk Engelland,D,VGK,2017-10,142.0,11,12.9091
8468674,Deryk Engelland,D,VGK,2017-11,188.0,13,14.4615
8468674,Deryk Engelland,D,VGK,2017-12,172.0,12,14.3333
8468674,Deryk Engelland,D,VGK,2018-01,133.5,12,11.125
8468674,Deryk Engelland,D,VGK,2018-02,219.5,14,15.6786
8468674,Deryk Engelland,D,VGK,2018-03,193.0,14,13.7857
8468674,Deryk Engelland,D,VGK,2018-04,42.0,3,14.0
8468685,Henrik Lundqvist,G,NYR,2017-10,-12.5,0,0.0
8468685,Henrik Lundqvist,G,NYR,2017-11,-11.5,0,0.0
8468685,Henrik Lundqvist,G,NYR,2017-12,-15.0,0,0.0
8468685,Henrik Lundqvist,G,NYR,2018-01,-7.5,0,0.0
8468685,Henrik Lundqvist,G,NYR,2018-02,-2.0,0,0.0
8468685,Henrik Lundqvist,G,NYR,2018-03,-17.5,0,0.0
8468685,Henrik Lundqvist,G,NYR,2018-04,-5.0,0,0.0
8469455,Jason Spezza,C,DAL,2017-10,67.0,12,5.5833
8469455,Jason Spezza,C,DAL,2017-11,89.0,13,6.8462
8469455,Jason Spezza,C,DAL,2017-12,99.0,15,6.6
8469455,Jason Spezza,C,DAL,2018-01,76.5,10,7.65
8469455,Jason Spezza,C,DAL,2018-02,50.5,12,4.2083
8469455,Jason Spezza,C,DAL,2018-03,81.0,13,6.2308
8469455,Jason Spezza,C,DAL,2018-04,14.0,3,4.6667
8469459,Mikko Koivu,C,MIN,2017-10,154.0,10,15.4
8469459,Mikko Koivu,C,MIN,2017-11,225.5,15,15.0333
8469459,Mikko Koivu,C,MIN,2017-12,203.0,14,14.5
8469459,Mikko Koivu,C,MIN,2018-01,143.0,11,13.0
8469459,Mikko Koivu,C,MIN,2018-02,187.5,13,14.4231
8469459,Mikko Koivu,C,MIN,2018-03,212.5,15,14.1667
8469459,Mikko Koivu,C,MIN,2018-04,35.5,4,8.875
8469465,Dan Hamhuis,D,DAL,2017-10,107.5,10,10.75
8469465,Dan Hamhuis,D,DAL,2017-11,144.5,13,11.1154
8469465,Dan Hamhuis,D,DAL,2017-12,155.0,15,10.3333
8469465,Dan Hamhuis,D,DAL,2018-01,133.0,11,12.0909
8469465,Dan Hamhuis,D,DAL,2018-02,116.0,12,9.6667
8469465,Dan Hamhuis,D,DAL,2018-03,142.0,16,8.875
8469465,Dan Hamhuis,D,DAL,2018-04,10.0,3,3.3333
8469466,Ales Hemsky,R,MTL,2017-10,31.5,7,4.5
8469500,Michael Cammalleri,L,EDM,2017-10,73.0,10,7.3
8469500,Michael Cammalleri,L,EDM,2017-11,67.0,12,5.5833
8469500,Michael Cammalleri,L,EDM,2017-12,55.5,11,5.0455
8469500,Michael Cammalleri,L,EDM,2018-01,49.0,9,5.4444
8469500,Michael Cammalleri,L,EDM,2018-02,64.5,13,4.9615
8469500,Michael Cammalleri,L,EDM,2018-03,57.0,8,7.125
8469500,Michael Cammalleri,L,EDM,2018-04,47.5,3,15.8333
8469501,Chris Thorburn,R,STL,2017-10,52.5,5,10.5
8469501,Chris Thorburn,R,STL,2017-11,102.0,11,9.2727
8469501,Chris Thorburn,R,STL,2017-12,49.0,7,7.0
8469501,Chris Thorburn,R,STL,2018-01,50.0,4,12.5
8469501,Chris Thorburn,R,STL,2018-02,56.5,7,8.0714
8469501,Chris Thorburn,R,STL,2018-03,123.0,12,10.25
8469501,Chris Thorburn,R,STL,2018-04,36.0,4,9.0
8469506,Jason Pominville,R,BUF,2017-10,72.0,12,6.0
8469506,Jason Pominville,R,BUF,2017-11,73.5,13,5.6538
8469506,Jason Pominville,R,BUF,2017-12,63.0,13,4.8462
8469506,Jason Pominville,R,BUF,2018-01,65.5,12,5.4583
8469506,Jason Pominville,R,BUF,2018-02,68.0,14,4.8571
8469506,Jason Pominville,R,BUF,2018-03,62.0,14,4.4286
8469506,Jason Pominville,R,BUF,2018-04,18.0,4,4.5
8469514,Peter Budaj,G,TBL,2017-10,5.5,0,0.0
8469514,Peter Budaj,G,TBL,2017-11,-2.5,0,0.0
8469521,Tomas Plekanec,C,TOR,2017-10,162.0,12,13.5
8469521,Tomas Plekanec,C,TOR,2017-11,220.5,15,14.7
8469521,Tomas Plekanec,C,TOR,2017-12,155.5,12,12.9583
8469521,Tomas Plekanec,C,TOR,2018-01,165.5,11,15.0455
8469521,Tomas Plekanec,C,TOR,2018-02,174.5,12,14.5417
8469521,Tomas Plekanec,C,TOR,2018-03,137.5,12,11.4583
8469521,Tomas Plekanec,C,TOR,2018-04,48.0,3,16.0
8469544,Patrick Sharp,L,CHI,2017-10,117.5,12,9.7917
8469544,Patrick Sharp,L,CHI,2017-11,48.5,13,3.7308
8469544,Patrick Sharp,L,CHI,2017-12,42.5,10,4.25
8469544,Patrick Sharp,L,CHI,2018-01,62.0,10,6.2
8469544,Patrick Sharp,L,CHI,2018-02,50.0,6,8.3333
8469544,Patrick Sharp,L,CHI,2018-03,98.0,16,6.125
8469544,Patrick Sharp,L,CHI,2018-04,18.5,3,6.1667
8469598,Kevin Bieksa,D,ANA,2017-10,114.5,7,16.3571
8469598,Kevin Bieksa,D,ANA,2017-11,141.5,12,11.7917
8469598,Kevin Bieksa,D,ANA,2017-12,166.0,15,11.0667
8469598,Kevin Bieksa,D,ANA,2018-01,168.5,11,15.3182
8469598,Kevin Bieksa,D,ANA,2018-02,124.5,10,12.45
8469598,Kevin Bieksa,D,ANA,2018-03,97.5,4,24.375
8469608,Mike Smith,G,CGY,2017-10,-19.5,0,0.0
8469608,Mike Smith,G,CGY,2017-11,-16.0,0,0.0
8469608,Mike Smith,G,CGY,2017-12,4.5,0,0.0
8469608,Mike Smith,G,CGY,2018-01,-11.5,0,0.0
8469608,Mike Smith,G,CGY,2018-02,-7.5,0,0.0
8469608,Mike Smith,G,CGY,2018-03,0.0,0,0.0
8469619,Dennis Seidenberg,D,NYI,2017-10,55.0,4,13.75
8469619,Dennis Seidenberg,D,NYI,2017-11,55.0,5,11.0
8469619,Dennis Seidenberg,D,NYI,2017-12,109.0,6,18.1667
8469619,Dennis Seidenberg,D,NYI,2018-01,59.0,4,14.75
8469619,Dennis Seidenberg,D,NYI,2018-02,40.5,3,13.5
8469619,Dennis Seidenberg,D,NYI,2018-03,61.5,4,15.375
8469619,Dennis Seidenberg,D,NYI,2018-04,21.5,2,10.75
8469638,Jussi Jokinen,L,VAN,2017-10,64.0,9,7.1111
8469638,Jussi Jokinen,L,VAN,2017-11,73.5,13,5.6538
8469638,Jussi Jokinen,L,VAN,2017-12,39.5,8,4.9375
8469638,Jussi Jokinen,L,VAN,2018-01,27.0,6,4.5
8469638,Jussi Jokinen,L,VAN,2018-02,45.5,10,4.55
8469638,Jussi Jokinen,L,VAN,2018-03,57.0,11,5.1818
8469638,Jussi Jokinen,L,VAN,2018-04,37.5,3,12.5
8469639,Brooks Laich,C,LAK,2017-10,99.0,6,16.5
8469639,Brooks Laich,C,LAK,2017-11,79.5,6,13.25
8469665,Johnny Oduya,D,PHI,2017-10,114.5,9,12.7222
8469665,Johnny Oduya,D,PHI,2017-11,110.5,11,10.0455
8469665,Johnny Oduya,D,PHI,2017-12,167.0,14,11.9286
8469665,Johnny Oduya,D,PHI,2018-01,46.5,5,9.3
8469665,Johnny Oduya,D,PHI,2018-02,97.5,12,8.125
8469665,Johnny Oduya,D,PHI,2018-03,12.0,1,12.0
8470041,Rick Nash,L,BOS,2017-10,143.5,13,11.0385
8470041,Rick Nash,L,BOS,2017-11,92.5,12,7.7083
8470041,Rick Nash,L,BOS,2017-12,129.0,13,9.9231
8470041,Rick Nash,L,BOS,2018-01,135.0,12,11.25
8470041,Rick Nash,L,BOS,2018-02,123.5,12,10.2917
8470041,Rick Nash,L,BOS,2018-03,67.0,9,7.4444
8470047,Valtteri Filppula,C,PHI,2017-10,160.5,12,13.375
8470047,Valtteri Filppula,C,PHI,2017-11,142.0,13,10.9231
8470047,Valtteri Filppula,C,PHI,2017-12,147.0,13,11.3077
8470047,Valtteri Filppula,C,PHI,2018-01,115.5,12,9.625
8470047,Valtteri Filppula,C,PHI,2018-02,133.5,13,10.2692
8470047,Valtteri Filppula,C,PHI,2018-03,135.5,14,9.6786
8470047,Valtteri Filppula,C,PHI,2018-04,4.0,4,1.0
8470105,Scottie Upshall,R,STL,2017-10,160.5,13,12.3462
8470105,Scottie Upshall,R,STL,2017-11,164.5,12,13.7083
8470105,Scottie Upshall,R,STL,2017-12,153.5,16,9.5938
8470105,Scottie Upshall,R,STL,2018-01,70.0,8,8.75
8470105,Scottie Upshall,R,STL,2018-02,143.5,11,13.0455
8470105,Scottie Upshall,R,STL,2018-03,24.0,3,8.0
8470110,Trevor Daley,D,DET,2017-10,99.5,13,7.6538
8470110,Trevor Daley,D,DET,2017-11,62.5,11,5.6818
8470110,Trevor Daley,D,DET,2017-12,135.0,12,11.25
8470110,Trevor Daley,D,DET,2018-01,84.5,8,10.5625
8470110,Trevor Daley,D,DET,2018-02,88.0,14,6.2857
8470110,Trevor Daley,D,DET,2018-03,73.5,16,4.5938
8470110,Trevor Daley,D,DET,2018-04,34.0,3,11.3333
8470140,Kari Lehtonen,G,DAL,2017-11,-2.5,0,0.0
8470140,Kari Lehtonen,G,DAL,2017-12,3.5,0,0.0
8470140,Kari Lehtonen,G,DAL,2018-01,-2.5,0,0.0
8470140,Kari Lehtonen,G,DAL,2018-02,-2.0,0,0.0
8470140,Kari Lehtonen,G,DAL,2018-03,-5.0,0,0.0
8470144,Frans Nielsen,C,DET,2017-10,133.0,13,10.2308
8470144,Frans Nielsen,C,DET,2017-11,143.0,13,11.0
8470144,Frans Nielsen,C,DET,2017-12,153.5,12,12.7917
8470144,Frans Nielsen,C,DET,2018-01,153.0,11,13.9091
8470144,Frans Nielsen,C,DET,2018-02,199.5,14,14.25
8470144,Frans Nielsen,C,DET,2018-03,149.5,13,11.5
8470144,Frans Nielsen,C,DET,2018-04,33.5,3,11.1667
8470147,Curtis McElhinney,G,TOR,2017-10,-2.5,0,0.0
8470147,Curtis McElhinney,G,TOR,2017-11,-7.5,0,0.0
8470147,Curtis McElhinney,G,TOR,2018-01,-2.5,0,0.0
8470147,Curtis McElhinney,G,TOR,2018-02,-2.5,0,0.0
8470147,Curtis McElhinney,G,TOR,2018-03,-10.0,0,0.0
8470151,Jay Bouwmeester,D,STL,2017-11,25.0,4,6.25
8470151,Jay Bouwmeester,D,STL,2017-12,62.5,7,8.9286
8470151,Jay Bouwmeester,D,STL,2018-01,105.0,10,10.5
8470151,Jay Bouwmeester,D,STL,2018-02,176.0,13,13.5385
8470151,Jay Bouwmeester,D,STL,2018-03,6.0,1,6.0
8470162,Matt Stajan,C,CGY,2017-10,118.0,10,11.8
8470162,Matt Stajan,C,CGY,2017-11,97.5,6,16.25
8470162,Matt Stajan,C,CGY,2017-12,150.0,13,11.5385
8470162,Matt Stajan,C,CGY,2018-01,105.5,11,9.5909
8470162,Matt Stajan,C,CGY,2018-02,155.0,15,10.3333
8470162,Matt Stajan,C,CGY,2018-03,127.5,12,10.625
8470162,Matt Stajan,C,CGY,2018-04,16.5,1,16.5
8470187,Johnny Boychuk,D,NYI,2017-10,172.5,12,14.375
8470187,Johnny Boychuk,D,NYI,2017-11,185.0,12,15.4167
8470187,Johnny Boychuk,D,NYI,2017-12,171.0,10,17.1
8470187,Johnny Boychuk,D,NYI,2018-02,138.0,9,15.3333
8470187,Johnny Boychuk,D,NYI,2018-03,163.5,14,11.6786
8470187,Johnny Boychuk,D,NYI,2018-04,30.5,1,30.5
8470257,Alexander Steen,L,STL,2017-10,59.5,7,8.5
8470257,Alexander Steen,L,STL,2017-11,103.0,12,8.5833
8470257,Alexander Steen,L,STL,2017-12,136.0,16,8.5
8470257,Alexander Steen,L,STL,2018-01,98.5,11,8.9545
8470257,Alexander Steen,L,STL,2018-02,141.0,13,10.8462
8470257,Alexander Steen,L,STL,2018-03,96.5,13,7.4231
8470257,Alexander Steen,L,STL,2018-04,45.0,4,11.25
8470281,Duncan Keith,D,CHI,2017-10,106.0,12,8.8333
8470281,Duncan Keith,D,CHI,2017-11,110.0,13,8.4615
8470281,Duncan Keith,D,CHI,2017-12,104.0,13,8.0
8470281,Duncan Keith,D,CHI,2018-01,113.5,12,9.4583
8470281,Duncan Keith,D,CHI,2018-02,142.5,13,10.9615
8470281,Duncan Keith,D,CHI,2018-03,169.0,16,10.5625
8470281,Duncan Keith,D,CHI,2018-04,35.0,3,11.6667
8470318,Jonathan Ericsson,D,DET,2017-10,103.5,13,7.9615
8470318,Jonathan Ericsson,D,DET,2017-11,107.5,13,8.2692
8470318,Jonathan Ericsson,D,DET,2017-12,92.5,12,7.7083
8470318,Jonathan Ericsson,D,DET,2018-01,98.0,11,8.9091
8470318,Jonathan Ericsson,D,DET,2018-02,190.5,14,13.6071
8470318,Jonathan Ericsson,D,DET,2018-03,151.5,15,10.1
8470318,Jonathan Ericsson,D,DET,2018-04,36.0,3,12.0
8470320,Cam Ward,G,CAR,2017-10,-2.5,0,0.0
8470320,Cam Ward,G,CAR,2017-11,-7.5,0,0.0
8470320,Cam Ward,G,CAR,2017-12,-5.0,0,0.0
8470320,Cam Ward,G,CAR,2018-01,-2.5,0,0.0
8470320,Cam Ward,G,CAR,2018-02,-6.0,0,0.0
8470320,Cam Ward,G,CAR,2018-03,-12.5,0,0.0
8470324,Josh Gorges,D,BUF,2017-10,68.0,4,17.0
8470324,Josh Gorges,D,BUF,2017-11,111.0,7,15.8571
8470324,Josh Gorges,D,BUF,2017-12,102.5,6,17.0833
8470324,Josh Gorges,D,BUF,2018-01,85.5,5,17.1
8470324,Josh Gorges,D,BUF,2018-02,70.0,6,11.6667
8470324,Josh Gorges,D,BUF,2018-03,58.5,4,14.625
8470324,Josh Gorges,D,BUF,2018-04,32.0,2,16.0
8470358,Alexandre Burrows,L,OTT,2017-10,100.0,12,8.3333
8470358,Alexandre Burrows,L,OTT,2017-11,81.0,11,7.3636
8470358,Alexandre Burrows,L,OTT,2017-12,80.0,13,6.1538
8470358,Alexandre Burrows,L,OTT,2018-01,60.5,11,5.5
8470358,Alexandre Burrows,L,OTT,2018-02,46.5,4,11.625
8470358,Alexandre Burrows,L,OTT,2018-03,143.5,16,8.9688
8470358,Alexandre Burrows,L,OTT,2018-04,16.0,4,4.0
8470543,Chris Kunitz,L,TBL,2017-10,107.0,13,8.2308
8470543,Chris Kunitz,L,TBL,2017-11,96.0,12,8.0
8470543,Chris Kunitz,L,TBL,2017-12,94.5,13,7.2692
8470543,Chris Kunitz,L,TBL,2018-01,126.0,12,10.5
8470543,Chris Kunitz,L,TBL,2018-02,106.5,14,7.6071
8470543,Chris Kunitz,L,TBL,2018-03,140.0,14,10.0
8470543,Chris Kunitz,L,TBL,2018-04,36.5,4,9.125
8470594,Marc-Andre Fleury,G,VGK,2017-10,1.0,0,0.0
8470594,Marc-Andre Fleury,G,VGK,2017-12,-4.5,0,0.0
8470594,Marc-Andre Fleury,G,VGK,2018-01,-15.0,0,0.0
8470594,Marc-Andre Fleury,G,VGK,2018-02,12.0,0,0.0
8470594,Marc-Andre Fleury,G,VGK,2018-03,-12.5,0,0.0
8470594,Marc-Andre Fleury,G,VGK,2018-04,-5.0,0,0.0
8470595,Eric Staal,C,MIN,2017-10,118.0,10,11.8
8470595,Eric Staal,C,MIN,2017-11,204.0,15,13.6
8470595,Eric Staal,C,MIN,2017-12,193.0,14,13.7857
8470595,Eric Staal,C,MIN,2018-01,110.0,11,10.0
8470595,Eric Staal,C,MIN,2018-02,175.0,13,13.4615
8470595,Eric Staal,C,MIN,2018-03,199.5,15,13.3
8470595,Eric Staal,C,MIN,2018-04,39.5,4,9.875
8470598,Thomas Vanek,L,CBJ,2017-10,59.0,11,5.3636
8470598,Thomas Vanek,L,CBJ,2017-11,74.5,15,4.9667
8470598,Thomas Vanek,L,CBJ,2017-12,57.0,13,4.3846
8470598,Thomas Vanek,L,CBJ,2018-01,47.0,11,4.2727
8470598,Thomas Vanek,L,CBJ,2018-02,42.5,11,3.8636
8470598,Thomas Vanek,L,CBJ,2018-03,115.0,16,7.1875
8470598,Thomas Vanek,L,CBJ,2018-04,10.0,3,3.3333
8470600,Ryan Suter,D,MIN,2017-10,98.0,10,9.8
8470600,Ryan Suter,D,MIN,2017-11,120.5,15,8.0333
8470600,Ryan Suter,D,MIN,2017-12,222.5,14,15.8929
8470600,Ryan Suter,D,MIN,2018-01,83.0,11,7.5455
8470600,Ryan Suter,D,MIN,2018-02,154.0,13,11.8462
8470600,Ryan Suter,D,MIN,2018-03,169.5,15,11.3
8470601,Braydon Coburn,D,TBL,2017-10,83.5,13,6.4231
8470601,Braydon Coburn,D,TBL,2017-11,101.0,12,8.4167
8470601,Braydon Coburn,D,TBL,2017-12,60.5,7,8.6429
8470601,Braydon Coburn,D,TBL,2018-01,126.0,11,11.4545
8470601,Braydon Coburn,D,TBL,2018-02,113.0,14,8.0714
8470601,Braydon Coburn,D,TBL,2018-03,108.5,11,9.8636
8470601,Braydon Coburn,D,TBL,2018-04,25.0,4,6.25
8470602,Dion Phaneuf,D,LAK,2017-10,209.0,12,17.4167
8470602,Dion Phaneuf,D,LAK,2017-11,151.5,11,13.7727
8470602,Dion Phaneuf,D,LAK,2017-12,175.0,12,14.5833
8470602,Dion Phaneuf,D,LAK,2018-01,173.0,11,15.7273
8470602,Dion Phaneuf,D,LAK,2018-02,267.5,15,17.8333
8470602,Dion Phaneuf,D,LAK,2018-03,226.0,15,15.0667
8470602,Dion Phaneuf,D,LAK,2018-04,19.0,3,6.3333
8470604,Jeff Carter,C,LAK,2017-10,63.5,6,10.5833
8470604,Jeff Carter,C,LAK,2018-02,52.0,3,17.3333
8470604,Jeff Carter,C,LAK,2018-03,241.5,15,16.1
8470604,Jeff Carter,C,LAK,2018-04,40.0,3,13.3333
8470606,Dustin Brown,L,LAK,2017-10,255.0,12,21.25
8470606,Dustin Brown,L,LAK,2017-11,217.5,14,15.5357
8470606,Dustin Brown,L,LAK,2017-12,196.0,13,15.0769
8470606,Dustin Brown,L,LAK,2018-01,166.0,11,15.0909
8470606,Dustin Brown,L,LAK,2018-02,150.0,13,11.5385
8470606,Dustin Brown,L,LAK,2018-03,179.0,15,11.9333
8470606,Dustin Brown,L,LAK,2018-04,61.0,3,20.3333
8470607,Brent Seabrook,D,CHI,2017-10,168.0,12,14.0
8470607,Brent Seabrook,D,CHI,2017-11,134.5,13,10.3462
8470607,Brent Seabrook,D,CHI,2017-12,151.5,13,11.6538
8470607,Brent Seabrook,D,CHI,2018-01,149.5,11,13.5909
8470607,Brent Seabrook,D,CHI,2018-02,172.5,13,13.2692
8470607,Brent Seabrook,D,CHI,2018-03,157.5,16,9.8438
8470607,Brent Seabrook,D,CHI,2018-04,44.0,3,14.6667
8470609,Steve Bernier,R,NYI,2017-12,51.0,4,12.75
8470610,Zach Parise,L,MIN,2018-01,122.5,11,11.1364
8470610,Zach Parise,L,MIN,2018-02,112.5,13,8.6538
8470610,Zach Parise,L,MIN,2018-03,206.5,15,13.7667
8470610,Zach Parise,L,MIN,2018-04,27.0,3,9.0
8470611,Eric Fehr,C,SJS,2017-10,33.0,4,8.25
8470611,Eric Fehr,C,SJS,2018-02,52.5,4,13.125
8470611,Eric Fehr,C,SJS,2018-03,121.5,10,12.15
8470612,Ryan Getzlaf,C,ANA,2017-10,96.5,6,16.0833
8470612,Ryan Getzlaf,C,ANA,2017-12,159.0,10,15.9
8470612,Ryan Getzlaf,C,ANA,2018-01,162.5,11,14.7727
8470612,Ryan Getzlaf,C,ANA,2018-02,206.5,13,15.8846
8470612,Ryan Getzlaf,C,ANA,2018-03,238.5,12,19.875
8470612,Ryan Getzlaf,C,ANA,2018-04,68.0,4,17.0
8470613,Brent Burns,D,SJS,2017-10,129.5,11,11.7727
8470613,Brent Burns,D,SJS,2017-11,133.0,12,11.0833
8470613,Brent Burns,D,SJS,2017-12,96.0,13,7.3846
8470613,Brent Burns,D,SJS,2018-01,141.0,14,10.0714
8470613,Brent Burns,D,SJS,2018-02,146.0,14,10.4286
8470613,Brent Burns,D,SJS,2018-03,169.5,15,11.3
8470613,Brent Burns,D,SJS,2018-04,47.0,3,15.6667
8470616,Ryan Kesler,C,ANA,2017-12,51.5,3,17.1667
8470616,Ryan Kesler,C,ANA,2018-01,194.5,11,17.6818
8470616,Ryan Kesler,C,ANA,2018-02,267.0,12,22.25
8470616,Ryan Kesler,C,ANA,2018-03,267.0,14,19.0714
8470616,Ryan Kesler,C,ANA,2018-04,74.0,4,18.5
8470619,Brian Boyle,C,NJD,2017-11,186.5,14,13.3214
8470619,Brian Boyle,C,NJD,2017-12,204.5,14,14.6071
8470619,Brian Boyle,C,NJD,2018-01,135.5,11,12.3182
8470619,Brian Boyle,C,NJD,2018-02,156.0,11,14.1818
8470619,Brian Boyle,C,NJD,2018-03,224.5,15,14.9667
8470619,Brian Boyle,C,NJD,2018-04,57.5,4,14.375
8470621,Corey Perry,R,ANA,2017-10,110.0,11,10.0
8470621,Corey Perry,R,ANA,2017-11,167.0,14,11.9286
8470621,Corey Perry,R,ANA,2017-12,52.5,6,8.75
8470621,Corey Perry,R,ANA,2018-01,67.0,9,7.4444
8470621,Corey Perry,R,ANA,2018-02,119.0,13,9.1538
8470621,Corey Perry,R,ANA,2018-03,120.5,14,8.6071
8470621,Corey Perry,R,ANA,2018-04,47.5,4,11.875
8470622,Patrick Eaves,R,ANA,2017-10,28.0,2,14.0
8470626,Loui Eriksson,L,VAN,2017-10,3.0,4,0.75
8470626,Loui Eriksson,L,VAN,2017-11,90.5,10,9.05
8470626,Loui Eriksson,L,VAN,2017-12,38.5,13,2.9615
8470626,Loui Eriksson,L,VAN,2018-01,75.0,11,6.8182
8470626,Loui Eriksson,L,VAN,2018-02,67.5,12,5.625
8470638,Patrice Bergeron,C,BOS,2017-10,109.0,5,21.8
8470638,Patrice Bergeron,C,BOS,2017-11,239.5,13,18.4231
8470638,Patrice Bergeron,C,BOS,2017-12,215.0,14,15.3571
8470638,Patrice Bergeron,C,BOS,2018-01,154.0,11,14.0
8470638,Patrice Bergeron,C,BOS,2018-02,198.0,12,16.5
8470638,Patrice Bergeron,C,BOS,2018-03,74.0,4,18.5
8470638,Patrice Bergeron,C,BOS,2018-04,66.0,5,13.2
8470642,Shea Weber,D,MTL,2017-10,220.0,12,18.3333
8470642,Shea Weber,D,MTL,2017-11,148.5,8,18.5625
8470642,Shea Weber,D,MTL,2017-12,88.0,6,14.6667
8470645,Corey Crawford,G,CHI,2017-10,-4.5,0,0.0
8470645,Corey Crawford,G,CHI,2017-11,-1.5,0,0.0
8470645,Corey Crawford,G,CHI,2017-12,-17.5,0,0.0
8470655,David Backes,R,BOS,2017-10,100.5,5,20.1
8470655,David Backes,R,BOS,2017-11,25.5,1,25.5
8470655,David Backes,R,BOS,2017-12,193.5,14,13.8214
8470655,David Backes,R,BOS,2018-01,128.5,11,11.6818
8470655,David Backes,R,BOS,2018-02,160.0,13,12.3077
8470655,David Backes,R,BOS,2018-03,149.5,8,18.6875
8470655,David Backes,R,BOS,2018-04,51.0,5,10.2
8470657,Jimmy Howard,G,DET,2017-10,-4.5,0,0.0
8470657,Jimmy Howard,G,DET,2017-11,-12.5,0,0.0
8470657,Jimmy Howard,G,DET,2017-12,-15.0,0,0.0
8470657,Jimmy Howard,G,DET,2018-01,-20.0,0,0.0
8470657,Jimmy Howard,G,DET,2018-02,8.5,0,0.0
8470657,Jimmy Howard,G,DET,2018-03,-17.5,0,0.0
8470724,Kyle Quincey,D,MIN,2017-10,61.0,9,6.7778
8470724,Kyle Quincey,D,MIN,2017-11,117.0,9,13.0
8470740,Lee Stempniak,R,CAR,2018-01,97.5,7,13.9286
8470740,Lee Stempniak,R,CAR,2018-02,89.0,12,7.4167
8470740,Lee Stempniak,R,CAR,2018-03,81.0,15,5.4
8470740,Lee Stempniak,R,CAR,2018-04,16.5,3,5.5
8470755,Brad Richardson,R,ARI,2017-10,181.5,11,16.5
8470755,Brad Richardson,R,ARI,2017-11,243.5,15,16.2333
8470755,Brad Richardson,R,ARI,2017-12,160.5,10,16.05
8470755,Brad Richardson,R,ARI,2018-01,118.5,8,14.8125
8470755,Brad Richardson,R,ARI,2018-02,152.0,12,12.6667
8470755,Brad Richardson,R,ARI,2018-03,292.0,17,17.1765
8470755,Brad Richardson,R,ARI,2018-04,35.0,3,11.6667
8470760,Marc Methot,D,DAL,2017-10,193.5,12,16.125
8470760,Marc Methot,D,DAL,2017-11,30.0,3,10.0
8470760,Marc Methot,D,DAL,2018-01,14.5,1,14.5
8470760,Marc Methot,D,DAL,2018-02,59.5,6,9.9167
8470760,Marc Methot,D,DAL,2018-03,125.5,11,11.4091
8470760,Marc Methot,D,DAL,2018-04,48.0,3,16.0
8470775,Nate Thompson,C,LAK,2017-10,217.0,12,18.0833
8470775,Nate Thompson,C,LAK,2017-11,160.0,11,14.5455
8470775,Nate Thompson,C,LAK,2017-12,193.0,14,13.7857
8470775,Nate Thompson,C,LAK,2018-01,34.0,3,11.3333
8470775,Nate Thompson,C,LAK,2018-02,222.0,11,20.1818
8470775,Nate Thompson,C,LAK,2018-03,207.0,15,13.8
8470775,Nate Thompson,C,LAK,2018-04,23.0,3,7.6667
8470794,Joe Pavelski,C,SJS,2017-10,150.5,11,13.6818
8470794,Joe Pavelski,C,SJS,2017-11,166.0,12,13.8333
8470794,Joe Pavelski,C,SJS,2017-12,171.0,13,13.1538
8470794,Joe Pavelski,C,SJS,2018-01,168.0,14,12.0
8470794,Joe Pavelski,C,SJS,2018-02,237.5,14,16.9643
8470794,Joe Pavelski,C,SJS,2018-03,229.0,15,15.2667
8470794,Joe Pavelski,C,SJS,2018-04,56.5,3,18.8333
8470803,Kyle Brodziak,C,STL,2017-10,175.0,13,13.4615
8470803,Kyle Brodziak,C,STL,2017-11,167.5,12,13.9583
8470803,Kyle Brodziak,C,STL,2017-12,194.5,15,12.9667
8470803,Kyle Brodziak,C,STL,2018-01,205.5,11,18.6818
8470803,Kyle Brodziak,C,STL,2018-02,201.5,13,15.5
8470803,Kyle Brodziak,C,STL,2018-03,260.5,13,20.0385
8470803,Kyle Brodziak,C,STL,2018-04,52.5,4,13.125
8470828,Toby Enstrom,D,WPG,2017-10,49.5,11,4.5
8470828,Toby Enstrom,D,WPG,2017-11,73.5,8,9.1875
8470828,Toby Enstrom,D,WPG,2018-01,80.0,9,8.8889
8470828,Toby Enstrom,D,WPG,2018-02,75.5,11,6.8636
8470828,Toby Enstrom,D,WPG,2018-03,11.5,4,2.875
8470834,Dustin Byfuglien,D,WPG,2017-10,120.5,9,13.3889
8470834,Dustin Byfuglien,D,WPG,2017-11,225.0,14,16.0714
8470834,Dustin Byfuglien,D,WPG,2017-12,73.0,5,14.6
8470834,Dustin Byfuglien,D,WPG,2018-01,168.0,11,15.2727
8470834,Dustin Byfuglien,D,WPG,2018-02,101.5,12,8.4583
8470834,Dustin Byfuglien,D,WPG,2018-03,190.0,15,12.6667
8470834,Dustin Byfuglien,D,WPG,2018-04,25.5,3,8.5
8470852,Matt Moulson,L,BUF,2017-10,23.5,8,2.9375
8470852,Matt Moulson,L,BUF,2017-11,32.0,5,6.4
8470852,Matt Moulson,L,BUF,2017-12,3.0,1,3.0
8470854,Tanner Glass,L,CGY,2017-10,76.5,7,10.9286
8470854,Tanner Glass,L,CGY,2018-02,9.0,1,9.0
8470854,Tanner Glass,L,CGY,2018-03,77.0,6,12.8333
8470854,Tanner Glass,L,CGY,2018-04,16.0,2,8.0
8470860,Jaroslav Halak,G,NYI,2017-10,-10.0,0,0.0
8470860,Jaroslav Halak,G,NYI,2017-11,-2.5,0,0.0
8470860,Jaroslav Halak,G,NYI,2017-12,-4.0,0,0.0
8470860,Jaroslav Halak,G,NYI,2018-01,-30.0,0,0.0
8470860,Jaroslav Halak,G,NYI,2018-02,-17.5,0,0.0
8470860,Jaroslav Halak,G,NYI,2018-03,-4.5,0,0.0
8470860,Jaroslav Halak,G,NYI,2018-04,-2.5,0,0.0
8470880,Brian Elliott,G,PHI,2017-10,-2.0,0,0.0
8470880,Brian Elliott,G,PHI,2017-11,-7.5,0,0.0
8470880,Brian Elliott,G,PHI,2017-12,-22.5,0,0.0
8470880,Brian Elliott,G,PHI,2018-01,-5.0,0,0.0
8470880,Brian Elliott,G,PHI,2018-04,-2.5,0,0.0
8470966,Mark Giordano,D,CGY,2017-10,196.0,12,16.3333
8470966,Mark Giordano,D,CGY,2017-11,174.5,13,13.4231
8470966,Mark Giordano,D,CGY,2017-12,149.0,14,10.6429
8470966,Mark Giordano,D,CGY,2018-01,167.0,11,15.1818
8470966,Mark Giordano,D,CGY,2018-02,210.0,15,14.0
8470966,Mark Giordano,D,CGY,2018-03,224.0,14,16.0
8470966,Mark Giordano,D,CGY,2018-04,62.5,3,20.8333
8471214,Alex Ovechkin,L,WSH,2017-10,116.0,12,9.6667
8471214,Alex Ovechkin,L,WSH,2017-11,125.0,14,8.9286
8471214,Alex Ovechkin,L,WSH,2017-12,132.5,14,9.4643
8471214,Alex Ovechkin,L,WSH,2018-01,100.0,10,10.0
8471214,Alex Ovechkin,L,WSH,2018-02,136.0,14,9.7143
8471214,Alex Ovechkin,L,WSH,2018-03,120.0,14,8.5714
8471214,Alex Ovechkin,L,WSH,2018-04,27.0,4,6.75
8471215,Evgeni Malkin,C,PIT,2017-10,181.5,13,13.9615
8471215,Evgeni Malkin,C,PIT,2017-11,75.5,9,8.3889
8471215,Evgeni Malkin,C,PIT,2017-12,171.5,14,12.25
8471215,Evgeni Malkin,C,PIT,2018-01,193.5,12,16.125
8471215,Evgeni Malkin,C,PIT,2018-02,188.5,12,15.7083
8471215,Evgeni Malkin,C,PIT,2018-03,236.5,15,15.7667
8471215,Evgeni Malkin,C,PIT,2018-04,59.0,3,19.6667
8471217,Andrew Ladd,L,NYI,2017-10,58.5,12,4.875
8471217,Andrew Ladd,L,NYI,2017-11,113.0,12,9.4167
8471217,Andrew Ladd,L,NYI,2017-12,118.0,15,7.8667
8471217,Andrew Ladd,L,NYI,2018-01,44.5,4,11.125
8471217,Andrew Ladd,L,NYI,2018-02,140.5,12,11.7083
8471217,Andrew Ladd,L,NYI,2018-03,109.5,15,7.3
8471217,Andrew Ladd,L,NYI,2018-04,12.0,3,4.0
8471218,Blake Wheeler,R,WPG,2017-10,111.0,11,10.0909
8471218,Blake Wheeler,R,WPG,2017-11,154.0,14,11.0
8471218,Blake Wheeler,R,WPG,2017-12,199.5,15,13.3
8471218,Blake Wheeler,R,WPG,2018-01,171.0,11,15.5455
8471218,Blake Wheeler,R,WPG,2018-02,123.0,12,10.25
8471218,Blake Wheeler,R,WPG,2018-03,177.0,15,11.8
8471218,Blake Wheeler,R,WPG,2018-04,48.0,3,16.0
8471219,Al Montoya,G,EDM,2017-10,-5.0,0,0.0
8471219,Al Montoya,G,EDM,2018-02,5.5,0,0.0
8471226,Drew Stafford,R,NJD,2017-10,57.0,7,8.1429
8471226,Drew Stafford,R,NJD,2017-11,113.0,14,8.0714
8471226,Drew Stafford,R,NJD,2017-12,59.0,9,6.5556
8471226,Drew Stafford,R,NJD,2018-01,97.0,8,12.125
8471226,Drew Stafford,R,NJD,2018-02,135.5,13,10.4231
8471226,Drew Stafford,R,NJD,2018-03,62.5,7,8.9286
8471226,Drew Stafford,R,NJD,2018-04,0.5,1,0.5
8471227,Devan Dubnyk,G,MIN,2017-10,-12.5,0,0.0
8471227,Devan Dubnyk,G,MIN,2017-11,-10.0,0,0.0
8471227,Devan Dubnyk,G,MIN,2017-12,-2.5,0,0.0
8471227,Devan Dubnyk,G,MIN,2018-01,9.5,0,0.0
8471227,Devan Dubnyk,G,MIN,2018-02,-14.5,0,0.0
8471227,Devan Dubnyk,G,MIN,2018-03,6.5,0,0.0
8471227,Devan Dubnyk,G,MIN,2018-04,-5.0,0,0.0
8471228,Alexander Radulov,R,DAL,2017-10,133.5,12,11.125
8471228,Alexander Radulov,R,DAL,2017-11,115.5,13,8.8846
8471228,Alexander Radulov,R,DAL,2017-12,199.0,15,13.2667
8471228,Alexander Radulov,R,DAL,2018-01,108.0,11,9.8182
8471228,Alexander Radulov,R,DAL,2018-02,170.5,12,14.2083
8471228,Alexander Radulov,R,DAL,2018-03,161.5,16,10.0938
8471228,Alexander Radulov,R,DAL,2018-04,13.5,3,4.5
8471233,Travis Zajac,C,NJD,2017-11,83.0,7,11.8571
8471233,Travis Zajac,C,NJD,2017-12,310.0,14,22.1429
8471233,Travis Zajac,C,NJD,2018-01,156.5,11,14.2273
8471233,Travis Zajac,C,NJD,2018-02,267.0,14,19.0714
8471233,Travis Zajac,C,NJD,2018-03,223.5,14,15.9643
8471233,Travis Zajac,C,NJD,2018-04,61.0,3,20.3333
8471239,Cory Schneider,G,NJD,2017-10,0.5,0,0.0
8471239,Cory Schneider,G,NJD,2017-11,-17.5,0,0.0
8471239,Cory Schneider,G,NJD,2017-12,-2.5,0,0.0
8471239,Cory Schneider,G,NJD,2018-01,-10.0,0,0.0
8471239,Cory Schneider,G,NJD,2018-03,-15.0,0,0.0
8471239,Cory Schneider,G,NJD,2018-04,-2.5,0,0.0
8471242,Mike Green,D,DET,2017-10,136.5,13,10.5
8471242,Mike Green,D,DET,2017-11,123.0,13,9.4615
8471242,Mike Green,D,DET,2017-12,129.0,12,10.75
8471242,Mike Green,D,DET,2018-01,128.5,11,11.6818
8471242,Mike Green,D,DET,2018-02,63.0,7,9.0
8471242,Mike Green,D,DET,2018-03,122.0,10,12.2
8471260,Blake Comeau,L,COL,2017-10,119.0,11,10.8182
8471260,Blake Comeau,L,COL,2017-11,188.5,12,15.7083
8471260,Blake Comeau,L,COL,2017-12,158.0,15,10.5333
8471260,Blake Comeau,L,COL,2018-01,183.0,11,16.6364
8471260,Blake Comeau,L,COL,2018-02,111.0,11,10.0909
8471260,Blake Comeau,L,COL,2018-03,147.0,15,9.8
8471260,Blake Comeau,L,COL,2018-04,52.5,4,13.125
8471262,Carl Soderberg,C,COL,2017-10,109.0,10,10.9
8471262,Carl Soderberg,C,COL,2017-11,140.5,10,14.05
8471262,Carl Soderberg,C,COL,2017-12,194.0,15,12.9333
8471262,Carl Soderberg,C,COL,2018-01,211.5,11,19.2273
8471262,Carl Soderberg,C,COL,2018-02,217.5,14,15.5357
8471262,Carl Soderberg,C,COL,2018-03,238.5,13,18.3462
8471262,Carl Soderberg,C,COL,2018-04,44.0,4,11.0
8471266,David Booth,L,DET,2017-10,7.5,4,1.875
8471266,David Booth,L,DET,2017-11,53.5,4,13.375
8471266,David Booth,L,DET,2017-12,22.0,6,3.6667
8471266,David Booth,L,DET,2018-01,20.0,5,4.0
8471266,David Booth,L,DET,2018-02,18.0,6,3.0
8471266,David Booth,L,DET,2018-04,21.0,2,10.5
8471273,Brandon Dubinsky,C,CBJ,2017-10,294.5,12,24.5417
8471273,Brandon Dubinsky,C,CBJ,2017-11,330.5,13,25.4231
8471273,Brandon Dubinsky,C,CBJ,2017-12,146.0,6,24.3333
8471273,Brandon Dubinsky,C,CBJ,2018-01,18.5,1,18.5
8471273,Brandon Dubinsky,C,CBJ,2018-02,256.0,13,19.6923
8471273,Brandon Dubinsky,C,CBJ,2018-03,188.5,14,13.4643
8471273,Brandon Dubinsky,C,CBJ,2018-04,71.5,3,23.8333
8471274,Alex Goligoski,D,ARI,2017-10,122.5,13,9.4231
8471274,Alex Goligoski,D,ARI,2017-11,190.0,15,12.6667
8471274,Alex Goligoski,D,ARI,2017-12,170.0,13,13.0769
8471274,Alex Goligoski,D,ARI,2018-01,124.0,8,15.5
8471274,Alex Goligoski,D,ARI,2018-02,160.5,12,13.375
8471274,Alex Goligoski,D,ARI,2018-03,209.5,14,14.9643
8471274,Alex Goligoski,D,ARI,2018-04,44.5,3,14.8333
8471276,David Krejci,C,BOS,2017-10,80.0,6,13.3333
8471276,David Krejci,C,BOS,2017-11,62.0,5,12.4
8471276,David Krejci,C,BOS,2017-12,64.5,8,8.0625
8471276,David Krejci,C,BOS,2018-01,126.5,11,11.5
8471276,David Krejci,C,BOS,2018-02,112.0,13,8.6154
8471276,David Krejci,C,BOS,2018-03,200.0,16,12.5
8471276,David Krejci,C,BOS,2018-04,66.5,5,13.3
8471284,Andrej Sekera,D,EDM,2017-12,69.5,5,13.9
8471284,Andrej Sekera,D,EDM,2018-01,84.5,9,9.3889
8471284,Andrej Sekera,D,EDM,2018-02,59.5,7,8.5
8471284,Andrej Sekera,D,EDM,2018-03,81.0,14,5.7857
8471284,Andrej Sekera,D,EDM,2018-04,3.0,1,3.0
8471296,Alexei Emelin,D,NSH,2017-10,117.5,10,11.75
8471296,Alexei Emelin,D,NSH,2017-11,256.0,14,18.2857
8471296,Alexei Emelin,D,NSH,2017-12,223.0,13,17.1538
8471296,Alexei Emelin,D,NSH,2018-01,166.5,10,16.65
8471296,Alexei Emelin,D,NSH,2018-02,204.0,13,15.6923
8471296,Alexei Emelin,D,NSH,2018-03,183.0,13,14.0769
8471296,Alexei Emelin,D,NSH,2018-04,46.0,3,15.3333
8471301,Jeff Glass,G,CHI,2017-12,-7.5,0,0.0
8471301,Jeff Glass,G,CHI,2018-01,-7.5,0,0.0
8471301,Jeff Glass,G,CHI,2018-02,0.5,0,0.0
8471301,Jeff Glass,G,CHI,2018-04,-5.0,0,0.0
8471303,Alexander Edler,D,VAN,2017-10,22.5,3,7.5
8471303,Alexander Edler,D,VAN,2017-11,238.5,11,21.6818
8471303,Alexander Edler,D,VAN,2017-12,245.5,13,18.8846
8471303,Alexander Edler,D,VAN,2018-01,252.0,11,22.9091
8471303,Alexander Edler,D,VAN,2018-02,309.0,14,22.0714
8471303,Alexander Edler,D,VAN,2018-03,325.5,15,21.7
8471303,Alexander Edler,D,VAN,2018-04,70.5,3,23.5
8471306,Thomas Greiss,G,NYI,2017-10,-10.0,0,0.0
8471306,Thomas Greiss,G,NYI,2017-11,-7.5,0,0.0
8471306,Thomas Greiss,G,NYI,2017-12,-2.5,0,0.0
8471306,Thomas Greiss,G,NYI,2018-01,-7.5,0,0.0
8471306,Thomas Greiss,G,NYI,2018-02,-7.5,0,0.0
8471306,Thomas Greiss,G,NYI,2018-04,-2.5,0,0.0
8471338,Torrey Mitchell,C,LAK,2017-10,52.5,5,10.5
8471338,Torrey Mitchell,C,LAK,2017-11,41.5,6,6.9167
8471338,Torrey Mitchell,C,LAK,2017-12,129.5,12,10.7917
8471338,Torrey Mitchell,C,LAK,2018-01,80.5,10,8.05
8471338,Torrey Mitchell,C,LAK,2018-02,195.5,14,13.9643
8471338,Torrey Mitchell,C,LAK,2018-03,79.5,12,6.625
8471338,Torrey Mitchell,C,LAK,2018-04,16.0,1,16.0
8471339,Ryan Callahan,R,TBL,2017-10,194.0,13,14.9231
8471339,Ryan Callahan,R,TBL,2017-11,142.5,11,12.9545
8471339,Ryan Callahan,R,TBL,2017-12,67.5,5,13.5
8471339,Ryan Callahan,R,TBL,2018-01,130.0,11,11.8182
8471339,Ryan Callahan,R,TBL,2018-02,165.5,14,11.8214
8471339,Ryan Callahan,R,TBL,2018-03,85.5,9,9.5
8471339,Ryan Callahan,R,TBL,2018-04,52.0,4,13.0
8471346,Kris Versteeg,R,CGY,2017-10,72.5,12,6.0417
8471346,Kris Versteeg,R,CGY,2017-11,40.0,10,4.0
8471346,Kris Versteeg,R,CGY,2018-03,6.0,2,3.0
8471392,Roman Polak,D,TOR,2017-10,35.0,4,8.75
8471392,Roman Polak,D,TOR,2017-11,63.5,4,15.875
8471392,Roman Polak,D,TOR,2017-12,244.5,13,18.8077
8471392,Roman Polak,D,TOR,2018-01,148.5,11,13.5
8471392,Roman Polak,D,TOR,2018-02,150.0,8,18.75
8471392,Roman Polak,D,TOR,2018-03,169.0,11,15.3636
8471392,Roman Polak,D,TOR,2018-04,41.5,3,13.8333
8471418,Anton Khudobin,G,BOS,2017-10,-2.5,0,0.0
8471418,Anton Khudobin,G,BOS,2017-11,-7.5,0,0.0
8471418,Anton Khudobin,G,BOS,2017-12,-5.0,0,0.0
8471418,Anton Khudobin,G,BOS,2018-01,-5.0,0,0.0
8471418,Anton Khudobin,G,BOS,2018-02,5.5,0,0.0
8471418,Anton Khudobin,G,BOS,2018-03,-5.5,0,0.0
8471418,Anton Khudobin,G,BOS,2018-04,-2.5,0,0.0
8471426,Troy Brouwer,R,CGY,2017-10,111.0,12,9.25
8471426,Troy Brouwer,R,CGY,2017-11,115.0,13,8.8462
8471426,Troy Brouwer,R,CGY,2017-12,134.0,14,9.5714
8471426,Troy Brouwer,R,CGY,2018-01,158.0,11,14.3636
8471426,Troy Brouwer,R,CGY,2018-02,90.5,9,10.0556
8471426,Troy Brouwer,R,CGY,2018-03,180.5,14,12.8929
8471426,Troy Brouwer,R,CGY,2018-04,15.5,3,5.1667
8471436,Matt Hunwick,D,PIT,2017-10,70.5,6,11.75
8471436,Matt Hunwick,D,PIT,2017-11,77.0,5,15.4
8471436,Matt Hunwick,D,PIT,2017-12,151.5,13,11.6538
8471436,Matt Hunwick,D,PIT,2018-01,101.0,9,11.2222
8471436,Matt Hunwick,D,PIT,2018-02,53.0,5,10.6
8471436,Matt Hunwick,D,PIT,2018-03,28.5,3,9.5
8471436,Matt Hunwick,D,PIT,2018-04,10.0,1,10.0
8471469,Pekka Rinne,G,NSH,2017-10,3.5,0,0.0
8471469,Pekka Rinne,G,NSH,2017-11,-0.5,0,0.0
8471469,Pekka Rinne,G,NSH,2017-12,-15.0,0,0.0
8471469,Pekka Rinne,G,NSH,2018-01,-7.0,0,0.0
8471469,Pekka Rinne,G,NSH,2018-02,-17.0,0,0.0
8471469,Pekka Rinne,G,NSH,2018-03,-15.0,0,0.0
8471469,Pekka Rinne,G,NSH,2018-04,-2.5,0,0.0
8471476,Daniel Winnik,L,MIN,2017-10,116.5,10,11.65
8471476,Daniel Winnik,L,MIN,2017-11,88.5,15,5.9
8471476,Daniel Winnik,L,MIN,2017-12,122.0,14,8.7143
8471476,Daniel Winnik,L,MIN,2018-01,37.0,11,3.3636
8471476,Daniel Winnik,L,MIN,2018-02,81.0,13,6.2308
8471476,Daniel Winnik,L,MIN,2018-03,94.5,14,6.75
8471476,Daniel Winnik,L,MIN,2018-04,29.0,4,7.25
8471490,Adam Cracknell,R,NYR,2017-10,49.0,5,9.8
8471498,Jannik Hansen,R,SJS,2017-10,35.0,7,5.0
8471498,Jannik Hansen,R,SJS,2017-11,42.5,7,6.0714
8471498,Jannik Hansen,R,SJS,2017-12,90.5,11,8.2273
8471498,Jannik Hansen,R,SJS,2018-01,9.0,3,3.0
8471498,Jannik Hansen,R,SJS,2018-02,44.5,9,4.9444
8471498,Jannik Hansen,R,SJS,2018-03,77.5,8,9.6875
8471498,Jannik Hansen,R,SJS,2018-04,6.5,1,6.5
8471657,Cody McLeod,L,NYR,2017-10,94.5,8,11.8125
8471657,Cody McLeod,L,NYR,2017-11,118.0,9,13.1111
8471657,Cody McLeod,L,NYR,2017-12,47.5,5,9.5
8471657,Cody McLeod,L,NYR,2018-01,9.0,1,9.0
8471657,Cody McLeod,L,NYR,2018-02,220.0,12,18.3333
8471657,Cody McLeod,L,NYR,2018-03,127.5,13,9.8077
8471663,Mike Blunden,R,OTT,2018-02,18.0,1,18.0
8471669,Paul Stastny,C,WPG,2017-10,169.5,13,13.0385
8471669,Paul Stastny,C,WPG,2017-11,165.5,12,13.7917
8471669,Paul Stastny,C,WPG,2017-12,287.5,16,17.9688
8471669,Paul Stastny,C,WPG,2018-01,149.0,11,13.5455
8471669,Paul Stastny,C,WPG,2018-02,130.5,12,10.875
8471669,Paul Stastny,C,WPG,2018-03,146.5,14,10.4643
8471669,Paul Stastny,C,WPG,2018-04,38.5,4,9.625
8471675,Sidney Crosby,C,PIT,2017-10,211.0,13,16.2308
8471675,Sidney Crosby,C,PIT,2017-11,182.0,13,14.0
8471675,Sidney Crosby,C,PIT,2017-12,165.0,14,11.7857
8471675,Sidney Crosby,C,PIT,2018-01,231.0,12,19.25
8471675,Sidney Crosby,C,PIT,2018-02,177.0,12,14.75
8471675,Sidney Crosby,C,PIT,2018-03,184.5,15,12.3
8471675,Sidney Crosby,C,PIT,2018-04,28.5,3,9.5
8471676,Bobby Ryan,R,OTT,2017-10,90.0,8,11.25
8471676,Bobby Ryan,R,OTT,2017-11,81.5,7,11.6429
8471676,Bobby Ryan,R,OTT,2017-12,186.5,13,14.3462
8471676,Bobby Ryan,R,OTT,2018-01,112.0,10,11.2
8471676,Bobby Ryan,R,OTT,2018-02,62.5,4,15.625
8471676,Bobby Ryan,R,OTT,2018-03,145.5,16,9.0938
8471676,Bobby Ryan,R,OTT,2018-04,42.5,4,10.625
8471677,Jack Johnson,D,CBJ,2017-10,135.0,12,11.25
8471677,Jack Johnson,D,CBJ,2017-11,159.0,13,12.2308
8471677,Jack Johnson,D,CBJ,2017-12,195.0,15,13.0
8471677,Jack Johnson,D,CBJ,2018-01,127.5,10,12.75
8471677,Jack Johnson,D,CBJ,2018-02,173.5,13,13.3462
8471677,Jack Johnson,D,CBJ,2018-03,147.0,11,13.3636
8471677,Jack Johnson,D,CBJ,2018-04,28.0,3,9.3333
8471678,Benoit Pouliot,L,BUF,2017-10,135.5,12,11.2917
8471678,Benoit Pouliot,L,BUF,2017-11,123.5,13,9.5
8471678,Benoit Pouliot,L,BUF,2017-12,100.0,13,7.6923
8471678,Benoit Pouliot,L,BUF,2018-01,54.0,9,6.0
8471678,Benoit Pouliot,L,BUF,2018-02,93.5,13,7.1923
8471678,Benoit Pouliot,L,BUF,2018-03,39.0,13,3.0
8471678,Benoit Pouliot,L,BUF,2018-04,1.5,1,1.5
8471679,Carey Price,G,MTL,2017-10,-20.0,0,0.0
8471679,Carey Price,G,MTL,2017-11,0.5,0,0.0
8471679,Carey Price,G,MTL,2017-12,-9.5,0,0.0
8471679,Carey Price,G,MTL,2018-01,-15.0,0,0.0
8471679,Carey Price,G,MTL,2018-02,-17.5,0,0.0
8471679,Carey Price,G,MTL,2018-03,-10.0,0,0.0
8471679,Carey Price,G,MTL,2018-04,0.5,0,0.0
8471685,Anze Kopitar,C,LAK,2017-10,193.5,12,16.125
8471685,Anze Kopitar,C,LAK,2017-11,219.0,14,15.6429
8471685,Anze Kopitar,C,LAK,2017-12,272.0,13,20.9231
8471685,Anze Kopitar,C,LAK,2018-01,187.0,11,17.0
8471685,Anze Kopitar,C,LAK,2018-02,265.5,14,18.9643
8471685,Anze Kopitar,C,LAK,2018-03,230.5,15,15.3667
8471685,Anze Kopitar,C,LAK,2018-04,40.5,3,13.5
8471686,Marc Staal,D,NYR,2017-10,148.0,13,11.3846
8471686,Marc Staal,D,NYR,2017-11,145.5,12,12.125
8471686,Marc Staal,D,NYR,2017-12,141.0,13,10.8462
8471686,Marc Staal,D,NYR,2018-01,96.5,10,9.65
8471686,Marc Staal,D,NYR,2018-02,37.0,6,6.1667
8471686,Marc Staal,D,NYR,2018-03,158.0,15,10.5333
8471686,Marc Staal,D,NYR,2018-04,14.0,3,4.6667
8471691,Martin Hanzal,C,DAL,2017-10,210.5,11,19.1364
8471691,Martin Hanzal,C,DAL,2017-11,88.0,8,11.0
8471691,Martin Hanzal,C,DAL,2017-12,136.0,7,19.4286
8471691,Martin Hanzal,C,DAL,2018-01,161.0,7,23.0
8471691,Martin Hanzal,C,DAL,2018-02,61.5,5,12.3
8471695,Tuukka Rask,G,BOS,2017-10,5.5,0,0.0
8471695,Tuukka Rask,G,BOS,2017-11,-5.0,0,0.0
8471695,Tuukka Rask,G,BOS,2018-01,-10.0,0,0.0
8471695,Tuukka Rask,G,BOS,2018-02,-7.5,0,0.0
8471695,Tuukka Rask,G,BOS,2018-03,22.5,0,0.0
8471695,Tuukka Rask,G,BOS,2018-04,-7.5,0,0.0
8471698,T.J. Oshie,R,WSH,2017-10,179.5,12,14.9583
8471698,T.J. Oshie,R,WSH,2017-11,219.0,14,15.6429
8471698,T.J. Oshie,R,WSH,2017-12,93.5,8,11.6875
8471698,T.J. Oshie,R,WSH,2018-01,100.5,10,10.05
8471698,T.J. Oshie,R,WSH,2018-02,140.5,14,10.0357
8471698,T.J. Oshie,R,WSH,2018-03,143.0,14,10.2143
8471698,T.J. Oshie,R,WSH,2018-04,58.5,2,29.25
8471699,Andrew Cogliano,C,ANA,2017-10,80.5,11,7.3182
8471699,Andrew Cogliano,C,ANA,2017-11,129.5,14,9.25
8471699,Andrew Cogliano,C,ANA,2017-12,118.5,15,7.9
8471699,Andrew Cogliano,C,ANA,2018-01,44.5,9,4.9444
8471699,Andrew Cogliano,C,ANA,2018-02,114.0,13,8.7692
8471699,Andrew Cogliano,C,ANA,2018-03,94.5,14,6.75
8471699,Andrew Cogliano,C,ANA,2018-04,51.5,4,12.875
8471702,Matt Niskanen,D,WSH,2017-10,54.0,5,10.8
8471702,Matt Niskanen,D,WSH,2017-11,55.5,8,6.9375
8471702,Matt Niskanen,D,WSH,2017-12,209.5,14,14.9643
8471702,Matt Niskanen,D,WSH,2018-01,91.5,9,10.1667
8471702,Matt Niskanen,D,WSH,2018-02,130.5,14,9.3214
8471702,Matt Niskanen,D,WSH,2018-03,247.0,14,17.6429
8471702,Matt Niskanen,D,WSH,2018-04,48.0,4,12.0
8471707,James Neal,L,VGK,2017-10,138.0,11,12.5455
8471707,James Neal,L,VGK,2017-11,94.0,13,7.2308
8471707,James Neal,L,VGK,2017-12,115.0,13,8.8462
8471707,James Neal,L,VGK,2018-01,111.0,12,9.25
8471707,James Neal,L,VGK,2018-02,63.5,10,6.35
8471707,James Neal,L,VGK,2018-03,94.0,9,10.4444
8471707,James Neal,L,VGK,2018-04,26.0,3,8.6667
8471709,Marc-Edouard Vlasic,D,SJS,2017-10,53.0,11,4.8182
8471709,Marc-Edouard Vlasic,D,SJS,2017-11,129.0,11,11.7273
8471709,Marc-Edouard Vlasic,D,SJS,2017-12,118.5,13,9.1154
8471709,Marc-Edouard Vlasic,D,SJS,2018-01,226.5,14,16.1786
8471709,Marc-Edouard Vlasic,D,SJS,2018-02,114.0,14,8.1429
8471709,Marc-Edouard Vlasic,D,SJS,2018-03,194.0,15,12.9333
8471709,Marc-Edouard Vlasic,D,SJS,2018-04,28.0,3,9.3333
8471710,Taylor Chorney,D,CBJ,2017-10,77.5,8,9.6875
8471710,Taylor Chorney,D,CBJ,2017-11,99.0,12,8.25
8471710,Taylor Chorney,D,CBJ,2017-12,16.0,2,8.0
8471710,Taylor Chorney,D,CBJ,2018-01,10.5,1,10.5
8471710,Taylor Chorney,D,CBJ,2018-02,3.0,1,3.0
8471710,Taylor Chorney,D,CBJ,2018-04,6.5,1,6.5
8471715,Ondrej Pavelec,G,NYR,2017-10,-5.0,0,0.0
8471715,Ondrej Pavelec,G,NYR,2017-11,-2.5,0,0.0
8471715,Ondrej Pavelec,G,NYR,2018-02,5.5,0,0.0
8471715,Ondrej Pavelec,G,NYR,2018-03,-2.5,0,0.0
8471716,Justin Abdelkader,L,DET,2017-10,184.5,13,14.1923
8471716,Justin Abdelkader,L,DET,2017-11,125.0,12,10.4167
8471716,Justin Abdelkader,L,DET,2017-12,189.0,12,15.75
8471716,Justin Abdelkader,L,DET,2018-01,92.5,5,18.5
8471716,Justin Abdelkader,L,DET,2018-02,235.5,14,16.8214
8471716,Justin Abdelkader,L,DET,2018-03,160.5,16,10.0312
8471716,Justin Abdelkader,L,DET,2018-04,32.0,3,10.6667
8471717,Adam McQuaid,D,BOS,2017-10,92.0,6,15.3333
8471717,Adam McQuaid,D,BOS,2018-01,67.0,6,11.1667
8471717,Adam McQuaid,D,BOS,2018-02,183.0,11,16.6364
8471717,Adam McQuaid,D,BOS,2018-03,190.0,11,17.2727
8471717,Adam McQuaid,D,BOS,2018-04,47.5,4,11.875
8471724,Kris Letang,D,PIT,2017-10,156.0,13,12.0
8471724,Kris Letang,D,PIT,2017-11,171.0,13,13.1538
8471724,Kris Letang,D,PIT,2017-12,146.0,11,13.2727
8471724,Kris Letang,D,PIT,2018-01,160.0,12,13.3333
8471724,Kris Letang,D,PIT,2018-02,174.5,12,14.5417
8471724,Kris Letang,D,PIT,2018-03,178.5,15,11.9
8471724,Kris Letang,D,PIT,2018-04,37.5,3,12.5
8471729,Kris Russell,D,EDM,2017-10,136.0,10,13.6
8471729,Kris Russell,D,EDM,2017-11,216.5,16,13.5312
8471729,Kris Russell,D,EDM,2017-12,199.5,13,15.3462
8471729,Kris Russell,D,EDM,2018-01,159.0,10,15.9
8471729,Kris Russell,D,EDM,2018-02,237.0,12,19.75
8471729,Kris Russell,D,EDM,2018-03,206.0,14,14.7143
8471729,Kris Russell,D,EDM,2018-04,25.0,3,8.3333
8471734,Jonathan Quick,G,LAK,2017-10,-9.0,0,0.0
8471734,Jonathan Quick,G,LAK,2017-11,-6.0,0,0.0
8471734,Jonathan Quick,G,LAK,2017-12,-12.5,0,0.0
8471734,Jonathan Quick,G,LAK,2018-01,-12.5,0,0.0
8471734,Jonathan Quick,G,LAK,2018-02,-16.5,0,0.0
8471734,Jonathan Quick,G,LAK,2018-03,-12.0,0,0.0
8471734,Jonathan Quick,G,LAK,2018-04,-15.0,0,0.0
8471735,Keith Yandle,D,FLA,2017-10,63.0,11,5.7273
8471735,Keith Yandle,D,FLA,2017-11,82.0,13,6.3077
8471735,Keith Yandle,D,FLA,2017-12,59.0,14,4.2143
8471735,Keith Yandle,D,FLA,2018-01,37.5,10,3.75
8471735,Keith Yandle,D,FLA,2018-02,59.5,12,4.9583
8471735,Keith Yandle,D,FLA,2018-03,70.0,17,4.1176
8471735,Keith Yandle,D,FLA,2018-04,39.5,5,7.9
8471742,Cody Franson,D,CHI,2017-10,18.5,3,6.1667
8471742,Cody Franson,D,CHI,2017-11,86.5,12,7.2083
8471742,Cody Franson,D,CHI,2017-12,17.5,6,2.9167
8471742,Cody Franson,D,CHI,2018-01,-1.0,2,-0.5
8471743,Vladimir Sobotka,C,STL,2017-10,151.0,13,11.6154
8471743,Vladimir Sobotka,C,STL,2017-11,157.0,12,13.0833
8471743,Vladimir Sobotka,C,STL,2017-12,194.0,16,12.125
8471743,Vladimir Sobotka,C,STL,2018-01,109.5,11,9.9545
8471743,Vladimir Sobotka,C,STL,2018-02,191.0,12,15.9167
8471743,Vladimir Sobotka,C,STL,2018-03,198.5,13,15.2692
8471743,Vladimir Sobotka,C,STL,2018-04,80.5,4,20.125
8471750,Ben Bishop,G,DAL,2017-10,-12.5,0,0.0
8471750,Ben Bishop,G,DAL,2017-11,6.5,0,0.0
8471750,Ben Bishop,G,DAL,2017-12,-7.5,0,0.0
8471750,Ben Bishop,G,DAL,2018-01,-27.5,0,0.0
8471761,Chris Butler,D,STL,2018-02,3.5,2,1.75
8471761,Chris Butler,D,STL,2018-04,16.0,4,4.0
8471766,Jared Boll,R,ANA,2017-10,15.0,6,2.5
8471766,Jared Boll,R,ANA,2017-11,9.5,2,4.75
8471766,Jared Boll,R,ANA,2018-01,20.0,2,10.0
8471768,Tom Pyatt,C,OTT,2017-10,166.0,12,13.8333
8471768,Tom Pyatt,C,OTT,2017-11,77.0,11,7.0
8471768,Tom Pyatt,C,OTT,2017-12,104.5,14,7.4643
8471768,Tom Pyatt,C,OTT,2018-01,114.0,11,10.3636
8471768,Tom Pyatt,C,OTT,2018-02,154.5,14,11.0357
8471768,Tom Pyatt,C,OTT,2018-03,131.5,15,8.7667
8471768,Tom Pyatt,C,OTT,2018-04,35.5,4,8.875
8471769,Niklas Hjalmarsson,D,ARI,2017-10,142.0,12,11.8333
8471769,Niklas Hjalmarsson,D,ARI,2017-11,37.5,5,7.5
8471769,Niklas Hjalmarsson,D,ARI,2018-01,95.0,7,13.5714
8471769,Niklas Hjalmarsson,D,ARI,2018-02,108.5,12,9.0417
8471769,Niklas Hjalmarsson,D,ARI,2018-03,165.0,12,13.75
8471774,Alex Stalock,G,MIN,2017-10,5.5,0,0.0
8471774,Alex Stalock,G,MIN,2017-11,-10.0,0,0.0
8471774,Alex Stalock,G,MIN,2017-12,1.0,0,0.0
8471774,Alex Stalock,G,MIN,2018-01,-2.5,0,0.0
8471774,Alex Stalock,G,MIN,2018-03,-2.5,0,0.0
8471774,Alex Stalock,G,MIN,2018-04,-5.0,0,0.0
8471794,Darren Helm,C,DET,2017-10,150.5,13,11.5769
8471794,Darren Helm,C,DET,2017-11,150.0,12,12.5
8471794,Darren Helm,C,DET,2017-12,208.0,12,17.3333
8471794,Darren Helm,C,DET,2018-01,66.5,5,13.3
8471794,Darren Helm,C,DET,2018-02,126.5,14,9.0357
8471794,Darren Helm,C,DET,2018-03,141.0,16,8.8125
8471794,Darren Helm,C,DET,2018-04,17.5,3,5.8333
8471804,Nathan Gerbe,C,CBJ,2018-02,13.5,2,6.75
8471811,Cal O'Reilly,C,MIN,2017-10,8.0,1,8.0
8471817,Ryan Reaves,R,VGK,2017-10,199.0,13,15.3077
8471817,Ryan Reaves,R,VGK,2017-11,186.0,13,14.3077
8471817,Ryan Reaves,R,VGK,2017-12,147.0,14,10.5
8471817,Ryan Reaves,R,VGK,2018-01,103.5,9,11.5
8471817,Ryan Reaves,R,VGK,2018-02,136.0,11,12.3636
8471817,Ryan Reaves,R,VGK,2018-03,274.0,16,17.125
8471817,Ryan Reaves,R,VGK,2018-04,26.0,3,8.6667
8471873,Anton Stralman,D,TBL,2017-10,129.0,13,9.9231
8471873,Anton Stralman,D,TBL,2017-11,103.0,12,8.5833
8471873,Anton Stralman,D,TBL,2017-12,123.5,11,11.2273
8471873,Anton Stralman,D,TBL,2018-01,173.0,12,14.4167
8471873,Anton Stralman,D,TBL,2018-02,178.5,14,12.75
8471873,Anton Stralman,D,TBL,2018-03,141.0,14,10.0714
8471873,Anton Stralman,D,TBL,2018-04,33.5,4,8.375
8471887,Patric Hornqvist,R,PIT,2017-10,166.5,10,16.65
8471887,Patric Hornqvist,R,PIT,2017-11,275.0,13,21.1538
8471887,Patric Hornqvist,R,PIT,2017-12,181.0,13,13.9231
8471887,Patric Hornqvist,R,PIT,2018-01,191.0,12,15.9167
8471887,Patric Hornqvist,R,PIT,2018-02,33.5,4,8.375
8471887,Patric Hornqvist,R,PIT,2018-03,268.0,15,17.8667
8471887,Patric Hornqvist,R,PIT,2018-04,61.5,3,20.5
8471958,Dan Girardi,D,TBL,2017-10,185.0,13,14.2308
8471958,Dan Girardi,D,TBL,2017-11,208.0,12,17.3333
8471958,Dan Girardi,D,TBL,2017-12,211.5,13,16.2692
8471958,Dan Girardi,D,TBL,2018-01,125.0,10,12.5
8471958,Dan Girardi,D,TBL,2018-02,156.0,11,14.1818
8471958,Dan Girardi,D,TBL,2018-03,171.5,14,12.25
8471958,Dan Girardi,D,TBL,2018-04,72.5,4,18.125
8471976,David Desharnais,C,NYR,2017-10,126.5,13,9.7308
8471976,David Desharnais,C,NYR,2017-11,48.5,9,5.3889
8471976,David Desharnais,C,NYR,2017-12,162.0,13,12.4615
8471976,David Desharnais,C,NYR,2018-01,78.5,12,6.5417
8471976,David Desharnais,C,NYR,2018-02,137.0,14,9.7857
8471976,David Desharnais,C,NYR,2018-03,51.5,9,5.7222
8472382,Andy Greene,D,NJD,2017-10,103.5,9,11.5
8472382,Andy Greene,D,NJD,2017-11,166.0,14,11.8571
8472382,Andy Greene,D,NJD,2017-12,236.0,14,16.8571
8472382,Andy Greene,D,NJD,2018-01,156.0,11,14.1818
8472382,Andy Greene,D,NJD,2018-02,223.5,14,15.9643
8472382,Andy Greene,D,NJD,2018-03,197.0,15,13.1333
8472382,Andy Greene,D,NJD,2018-04,49.0,4,12.25
8473412,Bryan Little,C,WPG,2017-10,155.5,11,14.1364
8473412,Bryan Little,C,WPG,2017-11,151.0,14,10.7857
8473412,Bryan Little,C,WPG,2017-12,212.0,15,14.1333
8473412,Bryan Little,C,WPG,2018-01,194.5,11,17.6818
8473412,Bryan Little,C,WPG,2018-02,185.0,12,15.4167
8473412,Bryan Little,C,WPG,2018-03,182.5,15,12.1667
8473412,Bryan Little,C,WPG,2018-04,35.5,4,8.875
8473415,Alex Biega,D,VAN,2017-10,65.5,4,16.375
8473415,Alex Biega,D,VAN,2017-11,188.0,11,17.0909
8473415,Alex Biega,D,VAN,2017-12,146.0,6,24.3333
8473415,Alex Biega,D,VAN,2018-01,101.5,5,20.3
8473415,Alex Biega,D,VAN,2018-02,66.5,5,13.3
8473415,Alex Biega,D,VAN,2018-03,119.0,10,11.9
8473415,Alex Biega,D,VAN,2018-04,36.0,3,12.0
8473419,Brad Marchand,C,BOS,2017-10,103.5,10,10.35
8473419,Brad Marchand,C,BOS,2017-11,61.5,5,12.3
8473419,Brad Marchand,C,BOS,2017-12,207.0,14,14.7857
8473419,Brad Marchand,C,BOS,2018-01,74.5,9,8.2778
8473419,Brad Marchand,C,BOS,2018-02,77.0,10,7.7
8473419,Brad Marchand,C,BOS,2018-03,161.5,15,10.7667
8473419,Brad Marchand,C,BOS,2018-04,21.0,5,4.2
8473422,Nick Foligno,L,CBJ,2017-10,264.5,12,22.0417
8473422,Nick Foligno,L,CBJ,2017-11,228.0,13,17.5385
8473422,Nick Foligno,L,CBJ,2017-12,254.0,15,16.9333
8473422,Nick Foligno,L,CBJ,2018-01,157.0,10,15.7
8473422,Nick Foligno,L,CBJ,2018-02,153.0,9,17.0
8473422,Nick Foligno,L,CBJ,2018-03,215.0,13,16.5385
8473432,Derek Dorsett,R,VAN,2017-10,195.5,11,17.7727
8473432,Derek Dorsett,R,VAN,2017-11,117.0,9,13.0
8473434,Chad Johnson,G,BUF,2017-10,0.5,0,0.0
8473434,Chad Johnson,G,BUF,2017-11,-5.0,0,0.0
8473434,Chad Johnson,G,BUF,2017-12,5.5,0,0.0
8473434,Chad Johnson,G,BUF,2018-01,3.0,0,0.0
8473434,Chad Johnson,G,BUF,2018-03,-7.5,0,0.0
8473434,Chad Johnson,G,BUF,2018-04,-2.0,0,0.0
8473440,Will O'Neill,D,PHI,2017-11,6.0,1,6.0
8473446,Erik Johnson,D,COL,2017-10,200.0,11,18.1818
8473446,Erik Johnson,D,COL,2017-11,159.5,12,13.2917
8473446,Erik Johnson,D,COL,2017-12,267.0,13,20.5385
8473446,Erik Johnson,D,COL,2018-01,194.5,11,17.6818
8473446,Erik Johnson,D,COL,2018-02,132.0,9,14.6667
8473446,Erik Johnson,D,COL,2018-03,99.5,6,16.5833
8473449,Kyle Okposo,R,BUF,2017-10,75.5,10,7.55
8473449,Kyle Okposo,R,BUF,2017-11,106.0,13,8.1538
8473449,Kyle Okposo,R,BUF,2017-12,121.0,13,9.3077
8473449,Kyle Okposo,R,BUF,2018-01,103.5,12,8.625
8473449,Kyle Okposo,R,BUF,2018-02,77.5,13,5.9615
8473449,Kyle Okposo,R,BUF,2018-03,58.5,11,5.3182
8473449,Kyle Okposo,R,BUF,2018-04,35.5,4,8.875
8473453,Trevor Lewis,C,LAK,2017-10,151.0,12,12.5833
8473453,Trevor Lewis,C,LAK,2017-11,157.0,14,11.2143
8473453,Trevor Lewis,C,LAK,2017-12,157.0,13,12.0769
8473453,Trevor Lewis,C,LAK,2018-01,173.0,11,15.7273
8473453,Trevor Lewis,C,LAK,2018-02,30.0,4,7.5
8473453,Trevor Lewis,C,LAK,2018-03,86.5,11,7.8636
8473453,Trevor Lewis,C,LAK,2018-04,25.5,3,8.5
8473461,Steve Mason,G,WPG,2017-10,-5.0,0,0.0
8473461,Steve Mason,G,WPG,2017-11,-10.0,0,0.0
8473461,Steve Mason,G,WPG,2017-12,-5.0,0,0.0
8473461,Steve Mason,G,WPG,2018-01,-2.5,0,0.0
8473463,Leo Komarov,C,TOR,2017-10,225.5,12,18.7917
8473463,Leo Komarov,C,TOR,2017-11,261.5,15,17.4333
8473463,Leo Komarov,C,TOR,2017-12,174.5,13,13.4231
8473463,Leo Komarov,C,TOR,2018-01,198.0,12,16.5
8473463,Leo Komarov,C,TOR,2018-02,191.0,14,13.6429
8473463,Leo Komarov,C,TOR,2018-03,82.5,6,13.75
8473463,Leo Komarov,C,TOR,2018-04,35.0,2,17.5
8473465,Jamie McGinn,L,FLA,2017-10,116.0,11,10.5455
8473465,Jamie McGinn,L,FLA,2017-11,99.0,13,7.6154
8473465,Jamie McGinn,L,FLA,2017-12,105.5,12,8.7917
8473465,Jamie McGinn,L,FLA,2018-01,89.0,8,11.125
8473465,Jamie McGinn,L,FLA,2018-02,91.0,10,9.1
8473465,Jamie McGinn,L,FLA,2018-03,164.5,17,9.6765
8473465,Jamie McGinn,L,FLA,2018-04,29.5,5,5.9
8473468,Eric Gryba,D,EDM,2017-10,158.5,9,17.6111
8473468,Eric Gryba,D,EDM,2017-11,143.0,10,14.3
8473468,Eric Gryba,D,EDM,2017-12,18.5,2,9.25
8473473,Milan Lucic,L,EDM,2017-10,147.0,10,14.7
8473473,Milan Lucic,L,EDM,2017-11,222.0,16,13.875
8473473,Milan Lucic,L,EDM,2017-12,165.5,13,12.7308
8473473,Milan Lucic,L,EDM,2018-01,105.5,10,10.55
8473473,Milan Lucic,L,EDM,2018-02,179.5,14,12.8214
8473473,Milan Lucic,L,EDM,2018-03,233.0,16,14.5625
8473473,Milan Lucic,L,EDM,2018-04,25.5,3,8.5
8473485,Chris Stewart,R,CGY,2017-10,95.5,10,9.55
8473485,Chris Stewart,R,CGY,2017-11,75.0,14,5.3571
8473485,Chris Stewart,R,CGY,2017-12,68.5,13,5.2692
8473485,Chris Stewart,R,CGY,2018-01,21.5,7,3.0714
8473485,Chris Stewart,R,CGY,2018-02,16.0,5,3.2
8473485,Chris Stewart,R,CGY,2018-03,38.0,5,7.6
8473492,Matt Beleskey,L,NYR,2017-10,57.5,6,9.5833
8473492,Matt Beleskey,L,NYR,2017-11,81.5,8,10.1875
8473492,Matt Beleskey,L,NYR,2018-04,35.0,1,35.0
8473499,Reto Berra,G,ANA,2017-10,-7.5,0,0.0
8473499,Reto Berra,G,ANA,2017-11,-5.0,0,0.0
8473503,James Reimer,G,FLA,2017-10,8.5,0,0.0
8473503,James Reimer,G,FLA,2017-11,11.0,0,0.0
8473503,James Reimer,G,FLA,2017-12,-0.5,0,0.0
8473503,James Reimer,G,FLA,2018-02,0.5,0,0.0
8473503,James Reimer,G,FLA,2018-03,1.0,0,0.0
8473503,James Reimer,G,FLA,2018-04,-5.0,0,0.0
8473504,Cal Clutterbuck,R,NYI,2017-10,114.0,9,12.6667
8473504,Cal Clutterbuck,R,NYI,2017-11,137.5,10,13.75
8473504,Cal Clutterbuck,R,NYI,2017-12,229.5,15,15.3
8473504,Cal Clutterbuck,R,NYI,2018-01,193.5,13,14.8846
8473504,Cal Clutterbuck,R,NYI,2018-02,167.5,12,13.9583
8473504,Cal Clutterbuck,R,NYI,2018-03,179.0,14,12.7857
8473504,Cal Clutterbuck,R,NYI,2018-04,13.5,3,4.5
8473507,Jeff Petry,D,MTL,2017-10,176.0,12,14.6667
8473507,Jeff Petry,D,MTL,2017-11,211.5,15,14.1
8473507,Jeff Petry,D,MTL,2017-12,127.5,12,10.625
8473507,Jeff Petry,D,MTL,2018-01,181.5,11,16.5
8473507,Jeff Petry,D,MTL,2018-02,250.5,13,19.2692
8473507,Jeff Petry,D,MTL,2018-03,160.0,15,10.6667
8473507,Jeff Petry,D,MTL,2018-04,38.5,4,9.625
8473512,Claude Giroux,R,PHI,2017-10,156.0,12,13.0
8473512,Claude Giroux,R,PHI,2017-11,131.5,13,10.1154
8473512,Claude Giroux,R,PHI,2017-12,112.0,13,8.6154
8473512,Claude Giroux,R,PHI,2018-01,120.5,12,10.0417
8473512,Claude Giroux,R,PHI,2018-02,175.0,13,13.4615
8473512,Claude Giroux,R,PHI,2018-03,139.5,15,9.3
8473512,Claude Giroux,R,PHI,2018-04,31.5,4,7.875
8473533,Jordan Staal,C,CAR,2017-10,214.0,10,21.4
8473533,Jordan Staal,C,CAR,2017-11,235.5,13,18.1154
8473533,Jordan Staal,C,CAR,2017-12,347.5,15,23.1667
8473533,Jordan Staal,C,CAR,2018-01,211.0,12,17.5833
8473533,Jordan Staal,C,CAR,2018-02,204.0,10,20.4
8473533,Jordan Staal,C,CAR,2018-03,315.0,16,19.6875
8473533,Jordan Staal,C,CAR,2018-04,51.5,3,17.1667
8473534,Patrik Berglund,C,STL,2017-11,22.5,1,22.5
8473534,Patrik Berglund,C,STL,2017-12,200.5,16,12.5312
8473534,Patrik Berglund,C,STL,2018-01,132.0,11,12.0
8473534,Patrik Berglund,C,STL,2018-02,113.0,12,9.4167
8473534,Patrik Berglund,C,STL,2018-03,195.0,13,15.0
8473534,Patrik Berglund,C,STL,2018-04,46.0,4,11.5
8473541,Jonathan Bernier,G,COL,2017-10,5.5,0,0.0
8473541,Jonathan Bernier,G,COL,2018-01,-2.5,0,0.0
8473541,Jonathan Bernier,G,COL,2018-02,-7.5,0,0.0
8473541,Jonathan Bernier,G,COL,2018-03,-2.5,0,0.0
8473544,Derick Brassard,C,PIT,2017-10,185.5,12,15.4583
8473544,Derick Brassard,C,PIT,2017-11,182.0,11,16.5455
8473544,Derick Brassard,C,PIT,2017-12,155.5,14,11.1071
8473544,Derick Brassard,C,PIT,2018-01,178.0,11,16.1818
8473544,Derick Brassard,C,PIT,2018-02,162.0,11,14.7273
8473544,Derick Brassard,C,PIT,2018-03,132.0,13,10.1538
8473546,Michael Grabner,R,NJD,2017-10,112.0,13,8.6154
8473546,Michael Grabner,R,NJD,2017-11,73.0,12,6.0833
8473546,Michael Grabner,R,NJD,2017-12,105.0,13,8.0769
8473546,Michael Grabner,R,NJD,2018-01,84.0,11,7.6364
8473546,Michael Grabner,R,NJD,2018-02,79.0,12,6.5833
8473546,Michael Grabner,R,NJD,2018-03,144.0,15,9.6
8473546,Michael Grabner,R,NJD,2018-04,12.0,4,3.0
8473548,Phil Kessel,C,PIT,2017-10,38.0,13,2.9231
8473548,Phil Kessel,C,PIT,2017-11,78.0,13,6.0
8473548,Phil Kessel,C,PIT,2017-12,45.0,14,3.2143
8473548,Phil Kessel,C,PIT,2018-01,37.0,12,3.0833
8473548,Phil Kessel,C,PIT,2018-02,46.5,12,3.875
8473548,Phil Kessel,C,PIT,2018-03,53.0,15,3.5333
8473548,Phil Kessel,C,PIT,2018-04,9.0,3,3.0
8473560,Korbinian Holzer,D,ANA,2017-10,50.5,6,8.4167
8473560,Korbinian Holzer,D,ANA,2017-11,23.0,4,5.75
8473560,Korbinian Holzer,D,ANA,2018-01,19.5,3,6.5
8473560,Korbinian Holzer,D,ANA,2018-02,14.5,1,14.5
8473560,Korbinian Holzer,D,ANA,2018-03,24.0,2,12.0
8473563,Nicklas Backstrom,C,WSH,2017-10,124.0,11,11.2727
8473563,Nicklas Backstrom,C,WSH,2017-11,184.0,14,13.1429
8473563,Nicklas Backstrom,C,WSH,2017-12,175.5,14,12.5357
8473563,Nicklas Backstrom,C,WSH,2018-01,93.0,10,9.3
8473563,Nicklas Backstrom,C,WSH,2018-02,233.0,14,16.6429
8473563,Nicklas Backstrom,C,WSH,2018-03,137.0,14,9.7857
8473563,Nicklas Backstrom,C,WSH,2018-04,49.5,4,12.375
8473564,Michael Frolik,R,CGY,2017-10,104.0,12,8.6667
8473564,Michael Frolik,R,CGY,2017-11,81.5,13,6.2692
8473564,Michael Frolik,R,CGY,2017-12,96.5,12,8.0417
8473564,Michael Frolik,R,CGY,2018-01,-6.0,1,-6.0
8473564,Michael Frolik,R,CGY,2018-02,158.0,15,10.5333
8473564,Michael Frolik,R,CGY,2018-03,95.0,14,6.7857
8473564,Michael Frolik,R,CGY,2018-04,12.5,3,4.1667
8473573,Artem Anisimov,C,CHI,2017-10,176.5,12,14.7083
8473573,Artem Anisimov,C,CHI,2017-11,200.5,13,15.4231
8473573,Artem Anisimov,C,CHI,2017-12,92.5,11,8.4091
8473573,Artem Anisimov,C,CHI,2018-01,33.5,4,8.375
8473573,Artem Anisimov,C,CHI,2018-02,139.5,13,10.7308
8473573,Artem Anisimov,C,CHI,2018-03,137.5,16,8.5938
8473573,Artem Anisimov,C,CHI,2018-04,29.0,3,9.6667
8473574,Shawn Matthias,C,WPG,2017-10,72.5,11,6.5909
8473574,Shawn Matthias,C,WPG,2017-11,18.5,6,3.0833
8473574,Shawn Matthias,C,WPG,2017-12,23.0,3,7.6667
8473574,Shawn Matthias,C,WPG,2018-01,22.5,5,4.5
8473574,Shawn Matthias,C,WPG,2018-03,7.0,1,7.0
8473574,Shawn Matthias,C,WPG,2018-04,9.0,1,9.0
8473575,Semyon Varlamov,G,COL,2017-10,-2.0,0,0.0
8473575,Semyon Varlamov,G,COL,2017-11,-7.5,0,0.0
8473575,Semyon Varlamov,G,COL,2017-12,-1.5,0,0.0
8473575,Semyon Varlamov,G,COL,2018-02,-7.5,0,0.0
8473575,Semyon Varlamov,G,COL,2018-03,-5.0,0,0.0
8473579,Nikolay Kulemin,L,NYI,2017-10,82.5,10,8.25
8473579,Nikolay Kulemin,L,NYI,2017-11,33.5,3,11.1667
8473584,Andrew MacDonald,D,PHI,2017-10,87.0,8,10.875
8473584,Andrew MacDonald,D,PHI,2017-11,27.0,2,13.5
8473584,Andrew MacDonald,D,PHI,2017-12,170.0,13,13.0769
8473584,Andrew MacDonald,D,PHI,2018-01,122.5,12,10.2083
8473584,Andrew MacDonald,D,PHI,2018-02,129.0,13,9.9231
8473584,Andrew MacDonald,D,PHI,2018-03,195.0,14,13.9286
8473584,Andrew MacDonald,D,PHI,2018-04,41.0,4,10.25
8473604,Jonathan Toews,C,CHI,2017-10,154.0,12,12.8333
8473604,Jonathan Toews,C,CHI,2017-11,172.5,13,13.2692
8473604,Jonathan Toews,C,CHI,2017-12,229.5,13,17.6538
8473604,Jonathan Toews,C,CHI,2018-01,160.0,12,13.3333
8473604,Jonathan Toews,C,CHI,2018-02,154.5,13,11.8846
8473604,Jonathan Toews,C,CHI,2018-03,166.0,11,15.0909
8473607,Michal Neuvirth,G,PHI,2017-10,-7.5,0,0.0
8473607,Michal Neuvirth,G,PHI,2017-11,-5.0,0,0.0
8473607,Michal Neuvirth,G,PHI,2018-01,-7.5,0,0.0
8473607,Michal Neuvirth,G,PHI,2018-02,5.5,0,0.0
8473618,Mathieu Perreault,C,WPG,2017-10,60.0,5,12.0
8473618,Mathieu Perreault,C,WPG,2017-11,82.0,8,10.25
8473618,Mathieu Perreault,C,WPG,2017-12,156.5,15,10.4333
8473618,Mathieu Perreault,C,WPG,2018-01,178.5,11,16.2273
8473618,Mathieu Perreault,C,WPG,2018-02,147.0,12,12.25
8473618,Mathieu Perreault,C,WPG,2018-03,174.0,15,11.6
8473618,Mathieu Perreault,C,WPG,2018-04,47.5,4,11.875
8473673,David Schlemko,D,MTL,2017-11,15.5,2,7.75
8473673,David Schlemko,D,MTL,2017-12,120.5,10,12.05
8473673,David Schlemko,D,MTL,2018-01,126.5,11,11.5
8473673,David Schlemko,D,MTL,2018-02,120.5,9,13.3889
8473673,David Schlemko,D,MTL,2018-03,60.0,3,20.0
8473673,David Schlemko,D,MTL,2018-04,25.5,2,12.75
8473914,Mark Letestu,C,CBJ,2017-10,137.0,10,13.7
8473914,Mark Letestu,C,CBJ,2017-11,133.5,16,8.3438
8473914,Mark Letestu,C,CBJ,2017-12,130.0,13,10.0
8473914,Mark Letestu,C,CBJ,2018-01,66.5,9,7.3889
8473914,Mark Letestu,C,CBJ,2018-02,137.0,13,10.5385
8473914,Mark Letestu,C,CBJ,2018-03,188.5,16,11.7812
8473914,Mark Letestu,C,CBJ,2018-04,42.5,3,14.1667
8473933,Ben Lovejoy,D,NJD,2017-10,76.0,5,15.2
8473933,Ben Lovejoy,D,NJD,2017-11,112.5,9,12.5
8473933,Ben Lovejoy,D,NJD,2017-12,32.0,3,10.6667
8473933,Ben Lovejoy,D,NJD,2018-01,160.0,11,14.5455
8473933,Ben Lovejoy,D,NJD,2018-02,142.5,14,10.1786
8473933,Ben Lovejoy,D,NJD,2018-03,154.0,11,14.0
8473933,Ben Lovejoy,D,NJD,2018-04,47.0,4,11.75
8473986,Alex Killorn,C,TBL,2017-10,90.5,13,6.9615
8473986,Alex Killorn,C,TBL,2017-11,87.5,12,7.2917
8473986,Alex Killorn,C,TBL,2017-12,55.0,13,4.2308
8473986,Alex Killorn,C,TBL,2018-01,77.0,12,6.4167
8473986,Alex Killorn,C,TBL,2018-02,169.0,14,12.0714
8473986,Alex Killorn,C,TBL,2018-03,114.5,14,8.1786
8473986,Alex Killorn,C,TBL,2018-04,30.5,4,7.625
8473991,Karl Alzner,D,MTL,2017-10,122.0,12,10.1667
8473991,Karl Alzner,D,MTL,2017-11,238.0,15,15.8667
8473991,Karl Alzner,D,MTL,2017-12,196.0,12,16.3333
8473991,Karl Alzner,D,MTL,2018-01,138.0,11,12.5455
8473991,Karl Alzner,D,MTL,2018-02,183.0,13,14.0769
8473991,Karl Alzner,D,MTL,2018-03,191.5,15,12.7667
8473991,Karl Alzner,D,MTL,2018-04,30.5,4,7.625
8473992,Justin Falk,D,BUF,2017-11,231.5,12,19.2917
8473992,Justin Falk,D,BUF,2017-12,105.5,7,15.0714
8473992,Justin Falk,D,BUF,2018-01,106.0,8,13.25
8473992,Justin Falk,D,BUF,2018-02,98.5,8,12.3125
8473992,Justin Falk,D,BUF,2018-03,107.0,8,13.375
8473992,Justin Falk,D,BUF,2018-04,37.5,3,12.5
8473994,Jamie Benn,L,DAL,2017-10,214.0,12,17.8333
8473994,Jamie Benn,L,DAL,2017-11,259.0,13,19.9231
8473994,Jamie Benn,L,DAL,2017-12,201.5,15,13.4333
8473994,Jamie Benn,L,DAL,2018-01,115.0,11,10.4545
8473994,Jamie Benn,L,DAL,2018-02,177.0,12,14.75
8473994,Jamie Benn,L,DAL,2018-03,261.5,16,16.3438
8473994,Jamie Benn,L,DAL,2018-04,66.5,3,22.1667
8474000,Steven Kampfer,D,NYR,2017-10,48.5,3,16.1667
8474000,Steven Kampfer,D,NYR,2017-11,163.0,10,16.3
8474000,Steven Kampfer,D,NYR,2018-01,95.0,5,19.0
8474000,Steven Kampfer,D,NYR,2018-02,66.5,4,16.625
8474008,Paul Carey,C,NYR,2017-10,50.5,5,10.1
8474008,Paul Carey,C,NYR,2017-11,67.0,8,8.375
8474008,Paul Carey,C,NYR,2017-12,80.5,13,6.1923
8474008,Paul Carey,C,NYR,2018-01,94.0,11,8.5455
8474008,Paul Carey,C,NYR,2018-02,47.5,9,5.2778
8474008,Paul Carey,C,NYR,2018-03,70.0,12,5.8333
8474008,Paul Carey,C,NYR,2018-04,4.5,2,2.25
8474009,Nick Bonino,C,NSH,2017-10,72.5,5,14.5
8474009,Nick Bonino,C,NSH,2017-11,132.5,9,14.7222
8474009,Nick Bonino,C,NSH,2017-12,178.5,13,13.7308
8474009,Nick Bonino,C,NSH,2018-01,140.0,10,14.0
8474009,Nick Bonino,C,NSH,2018-02,216.5,14,15.4643
8474009,Nick Bonino,C,NSH,2018-03,276.0,16,17.25
8474009,Nick Bonino,C,NSH,2018-04,42.0,4,10.5
8474013,Ian Cole,D,CBJ,2017-10,137.5,10,13.75
8474013,Ian Cole,D,CBJ,2017-11,152.5,10,15.25
8474013,Ian Cole,D,CBJ,2017-12,238.0,13,18.3077
8474013,Ian Cole,D,CBJ,2018-01,86.5,5,17.3
8474013,Ian Cole,D,CBJ,2018-02,129.0,10,12.9
8474013,Ian Cole,D,CBJ,2018-03,222.0,16,13.875
8474013,Ian Cole,D,CBJ,2018-04,58.0,3,19.3333
8474018,Christopher DiDomenico,C,OTT,2017-10,34.0,5,6.8
8474018,Christopher DiDomenico,C,OTT,2017-11,54.0,7,7.7143
8474018,Christopher DiDomenico,C,OTT,2018-01,36.5,4,9.125
8474018,Christopher DiDomenico,C,OTT,2018-02,67.0,7,9.5714
8474024,Jim O'Brien,C,OTT,2018-02,8.0,1,8.0
8474024,Jim O'Brien,C,OTT,2018-03,83.0,9,9.2222
8474027,Justin Braun,D,SJS,2017-10,230.0,11,20.9091
8474027,Justin Braun,D,SJS,2017-11,187.0,12,15.5833
8474027,Justin Braun,D,SJS,2017-12,162.0,13,12.4615
8474027,Justin Braun,D,SJS,2018-01,258.5,14,18.4643
8474027,Justin Braun,D,SJS,2018-02,192.5,13,14.8077
8474027,Justin Braun,D,SJS,2018-03,189.5,15,12.6333
8474027,Justin Braun,D,SJS,2018-04,72.0,3,24.0
8474031,Kevin Shattenkirk,D,NYR,2017-10,134.5,13,10.3462
8474031,Kevin Shattenkirk,D,NYR,2017-11,148.5,12,12.375
8474031,Kevin Shattenkirk,D,NYR,2017-12,120.0,13,9.2308
8474031,Kevin Shattenkirk,D,NYR,2018-01,100.5,8,12.5625
8474034,Patrick Maroon,L,NJD,2017-10,137.0,10,13.7
8474034,Patrick Maroon,L,NJD,2017-11,199.5,16,12.4688
8474034,Patrick Maroon,L,NJD,2017-12,139.5,13,10.7308
8474034,Patrick Maroon,L,NJD,2018-01,124.5,8,15.5625
8474034,Patrick Maroon,L,NJD,2018-02,91.0,10,9.1
8474034,Patrick Maroon,L,NJD,2018-03,164.0,13,12.6154
8474034,Patrick Maroon,L,NJD,2018-04,36.5,4,9.125
8474037,James van Riemsdyk,L,TOR,2017-10,67.5,11,6.1364
8474037,James van Riemsdyk,L,TOR,2017-11,89.5,15,5.9667
8474037,James van Riemsdyk,L,TOR,2017-12,61.0,13,4.6923
8474037,James van Riemsdyk,L,TOR,2018-01,82.5,12,6.875
8474037,James van Riemsdyk,L,TOR,2018-02,63.0,14,4.5
8474037,James van Riemsdyk,L,TOR,2018-03,121.5,13,9.3462
8474037,James van Riemsdyk,L,TOR,2018-04,26.5,3,8.8333
8474038,Paul Byron,L,MTL,2017-10,138.0,12,11.5
8474038,Paul Byron,L,MTL,2017-11,190.0,15,12.6667
8474038,Paul Byron,L,MTL,2017-12,140.5,12,11.7083
8474038,Paul Byron,L,MTL,2018-01,137.0,11,12.4545
8474038,Paul Byron,L,MTL,2018-02,144.0,13,11.0769
8474038,Paul Byron,L,MTL,2018-03,209.5,15,13.9667
8474038,Paul Byron,L,MTL,2018-04,60.5,4,15.125
8474040,Sam Gagner,C,VAN,2017-10,85.5,11,7.7727
8474040,Sam Gagner,C,VAN,2017-11,118.0,15,7.8667
8474040,Sam Gagner,C,VAN,2017-12,137.0,13,10.5385
8474040,Sam Gagner,C,VAN,2018-01,109.5,11,9.9545
8474040,Sam Gagner,C,VAN,2018-02,44.5,6,7.4167
8474040,Sam Gagner,C,VAN,2018-03,87.0,15,5.8
8474040,Sam Gagner,C,VAN,2018-04,10.5,3,3.5
8474053,Logan Couture,C,SJS,2017-10,143.0,11,13.0
8474053,Logan Couture,C,SJS,2017-11,149.5,12,12.4583
8474053,Logan Couture,C,SJS,2017-12,59.5,9,6.6111
8474053,Logan Couture,C,SJS,2018-01,117.0,14,8.3571
8474053,Logan Couture,C,SJS,2018-02,136.5,14,9.75
8474053,Logan Couture,C,SJS,2018-03,164.0,15,10.9333
8474053,Logan Couture,C,SJS,2018-04,26.0,3,8.6667
8474056,P.K. Subban,D,NSH,2017-10,93.0,11,8.4545
8474056,P.K. Subban,D,NSH,2017-11,156.0,14,11.1429
8474056,P.K. Subban,D,NSH,2017-12,174.0,13,13.3846
8474056,P.K. Subban,D,NSH,2018-01,111.0,10,11.1
8474056,P.K. Subban,D,NSH,2018-02,145.0,14,10.3571
8474056,P.K. Subban,D,NSH,2018-03,185.0,16,11.5625
8474056,P.K. Subban,D,NSH,2018-04,18.0,4,4.5
8474061,Anthony Peluso,R,WSH,2017-10,24.5,2,12.25
8474062,Riley Nash,C,BOS,2017-10,168.5,10,16.85
8474062,Riley Nash,C,BOS,2017-11,249.5,13,19.1923
8474062,Riley Nash,C,BOS,2017-12,245.0,13,18.8462
8474062,Riley Nash,C,BOS,2018-01,166.0,11,15.0909
8474062,Riley Nash,C,BOS,2018-02,138.5,13,10.6538
8474062,Riley Nash,C,BOS,2018-03,271.5,16,16.9688
8474066,Thomas Hickey,D,NYI,2017-10,126.5,10,12.65
8474066,Thomas Hickey,D,NYI,2017-11,91.0,8,11.375
8474066,Thomas Hickey,D,NYI,2017-12,97.5,8,12.1875
8474066,Thomas Hickey,D,NYI,2018-01,167.5,13,12.8846
8474066,Thomas Hickey,D,NYI,2018-02,125.0,12,10.4167
8474066,Thomas Hickey,D,NYI,2018-03,144.5,15,9.6333
8474066,Thomas Hickey,D,NYI,2018-04,61.0,3,20.3333
8474068,Kyle Turris,C,NSH,2017-10,95.5,9,10.6111
8474068,Kyle Turris,C,NSH,2017-11,113.0,12,9.4167
8474068,Kyle Turris,C,NSH,2017-12,116.0,13,8.9231
8474068,Kyle Turris,C,NSH,2018-01,102.5,10,10.25
8474068,Kyle Turris,C,NSH,2018-02,79.5,13,6.1154
8474068,Kyle Turris,C,NSH,2018-03,107.5,15,7.1667
8474068,Kyle Turris,C,NSH,2018-04,21.0,4,5.25
8474074,Paul Postma,D,BOS,2017-10,28.5,4,7.125
8474074,Paul Postma,D,BOS,2017-11,32.5,7,4.6429
8474074,Paul Postma,D,BOS,2017-12,6.0,1,6.0
8474074,Paul Postma,D,BOS,2018-03,13.5,2,6.75
8474089,Brad Malone,C,EDM,2017-10,61.5,3,20.5
8474089,Brad Malone,C,EDM,2017-11,40.5,4,10.125
8474090,Brendan Smith,D,NYR,2017-10,165.0,11,15.0
8474090,Brendan Smith,D,NYR,2017-11,76.5,6,12.75
8474090,Brendan Smith,D,NYR,2017-12,115.0,13,8.8462
8474090,Brendan Smith,D,NYR,2018-01,120.5,10,12.05
8474090,Brendan Smith,D,NYR,2018-02,72.5,4,18.125
8474091,Brandon Sutter,C,VAN,2017-10,211.0,11,19.1818
8474091,Brandon Sutter,C,VAN,2017-11,225.0,12,18.75
8474091,Brandon Sutter,C,VAN,2018-01,95.5,6,15.9167
8474091,Brandon Sutter,C,VAN,2018-02,315.0,14,22.5
8474091,Brandon Sutter,C,VAN,2018-03,297.5,15,19.8333
8474091,Brandon Sutter,C,VAN,2018-04,35.0,3,11.6667
8474098,Colton Sceviour,C,FLA,2017-10,74.5,6,12.4167
8474098,Colton Sceviour,C,FLA,2017-11,122.0,12,10.1667
8474098,Colton Sceviour,C,FLA,2017-12,137.0,14,9.7857
8474098,Colton Sceviour,C,FLA,2018-01,86.5,10,8.65
8474098,Colton Sceviour,C,FLA,2018-02,113.5,12,9.4583
8474098,Colton Sceviour,C,FLA,2018-03,151.5,17,8.9118
8474098,Colton Sceviour,C,FLA,2018-04,71.0,5,14.2
8474102,David Perron,L,VGK,2017-10,140.0,11,12.7273
8474102,David Perron,L,VGK,2017-11,150.0,10,15.0
8474102,David Perron,L,VGK,2017-12,132.5,10,13.25
8474102,David Perron,L,VGK,2018-01,125.5,12,10.4583
8474102,David Perron,L,VGK,2018-02,144.0,14,10.2857
8474102,David Perron,L,VGK,2018-03,210.5,13,16.1923
8474125,Carl Gunnarsson,D,STL,2017-10,158.0,12,13.1667
8474125,Carl Gunnarsson,D,STL,2017-11,69.0,8,8.625
8474125,Carl Gunnarsson,D,STL,2017-12,118.0,15,7.8667
8474125,Carl Gunnarsson,D,STL,2018-01,75.5,7,10.7857
8474125,Carl Gunnarsson,D,STL,2018-02,123.5,12,10.2917
8474125,Carl Gunnarsson,D,STL,2018-03,84.0,9,9.3333
8474131,Mario Kempe,R,ARI,2017-10,101.0,11,9.1818
8474131,Mario Kempe,R,ARI,2017-11,56.0,7,8.0
8474134,Yannick Weber,D,NSH,2017-10,53.0,8,6.625
8474134,Yannick Weber,D,NSH,2017-11,25.0,4,6.25
8474134,Yannick Weber,D,NSH,2017-12,106.5,11,9.6818
8474134,Yannick Weber,D,NSH,2018-01,25.0,3,8.3333
8474134,Yannick Weber,D,NSH,2018-02,100.0,13,7.6923
8474134,Yannick Weber,D,NSH,2018-03,75.0,8,9.375
8474141,Patrick Kane,R,CHI,2017-10,80.0,12,6.6667
8474141,Patrick Kane,R,CHI,2017-11,67.5,13,5.1923
8474141,Patrick Kane,R,CHI,2017-12,81.5,13,6.2692
8474141,Patrick Kane,R,CHI,2018-01,71.5,12,5.9583
8474141,Patrick Kane,R,CHI,2018-02,86.0,13,6.6154
8474141,Patrick Kane,R,CHI,2018-03,80.0,16,5.0
8474141,Patrick Kane,R,CHI,2018-04,29.5,3,9.8333
8474145,Robert Bortuzzo,D,STL,2017-10,217.5,13,16.7308
8474145,Robert Bortuzzo,D,STL,2017-11,171.0,12,14.25
8474145,Robert Bortuzzo,D,STL,2017-12,212.5,13,16.3462
8474145,Robert Bortuzzo,D,STL,2018-01,143.0,11,13.0
8474145,Robert Bortuzzo,D,STL,2018-02,65.0,6,10.8333
8474145,Robert Bortuzzo,D,STL,2018-03,116.5,13,8.9615
8474145,Robert Bortuzzo,D,STL,2018-04,40.5,4,10.125
8474149,Evgenii Dadonov,R,FLA,2017-10,72.5,11,6.5909
8474149,Evgenii Dadonov,R,FLA,2017-11,60.0,11,5.4545
8474149,Evgenii Dadonov,R,FLA,2017-12,51.5,8,6.4375
8474149,Evgenii Dadonov,R,FLA,2018-01,65.0,10,6.5
8474149,Evgenii Dadonov,R,FLA,2018-02,94.5,12,7.875
8474149,Evgenii Dadonov,R,FLA,2018-03,95.0,17,5.5882
8474149,Evgenii Dadonov,R,FLA,2018-04,45.0,5,9.0
8474150,Mikael Backlund,C,CGY,2017-10,208.0,12,17.3333
8474150,Mikael Backlund,C,CGY,2017-11,187.0,13,14.3846
8474150,Mikael Backlund,C,CGY,2017-12,162.5,14,11.6071
8474150,Mikael Backlund,C,CGY,2018-01,148.5,11,13.5
8474150,Mikael Backlund,C,CGY,2018-02,198.0,15,13.2
8474150,Mikael Backlund,C,CGY,2018-03,246.5,14,17.6071
8474150,Mikael Backlund,C,CGY,2018-04,20.5,3,6.8333
8474151,Ryan McDonagh,D,TBL,2017-10,155.0,13,11.9231
8474151,Ryan McDonagh,D,TBL,2017-11,114.0,8,14.25
8474151,Ryan McDonagh,D,TBL,2017-12,296.5,13,22.8077
8474151,Ryan McDonagh,D,TBL,2018-01,143.5,11,13.0455
8474151,Ryan McDonagh,D,TBL,2018-02,51.5,4,12.875
8474151,Ryan McDonagh,D,TBL,2018-03,156.0,10,15.6
8474151,Ryan McDonagh,D,TBL,2018-04,56.0,4,14.0
8474152,Scott Darling,G,CAR,2017-10,-7.0,0,0.0
8474152,Scott Darling,G,CAR,2017-11,-7.5,0,0.0
8474152,Scott Darling,G,CAR,2017-12,-5.0,0,0.0
8474152,Scott Darling,G,CAR,2018-02,-7.5,0,0.0
8474152,Scott Darling,G,CAR,2018-03,3.0,0,0.0
8474152,Scott Darling,G,CAR,2018-04,-7.5,0,0.0
8474157,Max Pacioretty,L,MTL,2017-10,133.5,12,11.125
8474157,Max Pacioretty,L,MTL,2017-11,154.0,15,10.2667
8474157,Max Pacioretty,L,MTL,2017-12,106.0,12,8.8333
8474157,Max Pacioretty,L,MTL,2018-01,187.0,11,17.0
8474157,Max Pacioretty,L,MTL,2018-02,130.5,13,10.0385
8474157,Max Pacioretty,L,MTL,2018-03,4.5,1,4.5
8474161,Jakub Voracek,R,PHI,2017-10,114.0,12,9.5
8474161,Jakub Voracek,R,PHI,2017-11,90.0,13,6.9231
8474161,Jakub Voracek,R,PHI,2017-12,83.0,13,6.3846
8474161,Jakub Voracek,R,PHI,2018-01,101.0,12,8.4167
8474161,Jakub Voracek,R,PHI,2018-02,82.5,13,6.3462
8474161,Jakub Voracek,R,PHI,2018-03,104.0,15,6.9333
8474161,Jakub Voracek,R,PHI,2018-04,14.0,4,3.5
8474162,Jake Muzzin,D,LAK,2017-10,195.5,12,16.2917
8474162,Jake Muzzin,D,LAK,2017-11,212.5,14,15.1786
8474162,Jake Muzzin,D,LAK,2017-12,248.5,13,19.1154
8474162,Jake Muzzin,D,LAK,2018-01,103.0,8,12.875
8474162,Jake Muzzin,D,LAK,2018-02,188.5,14,13.4643
8474162,Jake Muzzin,D,LAK,2018-03,163.5,13,12.5769
8474166,Alec Martinez,D,LAK,2017-10,171.5,9,19.0556
8474166,Alec Martinez,D,LAK,2017-11,189.0,14,13.5
8474166,Alec Martinez,D,LAK,2017-12,210.0,13,16.1538
8474166,Alec Martinez,D,LAK,2018-01,195.5,11,17.7727
8474166,Alec Martinez,D,LAK,2018-02,110.5,12,9.2083
8474166,Alec Martinez,D,LAK,2018-03,201.5,15,13.4333
8474166,Alec Martinez,D,LAK,2018-04,26.5,3,8.8333
8474176,Carl Hagelin,L,PIT,2017-10,125.0,13,9.6154
8474176,Carl Hagelin,L,PIT,2017-11,133.5,12,11.125
8474176,Carl Hagelin,L,PIT,2017-12,121.5,14,8.6786
8474176,Carl Hagelin,L,PIT,2018-01,122.0,12,10.1667
8474176,Carl Hagelin,L,PIT,2018-02,143.5,12,11.9583
8474176,Carl Hagelin,L,PIT,2018-03,193.0,15,12.8667
8474176,Carl Hagelin,L,PIT,2018-04,36.0,3,12.0
8474189,Lars Eller,C,WSH,2017-10,166.0,11,15.0909
8474189,Lars Eller,C,WSH,2017-11,196.5,14,14.0357
8474189,Lars Eller,C,WSH,2017-12,163.5,14,11.6786
8474189,Lars Eller,C,WSH,2018-01,154.0,10,15.4
8474189,Lars Eller,C,WSH,2018-02,179.0,14,12.7857
8474189,Lars Eller,C,WSH,2018-03,242.0,14,17.2857
8474189,Lars Eller,C,WSH,2018-04,70.0,4,17.5
8474190,Wayne Simmonds,R,PHI,2017-10,164.5,12,13.7083
8474190,Wayne Simmonds,R,PHI,2017-11,132.0,13,10.1538
8474190,Wayne Simmonds,R,PHI,2017-12,154.5,13,11.8846
8474190,Wayne Simmonds,R,PHI,2018-01,137.0,12,11.4167
8474190,Wayne Simmonds,R,PHI,2018-02,150.0,9,16.6667
8474190,Wayne Simmonds,R,PHI,2018-03,163.0,12,13.5833
8474190,Wayne Simmonds,R,PHI,2018-04,59.5,4,14.875
8474207,Nick Holden,D,BOS,2017-10,91.5,8,11.4375
8474207,Nick Holden,D,BOS,2017-11,126.5,12,10.5417
8474207,Nick Holden,D,BOS,2017-12,218.0,13,16.7692
8474207,Nick Holden,D,BOS,2018-01,169.0,12,14.0833
8474207,Nick Holden,D,BOS,2018-02,132.0,10,13.2
8474207,Nick Holden,D,BOS,2018-03,167.0,15,11.1333
8474207,Nick Holden,D,BOS,2018-04,16.5,3,5.5
8474218,Jason Demers,D,ARI,2017-10,120.5,13,9.2692
8474218,Jason Demers,D,ARI,2017-11,124.0,15,8.2667
8474218,Jason Demers,D,ARI,2017-12,82.5,13,6.3462
8474218,Jason Demers,D,ARI,2018-01,72.0,9,8.0
8474218,Jason Demers,D,ARI,2018-02,86.0,9,9.5556
8474218,Jason Demers,D,ARI,2018-03,88.5,10,8.85
8474230,Micheal Haley,C,FLA,2017-10,110.5,11,10.0455
8474230,Micheal Haley,C,FLA,2017-11,141.0,13,10.8462
8474230,Micheal Haley,C,FLA,2017-12,131.0,13,10.0769
8474230,Micheal Haley,C,FLA,2018-01,87.5,10,8.75
8474230,Micheal Haley,C,FLA,2018-02,94.0,12,7.8333
8474230,Micheal Haley,C,FLA,2018-03,132.0,12,11.0
8474230,Micheal Haley,C,FLA,2018-04,19.0,4,4.75
8474250,Zack Smith,C,OTT,2017-10,114.0,9,12.6667
8474250,Zack Smith,C,OTT,2017-11,66.0,5,13.2
8474250,Zack Smith,C,OTT,2017-12,84.0,10,8.4
8474250,Zack Smith,C,OTT,2018-01,150.5,10,15.05
8474250,Zack Smith,C,OTT,2018-02,218.5,14,15.6071
8474250,Zack Smith,C,OTT,2018-03,189.5,16,11.8438
8474250,Zack Smith,C,OTT,2018-04,67.0,4,16.75
8474291,Jay Beagle,C,WSH,2017-10,197.5,12,16.4583
8474291,Jay Beagle,C,WSH,2017-11,196.5,14,14.0357
8474291,Jay Beagle,C,WSH,2017-12,244.5,14,17.4643
8474291,Jay Beagle,C,WSH,2018-01,133.5,10,13.35
8474291,Jay Beagle,C,WSH,2018-02,239.5,14,17.1071
8474291,Jay Beagle,C,WSH,2018-03,225.0,14,16.0714
8474291,Jay Beagle,C,WSH,2018-04,8.0,1,8.0
8474520,Jason Garrison,D,VGK,2017-10,68.5,4,17.125
8474520,Jason Garrison,D,VGK,2018-01,19.0,2,9.5
8474520,Jason Garrison,D,VGK,2018-02,33.0,2,16.5
8474550,Antti Niemi,G,MTL,2017-10,-2.5,0,0.0
8474550,Antti Niemi,G,MTL,2017-11,5.5,0,0.0
8474550,Antti Niemi,G,MTL,2018-02,-2.5,0,0.0
8474550,Antti Niemi,G,MTL,2018-03,-0.5,0,0.0
8474563,Drew Doughty,D,LAK,2017-10,176.0,12,14.6667
8474563,Drew Doughty,D,LAK,2017-11,134.5,14,9.6071
8474563,Drew Doughty,D,LAK,2017-12,186.0,13,14.3077
8474563,Drew Doughty,D,LAK,2018-01,170.0,11,15.4545
8474563,Drew Doughty,D,LAK,2018-02,202.5,14,14.4643
8474563,Drew Doughty,D,LAK,2018-03,153.5,15,10.2333
8474563,Drew Doughty,D,LAK,2018-04,49.0,3,16.3333
8474564,Steven Stamkos,C,TBL,2017-10,117.5,13,9.0385
8474564,Steven Stamkos,C,TBL,2017-11,92.0,12,7.6667
8474564,Steven Stamkos,C,TBL,2017-12,83.5,13,6.4231
8474564,Steven Stamkos,C,TBL,2018-01,115.0,12,9.5833
8474564,Steven Stamkos,C,TBL,2018-02,200.5,14,14.3214
8474564,Steven Stamkos,C,TBL,2018-03,164.5,13,12.6538
8474564,Steven Stamkos,C,TBL,2018-04,7.5,1,7.5
8474565,Alex Pietrangelo,D,STL,2017-10,185.5,13,14.2692
8474565,Alex Pietrangelo,D,STL,2017-11,175.0,12,14.5833
8474565,Alex Pietrangelo,D,STL,2017-12,193.0,12,16.0833
8474565,Alex Pietrangelo,D,STL,2018-01,158.0,11,14.3636
8474565,Alex Pietrangelo,D,STL,2018-02,171.5,13,13.1923
8474565,Alex Pietrangelo,D,STL,2018-03,166.5,13,12.8077
8474565,Alex Pietrangelo,D,STL,2018-04,66.0,4,16.5
8474567,Zach Bogosian,D,BUF,2017-12,125.5,13,9.6538
8474567,Zach Bogosian,D,BUF,2018-01,34.0,5,6.8
8474568,Luke Schenn,D,ARI,2017-10,220.0,13,16.9231
8474568,Luke Schenn,D,ARI,2017-11,246.5,15,16.4333
8474568,Luke Schenn,D,ARI,2017-12,225.5,13,17.3462
8474568,Luke Schenn,D,ARI,2018-01,137.5,7,19.6429
8474568,Luke Schenn,D,ARI,2018-02,34.0,3,11.3333
8474568,Luke Schenn,D,ARI,2018-03,253.0,10,25.3
8474568,Luke Schenn,D,ARI,2018-04,68.0,3,22.6667
8474569,Colin Wilson,C,COL,2017-10,42.0,8,5.25
8474569,Colin Wilson,C,COL,2017-11,86.0,8,10.75
8474569,Colin Wilson,C,COL,2017-12,112.5,13,8.6538
8474569,Colin Wilson,C,COL,2018-01,38.0,7,5.4286
8474569,Colin Wilson,C,COL,2018-02,93.5,14,6.6786
8474569,Colin Wilson,C,COL,2018-03,13.0,3,4.3333
8474569,Colin Wilson,C,COL,2018-04,18.5,3,6.1667
8474571,Mikkel Boedker,L,SJS,2017-10,73.5,11,6.6818
8474571,Mikkel Boedker,L,SJS,2017-11,92.0,12,7.6667
8474571,Mikkel Boedker,L,SJS,2017-12,42.0,6,7.0
8474571,Mikkel Boedker,L,SJS,2018-01,58.0,13,4.4615
8474571,Mikkel Boedker,L,SJS,2018-02,111.5,14,7.9643
8474571,Mikkel Boedker,L,SJS,2018-03,74.5,15,4.9667
8474571,Mikkel Boedker,L,SJS,2018-04,15.5,3,5.1667
8474573,Josh Bailey,C,NYI,2017-10,53.5,12,4.4583
8474573,Josh Bailey,C,NYI,2017-11,25.5,12,2.125
8474573,Josh Bailey,C,NYI,2017-12,79.0,15,5.2667
8474573,Josh Bailey,C,NYI,2018-01,49.0,9,5.4444
8474573,Josh Bailey,C,NYI,2018-02,50.5,12,4.2083
8474573,Josh Bailey,C,NYI,2018-03,45.0,13,3.4615
8474573,Josh Bailey,C,NYI,2018-04,1.0,3,0.3333
8474574,Tyler Myers,D,WPG,2017-10,79.5,11,7.2273
8474574,Tyler Myers,D,WPG,2017-11,105.5,14,7.5357
8474574,Tyler Myers,D,WPG,2017-12,136.0,15,9.0667
8474574,Tyler Myers,D,WPG,2018-01,102.5,11,9.3182
8474574,Tyler Myers,D,WPG,2018-02,145.0,12,12.0833
8474574,Tyler Myers,D,WPG,2018-03,123.5,15,8.2333
8474574,Tyler Myers,D,WPG,2018-04,92.0,4,23.0
8474578,Erik Karlsson,D,OTT,2017-10,86.0,7,12.2857
8474578,Erik Karlsson,D,OTT,2017-11,101.5,11,9.2273
8474578,Erik Karlsson,D,OTT,2017-12,164.0,14,11.7143
8474578,Erik Karlsson,D,OTT,2018-01,160.0,11,14.5455
8474578,Erik Karlsson,D,OTT,2018-02,169.5,14,12.1071
8474578,Erik Karlsson,D,OTT,2018-03,138.5,13,10.6538
8474578,Erik Karlsson,D,OTT,2018-04,8.5,1,8.5
8474579,Luca Sbisa,D,VGK,2017-10,141.5,11,12.8636
8474579,Luca Sbisa,D,VGK,2017-11,111.0,6,18.5
8474579,Luca Sbisa,D,VGK,2017-12,77.0,6,12.8333
8474579,Luca Sbisa,D,VGK,2018-01,20.0,1,20.0
8474579,Luca Sbisa,D,VGK,2018-02,97.5,6,16.25
8474581,Jake Gardiner,D,TOR,2017-10,65.5,12,5.4583
8474581,Jake Gardiner,D,TOR,2017-11,139.0,15,9.2667
8474581,Jake Gardiner,D,TOR,2017-12,98.5,13,7.5769
8474581,Jake Gardiner,D,TOR,2018-01,121.5,12,10.125
8474581,Jake Gardiner,D,TOR,2018-02,98.5,14,7.0357
8474581,Jake Gardiner,D,TOR,2018-03,115.0,13,8.8462
8474581,Jake Gardiner,D,TOR,2018-04,35.5,3,11.8333
8474584,Michael Del Zotto,D,VAN,2017-10,186.0,11,16.9091
8474584,Michael Del Zotto,D,VAN,2017-11,177.0,15,11.8
8474584,Michael Del Zotto,D,VAN,2017-12,172.5,13,13.2692
8474584,Michael Del Zotto,D,VAN,2018-01,176.5,11,16.0455
8474584,Michael Del Zotto,D,VAN,2018-02,316.0,14,22.5714
8474584,Michael Del Zotto,D,VAN,2018-03,276.0,15,18.4
8474584,Michael Del Zotto,D,VAN,2018-04,45.5,3,15.1667
8474586,Jordan Eberle,C,NYI,2017-10,112.5,12,9.375
8474586,Jordan Eberle,C,NYI,2017-11,84.5,12,7.0417
8474586,Jordan Eberle,C,NYI,2017-12,107.0,15,7.1333
8474586,Jordan Eberle,C,NYI,2018-01,109.0,13,8.3846
8474586,Jordan Eberle,C,NYI,2018-02,85.0,12,7.0833
8474586,Jordan Eberle,C,NYI,2018-03,125.0,14,8.9286
8474586,Jordan Eberle,C,NYI,2018-04,12.5,3,4.1667
8474589,Tyler Ennis,C,MIN,2017-10,80.0,10,8.0
8474589,Tyler Ennis,C,MIN,2017-11,107.0,15,7.1333
8474589,Tyler Ennis,C,MIN,2017-12,115.0,13,8.8462
8474589,Tyler Ennis,C,MIN,2018-01,54.5,10,5.45
8474589,Tyler Ennis,C,MIN,2018-02,80.0,12,6.6667
8474589,Tyler Ennis,C,MIN,2018-03,68.0,10,6.8
8474589,Tyler Ennis,C,MIN,2018-04,19.0,3,6.3333
8474590,John Carlson,D,WSH,2017-10,99.5,12,8.2917
8474590,John Carlson,D,WSH,2017-11,149.5,14,10.6786
8474590,John Carlson,D,WSH,2017-12,105.0,14,7.5
8474590,John Carlson,D,WSH,2018-01,87.5,10,8.75
8474590,John Carlson,D,WSH,2018-02,177.0,14,12.6429
8474590,John Carlson,D,WSH,2018-03,105.5,14,7.5357
8474590,John Carlson,D,WSH,2018-04,62.5,4,15.625
8474593,Jacob Markstrom,G,VAN,2017-10,-5.0,0,0.0
8474593,Jacob Markstrom,G,VAN,2017-11,-12.0,0,0.0
8474593,Jacob Markstrom,G,VAN,2017-12,-9.5,0,0.0
8474593,Jacob Markstrom,G,VAN,2018-01,-9.5,0,0.0
8474593,Jacob Markstrom,G,VAN,2018-02,-2.0,0,0.0
8474593,Jacob Markstrom,G,VAN,2018-03,-7.0,0,0.0
8474593,Jacob Markstrom,G,VAN,2018-04,5.5,0,0.0
8474596,Jake Allen,G,STL,2017-10,-5.0,0,0.0
8474596,Jake Allen,G,STL,2017-11,-7.5,0,0.0
8474596,Jake Allen,G,STL,2017-12,-22.5,0,0.0
8474596,Jake Allen,G,STL,2018-01,-5.0,0,0.0
8474596,Jake Allen,G,STL,2018-02,-2.0,0,0.0
8474596,Jake Allen,G,STL,2018-03,-5.0,0,0.0
8474600,Roman Josi,D,NSH,2017-10,81.5,8,10.1875
8474600,Roman Josi,D,NSH,2017-11,146.5,14,10.4643
8474600,Roman Josi,D,NSH,2017-12,180.5,13,13.8846
8474600,Roman Josi,D,NSH,2018-01,103.5,10,10.35
8474600,Roman Josi,D,NSH,2018-02,178.5,14,12.75
8474600,Roman Josi,D,NSH,2018-03,129.0,12,10.75
8474600,Roman Josi,D,NSH,2018-04,52.0,4,13.0
8474602,Justin Schultz,D,PIT,2017-10,111.0,10,11.1
8474602,Justin Schultz,D,PIT,2017-11,91.5,10,9.15
8474602,Justin Schultz,D,PIT,2017-12,27.0,3,9.0
8474602,Justin Schultz,D,PIT,2018-01,107.5,12,8.9583
8474602,Justin Schultz,D,PIT,2018-02,93.0,10,9.3
8474602,Justin Schultz,D,PIT,2018-03,164.0,15,10.9333
8474602,Justin Schultz,D,PIT,2018-04,24.5,3,8.1667
8474604,Aaron Ness,D,WSH,2017-10,55.5,7,7.9286
8474604,Aaron Ness,D,WSH,2017-11,6.0,1,6.0
8474610,Zac Dalpe,C,CBJ,2017-10,34.0,9,3.7778
8474610,Zac Dalpe,C,CBJ,2017-11,10.5,1,10.5
8474610,Zac Dalpe,C,CBJ,2018-02,14.0,2,7.0
8474612,Travis Hamonic,D,CGY,2017-10,165.0,12,13.75
8474612,Travis Hamonic,D,CGY,2017-11,94.5,10,9.45
8474612,Travis Hamonic,D,CGY,2017-12,143.5,13,11.0385
8474612,Travis Hamonic,D,CGY,2018-01,105.5,11,9.5909
8474612,Travis Hamonic,D,CGY,2018-02,193.5,15,12.9
8474612,Travis Hamonic,D,CGY,2018-03,179.0,13,13.7692
8474613,Derek Stepan,C,ARI,2017-10,166.5,13,12.8077
8474613,Derek Stepan,C,ARI,2017-11,193.0,15,12.8667
8474613,Derek Stepan,C,ARI,2017-12,205.5,13,15.8077
8474613,Derek Stepan,C,ARI,2018-01,115.5,9,12.8333
8474613,Derek Stepan,C,ARI,2018-02,168.0,12,14.0
8474613,Derek Stepan,C,ARI,2018-03,229.0,17,13.4706
8474613,Derek Stepan,C,ARI,2018-04,33.5,3,11.1667
8474618,Marco Scandella,D,BUF,2017-10,131.5,12,10.9583
8474618,Marco Scandella,D,BUF,2017-11,139.5,13,10.7308
8474618,Marco Scandella,D,BUF,2017-12,151.0,13,11.6154
8474618,Marco Scandella,D,BUF,2018-01,112.0,12,9.3333
8474618,Marco Scandella,D,BUF,2018-02,128.5,14,9.1786
8474618,Marco Scandella,D,BUF,2018-03,127.0,14,9.0714
8474618,Marco Scandella,D,BUF,2018-04,59.0,4,14.75
8474625,Jimmy Hayes,R,NJD,2017-10,80.5,9,8.9444
8474625,Jimmy Hayes,R,NJD,2017-11,57.5,7,8.2143
8474625,Jimmy Hayes,R,NJD,2017-12,63.0,7,9.0
8474625,Jimmy Hayes,R,NJD,2018-01,24.5,3,8.1667
8474625,Jimmy Hayes,R,NJD,2018-02,51.5,6,8.5833
8474625,Jimmy Hayes,R,NJD,2018-04,-2.5,1,-2.5
8474627,Jori Lehtera,C,PHI,2017-10,31.0,6,5.1667
8474627,Jori Lehtera,C,PHI,2017-11,101.5,10,10.15
8474627,Jori Lehtera,C,PHI,2017-12,39.5,5,7.9
8474627,Jori Lehtera,C,PHI,2018-01,99.0,11,9.0
8474627,Jori Lehtera,C,PHI,2018-02,70.5,13,5.4231
8474627,Jori Lehtera,C,PHI,2018-03,103.0,13,7.9231
8474627,Jori Lehtera,C,PHI,2018-04,35.5,4,8.875
8474628,Michael Stone,D,CGY,2017-10,146.0,12,12.1667
8474628,Michael Stone,D,CGY,2017-11,181.0,13,13.9231
8474628,Michael Stone,D,CGY,2017-12,167.5,14,11.9643
8474628,Michael Stone,D,CGY,2018-01,130.5,11,11.8636
8474628,Michael Stone,D,CGY,2018-02,191.5,15,12.7667
8474628,Michael Stone,D,CGY,2018-03,200.0,14,14.2857
8474628,Michael Stone,D,CGY,2018-04,28.5,3,9.5
8474636,Michael Hutchinson,G,WPG,2018-01,-2.5,0,0.0
8474636,Michael Hutchinson,G,WPG,2018-02,-5.0,0,0.0
8474641,Adam Henrique,C,ANA,2017-10,143.0,10,14.3
8474641,Adam Henrique,C,ANA,2017-11,192.5,14,13.75
8474641,Adam Henrique,C,ANA,2017-12,196.5,15,13.1
8474641,Adam Henrique,C,ANA,2018-01,120.5,11,10.9545
8474641,Adam Henrique,C,ANA,2018-02,190.0,13,14.6154
8474641,Adam Henrique,C,ANA,2018-03,140.5,14,10.0357
8474641,Adam Henrique,C,ANA,2018-04,54.5,4,13.625
8474642,Lance Bouma,L,CHI,2017-10,173.5,12,14.4583
8474642,Lance Bouma,L,CHI,2017-11,166.5,13,12.8077
8474642,Lance Bouma,L,CHI,2017-12,211.5,13,16.2692
8474642,Lance Bouma,L,CHI,2018-01,86.5,8,10.8125
8474642,Lance Bouma,L,CHI,2018-02,116.5,7,16.6429
8474651,Braden Holtby,G,WSH,2017-10,-2.5,0,0.0
8474651,Braden Holtby,G,WSH,2017-11,-7.0,0,0.0
8474651,Braden Holtby,G,WSH,2017-12,-7.5,0,0.0
8474651,Braden Holtby,G,WSH,2018-01,-10.0,0,0.0
8474651,Braden Holtby,G,WSH,2018-02,-12.5,0,0.0
8474651,Braden Holtby,G,WSH,2018-03,-15.0,0,0.0
8474651,Braden Holtby,G,WSH,2018-04,-2.5,0,0.0
8474660,David Warsofsky,D,COL,2018-01,5.5,1,5.5
8474660,David Warsofsky,D,COL,2018-02,37.5,5,7.5
8474660,David Warsofsky,D,COL,2018-03,27.0,7,3.8571
8474660,David Warsofsky,D,COL,2018-04,26.5,3,8.8333
8474667,Harri Sateri,G,FLA,2018-01,-5.0,0,0.0
8474668,Dale Weise,R,PHI,2017-10,69.0,9,7.6667
8474668,Dale Weise,R,PHI,2017-11,120.0,10,12.0
8474668,Dale Weise,R,PHI,2017-12,140.5,13,10.8077
8474668,Dale Weise,R,PHI,2018-01,20.0,2,10.0
8474668,Dale Weise,R,PHI,2018-02,95.0,10,9.5
8474668,Dale Weise,R,PHI,2018-03,10.5,2,5.25
8474673,TJ Brodie,D,CGY,2017-10,103.5,12,8.625
8474673,TJ Brodie,D,CGY,2017-11,98.5,13,7.5769
8474673,TJ Brodie,D,CGY,2017-12,88.0,14,6.2857
8474673,TJ Brodie,D,CGY,2018-01,76.0,11,6.9091
8474673,TJ Brodie,D,CGY,2018-02,131.0,15,8.7333
8474673,TJ Brodie,D,CGY,2018-03,29.0,8,3.625
8474679,Gustav Nyquist,C,DET,2017-10,87.0,13,6.6923
8474679,Gustav Nyquist,C,DET,2017-11,83.5,13,6.4231
8474679,Gustav Nyquist,C,DET,2017-12,135.5,12,11.2917
8474679,Gustav Nyquist,C,DET,2018-01,89.5,11,8.1364
8474679,Gustav Nyquist,C,DET,2018-02,117.5,14,8.3929
8474679,Gustav Nyquist,C,DET,2018-03,111.5,16,6.9688
8474679,Gustav Nyquist,C,DET,2018-04,8.5,3,2.8333
8474683,Derek Grant,C,ANA,2017-10,155.0,11,14.0909
8474683,Derek Grant,C,ANA,2017-11,217.5,14,15.5357
8474683,Derek Grant,C,ANA,2017-12,108.5,13,8.3462
8474683,Derek Grant,C,ANA,2018-01,57.5,4,14.375
8474683,Derek Grant,C,ANA,2018-02,44.5,7,6.3571
8474683,Derek Grant,C,ANA,2018-03,165.5,13,12.7308
8474683,Derek Grant,C,ANA,2018-04,36.5,4,9.125
8474685,Matt Calvert,L,CBJ,2017-10,103.0,12,8.5833
8474685,Matt Calvert,L,CBJ,2017-11,9.5,2,4.75
8474685,Matt Calvert,L,CBJ,2017-12,100.5,14,7.1786
8474685,Matt Calvert,L,CBJ,2018-01,114.5,10,11.45
8474685,Matt Calvert,L,CBJ,2018-02,85.5,13,6.5769
8474685,Matt Calvert,L,CBJ,2018-03,116.0,15,7.7333
8474685,Matt Calvert,L,CBJ,2018-04,25.0,3,8.3333
8474688,Greg Pateryn,D,DAL,2017-10,16.5,3,5.5
8474688,Greg Pateryn,D,DAL,2017-11,214.0,13,16.4615
8474688,Greg Pateryn,D,DAL,2017-12,225.5,15,15.0333
8474688,Greg Pateryn,D,DAL,2018-01,150.5,11,13.6818
8474688,Greg Pateryn,D,DAL,2018-02,295.0,12,24.5833
8474688,Greg Pateryn,D,DAL,2018-03,232.0,16,14.5
8474688,Greg Pateryn,D,DAL,2018-04,19.5,3,6.5
8474697,Mark Borowiecki,D,OTT,2017-10,182.0,9,20.2222
8474697,Mark Borowiecki,D,OTT,2017-11,53.5,3,17.8333
8474697,Mark Borowiecki,D,OTT,2018-01,151.5,6,25.25
8474697,Mark Borowiecki,D,OTT,2018-02,321.5,14,22.9643
8474697,Mark Borowiecki,D,OTT,2018-03,433.5,16,27.0938
8474697,Mark Borowiecki,D,OTT,2018-04,88.0,4,22.0
8474709,Matt Martin,L,TOR,2017-10,165.0,11,15.0
8474709,Matt Martin,L,TOR,2017-11,198.5,14,14.1786
8474709,Matt Martin,L,TOR,2017-12,163.0,13,12.5385
8474709,Matt Martin,L,TOR,2018-01,71.0,9,7.8889
8474709,Matt Martin,L,TOR,2018-03,25.5,2,12.75
8474709,Matt Martin,L,TOR,2018-04,17.0,1,17.0
8474715,Cam Atkinson,R,CBJ,2017-10,97.0,11,8.8182
8474715,Cam Atkinson,R,CBJ,2017-11,72.0,10,7.2
8474715,Cam Atkinson,R,CBJ,2017-12,29.0,11,2.6364
8474715,Cam Atkinson,R,CBJ,2018-01,30.0,2,15.0
8474715,Cam Atkinson,R,CBJ,2018-02,95.0,13,7.3077
8474715,Cam Atkinson,R,CBJ,2018-03,106.5,16,6.6562
8474715,Cam Atkinson,R,CBJ,2018-04,31.5,2,15.75
8474716,Jared Spurgeon,D,MIN,2017-10,125.0,10,12.5
8474716,Jared Spurgeon,D,MIN,2017-11,173.0,13,13.3077
8474716,Jared Spurgeon,D,MIN,2017-12,144.0,7,20.5714
8474716,Jared Spurgeon,D,MIN,2018-01,107.5,11,9.7727
8474716,Jared Spurgeon,D,MIN,2018-02,194.5,13,14.9615
8474716,Jared Spurgeon,D,MIN,2018-03,69.5,7,9.9286
8474717,Mark Barberio,D,COL,2017-10,90.5,9,10.0556
8474717,Mark Barberio,D,COL,2017-11,61.0,12,5.0833
8474717,Mark Barberio,D,COL,2017-12,114.5,14,8.1786
8474717,Mark Barberio,D,COL,2018-01,66.0,9,7.3333
8474717,Mark Barberio,D,COL,2018-04,43.5,2,21.75
8474722,Luke Witkowski,R,DET,2017-10,64.5,6,10.75
8474722,Luke Witkowski,R,DET,2017-11,24.5,2,12.25
8474722,Luke Witkowski,R,DET,2017-12,25.5,4,6.375
8474722,Luke Witkowski,R,DET,2018-01,56.5,7,8.0714
8474722,Luke Witkowski,R,DET,2018-02,51.5,3,17.1667
8474722,Luke Witkowski,R,DET,2018-03,87.5,8,10.9375
8474722,Luke Witkowski,R,DET,2018-04,6.0,1,6.0
8474736,Zac Rinaldo,C,ARI,2017-10,140.0,8,17.5
8474736,Zac Rinaldo,C,ARI,2017-11,189.0,15,12.6
8474736,Zac Rinaldo,C,ARI,2017-12,141.0,8,17.625
8474736,Zac Rinaldo,C,ARI,2018-01,79.0,4,19.75
8474736,Zac Rinaldo,C,ARI,2018-02,131.0,9,14.5556
8474736,Zac Rinaldo,C,ARI,2018-03,92.5,6,15.4167
8474736,Zac Rinaldo,C,ARI,2018-04,30.0,3,10.0
8474739,Tommy Wingels,C,BOS,2017-10,202.5,10,20.25
8474739,Tommy Wingels,C,BOS,2017-11,235.5,12,19.625
8474739,Tommy Wingels,C,BOS,2017-12,213.0,13,16.3846
8474739,Tommy Wingels,C,BOS,2018-01,134.5,10,13.45
8474739,Tommy Wingels,C,BOS,2018-02,194.5,13,14.9615
8474739,Tommy Wingels,C,BOS,2018-03,144.0,14,10.2857
8474739,Tommy Wingels,C,BOS,2018-04,20.0,3,6.6667
8474743,Zach Redmond,D,BUF,2017-10,14.0,2,7.0
8474743,Zach Redmond,D,BUF,2017-11,10.5,1,10.5
8474749,Matt Bartkowski,D,CGY,2017-10,58.0,8,7.25
8474749,Matt Bartkowski,D,CGY,2017-11,9.0,3,3.0
8474749,Matt Bartkowski,D,CGY,2017-12,22.0,2,11.0
8474749,Matt Bartkowski,D,CGY,2018-02,10.5,1,10.5
8474749,Matt Bartkowski,D,CGY,2018-03,-5.0,1,-5.0
8474749,Matt Bartkowski,D,CGY,2018-04,27.5,3,9.1667
8474774,Dalton Prout,D,NJD,2017-10,38.0,3,12.6667
8474774,Dalton Prout,D,NJD,2017-11,9.0,1,9.0
8474818,Jordie Benn,D,MTL,2017-10,110.0,11,10.0
8474818,Jordie Benn,D,MTL,2017-11,211.5,15,14.1
8474818,Jordie Benn,D,MTL,2017-12,125.0,12,10.4167
8474818,Jordie Benn,D,MTL,2018-01,140.0,10,14.0
8474818,Jordie Benn,D,MTL,2018-02,183.5,13,14.1154
8474818,Jordie Benn,D,MTL,2018-03,144.5,14,10.3214
8474818,Jordie Benn,D,MTL,2018-04,31.0,2,15.5
8474849,Antoine Roussel,L,DAL,2017-10,154.5,12,12.875
8474849,Antoine Roussel,L,DAL,2017-11,126.5,13,9.7308
8474849,Antoine Roussel,L,DAL,2017-12,118.5,9,13.1667
8474849,Antoine Roussel,L,DAL,2018-01,87.5,10,8.75
8474849,Antoine Roussel,L,DAL,2018-02,144.5,10,14.45
8474849,Antoine Roussel,L,DAL,2018-03,269.0,16,16.8125
8474849,Antoine Roussel,L,DAL,2018-04,21.0,3,7.0
8474870,Tyler Johnson,C,TBL,2017-10,154.5,13,11.8846
8474870,Tyler Johnson,C,TBL,2017-11,125.0,12,10.4167
8474870,Tyler Johnson,C,TBL,2017-12,149.0,12,12.4167
8474870,Tyler Johnson,C,TBL,2018-01,98.5,12,8.2083
8474870,Tyler Johnson,C,TBL,2018-02,127.5,14,9.1071
8474870,Tyler Johnson,C,TBL,2018-03,118.5,14,8.4643
8474870,Tyler Johnson,C,TBL,2018-04,37.0,4,9.25
8474884,Mike Hoffman,C,OTT,2017-10,68.5,12,5.7083
8474884,Mike Hoffman,C,OTT,2017-11,53.0,11,4.8182
8474884,Mike Hoffman,C,OTT,2017-12,87.5,14,6.25
8474884,Mike Hoffman,C,OTT,2018-01,73.0,11,6.6364
8474884,Mike Hoffman,C,OTT,2018-02,113.0,14,8.0714
8474884,Mike Hoffman,C,OTT,2018-03,73.0,16,4.5625
8474884,Mike Hoffman,C,OTT,2018-04,16.5,4,4.125
8474889,Martin Jones,G,SJS,2017-10,-5.0,0,0.0
8474889,Martin Jones,G,SJS,2017-11,0.5,0,0.0
8474889,Martin Jones,G,SJS,2017-12,-5.0,0,0.0
8474889,Martin Jones,G,SJS,2018-01,-12.5,0,0.0
8474889,Martin Jones,G,SJS,2018-02,-2.5,0,0.0
8474889,Martin Jones,G,SJS,2018-03,-2.5,0,0.0
8475098,Tyler Bozak,C,TOR,2017-10,137.0,12,11.4167
8475098,Tyler Bozak,C,TOR,2017-11,128.0,15,8.5333
8475098,Tyler Bozak,C,TOR,2017-12,105.5,12,8.7917
8475098,Tyler Bozak,C,TOR,2018-01,134.0,12,11.1667
8475098,Tyler Bozak,C,TOR,2018-02,138.5,14,9.8929
8475098,Tyler Bozak,C,TOR,2018-03,177.0,13,13.6154
8475098,Tyler Bozak,C,TOR,2018-04,21.0,3,7.0
8475147,Jordan Schroeder,C,CBJ,2017-11,32.0,6,5.3333
8475147,Jordan Schroeder,C,CBJ,2017-12,26.5,6,4.4167
8475147,Jordan Schroeder,C,CBJ,2018-01,37.5,9,4.1667
8475149,Marcus Johansson,L,NJD,2017-10,65.0,9,7.2222
8475149,Marcus Johansson,L,NJD,2017-12,61.0,10,6.1
8475149,Marcus Johansson,L,NJD,2018-01,64.0,9,7.1111
8475151,Kyle Palmieri,C,NJD,2017-10,179.0,7,25.5714
8475151,Kyle Palmieri,C,NJD,2017-11,67.0,6,11.1667
8475151,Kyle Palmieri,C,NJD,2017-12,62.0,6,10.3333
8475151,Kyle Palmieri,C,NJD,2018-01,157.5,11,14.3182
8475151,Kyle Palmieri,C,NJD,2018-02,183.0,14,13.0714
8475151,Kyle Palmieri,C,NJD,2018-03,207.5,15,13.8333
8475151,Kyle Palmieri,C,NJD,2018-04,33.5,3,11.1667
8475157,Landon Ferraro,C,MIN,2017-10,3.0,2,1.5
8475158,Ryan O'Reilly,C,BUF,2017-10,256.5,12,21.375
8475158,Ryan O'Reilly,C,BUF,2017-11,250.5,13,19.2692
8475158,Ryan O'Reilly,C,BUF,2017-12,235.5,12,19.625
8475158,Ryan O'Reilly,C,BUF,2018-01,181.0,12,15.0833
8475158,Ryan O'Reilly,C,BUF,2018-02,306.5,14,21.8929
8475158,Ryan O'Reilly,C,BUF,2018-03,330.5,14,23.6071
8475158,Ryan O'Reilly,C,BUF,2018-04,70.0,4,17.5
8475160,Kyle Clifford,L,LAK,2017-10,27.0,3,9.0
8475160,Kyle Clifford,L,LAK,2017-12,64.5,5,12.9
8475160,Kyle Clifford,L,LAK,2018-01,129.0,11,11.7273
8475160,Kyle Clifford,L,LAK,2018-02,161.5,13,12.4231
8475160,Kyle Clifford,L,LAK,2018-03,221.5,15,14.7667
8475160,Kyle Clifford,L,LAK,2018-04,69.5,3,23.1667
8475163,Alex Chiasson,R,WSH,2017-10,69.0,11,6.2727
8475163,Alex Chiasson,R,WSH,2017-11,97.0,14,6.9286
8475163,Alex Chiasson,R,WSH,2017-12,160.5,13,12.3462
8475163,Alex Chiasson,R,WSH,2018-01,59.0,8,7.375
8475163,Alex Chiasson,R,WSH,2018-02,41.5,6,6.9167
8475163,Alex Chiasson,R,WSH,2018-03,54.5,6,9.0833
8475163,Alex Chiasson,R,WSH,2018-04,19.5,3,6.5
8475164,Jakob Silfverberg,R,ANA,2017-10,73.0,11,6.6364
8475164,Jakob Silfverberg,R,ANA,2017-11,178.5,14,12.75
8475164,Jakob Silfverberg,R,ANA,2017-12,63.0,10,6.3
8475164,Jakob Silfverberg,R,ANA,2018-01,86.0,11,7.8182
8475164,Jakob Silfverberg,R,ANA,2018-02,106.5,13,8.1923
8475164,Jakob Silfverberg,R,ANA,2018-03,157.0,14,11.2143
8475164,Jakob Silfverberg,R,ANA,2018-04,43.5,4,10.875
8475166,John Tavares,C,NYI,2017-10,193.0,12,16.0833
8475166,John Tavares,C,NYI,2017-11,198.0,12,16.5
8475166,John Tavares,C,NYI,2017-12,224.5,15,14.9667
8475166,John Tavares,C,NYI,2018-01,185.0,13,14.2308
8475166,John Tavares,C,NYI,2018-02,218.5,12,18.2083
8475166,John Tavares,C,NYI,2018-03,190.5,15,12.7
8475166,John Tavares,C,NYI,2018-04,41.0,3,13.6667
8475167,Victor Hedman,D,TBL,2017-10,118.5,13,9.1154
8475167,Victor Hedman,D,TBL,2017-11,199.0,12,16.5833
8475167,Victor Hedman,D,TBL,2017-12,165.5,13,12.7308
8475167,Victor Hedman,D,TBL,2018-01,103.0,7,14.7143
8475167,Victor Hedman,D,TBL,2018-02,218.0,14,15.5714
8475167,Victor Hedman,D,TBL,2018-03,165.0,14,11.7857
8475167,Victor Hedman,D,TBL,2018-04,55.0,4,13.75
8475168,Matt Duchene,C,OTT,2017-10,176.5,11,16.0455
8475168,Matt Duchene,C,OTT,2017-11,136.0,12,11.3333
8475168,Matt Duchene,C,OTT,2017-12,158.0,14,11.2857
8475168,Matt Duchene,C,OTT,2018-01,232.5,11,21.1364
8475168,Matt Duchene,C,OTT,2018-02,219.5,14,15.6786
8475168,Matt Duchene,C,OTT,2018-03,254.0,16,15.875
8475168,Matt Duchene,C,OTT,2018-04,37.5,4,9.375
8475169,Evander Kane,L,SJS,2017-10,213.0,12,17.75
8475169,Evander Kane,L,SJS,2017-11,152.0,13,11.6923
8475169,Evander Kane,L,SJS,2017-12,177.5,13,13.6538
8475169,Evander Kane,L,SJS,2018-01,135.5,12,11.2917
8475169,Evander Kane,L,SJS,2018-02,190.5,12,15.875
8475169,Evander Kane,L,SJS,2018-03,256.5,15,17.1
8475169,Evander Kane,L,SJS,2018-04,1.5,1,1.5
8475170,Brayden Schenn,C,STL,2017-10,259.0,13,19.9231
8475170,Brayden Schenn,C,STL,2017-11,158.0,12,13.1667
8475170,Brayden Schenn,C,STL,2017-12,262.5,16,16.4062
8475170,Brayden Schenn,C,STL,2018-01,183.5,11,16.6818
8475170,Brayden Schenn,C,STL,2018-02,251.5,13,19.3462
8475170,Brayden Schenn,C,STL,2018-03,178.0,13,13.6923
8475170,Brayden Schenn,C,STL,2018-04,33.0,4,8.25
8475171,Oliver Ekman-Larsson,D,ARI,2017-10,157.0,13,12.0769
8475171,Oliver Ekman-Larsson,D,ARI,2017-11,231.5,15,15.4333
8475171,Oliver Ekman-Larsson,D,ARI,2017-12,144.5,13,11.1154
8475171,Oliver Ekman-Larsson,D,ARI,2018-01,143.0,9,15.8889
8475171,Oliver Ekman-Larsson,D,ARI,2018-02,155.0,12,12.9167
8475171,Oliver Ekman-Larsson,D,ARI,2018-03,244.5,17,14.3824
8475171,Oliver Ekman-Larsson,D,ARI,2018-04,23.5,3,7.8333
8475172,Nazem Kadri,C,TOR,2017-10,202.0,12,16.8333
8475172,Nazem Kadri,C,TOR,2017-11,261.0,15,17.4
8475172,Nazem Kadri,C,TOR,2017-12,150.0,11,13.6364
8475172,Nazem Kadri,C,TOR,2018-01,213.5,12,17.7917
8475172,Nazem Kadri,C,TOR,2018-02,219.0,14,15.6429
8475172,Nazem Kadri,C,TOR,2018-03,161.5,13,12.4231
8475172,Nazem Kadri,C,TOR,2018-04,35.5,3,11.8333
8475175,Magnus Paajarvi,L,OTT,2017-10,108.0,13,8.3077
8475175,Magnus Paajarvi,L,OTT,2017-11,57.0,9,6.3333
8475175,Magnus Paajarvi,L,OTT,2017-12,116.0,14,8.2857
8475175,Magnus Paajarvi,L,OTT,2018-01,89.0,9,9.8889
8475175,Magnus Paajarvi,L,OTT,2018-02,180.5,14,12.8929
8475175,Magnus Paajarvi,L,OTT,2018-03,117.5,16,7.3438
8475175,Magnus Paajarvi,L,OTT,2018-04,20.0,4,5.0
8475176,Ryan Ellis,D,NSH,2018-01,99.0,10,9.9
8475176,Ryan Ellis,D,NSH,2018-02,155.5,14,11.1071
8475176,Ryan Ellis,D,NSH,2018-03,211.0,16,13.1875
8475176,Ryan Ellis,D,NSH,2018-04,38.0,4,9.5
8475177,Calvin de Haan,D,NYI,2017-10,139.0,12,11.5833
8475177,Calvin de Haan,D,NYI,2017-11,165.0,12,13.75
8475177,Calvin de Haan,D,NYI,2017-12,123.0,9,13.6667
8475178,Zack Kassian,R,EDM,2017-10,104.5,10,10.45
8475178,Zack Kassian,R,EDM,2017-11,168.0,16,10.5
8475178,Zack Kassian,R,EDM,2017-12,105.0,13,8.0769
8475178,Zack Kassian,R,EDM,2018-01,106.5,10,10.65
8475178,Zack Kassian,R,EDM,2018-02,120.5,12,10.0417
8475178,Zack Kassian,R,EDM,2018-03,76.0,10,7.6
8475178,Zack Kassian,R,EDM,2018-04,10.0,3,3.3333
8475179,Dmitry Kulikov,D,WPG,2017-10,84.0,9,9.3333
8475179,Dmitry Kulikov,D,WPG,2017-11,110.0,14,7.8571
8475179,Dmitry Kulikov,D,WPG,2017-12,181.5,15,12.1
8475179,Dmitry Kulikov,D,WPG,2018-01,77.5,9,8.6111
8475179,Dmitry Kulikov,D,WPG,2018-02,99.0,11,9.0
8475179,Dmitry Kulikov,D,WPG,2018-03,36.5,4,9.125
8475180,Peter Holland,C,NYR,2018-01,58.0,6,9.6667
8475180,Peter Holland,C,NYR,2018-02,97.5,11,8.8636
8475180,Peter Holland,C,NYR,2018-03,36.0,4,9.0
8475180,Peter Holland,C,NYR,2018-04,8.0,2,4.0
8475181,Nick Leddy,D,NYI,2017-10,112.5,12,9.375
8475181,Nick Leddy,D,NYI,2017-11,128.5,12,10.7083
8475181,Nick Leddy,D,NYI,2017-12,160.5,15,10.7
8475181,Nick Leddy,D,NYI,2018-01,163.0,13,12.5385
8475181,Nick Leddy,D,NYI,2018-02,112.0,12,9.3333
8475181,Nick Leddy,D,NYI,2018-03,76.0,14,5.4286
8475181,Nick Leddy,D,NYI,2018-04,15.5,2,7.75
8475184,Chris Kreider,C,NYR,2017-10,205.5,13,15.8077
8475184,Chris Kreider,C,NYR,2017-11,160.0,12,13.3333
8475184,Chris Kreider,C,NYR,2017-12,110.5,12,9.2083
8475184,Chris Kreider,C,NYR,2018-02,32.0,3,10.6667
8475184,Chris Kreider,C,NYR,2018-03,175.0,15,11.6667
8475184,Chris Kreider,C,NYR,2018-04,12.5,3,4.1667
8475185,Jacob Josefson,C,BUF,2017-10,87.0,6,14.5
8475185,Jacob Josefson,C,BUF,2017-11,39.0,3,13.0
8475185,Jacob Josefson,C,BUF,2017-12,56.5,5,11.3
8475185,Jacob Josefson,C,BUF,2018-01,53.5,5,10.7
8475185,Jacob Josefson,C,BUF,2018-02,83.5,14,5.9643
8475185,Jacob Josefson,C,BUF,2018-03,56.5,6,9.4167
8475186,John Moore,D,NJD,2017-10,113.5,10,11.35
8475186,John Moore,D,NJD,2017-11,148.0,14,10.5714
8475186,John Moore,D,NJD,2017-12,193.5,14,13.8214
8475186,John Moore,D,NJD,2018-01,105.5,11,9.5909
8475186,John Moore,D,NJD,2018-02,151.0,13,11.6154
8475186,John Moore,D,NJD,2018-03,215.0,15,14.3333
8475186,John Moore,D,NJD,2018-04,42.5,4,10.625
8475188,Brayden McNabb,D,VGK,2017-10,137.5,8,17.1875
8475188,Brayden McNabb,D,VGK,2017-11,315.0,13,24.2308
8475188,Brayden McNabb,D,VGK,2017-12,274.0,13,21.0769
8475188,Brayden McNabb,D,VGK,2018-01,187.0,10,18.7
8475188,Brayden McNabb,D,VGK,2018-02,217.0,13,16.6923
8475188,Brayden McNabb,D,VGK,2018-03,308.0,16,19.25
8475188,Brayden McNabb,D,VGK,2018-04,53.5,3,17.8333
8475191,Reilly Smith,R,VGK,2017-10,108.0,11,9.8182
8475191,Reilly Smith,R,VGK,2017-11,95.0,13,7.3077
8475191,Reilly Smith,R,VGK,2017-12,64.0,13,4.9231
8475191,Reilly Smith,R,VGK,2018-01,74.5,12,6.2083
8475191,Reilly Smith,R,VGK,2018-02,109.0,14,7.7857
8475191,Reilly Smith,R,VGK,2018-03,32.5,3,10.8333
8475191,Reilly Smith,R,VGK,2018-04,3.0,1,3.0
8475193,Tomas Tatar,L,VGK,2017-10,94.5,13,7.2692
8475193,Tomas Tatar,L,VGK,2017-11,106.5,13,8.1923
8475193,Tomas Tatar,L,VGK,2017-12,80.5,12,6.7083
8475193,Tomas Tatar,L,VGK,2018-01,78.0,11,7.0909
8475193,Tomas Tatar,L,VGK,2018-02,115.0,14,8.2143
8475193,Tomas Tatar,L,VGK,2018-03,174.5,16,10.9062
8475193,Tomas Tatar,L,VGK,2018-04,16.0,3,5.3333
8475195,Anders Nilsson,G,VAN,2017-10,-2.5,0,0.0
8475195,Anders Nilsson,G,VAN,2017-11,-2.5,0,0.0
8475195,Anders Nilsson,G,VAN,2017-12,-7.5,0,0.0
8475195,Anders Nilsson,G,VAN,2018-02,-5.0,0,0.0
8475195,Anders Nilsson,G,VAN,2018-03,-5.0,0,0.0
8475197,Tyson Barrie,D,COL,2017-10,82.0,11,7.4545
8475197,Tyson Barrie,D,COL,2017-11,92.5,11,8.4091
8475197,Tyson Barrie,D,COL,2017-12,53.0,12,4.4167
8475197,Tyson Barrie,D,COL,2018-01,-1.5,1,-1.5
8475197,Tyson Barrie,D,COL,2018-02,126.0,14,9.0
8475197,Tyson Barrie,D,COL,2018-03,172.5,15,11.5
8475197,Tyson Barrie,D,COL,2018-04,43.0,4,10.75
8475200,Dmitry Orlov,D,WSH,2017-10,131.5,12,10.9583
8475200,Dmitry Orlov,D,WSH,2017-11,158.0,14,11.2857
8475200,Dmitry Orlov,D,WSH,2017-12,223.0,14,15.9286
8475200,Dmitry Orlov,D,WSH,2018-01,140.0,10,14.0
8475200,Dmitry Orlov,D,WSH,2018-02,161.5,14,11.5357
8475200,Dmitry Orlov,D,WSH,2018-03,192.5,14,13.75
8475200,Dmitry Orlov,D,WSH,2018-04,42.0,4,10.5
8475204,Brandon Pirri,C,VGK,2018-04,14.5,2,7.25
8475208,Brian Dumoulin,D,PIT,2017-10,174.0,13,13.3846
8475208,Brian Dumoulin,D,PIT,2017-11,121.5,13,9.3462
8475208,Brian Dumoulin,D,PIT,2017-12,209.5,14,14.9643
8475208,Brian Dumoulin,D,PIT,2018-01,149.0,10,14.9
8475208,Brian Dumoulin,D,PIT,2018-02,146.5,12,12.2083
8475208,Brian Dumoulin,D,PIT,2018-03,225.0,15,15.0
8475208,Brian Dumoulin,D,PIT,2018-04,40.5,3,13.5
8475209,Richard Panik,R,ARI,2017-10,165.0,12,13.75
8475209,Richard Panik,R,ARI,2017-11,158.5,13,12.1923
8475209,Richard Panik,R,ARI,2017-12,90.5,9,10.0556
8475209,Richard Panik,R,ARI,2018-01,122.0,10,12.2
8475209,Richard Panik,R,ARI,2018-02,83.5,8,10.4375
8475209,Richard Panik,R,ARI,2018-03,198.5,17,11.6765
8475209,Richard Panik,R,ARI,2018-04,28.5,3,9.5
8475215,Robin Lehner,G,BUF,2017-10,-7.5,0,0.0
8475215,Robin Lehner,G,BUF,2017-11,-20.0,0,0.0
8475215,Robin Lehner,G,BUF,2017-12,-15.0,0,0.0
8475215,Robin Lehner,G,BUF,2018-01,-7.5,0,0.0
8475215,Robin Lehner,G,BUF,2018-02,-10.0,0,0.0
8475215,Robin Lehner,G,BUF,2018-03,-2.0,0,0.0
8475218,Mattias Ekholm,D,NSH,2017-10,158.5,11,14.4091
8475218,Mattias Ekholm,D,NSH,2017-11,169.0,14,12.0714
8475218,Mattias Ekholm,D,NSH,2017-12,164.0,13,12.6154
8475218,Mattias Ekholm,D,NSH,2018-01,100.0,9,11.1111
8475218,Mattias Ekholm,D,NSH,2018-02,82.5,14,5.8929
8475218,Mattias Ekholm,D,NSH,2018-03,178.0,16,11.125
8475218,Mattias Ekholm,D,NSH,2018-04,30.5,4,7.625
8475220,Marcus Foligno,L,MIN,2017-10,172.0,9,19.1111
8475220,Marcus Foligno,L,MIN,2017-11,197.5,15,13.1667
8475220,Marcus Foligno,L,MIN,2017-12,165.5,12,13.7917
8475220,Marcus Foligno,L,MIN,2018-01,131.0,11,11.9091
8475220,Marcus Foligno,L,MIN,2018-02,124.5,12,10.375
8475220,Marcus Foligno,L,MIN,2018-03,156.0,14,11.1429
8475220,Marcus Foligno,L,MIN,2018-04,69.0,4,17.25
8475222,Sami Vatanen,D,NJD,2017-10,22.5,1,22.5
8475222,Sami Vatanen,D,NJD,2017-11,169.5,14,12.1071
8475222,Sami Vatanen,D,NJD,2017-12,182.5,14,13.0357
8475222,Sami Vatanen,D,NJD,2018-01,110.5,11,10.0455
8475222,Sami Vatanen,D,NJD,2018-02,169.0,14,12.0714
8475222,Sami Vatanen,D,NJD,2018-03,181.5,15,12.1
8475222,Sami Vatanen,D,NJD,2018-04,37.5,3,12.5
8475224,Jordan Szwarz,R,BOS,2017-11,91.0,10,9.1
8475224,Jordan Szwarz,R,BOS,2018-03,22.5,2,11.25
8475225,Craig Smith,C,NSH,2017-10,81.5,11,7.4091
8475225,Craig Smith,C,NSH,2017-11,156.0,14,11.1429
8475225,Craig Smith,C,NSH,2017-12,67.5,12,5.625
8475225,Craig Smith,C,NSH,2018-01,106.0,10,10.6
8475225,Craig Smith,C,NSH,2018-02,116.0,14,8.2857
8475225,Craig Smith,C,NSH,2018-03,137.5,14,9.8214
8475225,Craig Smith,C,NSH,2018-04,38.0,4,9.5
8475227,Chris Wideman,D,OTT,2017-10,94.5,11,8.5909
8475227,Chris Wideman,D,OTT,2017-11,26.0,5,5.2
8475231,Casey Cizikas,C,NYI,2017-10,265.0,12,22.0833
8475231,Casey Cizikas,C,NYI,2017-11,199.0,11,18.0909
8475231,Casey Cizikas,C,NYI,2017-12,281.5,12,23.4583
8475231,Casey Cizikas,C,NYI,2018-01,142.5,7,20.3571
8475231,Casey Cizikas,C,NYI,2018-02,228.5,12,19.0417
8475231,Casey Cizikas,C,NYI,2018-03,182.0,10,18.2
8475233,David Savard,D,CBJ,2017-10,206.0,12,17.1667
8475233,David Savard,D,CBJ,2017-11,145.5,12,12.125
8475233,David Savard,D,CBJ,2017-12,238.0,15,15.8667
8475233,David Savard,D,CBJ,2018-01,101.5,10,10.15
8475233,David Savard,D,CBJ,2018-02,159.0,13,12.2308
8475233,David Savard,D,CBJ,2018-03,242.5,16,15.1562
8475233,David Savard,D,CBJ,2018-04,60.5,3,20.1667
8475234,J-F Berube,G,CHI,2018-03,-12.5,0,0.0
8475235,Nicolas Deslauriers,L,MTL,2017-11,101.5,8,12.6875
8475235,Nicolas Deslauriers,L,MTL,2017-12,222.5,11,20.2273
8475235,Nicolas Deslauriers,L,MTL,2018-01,247.5,11,22.5
8475235,Nicolas Deslauriers,L,MTL,2018-02,180.0,10,18.0
8475235,Nicolas Deslauriers,L,MTL,2018-03,240.5,14,17.1786
8475235,Nicolas Deslauriers,L,MTL,2018-04,41.5,4,10.375
8475236,Cody Eakin,C,VGK,2017-10,210.5,11,19.1364
8475236,Cody Eakin,C,VGK,2017-11,182.5,13,14.0385
8475236,Cody Eakin,C,VGK,2017-12,165.0,13,12.6923
8475236,Cody Eakin,C,VGK,2018-01,129.0,11,11.7273
8475236,Cody Eakin,C,VGK,2018-02,144.0,14,10.2857
8475236,Cody Eakin,C,VGK,2018-03,181.0,16,11.3125
8475236,Cody Eakin,C,VGK,2018-04,5.5,2,2.75
8475246,Kevin Connauton,D,ARI,2017-10,90.5,9,10.0556
8475246,Kevin Connauton,D,ARI,2017-11,116.0,15,7.7333
8475246,Kevin Connauton,D,ARI,2017-12,116.5,12,9.7083
8475246,Kevin Connauton,D,ARI,2018-01,55.0,6,9.1667
8475246,Kevin Connauton,D,ARI,2018-02,153.5,12,12.7917
8475246,Kevin Connauton,D,ARI,2018-03,223.0,17,13.1176
8475246,Kevin Connauton,D,ARI,2018-04,34.0,2,17.0
8475254,Gabriel Dumont,C,OTT,2017-10,89.0,5,17.8
8475254,Gabriel Dumont,C,OTT,2017-11,63.5,5,12.7
8475254,Gabriel Dumont,C,OTT,2017-12,75.5,8,9.4375
8475254,Gabriel Dumont,C,OTT,2018-01,114.0,10,11.4
8475254,Gabriel Dumont,C,OTT,2018-02,22.5,2,11.25
8475263,Wade Megan,C,STL,2017-10,2.0,1,2.0
8475268,Gabriel Bourque,L,COL,2017-10,14.0,2,7.0
8475268,Gabriel Bourque,L,COL,2017-11,96.0,6,16.0
8475268,Gabriel Bourque,L,COL,2017-12,70.5,6,11.75
8475268,Gabriel Bourque,L,COL,2018-01,173.0,11,15.7273
8475268,Gabriel Bourque,L,COL,2018-02,188.5,14,13.4643
8475268,Gabriel Bourque,L,COL,2018-03,125.0,15,8.3333
8475268,Gabriel Bourque,L,COL,2018-04,54.5,4,13.625
8475278,Byron Froese,C,MTL,2017-11,75.0,10,7.5
8475278,Byron Froese,C,MTL,2017-12,179.0,10,17.9
8475278,Byron Froese,C,MTL,2018-01,58.5,7,8.3571
8475278,Byron Froese,C,MTL,2018-02,143.0,11,13.0
8475278,Byron Froese,C,MTL,2018-03,116.0,9,12.8889
8475278,Byron Froese,C,MTL,2018-04,5.5,1,5.5
8475279,Ben Chiarot,D,WPG,2017-10,10.5,1,10.5
8475279,Ben Chiarot,D,WPG,2017-11,85.5,6,14.25
8475279,Ben Chiarot,D,WPG,2017-12,118.0,15,7.8667
8475279,Ben Chiarot,D,WPG,2018-01,44.0,4,11.0
8475279,Ben Chiarot,D,WPG,2018-02,169.0,12,14.0833
8475279,Ben Chiarot,D,WPG,2018-03,247.0,15,16.4667
8475279,Ben Chiarot,D,WPG,2018-04,43.5,4,10.875
8475287,Erik Haula,L,VGK,2017-10,77.5,7,11.0714
8475287,Erik Haula,L,VGK,2017-11,169.0,13,13.0
8475287,Erik Haula,L,VGK,2017-12,216.5,13,16.6538
8475287,Erik Haula,L,VGK,2018-01,148.0,12,12.3333
8475287,Erik Haula,L,VGK,2018-02,213.0,13,16.3846
8475287,Erik Haula,L,VGK,2018-03,216.0,16,13.5
8475287,Erik Haula,L,VGK,2018-04,11.5,2,5.75
8475310,Curtis McKenzie,L,DAL,2017-12,30.0,4,7.5
8475310,Curtis McKenzie,L,DAL,2018-03,18.0,3,6.0
8475311,Darcy Kuemper,G,ARI,2017-10,-5.0,0,0.0
8475311,Darcy Kuemper,G,ARI,2017-11,-7.5,0,0.0
8475311,Darcy Kuemper,G,ARI,2017-12,-10.0,0,0.0
8475311,Darcy Kuemper,G,ARI,2018-01,-7.5,0,0.0
8475311,Darcy Kuemper,G,ARI,2018-02,-7.5,0,0.0
8475311,Darcy Kuemper,G,ARI,2018-03,-4.5,0,0.0
8475314,Anders Lee,C,NYI,2017-10,159.5,12,13.2917
8475314,Anders Lee,C,NYI,2017-11,100.0,12,8.3333
8475314,Anders Lee,C,NYI,2017-12,168.5,15,11.2333
8475314,Anders Lee,C,NYI,2018-01,156.0,13,12.0
8475314,Anders Lee,C,NYI,2018-02,129.0,12,10.75
8475314,Anders Lee,C,NYI,2018-03,174.5,15,11.6333
8475314,Anders Lee,C,NYI,2018-04,33.0,3,11.0
8475323,Marcus Kruger,C,CAR,2017-10,124.5,10,12.45
8475323,Marcus Kruger,C,CAR,2017-11,156.0,12,13.0
8475323,Marcus Kruger,C,CAR,2017-12,139.5,13,10.7308
8475323,Marcus Kruger,C,CAR,2018-01,100.5,10,10.05
8475323,Marcus Kruger,C,CAR,2018-02,26.0,3,8.6667
8475324,Nick Jensen,D,DET,2017-10,110.5,13,8.5
8475324,Nick Jensen,D,DET,2017-11,118.0,13,9.0769
8475324,Nick Jensen,D,DET,2017-12,76.0,12,6.3333
8475324,Nick Jensen,D,DET,2018-01,99.0,10,9.9
8475324,Nick Jensen,D,DET,2018-02,193.5,14,13.8214
8475324,Nick Jensen,D,DET,2018-03,188.5,16,11.7812
8475324,Nick Jensen,D,DET,2018-04,27.5,3,9.1667
8475325,Jordan Nolan,C,BUF,2017-10,69.0,10,6.9
8475325,Jordan Nolan,C,BUF,2017-11,104.5,13,8.0385
8475325,Jordan Nolan,C,BUF,2017-12,104.0,11,9.4545
8475325,Jordan Nolan,C,BUF,2018-01,115.0,9,12.7778
8475325,Jordan Nolan,C,BUF,2018-02,72.5,10,7.25
8475325,Jordan Nolan,C,BUF,2018-03,153.5,13,11.8077
8475325,Jordan Nolan,C,BUF,2018-04,9.0,3,3.0
8475328,Ben Sexton,C,OTT,2018-03,24.0,2,12.0
8475343,Nic Dowd,C,VAN,2017-10,70.5,8,8.8125
8475343,Nic Dowd,C,VAN,2017-11,78.5,7,11.2143
8475343,Nic Dowd,C,VAN,2017-12,181.5,10,18.15
8475343,Nic Dowd,C,VAN,2018-01,201.5,10,20.15
8475343,Nic Dowd,C,VAN,2018-02,91.5,10,9.15
8475343,Nic Dowd,C,VAN,2018-03,86.0,10,8.6
8475343,Nic Dowd,C,VAN,2018-04,6.5,1,6.5
8475423,Darren Archibald,R,VAN,2018-02,136.5,10,13.65
8475423,Darren Archibald,R,VAN,2018-03,204.0,15,13.6
8475423,Darren Archibald,R,VAN,2018-04,32.5,2,16.25
8475430,Brandon Manning,D,PHI,2017-10,83.0,7,11.8571
8475430,Brandon Manning,D,PHI,2017-11,169.0,13,13.0
8475430,Brandon Manning,D,PHI,2017-12,55.0,3,18.3333
8475430,Brandon Manning,D,PHI,2018-01,124.5,12,10.375
8475430,Brandon Manning,D,PHI,2018-02,183.0,13,14.0769
8475430,Brandon Manning,D,PHI,2018-03,139.0,13,10.6923
8475430,Brandon Manning,D,PHI,2018-04,56.0,4,14.0
8475436,Mike Liambas,L,ANA,2017-11,76.0,7,10.8571
8475455,Brenden Dillon,D,SJS,2017-10,159.0,11,14.4545
8475455,Brenden Dillon,D,SJS,2017-11,200.5,12,16.7083
8475455,Brenden Dillon,D,SJS,2017-12,187.0,12,15.5833
8475455,Brenden Dillon,D,SJS,2018-01,179.0,14,12.7857
8475455,Brenden Dillon,D,SJS,2018-02,215.5,14,15.3929
8475455,Brenden Dillon,D,SJS,2018-03,246.0,15,16.4
8475455,Brenden Dillon,D,SJS,2018-04,57.0,3,19.0
8475462,Radko Gudas,D,PHI,2017-10,197.0,12,16.4167
8475462,Radko Gudas,D,PHI,2017-11,65.0,5,13.0
8475462,Radko Gudas,D,PHI,2017-12,103.0,9,11.4444
8475462,Radko Gudas,D,PHI,2018-01,182.5,12,15.2083
8475462,Radko Gudas,D,PHI,2018-02,242.0,13,18.6154
8475462,Radko Gudas,D,PHI,2018-03,291.5,15,19.4333
8475462,Radko Gudas,D,PHI,2018-04,72.0,4,18.0
8475613,Nate Prosser,D,MIN,2017-10,20.0,1,20.0
8475613,Nate Prosser,D,MIN,2017-12,162.5,14,11.6071
8475613,Nate Prosser,D,MIN,2018-01,126.0,11,11.4545
8475613,Nate Prosser,D,MIN,2018-02,152.0,13,11.6923
8475613,Nate Prosser,D,MIN,2018-03,177.5,14,12.6786
8475613,Nate Prosser,D,MIN,2018-04,62.5,4,15.625
8475622,Carter Hutton,G,STL,2017-10,-2.5,0,0.0
8475622,Carter Hutton,G,STL,2017-12,5.5,0,0.0
8475622,Carter Hutton,G,STL,2018-01,-12.5,0,0.0
8475622,Carter Hutton,G,STL,2018-02,-4.5,0,0.0
8475622,Carter Hutton,G,STL,2018-03,-2.5,0,0.0
8475625,Matt Irwin,D,NSH,2017-10,103.0,9,11.4444
8475625,Matt Irwin,D,NSH,2017-11,147.0,14,10.5
8475625,Matt Irwin,D,NSH,2017-12,97.5,8,12.1875
8475625,Matt Irwin,D,NSH,2018-01,100.0,6,16.6667
8475625,Matt Irwin,D,NSH,2018-02,1.5,1,1.5
8475625,Matt Irwin,D,NSH,2018-03,75.0,8,9.375
8475625,Matt Irwin,D,NSH,2018-04,40.0,4,10.0
8475660,Cam Talbot,G,EDM,2017-10,-7.5,0,0.0
8475660,Cam Talbot,G,EDM,2017-11,-20.0,0,0.0
8475660,Cam Talbot,G,EDM,2017-12,-10.0,0,0.0
8475660,Cam Talbot,G,EDM,2018-01,-15.0,0,0.0
8475660,Cam Talbot,G,EDM,2018-02,-10.0,0,0.0
8475660,Cam Talbot,G,EDM,2018-03,-22.0,0,0.0
8475660,Cam Talbot,G,EDM,2018-04,-7.5,0,0.0
8475663,Eddie Lack,G,NJD,2017-10,-2.5,0,0.0
8475663,Eddie Lack,G,NJD,2018-02,-5.0,0,0.0
8475683,Sergei Bobrovsky,G,CBJ,2017-11,-2.0,0,0.0
8475683,Sergei Bobrovsky,G,CBJ,2017-12,-2.5,0,0.0
8475683,Sergei Bobrovsky,G,CBJ,2018-01,3.0,0,0.0
8475683,Sergei Bobrovsky,G,CBJ,2018-02,-5.0,0,0.0
8475683,Sergei Bobrovsky,G,CBJ,2018-03,-2.0,0,0.0
8475690,Chris Tanev,D,VAN,2017-10,102.5,11,9.3182
8475690,Chris Tanev,D,VAN,2017-11,98.5,8,12.3125
8475690,Chris Tanev,D,VAN,2017-12,36.0,6,6.0
8475690,Chris Tanev,D,VAN,2018-01,89.5,9,9.9444
8475690,Chris Tanev,D,VAN,2018-02,48.0,4,12.0
8475690,Chris Tanev,D,VAN,2018-03,71.0,4,17.75
8475692,Mats Zuccarello,C,NYR,2017-10,143.5,13,11.0385
8475692,Mats Zuccarello,C,NYR,2017-11,95.5,12,7.9583
8475692,Mats Zuccarello,C,NYR,2017-12,165.5,13,12.7308
8475692,Mats Zuccarello,C,NYR,2018-01,136.0,11,12.3636
8475692,Mats Zuccarello,C,NYR,2018-02,129.0,14,9.2143
8475692,Mats Zuccarello,C,NYR,2018-03,153.0,15,10.2
8475692,Mats Zuccarello,C,NYR,2018-04,21.5,2,10.75
8475714,Calle Jarnkrok,C,NSH,2017-10,143.0,11,13.0
8475714,Calle Jarnkrok,C,NSH,2017-11,132.0,14,9.4286
8475714,Calle Jarnkrok,C,NSH,2017-12,154.5,13,11.8846
8475714,Calle Jarnkrok,C,NSH,2018-01,83.5,10,8.35
8475714,Calle Jarnkrok,C,NSH,2018-02,105.5,14,7.5357
8475714,Calle Jarnkrok,C,NSH,2018-03,41.5,6,6.9167
8475715,Oscar Lindberg,C,VGK,2017-10,122.5,11,11.1364
8475715,Oscar Lindberg,C,VGK,2017-11,91.0,12,7.5833
8475715,Oscar Lindberg,C,VGK,2017-12,85.0,13,6.5385
8475715,Oscar Lindberg,C,VGK,2018-01,64.0,9,7.1111
8475715,Oscar Lindberg,C,VGK,2018-02,85.0,12,7.0833
8475715,Oscar Lindberg,C,VGK,2018-03,33.5,3,11.1667
8475715,Oscar Lindberg,C,VGK,2018-04,37.5,3,12.5
8475716,Martin Marincin,D,TOR,2017-12,15.0,2,7.5
8475718,Justin Holl,D,TOR,2018-01,20.0,1,20.0
8475718,Justin Holl,D,TOR,2018-02,7.0,1,7.0
8475722,Jason Zucker,L,MIN,2017-10,131.0,10,13.1
8475722,Jason Zucker,L,MIN,2017-11,176.0,15,11.7333
8475722,Jason Zucker,L,MIN,2017-12,141.0,14,10.0714
8475722,Jason Zucker,L,MIN,2018-01,133.0,11,12.0909
8475722,Jason Zucker,L,MIN,2018-02,109.5,13,8.4231
8475722,Jason Zucker,L,MIN,2018-03,142.5,15,9.5
8475722,Jason Zucker,L,MIN,2018-04,50.0,4,12.5
8475726,Tyler Toffoli,C,LAK,2017-10,48.0,12,4.0
8475726,Tyler Toffoli,C,LAK,2017-11,136.5,14,9.75
8475726,Tyler Toffoli,C,LAK,2017-12,77.5,13,5.9615
8475726,Tyler Toffoli,C,LAK,2018-01,72.5,11,6.5909
8475726,Tyler Toffoli,C,LAK,2018-02,120.5,14,8.6071
8475726,Tyler Toffoli,C,LAK,2018-03,139.5,15,9.3
8475726,Tyler Toffoli,C,LAK,2018-04,24.5,3,8.1667
8475727,Ryan Spooner,C,NYR,2017-10,31.0,5,6.2
8475727,Ryan Spooner,C,NYR,2017-11,4.5,3,1.5
8475727,Ryan Spooner,C,NYR,2017-12,90.5,9,10.0556
8475727,Ryan Spooner,C,NYR,2018-01,107.0,11,9.7273
8475727,Ryan Spooner,C,NYR,2018-02,87.0,13,6.6923
8475727,Ryan Spooner,C,NYR,2018-03,120.0,15,8.0
8475727,Ryan Spooner,C,NYR,2018-04,6.0,3,2.0
8475728,Johan Larsson,L,BUF,2017-10,139.5,12,11.625
8475728,Johan Larsson,L,BUF,2017-11,143.5,13,11.0385
8475728,Johan Larsson,L,BUF,2017-12,203.5,13,15.6538
8475728,Johan Larsson,L,BUF,2018-01,160.0,12,13.3333
8475728,Johan Larsson,L,BUF,2018-02,202.0,12,16.8333
8475728,Johan Larsson,L,BUF,2018-03,218.5,14,15.6071
8475728,Johan Larsson,L,BUF,2018-04,34.5,4,8.625
8475729,Mark Alt,D,COL,2017-10,10.5,1,10.5
8475729,Mark Alt,D,COL,2017-11,49.5,5,9.9
8475729,Mark Alt,D,COL,2017-12,29.5,2,14.75
8475729,Mark Alt,D,COL,2018-03,54.0,4,13.5
8475729,Mark Alt,D,COL,2018-04,21.5,3,7.1667
8475730,Stephen Johns,D,DAL,2017-10,141.0,9,15.6667
8475730,Stephen Johns,D,DAL,2017-11,187.5,13,14.4231
8475730,Stephen Johns,D,DAL,2017-12,260.0,15,17.3333
8475730,Stephen Johns,D,DAL,2018-01,169.0,11,15.3636
8475730,Stephen Johns,D,DAL,2018-02,277.0,12,23.0833
8475730,Stephen Johns,D,DAL,2018-03,253.0,15,16.8667
8475735,Greg McKegg,C,PIT,2017-10,180.5,13,13.8846
8475735,Greg McKegg,C,PIT,2017-11,91.5,13,7.0385
8475736,Connor Brickley,L,FLA,2017-10,86.5,8,10.8125
8475736,Connor Brickley,L,FLA,2017-11,84.5,10,8.45
8475736,Connor Brickley,L,FLA,2017-12,114.0,10,11.4
8475736,Connor Brickley,L,FLA,2018-01,100.0,9,11.1111
8475736,Connor Brickley,L,FLA,2018-02,21.5,3,7.1667
8475736,Connor Brickley,L,FLA,2018-03,52.5,3,17.5
8475736,Connor Brickley,L,FLA,2018-04,9.5,1,9.5
8475738,Jordan Weal,C,PHI,2017-10,69.5,10,6.95
8475738,Jordan Weal,C,PHI,2017-11,28.5,10,2.85
8475738,Jordan Weal,C,PHI,2017-12,45.5,12,3.7917
8475738,Jordan Weal,C,PHI,2018-01,85.5,12,7.125
8475738,Jordan Weal,C,PHI,2018-02,74.0,13,5.6923
8475738,Jordan Weal,C,PHI,2018-03,57.5,10,5.75
8475738,Jordan Weal,C,PHI,2018-04,6.5,2,3.25
8475739,Michael Bournival,L,TBL,2018-01,46.5,4,11.625
8475739,Michael Bournival,L,TBL,2018-02,9.0,1,9.0
8475744,Evgeny Kuznetsov,C,WSH,2017-10,127.0,12,10.5833
8475744,Evgeny Kuznetsov,C,WSH,2017-11,137.0,14,9.7857
8475744,Evgeny Kuznetsov,C,WSH,2017-12,111.5,14,7.9643
8475744,Evgeny Kuznetsov,C,WSH,2018-01,94.0,10,9.4
8475744,Evgeny Kuznetsov,C,WSH,2018-02,148.5,14,10.6071
8475744,Evgeny Kuznetsov,C,WSH,2018-03,117.5,11,10.6818
8475744,Evgeny Kuznetsov,C,WSH,2018-04,36.5,4,9.125
8475745,Charlie Coyle,C,MIN,2017-10,74.0,3,24.6667
8475745,Charlie Coyle,C,MIN,2017-11,115.0,6,19.1667
8475745,Charlie Coyle,C,MIN,2017-12,203.0,14,14.5
8475745,Charlie Coyle,C,MIN,2018-01,135.0,11,12.2727
8475745,Charlie Coyle,C,MIN,2018-02,149.0,13,11.4615
8475745,Charlie Coyle,C,MIN,2018-03,167.5,15,11.1667
8475745,Charlie Coyle,C,MIN,2018-04,48.5,4,12.125
8475747,Patrik Nemeth,D,COL,2017-10,116.5,9,12.9444
8475747,Patrik Nemeth,D,COL,2017-11,62.5,3,20.8333
8475747,Patrik Nemeth,D,COL,2017-12,208.0,12,17.3333
8475747,Patrik Nemeth,D,COL,2018-01,175.5,11,15.9545
8475747,Patrik Nemeth,D,COL,2018-02,224.0,14,16.0
8475747,Patrik Nemeth,D,COL,2018-03,222.5,15,14.8333
8475747,Patrik Nemeth,D,COL,2018-04,67.0,4,16.75
8475750,Jon Merrill,D,VGK,2017-10,26.5,3,8.8333
8475750,Jon Merrill,D,VGK,2017-11,3.0,1,3.0
8475750,Jon Merrill,D,VGK,2017-12,87.5,8,10.9375
8475750,Jon Merrill,D,VGK,2018-01,20.5,2,10.25
8475750,Jon Merrill,D,VGK,2018-02,25.0,4,6.25
8475750,Jon Merrill,D,VGK,2018-03,178.5,14,12.75
8475750,Jon Merrill,D,VGK,2018-04,17.0,2,8.5
8475752,Tyler Pitlick,C,DAL,2017-10,156.0,12,13.0
8475752,Tyler Pitlick,C,DAL,2017-11,69.0,11,6.2727
8475752,Tyler Pitlick,C,DAL,2017-12,174.5,15,11.6333
8475752,Tyler Pitlick,C,DAL,2018-01,119.5,11,10.8636
8475752,Tyler Pitlick,C,DAL,2018-02,187.5,12,15.625
8475752,Tyler Pitlick,C,DAL,2018-03,166.0,16,10.375
8475752,Tyler Pitlick,C,DAL,2018-04,11.5,3,3.8333
8475753,Justin Faulk,D,CAR,2017-10,116.0,10,11.6
8475753,Justin Faulk,D,CAR,2017-11,215.0,13,16.5385
8475753,Justin Faulk,D,CAR,2017-12,179.0,15,11.9333
8475753,Justin Faulk,D,CAR,2018-01,132.0,12,11.0
8475753,Justin Faulk,D,CAR,2018-02,165.5,13,12.7308
8475753,Justin Faulk,D,CAR,2018-03,167.0,13,12.8462
8475754,Brock Nelson,C,NYI,2017-10,131.0,12,10.9167
8475754,Brock Nelson,C,NYI,2017-11,86.5,12,7.2083
8475754,Brock Nelson,C,NYI,2017-12,100.5,15,6.7
8475754,Brock Nelson,C,NYI,2018-01,163.0,13,12.5385
8475754,Brock Nelson,C,NYI,2018-02,208.5,12,17.375
8475754,Brock Nelson,C,NYI,2018-03,225.0,15,15.0
8475754,Brock Nelson,C,NYI,2018-04,43.5,3,14.5
8475755,Alexander Petrovic,D,FLA,2017-10,118.0,8,14.75
8475755,Alexander Petrovic,D,FLA,2017-11,93.5,5,18.7
8475755,Alexander Petrovic,D,FLA,2017-12,243.0,14,17.3571
8475755,Alexander Petrovic,D,FLA,2018-01,135.5,10,13.55
8475755,Alexander Petrovic,D,FLA,2018-02,132.5,12,11.0417
8475755,Alexander Petrovic,D,FLA,2018-03,170.5,14,12.1786
8475755,Alexander Petrovic,D,FLA,2018-04,28.5,4,7.125
8475758,Devante Smith-Pelly,R,WSH,2017-10,113.0,12,9.4167
8475758,Devante Smith-Pelly,R,WSH,2017-11,163.5,14,11.6786
8475758,Devante Smith-Pelly,R,WSH,2017-12,156.5,12,13.0417
8475758,Devante Smith-Pelly,R,WSH,2018-01,110.5,8,13.8125
8475758,Devante Smith-Pelly,R,WSH,2018-02,166.5,14,11.8929
8475758,Devante Smith-Pelly,R,WSH,2018-03,124.5,11,11.3182
8475758,Devante Smith-Pelly,R,WSH,2018-04,61.5,4,15.375
8475760,Nick Bjugstad,C,FLA,2017-10,87.0,11,7.9091
8475760,Nick Bjugstad,C,FLA,2017-11,158.5,13,12.1923
8475760,Nick Bjugstad,C,FLA,2017-12,131.0,14,9.3571
8475760,Nick Bjugstad,C,FLA,2018-01,57.0,10,5.7
8475760,Nick Bjugstad,C,FLA,2018-02,125.0,12,10.4167
8475760,Nick Bjugstad,C,FLA,2018-03,167.0,17,9.8235
8475760,Nick Bjugstad,C,FLA,2018-04,55.5,5,11.1
8475761,Beau Bennett,R,STL,2017-10,19.5,4,4.875
8475761,Beau Bennett,R,STL,2017-11,25.0,2,12.5
8475762,Derek Forbort,D,LAK,2017-10,202.5,12,16.875
8475762,Derek Forbort,D,LAK,2017-11,149.5,14,10.6786
8475762,Derek Forbort,D,LAK,2017-12,234.0,13,18.0
8475762,Derek Forbort,D,LAK,2018-01,113.0,9,12.5556
8475762,Derek Forbort,D,LAK,2018-02,203.0,14,14.5
8475762,Derek Forbort,D,LAK,2018-03,232.0,15,15.4667
8475762,Derek Forbort,D,LAK,2018-04,1.5,1,1.5
8475763,Kevin Hayes,R,NYR,2017-10,190.5,13,14.6538
8475763,Kevin Hayes,R,NYR,2017-11,201.0,12,16.75
8475763,Kevin Hayes,R,NYR,2017-12,187.5,13,14.4231
8475763,Kevin Hayes,R,NYR,2018-01,84.0,6,14.0
8475763,Kevin Hayes,R,NYR,2018-02,170.5,14,12.1786
8475763,Kevin Hayes,R,NYR,2018-03,181.5,15,12.1
8475763,Kevin Hayes,R,NYR,2018-04,36.5,3,12.1667
8475764,Cam Fowler,D,ANA,2017-10,38.0,7,5.4286
8475764,Cam Fowler,D,ANA,2017-11,82.5,6,13.75
8475764,Cam Fowler,D,ANA,2017-12,115.5,15,7.7
8475764,Cam Fowler,D,ANA,2018-01,125.0,11,11.3636
8475764,Cam Fowler,D,ANA,2018-02,106.5,13,8.1923
8475764,Cam Fowler,D,ANA,2018-03,161.0,14,11.5
8475764,Cam Fowler,D,ANA,2018-04,5.5,1,5.5
8475765,Vladimir Tarasenko,R,STL,2017-10,116.0,13,8.9231
8475765,Vladimir Tarasenko,R,STL,2017-11,72.0,12,6.0
8475765,Vladimir Tarasenko,R,STL,2017-12,111.0,16,6.9375
8475765,Vladimir Tarasenko,R,STL,2018-01,68.0,11,6.1818
8475765,Vladimir Tarasenko,R,STL,2018-02,125.5,13,9.6538
8475765,Vladimir Tarasenko,R,STL,2018-03,117.0,11,10.6364
8475765,Vladimir Tarasenko,R,STL,2018-04,19.0,4,4.75
8475766,Austin Watson,L,NSH,2017-10,200.5,11,18.2273
8475766,Austin Watson,L,NSH,2017-11,251.0,12,20.9167
8475766,Austin Watson,L,NSH,2017-12,191.0,13,14.6923
8475766,Austin Watson,L,NSH,2018-01,126.0,10,12.6
8475766,Austin Watson,L,NSH,2018-02,179.0,14,12.7857
8475766,Austin Watson,L,NSH,2018-03,153.5,12,12.7917
8475766,Austin Watson,L,NSH,2018-04,48.5,4,12.125
8475768,Jaden Schwartz,C,STL,2017-10,140.5,13,10.8077
8475768,Jaden Schwartz,C,STL,2017-11,116.0,12,9.6667
8475768,Jaden Schwartz,C,STL,2017-12,39.5,5,7.9
8475768,Jaden Schwartz,C,STL,2018-01,18.5,2,9.25
8475768,Jaden Schwartz,C,STL,2018-02,121.0,13,9.3077
8475768,Jaden Schwartz,C,STL,2018-03,149.5,13,11.5
8475768,Jaden Schwartz,C,STL,2018-04,29.0,4,7.25
8475772,Riley Sheahan,C,PIT,2017-10,130.5,12,10.875
8475772,Riley Sheahan,C,PIT,2017-11,206.0,13,15.8462
8475772,Riley Sheahan,C,PIT,2017-12,279.0,14,19.9286
8475772,Riley Sheahan,C,PIT,2018-01,207.0,12,17.25
8475772,Riley Sheahan,C,PIT,2018-02,167.5,12,13.9583
8475772,Riley Sheahan,C,PIT,2018-03,205.5,15,13.7
8475772,Riley Sheahan,C,PIT,2018-04,55.5,3,18.5
8475780,Chris Wagner,R,NYI,2017-10,219.0,11,19.9091
8475780,Chris Wagner,R,NYI,2017-11,340.5,14,24.3214
8475780,Chris Wagner,R,NYI,2017-12,270.5,15,18.0333
8475780,Chris Wagner,R,NYI,2018-01,195.0,11,17.7273
8475780,Chris Wagner,R,NYI,2018-02,208.5,14,14.8929
8475780,Chris Wagner,R,NYI,2018-03,204.5,11,18.5909
8475780,Chris Wagner,R,NYI,2018-04,44.0,3,14.6667
8475784,Jeff Skinner,C,CAR,2017-10,96.5,10,9.65
8475784,Jeff Skinner,C,CAR,2017-11,109.5,13,8.4231
8475784,Jeff Skinner,C,CAR,2017-12,135.5,15,9.0333
8475784,Jeff Skinner,C,CAR,2018-01,114.5,12,9.5417
8475784,Jeff Skinner,C,CAR,2018-02,195.0,13,15.0
8475784,Jeff Skinner,C,CAR,2018-03,143.5,16,8.9688
8475784,Jeff Skinner,C,CAR,2018-04,18.0,3,6.0
8475786,Zach Hyman,C,TOR,2017-10,213.5,12,17.7917
8475786,Zach Hyman,C,TOR,2017-11,229.0,15,15.2667
8475786,Zach Hyman,C,TOR,2017-12,185.5,13,14.2692
8475786,Zach Hyman,C,TOR,2018-01,176.5,12,14.7083
8475786,Zach Hyman,C,TOR,2018-02,179.0,14,12.7857
8475786,Zach Hyman,C,TOR,2018-03,152.0,13,11.6923
8475786,Zach Hyman,C,TOR,2018-04,52.5,3,17.5
8475788,Alexander Burmistrov,C,VAN,2017-10,81.0,10,8.1
8475788,Alexander Burmistrov,C,VAN,2017-11,49.5,7,7.0714
8475788,Alexander Burmistrov,C,VAN,2017-12,82.5,7,11.7857
8475789,Jack Campbell,G,LAK,2018-02,0.5,0,0.0
8475790,Erik Gudbranson,D,VAN,2017-10,168.0,10,16.8
8475790,Erik Gudbranson,D,VAN,2017-11,112.5,11,10.2273
8475790,Erik Gudbranson,D,VAN,2017-12,65.0,5,13.0
8475790,Erik Gudbranson,D,VAN,2018-01,129.0,6,21.5
8475790,Erik Gudbranson,D,VAN,2018-02,211.0,14,15.0714
8475790,Erik Gudbranson,D,VAN,2018-03,98.0,6,16.3333
8475791,Taylor Hall,L,NJD,2017-10,113.5,10,11.35
8475791,Taylor Hall,L,NJD,2017-11,249.5,14,17.8214
8475791,Taylor Hall,L,NJD,2017-12,105.5,12,8.7917
8475791,Taylor Hall,L,NJD,2018-01,130.5,8,16.3125
8475791,Taylor Hall,L,NJD,2018-02,170.5,14,12.1786
8475791,Taylor Hall,L,NJD,2018-03,192.5,15,12.8333
8475791,Taylor Hall,L,NJD,2018-04,14.0,3,4.6667
8475792,Brett Connolly,R,WSH,2017-10,89.5,10,8.95
8475792,Brett Connolly,R,WSH,2017-11,53.5,7,7.6429
8475792,Brett Connolly,R,WSH,2017-12,89.5,14,6.3929
8475792,Brett Connolly,R,WSH,2018-01,65.5,10,6.55
8475792,Brett Connolly,R,WSH,2018-02,82.5,14,5.8929
8475792,Brett Connolly,R,WSH,2018-03,78.0,11,7.0909
8475792,Brett Connolly,R,WSH,2018-04,12.5,4,3.125
8475793,Ryan Johansen,C,NSH,2017-10,144.0,11,13.0909
8475793,Ryan Johansen,C,NSH,2017-11,255.5,14,18.25
8475793,Ryan Johansen,C,NSH,2017-12,135.5,10,13.55
8475793,Ryan Johansen,C,NSH,2018-01,116.5,10,11.65
8475793,Ryan Johansen,C,NSH,2018-02,209.5,14,14.9643
8475793,Ryan Johansen,C,NSH,2018-03,235.0,16,14.6875
8475793,Ryan Johansen,C,NSH,2018-04,47.0,4,11.75
8475794,Tyler Seguin,C,DAL,2017-10,227.0,12,18.9167
8475794,Tyler Seguin,C,DAL,2017-11,197.5,13,15.1923
8475794,Tyler Seguin,C,DAL,2017-12,285.5,15,19.0333
8475794,Tyler Seguin,C,DAL,2018-01,173.0,11,15.7273
8475794,Tyler Seguin,C,DAL,2018-02,189.0,12,15.75
8475794,Tyler Seguin,C,DAL,2018-03,221.0,16,13.8125
8475794,Tyler Seguin,C,DAL,2018-04,24.0,3,8.0
8475796,Mark Pysyk,D,FLA,2017-10,139.0,11,12.6364
8475796,Mark Pysyk,D,FLA,2017-11,128.5,13,9.8846
8475796,Mark Pysyk,D,FLA,2017-12,178.0,14,12.7143
8475796,Mark Pysyk,D,FLA,2018-01,132.5,10,13.25
8475796,Mark Pysyk,D,FLA,2018-02,145.5,12,12.125
8475796,Mark Pysyk,D,FLA,2018-03,152.5,17,8.9706
8475796,Mark Pysyk,D,FLA,2018-04,35.0,5,7.0
8475798,Mikael Granlund,C,MIN,2017-10,38.5,5,7.7
8475798,Mikael Granlund,C,MIN,2017-11,121.0,15,8.0667
8475798,Mikael Granlund,C,MIN,2017-12,150.5,14,10.75
8475798,Mikael Granlund,C,MIN,2018-01,127.0,11,11.5455
8475798,Mikael Granlund,C,MIN,2018-02,137.5,13,10.5769
8475798,Mikael Granlund,C,MIN,2018-03,151.0,15,10.0667
8475798,Mikael Granlund,C,MIN,2018-04,24.5,4,6.125
8475799,Nino Niederreiter,R,MIN,2017-10,40.5,4,10.125
8475799,Nino Niederreiter,R,MIN,2017-11,178.5,15,11.9
8475799,Nino Niederreiter,R,MIN,2017-12,88.0,10,8.8
8475799,Nino Niederreiter,R,MIN,2018-01,22.0,2,11.0
8475799,Nino Niederreiter,R,MIN,2018-02,125.5,13,9.6538
8475799,Nino Niederreiter,R,MIN,2018-03,134.0,15,8.9333
8475799,Nino Niederreiter,R,MIN,2018-04,35.5,4,8.875
8475807,Joakim Nordstrom,C,CAR,2017-10,86.0,10,8.6
8475807,Joakim Nordstrom,C,CAR,2017-11,132.0,13,10.1538
8475807,Joakim Nordstrom,C,CAR,2017-12,135.0,15,9.0
8475807,Joakim Nordstrom,C,CAR,2018-01,116.5,11,10.5909
8475807,Joakim Nordstrom,C,CAR,2018-02,176.0,13,13.5385
8475807,Joakim Nordstrom,C,CAR,2018-03,79.0,10,7.9
8475807,Joakim Nordstrom,C,CAR,2018-04,15.5,3,5.1667
8475808,Michael Chaput,C,VAN,2017-12,69.5,4,17.375
8475808,Michael Chaput,C,VAN,2018-01,68.5,5,13.7
8475809,Scott Wedgewood,G,ARI,2017-10,-2.5,0,0.0
8475809,Scott Wedgewood,G,ARI,2017-11,3.0,0,0.0
8475809,Scott Wedgewood,G,ARI,2017-12,-5.0,0,0.0
8475809,Scott Wedgewood,G,ARI,2018-02,-2.5,0,0.0
8475810,Bryan Rust,R,PIT,2017-10,178.5,13,13.7308
8475810,Bryan Rust,R,PIT,2017-11,192.0,13,14.7692
8475810,Bryan Rust,R,PIT,2017-12,137.0,12,11.4167
8475810,Bryan Rust,R,PIT,2018-01,43.0,3,14.3333
8475810,Bryan Rust,R,PIT,2018-02,126.0,12,10.5
8475810,Bryan Rust,R,PIT,2018-03,123.5,13,9.5
8475810,Bryan Rust,R,PIT,2018-04,29.0,3,9.6667
8475820,Joonas Donskoi,R,SJS,2017-10,72.0,11,6.5455
8475820,Joonas Donskoi,R,SJS,2017-11,183.5,12,15.2917
8475820,Joonas Donskoi,R,SJS,2017-12,71.5,7,10.2143
8475820,Joonas Donskoi,R,SJS,2018-01,141.0,12,11.75
8475820,Joonas Donskoi,R,SJS,2018-02,90.5,14,6.4643
8475820,Joonas Donskoi,R,SJS,2018-03,91.0,7,13.0
8475820,Joonas Donskoi,R,SJS,2018-04,43.5,3,14.5
8475831,Philipp Grubauer,G,WSH,2017-10,-2.5,0,0.0
8475831,Philipp Grubauer,G,WSH,2017-11,-2.5,0,0.0
8475831,Philipp Grubauer,G,WSH,2017-12,-2.5,0,0.0
8475831,Philipp Grubauer,G,WSH,2018-01,-5.0,0,0.0
8475831,Philipp Grubauer,G,WSH,2018-02,5.5,0,0.0
8475831,Philipp Grubauer,G,WSH,2018-03,-10.0,0,0.0
8475832,Tom Kuhnhackl,R,PIT,2017-10,165.0,13,12.6923
8475832,Tom Kuhnhackl,R,PIT,2017-11,168.0,13,12.9231
8475832,Tom Kuhnhackl,R,PIT,2017-12,93.5,9,10.3889
8475832,Tom Kuhnhackl,R,PIT,2018-01,135.0,12,11.25
8475832,Tom Kuhnhackl,R,PIT,2018-02,34.5,4,8.625
8475832,Tom Kuhnhackl,R,PIT,2018-03,103.5,15,6.9
8475832,Tom Kuhnhackl,R,PIT,2018-04,48.0,3,16.0
8475834,Marcus Sorensen,L,SJS,2017-12,116.0,11,10.5455
8475834,Marcus Sorensen,L,SJS,2018-01,48.5,7,6.9286
8475834,Marcus Sorensen,L,SJS,2018-02,21.0,3,7.0
8475834,Marcus Sorensen,L,SJS,2018-03,59.0,8,7.375
8475834,Marcus Sorensen,L,SJS,2018-04,21.5,3,7.1667
8475839,Louis Domingue,G,TBL,2017-10,3.0,0,0.0
8475839,Louis Domingue,G,TBL,2018-01,-12.5,0,0.0
8475839,Louis Domingue,G,TBL,2018-02,-2.5,0,0.0
8475839,Louis Domingue,G,TBL,2018-03,-7.5,0,0.0
8475841,Tim Heed,D,SJS,2017-10,54.0,9,6.0
8475841,Tim Heed,D,SJS,2017-11,76.0,9,8.4444
8475841,Tim Heed,D,SJS,2017-12,18.0,6,3.0
8475841,Tim Heed,D,SJS,2018-01,19.5,3,6.5
8475841,Tim Heed,D,SJS,2018-02,16.0,2,8.0
8475844,Kenny Agostino,L,BOS,2017-10,34.5,5,6.9
8475848,Brendan Gallagher,R,MTL,2017-10,155.5,12,12.9583
8475848,Brendan Gallagher,R,MTL,2017-11,246.0,15,16.4
8475848,Brendan Gallagher,R,MTL,2017-12,118.5,12,9.875
8475848,Brendan Gallagher,R,MTL,2018-01,138.0,11,12.5455
8475848,Brendan Gallagher,R,MTL,2018-02,148.5,13,11.4231
8475848,Brendan Gallagher,R,MTL,2018-03,196.0,15,13.0667
8475848,Brendan Gallagher,R,MTL,2018-04,30.0,4,7.5
8475852,Petr Mrazek,G,PHI,2017-10,-2.5,0,0.0
8475852,Petr Mrazek,G,PHI,2017-11,-2.0,0,0.0
8475852,Petr Mrazek,G,PHI,2018-01,-7.5,0,0.0
8475852,Petr Mrazek,G,PHI,2018-02,-7.0,0,0.0
8475852,Petr Mrazek,G,PHI,2018-03,5.5,0,0.0
8475852,Petr Mrazek,G,PHI,2018-04,-5.0,0,0.0
8475855,Jesper Fast,R,NYR,2017-10,118.0,8,14.75
8475855,Jesper Fast,R,NYR,2017-11,118.0,12,9.8333
8475855,Jesper Fast,R,NYR,2017-12,143.0,10,14.3
8475855,Jesper Fast,R,NYR,2018-01,171.5,12,14.2917
8475855,Jesper Fast,R,NYR,2018-02,185.5,14,13.25
8475855,Jesper Fast,R,NYR,2018-03,149.5,15,9.9667
8475857,Kevin Gravel,D,LAK,2017-12,13.0,2,6.5
8475857,Kevin Gravel,D,LAK,2018-01,67.5,9,7.5
8475857,Kevin Gravel,D,LAK,2018-02,47.5,3,15.8333
8475857,Kevin Gravel,D,LAK,2018-03,1.5,1,1.5
8475857,Kevin Gravel,D,LAK,2018-04,-0.5,1,-0.5
8475868,Anthony Bitetto,D,NSH,2017-10,65.5,5,13.1
8475868,Anthony Bitetto,D,NSH,2017-11,82.5,9,9.1667
8475868,Anthony Bitetto,D,NSH,2017-12,84.5,7,12.0714
8475868,Anthony Bitetto,D,NSH,2018-01,22.0,2,11.0
8475868,Anthony Bitetto,D,NSH,2018-02,6.0,1,6.0
8475868,Anthony Bitetto,D,NSH,2018-03,78.5,7,11.2143
8475868,Anthony Bitetto,D,NSH,2018-04,18.0,1,18.0
8475869,Brandon Davidson,D,NYI,2017-10,109.5,8,13.6875
8475869,Brandon Davidson,D,NYI,2017-11,64.5,5,12.9
8475869,Brandon Davidson,D,NYI,2017-12,145.0,9,16.1111
8475869,Brandon Davidson,D,NYI,2018-01,71.0,3,23.6667
8475869,Brandon Davidson,D,NYI,2018-02,207.5,12,17.2917
8475869,Brandon Davidson,D,NYI,2018-03,148.0,12,12.3333
8475869,Brandon Davidson,D,NYI,2018-04,60.5,2,30.25
8475878,Freddie Hamilton,C,ARI,2017-10,28.5,2,14.25
8475878,Freddie Hamilton,C,ARI,2017-11,27.5,4,6.875
8475878,Freddie Hamilton,C,ARI,2017-12,7.5,2,3.75
8475878,Freddie Hamilton,C,ARI,2018-02,20.0,2,10.0
8475878,Freddie Hamilton,C,ARI,2018-03,71.0,6,11.8333
8475883,Frederik Andersen,G,TOR,2017-10,-15.0,0,0.0
8475883,Frederik Andersen,G,TOR,2017-11,-16.5,0,0.0
8475883,Frederik Andersen,G,TOR,2017-12,-12.5,0,0.0
8475883,Frederik Andersen,G,TOR,2018-01,-17.5,0,0.0
8475883,Frederik Andersen,G,TOR,2018-02,-2.0,0,0.0
8475883,Frederik Andersen,G,TOR,2018-03,-6.0,0,0.0
8475902,Zach Trotman,D,PIT,2017-10,13.5,3,4.5
8475906,John Klingberg,D,DAL,2017-10,101.0,12,8.4167
8475906,John Klingberg,D,DAL,2017-11,115.5,13,8.8846
8475906,John Klingberg,D,DAL,2017-12,135.5,15,9.0333
8475906,John Klingberg,D,DAL,2018-01,105.5,11,9.5909
8475906,John Klingberg,D,DAL,2018-02,136.5,12,11.375
8475906,John Klingberg,D,DAL,2018-03,158.0,16,9.875
8475906,John Klingberg,D,DAL,2018-04,20.5,3,6.8333
8475907,Micheal Ferland,L,CGY,2017-10,157.5,11,14.3182
8475907,Micheal Ferland,L,CGY,2017-11,173.5,13,13.3462
8475907,Micheal Ferland,L,CGY,2017-12,149.0,14,10.6429
8475907,Micheal Ferland,L,CGY,2018-01,168.0,11,15.2727
8475907,Micheal Ferland,L,CGY,2018-02,154.0,12,12.8333
8475907,Micheal Ferland,L,CGY,2018-03,130.0,13,10.0
8475907,Micheal Ferland,L,CGY,2018-04,19.5,3,6.5
8475913,Mark Stone,R,OTT,2017-10,156.5,12,13.0417
8475913,Mark Stone,R,OTT,2017-11,166.0,11,15.0909
8475913,Mark Stone,R,OTT,2017-12,91.5,14,6.5357
8475913,Mark Stone,R,OTT,2018-01,63.0,7,9.0
8475913,Mark Stone,R,OTT,2018-02,59.5,9,6.6111
8475913,Mark Stone,R,OTT,2018-03,43.5,5,8.7
8475949,Marek Hrivik,L,CGY,2018-01,17.5,3,5.8333
8475982,Erik Burgdoerfer,D,OTT,2018-01,20.0,1,20.0
8475982,Erik Burgdoerfer,D,OTT,2018-03,9.0,1,9.0
8476020,Andrew Crescenzi,C,LAK,2017-11,27.0,2,13.5
8476166,Taylor Fedun,D,BUF,2017-10,13.5,2,6.75
8476166,Taylor Fedun,D,BUF,2017-11,30.5,5,6.1
8476177,Matt Read,R,PHI,2017-10,33.0,4,8.25
8476177,Matt Read,R,PHI,2018-03,82.5,11,7.5
8476177,Matt Read,R,PHI,2018-04,36.5,4,9.125
8476191,Kevan Miller,D,BOS,2017-10,218.0,9,24.2222
8476191,Kevan Miller,D,BOS,2017-11,195.5,13,15.0385
8476191,Kevan Miller,D,BOS,2017-12,239.5,13,18.4231
8476191,Kevan Miller,D,BOS,2018-01,160.5,8,20.0625
8476191,Kevan Miller,D,BOS,2018-02,75.5,4,18.875
8476191,Kevan Miller,D,BOS,2018-03,321.5,16,20.0938
8476191,Kevan Miller,D,BOS,2018-04,93.0,5,18.6
8476195,Cory Conacher,C,TBL,2017-11,17.5,1,17.5
8476195,Cory Conacher,C,TBL,2017-12,92.5,13,7.1154
8476195,Cory Conacher,C,TBL,2018-01,47.5,4,11.875
8476195,Cory Conacher,C,TBL,2018-02,93.5,10,9.35
8476195,Cory Conacher,C,TBL,2018-03,44.5,6,7.4167
8476195,Cory Conacher,C,TBL,2018-04,19.5,2,9.75
8476207,Brian Gibbons,C,NJD,2017-10,97.5,10,9.75
8476207,Brian Gibbons,C,NJD,2017-11,162.0,14,11.5714
8476207,Brian Gibbons,C,NJD,2017-12,128.0,14,9.1429
8476207,Brian Gibbons,C,NJD,2018-01,61.0,7,8.7143
8476207,Brian Gibbons,C,NJD,2018-03,121.0,11,11.0
8476207,Brian Gibbons,C,NJD,2018-04,15.5,3,5.1667
8476234,Keith Kinkaid,G,NJD,2017-10,-7.5,0,0.0
8476234,Keith Kinkaid,G,NJD,2017-11,-2.5,0,0.0
8476234,Keith Kinkaid,G,NJD,2018-01,-7.5,0,0.0
8476234,Keith Kinkaid,G,NJD,2018-02,1.5,0,0.0
8476234,Keith Kinkaid,G,NJD,2018-03,-3.5,0,0.0
8476283,Alex Broadhurst,C,CBJ,2018-04,1.5,2,0.75
8476285,Matthew Peca,C,TBL,2018-01,88.0,4,22.0
8476285,Matthew Peca,C,TBL,2018-02,115.0,6,19.1667
8476288,Ryan Dzingel,C,OTT,2017-10,99.0,12,8.25
8476288,Ryan Dzingel,C,OTT,2017-11,53.0,11,4.8182
8476288,Ryan Dzingel,C,OTT,2017-12,163.0,14,11.6429
8476288,Ryan Dzingel,C,OTT,2018-01,92.0,11,8.3636
8476288,Ryan Dzingel,C,OTT,2018-02,83.0,12,6.9167
8476288,Ryan Dzingel,C,OTT,2018-03,77.0,15,5.1333
8476288,Ryan Dzingel,C,OTT,2018-04,15.0,4,3.75
8476292,Ondrej Palat,L,TBL,2017-10,172.5,13,13.2692
8476292,Ondrej Palat,L,TBL,2017-11,117.5,12,9.7917
8476292,Ondrej Palat,L,TBL,2017-12,172.5,13,13.2692
8476292,Ondrej Palat,L,TBL,2018-01,95.0,8,11.875
8476292,Ondrej Palat,L,TBL,2018-03,68.0,6,11.3333
8476292,Ondrej Palat,L,TBL,2018-04,44.5,4,11.125
8476293,Scott Wilson,C,BUF,2017-10,58.0,8,7.25
8476293,Scott Wilson,C,BUF,2017-11,96.0,12,8.0
8476293,Scott Wilson,C,BUF,2017-12,63.5,8,7.9375
8476293,Scott Wilson,C,BUF,2018-01,87.0,10,8.7
8476293,Scott Wilson,C,BUF,2018-02,132.5,13,10.1923
8476293,Scott Wilson,C,BUF,2018-03,160.0,14,11.4286
8476293,Scott Wilson,C,BUF,2018-04,37.5,4,9.375
8476302,Frank Corrado,D,PIT,2017-11,32.5,3,10.8333
8476302,Frank Corrado,D,PIT,2017-12,15.0,2,7.5
8476303,Rob O'Gara,D,NYR,2017-10,19.5,1,19.5
8476303,Rob O'Gara,D,NYR,2017-11,61.0,7,8.7143
8476303,Rob O'Gara,D,NYR,2018-02,42.5,4,10.625
8476303,Rob O'Gara,D,NYR,2018-03,158.0,15,10.5333
8476303,Rob O'Gara,D,NYR,2018-04,59.0,3,19.6667
8476310,Lukas Sedlak,C,CBJ,2017-10,117.5,8,14.6875
8476310,Lukas Sedlak,C,CBJ,2017-11,32.0,4,8.0
8476310,Lukas Sedlak,C,CBJ,2017-12,221.5,15,14.7667
8476310,Lukas Sedlak,C,CBJ,2018-01,133.0,10,13.3
8476310,Lukas Sedlak,C,CBJ,2018-02,124.5,12,10.375
8476310,Lukas Sedlak,C,CBJ,2018-03,42.0,4,10.5
8476312,Josh Manson,D,ANA,2017-10,175.0,11,15.9091
8476312,Josh Manson,D,ANA,2017-11,237.5,14,16.9643
8476312,Josh Manson,D,ANA,2017-12,208.0,15,13.8667
8476312,Josh Manson,D,ANA,2018-01,126.5,11,11.5
8476312,Josh Manson,D,ANA,2018-02,186.5,13,14.3462
8476312,Josh Manson,D,ANA,2018-03,177.5,12,14.7917
8476312,Josh Manson,D,ANA,2018-04,101.5,4,25.375
8476316,Laurent Brossoit,G,EDM,2017-10,-2.5,0,0.0
8476316,Laurent Brossoit,G,EDM,2017-11,-5.0,0,0.0
8476316,Laurent Brossoit,G,EDM,2017-12,-10.0,0,0.0
8476316,Laurent Brossoit,G,EDM,2018-03,-2.5,0,0.0
8476322,Chase Balisy,C,FLA,2017-10,9.5,2,4.75
8476322,Chase Balisy,C,FLA,2017-11,35.0,6,5.8333
8476323,Max McCormick,L,OTT,2017-10,31.0,3,10.3333
8476323,Max McCormick,L,OTT,2018-02,129.5,8,16.1875
8476323,Max McCormick,L,OTT,2018-03,132.5,15,8.8333
8476323,Max McCormick,L,OTT,2018-04,27.5,4,6.875
8476326,Josh Archibald,R,ARI,2017-11,25.5,2,12.75
8476326,Josh Archibald,R,ARI,2017-12,83.0,6,13.8333
8476326,Josh Archibald,R,ARI,2018-01,52.0,6,8.6667
8476326,Josh Archibald,R,ARI,2018-02,131.0,10,13.1
8476326,Josh Archibald,R,ARI,2018-03,177.5,15,11.8333
8476326,Josh Archibald,R,ARI,2018-04,35.0,3,11.6667
8476329,Travis Boyd,C,WSH,2017-12,4.5,2,2.25
8476329,Travis Boyd,C,WSH,2018-03,25.0,5,5.0
8476329,Travis Boyd,C,WSH,2018-04,5.0,1,5.0
8476331,Dylan DeMelo,D,SJS,2017-10,32.5,2,16.25
8476331,Dylan DeMelo,D,SJS,2017-11,75.5,5,15.1
8476331,Dylan DeMelo,D,SJS,2017-12,161.0,13,12.3846
8476331,Dylan DeMelo,D,SJS,2018-01,121.0,11,11.0
8476331,Dylan DeMelo,D,SJS,2018-02,156.0,14,11.1429
8476331,Dylan DeMelo,D,SJS,2018-03,155.0,15,10.3333
8476331,Dylan DeMelo,D,SJS,2018-04,60.5,3,20.1667
8476336,Iiro Pakarinen,R,EDM,2017-10,52.5,7,7.5
8476336,Iiro Pakarinen,R,EDM,2017-11,117.5,11,10.6818
8476336,Iiro Pakarinen,R,EDM,2018-01,30.0,2,15.0
8476336,Iiro Pakarinen,R,EDM,2018-02,86.0,8,10.75
8476336,Iiro Pakarinen,R,EDM,2018-03,78.0,12,6.5
8476341,Anton Forsberg,G,CHI,2017-11,-6.5,0,0.0
8476341,Anton Forsberg,G,CHI,2017-12,-7.5,0,0.0
8476341,Anton Forsberg,G,CHI,2018-01,-10.0,0,0.0
8476341,Anton Forsberg,G,CHI,2018-02,-10.0,0,0.0
8476341,Anton Forsberg,G,CHI,2018-03,-2.5,0,0.0
8476344,Tyler Graovac,C,WSH,2017-10,17.0,3,5.6667
8476344,Tyler Graovac,C,WSH,2017-11,24.5,2,12.25
8476346,Johnny Gaudreau,L,CGY,2017-10,75.0,12,6.25
8476346,Johnny Gaudreau,L,CGY,2017-11,57.0,13,4.3846
8476346,Johnny Gaudreau,L,CGY,2017-12,85.0,14,6.0714
8476346,Johnny Gaudreau,L,CGY,2018-01,44.0,11,4.0
8476346,Johnny Gaudreau,L,CGY,2018-02,116.0,15,7.7333
8476346,Johnny Gaudreau,L,CGY,2018-03,75.5,12,6.2917
8476346,Johnny Gaudreau,L,CGY,2018-04,23.5,3,7.8333
8476356,Tobias Rieder,C,LAK,2017-10,97.5,13,7.5
8476356,Tobias Rieder,C,LAK,2017-11,135.0,15,9.0
8476356,Tobias Rieder,C,LAK,2017-12,155.5,13,11.9615
8476356,Tobias Rieder,C,LAK,2018-01,68.0,9,7.5556
8476356,Tobias Rieder,C,LAK,2018-02,141.0,12,11.75
8476356,Tobias Rieder,C,LAK,2018-03,81.5,13,6.2692
8476356,Tobias Rieder,C,LAK,2018-04,24.5,3,8.1667
8476368,Fredrik Claesson,D,OTT,2017-10,169.5,12,14.125
8476368,Fredrik Claesson,D,OTT,2017-11,158.0,10,15.8
8476368,Fredrik Claesson,D,OTT,2017-12,113.0,9,12.5556
8476368,Fredrik Claesson,D,OTT,2018-01,92.0,7,13.1429
8476368,Fredrik Claesson,D,OTT,2018-02,89.0,7,12.7143
8476368,Fredrik Claesson,D,OTT,2018-03,239.5,15,15.9667
8476368,Fredrik Claesson,D,OTT,2018-04,48.5,4,12.125
8476370,Blake Pietila,L,NJD,2018-02,19.5,2,9.75
8476372,Nick Seeler,D,MIN,2018-02,64.0,8,8.0
8476372,Nick Seeler,D,MIN,2018-03,110.0,10,11.0
8476372,Nick Seeler,D,MIN,2018-04,61.0,4,15.25
8476374,Sean Kuraly,C,BOS,2017-10,130.0,10,13.0
8476374,Sean Kuraly,C,BOS,2017-11,201.0,13,15.4615
8476374,Sean Kuraly,C,BOS,2017-12,179.0,14,12.7857
8476374,Sean Kuraly,C,BOS,2018-01,185.0,11,16.8182
8476374,Sean Kuraly,C,BOS,2018-02,186.0,13,14.3077
8476374,Sean Kuraly,C,BOS,2018-03,174.5,14,12.4643
8476381,Andrew Shaw,C,MTL,2017-10,184.5,12,15.375
8476381,Andrew Shaw,C,MTL,2017-11,161.0,15,10.7333
8476381,Andrew Shaw,C,MTL,2017-12,136.5,12,11.375
8476381,Andrew Shaw,C,MTL,2018-01,81.5,4,20.375
8476381,Andrew Shaw,C,MTL,2018-02,10.5,1,10.5
8476381,Andrew Shaw,C,MTL,2018-03,94.0,7,13.4286
8476386,Shane Prince,C,NYI,2017-12,23.5,4,5.875
8476386,Shane Prince,C,NYI,2018-01,62.5,8,7.8125
8476386,Shane Prince,C,NYI,2018-04,3.5,2,1.75
8476389,Vincent Trocheck,C,FLA,2017-10,235.5,11,21.4091
8476389,Vincent Trocheck,C,FLA,2017-11,231.0,13,17.7692
8476389,Vincent Trocheck,C,FLA,2017-12,377.0,14,26.9286
8476389,Vincent Trocheck,C,FLA,2018-01,223.5,10,22.35
8476389,Vincent Trocheck,C,FLA,2018-02,240.5,12,20.0417
8476389,Vincent Trocheck,C,FLA,2018-03,387.0,17,22.7647
8476389,Vincent Trocheck,C,FLA,2018-04,123.5,5,24.7
8476392,Adam Lowry,L,WPG,2017-10,79.0,4,19.75
8476392,Adam Lowry,L,WPG,2017-11,258.0,12,21.5
8476392,Adam Lowry,L,WPG,2017-12,344.0,15,22.9333
8476392,Adam Lowry,L,WPG,2018-01,80.5,3,26.8333
8476392,Adam Lowry,L,WPG,2018-02,28.0,1,28.0
8476392,Adam Lowry,L,WPG,2018-03,140.0,7,20.0
8476392,Adam Lowry,L,WPG,2018-04,61.0,3,20.3333
8476393,Nick Cousins,C,ARI,2017-10,168.0,11,15.2727
8476393,Nick Cousins,C,ARI,2017-11,133.0,12,11.0833
8476393,Nick Cousins,C,ARI,2017-12,77.5,8,9.6875
8476393,Nick Cousins,C,ARI,2018-01,110.5,8,13.8125
8476393,Nick Cousins,C,ARI,2018-02,186.0,12,15.5
8476393,Nick Cousins,C,ARI,2018-03,226.0,17,13.2941
8476393,Nick Cousins,C,ARI,2018-04,55.0,3,18.3333
8476396,Steven Fogarty,C,NYR,2018-04,7.5,1,7.5
8476397,Keegan Lowe,D,EDM,2018-04,12.5,2,6.25
8476399,Blake Coleman,C,NJD,2017-10,265.5,10,26.55
8476399,Blake Coleman,C,NJD,2017-11,229.0,14,16.3571
8476399,Blake Coleman,C,NJD,2017-12,247.0,14,17.6429
8476399,Blake Coleman,C,NJD,2018-01,117.5,8,14.6875
8476399,Blake Coleman,C,NJD,2018-02,262.5,14,18.75
8476399,Blake Coleman,C,NJD,2018-03,382.5,15,25.5
8476399,Blake Coleman,C,NJD,2018-04,50.0,4,12.5
8476400,Logan Shaw,R,MTL,2017-10,75.0,11,6.8182
8476400,Logan Shaw,R,MTL,2017-11,104.0,13,8.0
8476400,Logan Shaw,R,MTL,2017-12,93.5,15,6.2333
8476400,Logan Shaw,R,MTL,2018-01,83.0,8,10.375
8476400,Logan Shaw,R,MTL,2018-02,118.5,9,13.1667
8476400,Logan Shaw,R,MTL,2018-03,182.5,12,15.2083
8476400,Logan Shaw,R,MTL,2018-04,58.5,4,14.625
8476401,Daniel Catenacci,C,NYR,2018-01,9.0,1,9.0
8476403,Klas Dahlbeck,D,CAR,2017-10,20.5,2,10.25
8476403,Klas Dahlbeck,D,CAR,2017-11,27.5,2,13.75
8476403,Klas Dahlbeck,D,CAR,2017-12,87.0,7,12.4286
8476403,Klas Dahlbeck,D,CAR,2018-01,94.5,6,15.75
8476403,Klas Dahlbeck,D,CAR,2018-02,26.5,3,8.8333
8476403,Klas Dahlbeck,D,CAR,2018-03,133.0,10,13.3
8476403,Klas Dahlbeck,D,CAR,2018-04,54.0,3,18.0
8476404,Andy Andreoff,C,LAK,2017-10,108.5,10,10.85
8476404,Andy Andreoff,C,LAK,2017-11,126.5,12,10.5417
8476404,Andy Andreoff,C,LAK,2017-12,48.5,3,16.1667
8476404,Andy Andreoff,C,LAK,2018-01,47.0,6,7.8333
8476404,Andy Andreoff,C,LAK,2018-02,116.5,11,10.5909
8476404,Andy Andreoff,C,LAK,2018-03,12.0,2,6.0
8476404,Andy Andreoff,C,LAK,2018-04,6.0,1,6.0
8476406,Nicholas Shore,C,CGY,2017-10,136.5,9,15.1667
8476406,Nicholas Shore,C,CGY,2017-11,156.5,14,11.1786
8476406,Nicholas Shore,C,CGY,2017-12,119.5,13,9.1923
8476406,Nicholas Shore,C,CGY,2018-01,99.0,9,11.0
8476406,Nicholas Shore,C,CGY,2018-02,85.0,10,8.5
8476406,Nicholas Shore,C,CGY,2018-03,55.5,6,9.25
8476406,Nicholas Shore,C,CGY,2018-04,39.5,3,13.1667
8476407,Andy Welinski,D,ANA,2017-12,18.0,4,4.5
8476407,Andy Welinski,D,ANA,2018-04,24.0,3,8.0
8476409,Alan Quine,C,NYI,2017-11,54.5,6,9.0833
8476409,Alan Quine,C,NYI,2017-12,55.5,5,11.1
8476409,Alan Quine,C,NYI,2018-01,67.0,9,7.4444
8476409,Alan Quine,C,NYI,2018-02,8.0,1,8.0
8476410,Josh Leivo,L,TOR,2017-10,0.0,1,0.0
8476410,Josh Leivo,L,TOR,2017-11,32.0,5,6.4
8476410,Josh Leivo,L,TOR,2017-12,37.5,6,6.25
8476410,Josh Leivo,L,TOR,2018-02,16.5,2,8.25
8476410,Josh Leivo,L,TOR,2018-03,13.0,2,6.5
8476415,Kyle Rau,C,MIN,2018-01,29.0,3,9.6667
8476419,Jean-Gabriel Pageau,C,OTT,2017-10,225.5,12,18.7917
8476419,Jean-Gabriel Pageau,C,OTT,2017-11,198.0,11,18.0
8476419,Jean-Gabriel Pageau,C,OTT,2017-12,291.0,14,20.7857
8476419,Jean-Gabriel Pageau,C,OTT,2018-01,98.0,7,14.0
8476419,Jean-Gabriel Pageau,C,OTT,2018-02,240.0,14,17.1429
8476419,Jean-Gabriel Pageau,C,OTT,2018-03,289.0,16,18.0625
8476419,Jean-Gabriel Pageau,C,OTT,2018-04,87.5,4,21.875
8476422,Mike Reilly,D,MTL,2017-10,34.5,8,4.3125
8476422,Mike Reilly,D,MTL,2017-11,64.0,10,6.4
8476422,Mike Reilly,D,MTL,2017-12,49.0,11,4.4545
8476422,Mike Reilly,D,MTL,2018-01,9.0,2,4.5
8476422,Mike Reilly,D,MTL,2018-02,42.5,8,5.3125
8476422,Mike Reilly,D,MTL,2018-03,93.0,14,6.6429
8476422,Mike Reilly,D,MTL,2018-04,29.0,4,7.25
8476423,Reid Boucher,C,VAN,2017-12,16.0,2,8.0
8476423,Reid Boucher,C,VAN,2018-01,6.0,1,6.0
8476423,Reid Boucher,C,VAN,2018-02,41.5,5,8.3
8476423,Reid Boucher,C,VAN,2018-03,79.0,12,6.5833
8476427,Ty Rattie,R,EDM,2018-02,9.0,2,4.5
8476427,Ty Rattie,R,EDM,2018-03,79.0,9,8.7778
8476427,Ty Rattie,R,EDM,2018-04,10.5,3,3.5
8476428,Rocco Grimaldi,C,COL,2017-10,24.0,1,24.0
8476428,Rocco Grimaldi,C,COL,2017-11,30.0,4,7.5
8476428,Rocco Grimaldi,C,COL,2017-12,7.0,1,7.0
8476429,Scott Mayfield,D,NYI,2017-10,111.0,8,13.875
8476429,Scott Mayfield,D,NYI,2017-11,74.0,8,9.25
8476429,Scott Mayfield,D,NYI,2017-12,192.5,12,16.0417
8476429,Scott Mayfield,D,NYI,2018-01,163.0,13,12.5385
8476429,Scott Mayfield,D,NYI,2018-02,3.5,2,1.75
8476429,Scott Mayfield,D,NYI,2018-03,26.0,2,13.0
8476429,Scott Mayfield,D,NYI,2018-04,35.0,2,17.5
8476430,Tomas Jurco,R,CHI,2018-01,34.5,4,8.625
8476430,Tomas Jurco,R,CHI,2018-02,40.5,8,5.0625
8476430,Tomas Jurco,R,CHI,2018-03,155.0,16,9.6875
8476430,Tomas Jurco,R,CHI,2018-04,9.5,1,9.5
8476431,Adam Clendening,D,ARI,2017-10,37.0,5,7.4
8476432,Boone Jenner,C,CBJ,2017-10,92.0,5,18.4
8476432,Boone Jenner,C,CBJ,2017-11,252.5,13,19.4231
8476432,Boone Jenner,C,CBJ,2017-12,323.0,15,21.5333
8476432,Boone Jenner,C,CBJ,2018-01,255.0,10,25.5
8476432,Boone Jenner,C,CBJ,2018-02,228.5,13,17.5769
8476432,Boone Jenner,C,CBJ,2018-03,249.0,16,15.5625
8476432,Boone Jenner,C,CBJ,2018-04,73.0,3,24.3333
8476434,John Gibson,G,ANA,2017-10,-12.0,0,0.0
8476434,John Gibson,G,ANA,2017-11,-10.0,0,0.0
8476434,John Gibson,G,ANA,2017-12,-2.0,0,0.0
8476434,John Gibson,G,ANA,2018-01,0.5,0,0.0
8476434,John Gibson,G,ANA,2018-02,-5.0,0,0.0
8476434,John Gibson,G,ANA,2018-03,-15.0,0,0.0
8476436,Dmitrij Jaskin,R,STL,2017-10,132.5,10,13.25
8476436,Dmitrij Jaskin,R,STL,2017-11,183.5,12,15.2917
8476436,Dmitrij Jaskin,R,STL,2017-12,217.0,15,14.4667
8476436,Dmitrij Jaskin,R,STL,2018-01,116.0,9,12.8889
8476436,Dmitrij Jaskin,R,STL,2018-02,184.0,13,14.1538
8476436,Dmitrij Jaskin,R,STL,2018-03,205.0,13,15.7692
8476436,Dmitrij Jaskin,R,STL,2018-04,63.5,4,15.875
8476437,Victor Rask,C,CAR,2017-10,66.5,10,6.65
8476437,Victor Rask,C,CAR,2017-11,84.0,11,7.6364
8476437,Victor Rask,C,CAR,2017-12,147.5,15,9.8333
8476437,Victor Rask,C,CAR,2018-01,134.5,12,11.2083
8476437,Victor Rask,C,CAR,2018-02,187.0,13,14.3846
8476437,Victor Rask,C,CAR,2018-03,91.5,10,9.15
8476438,Brandon Saad,L,CHI,2017-10,131.5,12,10.9583
8476438,Brandon Saad,L,CHI,2017-11,81.5,13,6.2692
8476438,Brandon Saad,L,CHI,2017-12,96.0,13,7.3846
8476438,Brandon Saad,L,CHI,2018-01,75.0,12,6.25
8476438,Brandon Saad,L,CHI,2018-02,66.0,13,5.0769
8476438,Brandon Saad,L,CHI,2018-03,120.0,16,7.5
8476438,Brandon Saad,L,CHI,2018-04,13.5,3,4.5
8476439,Brett Ritchie,R,DAL,2017-10,143.0,12,11.9167
8476439,Brett Ritchie,R,DAL,2017-11,71.0,8,8.875
8476439,Brett Ritchie,R,DAL,2017-12,102.0,11,9.2727
8476439,Brett Ritchie,R,DAL,2018-01,125.0,11,11.3636
8476439,Brett Ritchie,R,DAL,2018-02,104.0,12,8.6667
8476439,Brett Ritchie,R,DAL,2018-03,166.5,14,11.8929
8476439,Brett Ritchie,R,DAL,2018-04,23.5,3,7.8333
8476440,Markus Granlund,C,VAN,2017-10,98.5,11,8.9545
8476440,Markus Granlund,C,VAN,2017-11,99.0,14,7.0714
8476440,Markus Granlund,C,VAN,2017-12,111.0,13,8.5385
8476440,Markus Granlund,C,VAN,2018-01,97.0,11,8.8182
8476440,Markus Granlund,C,VAN,2018-02,18.5,4,4.625
8476441,Joel Edmundson,D,STL,2017-10,241.0,13,18.5385
8476441,Joel Edmundson,D,STL,2017-11,221.5,12,18.4583
8476441,Joel Edmundson,D,STL,2017-12,227.0,16,14.1875
8476441,Joel Edmundson,D,STL,2018-01,152.5,11,13.8636
8476441,Joel Edmundson,D,STL,2018-02,56.5,4,14.125
8476441,Joel Edmundson,D,STL,2018-03,142.0,9,15.7778
8476441,Joel Edmundson,D,STL,2018-04,52.5,4,13.125
8476442,Matt Nieto,L,COL,2017-10,42.5,6,7.0833
8476442,Matt Nieto,L,COL,2017-11,89.0,10,8.9
8476442,Matt Nieto,L,COL,2017-12,107.0,15,7.1333
8476442,Matt Nieto,L,COL,2018-01,79.5,10,7.95
8476442,Matt Nieto,L,COL,2018-02,49.5,14,3.5357
8476442,Matt Nieto,L,COL,2018-03,121.0,15,8.0667
8476442,Matt Nieto,L,COL,2018-04,26.5,4,6.625
8476443,Xavier Ouellet,D,DET,2017-10,112.0,13,8.6154
8476443,Xavier Ouellet,D,DET,2017-11,80.5,13,6.1923
8476443,Xavier Ouellet,D,DET,2017-12,2.5,3,0.8333
8476443,Xavier Ouellet,D,DET,2018-01,57.5,6,9.5833
8476443,Xavier Ouellet,D,DET,2018-02,33.5,5,6.7
8476443,Xavier Ouellet,D,DET,2018-03,25.5,3,8.5
8476443,Xavier Ouellet,D,DET,2018-04,17.0,2,8.5
8476444,Christopher Gibson,G,NYI,2018-03,-12.5,0,0.0
8476447,Miikka Salomaki,R,NSH,2017-10,96.5,8,12.0625
8476447,Miikka Salomaki,R,NSH,2017-11,152.5,12,12.7083
8476447,Miikka Salomaki,R,NSH,2017-12,26.0,3,8.6667
8476447,Miikka Salomaki,R,NSH,2018-01,127.0,10,12.7
8476447,Miikka Salomaki,R,NSH,2018-02,134.5,13,10.3462
8476447,Miikka Salomaki,R,NSH,2018-03,86.0,9,9.5556
8476447,Miikka Salomaki,R,NSH,2018-04,42.5,3,14.1667
8476448,William Karlsson,C,VGK,2017-10,148.5,11,13.5
8476448,William Karlsson,C,VGK,2017-11,196.5,13,15.1154
8476448,William Karlsson,C,VGK,2017-12,168.5,13,12.9615
8476448,William Karlsson,C,VGK,2018-01,154.0,12,12.8333
8476448,William Karlsson,C,VGK,2018-02,176.0,14,12.5714
8476448,William Karlsson,C,VGK,2018-03,234.5,16,14.6562
8476448,William Karlsson,C,VGK,2018-04,41.5,3,13.8333
8476449,Scott Harrington,D,CBJ,2017-10,12.0,2,6.0
8476449,Scott Harrington,D,CBJ,2017-11,8.5,1,8.5
8476449,Scott Harrington,D,CBJ,2017-12,170.0,15,11.3333
8476449,Scott Harrington,D,CBJ,2018-01,96.5,8,12.0625
8476449,Scott Harrington,D,CBJ,2018-02,51.0,5,10.2
8476449,Scott Harrington,D,CBJ,2018-04,19.5,1,19.5
8476450,Ryan Sproul,D,NYR,2018-02,35.5,4,8.875
8476450,Ryan Sproul,D,NYR,2018-03,50.0,9,5.5556
8476450,Ryan Sproul,D,NYR,2018-04,7.5,3,2.5
8476453,Nikita Kucherov,R,TBL,2017-10,107.5,13,8.2692
8476453,Nikita Kucherov,R,TBL,2017-11,111.5,12,9.2917
8476453,Nikita Kucherov,R,TBL,2017-12,112.0,13,8.6154
8476453,Nikita Kucherov,R,TBL,2018-01,89.5,12,7.4583
8476453,Nikita Kucherov,R,TBL,2018-02,99.0,13,7.6154
8476453,Nikita Kucherov,R,TBL,2018-03,78.5,13,6.0385
8476453,Nikita Kucherov,R,TBL,2018-04,33.5,4,8.375
8476454,Ryan Nugent-Hopkins,C,EDM,2017-10,128.0,10,12.8
8476454,Ryan Nugent-Hopkins,C,EDM,2017-11,222.0,16,13.875
8476454,Ryan Nugent-Hopkins,C,EDM,2017-12,202.5,13,15.5769
8476454,Ryan Nugent-Hopkins,C,EDM,2018-01,105.5,7,15.0714
8476454,Ryan Nugent-Hopkins,C,EDM,2018-03,152.5,14,10.8929
8476454,Ryan Nugent-Hopkins,C,EDM,2018-04,8.5,2,4.25
8476455,Gabriel Landeskog,L,COL,2017-10,220.0,11,20.0
8476455,Gabriel Landeskog,L,COL,2017-11,169.0,11,15.3636
8476455,Gabriel Landeskog,L,COL,2017-12,152.5,12,12.7083
8476455,Gabriel Landeskog,L,COL,2018-01,111.5,11,10.1364
8476455,Gabriel Landeskog,L,COL,2018-02,213.5,14,15.25
8476455,Gabriel Landeskog,L,COL,2018-03,252.5,15,16.8333
8476455,Gabriel Landeskog,L,COL,2018-04,98.0,4,24.5
8476456,Jonathan Huberdeau,C,FLA,2017-10,111.5,11,10.1364
8476456,Jonathan Huberdeau,C,FLA,2017-11,90.0,13,6.9231
8476456,Jonathan Huberdeau,C,FLA,2017-12,127.0,14,9.0714
8476456,Jonathan Huberdeau,C,FLA,2018-01,66.5,10,6.65
8476456,Jonathan Huberdeau,C,FLA,2018-02,93.5,12,7.7917
8476456,Jonathan Huberdeau,C,FLA,2018-03,153.0,17,9.0
8476456,Jonathan Huberdeau,C,FLA,2018-04,75.0,5,15.0
8476457,Adam Larsson,D,EDM,2017-10,253.0,10,25.3
8476457,Adam Larsson,D,EDM,2017-11,292.5,15,19.5
8476457,Adam Larsson,D,EDM,2017-12,156.0,6,26.0
8476457,Adam Larsson,D,EDM,2018-01,164.5,9,18.2778
8476457,Adam Larsson,D,EDM,2018-02,176.0,7,25.1429
8476457,Adam Larsson,D,EDM,2018-03,310.5,13,23.8846
8476457,Adam Larsson,D,EDM,2018-04,34.0,3,11.3333
8476458,Ryan Strome,C,EDM,2017-10,61.5,10,6.15
8476458,Ryan Strome,C,EDM,2017-11,135.5,16,8.4688
8476458,Ryan Strome,C,EDM,2017-12,72.5,13,5.5769
8476458,Ryan Strome,C,EDM,2018-01,62.5,10,6.25
8476458,Ryan Strome,C,EDM,2018-02,95.5,14,6.8214
8476458,Ryan Strome,C,EDM,2018-03,153.0,16,9.5625
8476458,Ryan Strome,C,EDM,2018-04,15.0,3,5.0
8476459,Mika Zibanejad,C,NYR,2017-10,214.5,13,16.5
8476459,Mika Zibanejad,C,NYR,2017-11,142.0,11,12.9091
8476459,Mika Zibanejad,C,NYR,2017-12,76.5,5,15.3
8476459,Mika Zibanejad,C,NYR,2018-01,211.5,12,17.625
8476459,Mika Zibanejad,C,NYR,2018-02,237.0,14,16.9286
8476459,Mika Zibanejad,C,NYR,2018-03,356.5,14,25.4643
8476459,Mika Zibanejad,C,NYR,2018-04,57.5,3,19.1667
8476460,Mark Scheifele,C,WPG,2017-10,242.0,11,22.0
8476460,Mark Scheifele,C,WPG,2017-11,174.5,14,12.4643
8476460,Mark Scheifele,C,WPG,2017-12,177.5,13,13.6538
8476460,Mark Scheifele,C,WPG,2018-02,130.0,9,14.4444
8476460,Mark Scheifele,C,WPG,2018-03,174.0,10,17.4
8476460,Mark Scheifele,C,WPG,2018-04,23.5,3,7.8333
8476461,Sean Couturier,C,PHI,2017-10,253.0,12,21.0833
8476461,Sean Couturier,C,PHI,2017-11,234.0,13,18.0
8476461,Sean Couturier,C,PHI,2017-12,236.0,13,18.1538
8476461,Sean Couturier,C,PHI,2018-01,239.0,12,19.9167
8476461,Sean Couturier,C,PHI,2018-02,122.5,13,9.4231
8476461,Sean Couturier,C,PHI,2018-03,225.0,15,15.0
8476461,Sean Couturier,C,PHI,2018-04,37.5,4,9.375
8476462,Dougie Hamilton,D,CGY,2017-10,64.5,12,5.375
8476462,Dougie Hamilton,D,CGY,2017-11,95.5,13,7.3462
8476462,Dougie Hamilton,D,CGY,2017-12,119.5,14,8.5357
8476462,Dougie Hamilton,D,CGY,2018-01,87.0,11,7.9091
8476462,Dougie Hamilton,D,CGY,2018-02,142.5,15,9.5
8476462,Dougie Hamilton,D,CGY,2018-03,123.0,14,8.7857
8476462,Dougie Hamilton,D,CGY,2018-04,10.0,3,3.3333
8476463,Jonas Brodin,D,MIN,2017-10,105.0,10,10.5
8476463,Jonas Brodin,D,MIN,2017-11,190.0,15,12.6667
8476463,Jonas Brodin,D,MIN,2017-12,153.0,14,10.9286
8476463,Jonas Brodin,D,MIN,2018-01,110.0,11,10.0
8476463,Jonas Brodin,D,MIN,2018-02,34.5,4,8.625
8476463,Jonas Brodin,D,MIN,2018-03,150.5,15,10.0333
8476463,Jonas Brodin,D,MIN,2018-04,38.5,4,9.625
8476464,Duncan Siemens,D,COL,2017-12,3.5,1,3.5
8476464,Duncan Siemens,D,COL,2018-02,115.5,5,23.1
8476464,Duncan Siemens,D,COL,2018-03,78.0,10,7.8
8476465,Ryan Murphy,D,MIN,2017-11,10.5,2,5.25
8476465,Ryan Murphy,D,MIN,2017-12,40.0,7,5.7143
8476465,Ryan Murphy,D,MIN,2018-03,41.0,8,5.125
8476465,Ryan Murphy,D,MIN,2018-04,17.0,4,4.25
8476466,Sven Baertschi,L,VAN,2017-10,116.0,11,10.5455
8476466,Sven Baertschi,L,VAN,2017-11,122.5,15,8.1667
8476466,Sven Baertschi,L,VAN,2017-12,31.5,4,7.875
8476466,Sven Baertschi,L,VAN,2018-01,47.0,9,5.2222
8476466,Sven Baertschi,L,VAN,2018-02,80.5,13,6.1923
8476466,Sven Baertschi,L,VAN,2018-03,1.5,1,1.5
8476467,Jamie Oleksiak,D,PIT,2017-10,55.0,8,6.875
8476467,Jamie Oleksiak,D,PIT,2017-11,130.5,9,14.5
8476467,Jamie Oleksiak,D,PIT,2017-12,124.5,9,13.8333
8476467,Jamie Oleksiak,D,PIT,2018-01,202.5,12,16.875
8476467,Jamie Oleksiak,D,PIT,2018-02,210.0,12,17.5
8476467,Jamie Oleksiak,D,PIT,2018-03,245.5,15,16.3667
8476467,Jamie Oleksiak,D,PIT,2018-04,45.5,3,15.1667
8476468,J.T. Miller,C,TBL,2017-10,152.0,13,11.6923
8476468,J.T. Miller,C,TBL,2017-11,161.0,12,13.4167
8476468,J.T. Miller,C,TBL,2017-12,163.5,13,12.5769
8476468,J.T. Miller,C,TBL,2018-01,143.5,12,11.9583
8476468,J.T. Miller,C,TBL,2018-02,153.0,14,10.9286
8476468,J.T. Miller,C,TBL,2018-03,238.0,14,17.0
8476468,J.T. Miller,C,TBL,2018-04,40.5,4,10.125
8476469,Joel Armia,R,WPG,2017-10,70.5,8,8.8125
8476469,Joel Armia,R,WPG,2017-11,108.0,14,7.7143
8476469,Joel Armia,R,WPG,2017-12,80.0,15,5.3333
8476469,Joel Armia,R,WPG,2018-01,90.5,11,8.2273
8476469,Joel Armia,R,WPG,2018-02,107.5,12,8.9583
8476469,Joel Armia,R,WPG,2018-03,148.5,15,9.9
8476469,Joel Armia,R,WPG,2018-04,64.5,4,16.125
8476470,Nathan Beaulieu,D,BUF,2017-10,82.0,8,10.25
8476470,Nathan Beaulieu,D,BUF,2017-11,84.5,10,8.45
8476470,Nathan Beaulieu,D,BUF,2017-12,54.0,8,6.75
8476470,Nathan Beaulieu,D,BUF,2018-01,49.0,7,7.0
8476470,Nathan Beaulieu,D,BUF,2018-02,112.0,13,8.6154
8476470,Nathan Beaulieu,D,BUF,2018-03,100.5,10,10.05
8476470,Nathan Beaulieu,D,BUF,2018-04,15.0,3,5.0
8476472,Oscar Klefbom,D,EDM,2017-10,127.0,10,12.7
8476472,Oscar Klefbom,D,EDM,2017-11,179.5,15,11.9667
8476472,Oscar Klefbom,D,EDM,2017-12,109.5,10,10.95
8476472,Oscar Klefbom,D,EDM,2018-01,165.5,10,16.55
8476472,Oscar Klefbom,D,EDM,2018-02,138.0,14,9.8571
8476472,Oscar Klefbom,D,EDM,2018-03,108.0,7,15.4286
8476473,Connor Murphy,D,CHI,2017-10,124.5,9,13.8333
8476473,Connor Murphy,D,CHI,2017-11,178.0,13,13.6923
8476473,Connor Murphy,D,CHI,2017-12,178.0,13,13.6923
8476473,Connor Murphy,D,CHI,2018-01,121.0,10,12.1
8476473,Connor Murphy,D,CHI,2018-02,146.5,12,12.2083
8476473,Connor Murphy,D,CHI,2018-03,282.5,16,17.6562
8476473,Connor Murphy,D,CHI,2018-04,47.0,3,15.6667
8476474,Stefan Noesen,R,NJD,2017-10,50.0,7,7.1429
8476474,Stefan Noesen,R,NJD,2017-11,144.0,10,14.4
8476474,Stefan Noesen,R,NJD,2017-12,122.5,14,8.75
8476474,Stefan Noesen,R,NJD,2018-01,65.5,9,7.2778
8476474,Stefan Noesen,R,NJD,2018-02,183.0,14,13.0714
8476474,Stefan Noesen,R,NJD,2018-03,189.0,14,13.5
8476474,Stefan Noesen,R,NJD,2018-04,32.0,4,8.0
8476476,Joe Morrow,D,WPG,2017-10,34.5,3,11.5
8476476,Joe Morrow,D,WPG,2017-11,123.0,13,9.4615
8476476,Joe Morrow,D,WPG,2017-12,68.5,7,9.7857
8476476,Joe Morrow,D,WPG,2018-01,47.5,4,11.875
8476476,Joe Morrow,D,WPG,2018-02,159.5,12,13.2917
8476476,Joe Morrow,D,WPG,2018-03,86.0,13,6.6154
8476476,Joe Morrow,D,WPG,2018-04,18.0,4,4.5
8476479,Phillip Danault,L,MTL,2017-10,233.0,12,19.4167
8476479,Phillip Danault,L,MTL,2017-11,271.5,15,18.1
8476479,Phillip Danault,L,MTL,2017-12,232.0,12,19.3333
8476479,Phillip Danault,L,MTL,2018-01,54.0,4,13.5
8476479,Phillip Danault,L,MTL,2018-02,96.5,5,19.3
8476479,Phillip Danault,L,MTL,2018-03,63.5,4,15.875
8476480,Vladislav Namestnikov,C,NYR,2017-10,203.5,13,15.6538
8476480,Vladislav Namestnikov,C,NYR,2017-11,163.5,12,13.625
8476480,Vladislav Namestnikov,C,NYR,2017-12,118.5,13,9.1154
8476480,Vladislav Namestnikov,C,NYR,2018-01,152.5,12,12.7083
8476480,Vladislav Namestnikov,C,NYR,2018-02,165.0,13,12.6923
8476480,Vladislav Namestnikov,C,NYR,2018-03,141.5,15,9.4333
8476480,Vladislav Namestnikov,C,NYR,2018-04,35.5,3,11.8333
8476483,Rickard Rakell,R,ANA,2017-10,143.5,11,13.0455
8476483,Rickard Rakell,R,ANA,2017-11,96.0,11,8.7273
8476483,Rickard Rakell,R,ANA,2017-12,153.0,13,11.7692
8476483,Rickard Rakell,R,ANA,2018-01,147.0,11,13.3636
8476483,Rickard Rakell,R,ANA,2018-02,154.0,13,11.8462
8476483,Rickard Rakell,R,ANA,2018-03,165.0,14,11.7857
8476483,Rickard Rakell,R,ANA,2018-04,40.5,4,10.125
8476495,Seth Griffith,C,BUF,2017-10,32.0,10,3.2
8476495,Seth Griffith,C,BUF,2017-11,34.0,8,4.25
8476495,Seth Griffith,C,BUF,2018-02,8.0,1,8.0
8476495,Seth Griffith,C,BUF,2018-03,4.5,2,2.25
8476509,Maxime Lagace,G,VGK,2017-10,3.0,0,0.0
8476509,Maxime Lagace,G,VGK,2017-11,-9.5,0,0.0
8476509,Maxime Lagace,G,VGK,2018-02,-2.5,0,0.0
8476525,Colin Miller,D,VGK,2017-10,113.5,11,10.3182
8476525,Colin Miller,D,VGK,2017-11,143.5,13,11.0385
8476525,Colin Miller,D,VGK,2017-12,153.5,13,11.8077
8476525,Colin Miller,D,VGK,2018-01,179.0,12,14.9167
8476525,Colin Miller,D,VGK,2018-02,172.5,14,12.3214
8476525,Colin Miller,D,VGK,2018-03,227.5,16,14.2188
8476525,Colin Miller,D,VGK,2018-04,13.0,3,4.3333
8476539,Jonathan Marchessault,C,VGK,2017-10,79.5,8,9.9375
8476539,Jonathan Marchessault,C,VGK,2017-11,169.0,13,13.0
8476539,Jonathan Marchessault,C,VGK,2017-12,141.5,13,10.8846
8476539,Jonathan Marchessault,C,VGK,2018-01,96.5,12,8.0417
8476539,Jonathan Marchessault,C,VGK,2018-02,137.0,14,9.7857
8476539,Jonathan Marchessault,C,VGK,2018-03,245.0,16,15.3125
8476539,Jonathan Marchessault,C,VGK,2018-04,10.5,1,10.5
8476617,Tomas Hyka,R,VGK,2018-02,45.0,4,11.25
8476617,Tomas Hyka,R,VGK,2018-03,23.0,6,3.8333
8476619,Zack Mitchell,R,MIN,2017-10,33.5,5,6.7
8476619,Zack Mitchell,R,MIN,2017-11,51.0,5,10.2
8476619,Zack Mitchell,R,MIN,2017-12,112.5,11,10.2273
8476619,Zack Mitchell,R,MIN,2018-03,12.0,2,6.0
8476624,Barclay Goodrow,C,SJS,2017-10,8.0,1,8.0
8476624,Barclay Goodrow,C,SJS,2017-11,84.0,5,16.8
8476624,Barclay Goodrow,C,SJS,2017-12,30.5,3,10.1667
8476624,Barclay Goodrow,C,SJS,2018-01,151.0,12,12.5833
8476624,Barclay Goodrow,C,SJS,2018-02,163.5,14,11.6786
8476624,Barclay Goodrow,C,SJS,2018-03,177.5,12,14.7917
8476779,Brad Hunt,D,VGK,2017-10,32.0,6,5.3333
8476779,Brad Hunt,D,VGK,2017-11,87.5,10,8.75
8476779,Brad Hunt,D,VGK,2017-12,4.0,1,4.0
8476779,Brad Hunt,D,VGK,2018-01,60.0,9,6.6667
8476779,Brad Hunt,D,VGK,2018-02,36.0,9,4.0
8476779,Brad Hunt,D,VGK,2018-03,73.5,8,9.1875
8476779,Brad Hunt,D,VGK,2018-04,11.0,2,5.5
8476792,Torey Krug,D,BOS,2017-10,56.0,9,6.2222
8476792,Torey Krug,D,BOS,2017-11,80.0,10,8.0
8476792,Torey Krug,D,BOS,2017-12,127.5,14,9.1071
8476792,Torey Krug,D,BOS,2018-01,112.5,11,10.2273
8476792,Torey Krug,D,BOS,2018-02,163.5,13,12.5769
8476792,Torey Krug,D,BOS,2018-03,162.0,14,11.5714
8476792,Torey Krug,D,BOS,2018-04,55.5,5,11.1
8476806,JT Brown,R,ANA,2017-10,68.5,5,13.7
8476806,JT Brown,R,ANA,2017-11,117.5,9,13.0556
8476806,JT Brown,R,ANA,2017-12,64.5,7,9.2143
8476806,JT Brown,R,ANA,2018-01,91.5,10,9.15
8476806,JT Brown,R,ANA,2018-02,69.5,11,6.3182
8476806,JT Brown,R,ANA,2018-03,15.0,2,7.5
8476806,JT Brown,R,ANA,2018-04,1.5,3,0.5
8476807,Matt Tennyson,D,BUF,2017-10,105.5,12,8.7917
8476807,Matt Tennyson,D,BUF,2017-11,21.0,2,10.5
8476807,Matt Tennyson,D,BUF,2018-04,2.0,1,2.0
8476822,Luke Glendening,C,DET,2017-10,249.0,13,19.1538
8476822,Luke Glendening,C,DET,2017-11,314.5,13,24.1923
8476822,Luke Glendening,C,DET,2017-12,210.0,8,26.25
8476822,Luke Glendening,C,DET,2018-01,49.0,3,16.3333
8476822,Luke Glendening,C,DET,2018-02,321.0,14,22.9286
8476822,Luke Glendening,C,DET,2018-03,306.0,16,19.125
8476822,Luke Glendening,C,DET,2018-04,26.0,2,13.0
8476826,Yanni Gourde,C,TBL,2017-10,105.5,13,8.1154
8476826,Yanni Gourde,C,TBL,2017-11,104.5,12,8.7083
8476826,Yanni Gourde,C,TBL,2017-12,140.0,13,10.7692
8476826,Yanni Gourde,C,TBL,2018-01,219.5,12,18.2917
8476826,Yanni Gourde,C,TBL,2018-02,133.0,14,9.5
8476826,Yanni Gourde,C,TBL,2018-03,178.0,14,12.7143
8476826,Yanni Gourde,C,TBL,2018-04,44.5,4,11.125
8476850,Ryan Murray,D,CBJ,2017-10,120.0,12,10.0
8476850,Ryan Murray,D,CBJ,2017-11,100.5,12,8.375
8476850,Ryan Murray,D,CBJ,2018-02,48.5,4,12.125
8476850,Ryan Murray,D,CBJ,2018-03,137.0,14,9.7857
8476850,Ryan Murray,D,CBJ,2018-04,17.5,2,8.75
8476851,Alex Galchenyuk,C,MTL,2017-10,83.5,12,6.9583
8476851,Alex Galchenyuk,C,MTL,2017-11,57.5,15,3.8333
8476851,Alex Galchenyuk,C,MTL,2017-12,59.5,12,4.9583
8476851,Alex Galchenyuk,C,MTL,2018-01,63.5,11,5.7727
8476851,Alex Galchenyuk,C,MTL,2018-02,81.0,13,6.2308
8476851,Alex Galchenyuk,C,MTL,2018-03,110.0,15,7.3333
8476851,Alex Galchenyuk,C,MTL,2018-04,14.5,4,3.625
8476853,Morgan Rielly,D,TOR,2017-10,75.5,12,6.2917
8476853,Morgan Rielly,D,TOR,2017-11,112.0,15,7.4667
8476853,Morgan Rielly,D,TOR,2017-12,62.5,13,4.8077
8476853,Morgan Rielly,D,TOR,2018-01,82.0,7,11.7143
8476853,Morgan Rielly,D,TOR,2018-02,107.5,13,8.2692
8476853,Morgan Rielly,D,TOR,2018-03,109.0,13,8.3846
8476853,Morgan Rielly,D,TOR,2018-04,19.0,3,6.3333
8476854,Hampus Lindholm,D,ANA,2017-10,28.0,4,7.0
8476854,Hampus Lindholm,D,ANA,2017-11,210.0,13,16.1538
8476854,Hampus Lindholm,D,ANA,2017-12,137.5,10,13.75
8476854,Hampus Lindholm,D,ANA,2018-01,132.5,11,12.0455
8476854,Hampus Lindholm,D,ANA,2018-02,158.0,13,12.1538
8476854,Hampus Lindholm,D,ANA,2018-03,132.5,14,9.4643
8476854,Hampus Lindholm,D,ANA,2018-04,47.5,4,11.875
8476855,Nail Yakupov,R,COL,2017-10,104.0,11,9.4545
8476855,Nail Yakupov,R,COL,2017-11,71.0,12,5.9167
8476855,Nail Yakupov,R,COL,2017-12,52.5,9,5.8333
8476855,Nail Yakupov,R,COL,2018-01,72.0,11,6.5455
8476855,Nail Yakupov,R,COL,2018-02,48.5,9,5.3889
8476855,Nail Yakupov,R,COL,2018-03,49.5,5,9.9
8476856,Mathew Dumba,D,MIN,2017-10,94.5,10,9.45
8476856,Mathew Dumba,D,MIN,2017-11,195.5,15,13.0333
8476856,Mathew Dumba,D,MIN,2017-12,207.5,14,14.8214
8476856,Mathew Dumba,D,MIN,2018-01,124.5,11,11.3182
8476856,Mathew Dumba,D,MIN,2018-02,162.0,13,12.4615
8476856,Mathew Dumba,D,MIN,2018-03,223.0,15,14.8667
8476856,Mathew Dumba,D,MIN,2018-04,39.5,4,9.875
8476857,Pontus Aberg,L,EDM,2017-10,34.0,8,4.25
8476857,Pontus Aberg,L,EDM,2017-11,22.0,6,3.6667
8476857,Pontus Aberg,L,EDM,2017-12,50.0,10,5.0
8476857,Pontus Aberg,L,EDM,2018-01,30.0,9,3.3333
8476857,Pontus Aberg,L,EDM,2018-02,28.0,5,5.6
8476857,Pontus Aberg,L,EDM,2018-03,66.0,14,4.7143
8476857,Pontus Aberg,L,EDM,2018-04,3.0,1,3.0
8476858,Phillip Di Giuseppe,L,CAR,2017-11,55.5,5,11.1
8476858,Phillip Di Giuseppe,L,CAR,2017-12,80.0,8,10.0
8476858,Phillip Di Giuseppe,L,CAR,2018-01,77.5,7,11.0714
8476858,Phillip Di Giuseppe,L,CAR,2018-02,59.0,10,5.9
8476858,Phillip Di Giuseppe,L,CAR,2018-03,143.0,16,8.9375
8476858,Phillip Di Giuseppe,L,CAR,2018-04,6.5,3,2.1667
8476866,Nicolas Kerdiles,L,ANA,2017-10,6.0,2,3.0
8476867,Brendan Gaunce,C,VAN,2017-11,114.0,10,11.4
8476867,Brendan Gaunce,C,VAN,2017-12,137.5,13,10.5769
8476867,Brendan Gaunce,C,VAN,2018-01,57.5,8,7.1875
8476867,Brendan Gaunce,C,VAN,2018-02,36.5,3,12.1667
8476867,Brendan Gaunce,C,VAN,2018-03,6.0,1,6.0
8476867,Brendan Gaunce,C,VAN,2018-04,10.5,2,5.25
8476869,Brady Skjei,D,NYR,2017-10,196.0,13,15.0769
8476869,Brady Skjei,D,NYR,2017-11,145.0,12,12.0833
8476869,Brady Skjei,D,NYR,2017-12,157.0,13,12.0769
8476869,Brady Skjei,D,NYR,2018-01,151.5,12,12.625
8476869,Brady Skjei,D,NYR,2018-02,152.5,14,10.8929
8476869,Brady Skjei,D,NYR,2018-03,201.5,15,13.4333
8476869,Brady Skjei,D,NYR,2018-04,34.0,3,11.3333
8476870,Stefan Matteau,C,VGK,2017-11,27.0,2,13.5
8476870,Stefan Matteau,C,VGK,2017-12,21.0,3,7.0
8476870,Stefan Matteau,C,VGK,2018-02,19.5,3,6.5
8476871,Tanner Pearson,L,LAK,2017-10,105.5,12,8.7917
8476871,Tanner Pearson,L,LAK,2017-11,135.0,14,9.6429
8476871,Tanner Pearson,L,LAK,2017-12,108.0,13,8.3077
8476871,Tanner Pearson,L,LAK,2018-01,109.0,11,9.9091
8476871,Tanner Pearson,L,LAK,2018-02,132.0,14,9.4286
8476871,Tanner Pearson,L,LAK,2018-03,200.0,15,13.3333
8476871,Tanner Pearson,L,LAK,2018-04,45.0,3,15.0
8476872,Scott Laughton,L,PHI,2017-10,179.5,12,14.9583
8476872,Scott Laughton,L,PHI,2017-11,143.5,13,11.0385
8476872,Scott Laughton,L,PHI,2017-12,166.5,13,12.8077
8476872,Scott Laughton,L,PHI,2018-01,104.5,12,8.7083
8476872,Scott Laughton,L,PHI,2018-02,151.0,13,11.6154
8476872,Scott Laughton,L,PHI,2018-03,162.0,15,10.8
8476872,Scott Laughton,L,PHI,2018-04,26.5,3,8.8333
8476873,Mark Jankowski,C,CGY,2017-10,21.5,4,5.375
8476873,Mark Jankowski,C,CGY,2017-11,134.5,13,10.3462
8476873,Mark Jankowski,C,CGY,2017-12,141.5,14,10.1071
8476873,Mark Jankowski,C,CGY,2018-01,126.0,11,11.4545
8476873,Mark Jankowski,C,CGY,2018-02,125.5,14,8.9643
8476873,Mark Jankowski,C,CGY,2018-03,149.0,13,11.4615
8476873,Mark Jankowski,C,CGY,2018-04,73.0,3,24.3333
8476874,Olli Määttä,D,PIT,2017-10,127.5,13,9.8077
8476874,Olli Määttä,D,PIT,2017-11,151.0,13,11.6154
8476874,Olli Määttä,D,PIT,2017-12,176.0,14,12.5714
8476874,Olli Määttä,D,PIT,2018-01,160.0,12,13.3333
8476874,Olli Määttä,D,PIT,2018-02,207.0,12,17.25
8476874,Olli Määttä,D,PIT,2018-03,223.0,15,14.8667
8476874,Olli Määttä,D,PIT,2018-04,30.0,3,10.0
8476875,Mike Matheson,D,FLA,2017-10,102.0,11,9.2727
8476875,Mike Matheson,D,FLA,2017-11,134.5,12,11.2083
8476875,Mike Matheson,D,FLA,2017-12,184.0,14,13.1429
8476875,Mike Matheson,D,FLA,2018-01,85.0,10,8.5
8476875,Mike Matheson,D,FLA,2018-02,124.5,12,10.375
8476875,Mike Matheson,D,FLA,2018-03,205.5,17,12.0882
8476875,Mike Matheson,D,FLA,2018-04,51.5,5,10.3
8476876,Malcolm Subban,G,VGK,2017-11,-5.0,0,0.0
8476876,Malcolm Subban,G,VGK,2017-12,-5.0,0,0.0
8476876,Malcolm Subban,G,VGK,2018-04,-5.0,0,0.0
8476877,Jordan Schmaltz,D,STL,2017-12,31.5,4,7.875
8476877,Jordan Schmaltz,D,STL,2018-02,10.0,3,3.3333
8476877,Jordan Schmaltz,D,STL,2018-03,25.0,6,4.1667
8476878,Zemgus Girgensons,C,BUF,2017-10,94.5,9,10.5
8476878,Zemgus Girgensons,C,BUF,2017-11,145.0,13,11.1538
8476878,Zemgus Girgensons,C,BUF,2017-12,223.0,11,20.2727
8476878,Zemgus Girgensons,C,BUF,2018-01,141.5,12,11.7917
8476878,Zemgus Girgensons,C,BUF,2018-02,123.5,13,9.5
8476878,Zemgus Girgensons,C,BUF,2018-03,134.0,12,11.1667
8476878,Zemgus Girgensons,C,BUF,2018-04,9.5,1,9.5
8476879,Cody Ceci,D,OTT,2017-10,179.0,12,14.9167
8476879,Cody Ceci,D,OTT,2017-11,175.0,11,15.9091
8476879,Cody Ceci,D,OTT,2017-12,238.5,14,17.0357
8476879,Cody Ceci,D,OTT,2018-01,173.0,11,15.7273
8476879,Cody Ceci,D,OTT,2018-02,203.0,14,14.5
8476879,Cody Ceci,D,OTT,2018-03,268.0,16,16.75
8476879,Cody Ceci,D,OTT,2018-04,69.0,4,17.25
8476880,Tom Wilson,R,WSH,2017-10,135.5,8,16.9375
8476880,Tom Wilson,R,WSH,2017-11,231.5,14,16.5357
8476880,Tom Wilson,R,WSH,2017-12,305.0,14,21.7857
8476880,Tom Wilson,R,WSH,2018-01,188.5,10,18.85
8476880,Tom Wilson,R,WSH,2018-02,276.0,14,19.7143
8476880,Tom Wilson,R,WSH,2018-03,367.0,14,26.2143
8476880,Tom Wilson,R,WSH,2018-04,70.0,4,17.5
8476881,Tomas Hertl,C,SJS,2017-10,181.5,11,16.5
8476881,Tomas Hertl,C,SJS,2017-11,245.0,12,20.4167
8476881,Tomas Hertl,C,SJS,2017-12,180.5,13,13.8846
8476881,Tomas Hertl,C,SJS,2018-01,222.5,14,15.8929
8476881,Tomas Hertl,C,SJS,2018-02,158.0,11,14.3636
8476881,Tomas Hertl,C,SJS,2018-03,243.0,15,16.2
8476881,Tomas Hertl,C,SJS,2018-04,62.0,3,20.6667
8476882,Teuvo Teravainen,L,CAR,2017-10,61.5,10,6.15
8476882,Teuvo Teravainen,L,CAR,2017-11,78.0,13,6.0
8476882,Teuvo Teravainen,L,CAR,2017-12,66.0,15,4.4
8476882,Teuvo Teravainen,L,CAR,2018-01,56.5,12,4.7083
8476882,Teuvo Teravainen,L,CAR,2018-02,55.5,13,4.2692
8476882,Teuvo Teravainen,L,CAR,2018-03,101.5,16,6.3438
8476882,Teuvo Teravainen,L,CAR,2018-04,16.5,3,5.5
8476883,Andrei Vasilevskiy,G,TBL,2017-10,-20.0,0,0.0
8476883,Andrei Vasilevskiy,G,TBL,2017-11,-5.0,0,0.0
8476883,Andrei Vasilevskiy,G,TBL,2017-12,0.5,0,0.0
8476883,Andrei Vasilevskiy,G,TBL,2018-01,-7.5,0,0.0
8476883,Andrei Vasilevskiy,G,TBL,2018-02,-30.0,0,0.0
8476883,Andrei Vasilevskiy,G,TBL,2018-03,-2.0,0,0.0
8476884,Derrick Pouliot,D,VAN,2017-10,67.0,8,8.375
8476884,Derrick Pouliot,D,VAN,2017-11,123.0,15,8.2
8476884,Derrick Pouliot,D,VAN,2017-12,144.0,13,11.0769
8476884,Derrick Pouliot,D,VAN,2018-01,53.5,5,10.7
8476884,Derrick Pouliot,D,VAN,2018-02,140.0,12,11.6667
8476884,Derrick Pouliot,D,VAN,2018-03,170.5,15,11.3667
8476884,Derrick Pouliot,D,VAN,2018-04,39.0,3,13.0
8476885,Jacob Trouba,D,WPG,2017-10,190.0,11,17.2727
8476885,Jacob Trouba,D,WPG,2017-11,181.0,14,12.9286
8476885,Jacob Trouba,D,WPG,2017-12,156.0,15,10.4
8476885,Jacob Trouba,D,WPG,2018-01,121.5,10,12.15
8476885,Jacob Trouba,D,WPG,2018-03,42.0,3,14.0
8476885,Jacob Trouba,D,WPG,2018-04,7.5,2,3.75
8476886,Slater Koekkoek,D,TBL,2017-10,39.0,6,6.5
8476886,Slater Koekkoek,D,TBL,2017-11,37.0,6,6.1667
8476886,Slater Koekkoek,D,TBL,2017-12,53.0,8,6.625
8476886,Slater Koekkoek,D,TBL,2018-01,68.5,6,11.4167
8476886,Slater Koekkoek,D,TBL,2018-02,54.0,6,9.0
8476886,Slater Koekkoek,D,TBL,2018-03,9.5,2,4.75
8476886,Slater Koekkoek,D,TBL,2018-04,3.0,1,3.0
8476887,Filip Forsberg,L,NSH,2017-10,142.0,11,12.9091
8476887,Filip Forsberg,L,NSH,2017-11,127.0,14,9.0714
8476887,Filip Forsberg,L,NSH,2017-12,117.0,12,9.75
8476887,Filip Forsberg,L,NSH,2018-02,124.5,11,11.3182
8476887,Filip Forsberg,L,NSH,2018-03,208.0,15,13.8667
8476887,Filip Forsberg,L,NSH,2018-04,21.0,4,5.25
8476889,Radek Faksa,C,DAL,2017-10,171.5,12,14.2917
8476889,Radek Faksa,C,DAL,2017-11,196.0,12,16.3333
8476889,Radek Faksa,C,DAL,2017-12,243.0,15,16.2
8476889,Radek Faksa,C,DAL,2018-01,220.0,11,20.0
8476889,Radek Faksa,C,DAL,2018-02,224.0,12,18.6667
8476889,Radek Faksa,C,DAL,2018-03,296.0,14,21.1429
8476889,Radek Faksa,C,DAL,2018-04,55.5,3,18.5
8476890,Patrick Sieloff,D,OTT,2018-03,6.0,1,6.0
8476891,Matt Grzelcyk,D,BOS,2017-10,1.5,1,1.5
8476891,Matt Grzelcyk,D,BOS,2017-11,19.0,4,4.75
8476891,Matt Grzelcyk,D,BOS,2017-12,89.0,14,6.3571
8476891,Matt Grzelcyk,D,BOS,2018-01,77.5,11,7.0455
8476891,Matt Grzelcyk,D,BOS,2018-02,93.5,13,7.1923
8476891,Matt Grzelcyk,D,BOS,2018-03,139.0,14,9.9286
8476891,Matt Grzelcyk,D,BOS,2018-04,27.5,4,6.875
8476892,Colton Parayko,D,STL,2017-10,184.5,13,14.1923
8476892,Colton Parayko,D,STL,2017-11,147.0,12,12.25
8476892,Colton Parayko,D,STL,2017-12,274.5,16,17.1562
8476892,Colton Parayko,D,STL,2018-01,187.0,11,17.0
8476892,Colton Parayko,D,STL,2018-02,165.5,13,12.7308
8476892,Colton Parayko,D,STL,2018-03,210.5,13,16.1923
8476892,Colton Parayko,D,STL,2018-04,48.5,4,12.125
8476894,Brendan Leipsic,L,VAN,2017-10,41.0,8,5.125
8476894,Brendan Leipsic,L,VAN,2017-11,74.5,8,9.3125
8476894,Brendan Leipsic,L,VAN,2017-12,86.5,13,6.6538
8476894,Brendan Leipsic,L,VAN,2018-01,68.5,9,7.6111
8476894,Brendan Leipsic,L,VAN,2018-02,18.0,7,2.5714
8476894,Brendan Leipsic,L,VAN,2018-03,73.5,10,7.35
8476894,Brendan Leipsic,L,VAN,2018-04,30.0,3,10.0
8476897,Oskar Sundqvist,C,STL,2017-10,148.0,11,13.4545
8476897,Oskar Sundqvist,C,STL,2017-11,180.5,11,16.4091
8476897,Oskar Sundqvist,C,STL,2017-12,74.0,7,10.5714
8476897,Oskar Sundqvist,C,STL,2018-01,10.0,1,10.0
8476897,Oskar Sundqvist,C,STL,2018-03,49.0,8,6.125
8476897,Oskar Sundqvist,C,STL,2018-04,35.5,3,11.8333
8476899,Matt Murray,G,PIT,2017-10,3.0,0,0.0
8476899,Matt Murray,G,PIT,2017-11,-5.0,0,0.0
8476899,Matt Murray,G,PIT,2017-12,-7.5,0,0.0
8476899,Matt Murray,G,PIT,2018-01,-5.0,0,0.0
8476899,Matt Murray,G,PIT,2018-02,-5.0,0,0.0
8476899,Matt Murray,G,PIT,2018-03,-7.5,0,0.0
8476902,Esa Lindell,D,DAL,2017-10,120.5,12,10.0417
8476902,Esa Lindell,D,DAL,2017-11,126.5,13,9.7308
8476902,Esa Lindell,D,DAL,2017-12,178.0,15,11.8667
8476902,Esa Lindell,D,DAL,2018-01,145.0,11,13.1818
8476902,Esa Lindell,D,DAL,2018-02,119.5,12,9.9583
8476902,Esa Lindell,D,DAL,2018-03,186.0,14,13.2857
8476902,Esa Lindell,D,DAL,2018-04,27.0,3,9.0
8476903,Jon Gillies,G,CGY,2017-11,5.5,0,0.0
8476903,Jon Gillies,G,CGY,2018-02,-10.0,0,0.0
8476903,Jon Gillies,G,CGY,2018-03,-2.5,0,0.0
8476903,Jon Gillies,G,CGY,2018-04,-2.5,0,0.0
8476905,Chandler Stephenson,C,WSH,2017-10,14.0,3,4.6667
8476905,Chandler Stephenson,C,WSH,2017-11,79.5,14,5.6786
8476905,Chandler Stephenson,C,WSH,2017-12,55.5,11,5.0455
8476905,Chandler Stephenson,C,WSH,2018-01,66.5,9,7.3889
8476905,Chandler Stephenson,C,WSH,2018-02,83.5,14,5.9643
8476905,Chandler Stephenson,C,WSH,2018-03,77.5,12,6.4583
8476905,Chandler Stephenson,C,WSH,2018-04,24.0,4,6.0
8476906,Shayne Gostisbehere,D,PHI,2017-10,67.5,11,6.1364
8476906,Shayne Gostisbehere,D,PHI,2017-11,71.0,11,6.4545
8476906,Shayne Gostisbehere,D,PHI,2017-12,128.5,13,9.8846
8476906,Shayne Gostisbehere,D,PHI,2018-01,98.5,11,8.9545
8476906,Shayne Gostisbehere,D,PHI,2018-02,178.0,13,13.6923
8476906,Shayne Gostisbehere,D,PHI,2018-03,163.0,15,10.8667
8476906,Shayne Gostisbehere,D,PHI,2018-04,35.0,4,8.75
8476913,Devin Shore,C,DAL,2017-10,118.5,12,9.875
8476913,Devin Shore,C,DAL,2017-11,83.5,13,6.4231
8476913,Devin Shore,C,DAL,2017-12,146.0,15,9.7333
8476913,Devin Shore,C,DAL,2018-01,85.5,11,7.7727
8476913,Devin Shore,C,DAL,2018-02,103.5,12,8.625
8476913,Devin Shore,C,DAL,2018-03,176.5,16,11.0312
8476913,Devin Shore,C,DAL,2018-04,18.5,3,6.1667
8476914,Joonas Korpisalo,G,CBJ,2017-10,-2.5,0,0.0
8476914,Joonas Korpisalo,G,CBJ,2017-11,-2.5,0,0.0
8476914,Joonas Korpisalo,G,CBJ,2017-12,-2.5,0,0.0
8476914,Joonas Korpisalo,G,CBJ,2018-01,-2.5,0,0.0
8476914,Joonas Korpisalo,G,CBJ,2018-02,-7.5,0,0.0
8476915,Jujhar Khaira,L,EDM,2017-10,71.5,6,11.9167
8476915,Jujhar Khaira,L,EDM,2017-11,83.0,7,11.8571
8476915,Jujhar Khaira,L,EDM,2017-12,146.0,13,11.2308
8476915,Jujhar Khaira,L,EDM,2018-01,130.0,10,13.0
8476915,Jujhar Khaira,L,EDM,2018-02,217.5,14,15.5357
8476915,Jujhar Khaira,L,EDM,2018-03,250.0,16,15.625
8476915,Jujhar Khaira,L,EDM,2018-04,47.5,3,15.8333
8476917,Adam Pelech,D,NYI,2017-10,140.5,12,11.7083
8476917,Adam Pelech,D,NYI,2017-11,114.0,8,14.25
8476917,Adam Pelech,D,NYI,2017-12,204.0,15,13.6
8476917,Adam Pelech,D,NYI,2018-01,159.0,13,12.2308
8476917,Adam Pelech,D,NYI,2018-02,181.5,12,15.125
8476917,Adam Pelech,D,NYI,2018-03,183.5,15,12.2333
8476917,Adam Pelech,D,NYI,2018-04,27.0,3,9.0
8476918,Jimmy Vesey,L,NYR,2017-10,130.0,13,10.0
8476918,Jimmy Vesey,L,NYR,2017-11,110.5,12,9.2083
8476918,Jimmy Vesey,L,NYR,2017-12,144.5,13,11.1154
8476918,Jimmy Vesey,L,NYR,2018-01,121.5,12,10.125
8476918,Jimmy Vesey,L,NYR,2018-02,56.0,11,5.0909
8476918,Jimmy Vesey,L,NYR,2018-03,137.0,15,9.1333
8476918,Jimmy Vesey,L,NYR,2018-04,20.0,3,6.6667
8476919,Chris Tierney,C,SJS,2017-10,134.5,11,12.2273
8476919,Chris Tierney,C,SJS,2017-11,142.5,12,11.875
8476919,Chris Tierney,C,SJS,2017-12,141.0,13,10.8462
8476919,Chris Tierney,C,SJS,2018-01,158.5,14,11.3214
8476919,Chris Tierney,C,SJS,2018-02,162.0,14,11.5714
8476919,Chris Tierney,C,SJS,2018-03,153.5,15,10.2333
8476919,Chris Tierney,C,SJS,2018-04,24.0,3,8.0
8476921,Jordan Martinook,L,ARI,2017-10,117.5,12,9.7917
8476921,Jordan Martinook,L,ARI,2017-11,140.0,15,9.3333
8476921,Jordan Martinook,L,ARI,2017-12,164.5,13,12.6538
8476921,Jordan Martinook,L,ARI,2018-01,105.5,9,11.7222
8476921,Jordan Martinook,L,ARI,2018-02,127.0,12,10.5833
8476921,Jordan Martinook,L,ARI,2018-03,255.5,17,15.0294
8476921,Jordan Martinook,L,ARI,2018-04,16.0,3,5.3333
8476922,Boo Nieves,C,NYR,2017-10,17.5,3,5.8333
8476922,Boo Nieves,C,NYR,2017-11,86.0,8,10.75
8476922,Boo Nieves,C,NYR,2017-12,141.5,11,12.8636
8476922,Boo Nieves,C,NYR,2018-01,55.0,6,9.1667
8476923,Damon Severson,D,NJD,2017-10,90.5,10,9.05
8476923,Damon Severson,D,NJD,2017-11,137.5,13,10.5769
8476923,Damon Severson,D,NJD,2017-12,126.5,14,9.0357
8476923,Damon Severson,D,NJD,2018-01,68.5,9,7.6111
8476923,Damon Severson,D,NJD,2018-02,146.5,14,10.4643
8476923,Damon Severson,D,NJD,2018-03,110.5,15,7.3667
8476923,Damon Severson,D,NJD,2018-04,7.5,1,7.5
8476924,Martin Frk,R,DET,2017-10,95.0,13,7.3077
8476924,Martin Frk,R,DET,2017-11,33.5,5,6.7
8476924,Martin Frk,R,DET,2017-12,69.0,12,5.75
8476924,Martin Frk,R,DET,2018-01,75.0,11,6.8182
8476924,Martin Frk,R,DET,2018-02,45.5,10,4.55
8476924,Martin Frk,R,DET,2018-03,35.0,14,2.5
8476924,Martin Frk,R,DET,2018-04,3.0,3,1.0
8476925,Colton Sissons,C,NSH,2017-10,177.0,10,17.7
8476925,Colton Sissons,C,NSH,2017-11,298.5,14,21.3214
8476925,Colton Sissons,C,NSH,2017-12,191.0,13,14.6923
8476925,Colton Sissons,C,NSH,2018-01,149.5,10,14.95
8476925,Colton Sissons,C,NSH,2018-02,276.5,14,19.75
8476925,Colton Sissons,C,NSH,2018-03,233.5,16,14.5938
8476925,Colton Sissons,C,NSH,2018-04,79.5,4,19.875
8476931,Jake McCabe,D,BUF,2017-10,161.5,12,13.4583
8476931,Jake McCabe,D,BUF,2017-11,177.0,13,13.6154
8476931,Jake McCabe,D,BUF,2017-12,238.0,13,18.3077
8476931,Jake McCabe,D,BUF,2018-01,146.5,12,12.2083
8476931,Jake McCabe,D,BUF,2018-02,39.0,3,13.0
8476934,Brock McGinn,L,CAR,2017-10,79.5,9,8.8333
8476934,Brock McGinn,L,CAR,2017-11,159.0,13,12.2308
8476934,Brock McGinn,L,CAR,2017-12,184.5,15,12.3
8476934,Brock McGinn,L,CAR,2018-01,96.5,12,8.0417
8476934,Brock McGinn,L,CAR,2018-02,167.5,13,12.8846
8476934,Brock McGinn,L,CAR,2018-03,169.0,16,10.5625
8476934,Brock McGinn,L,CAR,2018-04,20.5,2,10.25
8476941,Connor Carrick,D,TOR,2017-10,26.5,6,4.4167
8476941,Connor Carrick,D,TOR,2017-11,162.0,11,14.7273
8476941,Connor Carrick,D,TOR,2017-12,54.0,4,13.5
8476941,Connor Carrick,D,TOR,2018-01,121.0,11,11.0
8476941,Connor Carrick,D,TOR,2018-02,55.0,6,9.1667
8476941,Connor Carrick,D,TOR,2018-03,62.5,7,8.9286
8476941,Connor Carrick,D,TOR,2018-04,20.0,2,10.0
8476945,Connor Hellebuyck,G,WPG,2017-10,-5.0,0,0.0
8476945,Connor Hellebuyck,G,WPG,2017-11,-17.5,0,0.0
8476945,Connor Hellebuyck,G,WPG,2017-12,-25.0,0,0.0
8476945,Connor Hellebuyck,G,WPG,2018-01,-2.0,0,0.0
8476945,Connor Hellebuyck,G,WPG,2018-02,-22.0,0,0.0
8476945,Connor Hellebuyck,G,WPG,2018-03,-10.0,0,0.0
8476945,Connor Hellebuyck,G,WPG,2018-04,-2.5,0,0.0
8476948,Charles Hudon,L,MTL,2017-10,166.0,12,13.8333
8476948,Charles Hudon,L,MTL,2017-11,146.0,14,10.4286
8476948,Charles Hudon,L,MTL,2017-12,78.5,10,7.85
8476948,Charles Hudon,L,MTL,2018-01,168.5,11,15.3182
8476948,Charles Hudon,L,MTL,2018-02,194.5,13,14.9615
8476948,Charles Hudon,L,MTL,2018-03,136.5,11,12.4091
8476952,Dominic Toninato,C,COL,2017-11,36.0,6,6.0
8476952,Dominic Toninato,C,COL,2017-12,11.5,2,5.75
8476952,Dominic Toninato,C,COL,2018-01,24.5,6,4.0833
8476952,Dominic Toninato,C,COL,2018-02,93.0,12,7.75
8476952,Dominic Toninato,C,COL,2018-03,121.0,11,11.0
8476953,Trevor Carrick,D,CAR,2017-10,5.5,1,5.5
8476955,Taylor Leier,L,PHI,2017-10,62.0,10,6.2
8476955,Taylor Leier,L,PHI,2017-11,83.0,11,7.5455
8476955,Taylor Leier,L,PHI,2017-12,66.5,9,7.3889
8476955,Taylor Leier,L,PHI,2018-01,4.5,2,2.25
8476955,Taylor Leier,L,PHI,2018-02,15.0,4,3.75
8476955,Taylor Leier,L,PHI,2018-03,11.5,3,3.8333
8476958,Jaccob Slavin,D,CAR,2017-10,151.5,10,15.15
8476958,Jaccob Slavin,D,CAR,2017-11,175.5,13,13.5
8476958,Jaccob Slavin,D,CAR,2017-12,162.0,15,10.8
8476958,Jaccob Slavin,D,CAR,2018-01,205.0,12,17.0833
8476958,Jaccob Slavin,D,CAR,2018-02,180.0,13,13.8462
8476958,Jaccob Slavin,D,CAR,2018-03,157.0,16,9.8125
8476958,Jaccob Slavin,D,CAR,2018-04,39.5,3,13.1667
8476960,Andreas Athanasiou,C,DET,2017-10,11.5,3,3.8333
8476960,Andreas Athanasiou,C,DET,2017-11,155.5,13,11.9615
8476960,Andreas Athanasiou,C,DET,2017-12,84.5,12,7.0417
8476960,Andreas Athanasiou,C,DET,2018-01,108.0,11,9.8182
8476960,Andreas Athanasiou,C,DET,2018-02,104.0,13,8.0
8476960,Andreas Athanasiou,C,DET,2018-03,67.5,16,4.2188
8476960,Andreas Athanasiou,C,DET,2018-04,33.0,3,11.0
8476966,Gemel Smith,C,DAL,2017-10,25.5,3,8.5
8476966,Gemel Smith,C,DAL,2017-11,65.0,11,5.9091
8476966,Gemel Smith,C,DAL,2017-12,72.0,13,5.5385
8476966,Gemel Smith,C,DAL,2018-01,6.0,3,2.0
8476966,Gemel Smith,C,DAL,2018-02,42.0,6,7.0
8476966,Gemel Smith,C,DAL,2018-03,48.0,7,6.8571
8476966,Gemel Smith,C,DAL,2018-04,21.0,3,7.0
8476967,Brett Kulak,D,CGY,2017-10,18.0,4,4.5
8476967,Brett Kulak,D,CGY,2017-11,120.0,12,10.0
8476967,Brett Kulak,D,CGY,2017-12,80.0,13,6.1538
8476967,Brett Kulak,D,CGY,2018-01,83.0,11,7.5455
8476967,Brett Kulak,D,CGY,2018-02,82.0,14,5.8571
8476967,Brett Kulak,D,CGY,2018-03,91.5,14,6.5357
8476967,Brett Kulak,D,CGY,2018-04,-2.0,3,-0.6667
8476971,Kevin Roy,C,ANA,2017-11,64.5,10,6.45
8476971,Kevin Roy,C,ANA,2017-12,99.5,13,7.6538
8476971,Kevin Roy,C,ANA,2018-01,18.0,2,9.0
8476975,Cedric Paquette,C,TBL,2017-10,99.5,6,16.5833
8476975,Cedric Paquette,C,TBL,2017-11,106.5,5,21.3
8476975,Cedric Paquette,C,TBL,2017-12,150.0,12,12.5
8476975,Cedric Paquette,C,TBL,2018-01,164.5,12,13.7083
8476975,Cedric Paquette,C,TBL,2018-02,152.0,9,16.8889
8476975,Cedric Paquette,C,TBL,2018-03,158.5,8,19.8125
8476975,Cedric Paquette,C,TBL,2018-04,65.0,4,16.25
8476979,Erik Gustafsson,D,CHI,2018-01,42.5,5,8.5
8476979,Erik Gustafsson,D,CHI,2018-02,70.5,11,6.4091
8476979,Erik Gustafsson,D,CHI,2018-03,221.5,16,13.8438
8476979,Erik Gustafsson,D,CHI,2018-04,19.0,3,6.3333
8476981,Josh Anderson,R,CBJ,2017-10,121.5,10,12.15
8476981,Josh Anderson,R,CBJ,2017-11,156.0,13,12.0
8476981,Josh Anderson,R,CBJ,2017-12,244.0,15,16.2667
8476981,Josh Anderson,R,CBJ,2018-01,136.0,10,13.6
8476981,Josh Anderson,R,CBJ,2018-02,163.5,13,12.5769
8476981,Josh Anderson,R,CBJ,2018-04,14.0,2,7.0
8476982,Danny O'Regan,C,BUF,2017-11,45.5,6,7.5833
8476982,Danny O'Regan,C,BUF,2017-12,14.5,4,3.625
8476982,Danny O'Regan,C,BUF,2018-02,56.0,9,6.2222
8476982,Danny O'Regan,C,BUF,2018-03,3.5,2,1.75
8476983,Paul LaDue,D,LAK,2018-01,19.0,2,9.5
8476983,Paul LaDue,D,LAK,2018-02,46.0,5,9.2
8476983,Paul LaDue,D,LAK,2018-03,35.0,3,11.6667
8476983,Paul LaDue,D,LAK,2018-04,9.5,2,4.75
8476988,Matt Benning,D,EDM,2017-10,69.0,7,9.8571
8476988,Matt Benning,D,EDM,2017-11,213.5,16,13.3438
8476988,Matt Benning,D,EDM,2017-12,151.0,13,11.6154
8476988,Matt Benning,D,EDM,2018-01,86.5,9,9.6111
8476988,Matt Benning,D,EDM,2018-02,161.0,13,12.3846
8476988,Matt Benning,D,EDM,2018-03,253.0,13,19.4615
8476988,Matt Benning,D,EDM,2018-04,10.0,2,5.0
8476994,Vinnie Hinostroza,C,CHI,2017-12,78.5,8,9.8125
8476994,Vinnie Hinostroza,C,CHI,2018-01,99.0,12,8.25
8476994,Vinnie Hinostroza,C,CHI,2018-02,84.0,12,7.0
8476994,Vinnie Hinostroza,C,CHI,2018-03,117.0,15,7.8
8476994,Vinnie Hinostroza,C,CHI,2018-04,6.5,3,2.1667
8476999,Linus Ullmark,G,BUF,2018-03,-2.5,0,0.0
8477006,Christoph Bertschy,C,MIN,2017-10,0.0,1,0.0
8477009,Jake Dotchin,D,TBL,2017-10,140.0,12,11.6667
8477009,Jake Dotchin,D,TBL,2017-11,51.0,7,7.2857
8477009,Jake Dotchin,D,TBL,2017-12,137.5,9,15.2778
8477009,Jake Dotchin,D,TBL,2018-01,198.5,11,18.0455
8477009,Jake Dotchin,D,TBL,2018-02,71.5,6,11.9167
8477009,Jake Dotchin,D,TBL,2018-03,48.5,3,16.1667
8477010,Joseph Blandisi,C,ANA,2017-12,17.0,3,5.6667
8477015,Connor Brown,R,TOR,2017-10,74.0,12,6.1667
8477015,Connor Brown,R,TOR,2017-11,92.5,15,6.1667
8477015,Connor Brown,R,TOR,2017-12,73.0,13,5.6154
8477015,Connor Brown,R,TOR,2018-01,92.5,12,7.7083
8477015,Connor Brown,R,TOR,2018-02,87.5,14,6.25
8477015,Connor Brown,R,TOR,2018-03,58.5,13,4.5
8477015,Connor Brown,R,TOR,2018-04,18.0,3,6.0
8477018,Ben Hutton,D,VAN,2017-10,108.0,11,9.8182
8477018,Ben Hutton,D,VAN,2017-11,97.5,15,6.5
8477018,Ben Hutton,D,VAN,2017-12,61.5,11,5.5909
8477018,Ben Hutton,D,VAN,2018-01,86.0,8,10.75
8477018,Ben Hutton,D,VAN,2018-02,86.0,8,10.75
8477018,Ben Hutton,D,VAN,2018-03,53.5,6,8.9167
8477018,Ben Hutton,D,VAN,2018-04,16.0,2,8.0
8477021,Alexander Kerfoot,C,COL,2017-10,67.5,11,6.1364
8477021,Alexander Kerfoot,C,COL,2017-11,110.5,12,9.2083
8477021,Alexander Kerfoot,C,COL,2017-12,81.5,12,6.7917
8477021,Alexander Kerfoot,C,COL,2018-01,114.0,11,10.3636
8477021,Alexander Kerfoot,C,COL,2018-02,129.0,14,9.2143
8477021,Alexander Kerfoot,C,COL,2018-03,132.5,15,8.8333
8477021,Alexander Kerfoot,C,COL,2018-04,63.0,4,15.75
8477034,Jaycob Megna,D,ANA,2017-10,108.0,8,13.5
8477034,Jaycob Megna,D,ANA,2017-11,36.0,3,12.0
8477034,Jaycob Megna,D,ANA,2017-12,11.5,3,3.8333
8477043,Christian Djoos,D,WSH,2017-10,33.5,9,3.7222
8477043,Christian Djoos,D,WSH,2017-11,66.5,8,8.3125
8477043,Christian Djoos,D,WSH,2017-12,68.0,14,4.8571
8477043,Christian Djoos,D,WSH,2018-01,62.0,10,6.2
8477043,Christian Djoos,D,WSH,2018-02,26.5,13,2.0385
8477043,Christian Djoos,D,WSH,2018-03,63.0,8,7.875
8477043,Christian Djoos,D,WSH,2018-04,7.5,1,7.5
8477046,Joakim Ryan,D,SJS,2017-10,76.0,9,8.4444
8477046,Joakim Ryan,D,SJS,2017-11,119.0,11,10.8182
8477046,Joakim Ryan,D,SJS,2017-12,62.5,7,8.9286
8477046,Joakim Ryan,D,SJS,2018-01,111.5,14,7.9643
8477046,Joakim Ryan,D,SJS,2018-02,158.0,14,11.2857
8477046,Joakim Ryan,D,SJS,2018-03,58.5,7,8.3571
8477070,Liam O'Brien,C,WSH,2017-11,26.5,3,8.8333
8477073,Kurtis MacDermid,D,LAK,2017-10,87.0,7,12.4286
8477073,Kurtis MacDermid,D,LAK,2017-11,138.5,11,12.5909
8477073,Kurtis MacDermid,D,LAK,2017-12,123.5,11,11.2273
8477073,Kurtis MacDermid,D,LAK,2018-01,70.5,5,14.1
8477085,Ashton Sautner,D,VAN,2018-03,40.5,4,10.125
8477085,Ashton Sautner,D,VAN,2018-04,10.5,1,10.5
8477180,Aaron Dell,G,SJS,2017-10,-5.0,0,0.0
8477180,Aaron Dell,G,SJS,2017-11,-7.0,0,0.0
8477180,Aaron Dell,G,SJS,2017-12,-2.5,0,0.0
8477180,Aaron Dell,G,SJS,2018-01,-12.5,0,0.0
8477180,Aaron Dell,G,SJS,2018-02,0.5,0,0.0
8477180,Aaron Dell,G,SJS,2018-03,-2.5,0,0.0
8477202,Andrew Hammond,G,COL,2018-03,-2.5,0,0.0
8477205,Andrej Sustr,D,TBL,2017-10,29.0,5,5.8
8477205,Andrej Sustr,D,TBL,2017-11,18.0,7,2.5714
8477205,Andrej Sustr,D,TBL,2017-12,35.5,7,5.0714
8477205,Andrej Sustr,D,TBL,2018-01,70.5,7,10.0714
8477205,Andrej Sustr,D,TBL,2018-02,47.5,12,3.9583
8477205,Andrej Sustr,D,TBL,2018-03,8.0,5,1.6
8477205,Andrej Sustr,D,TBL,2018-04,0.5,1,0.5
8477213,Tim Schaller,C,BOS,2017-10,186.0,10,18.6
8477213,Tim Schaller,C,BOS,2017-11,140.5,13,10.8077
8477213,Tim Schaller,C,BOS,2017-12,179.5,14,12.8214
8477213,Tim Schaller,C,BOS,2018-01,128.5,11,11.6818
8477213,Tim Schaller,C,BOS,2018-02,119.0,13,9.1538
8477213,Tim Schaller,C,BOS,2018-03,227.5,16,14.2188
8477213,Tim Schaller,C,BOS,2018-04,60.0,5,12.0
8477215,Danny DeKeyser,D,DET,2017-10,62.5,3,20.8333
8477215,Danny DeKeyser,D,DET,2017-11,52.0,6,8.6667
8477215,Danny DeKeyser,D,DET,2017-12,164.5,12,13.7083
8477215,Danny DeKeyser,D,DET,2018-01,116.5,11,10.5909
8477215,Danny DeKeyser,D,DET,2018-02,144.0,14,10.2857
8477215,Danny DeKeyser,D,DET,2018-03,187.0,16,11.6875
8477215,Danny DeKeyser,D,DET,2018-04,41.0,3,13.6667
8477220,Nate Schmidt,D,VGK,2017-10,129.5,11,11.7727
8477220,Nate Schmidt,D,VGK,2017-11,120.0,13,9.2308
8477220,Nate Schmidt,D,VGK,2017-12,148.0,13,11.3846
8477220,Nate Schmidt,D,VGK,2018-01,83.5,12,6.9583
8477220,Nate Schmidt,D,VGK,2018-02,119.0,14,8.5
8477220,Nate Schmidt,D,VGK,2018-03,124.0,12,10.3333
8477220,Nate Schmidt,D,VGK,2018-04,20.0,1,20.0
8477225,Jared Coreau,G,DET,2018-04,-2.5,0,0.0
8477237,Mike Condon,G,OTT,2017-10,-6.5,0,0.0
8477237,Mike Condon,G,OTT,2017-11,-7.5,0,0.0
8477237,Mike Condon,G,OTT,2017-12,-7.5,0,0.0
8477237,Mike Condon,G,OTT,2018-02,-7.0,0,0.0
8477237,Mike Condon,G,OTT,2018-03,-7.5,0,0.0
8477240,Carter Rowney,R,PIT,2017-10,143.0,9,15.8889
8477240,Carter Rowney,R,PIT,2017-11,74.5,3,24.8333
8477240,Carter Rowney,R,PIT,2017-12,166.5,14,11.8929
8477240,Carter Rowney,R,PIT,2018-01,3.0,1,3.0
8477240,Carter Rowney,R,PIT,2018-02,118.0,12,9.8333
8477240,Carter Rowney,R,PIT,2018-03,66.0,5,13.2
8477244,Chad Ruhwedel,D,PIT,2017-10,115.5,10,11.55
8477244,Chad Ruhwedel,D,PIT,2017-11,106.5,11,9.6818
8477244,Chad Ruhwedel,D,PIT,2017-12,93.0,9,10.3333
8477244,Chad Ruhwedel,D,PIT,2018-03,137.0,12,11.4167
8477244,Chad Ruhwedel,D,PIT,2018-04,16.0,2,8.0
8477290,Michael Raffl,L,PHI,2017-10,124.0,12,10.3333
8477290,Michael Raffl,L,PHI,2017-11,166.0,13,12.7692
8477290,Michael Raffl,L,PHI,2017-12,132.5,13,10.1923
8477290,Michael Raffl,L,PHI,2018-01,142.5,12,11.875
8477290,Michael Raffl,L,PHI,2018-02,108.5,13,8.3462
8477290,Michael Raffl,L,PHI,2018-03,86.0,10,8.6
8477290,Michael Raffl,L,PHI,2018-04,28.5,3,9.5
8477293,Antti Raanta,G,ARI,2017-11,6.0,0,0.0
8477293,Antti Raanta,G,ARI,2017-12,12.5,0,0.0
8477293,Antti Raanta,G,ARI,2018-02,-5.0,0,0.0
8477293,Antti Raanta,G,ARI,2018-03,3.0,0,0.0
8477320,Anton Blidh,L,BOS,2018-03,9.0,1,9.0
8477337,John Gilmour,D,NYR,2018-02,85.0,10,8.5
8477337,John Gilmour,D,NYR,2018-03,97.5,15,6.5
8477337,John Gilmour,D,NYR,2018-04,24.0,3,8.0
8477341,Andreas Johnsson,L,TOR,2018-03,55.5,8,6.9375
8477341,Andreas Johnsson,L,TOR,2018-04,20.0,1,20.0
8477346,MacKenzie Weegar,D,FLA,2017-10,60.5,4,15.125
8477346,MacKenzie Weegar,D,FLA,2017-11,113.5,11,10.3182
8477346,MacKenzie Weegar,D,FLA,2017-12,91.0,8,11.375
8477346,MacKenzie Weegar,D,FLA,2018-01,81.5,8,10.1875
8477346,MacKenzie Weegar,D,FLA,2018-02,53.5,7,7.6429
8477346,MacKenzie Weegar,D,FLA,2018-03,261.0,17,15.3529
8477346,MacKenzie Weegar,D,FLA,2018-04,97.5,5,19.5
8477353,Tyler Motte,C,VAN,2017-10,19.5,1,19.5
8477353,Tyler Motte,C,VAN,2017-11,112.5,13,8.6538
8477353,Tyler Motte,C,VAN,2017-12,95.5,9,10.6111
8477353,Tyler Motte,C,VAN,2018-01,64.5,8,8.0625
8477353,Tyler Motte,C,VAN,2018-02,12.5,1,12.5
8477353,Tyler Motte,C,VAN,2018-03,210.0,13,16.1538
8477353,Tyler Motte,C,VAN,2018-04,9.0,1,9.0
8477355,Will Butcher,D,NJD,2017-10,57.5,10,5.75
8477355,Will Butcher,D,NJD,2017-11,80.5,14,5.75
8477355,Will Butcher,D,NJD,2017-12,88.0,14,6.2857
8477355,Will Butcher,D,NJD,2018-01,61.5,11,5.5909
8477355,Will Butcher,D,NJD,2018-02,49.0,13,3.7692
8477355,Will Butcher,D,NJD,2018-03,64.0,15,4.2667
8477355,Will Butcher,D,NJD,2018-04,0.5,4,0.125
8477359,Tucker Poolman,D,WPG,2017-10,15.5,3,5.1667
8477359,Tucker Poolman,D,WPG,2017-12,49.0,10,4.9
8477359,Tucker Poolman,D,WPG,2018-01,9.0,1,9.0
8477359,Tucker Poolman,D,WPG,2018-02,2.0,1,2.0
8477359,Tucker Poolman,D,WPG,2018-03,34.5,6,5.75
8477359,Tucker Poolman,D,WPG,2018-04,33.5,3,11.1667
8477369,Carson Soucy,D,MIN,2018-04,46.5,3,15.5
8477380,Jonny Brodzinski,C,LAK,2017-10,8.0,3,2.6667
8477380,Jonny Brodzinski,C,LAK,2017-11,49.5,8,6.1875
8477380,Jonny Brodzinski,C,LAK,2017-12,56.0,10,5.6
8477380,Jonny Brodzinski,C,LAK,2018-01,21.5,3,7.1667
8477380,Jonny Brodzinski,C,LAK,2018-02,75.0,10,7.5
8477380,Jonny Brodzinski,C,LAK,2018-04,1.5,1,1.5
8477392,Hudson Fasching,R,BUF,2017-12,33.0,5,6.6
8477399,Tyrell Goulbourne,L,PHI,2018-01,63.5,9,7.0556
8477401,John Hayden,C,CHI,2017-10,194.5,12,16.2083
8477401,John Hayden,C,CHI,2017-11,144.5,12,12.0417
8477401,John Hayden,C,CHI,2017-12,195.5,13,15.0385
8477401,John Hayden,C,CHI,2018-01,26.5,2,13.25
8477401,John Hayden,C,CHI,2018-03,101.5,8,12.6875
8477402,Pavel Buchnevich,L,NYR,2017-10,102.5,13,7.8846
8477402,Pavel Buchnevich,L,NYR,2017-11,104.0,12,8.6667
8477402,Pavel Buchnevich,L,NYR,2017-12,67.5,13,5.1923
8477402,Pavel Buchnevich,L,NYR,2018-01,93.0,11,8.4545
8477402,Pavel Buchnevich,L,NYR,2018-02,54.0,7,7.7143
8477402,Pavel Buchnevich,L,NYR,2018-03,105.5,15,7.0333
8477402,Pavel Buchnevich,L,NYR,2018-04,33.0,3,11.0
8477404,Jake Guentzel,C,PIT,2017-10,151.5,13,11.6538
8477404,Jake Guentzel,C,PIT,2017-11,195.0,13,15.0
8477404,Jake Guentzel,C,PIT,2017-12,221.0,14,15.7857
8477404,Jake Guentzel,C,PIT,2018-01,175.5,12,14.625
8477404,Jake Guentzel,C,PIT,2018-02,174.5,12,14.5417
8477404,Jake Guentzel,C,PIT,2018-03,182.0,15,12.1333
8477404,Jake Guentzel,C,PIT,2018-04,60.0,3,20.0
8477406,Mattias Janmark,C,DAL,2017-10,87.5,12,7.2917
8477406,Mattias Janmark,C,DAL,2017-11,69.5,13,5.3462
8477406,Mattias Janmark,C,DAL,2017-12,84.5,15,5.6333
8477406,Mattias Janmark,C,DAL,2018-01,71.0,11,6.4545
8477406,Mattias Janmark,C,DAL,2018-02,81.5,12,6.7917
8477406,Mattias Janmark,C,DAL,2018-03,98.0,15,6.5333
8477406,Mattias Janmark,C,DAL,2018-04,16.5,3,5.5
8477407,Anthony Duclair,L,CHI,2017-10,90.0,11,8.1818
8477407,Anthony Duclair,L,CHI,2017-11,95.5,9,10.6111
8477407,Anthony Duclair,L,CHI,2017-12,103.5,11,9.4091
8477407,Anthony Duclair,L,CHI,2018-01,83.0,9,9.2222
8477407,Anthony Duclair,L,CHI,2018-02,84.5,10,8.45
8477407,Anthony Duclair,L,CHI,2018-03,71.0,6,11.8333
8477413,Sven Andrighetto,R,COL,2017-10,47.5,11,4.3182
8477413,Sven Andrighetto,R,COL,2017-11,66.5,11,6.0455
8477413,Sven Andrighetto,R,COL,2017-12,97.0,15,6.4667
8477413,Sven Andrighetto,R,COL,2018-03,81.5,9,9.0556
8477413,Sven Andrighetto,R,COL,2018-04,39.5,4,9.875
8477415,Anton Slepyshev,L,EDM,2017-10,65.5,7,9.3571
8477415,Anton Slepyshev,L,EDM,2017-11,58.0,6,9.6667
8477415,Anton Slepyshev,L,EDM,2017-12,47.5,3,15.8333
8477415,Anton Slepyshev,L,EDM,2018-01,23.0,4,5.75
8477415,Anton Slepyshev,L,EDM,2018-02,121.0,13,9.3077
8477415,Anton Slepyshev,L,EDM,2018-03,120.5,14,8.6071
8477415,Anton Slepyshev,L,EDM,2018-04,6.5,3,2.1667
8477416,Oliver Bjorkstrand,R,CBJ,2017-10,82.5,12,6.875
8477416,Oliver Bjorkstrand,R,CBJ,2017-11,104.5,13,8.0385
8477416,Oliver Bjorkstrand,R,CBJ,2017-12,129.0,15,8.6
8477416,Oliver Bjorkstrand,R,CBJ,2018-01,81.5,10,8.15
8477416,Oliver Bjorkstrand,R,CBJ,2018-02,95.5,13,7.3462
8477416,Oliver Bjorkstrand,R,CBJ,2018-03,95.0,16,5.9375
8477416,Oliver Bjorkstrand,R,CBJ,2018-04,16.0,3,5.3333
8477417,Peter Cehlarik,L,BOS,2017-11,23.0,5,4.6
8477417,Peter Cehlarik,L,BOS,2018-02,6.0,1,6.0
8477424,Juuse Saros,G,NSH,2017-10,5.5,0,0.0
8477424,Juuse Saros,G,NSH,2017-11,-5.0,0,0.0
8477424,Juuse Saros,G,NSH,2017-12,0.5,0,0.0
8477424,Juuse Saros,G,NSH,2018-01,-5.0,0,0.0
8477424,Juuse Saros,G,NSH,2018-02,-2.5,0,0.0
8477424,Juuse Saros,G,NSH,2018-03,-5.0,0,0.0
8477424,Juuse Saros,G,NSH,2018-04,-5.0,0,0.0
8477425,Miles Wood,L,NJD,2017-10,94.5,9,10.5
8477425,Miles Wood,L,NJD,2017-11,169.0,14,12.0714
8477425,Miles Wood,L,NJD,2017-12,158.0,14,11.2857
8477425,Miles Wood,L,NJD,2018-01,152.0,11,13.8182
8477425,Miles Wood,L,NJD,2018-02,150.5,12,12.5417
8477425,Miles Wood,L,NJD,2018-03,101.5,12,8.4583
8477425,Miles Wood,L,NJD,2018-04,37.0,4,9.25
8477426,Nick Paul,L,OTT,2017-11,21.5,4,5.375
8477426,Nick Paul,L,OTT,2017-12,53.5,7,7.6429
8477428,Justin Auger,R,LAK,2017-10,19.0,2,9.5
8477429,Andrew Copp,C,WPG,2017-10,137.0,11,12.4545
8477429,Andrew Copp,C,WPG,2017-11,92.0,14,6.5714
8477429,Andrew Copp,C,WPG,2017-12,169.0,15,11.2667
8477429,Andrew Copp,C,WPG,2018-01,135.5,11,12.3182
8477429,Andrew Copp,C,WPG,2018-02,130.0,12,10.8333
8477429,Andrew Copp,C,WPG,2018-03,200.5,15,13.3667
8477429,Andrew Copp,C,WPG,2018-04,51.5,4,12.875
8477433,Ben Harpur,D,OTT,2017-10,1.5,1,1.5
8477433,Ben Harpur,D,OTT,2017-11,75.5,7,10.7857
8477433,Ben Harpur,D,OTT,2017-12,115.0,8,14.375
8477433,Ben Harpur,D,OTT,2018-01,44.0,4,11.0
8477433,Ben Harpur,D,OTT,2018-02,35.5,5,7.1
8477433,Ben Harpur,D,OTT,2018-03,152.5,13,11.7308
8477433,Ben Harpur,D,OTT,2018-04,42.5,3,14.1667
8477444,Andre Burakovsky,L,WSH,2017-10,53.5,9,5.9444
8477444,Andre Burakovsky,L,WSH,2017-12,61.5,10,6.15
8477444,Andre Burakovsky,L,WSH,2018-01,64.0,6,10.6667
8477444,Andre Burakovsky,L,WSH,2018-02,95.0,13,7.3077
8477444,Andre Burakovsky,L,WSH,2018-03,103.0,14,7.3571
8477444,Andre Burakovsky,L,WSH,2018-04,34.0,4,8.5
8477446,Michael McCarron,R,MTL,2017-10,112.5,4,28.125
8477446,Michael McCarron,R,MTL,2017-11,48.0,4,12.0
8477446,Michael McCarron,R,MTL,2018-03,124.5,6,20.75
8477446,Michael McCarron,R,MTL,2018-04,75.5,4,18.875
8477447,Shea Theodore,D,VGK,2017-10,1.5,1,1.5
8477447,Shea Theodore,D,VGK,2017-11,83.0,9,9.2222
8477447,Shea Theodore,D,VGK,2017-12,90.5,12,7.5417
8477447,Shea Theodore,D,VGK,2018-01,82.0,12,6.8333
8477447,Shea Theodore,D,VGK,2018-02,46.5,8,5.8125
8477447,Shea Theodore,D,VGK,2018-03,134.5,16,8.4062
8477447,Shea Theodore,D,VGK,2018-04,19.5,3,6.5
8477448,Marko Dano,C,WPG,2017-10,23.0,6,3.8333
8477448,Marko Dano,C,WPG,2017-12,13.0,1,13.0
8477448,Marko Dano,C,WPG,2018-01,78.5,10,7.85
8477448,Marko Dano,C,WPG,2018-02,22.5,3,7.5
8477448,Marko Dano,C,WPG,2018-03,13.0,2,6.5
8477448,Marko Dano,C,WPG,2018-04,15.0,1,15.0
8477449,Morgan Klimchuk,L,CGY,2018-02,9.5,1,9.5
8477450,Jason Dickinson,C,DAL,2017-11,45.5,4,11.375
8477450,Jason Dickinson,C,DAL,2017-12,5.5,1,5.5
8477450,Jason Dickinson,C,DAL,2018-01,51.5,5,10.3
8477450,Jason Dickinson,C,DAL,2018-02,31.0,3,10.3333
8477450,Jason Dickinson,C,DAL,2018-03,144.5,14,10.3214
8477451,Ryan Hartman,R,NSH,2017-10,175.0,12,14.5833
8477451,Ryan Hartman,R,NSH,2017-11,133.5,12,11.125
8477451,Ryan Hartman,R,NSH,2017-12,135.5,11,12.3182
8477451,Ryan Hartman,R,NSH,2018-01,153.0,11,13.9091
8477451,Ryan Hartman,R,NSH,2018-02,192.5,12,16.0417
8477451,Ryan Hartman,R,NSH,2018-03,156.0,16,9.75
8477451,Ryan Hartman,R,NSH,2018-04,39.0,4,9.75
8477452,Ian McCoshen,D,FLA,2017-10,88.0,10,8.8
8477452,Ian McCoshen,D,FLA,2017-11,126.0,11,11.4545
8477452,Ian McCoshen,D,FLA,2017-12,87.5,6,14.5833
8477452,Ian McCoshen,D,FLA,2018-01,23.5,2,11.75
8477452,Ian McCoshen,D,FLA,2018-02,45.5,5,9.1
8477452,Ian McCoshen,D,FLA,2018-03,32.0,3,10.6667
8477452,Ian McCoshen,D,FLA,2018-04,0.0,1,0.0
8477453,Chris Bigras,D,COL,2017-10,55.5,9,6.1667
8477453,Chris Bigras,D,COL,2017-11,50.0,6,8.3333
8477454,Adam Erne,L,TBL,2018-02,89.0,11,8.0909
8477454,Adam Erne,L,TBL,2018-03,99.0,12,8.25
8477455,Jacob de la Rose,L,MTL,2017-10,43.0,6,7.1667
8477455,Jacob de la Rose,L,MTL,2017-11,127.0,12,10.5833
8477455,Jacob de la Rose,L,MTL,2017-12,37.5,3,12.5
8477455,Jacob de la Rose,L,MTL,2018-01,117.0,10,11.7
8477455,Jacob de la Rose,L,MTL,2018-02,89.5,5,17.9
8477455,Jacob de la Rose,L,MTL,2018-03,324.5,15,21.6333
8477455,Jacob de la Rose,L,MTL,2018-04,78.5,4,19.625
8477456,J.T. Compher,L,COL,2017-10,96.0,8,12.0
8477456,J.T. Compher,L,COL,2017-11,100.5,9,11.1667
8477456,J.T. Compher,L,COL,2017-12,174.0,14,12.4286
8477456,J.T. Compher,L,COL,2018-01,49.0,5,9.8
8477456,J.T. Compher,L,COL,2018-02,136.5,14,9.75
8477456,J.T. Compher,L,COL,2018-03,151.5,15,10.1
8477456,J.T. Compher,L,COL,2018-04,22.0,4,5.5
8477458,Valentin Zykov,L,CAR,2018-03,50.5,7,7.2143
8477458,Valentin Zykov,L,CAR,2018-04,5.0,3,1.6667
8477460,Laurent Dauphin,C,ARI,2018-03,16.0,2,8.0
8477461,Remi Elie,L,DAL,2017-10,74.0,9,8.2222
8477461,Remi Elie,L,DAL,2017-11,76.0,10,7.6
8477461,Remi Elie,L,DAL,2017-12,127.5,15,8.5
8477461,Remi Elie,L,DAL,2018-01,78.5,9,8.7222
8477461,Remi Elie,L,DAL,2018-02,129.0,12,10.75
8477461,Remi Elie,L,DAL,2018-03,117.0,15,7.8
8477461,Remi Elie,L,DAL,2018-04,23.5,2,11.75
8477462,Robert Hagg,D,PHI,2017-10,190.0,12,15.8333
8477462,Robert Hagg,D,PHI,2017-11,225.5,13,17.3462
8477462,Robert Hagg,D,PHI,2017-12,223.0,13,17.1538
8477462,Robert Hagg,D,PHI,2018-01,255.5,12,21.2917
8477462,Robert Hagg,D,PHI,2018-02,219.5,13,16.8846
8477462,Robert Hagg,D,PHI,2018-03,90.5,7,12.9286
8477463,Steven Santini,D,NJD,2017-10,134.0,9,14.8889
8477463,Steven Santini,D,NJD,2017-11,266.5,13,20.5
8477463,Steven Santini,D,NJD,2017-12,234.0,11,21.2727
8477463,Steven Santini,D,NJD,2018-01,63.0,3,21.0
8477464,Nic Petan,C,WPG,2017-10,13.5,6,2.25
8477464,Nic Petan,C,WPG,2018-02,38.5,9,4.2778
8477465,Tristan Jarry,G,PIT,2017-11,-4.0,0,0.0
8477465,Tristan Jarry,G,PIT,2017-12,-2.0,0,0.0
8477465,Tristan Jarry,G,PIT,2018-01,-2.5,0,0.0
8477465,Tristan Jarry,G,PIT,2018-02,-2.5,0,0.0
8477465,Tristan Jarry,G,PIT,2018-03,3.5,0,0.0
8477467,Gustav Olofsson,D,MIN,2017-10,16.0,5,3.2
8477467,Gustav Olofsson,D,MIN,2017-11,62.5,11,5.6818
8477467,Gustav Olofsson,D,MIN,2017-12,22.0,3,7.3333
8477467,Gustav Olofsson,D,MIN,2018-01,81.0,9,9.0
8477467,Gustav Olofsson,D,MIN,2018-02,83.0,7,11.8571
8477467,Gustav Olofsson,D,MIN,2018-03,37.0,6,6.1667
8477471,Dillon Heatherington,D,DAL,2018-01,51.0,4,12.75
8477471,Dillon Heatherington,D,DAL,2018-02,10.5,1,10.5
8477471,Dillon Heatherington,D,DAL,2018-04,7.0,1,7.0
8477472,Carl Dahlstrom,D,CHI,2018-02,47.0,7,6.7143
8477472,Carl Dahlstrom,D,CHI,2018-03,23.5,4,5.875
8477473,Justin Bailey,R,BUF,2017-10,73.5,7,10.5
8477473,Justin Bailey,R,BUF,2018-03,60.5,5,12.1
8477474,Madison Bowey,D,WSH,2017-10,41.0,7,5.8571
8477474,Madison Bowey,D,WSH,2017-11,111.0,13,8.5385
8477474,Madison Bowey,D,WSH,2017-12,111.5,12,9.2917
8477474,Madison Bowey,D,WSH,2018-01,55.5,10,5.55
8477474,Madison Bowey,D,WSH,2018-02,71.0,9,7.8889
8477476,Artturi Lehkonen,L,MTL,2017-10,95.0,12,7.9167
8477476,Artturi Lehkonen,L,MTL,2017-11,46.5,6,7.75
8477476,Artturi Lehkonen,L,MTL,2017-12,31.0,5,6.2
8477476,Artturi Lehkonen,L,MTL,2018-01,83.0,11,7.5455
8477476,Artturi Lehkonen,L,MTL,2018-02,115.0,13,8.8462
8477476,Artturi Lehkonen,L,MTL,2018-03,178.5,15,11.9
8477476,Artturi Lehkonen,L,MTL,2018-04,25.5,4,6.375
8477478,William Carrier,L,VGK,2017-10,170.0,11,15.4545
8477478,William Carrier,L,VGK,2017-11,108.0,9,12.0
8477478,William Carrier,L,VGK,2018-01,169.0,11,15.3636
8477478,William Carrier,L,VGK,2018-02,64.0,3,21.3333
8477478,William Carrier,L,VGK,2018-04,59.5,3,19.8333
8477479,Tyler Bertuzzi,L,DET,2017-12,62.0,5,12.4
8477479,Tyler Bertuzzi,L,DET,2018-01,132.5,11,12.0455
8477479,Tyler Bertuzzi,L,DET,2018-02,111.0,13,8.5385
8477479,Tyler Bertuzzi,L,DET,2018-03,228.0,16,14.25
8477479,Tyler Bertuzzi,L,DET,2018-04,57.0,3,19.0
8477480,Eric Comrie,G,WPG,2017-12,-2.5,0,0.0
8477488,Brett Pesce,D,CAR,2017-10,146.0,10,14.6
8477488,Brett Pesce,D,CAR,2017-11,104.5,10,10.45
8477488,Brett Pesce,D,CAR,2017-12,199.5,15,13.3
8477488,Brett Pesce,D,CAR,2018-01,71.0,7,10.1429
8477488,Brett Pesce,D,CAR,2018-02,140.5,13,10.8077
8477488,Brett Pesce,D,CAR,2018-03,108.5,10,10.85
8477491,Nick Baptiste,R,BUF,2017-11,10.5,4,2.625
8477491,Nick Baptiste,R,BUF,2018-01,26.0,3,8.6667
8477491,Nick Baptiste,R,BUF,2018-02,42.0,8,5.25
8477491,Nick Baptiste,R,BUF,2018-03,71.0,14,5.0714
8477491,Nick Baptiste,R,BUF,2018-04,20.5,4,5.125
8477492,Nathan MacKinnon,C,COL,2017-10,98.0,11,8.9091
8477492,Nathan MacKinnon,C,COL,2017-11,120.5,12,10.0417
8477492,Nathan MacKinnon,C,COL,2017-12,196.5,15,13.1
8477492,Nathan MacKinnon,C,COL,2018-01,154.0,11,14.0
8477492,Nathan MacKinnon,C,COL,2018-02,62.0,6,10.3333
8477492,Nathan MacKinnon,C,COL,2018-03,140.5,15,9.3667
8477492,Nathan MacKinnon,C,COL,2018-04,69.0,4,17.25
8477493,Aleksander Barkov,C,FLA,2017-10,211.5,11,19.2273
8477493,Aleksander Barkov,C,FLA,2017-11,272.0,13,20.9231
8477493,Aleksander Barkov,C,FLA,2017-12,233.0,13,17.9231
8477493,Aleksander Barkov,C,FLA,2018-01,208.0,10,20.8
8477493,Aleksander Barkov,C,FLA,2018-02,234.5,12,19.5417
8477493,Aleksander Barkov,C,FLA,2018-03,353.0,17,20.7647
8477493,Aleksander Barkov,C,FLA,2018-04,54.5,3,18.1667
8477494,Jonathan Drouin,L,MTL,2017-10,124.0,12,10.3333
8477494,Jonathan Drouin,L,MTL,2017-11,91.0,13,7.0
8477494,Jonathan Drouin,L,MTL,2017-12,86.0,9,9.5556
8477494,Jonathan Drouin,L,MTL,2018-01,125.0,11,11.3636
8477494,Jonathan Drouin,L,MTL,2018-02,125.0,13,9.6154
8477494,Jonathan Drouin,L,MTL,2018-03,157.0,15,10.4667
8477494,Jonathan Drouin,L,MTL,2018-04,22.5,4,5.625
8477495,Seth Jones,D,CBJ,2017-10,177.5,12,14.7917
8477495,Seth Jones,D,CBJ,2017-11,136.0,13,10.4615
8477495,Seth Jones,D,CBJ,2017-12,233.5,15,15.5667
8477495,Seth Jones,D,CBJ,2018-01,145.0,10,14.5
8477495,Seth Jones,D,CBJ,2018-02,151.5,13,11.6538
8477495,Seth Jones,D,CBJ,2018-03,188.5,13,14.5
8477495,Seth Jones,D,CBJ,2018-04,27.5,2,13.75
8477496,Elias Lindholm,C,CAR,2017-10,135.5,10,13.55
8477496,Elias Lindholm,C,CAR,2017-11,175.0,13,13.4615
8477496,Elias Lindholm,C,CAR,2017-12,170.0,15,11.3333
8477496,Elias Lindholm,C,CAR,2018-01,128.5,11,11.6818
8477496,Elias Lindholm,C,CAR,2018-02,156.0,13,12.0
8477496,Elias Lindholm,C,CAR,2018-03,253.5,16,15.8438
8477496,Elias Lindholm,C,CAR,2018-04,32.0,3,10.6667
8477497,Sean Monahan,C,CGY,2017-10,106.0,12,8.8333
8477497,Sean Monahan,C,CGY,2017-11,145.5,13,11.1923
8477497,Sean Monahan,C,CGY,2017-12,162.5,14,11.6071
8477497,Sean Monahan,C,CGY,2018-01,115.5,10,11.55
8477497,Sean Monahan,C,CGY,2018-02,150.5,15,10.0333
8477497,Sean Monahan,C,CGY,2018-03,105.0,10,10.5
8477498,Darnell Nurse,D,EDM,2017-10,167.5,10,16.75
8477498,Darnell Nurse,D,EDM,2017-11,212.0,16,13.25
8477498,Darnell Nurse,D,EDM,2017-12,171.0,13,13.1538
8477498,Darnell Nurse,D,EDM,2018-01,175.0,10,17.5
8477498,Darnell Nurse,D,EDM,2018-02,184.5,14,13.1786
8477498,Darnell Nurse,D,EDM,2018-03,221.5,16,13.8438
8477498,Darnell Nurse,D,EDM,2018-04,45.0,3,15.0
8477499,Rasmus Ristolainen,D,BUF,2017-10,205.0,12,17.0833
8477499,Rasmus Ristolainen,D,BUF,2017-11,94.5,4,23.625
8477499,Rasmus Ristolainen,D,BUF,2017-12,215.0,13,16.5385
8477499,Rasmus Ristolainen,D,BUF,2018-01,165.5,12,13.7917
8477499,Rasmus Ristolainen,D,BUF,2018-02,297.5,14,21.25
8477499,Rasmus Ristolainen,D,BUF,2018-03,231.5,14,16.5357
8477499,Rasmus Ristolainen,D,BUF,2018-04,65.5,4,16.375
8477500,Bo Horvat,C,VAN,2017-10,204.0,11,18.5455
8477500,Bo Horvat,C,VAN,2017-11,257.5,15,17.1667
8477500,Bo Horvat,C,VAN,2017-12,25.0,2,12.5
8477500,Bo Horvat,C,VAN,2018-01,44.5,4,11.125
8477500,Bo Horvat,C,VAN,2018-02,183.5,14,13.1071
8477500,Bo Horvat,C,VAN,2018-03,253.0,15,16.8667
8477500,Bo Horvat,C,VAN,2018-04,44.5,3,14.8333
8477502,Samuel Morin,D,PHI,2017-11,38.0,2,19.0
8477503,Max Domi,C,ARI,2017-10,82.5,13,6.3462
8477503,Max Domi,C,ARI,2017-11,64.5,15,4.3
8477503,Max Domi,C,ARI,2017-12,129.5,13,9.9615
8477503,Max Domi,C,ARI,2018-01,118.0,9,13.1111
8477503,Max Domi,C,ARI,2018-02,123.0,12,10.25
8477503,Max Domi,C,ARI,2018-03,138.5,17,8.1471
8477503,Max Domi,C,ARI,2018-04,25.0,3,8.3333
8477504,Josh Morrissey,D,WPG,2017-10,208.5,11,18.9545
8477504,Josh Morrissey,D,WPG,2017-11,208.0,14,14.8571
8477504,Josh Morrissey,D,WPG,2017-12,214.5,15,14.3
8477504,Josh Morrissey,D,WPG,2018-01,200.5,11,18.2273
8477504,Josh Morrissey,D,WPG,2018-02,173.5,12,14.4583
8477504,Josh Morrissey,D,WPG,2018-03,230.0,15,15.3333
8477504,Josh Morrissey,D,WPG,2018-04,36.0,3,12.0
8477505,Alexander Wennberg,C,CBJ,2017-10,144.5,12,12.0417
8477505,Alexander Wennberg,C,CBJ,2017-11,53.0,7,7.5714
8477505,Alexander Wennberg,C,CBJ,2017-12,123.5,11,11.2273
8477505,Alexander Wennberg,C,CBJ,2018-01,90.5,6,15.0833
8477505,Alexander Wennberg,C,CBJ,2018-02,122.5,13,9.4231
8477505,Alexander Wennberg,C,CBJ,2018-03,98.5,15,6.5667
8477505,Alexander Wennberg,C,CBJ,2018-04,5.0,2,2.5
8477506,Ryan Pulock,D,NYI,2017-10,27.0,4,6.75
8477506,Ryan Pulock,D,NYI,2017-11,86.5,7,12.3571
8477506,Ryan Pulock,D,NYI,2017-12,176.5,14,12.6071
8477506,Ryan Pulock,D,NYI,2018-01,149.5,13,11.5
8477506,Ryan Pulock,D,NYI,2018-02,199.5,12,16.625
8477506,Ryan Pulock,D,NYI,2018-03,138.0,15,9.2
8477506,Ryan Pulock,D,NYI,2018-04,9.0,3,3.0
8477507,Nikita Zadorov,D,COL,2017-10,141.5,8,17.6875
8477507,Nikita Zadorov,D,COL,2017-11,164.0,10,16.4
8477507,Nikita Zadorov,D,COL,2017-12,259.5,15,17.3
8477507,Nikita Zadorov,D,COL,2018-01,232.0,11,21.0909
8477507,Nikita Zadorov,D,COL,2018-02,254.5,14,18.1786
8477507,Nikita Zadorov,D,COL,2018-03,388.0,15,25.8667
8477507,Nikita Zadorov,D,COL,2018-04,89.0,4,22.25
8477508,Curtis Lazar,C,CGY,2017-10,83.5,8,10.4375
8477508,Curtis Lazar,C,CGY,2017-11,92.0,9,10.2222
8477508,Curtis Lazar,C,CGY,2017-12,63.5,8,7.9375
8477508,Curtis Lazar,C,CGY,2018-01,88.5,11,8.0455
8477508,Curtis Lazar,C,CGY,2018-02,163.0,13,12.5385
8477508,Curtis Lazar,C,CGY,2018-03,165.5,13,12.7308
8477508,Curtis Lazar,C,CGY,2018-04,18.0,3,6.0
8477509,Mirco Mueller,D,NJD,2017-10,98.5,6,16.4167
8477509,Mirco Mueller,D,NJD,2017-11,68.5,7,9.7857
8477509,Mirco Mueller,D,NJD,2018-01,3.0,1,3.0
8477509,Mirco Mueller,D,NJD,2018-02,49.0,6,8.1667
8477509,Mirco Mueller,D,NJD,2018-03,29.5,4,7.375
8477509,Mirco Mueller,D,NJD,2018-04,30.5,4,7.625
8477510,Kerby Rychel,L,MTL,2018-04,81.5,4,20.375
8477511,Anthony Mantha,R,DET,2017-10,138.0,13,10.6154
8477511,Anthony Mantha,R,DET,2017-11,86.0,13,6.6154
8477511,Anthony Mantha,R,DET,2017-12,73.5,10,7.35
8477511,Anthony Mantha,R,DET,2018-01,93.5,11,8.5
8477511,Anthony Mantha,R,DET,2018-02,141.5,14,10.1071
8477511,Anthony Mantha,R,DET,2018-03,116.5,16,7.2812
8477511,Anthony Mantha,R,DET,2018-04,15.0,3,5.0
8477512,Frederik Gauthier,C,TOR,2018-01,106.0,9,11.7778
8477520,Jean-Sebastien Dea,C,PIT,2018-01,49.0,5,9.8
8477527,Ross Johnston,L,NYI,2018-01,27.5,3,9.1667
8477527,Ross Johnston,L,NYI,2018-02,119.0,9,13.2222
8477527,Ross Johnston,L,NYI,2018-03,87.0,10,8.7
8477527,Ross Johnston,L,NYI,2018-04,31.0,2,15.5
8477529,Colby Cave,C,BOS,2017-12,10.0,1,10.0
8477529,Colby Cave,C,BOS,2018-04,24.5,2,12.25
8477541,Dakota Mermis,D,ARI,2017-11,36.0,7,5.1429
8477541,Dakota Mermis,D,ARI,2018-04,13.0,2,6.5
8477573,Nathan Walker,L,EDM,2017-10,36.0,4,9.0
8477573,Nathan Walker,L,EDM,2017-11,40.0,3,13.3333
8477573,Nathan Walker,L,EDM,2017-12,26.5,2,13.25
8477583,Curtis Valk,C,FLA,2017-11,3.0,1,3.0
8477591,Josh Jooris,R,PIT,2017-10,66.0,6,11.0
8477591,Josh Jooris,R,PIT,2017-11,116.5,11,10.5909
8477591,Josh Jooris,R,PIT,2017-12,88.5,8,11.0625
8477591,Josh Jooris,R,PIT,2018-01,49.0,5,9.8
8477591,Josh Jooris,R,PIT,2018-02,22.0,1,22.0
8477591,Josh Jooris,R,PIT,2018-03,48.5,6,8.0833
8477591,Josh Jooris,R,PIT,2018-04,36.5,3,12.1667
8477634,Trevor Murphy,D,ARI,2018-03,42.5,5,8.5
8477634,Trevor Murphy,D,ARI,2018-04,30.0,3,10.0
8477642,Rinat Valiev,D,MTL,2018-03,9.5,2,4.75
8477810,Joel Hanley,D,ARI,2017-11,12.0,3,4.0
8477810,Joel Hanley,D,ARI,2017-12,6.0,1,6.0
8477810,Joel Hanley,D,ARI,2018-04,3.0,1,3.0
8477839,Conor Sheary,L,PIT,2017-10,76.5,13,5.8846
8477839,Conor Sheary,L,PIT,2017-11,106.0,13,8.1538
8477839,Conor Sheary,L,PIT,2017-12,83.0,14,5.9286
8477839,Conor Sheary,L,PIT,2018-01,60.0,12,5.0
8477839,Conor Sheary,L,PIT,2018-02,48.5,9,5.3889
8477839,Conor Sheary,L,PIT,2018-03,113.0,15,7.5333
8477839,Conor Sheary,L,PIT,2018-04,17.5,3,5.8333
8477845,Trevor van Riemsdyk,D,CAR,2017-10,47.5,7,6.7857
8477845,Trevor van Riemsdyk,D,CAR,2017-11,108.5,13,8.3462
8477845,Trevor van Riemsdyk,D,CAR,2017-12,126.5,15,8.4333
8477845,Trevor van Riemsdyk,D,CAR,2018-01,114.5,12,9.5417
8477845,Trevor van Riemsdyk,D,CAR,2018-02,144.0,13,11.0769
8477845,Trevor van Riemsdyk,D,CAR,2018-03,143.0,16,8.9375
8477845,Trevor van Riemsdyk,D,CAR,2018-04,20.5,3,6.8333
8477846,Ryan Carpenter,C,VGK,2017-10,138.0,9,15.3333
8477846,Ryan Carpenter,C,VGK,2017-11,41.5,3,13.8333
8477846,Ryan Carpenter,C,VGK,2017-12,44.5,4,11.125
8477846,Ryan Carpenter,C,VGK,2018-01,35.5,4,8.875
8477846,Ryan Carpenter,C,VGK,2018-02,208.0,13,16.0
8477846,Ryan Carpenter,C,VGK,2018-03,180.5,16,11.2812
8477846,Ryan Carpenter,C,VGK,2018-04,14.5,3,4.8333
8477850,Christian Folin,D,LAK,2017-10,162.0,10,16.2
8477850,Christian Folin,D,LAK,2017-11,140.5,8,17.5625
8477850,Christian Folin,D,LAK,2017-12,109.0,8,13.625
8477850,Christian Folin,D,LAK,2018-01,178.5,9,19.8333
8477850,Christian Folin,D,LAK,2018-02,263.0,14,18.7857
8477850,Christian Folin,D,LAK,2018-03,179.5,13,13.8077
8477850,Christian Folin,D,LAK,2018-04,53.5,3,17.8333
8477851,Jordan Oesterle,D,CHI,2017-10,29.5,3,9.8333
8477851,Jordan Oesterle,D,CHI,2017-12,125.5,9,13.9444
8477851,Jordan Oesterle,D,CHI,2018-01,158.5,12,13.2083
8477851,Jordan Oesterle,D,CHI,2018-02,150.0,12,12.5
8477851,Jordan Oesterle,D,CHI,2018-03,226.0,16,14.125
8477851,Jordan Oesterle,D,CHI,2018-04,11.5,2,5.75
8477901,Daniel Carr,L,MTL,2017-11,9.5,1,9.5
8477901,Daniel Carr,L,MTL,2017-12,116.5,12,9.7083
8477901,Daniel Carr,L,MTL,2018-01,15.0,3,5.0
8477901,Daniel Carr,L,MTL,2018-02,51.0,6,8.5
8477901,Daniel Carr,L,MTL,2018-03,85.5,12,7.125
8477901,Daniel Carr,L,MTL,2018-04,45.5,4,11.375
8477903,Garnet Hathaway,R,CGY,2017-10,16.5,1,16.5
8477903,Garnet Hathaway,R,CGY,2017-11,9.0,1,9.0
8477903,Garnet Hathaway,R,CGY,2017-12,213.5,14,15.25
8477903,Garnet Hathaway,R,CGY,2018-01,162.0,11,14.7273
8477903,Garnet Hathaway,R,CGY,2018-02,279.0,15,18.6
8477903,Garnet Hathaway,R,CGY,2018-03,172.5,14,12.3214
8477903,Garnet Hathaway,R,CGY,2018-04,37.5,3,12.5
8477919,Frederick Gaudreau,C,NSH,2017-10,56.5,6,9.4167
8477919,Frederick Gaudreau,C,NSH,2017-11,52.0,7,7.4286
8477919,Frederick Gaudreau,C,NSH,2017-12,30.0,5,6.0
8477919,Frederick Gaudreau,C,NSH,2018-01,7.5,2,3.75
8477922,Melker Karlsson,C,SJS,2017-10,151.5,11,13.7727
8477922,Melker Karlsson,C,SJS,2017-11,104.5,8,13.0625
8477922,Melker Karlsson,C,SJS,2017-12,150.5,11,13.6818
8477922,Melker Karlsson,C,SJS,2018-01,143.0,14,10.2143
8477922,Melker Karlsson,C,SJS,2018-02,144.5,14,10.3214
8477922,Melker Karlsson,C,SJS,2018-03,108.0,12,9.0
8477922,Melker Karlsson,C,SJS,2018-04,14.5,1,14.5
8477929,Dennis Rasmussen,C,ANA,2017-10,80.5,9,8.9444
8477929,Dennis Rasmussen,C,ANA,2017-11,93.0,11,8.4545
8477929,Dennis Rasmussen,C,ANA,2017-12,32.5,7,4.6429
8477930,Pierre-Edouard Bellemare,L,VGK,2017-10,137.0,11,12.4545
8477930,Pierre-Edouard Bellemare,L,VGK,2017-11,171.0,13,13.1538
8477930,Pierre-Edouard Bellemare,L,VGK,2017-12,252.0,13,19.3846
8477930,Pierre-Edouard Bellemare,L,VGK,2018-01,123.5,10,12.35
8477930,Pierre-Edouard Bellemare,L,VGK,2018-02,94.5,9,10.5
8477930,Pierre-Edouard Bellemare,L,VGK,2018-03,177.0,14,12.6429
8477930,Pierre-Edouard Bellemare,L,VGK,2018-04,10.5,2,5.25
8477931,Tomas Nosek,L,VGK,2017-10,84.0,11,7.6364
8477931,Tomas Nosek,L,VGK,2017-11,99.5,11,9.0455
8477931,Tomas Nosek,L,VGK,2017-12,104.0,13,8.0
8477931,Tomas Nosek,L,VGK,2018-01,17.0,6,2.8333
8477931,Tomas Nosek,L,VGK,2018-02,70.0,8,8.75
8477931,Tomas Nosek,L,VGK,2018-03,135.0,16,8.4375
8477931,Tomas Nosek,L,VGK,2018-04,10.0,2,5.0
8477932,Aaron Ekblad,D,FLA,2017-10,80.5,11,7.3182
8477932,Aaron Ekblad,D,FLA,2017-11,172.0,13,13.2308
8477932,Aaron Ekblad,D,FLA,2017-12,152.5,14,10.8929
8477932,Aaron Ekblad,D,FLA,2018-01,95.0,10,9.5
8477932,Aaron Ekblad,D,FLA,2018-02,83.0,12,6.9167
8477932,Aaron Ekblad,D,FLA,2018-03,146.0,17,8.5882
8477932,Aaron Ekblad,D,FLA,2018-04,45.5,5,9.1
8477933,Sam Reinhart,C,BUF,2017-10,107.0,12,8.9167
8477933,Sam Reinhart,C,BUF,2017-11,103.0,13,7.9231
8477933,Sam Reinhart,C,BUF,2017-12,106.5,13,8.1923
8477933,Sam Reinhart,C,BUF,2018-01,125.5,12,10.4583
8477933,Sam Reinhart,C,BUF,2018-02,129.0,14,9.2143
8477933,Sam Reinhart,C,BUF,2018-03,177.0,14,12.6429
8477933,Sam Reinhart,C,BUF,2018-04,25.0,4,6.25
8477934,Leon Draisaitl,C,EDM,2017-10,66.0,6,11.0
8477934,Leon Draisaitl,C,EDM,2017-11,197.5,16,12.3438
8477934,Leon Draisaitl,C,EDM,2017-12,196.0,13,15.0769
8477934,Leon Draisaitl,C,EDM,2018-01,111.5,10,11.15
8477934,Leon Draisaitl,C,EDM,2018-02,245.5,14,17.5357
8477934,Leon Draisaitl,C,EDM,2018-03,235.5,16,14.7188
8477934,Leon Draisaitl,C,EDM,2018-04,41.5,3,13.8333
8477935,Sam Bennett,C,CGY,2017-10,128.0,12,10.6667
8477935,Sam Bennett,C,CGY,2017-11,159.5,13,12.2692
8477935,Sam Bennett,C,CGY,2017-12,138.5,14,9.8929
8477935,Sam Bennett,C,CGY,2018-01,144.5,11,13.1364
8477935,Sam Bennett,C,CGY,2018-02,163.0,15,10.8667
8477935,Sam Bennett,C,CGY,2018-03,219.5,14,15.6786
8477935,Sam Bennett,C,CGY,2018-04,19.5,3,6.5
8477936,Michael Dal Colle,L,NYI,2018-01,12.5,4,3.125
8477937,Jake Virtanen,R,VAN,2017-10,106.5,10,10.65
8477937,Jake Virtanen,R,VAN,2017-11,95.0,12,7.9167
8477937,Jake Virtanen,R,VAN,2017-12,149.0,13,11.4615
8477937,Jake Virtanen,R,VAN,2018-01,74.0,9,8.2222
8477937,Jake Virtanen,R,VAN,2018-02,183.0,14,13.0714
8477937,Jake Virtanen,R,VAN,2018-03,214.0,14,15.2857
8477937,Jake Virtanen,R,VAN,2018-04,53.5,3,17.8333
8477938,Haydn Fleury,D,CAR,2017-10,87.5,10,8.75
8477938,Haydn Fleury,D,CAR,2017-11,161.0,12,13.4167
8477938,Haydn Fleury,D,CAR,2017-12,59.0,8,7.375
8477938,Haydn Fleury,D,CAR,2018-01,143.0,10,14.3
8477938,Haydn Fleury,D,CAR,2018-02,213.0,10,21.3
8477938,Haydn Fleury,D,CAR,2018-03,101.5,14,7.25
8477938,Haydn Fleury,D,CAR,2018-04,38.5,3,12.8333
8477939,William Nylander,C,TOR,2017-10,111.0,12,9.25
8477939,William Nylander,C,TOR,2017-11,112.0,15,7.4667
8477939,William Nylander,C,TOR,2017-12,82.5,13,6.3462
8477939,William Nylander,C,TOR,2018-01,98.0,12,8.1667
8477939,William Nylander,C,TOR,2018-02,112.5,14,8.0357
8477939,William Nylander,C,TOR,2018-03,129.5,13,9.9615
8477939,William Nylander,C,TOR,2018-04,21.0,3,7.0
8477940,Nikolaj Ehlers,L,WPG,2017-10,93.5,11,8.5
8477940,Nikolaj Ehlers,L,WPG,2017-11,104.0,14,7.4286
8477940,Nikolaj Ehlers,L,WPG,2017-12,105.0,15,7.0
8477940,Nikolaj Ehlers,L,WPG,2018-01,50.0,11,4.5455
8477940,Nikolaj Ehlers,L,WPG,2018-02,61.0,12,5.0833
8477940,Nikolaj Ehlers,L,WPG,2018-03,116.0,15,7.7333
8477940,Nikolaj Ehlers,L,WPG,2018-04,27.5,4,6.875
8477941,Nick Ritchie,L,ANA,2017-10,115.0,8,14.375
8477941,Nick Ritchie,L,ANA,2017-11,231.5,14,16.5357
8477941,Nick Ritchie,L,ANA,2017-12,137.5,12,11.4583
8477941,Nick Ritchie,L,ANA,2018-01,209.5,11,19.0455
8477941,Nick Ritchie,L,ANA,2018-02,142.0,13,10.9231
8477941,Nick Ritchie,L,ANA,2018-03,205.5,14,14.6786
8477941,Nick Ritchie,L,ANA,2018-04,40.5,4,10.125
8477942,Kevin Fiala,L,NSH,2017-10,76.5,10,7.65
8477942,Kevin Fiala,L,NSH,2017-11,114.0,14,8.1429
8477942,Kevin Fiala,L,NSH,2017-12,127.0,13,9.7692
8477942,Kevin Fiala,L,NSH,2018-01,71.0,10,7.1
8477942,Kevin Fiala,L,NSH,2018-02,99.5,14,7.1071
8477942,Kevin Fiala,L,NSH,2018-03,116.0,15,7.7333
8477942,Kevin Fiala,L,NSH,2018-04,12.0,4,3.0
8477943,Brendan Perlini,L,ARI,2017-10,52.0,7,7.4286
8477943,Brendan Perlini,L,ARI,2017-11,131.0,15,8.7333
8477943,Brendan Perlini,L,ARI,2017-12,66.5,12,5.5417
8477943,Brendan Perlini,L,ARI,2018-01,78.0,9,8.6667
8477943,Brendan Perlini,L,ARI,2018-02,89.5,12,7.4583
8477943,Brendan Perlini,L,ARI,2018-03,120.5,16,7.5312
8477943,Brendan Perlini,L,ARI,2018-04,20.5,3,6.8333
8477944,Jakub Vrana,L,WSH,2017-10,84.5,12,7.0417
8477944,Jakub Vrana,L,WSH,2017-11,64.0,13,4.9231
8477944,Jakub Vrana,L,WSH,2017-12,83.0,14,5.9286
8477944,Jakub Vrana,L,WSH,2018-01,24.5,9,2.7222
8477944,Jakub Vrana,L,WSH,2018-02,35.0,9,3.8889
8477944,Jakub Vrana,L,WSH,2018-03,48.0,13,3.6923
8477944,Jakub Vrana,L,WSH,2018-04,5.0,3,1.6667
8477945,Julius Honka,D,DAL,2017-10,43.0,6,7.1667
8477945,Julius Honka,D,DAL,2017-11,13.0,2,6.5
8477945,Julius Honka,D,DAL,2017-12,53.5,11,4.8636
8477945,Julius Honka,D,DAL,2018-01,34.5,6,5.75
8477945,Julius Honka,D,DAL,2018-02,21.0,5,4.2
8477945,Julius Honka,D,DAL,2018-03,62.5,9,6.9444
8477945,Julius Honka,D,DAL,2018-04,15.5,3,5.1667
8477946,Dylan Larkin,C,DET,2017-10,199.0,13,15.3077
8477946,Dylan Larkin,C,DET,2017-11,180.5,13,13.8846
8477946,Dylan Larkin,C,DET,2017-12,230.0,12,19.1667
8477946,Dylan Larkin,C,DET,2018-01,213.5,11,19.4091
8477946,Dylan Larkin,C,DET,2018-02,129.0,14,9.2143
8477946,Dylan Larkin,C,DET,2018-03,169.0,16,10.5625
8477946,Dylan Larkin,C,DET,2018-04,70.5,3,23.5
8477947,Sonny Milano,L,CBJ,2017-10,81.0,11,7.3636
8477947,Sonny Milano,L,CBJ,2017-11,66.5,11,6.0455
8477947,Sonny Milano,L,CBJ,2017-12,38.0,9,4.2222
8477947,Sonny Milano,L,CBJ,2018-01,23.5,4,5.875
8477947,Sonny Milano,L,CBJ,2018-02,11.0,1,11.0
8477947,Sonny Milano,L,CBJ,2018-03,102.0,16,6.375
8477947,Sonny Milano,L,CBJ,2018-04,23.0,3,7.6667
8477948,Travis Sanheim,D,PHI,2017-10,78.0,9,8.6667
8477948,Travis Sanheim,D,PHI,2017-11,73.5,13,5.6538
8477948,Travis Sanheim,D,PHI,2017-12,44.5,12,3.7083
8477948,Travis Sanheim,D,PHI,2018-01,6.0,1,6.0
8477948,Travis Sanheim,D,PHI,2018-03,38.5,10,3.85
8477948,Travis Sanheim,D,PHI,2018-04,21.0,4,5.25
8477949,Alex Tuch,R,VGK,2017-10,83.5,7,11.9286
8477949,Alex Tuch,R,VGK,2017-11,147.0,13,11.3077
8477949,Alex Tuch,R,VGK,2017-12,157.0,13,12.0769
8477949,Alex Tuch,R,VGK,2018-01,110.5,12,9.2083
8477949,Alex Tuch,R,VGK,2018-02,150.0,14,10.7143
8477949,Alex Tuch,R,VGK,2018-03,169.5,16,10.5938
8477949,Alex Tuch,R,VGK,2018-04,18.5,3,6.1667
8477950,Tony DeAngelo,D,NYR,2017-10,28.0,8,3.5
8477950,Tony DeAngelo,D,NYR,2018-01,57.5,4,14.375
8477950,Tony DeAngelo,D,NYR,2018-02,139.0,14,9.9286
8477950,Tony DeAngelo,D,NYR,2018-03,63.0,6,10.5
8477951,Nick Schmaltz,C,CHI,2017-10,75.5,8,9.4375
8477951,Nick Schmaltz,C,CHI,2017-11,127.0,13,9.7692
8477951,Nick Schmaltz,C,CHI,2017-12,104.5,13,8.0385
8477951,Nick Schmaltz,C,CHI,2018-01,190.5,12,15.875
8477951,Nick Schmaltz,C,CHI,2018-02,100.0,13,7.6923
8477951,Nick Schmaltz,C,CHI,2018-03,190.5,16,11.9062
8477951,Nick Schmaltz,C,CHI,2018-04,13.0,3,4.3333
8477953,Kasperi Kapanen,R,TOR,2017-10,15.0,1,15.0
8477953,Kasperi Kapanen,R,TOR,2017-11,20.5,2,10.25
8477953,Kasperi Kapanen,R,TOR,2017-12,20.0,3,6.6667
8477953,Kasperi Kapanen,R,TOR,2018-01,39.0,3,13.0
8477953,Kasperi Kapanen,R,TOR,2018-02,114.5,14,8.1786
8477953,Kasperi Kapanen,R,TOR,2018-03,94.0,13,7.2308
8477953,Kasperi Kapanen,R,TOR,2018-04,3.0,2,1.5
8477955,Jared McCann,C,FLA,2017-10,53.5,7,7.6429
8477955,Jared McCann,C,FLA,2017-11,47.5,6,7.9167
8477955,Jared McCann,C,FLA,2017-12,151.0,14,10.7857
8477955,Jared McCann,C,FLA,2018-01,44.0,8,5.5
8477955,Jared McCann,C,FLA,2018-02,113.0,12,9.4167
8477955,Jared McCann,C,FLA,2018-03,132.5,16,8.2812
8477955,Jared McCann,C,FLA,2018-04,34.0,5,6.8
8477956,David Pastrnak,R,BOS,2017-10,107.0,10,10.7
8477956,David Pastrnak,R,BOS,2017-11,158.0,13,12.1538
8477956,David Pastrnak,R,BOS,2017-12,121.0,14,8.6429
8477956,David Pastrnak,R,BOS,2018-01,101.5,11,9.2273
8477956,David Pastrnak,R,BOS,2018-02,142.5,13,10.9615
8477956,David Pastrnak,R,BOS,2018-03,100.5,16,6.2812
8477956,David Pastrnak,R,BOS,2018-04,32.0,5,6.4
8477957,Nikita Scherbak,R,MTL,2017-10,29.0,2,14.5
8477957,Nikita Scherbak,R,MTL,2018-02,72.0,8,9.0
8477957,Nikita Scherbak,R,MTL,2018-03,125.5,14,8.9643
8477957,Nikita Scherbak,R,MTL,2018-04,18.0,2,9.0
8477958,Nikolay Goldobin,R,VAN,2017-11,-2.5,1,-2.5
8477958,Nikolay Goldobin,R,VAN,2017-12,27.5,9,3.0556
8477958,Nikolay Goldobin,R,VAN,2018-01,12.5,4,3.125
8477958,Nikolay Goldobin,R,VAN,2018-02,7.5,7,1.0714
8477958,Nikolay Goldobin,R,VAN,2018-03,42.5,14,3.0357
8477958,Nikolay Goldobin,R,VAN,2018-04,22.5,3,7.5
8477959,Joshua Ho-Sang,C,NYI,2017-10,31.0,6,5.1667
8477959,Joshua Ho-Sang,C,NYI,2017-11,50.5,8,6.3125
8477959,Joshua Ho-Sang,C,NYI,2017-12,21.5,8,2.6875
8477960,Adrian Kempe,L,LAK,2017-10,115.0,12,9.5833
8477960,Adrian Kempe,L,LAK,2017-11,112.0,13,8.6154
8477960,Adrian Kempe,L,LAK,2017-12,113.0,13,8.6923
8477960,Adrian Kempe,L,LAK,2018-01,108.0,11,9.8182
8477960,Adrian Kempe,L,LAK,2018-02,79.5,14,5.6786
8477960,Adrian Kempe,L,LAK,2018-03,99.5,15,6.6333
8477960,Adrian Kempe,L,LAK,2018-04,24.5,3,8.1667
8477961,John Quenneville,C,NJD,2018-02,15.0,2,7.5
8477962,Brendan Lemieux,L,WPG,2017-10,47.0,5,9.4
8477962,Brendan Lemieux,L,WPG,2017-11,17.5,2,8.75
8477962,Brendan Lemieux,L,WPG,2018-01,3.0,1,3.0
8477962,Brendan Lemieux,L,WPG,2018-02,18.0,1,18.0
8477964,Ivan Barbashev,C,STL,2017-10,59.5,6,9.9167
8477964,Ivan Barbashev,C,STL,2017-12,45.0,6,7.5
8477964,Ivan Barbashev,C,STL,2018-01,117.5,11,10.6818
8477964,Ivan Barbashev,C,STL,2018-02,81.0,13,6.2308
8477964,Ivan Barbashev,C,STL,2018-03,166.5,13,12.8077
8477964,Ivan Barbashev,C,STL,2018-04,21.0,4,5.25
8477967,Thatcher Demko,G,VAN,2018-03,-2.5,0,0.0
8477969,Marcus Pettersson,D,ANA,2018-02,62.5,6,10.4167
8477969,Marcus Pettersson,D,ANA,2018-03,89.5,12,7.4583
8477969,Marcus Pettersson,D,ANA,2018-04,41.5,4,10.375
8477971,Andreas Englund,D,OTT,2018-04,14.5,1,14.5
8477973,Vladislav Kamenev,C,COL,2017-11,10.5,1,10.5
8477973,Vladislav Kamenev,C,COL,2018-03,1.5,2,0.75
8477981,Roland McKeown,D,CAR,2017-11,27.0,2,13.5
8477981,Roland McKeown,D,CAR,2018-01,5.0,1,5.0
8477981,Roland McKeown,D,CAR,2018-03,17.0,4,4.25
8477981,Roland McKeown,D,CAR,2018-04,20.0,3,6.6667
8477986,Brandon Montour,D,ANA,2017-10,113.0,11,10.2727
8477986,Brandon Montour,D,ANA,2017-11,158.0,13,12.1538
8477986,Brandon Montour,D,ANA,2017-12,140.0,14,10.0
8477986,Brandon Montour,D,ANA,2018-01,138.0,11,12.5455
8477986,Brandon Montour,D,ANA,2018-02,135.0,13,10.3846
8477986,Brandon Montour,D,ANA,2018-03,129.5,14,9.25
8477986,Brandon Montour,D,ANA,2018-04,31.5,4,7.875
8477987,Ryan Donato,C,BOS,2018-03,61.0,7,8.7143
8477987,Ryan Donato,C,BOS,2018-04,37.0,5,7.4
8477989,Christian Dvorak,L,ARI,2017-10,237.5,13,18.2692
8477989,Christian Dvorak,L,ARI,2017-11,259.5,15,17.3
8477989,Christian Dvorak,L,ARI,2017-12,178.5,13,13.7308
8477989,Christian Dvorak,L,ARI,2018-01,108.0,9,12.0
8477989,Christian Dvorak,L,ARI,2018-02,131.0,12,10.9167
8477989,Christian Dvorak,L,ARI,2018-03,202.0,16,12.625
8477994,Dominic Turgeon,C,DET,2018-01,51.0,5,10.2
8477998,Warren Foegele,L,CAR,2018-03,37.5,2,18.75
8478004,Brett Lernout,D,MTL,2017-12,41.5,3,13.8333
8478004,Brett Lernout,D,MTL,2018-03,176.5,11,16.0455
8478004,Brett Lernout,D,MTL,2018-04,33.5,4,8.375
8478010,Brayden Point,C,TBL,2017-10,166.0,13,12.7692
8478010,Brayden Point,C,TBL,2017-11,153.0,12,12.75
8478010,Brayden Point,C,TBL,2017-12,152.5,13,11.7308
8478010,Brayden Point,C,TBL,2018-01,184.5,12,15.375
8478010,Brayden Point,C,TBL,2018-02,178.0,14,12.7143
8478010,Brayden Point,C,TBL,2018-03,195.5,14,13.9643
8478010,Brayden Point,C,TBL,2018-04,48.0,4,12.0
8478011,Louie Belpedio,D,MIN,2018-04,7.0,1,7.0
8478020,Michael Amadio,C,LAK,2017-10,23.0,3,7.6667
8478020,Michael Amadio,C,LAK,2017-11,18.5,5,3.7
8478020,Michael Amadio,C,LAK,2018-01,34.0,6,5.6667
8478020,Michael Amadio,C,LAK,2018-02,65.5,11,5.9545
8478020,Michael Amadio,C,LAK,2018-03,52.0,9,5.7778
8478020,Michael Amadio,C,LAK,2018-04,13.0,3,4.3333
8478027,Lucas Wallmark,C,CAR,2017-12,7.5,1,7.5
8478027,Lucas Wallmark,C,CAR,2018-01,36.5,3,12.1667
8478027,Lucas Wallmark,C,CAR,2018-02,16.0,3,5.3333
8478027,Lucas Wallmark,C,CAR,2018-03,27.5,4,6.875
8478042,Viktor Arvidsson,L,NSH,2017-10,122.5,11,11.1364
8478042,Viktor Arvidsson,L,NSH,2017-11,121.0,14,8.6429
8478042,Viktor Arvidsson,L,NSH,2017-12,158.0,13,12.1538
8478042,Viktor Arvidsson,L,NSH,2018-01,50.5,8,6.3125
8478042,Viktor Arvidsson,L,NSH,2018-02,132.5,14,9.4643
8478042,Viktor Arvidsson,L,NSH,2018-03,124.0,16,7.75
8478042,Viktor Arvidsson,L,NSH,2018-04,4.5,2,2.25
8478046,Danton Heinen,C,BOS,2017-10,51.0,6,8.5
8478046,Danton Heinen,C,BOS,2017-11,133.0,13,10.2308
8478046,Danton Heinen,C,BOS,2017-12,82.0,14,5.8571
8478046,Danton Heinen,C,BOS,2018-01,89.5,11,8.1364
8478046,Danton Heinen,C,BOS,2018-02,46.0,13,3.5385
8478046,Danton Heinen,C,BOS,2018-03,98.5,15,6.5667
8478046,Danton Heinen,C,BOS,2018-04,35.5,5,7.1
8478055,Gustav Forsling,D,CHI,2017-10,126.5,12,10.5417
8478055,Gustav Forsling,D,CHI,2017-11,120.5,10,12.05
8478055,Gustav Forsling,D,CHI,2017-12,78.5,11,7.1364
8478055,Gustav Forsling,D,CHI,2018-01,71.0,8,8.875
8478063,Shane Gersich,C,WSH,2018-03,3.5,1,3.5
8478063,Shane Gersich,C,WSH,2018-04,14.5,2,7.25
8478067,Oskar Lindblom,L,PHI,2018-02,24.5,4,6.125
8478067,Oskar Lindblom,L,PHI,2018-03,129.0,15,8.6
8478067,Oskar Lindblom,L,PHI,2018-04,25.0,4,6.25
8478073,Anton Lindholm,D,COL,2017-10,98.0,7,14.0
8478073,Anton Lindholm,D,COL,2017-11,48.0,3,16.0
8478073,Anton Lindholm,D,COL,2017-12,143.0,13,11.0
8478073,Anton Lindholm,D,COL,2018-01,161.0,11,14.6364
8478073,Anton Lindholm,D,COL,2018-02,78.5,9,8.7222
8478073,Anton Lindholm,D,COL,2018-03,57.0,5,11.4
8478075,Anders Bjork,L,BOS,2017-10,89.5,10,8.95
8478075,Anders Bjork,L,BOS,2017-11,18.5,6,3.0833
8478075,Anders Bjork,L,BOS,2017-12,77.0,12,6.4167
8478075,Anders Bjork,L,BOS,2018-01,6.0,2,3.0
8478099,Kevin Labanc,R,SJS,2017-10,83.5,11,7.5909
8478099,Kevin Labanc,R,SJS,2017-11,43.0,7,6.1429
8478099,Kevin Labanc,R,SJS,2017-12,76.5,13,5.8846
8478099,Kevin Labanc,R,SJS,2018-01,67.0,14,4.7857
8478099,Kevin Labanc,R,SJS,2018-02,60.0,14,4.2857
8478099,Kevin Labanc,R,SJS,2018-03,114.5,15,7.6333
8478099,Kevin Labanc,R,SJS,2018-04,15.5,3,5.1667
8478104,Sammy Blais,L,STL,2017-10,30.0,4,7.5
8478104,Sammy Blais,L,STL,2017-11,5.5,2,2.75
8478104,Sammy Blais,L,STL,2017-12,28.5,4,7.125
8478104,Sammy Blais,L,STL,2018-02,9.0,1,9.0
8478106,Dylan Sikura,C,CHI,2018-03,15.5,2,7.75
8478106,Dylan Sikura,C,CHI,2018-04,3.5,3,1.1667
8478131,Ondrej Kase,R,ANA,2017-10,45.0,8,5.625
8478131,Ondrej Kase,R,ANA,2017-11,23.0,4,5.75
8478131,Ondrej Kase,R,ANA,2017-12,148.5,15,9.9
8478131,Ondrej Kase,R,ANA,2018-01,67.0,8,8.375
8478131,Ondrej Kase,R,ANA,2018-02,111.0,13,8.5385
8478131,Ondrej Kase,R,ANA,2018-03,100.5,14,7.1786
8478131,Ondrej Kase,R,ANA,2018-04,57.0,4,14.25
8478146,Matthew Highmore,C,CHI,2018-03,109.0,13,8.3846
8478176,Joe Hicketts,D,DET,2018-01,11.5,1,11.5
8478176,Joe Hicketts,D,DET,2018-03,58.5,3,19.5
8478176,Joe Hicketts,D,DET,2018-04,22.5,1,22.5
8478211,Dryden Hunt,L,FLA,2017-11,95.0,8,11.875
8478211,Dryden Hunt,L,FLA,2017-12,23.5,3,7.8333
8478233,Andrew Mangiapane,L,CGY,2017-12,3.0,1,3.0
8478233,Andrew Mangiapane,L,CGY,2018-01,46.0,7,6.5714
8478233,Andrew Mangiapane,L,CGY,2018-02,10.5,2,5.25
8478268,Jack Rodewald,R,OTT,2017-10,13.0,2,6.5
8478268,Jack Rodewald,R,OTT,2017-11,13.5,2,6.75
8478365,Danick Martel,L,PHI,2017-11,42.5,4,10.625
8478366,Frank Vatrano,C,FLA,2017-10,50.0,9,5.5556
8478366,Frank Vatrano,C,FLA,2017-11,106.5,9,11.8333
8478366,Frank Vatrano,C,FLA,2017-12,19.0,2,9.5
8478366,Frank Vatrano,C,FLA,2018-01,27.0,2,13.5
8478366,Frank Vatrano,C,FLA,2018-02,20.5,3,6.8333
8478366,Frank Vatrano,C,FLA,2018-03,103.0,11,9.3636
8478366,Frank Vatrano,C,FLA,2018-04,48.0,5,9.6
8478373,Nikita Soshnikov,R,STL,2017-11,33.0,3,11.0
8478373,Nikita Soshnikov,R,STL,2018-02,31.5,3,10.5
8478373,Nikita Soshnikov,R,STL,2018-03,69.5,7,9.9286
8478373,Nikita Soshnikov,R,STL,2018-04,7.5,2,3.75
8478396,Noah Hanifin,D,CAR,2017-10,69.5,10,6.95
8478396,Noah Hanifin,D,CAR,2017-11,140.5,13,10.8077
8478396,Noah Hanifin,D,CAR,2017-12,112.0,15,7.4667
8478396,Noah Hanifin,D,CAR,2018-01,75.5,12,6.2917
8478396,Noah Hanifin,D,CAR,2018-02,142.5,13,10.9615
8478396,Noah Hanifin,D,CAR,2018-03,107.5,13,8.2692
8478396,Noah Hanifin,D,CAR,2018-04,22.5,3,7.5
8478397,Rasmus Andersson,D,CGY,2017-11,4.5,1,4.5
8478397,Rasmus Andersson,D,CGY,2018-03,34.0,6,5.6667
8478397,Rasmus Andersson,D,CGY,2018-04,34.0,3,11.3333
8478398,Kyle Connor,L,WPG,2017-10,11.5,6,1.9167
8478398,Kyle Connor,L,WPG,2017-11,65.0,14,4.6429
8478398,Kyle Connor,L,WPG,2017-12,79.0,14,5.6429
8478398,Kyle Connor,L,WPG,2018-01,66.5,11,6.0455
8478398,Kyle Connor,L,WPG,2018-02,81.0,12,6.75
8478398,Kyle Connor,L,WPG,2018-03,66.5,15,4.4333
8478398,Kyle Connor,L,WPG,2018-04,33.0,4,8.25
8478400,Colin White,C,OTT,2018-01,73.5,8,9.1875
8478400,Colin White,C,OTT,2018-02,53.5,7,7.6429
8478400,Colin White,C,OTT,2018-03,12.5,2,6.25
8478400,Colin White,C,OTT,2018-04,19.5,4,4.875
8478401,Pavel Zacha,C,NJD,2017-10,85.0,10,8.5
8478401,Pavel Zacha,C,NJD,2017-11,76.5,10,7.65
8478401,Pavel Zacha,C,NJD,2017-12,109.5,11,9.9545
8478401,Pavel Zacha,C,NJD,2018-01,88.0,11,8.0
8478401,Pavel Zacha,C,NJD,2018-02,139.5,14,9.9643
8478401,Pavel Zacha,C,NJD,2018-03,133.5,9,14.8333
8478401,Pavel Zacha,C,NJD,2018-04,36.0,4,9.0
8478402,Connor McDavid,C,EDM,2017-10,131.0,10,13.1
8478402,Connor McDavid,C,EDM,2017-11,166.0,16,10.375
8478402,Connor McDavid,C,EDM,2017-12,158.5,13,12.1923
8478402,Connor McDavid,C,EDM,2018-01,169.5,10,16.95
8478402,Connor McDavid,C,EDM,2018-02,195.5,14,13.9643
8478402,Connor McDavid,C,EDM,2018-03,251.0,16,15.6875
8478402,Connor McDavid,C,EDM,2018-04,41.5,3,13.8333
8478403,Jack Eichel,C,BUF,2017-10,144.5,12,12.0417
8478403,Jack Eichel,C,BUF,2017-11,142.0,13,10.9231
8478403,Jack Eichel,C,BUF,2017-12,172.0,13,13.2308
8478403,Jack Eichel,C,BUF,2018-01,87.5,12,7.2917
8478403,Jack Eichel,C,BUF,2018-02,53.0,5,10.6
8478403,Jack Eichel,C,BUF,2018-03,118.5,8,14.8125
8478403,Jack Eichel,C,BUF,2018-04,70.0,4,17.5
8478407,Vince Dunn,D,STL,2017-10,110.5,13,8.5
8478407,Vince Dunn,D,STL,2017-11,66.0,12,5.5
8478407,Vince Dunn,D,STL,2017-12,94.0,14,6.7143
8478407,Vince Dunn,D,STL,2018-01,26.5,6,4.4167
8478407,Vince Dunn,D,STL,2018-02,78.5,13,6.0385
8478407,Vince Dunn,D,STL,2018-03,62.5,13,4.8077
8478407,Vince Dunn,D,STL,2018-04,39.0,4,9.75
8478408,Travis Dermott,D,TOR,2018-01,76.5,9,8.5
8478408,Travis Dermott,D,TOR,2018-02,185.5,14,13.25
8478408,Travis Dermott,D,TOR,2018-03,95.0,13,7.3077
8478408,Travis Dermott,D,TOR,2018-04,8.0,1,8.0
8478413,Jordan Greenway,L,MIN,2018-03,19.5,3,6.5
8478413,Jordan Greenway,L,MIN,2018-04,29.0,3,9.6667
8478414,Timo Meier,R,SJS,2017-10,158.0,10,15.8
8478414,Timo Meier,R,SJS,2017-11,142.0,12,11.8333
8478414,Timo Meier,R,SJS,2017-12,205.5,13,15.8077
8478414,Timo Meier,R,SJS,2018-01,221.5,14,15.8214
8478414,Timo Meier,R,SJS,2018-02,172.0,14,12.2857
8478414,Timo Meier,R,SJS,2018-03,161.0,15,10.7333
8478414,Timo Meier,R,SJS,2018-04,28.0,3,9.3333
8478420,Mikko Rantanen,R,COL,2017-10,99.0,11,9.0
8478420,Mikko Rantanen,R,COL,2017-11,134.5,12,11.2083
8478420,Mikko Rantanen,R,COL,2017-12,92.0,15,6.1333
8478420,Mikko Rantanen,R,COL,2018-01,116.5,11,10.5909
8478420,Mikko Rantanen,R,COL,2018-02,85.5,13,6.5769
8478420,Mikko Rantanen,R,COL,2018-03,146.5,15,9.7667
8478420,Mikko Rantanen,R,COL,2018-04,42.0,4,10.5
8478421,A.J. Greer,L,COL,2017-10,55.0,3,18.3333
8478421,A.J. Greer,L,COL,2017-11,51.0,3,17.0
8478421,A.J. Greer,L,COL,2018-01,52.5,6,8.75
8478421,A.J. Greer,L,COL,2018-02,57.0,5,11.4
8478425,Brendan Guhle,D,BUF,2018-01,1.5,2,0.75
8478425,Brendan Guhle,D,BUF,2018-03,75.5,13,5.8077
8478425,Brendan Guhle,D,BUF,2018-04,25.0,3,8.3333
8478427,Sebastian Aho,R,CAR,2017-10,65.0,10,6.5
8478427,Sebastian Aho,R,CAR,2017-11,105.5,13,8.1154
8478427,Sebastian Aho,R,CAR,2017-12,178.5,15,11.9
8478427,Sebastian Aho,R,CAR,2018-01,78.5,8,9.8125
8478427,Sebastian Aho,R,CAR,2018-02,150.0,13,11.5385
8478427,Sebastian Aho,R,CAR,2018-03,158.0,16,9.875
8478427,Sebastian Aho,R,CAR,2018-04,27.5,3,9.1667
8478431,Evgeny Svechnikov,L,DET,2018-03,110.0,13,8.4615
8478431,Evgeny Svechnikov,L,DET,2018-04,4.0,1,4.0
8478432,Christian Fischer,R,ARI,2017-10,124.5,11,11.3182
8478432,Christian Fischer,R,ARI,2017-11,156.0,15,10.4
8478432,Christian Fischer,R,ARI,2017-12,115.0,13,8.8462
8478432,Christian Fischer,R,ARI,2018-01,72.0,9,8.0
8478432,Christian Fischer,R,ARI,2018-02,81.0,11,7.3636
8478432,Christian Fischer,R,ARI,2018-03,167.5,17,9.8529
8478432,Christian Fischer,R,ARI,2018-04,10.5,3,3.5
8478439,Travis Konecny,C,PHI,2017-10,76.5,12,6.375
8478439,Travis Konecny,C,PHI,2017-11,137.5,13,10.5769
8478439,Travis Konecny,C,PHI,2017-12,105.0,13,8.0769
8478439,Travis Konecny,C,PHI,2018-01,133.0,12,11.0833
8478439,Travis Konecny,C,PHI,2018-02,182.5,12,15.2083
8478439,Travis Konecny,C,PHI,2018-03,186.5,15,12.4333
8478439,Travis Konecny,C,PHI,2018-04,64.0,4,16.0
8478440,Dylan Strome,C,ARI,2017-10,18.0,2,9.0
8478440,Dylan Strome,C,ARI,2017-12,71.0,7,10.1429
8478440,Dylan Strome,C,ARI,2018-03,45.0,7,6.4286
8478440,Dylan Strome,C,ARI,2018-04,29.0,3,9.6667
8478443,Brandon Carlo,D,BOS,2017-10,110.0,10,11.0
8478443,Brandon Carlo,D,BOS,2017-11,136.0,13,10.4615
8478443,Brandon Carlo,D,BOS,2017-12,136.5,14,9.75
8478443,Brandon Carlo,D,BOS,2018-01,133.0,11,12.0909
8478443,Brandon Carlo,D,BOS,2018-02,136.5,12,11.375
8478443,Brandon Carlo,D,BOS,2018-03,238.0,16,14.875
8478444,Brock Boeser,R,VAN,2017-10,51.0,8,6.375
8478444,Brock Boeser,R,VAN,2017-11,74.0,15,4.9333
8478444,Brock Boeser,R,VAN,2017-12,102.5,13,7.8846
8478444,Brock Boeser,R,VAN,2018-01,51.5,11,4.6818
8478444,Brock Boeser,R,VAN,2018-02,72.0,13,5.5385
8478444,Brock Boeser,R,VAN,2018-03,10.5,2,5.25
8478445,Mathew Barzal,C,NYI,2017-10,94.5,12,7.875
8478445,Mathew Barzal,C,NYI,2017-11,140.0,12,11.6667
8478445,Mathew Barzal,C,NYI,2017-12,224.5,15,14.9667
8478445,Mathew Barzal,C,NYI,2018-01,139.0,13,10.6923
8478445,Mathew Barzal,C,NYI,2018-02,153.0,12,12.75
8478445,Mathew Barzal,C,NYI,2018-03,171.0,15,11.4
8478445,Mathew Barzal,C,NYI,2018-04,23.5,3,7.8333
8478447,Nick Merkley,R,ARI,2017-12,10.5,1,10.5
8478451,Ethan Bear,D,EDM,2018-03,123.0,15,8.2
8478451,Ethan Bear,D,EDM,2018-04,29.0,3,9.6667
8478454,Noah Juulsen,D,MTL,2018-02,67.5,4,16.875
8478454,Noah Juulsen,D,MTL,2018-03,226.0,15,15.0667
8478454,Noah Juulsen,D,MTL,2018-04,60.0,4,15.0
8478458,Jack Roslovic,C,WPG,2018-01,67.5,9,7.5
8478458,Jack Roslovic,C,WPG,2018-02,54.0,12,4.5
8478458,Jack Roslovic,C,WPG,2018-03,42.0,8,5.25
8478458,Jack Roslovic,C,WPG,2018-04,16.5,2,8.25
8478460,Zach Werenski,D,CBJ,2017-10,80.5,12,6.7083
8478460,Zach Werenski,D,CBJ,2017-11,110.0,13,8.4615
8478460,Zach Werenski,D,CBJ,2017-12,142.0,11,12.9091
8478460,Zach Werenski,D,CBJ,2018-01,109.0,10,10.9
8478460,Zach Werenski,D,CBJ,2018-02,130.0,13,10.0
8478460,Zach Werenski,D,CBJ,2018-03,111.0,16,6.9375
8478460,Zach Werenski,D,CBJ,2018-04,14.5,2,7.25
8478462,Nicolas Roy,C,CAR,2018-04,19.0,1,19.0
8478463,Anthony Beauvillier,L,NYI,2017-10,83.5,9,9.2778
8478463,Anthony Beauvillier,L,NYI,2017-11,79.5,10,7.95
8478463,Anthony Beauvillier,L,NYI,2017-12,97.0,12,8.0833
8478463,Anthony Beauvillier,L,NYI,2018-01,132.5,10,13.25
8478463,Anthony Beauvillier,L,NYI,2018-02,99.0,12,8.25
8478463,Anthony Beauvillier,L,NYI,2018-03,120.0,15,8.0
8478463,Anthony Beauvillier,L,NYI,2018-04,45.0,3,15.0
8478466,Daniel Sprong,R,PIT,2017-12,6.0,1,6.0
8478466,Daniel Sprong,R,PIT,2018-01,66.0,7,9.4286
8478469,Thomas Chabot,D,OTT,2017-10,16.0,3,5.3333
8478469,Thomas Chabot,D,OTT,2017-11,12.5,2,6.25
8478469,Thomas Chabot,D,OTT,2017-12,62.5,13,4.8077
8478469,Thomas Chabot,D,OTT,2018-01,96.5,11,8.7727
8478469,Thomas Chabot,D,OTT,2018-02,106.5,14,7.6071
8478469,Thomas Chabot,D,OTT,2018-03,179.0,16,11.1875
8478469,Thomas Chabot,D,OTT,2018-04,35.0,4,8.75
8478474,Lawson Crouse,L,ARI,2017-10,106.0,7,15.1429
8478474,Lawson Crouse,L,ARI,2017-12,33.0,3,11.0
8478474,Lawson Crouse,L,ARI,2018-01,6.0,1,6.0
8478476,Kyle Capobianco,D,ARI,2017-12,12.5,1,12.5
8478483,Mitch Marner,C,TOR,2017-10,116.5,12,9.7083
8478483,Mitch Marner,C,TOR,2017-11,121.0,15,8.0667
8478483,Mitch Marner,C,TOR,2017-12,60.5,13,4.6538
8478483,Mitch Marner,C,TOR,2018-01,98.0,12,8.1667
8478483,Mitch Marner,C,TOR,2018-02,109.0,14,7.7857
8478483,Mitch Marner,C,TOR,2018-03,127.5,13,9.8077
8478483,Mitch Marner,C,TOR,2018-04,22.5,3,7.5
8478488,Filip Chlapik,C,OTT,2017-10,5.0,1,5.0
8478488,Filip Chlapik,C,OTT,2017-12,43.0,4,10.75
8478488,Filip Chlapik,C,OTT,2018-01,42.0,5,8.4
8478488,Filip Chlapik,C,OTT,2018-03,73.5,7,10.5
8478488,Filip Chlapik,C,OTT,2018-04,18.5,3,6.1667
8478493,Joel Eriksson Ek,C,MIN,2017-10,92.0,10,9.2
8478493,Joel Eriksson Ek,C,MIN,2017-11,128.5,10,12.85
8478493,Joel Eriksson Ek,C,MIN,2017-12,165.0,12,13.75
8478493,Joel Eriksson Ek,C,MIN,2018-01,156.5,11,14.2273
8478493,Joel Eriksson Ek,C,MIN,2018-02,204.5,13,15.7308
8478493,Joel Eriksson Ek,C,MIN,2018-03,186.5,15,12.4333
8478493,Joel Eriksson Ek,C,MIN,2018-04,65.5,4,16.375
8478498,Jake DeBrusk,L,BOS,2017-10,122.5,10,12.25
8478498,Jake DeBrusk,L,BOS,2017-11,106.5,11,9.6818
8478498,Jake DeBrusk,L,BOS,2017-12,79.0,12,6.5833
8478498,Jake DeBrusk,L,BOS,2018-01,107.0,11,9.7273
8478498,Jake DeBrusk,L,BOS,2018-02,108.5,13,8.3462
8478498,Jake DeBrusk,L,BOS,2018-03,89.5,8,11.1875
8478498,Jake DeBrusk,L,BOS,2018-04,30.5,5,6.1
8478499,Adin Hill,G,ARI,2017-10,-7.5,0,0.0
8478500,Ivan Provorov,D,PHI,2017-10,173.5,12,14.4583
8478500,Ivan Provorov,D,PHI,2017-11,207.5,13,15.9615
8478500,Ivan Provorov,D,PHI,2017-12,197.5,13,15.1923
8478500,Ivan Provorov,D,PHI,2018-01,184.5,12,15.375
8478500,Ivan Provorov,D,PHI,2018-02,150.5,13,11.5769
8478500,Ivan Provorov,D,PHI,2018-03,239.0,15,15.9333
8478500,Ivan Provorov,D,PHI,2018-04,55.0,4,13.75
8478506,Gabriel Carlsson,D,CBJ,2017-10,42.0,4,10.5
8478506,Gabriel Carlsson,D,CBJ,2017-11,18.5,4,4.625
8478506,Gabriel Carlsson,D,CBJ,2017-12,15.5,6,2.5833
8478512,Austin Czarnik,C,BOS,2017-10,11.5,2,5.75
8478512,Austin Czarnik,C,BOS,2017-11,24.5,4,6.125
8478512,Austin Czarnik,C,BOS,2018-02,7.5,4,1.875
8478519,Anthony Cirelli,C,TBL,2018-03,174.0,14,12.4286
8478519,Anthony Cirelli,C,TBL,2018-04,39.5,4,9.875
8478528,Tanner Kero,C,CHI,2017-10,59.0,6,9.8333
8478528,Tanner Kero,C,CHI,2017-11,19.5,2,9.75
8478541,Markus Hannikainen,L,CBJ,2017-10,40.5,4,10.125
8478541,Markus Hannikainen,L,CBJ,2017-11,77.5,8,9.6875
8478541,Markus Hannikainen,L,CBJ,2017-12,66.5,9,7.3889
8478541,Markus Hannikainen,L,CBJ,2018-01,26.5,6,4.4167
8478541,Markus Hannikainen,L,CBJ,2018-02,22.0,2,11.0
8478541,Markus Hannikainen,L,CBJ,2018-03,26.0,3,8.6667
8478542,Evan Rodrigues,C,BUF,2017-12,74.0,10,7.4
8478542,Evan Rodrigues,C,BUF,2018-01,117.5,12,9.7917
8478542,Evan Rodrigues,C,BUF,2018-02,132.0,13,10.1538
8478542,Evan Rodrigues,C,BUF,2018-03,52.5,9,5.8333
8478542,Evan Rodrigues,C,BUF,2018-04,36.0,4,9.0
8478550,Artemi Panarin,C,CBJ,2017-10,78.5,12,6.5417
8478550,Artemi Panarin,C,CBJ,2017-11,85.5,13,6.5769
8478550,Artemi Panarin,C,CBJ,2017-12,80.5,15,5.3667
8478550,Artemi Panarin,C,CBJ,2018-01,92.5,10,9.25
8478550,Artemi Panarin,C,CBJ,2018-02,71.0,13,5.4615
8478550,Artemi Panarin,C,CBJ,2018-03,85.0,16,5.3125
8478550,Artemi Panarin,C,CBJ,2018-04,24.0,2,12.0
8478561,Andreas Martinsen,L,CHI,2018-03,124.0,6,20.6667
8478561,Andreas Martinsen,L,CHI,2018-04,38.0,3,12.6667
8478567,Dean Kukan,D,CBJ,2018-01,16.5,2,8.25
8478567,Dean Kukan,D,CBJ,2018-02,48.0,8,6.0
8478567,Dean Kukan,D,CBJ,2018-04,0.0,1,0.0
8478569,Noel Acciari,C,BOS,2017-10,6.0,1,6.0
8478569,Noel Acciari,C,BOS,2017-11,184.0,9,20.4444
8478569,Noel Acciari,C,BOS,2017-12,169.5,13,13.0385
8478569,Noel Acciari,C,BOS,2018-01,107.5,9,11.9444
8478569,Noel Acciari,C,BOS,2018-02,114.0,8,14.25
8478569,Noel Acciari,C,BOS,2018-03,214.0,15,14.2667
8478569,Noel Acciari,C,BOS,2018-04,67.0,5,13.4
8478585,Derek Ryan,C,CAR,2017-10,105.0,10,10.5
8478585,Derek Ryan,C,CAR,2017-11,135.5,13,10.4231
8478585,Derek Ryan,C,CAR,2017-12,205.5,15,13.7
8478585,Derek Ryan,C,CAR,2018-01,115.0,10,11.5
8478585,Derek Ryan,C,CAR,2018-02,149.5,13,11.5
8478585,Derek Ryan,C,CAR,2018-03,137.5,16,8.5938
8478585,Derek Ryan,C,CAR,2018-04,38.5,3,12.8333
8478842,Andrei Mironov,D,COL,2017-10,18.5,2,9.25
8478842,Andrei Mironov,D,COL,2017-11,107.0,7,15.2857
8478842,Andrei Mironov,D,COL,2017-12,6.0,1,6.0
8478843,Denis Malgin,C,FLA,2017-10,26.0,4,6.5
8478843,Denis Malgin,C,FLA,2017-11,21.0,3,7.0
8478843,Denis Malgin,C,FLA,2017-12,88.5,13,6.8077
8478843,Denis Malgin,C,FLA,2018-01,51.5,8,6.4375
8478843,Denis Malgin,C,FLA,2018-02,138.0,11,12.5455
8478843,Denis Malgin,C,FLA,2018-03,84.5,10,8.45
8478843,Denis Malgin,C,FLA,2018-04,22.5,2,11.25
8478846,Christian Wolanin,D,OTT,2018-03,29.0,6,4.8333
8478846,Christian Wolanin,D,OTT,2018-04,12.5,4,3.125
8478866,Dominik Simon,C,PIT,2017-12,57.0,6,9.5
8478866,Dominik Simon,C,PIT,2018-01,107.0,11,9.7273
8478866,Dominik Simon,C,PIT,2018-02,71.0,11,6.4545
8478866,Dominik Simon,C,PIT,2018-03,22.0,5,4.4
8478868,Christian Jaros,D,OTT,2017-10,17.5,2,8.75
8478873,Troy Terry,C,ANA,2018-03,9.0,1,9.0
8478873,Troy Terry,C,ANA,2018-04,3.0,1,3.0
8478874,Adam Gaudette,C,VAN,2018-03,14.0,2,7.0
8478874,Adam Gaudette,C,VAN,2018-04,8.5,3,2.8333
8478906,Markus Nutivaara,D,CBJ,2017-10,32.5,7,4.6429
8478906,Markus Nutivaara,D,CBJ,2017-11,69.5,13,5.3462
8478906,Markus Nutivaara,D,CBJ,2017-12,131.0,13,10.0769
8478906,Markus Nutivaara,D,CBJ,2018-01,36.0,10,3.6
8478906,Markus Nutivaara,D,CBJ,2018-02,54.0,8,6.75
8478906,Markus Nutivaara,D,CBJ,2018-03,61.5,10,6.15
8478915,Sami Niku,D,WPG,2018-04,15.0,1,15.0
8478965,Kenneth Appleby,G,NJD,2018-01,-5.0,0,0.0
8479066,Ryan Lomberg,L,CGY,2018-01,24.5,1,24.5
8479066,Ryan Lomberg,L,CGY,2018-02,61.0,6,10.1667
8479193,Casey DeSmith,G,PIT,2018-01,-5.0,0,0.0
8479193,Casey DeSmith,G,PIT,2018-02,5.5,0,0.0
8479193,Casey DeSmith,G,PIT,2018-03,-7.5,0,0.0
8479206,Tanner Fritz,C,NYI,2018-01,91.0,10,9.1
8479206,Tanner Fritz,C,NYI,2018-02,95.5,7,13.6429
8479206,Tanner Fritz,C,NYI,2018-03,184.5,15,12.3
8479206,Tanner Fritz,C,NYI,2018-04,14.0,2,7.0
8479250,Nick Lappin,R,NJD,2017-12,14.5,2,7.25
8479250,Nick Lappin,R,NJD,2018-02,27.5,4,6.875
8479268,Casey Nelson,D,BUF,2018-01,48.0,6,8.0
8479268,Casey Nelson,D,BUF,2018-02,145.0,14,10.3571
8479268,Casey Nelson,D,BUF,2018-03,86.0,13,6.6154
8479268,Casey Nelson,D,BUF,2018-04,20.0,4,5.0
8479290,Kalle Kossila,C,ANA,2017-10,18.0,2,9.0
8479290,Kalle Kossila,C,ANA,2017-11,46.5,8,5.8125
8479291,Kevin Rooney,C,NJD,2018-01,15.0,1,15.0
8479292,Charlie Lindgren,G,MTL,2017-11,-17.5,0,0.0
8479292,Charlie Lindgren,G,MTL,2018-03,-10.0,0,0.0
8479293,Brandon Tanev,L,WPG,2017-10,178.0,11,16.1818
8479293,Brandon Tanev,L,WPG,2017-11,263.5,14,18.8214
8479293,Brandon Tanev,L,WPG,2017-12,241.0,14,17.2143
8479293,Brandon Tanev,L,WPG,2018-01,100.0,5,20.0
8479293,Brandon Tanev,L,WPG,2018-02,35.0,2,17.5
8479293,Brandon Tanev,L,WPG,2018-03,226.0,12,18.8333
8479293,Brandon Tanev,L,WPG,2018-04,49.5,3,16.5
8479304,Kyle Criscuolo,C,BUF,2017-11,57.0,6,9.5
8479304,Kyle Criscuolo,C,BUF,2017-12,17.5,2,8.75
8479304,Kyle Criscuolo,C,BUF,2018-03,4.5,1,4.5
8479312,Alex Lyon,G,PHI,2018-02,-7.5,0,0.0
8479312,Alex Lyon,G,PHI,2018-03,-2.5,0,0.0
8479314,Matthew Tkachuk,L,CGY,2017-10,169.0,12,14.0833
8479314,Matthew Tkachuk,L,CGY,2017-11,105.5,12,8.7917
8479314,Matthew Tkachuk,L,CGY,2017-12,126.0,13,9.6923
8479314,Matthew Tkachuk,L,CGY,2018-01,200.0,11,18.1818
8479314,Matthew Tkachuk,L,CGY,2018-02,218.5,15,14.5667
8479314,Matthew Tkachuk,L,CGY,2018-03,50.5,5,10.1
8479316,Luke Kunin,C,MIN,2017-10,73.0,7,10.4286
8479316,Luke Kunin,C,MIN,2017-11,106.5,10,10.65
8479316,Luke Kunin,C,MIN,2018-03,12.0,2,6.0
8479318,Auston Matthews,C,TOR,2017-10,202.5,12,16.875
8479318,Auston Matthews,C,TOR,2017-11,142.0,11,12.9091
8479318,Auston Matthews,C,TOR,2017-12,144.5,7,20.6429
8479318,Auston Matthews,C,TOR,2018-01,145.0,12,12.0833
8479318,Auston Matthews,C,TOR,2018-02,162.5,11,14.7727
8479318,Auston Matthews,C,TOR,2018-03,69.0,6,11.5
8479318,Auston Matthews,C,TOR,2018-04,49.0,3,16.3333
8479325,Charlie McAvoy,D,BOS,2017-10,160.5,10,16.05
8479325,Charlie McAvoy,D,BOS,2017-11,254.0,13,19.5385
8479325,Charlie McAvoy,D,BOS,2017-12,219.5,14,15.6786
8479325,Charlie McAvoy,D,BOS,2018-01,125.5,8,15.6875
8479325,Charlie McAvoy,D,BOS,2018-02,156.5,12,13.0417
8479325,Charlie McAvoy,D,BOS,2018-03,16.5,2,8.25
8479325,Charlie McAvoy,D,BOS,2018-04,65.0,4,16.25
8479337,Alex DeBrincat,R,CHI,2017-10,93.5,12,7.7917
8479337,Alex DeBrincat,R,CHI,2017-11,77.0,13,5.9231
8479337,Alex DeBrincat,R,CHI,2017-12,87.5,13,6.7308
8479337,Alex DeBrincat,R,CHI,2018-01,48.0,12,4.0
8479337,Alex DeBrincat,R,CHI,2018-02,93.0,13,7.1538
8479337,Alex DeBrincat,R,CHI,2018-03,101.5,16,6.3438
8479337,Alex DeBrincat,R,CHI,2018-04,11.0,3,3.6667
8479339,Patrik Laine,R,WPG,2017-10,72.5,11,6.5909
8479339,Patrik Laine,R,WPG,2017-11,87.5,14,6.25
8479339,Patrik Laine,R,WPG,2017-12,84.0,15,5.6
8479339,Patrik Laine,R,WPG,2018-01,64.0,11,5.8182
8479339,Patrik Laine,R,WPG,2018-02,102.0,12,8.5
8479339,Patrik Laine,R,WPG,2018-03,133.5,15,8.9
8479339,Patrik Laine,R,WPG,2018-04,23.5,4,5.875
8479343,Clayton Keller,C,ARI,2017-10,90.5,13,6.9615
8479343,Clayton Keller,C,ARI,2017-11,123.0,15,8.2
8479343,Clayton Keller,C,ARI,2017-12,79.5,13,6.1154
8479343,Clayton Keller,C,ARI,2018-01,62.0,9,6.8889
8479343,Clayton Keller,C,ARI,2018-02,74.5,12,6.2083
8479343,Clayton Keller,C,ARI,2018-03,92.5,17,5.4412
8479343,Clayton Keller,C,ARI,2018-04,37.5,3,12.5
8479344,Jesse Puljujarvi,R,EDM,2017-11,67.5,9,7.5
8479344,Jesse Puljujarvi,R,EDM,2017-12,121.5,13,9.3462
8479344,Jesse Puljujarvi,R,EDM,2018-01,72.0,10,7.2
8479344,Jesse Puljujarvi,R,EDM,2018-02,84.0,14,6.0
8479344,Jesse Puljujarvi,R,EDM,2018-03,126.5,16,7.9062
8479344,Jesse Puljujarvi,R,EDM,2018-04,-3.0,3,-1.0
8479345,Jakob Chychrun,D,ARI,2017-12,117.5,12,9.7917
8479345,Jakob Chychrun,D,ARI,2018-01,129.5,8,16.1875
8479345,Jakob Chychrun,D,ARI,2018-02,132.5,12,11.0417
8479345,Jakob Chychrun,D,ARI,2018-03,206.0,17,12.1176
8479345,Jakob Chychrun,D,ARI,2018-04,11.0,1,11.0
8479366,Logan Brown,C,OTT,2017-10,10.5,4,2.625
8479370,Tyson Jost,C,COL,2017-10,49.5,6,8.25
8479370,Tyson Jost,C,COL,2017-11,13.5,1,13.5
8479370,Tyson Jost,C,COL,2017-12,116.5,15,7.7667
8479370,Tyson Jost,C,COL,2018-01,89.5,10,8.95
8479370,Tyson Jost,C,COL,2018-02,113.5,14,8.1071
8479370,Tyson Jost,C,COL,2018-03,148.0,15,9.8667
8479370,Tyson Jost,C,COL,2018-04,41.5,4,10.375
8479376,Victor Mete,D,MTL,2017-10,69.5,12,5.7917
8479376,Victor Mete,D,MTL,2017-11,38.5,13,2.9615
8479376,Victor Mete,D,MTL,2017-12,31.0,2,15.5
8479376,Victor Mete,D,MTL,2018-01,65.5,8,8.1875
8479376,Victor Mete,D,MTL,2018-02,83.5,13,6.4231
8479376,Victor Mete,D,MTL,2018-03,4.5,1,4.5
8479398,Samuel Girard,D,COL,2017-10,50.5,4,12.625
8479398,Samuel Girard,D,COL,2017-11,93.0,10,9.3
8479398,Samuel Girard,D,COL,2017-12,127.0,15,8.4667
8479398,Samuel Girard,D,COL,2018-01,86.5,11,7.8636
8479398,Samuel Girard,D,COL,2018-02,96.0,14,6.8571
8479398,Samuel Girard,D,COL,2018-03,118.5,15,7.9
8479398,Samuel Girard,D,COL,2018-04,32.0,4,8.0
8479400,Pierre-Luc Dubois,L,CBJ,2017-10,124.5,12,10.375
8479400,Pierre-Luc Dubois,L,CBJ,2017-11,165.0,13,12.6923
8479400,Pierre-Luc Dubois,L,CBJ,2017-12,269.5,15,17.9667
8479400,Pierre-Luc Dubois,L,CBJ,2018-01,117.0,10,11.7
8479400,Pierre-Luc Dubois,L,CBJ,2018-02,161.0,13,12.3846
8479400,Pierre-Luc Dubois,L,CBJ,2018-03,277.0,16,17.3125
8479400,Pierre-Luc Dubois,L,CBJ,2018-04,56.5,3,18.8333
8479404,Henrik Borgstrom,C,FLA,2018-03,12.5,2,6.25
8479404,Henrik Borgstrom,C,FLA,2018-04,22.0,2,11.0
8479407,Jesper Bratt,L,NJD,2017-10,109.5,10,10.95
8479407,Jesper Bratt,L,NJD,2017-11,74.0,14,5.2857
8479407,Jesper Bratt,L,NJD,2017-12,78.0,13,6.0
8479407,Jesper Bratt,L,NJD,2018-01,60.5,11,5.5
8479407,Jesper Bratt,L,NJD,2018-02,76.0,14,5.4286
8479407,Jesper Bratt,L,NJD,2018-03,50.0,10,5.0
8479407,Jesper Bratt,L,NJD,2018-04,4.5,2,2.25
8479410,Mikhail Sergachev,D,TBL,2017-10,113.5,13,8.7308
8479410,Mikhail Sergachev,D,TBL,2017-11,104.5,12,8.7083
8479410,Mikhail Sergachev,D,TBL,2017-12,101.0,13,7.7692
8479410,Mikhail Sergachev,D,TBL,2018-01,131.5,10,13.15
8479410,Mikhail Sergachev,D,TBL,2018-02,113.0,14,8.0714
8479410,Mikhail Sergachev,D,TBL,2018-03,126.0,14,9.0
8479410,Mikhail Sergachev,D,TBL,2018-04,19.5,3,6.5
8479420,Tage Thompson,C,STL,2017-10,34.0,4,8.5
8479420,Tage Thompson,C,STL,2017-12,41.5,6,6.9167
8479420,Tage Thompson,C,STL,2018-01,60.0,11,5.4545
8479420,Tage Thompson,C,STL,2018-02,43.0,6,7.1667
8479420,Tage Thompson,C,STL,2018-03,79.0,11,7.1818
8479420,Tage Thompson,C,STL,2018-04,35.0,3,11.6667
8479423,Alex Nylander,L,BUF,2018-04,2.0,3,0.6667
8479442,Troy Stecher,D,VAN,2017-10,79.0,8,9.875
8479442,Troy Stecher,D,VAN,2017-11,42.0,4,10.5
8479442,Troy Stecher,D,VAN,2017-12,115.5,13,8.8846
8479442,Troy Stecher,D,VAN,2018-01,153.5,11,13.9545
8479442,Troy Stecher,D,VAN,2018-02,199.5,14,14.25
8479442,Troy Stecher,D,VAN,2018-03,238.5,15,15.9
8479442,Troy Stecher,D,VAN,2018-04,20.5,3,6.8333
8479458,Nikita Zaitsev,D,TOR,2017-10,208.0,12,17.3333
8479458,Nikita Zaitsev,D,TOR,2017-11,278.5,15,18.5667
8479458,Nikita Zaitsev,D,TOR,2017-12,97.5,7,13.9286
8479458,Nikita Zaitsev,D,TOR,2018-01,20.0,1,20.0
8479458,Nikita Zaitsev,D,TOR,2018-02,174.5,14,12.4643
8479458,Nikita Zaitsev,D,TOR,2018-03,115.5,8,14.4375
8479458,Nikita Zaitsev,D,TOR,2018-04,21.5,3,7.1667
8479465,Drake Caggiula,C,EDM,2017-10,67.5,5,13.5
8479465,Drake Caggiula,C,EDM,2017-11,209.5,13,16.1154
8479465,Drake Caggiula,C,EDM,2017-12,164.5,10,16.45
8479465,Drake Caggiula,C,EDM,2018-01,89.0,9,9.8889
8479465,Drake Caggiula,C,EDM,2018-02,122.0,12,10.1667
8479465,Drake Caggiula,C,EDM,2018-03,169.0,15,11.2667
8479465,Drake Caggiula,C,EDM,2018-04,23.5,3,7.8333
8479482,Michal Kempny,D,WSH,2017-10,84.0,9,9.3333
8479482,Michal Kempny,D,WSH,2017-11,14.0,4,3.5
8479482,Michal Kempny,D,WSH,2017-12,20.0,5,4.0
8479482,Michal Kempny,D,WSH,2018-01,106.5,7,15.2143
8479482,Michal Kempny,D,WSH,2018-02,124.5,10,12.45
8479482,Michal Kempny,D,WSH,2018-03,135.0,14,9.6429
8479482,Michal Kempny,D,WSH,2018-04,69.5,4,17.375
8479483,Yohann Auvitu,D,EDM,2017-10,5.5,4,1.375
8479483,Yohann Auvitu,D,EDM,2017-11,37.0,8,4.625
8479483,Yohann Auvitu,D,EDM,2017-12,35.0,7,5.0
8479483,Yohann Auvitu,D,EDM,2018-01,6.0,2,3.0
8479483,Yohann Auvitu,D,EDM,2018-02,51.5,7,7.3571
8479483,Yohann Auvitu,D,EDM,2018-03,22.0,4,5.5
8479483,Yohann Auvitu,D,EDM,2018-04,4.0,1,4.0
8479496,David Rittich,G,CGY,2017-12,-5.0,0,0.0
8479496,David Rittich,G,CGY,2018-01,-2.5,0,0.0
8479496,David Rittich,G,CGY,2018-02,0.5,0,0.0
8479496,David Rittich,G,CGY,2018-03,-2.5,0,0.0
8479511,Janne Kuokkanen,C,CAR,2017-10,32.5,4,8.125
8479553,Maxim Mamin,C,FLA,2018-01,23.5,2,11.75
8479553,Maxim Mamin,C,FLA,2018-02,83.0,8,10.375
8479553,Maxim Mamin,C,FLA,2018-03,130.5,12,10.875
8479553,Maxim Mamin,C,FLA,2018-04,23.5,4,5.875
8479580,Dylan Gambrell,C,SJS,2018-04,11.5,3,3.8333
8479595,Blake Hillman,D,CHI,2018-03,20.5,1,20.5
8479595,Blake Hillman,D,CHI,2018-04,36.5,3,12.1667
8479613,Giovanni Fiore,R,ANA,2017-10,-1.5,1,-1.5
8479650,Vadim Shipachyov,C,VGK,2017-10,34.0,3,11.3333
8479755,Victor Antipin,D,BUF,2017-10,52.5,8,6.5625
8479755,Victor Antipin,D,BUF,2017-11,56.0,11,5.0909
8479755,Victor Antipin,D,BUF,2017-12,22.0,5,4.4
8479755,Victor Antipin,D,BUF,2018-01,43.0,3,14.3333
8479755,Victor Antipin,D,BUF,2018-02,37.5,12,3.125
8479755,Victor Antipin,D,BUF,2018-03,28.0,8,3.5
8479944,Zachary Aston-Reese,C,PIT,2018-02,164.0,10,16.4
8479944,Zachary Aston-Reese,C,PIT,2018-03,40.5,3,13.5
8479944,Zachary Aston-Reese,C,PIT,2018-04,58.0,3,19.3333
8479968,Vinni Lettieri,C,NYR,2017-12,0.0,1,0.0
8479968,Vinni Lettieri,C,NYR,2018-01,88.5,9,9.8333
8479968,Vinni Lettieri,C,NYR,2018-02,50.5,9,5.6111
8479974,Nolan Patrick,C,PHI,2017-10,91.0,9,10.1111
8479974,Nolan Patrick,C,PHI,2017-11,51.0,7,7.2857
8479974,Nolan Patrick,C,PHI,2017-12,110.0,13,8.4615
8479974,Nolan Patrick,C,PHI,2018-01,106.0,12,8.8333
8479974,Nolan Patrick,C,PHI,2018-02,165.0,13,12.6923
8479974,Nolan Patrick,C,PHI,2018-03,149.5,15,9.9667
8479974,Nolan Patrick,C,PHI,2018-04,77.5,4,19.375
8479977,Kailer Yamamoto,R,EDM,2017-10,51.0,7,7.2857
8479977,Kailer Yamamoto,R,EDM,2017-11,17.5,2,8.75
8479999,Casey Mittelstadt,C,BUF,2018-03,12.5,2,6.25
8479999,Casey Mittelstadt,C,BUF,2018-04,14.5,4,3.625
8480002,Nico Hischier,C,NJD,2017-10,136.0,10,13.6
8480002,Nico Hischier,C,NJD,2017-11,176.0,14,12.5714
8480002,Nico Hischier,C,NJD,2017-12,191.5,14,13.6786
8480002,Nico Hischier,C,NJD,2018-01,129.0,11,11.7273
8480002,Nico Hischier,C,NJD,2018-02,164.5,14,11.75
8480002,Nico Hischier,C,NJD,2018-03,214.0,15,14.2667
8480002,Nico Hischier,C,NJD,2018-04,51.5,4,12.875
8480009,Eeli Tolvanen,R,NSH,2018-03,6.0,1,6.0
8480009,Eeli Tolvanen,R,NSH,2018-04,9.0,2,4.5
8480015,Owen Tippett,R,FLA,2017-10,31.5,6,5.25
8480015,Owen Tippett,R,FLA,2017-11,3.0,1,3.0
8480029,Alex Formenton,L,OTT,2017-10,4.5,1,4.5
8480039,Martin Necas,C,CAR,2017-10,5.0,1,5.0
8480072,Lias Andersson,C,NYR,2018-03,47.0,4,11.75
8480072,Lias Andersson,C,NYR,2018-04,40.0,3,13.3333
8480078,Filip Chytil,C,NYR,2017-10,13.0,2,6.5
8480078,Filip Chytil,C,NYR,2018-03,36.5,4,9.125
8480078,Filip Chytil,C,NYR,2018-04,16.5,3,5.5
8480082,Justin Kloos,C,MIN,2017-10,-1.0,1,-1.0
8480113,Alex Iafallo,C,LAK,2017-10,77.5,12,6.4583
8480113,Alex Iafallo,C,LAK,2017-11,110.0,14,7.8571
8480113,Alex Iafallo,C,LAK,2017-12,58.0,13,4.4615
8480113,Alex Iafallo,C,LAK,2018-01,74.5,9,8.2778
8480113,Alex Iafallo,C,LAK,2018-02,133.0,14,9.5
8480113,Alex Iafallo,C,LAK,2018-03,89.5,13,6.8846
8480143,Jakub Jerabek,D,WSH,2017-11,73.0,5,14.6
8480143,Jakub Jerabek,D,WSH,2017-12,56.5,8,7.0625
8480143,Jakub Jerabek,D,WSH,2018-01,100.5,11,9.1364
8480143,Jakub Jerabek,D,WSH,2018-02,27.0,2,13.5
8480143,Jakub Jerabek,D,WSH,2018-03,55.5,7,7.9286
8480143,Jakub Jerabek,D,WSH,2018-04,32.5,3,10.8333
8480144,David Kampf,C,CHI,2017-12,26.0,3,8.6667
8480144,David Kampf,C,CHI,2018-01,169.0,12,14.0833
8480144,David Kampf,C,CHI,2018-02,144.5,12,12.0417
8480144,David Kampf,C,CHI,2018-03,225.5,16,14.0938
8480144,David Kampf,C,CHI,2018-04,49.0,3,16.3333
8480145,Neal Pionk,D,NYR,2018-02,124.5,10,12.45
8480145,Neal Pionk,D,NYR,2018-03,228.0,15,15.2
8480145,Neal Pionk,D,NYR,2018-04,18.0,3,6.0
8480147,Oscar Fantenberg,D,LAK,2017-10,85.0,10,8.5
8480147,Oscar Fantenberg,D,LAK,2017-11,86.0,9,9.5556
8480147,Oscar Fantenberg,D,LAK,2017-12,63.0,5,12.6
8480147,Oscar Fantenberg,D,LAK,2018-01,15.5,2,7.75
8480147,Oscar Fantenberg,D,LAK,2018-04,9.0,1,9.0
8480153,Victor Ejdsell,C,CHI,2018-03,40.0,3,13.3333
8480153,Victor Ejdsell,C,CHI,2018-04,27.5,3,9.1667
8480157,Calle Rosen,D,TOR,2017-10,14.5,4,3.625
8480158,Andreas Borgman,D,TOR,2017-10,133.5,10,13.35
8480158,Andreas Borgman,D,TOR,2017-11,202.0,15,13.4667
8480158,Andreas Borgman,D,TOR,2017-12,167.0,13,12.8462
8480158,Andreas Borgman,D,TOR,2018-01,137.5,9,15.2778
8480158,Andreas Borgman,D,TOR,2018-02,8.0,1,8.0
8480163,Philip Holm,D,VAN,2018-02,3.5,1,3.5
8480164,Henrik Haapala,L,FLA,2017-11,27.0,4,6.75
8480164,Henrik Haapala,L,FLA,2017-12,4.5,1,4.5
8480172,Jan Rutta,D,CHI,2017-10,102.0,12,8.5
8480172,Jan Rutta,D,CHI,2017-11,123.0,13,9.4615
8480172,Jan Rutta,D,CHI,2017-12,24.5,8,3.0625
8480172,Jan Rutta,D,CHI,2018-01,54.5,6,9.0833
8480172,Jan Rutta,D,CHI,2018-02,19.5,4,4.875
8480172,Jan Rutta,D,CHI,2018-03,62.5,11,5.6818
8480172,Jan Rutta,D,CHI,2018-04,28.5,3,9.5
8480222,Sebastian Aho,D,NYI,2017-12,6.0,1,6.0
8480222,Sebastian Aho,D,NYI,2018-01,31.5,10,3.15
8480222,Sebastian Aho,D,NYI,2018-02,67.5,9,7.5
8480222,Sebastian Aho,D,NYI,2018-03,20.0,2,10.0
8480263,Dylan Ferguson,G,VGK,2017-11,5.5,0,0.0
8480330,Spencer Foo,R,CGY,2018-03,18.0,1,18.0
8480330,Spencer Foo,R,CGY,2018-04,51.0,3,17.0
8480382,Alexandar Georgiev,G,NYR,2018-02,-10.0,0,0.0
8480382,Alexandar Georgiev,G,NYR,2018-03,-12.5,0,0.0
8480727,Zach Whitecloud,D,VGK,2018-04,9.0,1,9.0
8480761,Mitch Reinke,D,STL,2018-03,12.5,1,12.5
8480762,Eric Robinson,L,CBJ,2018-04,3.0,1,3.0
8480771,Daniel Brickley,D,LAK,2018-04,6.0,1,6.0
