player_id,name,position,team,month,weighted_total,games_in_month,raw_grit_per_game
8464989,Matt Cullen,C,PIT,2018-10,91.5,10,9.15
8464989,Matt Cullen,C,PIT,2018-11,99.0,8,12.375
8464989,Matt Cullen,C,PIT,2018-12,109.0,10,10.9
8464989,Matt Cullen,C,PIT,2019-01,119.5,11,10.8636
8464989,Matt Cullen,C,PIT,2019-02,100.5,13,7.7308
8464989,Matt Cullen,C,PIT,2019-03,189.5,16,11.8438
8464989,Matt Cullen,C,PIT,2019-04,28.0,3,9.3333
8465009,Zdeno Chara,D,BOS,2018-10,160.5,12,13.375
8465009,Zdeno Chara,D,BOS,2018-11,14.5,6,2.4167
8465009,Zdeno Chara,D,BOS,2018-12,25.0,2,12.5
8465009,Zdeno Chara,D,BOS,2019-01,174.5,12,14.5417
8465009,Zdeno Chara,D,BOS,2019-02,183.0,13,14.0769
8465009,Zdeno Chara,D,BOS,2019-03,142.0,15,9.4667
8465009,Zdeno Chara,D,BOS,2019-04,33.0,2,16.5
8466138,Joe Thornton,C,SJS,2018-10,15.5,3,5.1667
8466138,Joe Thornton,C,SJS,2018-11,71.5,14,5.1071
8466138,Joe Thornton,C,SJS,2018-12,74.0,15,4.9333
8466138,Joe Thornton,C,SJS,2019-01,67.0,11,6.0909
8466138,Joe Thornton,C,SJS,2019-02,112.5,12,9.375
8466138,Joe Thornton,C,SJS,2019-03,146.0,15,9.7333
8466138,Joe Thornton,C,SJS,2019-04,28.5,3,9.5
8466139,Patrick Marleau,C,TOR,2018-10,117.5,12,9.7917
8466139,Patrick Marleau,C,TOR,2018-11,123.5,14,8.8214
8466139,Patrick Marleau,C,TOR,2018-12,127.0,13,9.7692
8466139,Patrick Marleau,C,TOR,2019-01,68.0,10,6.8
8466139,Patrick Marleau,C,TOR,2019-02,149.0,15,9.9333
8466139,Patrick Marleau,C,TOR,2019-03,108.5,14,7.75
8466139,Patrick Marleau,C,TOR,2019-04,40.5,4,10.125
8466141,Roberto Luongo,G,FLA,2018-11,-10.0,0,0.0
8466141,Roberto Luongo,G,FLA,2018-12,-4.5,0,0.0
8466141,Roberto Luongo,G,FLA,2019-01,-5.0,0,0.0
8466141,Roberto Luongo,G,FLA,2019-02,-22.5,0,0.0
8466141,Roberto Luongo,G,FLA,2019-03,3.0,0,0.0
8466141,Roberto Luongo,G,FLA,2019-04,0.0,0,0.0
8467950,Craig Anderson,G,OTT,2018-10,-25.0,0,0.0
8467950,Craig Anderson,G,OTT,2018-11,-20.0,0,0.0
8467950,Craig Anderson,G,OTT,2018-12,-22.0,0,0.0
8467950,Craig Anderson,G,OTT,2019-01,-5.0,0,0.0
8467950,Craig Anderson,G,OTT,2019-02,-15.0,0,0.0
8467950,Craig Anderson,G,OTT,2019-03,-12.5,0,0.0
8467950,Craig Anderson,G,OTT,2019-04,-2.5,0,0.0
8468011,Ryan Miller,G,ANA,2018-10,-5.0,0,0.0
8468011,Ryan Miller,G,ANA,2018-11,3.0,0,0.0
8468011,Ryan Miller,G,ANA,2018-12,-5.0,0,0.0
8468011,Ryan Miller,G,ANA,2019-02,-4.5,0,0.0
8468011,Ryan Miller,G,ANA,2019-03,-5.0,0,0.0
8468493,Ron Hainsey,D,TOR,2018-10,136.0,12,11.3333
8468493,Ron Hainsey,D,TOR,2018-11,95.0,14,6.7857
8468493,Ron Hainsey,D,TOR,2018-12,98.5,13,7.5769
8468493,Ron Hainsey,D,TOR,2019-01,106.5,10,10.65
8468493,Ron Hainsey,D,TOR,2019-02,188.5,15,12.5667
8468493,Ron Hainsey,D,TOR,2019-03,169.0,14,12.0714
8468493,Ron Hainsey,D,TOR,2019-04,37.0,3,12.3333
8468498,Brooks Orpik,D,WSH,2018-10,150.0,10,15.0
8468498,Brooks Orpik,D,WSH,2018-12,15.0,1,15.0
8468498,Brooks Orpik,D,WSH,2019-01,160.0,11,14.5455
8468498,Brooks Orpik,D,WSH,2019-02,219.5,14,15.6786
8468498,Brooks Orpik,D,WSH,2019-03,178.5,14,12.75
8468498,Brooks Orpik,D,WSH,2019-04,59.5,3,19.8333
8468508,Justin Williams,R,CAR,2018-10,134.5,12,11.2083
8468508,Justin Williams,R,CAR,2018-11,102.0,13,7.8462
8468508,Justin Williams,R,CAR,2018-12,115.5,13,8.8846
8468508,Justin Williams,R,CAR,2019-01,124.0,12,10.3333
8468508,Justin Williams,R,CAR,2019-02,123.5,13,9.5
8468508,Justin Williams,R,CAR,2019-03,207.5,16,12.9688
8468508,Justin Williams,R,CAR,2019-04,42.0,3,14.0
8468509,Niklas Kronwall,D,DET,2018-10,80.5,9,8.9444
8468509,Niklas Kronwall,D,DET,2018-11,106.5,13,8.1923
8468509,Niklas Kronwall,D,DET,2018-12,149.5,16,9.3438
8468509,Niklas Kronwall,D,DET,2019-01,79.5,10,7.95
8468509,Niklas Kronwall,D,DET,2019-02,112.5,13,8.6538
8468509,Niklas Kronwall,D,DET,2019-03,114.0,15,7.6
8468509,Niklas Kronwall,D,DET,2019-04,21.0,3,7.0
8468611,Matt Hendricks,C,WPG,2018-10,37.0,5,7.4
8468611,Matt Hendricks,C,WPG,2018-11,32.0,3,10.6667
8468611,Matt Hendricks,C,WPG,2018-12,49.0,6,8.1667
8468611,Matt Hendricks,C,WPG,2019-01,42.0,4,10.5
8468611,Matt Hendricks,C,WPG,2019-02,15.5,4,3.875
8468611,Matt Hendricks,C,WPG,2019-03,39.5,4,9.875
8468674,Deryk Engelland,D,VGK,2018-10,112.5,9,12.5
8468674,Deryk Engelland,D,VGK,2018-11,191.0,12,15.9167
8468674,Deryk Engelland,D,VGK,2018-12,211.0,14,15.0714
8468674,Deryk Engelland,D,VGK,2019-01,174.0,10,17.4
8468674,Deryk Engelland,D,VGK,2019-02,296.5,13,22.8077
8468674,Deryk Engelland,D,VGK,2019-03,222.0,14,15.8571
8468674,Deryk Engelland,D,VGK,2019-04,32.0,2,16.0
8468685,Henrik Lundqvist,G,NYR,2018-10,-12.0,0,0.0
8468685,Henrik Lundqvist,G,NYR,2018-11,-20.0,0,0.0
8468685,Henrik Lundqvist,G,NYR,2018-12,-10.0,0,0.0
8468685,Henrik Lundqvist,G,NYR,2019-01,5.5,0,0.0
8468685,Henrik Lundqvist,G,NYR,2019-02,-15.0,0,0.0
8468685,Henrik Lundqvist,G,NYR,2019-03,-2.0,0,0.0
8469454,Ilya Kovalchuk,L,LAK,2018-10,34.5,11,3.1364
8469454,Ilya Kovalchuk,L,LAK,2018-11,74.0,14,5.2857
8469454,Ilya Kovalchuk,L,LAK,2018-12,33.5,5,6.7
8469454,Ilya Kovalchuk,L,LAK,2019-01,47.5,10,4.75
8469454,Ilya Kovalchuk,L,LAK,2019-02,67.5,13,5.1923
8469454,Ilya Kovalchuk,L,LAK,2019-03,1.5,7,0.2143
8469454,Ilya Kovalchuk,L,LAK,2019-04,10.5,4,2.625
8469455,Jason Spezza,C,DAL,2018-10,77.5,11,7.0455
8469455,Jason Spezza,C,DAL,2018-11,120.5,15,8.0333
8469455,Jason Spezza,C,DAL,2018-12,86.5,12,7.2083
8469455,Jason Spezza,C,DAL,2019-01,68.0,10,6.8
8469455,Jason Spezza,C,DAL,2019-02,103.0,14,7.3571
8469455,Jason Spezza,C,DAL,2019-03,67.0,11,6.0909
8469455,Jason Spezza,C,DAL,2019-04,22.5,3,7.5
8469459,Mikko Koivu,C,MIN,2018-10,162.5,11,14.7727
8469459,Mikko Koivu,C,MIN,2018-11,128.5,13,9.8846
8469459,Mikko Koivu,C,MIN,2018-12,102.5,9,11.3889
8469459,Mikko Koivu,C,MIN,2019-01,181.5,12,15.125
8469459,Mikko Koivu,C,MIN,2019-02,30.5,3,10.1667
8469465,Dan Hamhuis,D,NSH,2018-10,60.5,7,8.6429
8469465,Dan Hamhuis,D,NSH,2018-11,62.0,8,7.75
8469465,Dan Hamhuis,D,NSH,2018-12,110.5,14,7.8929
8469465,Dan Hamhuis,D,NSH,2019-01,131.5,12,10.9583
8469465,Dan Hamhuis,D,NSH,2019-02,60.0,12,5.0
8469465,Dan Hamhuis,D,NSH,2019-03,-3.5,1,-3.5
8469465,Dan Hamhuis,D,NSH,2019-04,19.0,3,6.3333
8469501,Chris Thorburn,R,STL,2018-10,3.0,1,3.0
8469506,Jason Pominville,R,BUF,2018-10,53.5,12,4.4583
8469506,Jason Pominville,R,BUF,2018-11,88.5,15,5.9
8469506,Jason Pominville,R,BUF,2018-12,29.0,8,3.625
8469506,Jason Pominville,R,BUF,2019-01,25.5,9,2.8333
8469506,Jason Pominville,R,BUF,2019-02,56.5,13,4.3462
8469506,Jason Pominville,R,BUF,2019-03,39.5,13,3.0385
8469506,Jason Pominville,R,BUF,2019-04,15.0,3,5.0
8469514,Peter Budaj,G,LAK,2018-10,-2.5,0,0.0
8469514,Peter Budaj,G,LAK,2018-11,-2.5,0,0.0
8469521,Tomas Plekanec,C,MTL,2018-10,29.5,3,9.8333
8469608,Mike Smith,G,CGY,2018-10,-27.5,0,0.0
8469608,Mike Smith,G,CGY,2018-11,-8.0,0,0.0
8469608,Mike Smith,G,CGY,2018-12,-17.5,0,0.0
8469608,Mike Smith,G,CGY,2019-01,-10.0,0,0.0
8469608,Mike Smith,G,CGY,2019-02,-42.5,0,0.0
8469608,Mike Smith,G,CGY,2019-03,-44.5,0,0.0
8469608,Mike Smith,G,CGY,2019-04,-1.5,0,0.0
8470047,Valtteri Filppula,C,NYI,2018-10,116.5,11,10.5909
8470047,Valtteri Filppula,C,NYI,2018-11,180.0,13,13.8462
8470047,Valtteri Filppula,C,NYI,2018-12,146.5,14,10.4643
8470047,Valtteri Filppula,C,NYI,2019-01,84.5,9,9.3889
8470047,Valtteri Filppula,C,NYI,2019-02,125.0,14,8.9286
8470047,Valtteri Filppula,C,NYI,2019-03,119.5,10,11.95
8470047,Valtteri Filppula,C,NYI,2019-04,20.5,1,20.5
8470093,Mike McKenna,G,PHI,2018-11,-5.0,0,0.0
8470093,Mike McKenna,G,PHI,2018-12,-10.0,0,0.0
8470110,Trevor Daley,D,DET,2018-10,60.5,8,7.5625
8470110,Trevor Daley,D,DET,2018-11,44.0,13,3.3846
8470110,Trevor Daley,D,DET,2018-12,78.5,10,7.85
8470110,Trevor Daley,D,DET,2019-02,38.5,7,5.5
8470110,Trevor Daley,D,DET,2019-03,20.0,6,3.3333
8470144,Frans Nielsen,C,DET,2018-10,135.5,11,12.3182
8470144,Frans Nielsen,C,DET,2018-11,124.0,10,12.4
8470144,Frans Nielsen,C,DET,2018-12,194.0,16,12.125
8470144,Frans Nielsen,C,DET,2019-01,86.5,10,8.65
8470144,Frans Nielsen,C,DET,2019-02,108.5,12,9.0417
8470144,Frans Nielsen,C,DET,2019-03,152.5,13,11.7308
8470147,Curtis McElhinney,G,CAR,2018-11,-10.0,0,0.0
8470147,Curtis McElhinney,G,CAR,2019-01,-7.5,0,0.0
8470147,Curtis McElhinney,G,CAR,2019-02,-2.0,0,0.0
8470147,Curtis McElhinney,G,CAR,2019-03,-12.5,0,0.0
8470147,Curtis McElhinney,G,CAR,2019-04,-2.5,0,0.0
8470151,Jay Bouwmeester,D,STL,2018-10,78.5,9,8.7222
8470151,Jay Bouwmeester,D,STL,2018-11,120.0,11,10.9091
8470151,Jay Bouwmeester,D,STL,2018-12,118.0,13,9.0769
8470151,Jay Bouwmeester,D,STL,2019-01,126.5,12,10.5417
8470151,Jay Bouwmeester,D,STL,2019-02,162.0,14,11.5714
8470151,Jay Bouwmeester,D,STL,2019-03,174.0,15,11.6
8470151,Jay Bouwmeester,D,STL,2019-04,26.5,4,6.625
8470187,Johnny Boychuk,D,NYI,2018-10,157.0,11,14.2727
8470187,Johnny Boychuk,D,NYI,2018-11,165.0,13,12.6923
8470187,Johnny Boychuk,D,NYI,2018-12,164.0,13,12.6154
8470187,Johnny Boychuk,D,NYI,2019-01,148.0,11,13.4545
8470187,Johnny Boychuk,D,NYI,2019-02,216.5,14,15.4643
8470187,Johnny Boychuk,D,NYI,2019-03,146.0,10,14.6
8470187,Johnny Boychuk,D,NYI,2019-04,29.5,2,14.75
8470257,Alexander Steen,L,STL,2018-10,112.5,10,11.25
8470257,Alexander Steen,L,STL,2018-11,112.5,8,14.0625
8470257,Alexander Steen,L,STL,2018-12,114.0,11,10.3636
8470257,Alexander Steen,L,STL,2019-01,44.5,6,7.4167
8470257,Alexander Steen,L,STL,2019-02,70.0,11,6.3636
8470257,Alexander Steen,L,STL,2019-03,134.0,15,8.9333
8470257,Alexander Steen,L,STL,2019-04,27.0,4,6.75
8470281,Duncan Keith,D,CHI,2018-10,129.0,13,9.9231
8470281,Duncan Keith,D,CHI,2018-11,110.0,13,8.4615
8470281,Duncan Keith,D,CHI,2018-12,165.0,15,11.0
8470281,Duncan Keith,D,CHI,2019-01,97.5,10,9.75
8470281,Duncan Keith,D,CHI,2019-02,123.5,13,9.5
8470281,Duncan Keith,D,CHI,2019-03,117.5,14,8.3929
8470281,Duncan Keith,D,CHI,2019-04,34.5,4,8.625
8470318,Jonathan Ericsson,D,DET,2018-10,48.0,5,9.6
8470318,Jonathan Ericsson,D,DET,2018-11,23.0,2,11.5
8470318,Jonathan Ericsson,D,DET,2018-12,177.0,16,11.0625
8470318,Jonathan Ericsson,D,DET,2019-01,88.5,10,8.85
8470318,Jonathan Ericsson,D,DET,2019-02,126.0,11,11.4545
8470318,Jonathan Ericsson,D,DET,2019-03,100.5,8,12.5625
8470320,Cam Ward,G,CHI,2018-10,-7.0,0,0.0
8470320,Cam Ward,G,CHI,2018-11,1.0,0,0.0
8470320,Cam Ward,G,CHI,2018-12,-7.0,0,0.0
8470320,Cam Ward,G,CHI,2019-01,-2.5,0,0.0
8470320,Cam Ward,G,CHI,2019-02,-5.0,0,0.0
8470320,Cam Ward,G,CHI,2019-03,-2.5,0,0.0
8470320,Cam Ward,G,CHI,2019-04,-10.0,0,0.0
8470543,Chris Kunitz,L,CHI,2018-10,81.5,12,6.7917
8470543,Chris Kunitz,L,CHI,2018-11,60.5,8,7.5625
8470543,Chris Kunitz,L,CHI,2018-12,24.5,3,8.1667
8470543,Chris Kunitz,L,CHI,2019-01,44.5,6,7.4167
8470543,Chris Kunitz,L,CHI,2019-02,38.5,10,3.85
8470543,Chris Kunitz,L,CHI,2019-03,157.0,14,11.2143
8470543,Chris Kunitz,L,CHI,2019-04,21.5,3,7.1667
8470594,Marc-Andre Fleury,G,VGK,2018-10,-12.5,0,0.0
8470594,Marc-Andre Fleury,G,VGK,2018-11,-3.0,0,0.0
8470594,Marc-Andre Fleury,G,VGK,2018-12,-6.0,0,0.0
8470594,Marc-Andre Fleury,G,VGK,2019-01,-12.5,0,0.0
8470594,Marc-Andre Fleury,G,VGK,2019-02,-12.0,0,0.0
8470594,Marc-Andre Fleury,G,VGK,2019-03,3.0,0,0.0
8470594,Marc-Andre Fleury,G,VGK,2019-04,-2.5,0,0.0
8470595,Eric Staal,C,MIN,2018-10,138.5,12,11.5417
8470595,Eric Staal,C,MIN,2018-11,120.5,12,10.0417
8470595,Eric Staal,C,MIN,2018-12,136.0,13,10.4615
8470595,Eric Staal,C,MIN,2019-01,170.0,12,14.1667
8470595,Eric Staal,C,MIN,2019-02,130.5,14,9.3214
8470595,Eric Staal,C,MIN,2019-03,174.5,15,11.6333
8470595,Eric Staal,C,MIN,2019-04,26.5,3,8.8333
8470598,Thomas Vanek,L,DET,2018-10,59.5,12,4.9583
8470598,Thomas Vanek,L,DET,2018-11,4.5,5,0.9
8470598,Thomas Vanek,L,DET,2018-12,60.0,16,3.75
8470598,Thomas Vanek,L,DET,2019-01,75.5,10,7.55
8470598,Thomas Vanek,L,DET,2019-02,52.0,11,4.7273
8470598,Thomas Vanek,L,DET,2019-03,44.5,10,4.45
8470600,Ryan Suter,D,MIN,2018-10,144.0,12,12.0
8470600,Ryan Suter,D,MIN,2018-11,94.0,13,7.2308
8470600,Ryan Suter,D,MIN,2018-12,123.5,13,9.5
8470600,Ryan Suter,D,MIN,2019-01,115.5,12,9.625
8470600,Ryan Suter,D,MIN,2019-02,140.0,14,10.0
8470600,Ryan Suter,D,MIN,2019-03,158.5,15,10.5667
8470600,Ryan Suter,D,MIN,2019-04,15.0,3,5.0
8470601,Braydon Coburn,D,TBL,2018-10,108.5,11,9.8636
8470601,Braydon Coburn,D,TBL,2018-11,125.5,15,8.3667
8470601,Braydon Coburn,D,TBL,2018-12,93.0,12,7.75
8470601,Braydon Coburn,D,TBL,2019-01,68.0,7,9.7143
8470601,Braydon Coburn,D,TBL,2019-02,119.5,13,9.1923
8470601,Braydon Coburn,D,TBL,2019-03,109.0,12,9.0833
8470601,Braydon Coburn,D,TBL,2019-04,66.5,4,16.625
8470602,Dion Phaneuf,D,LAK,2018-10,185.5,11,16.8636
8470602,Dion Phaneuf,D,LAK,2018-11,185.0,15,12.3333
8470602,Dion Phaneuf,D,LAK,2018-12,41.0,7,5.8571
8470602,Dion Phaneuf,D,LAK,2019-01,108.0,10,10.8
8470602,Dion Phaneuf,D,LAK,2019-02,148.0,12,12.3333
8470602,Dion Phaneuf,D,LAK,2019-03,107.0,9,11.8889
8470602,Dion Phaneuf,D,LAK,2019-04,44.0,3,14.6667
8470604,Jeff Carter,C,LAK,2018-10,117.5,11,10.6818
8470604,Jeff Carter,C,LAK,2018-11,211.5,15,14.1
8470604,Jeff Carter,C,LAK,2018-12,132.5,13,10.1923
8470604,Jeff Carter,C,LAK,2019-01,120.0,10,12.0
8470604,Jeff Carter,C,LAK,2019-02,83.5,9,9.2778
8470604,Jeff Carter,C,LAK,2019-03,207.0,14,14.7857
8470604,Jeff Carter,C,LAK,2019-04,38.0,4,9.5
8470606,Dustin Brown,L,LAK,2018-10,40.5,1,40.5
8470606,Dustin Brown,L,LAK,2018-11,177.0,15,11.8
8470606,Dustin Brown,L,LAK,2018-12,146.0,14,10.4286
8470606,Dustin Brown,L,LAK,2019-01,87.5,10,8.75
8470606,Dustin Brown,L,LAK,2019-02,191.5,14,13.6786
8470606,Dustin Brown,L,LAK,2019-03,142.0,14,10.1429
8470606,Dustin Brown,L,LAK,2019-04,26.5,4,6.625
8470607,Brent Seabrook,D,CHI,2018-10,178.5,13,13.7308
8470607,Brent Seabrook,D,CHI,2018-11,177.0,13,13.6154
8470607,Brent Seabrook,D,CHI,2018-12,183.0,15,12.2
8470607,Brent Seabrook,D,CHI,2019-01,108.5,9,12.0556
8470607,Brent Seabrook,D,CHI,2019-02,151.0,10,15.1
8470607,Brent Seabrook,D,CHI,2019-03,268.5,14,19.1786
8470607,Brent Seabrook,D,CHI,2019-04,41.5,4,10.375
8470610,Zach Parise,L,MIN,2018-10,188.5,12,15.7083
8470610,Zach Parise,L,MIN,2018-11,112.0,12,9.3333
8470610,Zach Parise,L,MIN,2018-12,120.0,13,9.2308
8470610,Zach Parise,L,MIN,2019-01,105.5,12,8.7917
8470610,Zach Parise,L,MIN,2019-02,158.0,14,11.2857
8470610,Zach Parise,L,MIN,2019-03,101.5,10,10.15
8470610,Zach Parise,L,MIN,2019-04,10.0,1,10.0
8470611,Eric Fehr,C,MIN,2018-10,156.5,12,13.0417
8470611,Eric Fehr,C,MIN,2018-11,180.5,13,13.8846
8470611,Eric Fehr,C,MIN,2018-12,129.5,13,9.9615
8470611,Eric Fehr,C,MIN,2019-01,33.5,3,11.1667
8470611,Eric Fehr,C,MIN,2019-02,119.5,13,9.1923
8470611,Eric Fehr,C,MIN,2019-03,213.5,15,14.2333
8470611,Eric Fehr,C,MIN,2019-04,24.5,3,8.1667
8470612,Ryan Getzlaf,C,ANA,2018-10,162.5,8,20.3125
8470612,Ryan Getzlaf,C,ANA,2018-11,295.0,14,21.0714
8470612,Ryan Getzlaf,C,ANA,2018-12,220.0,13,16.9231
8470612,Ryan Getzlaf,C,ANA,2019-01,195.0,10,19.5
8470612,Ryan Getzlaf,C,ANA,2019-02,194.5,9,21.6111
8470612,Ryan Getzlaf,C,ANA,2019-03,236.0,11,21.4545
8470612,Ryan Getzlaf,C,ANA,2019-04,18.0,2,9.0
8470613,Brent Burns,D,SJS,2018-10,97.5,12,8.125
8470613,Brent Burns,D,SJS,2018-11,116.0,14,8.2857
8470613,Brent Burns,D,SJS,2018-12,135.5,15,9.0333
8470613,Brent Burns,D,SJS,2019-01,151.5,11,13.7727
8470613,Brent Burns,D,SJS,2019-02,86.0,12,7.1667
8470613,Brent Burns,D,SJS,2019-03,96.0,15,6.4
8470613,Brent Burns,D,SJS,2019-04,52.0,3,17.3333
8470616,Ryan Kesler,C,ANA,2018-10,245.0,10,24.5
8470616,Ryan Kesler,C,ANA,2018-11,266.0,15,17.7333
8470616,Ryan Kesler,C,ANA,2018-12,222.0,13,17.0769
8470616,Ryan Kesler,C,ANA,2019-01,113.0,6,18.8333
8470616,Ryan Kesler,C,ANA,2019-02,223.5,12,18.625
8470616,Ryan Kesler,C,ANA,2019-03,102.5,4,25.625
8470619,Brian Boyle,C,NSH,2018-10,125.0,9,13.8889
8470619,Brian Boyle,C,NSH,2018-11,180.0,10,18.0
8470619,Brian Boyle,C,NSH,2018-12,128.5,14,9.1786
8470619,Brian Boyle,C,NSH,2019-01,151.5,12,12.625
8470619,Brian Boyle,C,NSH,2019-02,208.0,13,16.0
8470619,Brian Boyle,C,NSH,2019-03,153.5,12,12.7917
8470619,Brian Boyle,C,NSH,2019-04,19.0,3,6.3333
8470621,Corey Perry,R,ANA,2019-02,114.0,13,8.7692
8470621,Corey Perry,R,ANA,2019-03,178.5,16,11.1562
8470621,Corey Perry,R,ANA,2019-04,6.5,2,3.25
8470622,Patrick Eaves,R,ANA,2018-11,44.5,5,8.9
8470622,Patrick Eaves,R,ANA,2019-02,13.5,2,6.75
8470626,Loui Eriksson,L,VAN,2018-10,27.0,14,1.9286
8470626,Loui Eriksson,L,VAN,2018-11,58.5,14,4.1786
8470626,Loui Eriksson,L,VAN,2018-12,48.5,14,3.4643
8470626,Loui Eriksson,L,VAN,2019-01,30.5,9,3.3889
8470626,Loui Eriksson,L,VAN,2019-02,61.0,14,4.3571
8470626,Loui Eriksson,L,VAN,2019-03,46.0,13,3.5385
8470626,Loui Eriksson,L,VAN,2019-04,3.0,3,1.0
8470638,Patrice Bergeron,C,BOS,2018-10,184.0,12,15.3333
8470638,Patrice Bergeron,C,BOS,2018-11,135.0,7,19.2857
8470638,Patrice Bergeron,C,BOS,2018-12,75.5,4,18.875
8470638,Patrice Bergeron,C,BOS,2019-01,212.0,12,17.6667
8470638,Patrice Bergeron,C,BOS,2019-02,238.0,13,18.3077
8470638,Patrice Bergeron,C,BOS,2019-03,183.0,15,12.2
8470638,Patrice Bergeron,C,BOS,2019-04,18.0,2,9.0
8470642,Shea Weber,D,MTL,2018-11,16.0,1,16.0
8470642,Shea Weber,D,MTL,2018-12,227.5,15,15.1667
8470642,Shea Weber,D,MTL,2019-01,102.5,11,9.3182
8470642,Shea Weber,D,MTL,2019-02,162.5,13,12.5
8470642,Shea Weber,D,MTL,2019-03,217.0,15,14.4667
8470642,Shea Weber,D,MTL,2019-04,36.0,3,12.0
8470645,Corey Crawford,G,CHI,2018-10,-2.5,0,0.0
8470645,Corey Crawford,G,CHI,2018-11,-22.5,0,0.0
8470645,Corey Crawford,G,CHI,2018-12,-4.5,0,0.0
8470645,Corey Crawford,G,CHI,2019-02,-5.0,0,0.0
8470645,Corey Crawford,G,CHI,2019-03,-34.5,0,0.0
8470645,Corey Crawford,G,CHI,2019-04,-5.0,0,0.0
8470655,David Backes,R,BOS,2018-10,116.5,7,16.6429
8470655,David Backes,R,BOS,2018-11,131.0,13,10.0769
8470655,David Backes,R,BOS,2018-12,218.5,13,16.8077
8470655,David Backes,R,BOS,2019-01,106.0,9,11.7778
8470655,David Backes,R,BOS,2019-02,146.5,10,14.65
8470655,David Backes,R,BOS,2019-03,156.5,15,10.4333
8470655,David Backes,R,BOS,2019-04,39.5,3,13.1667
8470657,Jimmy Howard,G,DET,2018-10,-15.0,0,0.0
8470657,Jimmy Howard,G,DET,2018-11,-2.5,0,0.0
8470657,Jimmy Howard,G,DET,2018-12,3.0,0,0.0
8470657,Jimmy Howard,G,DET,2019-01,-5.0,0,0.0
8470657,Jimmy Howard,G,DET,2019-02,-10.0,0,0.0
8470657,Jimmy Howard,G,DET,2019-03,-4.5,0,0.0
8470657,Jimmy Howard,G,DET,2019-04,-2.5,0,0.0
8470740,Lee Stempniak,R,BOS,2019-03,15.5,2,7.75
8470755,Brad Richardson,R,ARI,2018-10,179.0,11,16.2727
8470755,Brad Richardson,R,ARI,2018-11,247.5,13,19.0385
8470755,Brad Richardson,R,ARI,2018-12,235.5,12,19.625
8470755,Brad Richardson,R,ARI,2019-01,78.0,4,19.5
8470755,Brad Richardson,R,ARI,2019-02,141.5,8,17.6875
8470755,Brad Richardson,R,ARI,2019-03,249.5,15,16.6333
8470755,Brad Richardson,R,ARI,2019-04,79.5,3,26.5
8470760,Marc Methot,D,DAL,2018-10,86.0,8,10.75
8470760,Marc Methot,D,DAL,2018-11,9.5,1,9.5
8470775,Nate Thompson,C,MTL,2018-10,198.0,11,18.0
8470775,Nate Thompson,C,MTL,2018-11,168.5,15,11.2333
8470775,Nate Thompson,C,MTL,2018-12,160.5,14,11.4643
8470775,Nate Thompson,C,MTL,2019-01,122.5,10,12.25
8470775,Nate Thompson,C,MTL,2019-02,154.0,11,14.0
8470775,Nate Thompson,C,MTL,2019-03,199.5,15,13.3
8470775,Nate Thompson,C,MTL,2019-04,24.0,2,12.0
8470794,Joe Pavelski,C,SJS,2018-10,209.5,12,17.4583
8470794,Joe Pavelski,C,SJS,2018-11,220.5,14,15.75
8470794,Joe Pavelski,C,SJS,2018-12,237.0,15,15.8
8470794,Joe Pavelski,C,SJS,2019-01,200.0,11,18.1818
8470794,Joe Pavelski,C,SJS,2019-02,164.0,12,13.6667
8470794,Joe Pavelski,C,SJS,2019-03,108.5,8,13.5625
8470794,Joe Pavelski,C,SJS,2019-04,45.0,3,15.0
8470803,Kyle Brodziak,C,EDM,2018-10,129.0,10,12.9
8470803,Kyle Brodziak,C,EDM,2018-11,171.0,13,13.1538
8470803,Kyle Brodziak,C,EDM,2018-12,248.5,14,17.75
8470803,Kyle Brodziak,C,EDM,2019-01,179.5,11,16.3182
8470803,Kyle Brodziak,C,EDM,2019-02,123.0,10,12.3
8470803,Kyle Brodziak,C,EDM,2019-03,135.5,12,11.2917
8470834,Dustin Byfuglien,D,WPG,2018-10,112.0,10,11.2
8470834,Dustin Byfuglien,D,WPG,2018-11,141.0,11,12.8182
8470834,Dustin Byfuglien,D,WPG,2018-12,107.5,11,9.7727
8470834,Dustin Byfuglien,D,WPG,2019-02,64.0,5,12.8
8470834,Dustin Byfuglien,D,WPG,2019-03,7.0,1,7.0
8470834,Dustin Byfuglien,D,WPG,2019-04,61.0,4,15.25
8470860,Jaroslav Halak,G,BOS,2018-10,-2.5,0,0.0
8470860,Jaroslav Halak,G,BOS,2018-11,-2.5,0,0.0
8470860,Jaroslav Halak,G,BOS,2018-12,-2.0,0,0.0
8470860,Jaroslav Halak,G,BOS,2019-02,-5.0,0,0.0
8470860,Jaroslav Halak,G,BOS,2019-03,-2.5,0,0.0
8470880,Brian Elliott,G,PHI,2018-10,-8.5,0,0.0
8470880,Brian Elliott,G,PHI,2019-02,-7.5,0,0.0
8470880,Brian Elliott,G,PHI,2019-03,-7.5,0,0.0
8470966,Mark Giordano,D,CGY,2018-10,131.5,13,10.1154
8470966,Mark Giordano,D,CGY,2018-11,156.0,13,12.0
8470966,Mark Giordano,D,CGY,2018-12,213.0,12,17.75
8470966,Mark Giordano,D,CGY,2019-01,155.5,11,14.1364
8470966,Mark Giordano,D,CGY,2019-02,182.5,13,14.0385
8470966,Mark Giordano,D,CGY,2019-03,222.5,15,14.8333
8470966,Mark Giordano,D,CGY,2019-04,6.5,1,6.5
8471214,Alex Ovechkin,L,WSH,2018-10,126.0,10,12.6
8471214,Alex Ovechkin,L,WSH,2018-11,271.0,15,18.0667
8471214,Alex Ovechkin,L,WSH,2018-12,193.0,13,14.8462
8471214,Alex Ovechkin,L,WSH,2019-01,212.5,12,17.7083
8471214,Alex Ovechkin,L,WSH,2019-02,123.0,13,9.4615
8471214,Alex Ovechkin,L,WSH,2019-03,166.0,15,11.0667
8471214,Alex Ovechkin,L,WSH,2019-04,76.5,3,25.5
8471215,Evgeni Malkin,C,PIT,2018-10,126.5,10,12.65
8471215,Evgeni Malkin,C,PIT,2018-11,148.5,14,10.6071
8471215,Evgeni Malkin,C,PIT,2018-12,159.0,15,10.6
8471215,Evgeni Malkin,C,PIT,2019-01,132.0,11,12.0
8471215,Evgeni Malkin,C,PIT,2019-02,115.0,7,16.4286
8471215,Evgeni Malkin,C,PIT,2019-03,123.5,9,13.7222
8471215,Evgeni Malkin,C,PIT,2019-04,20.0,2,10.0
8471217,Andrew Ladd,L,NYI,2018-10,83.0,8,10.375
8471217,Andrew Ladd,L,NYI,2018-11,63.5,6,10.5833
8471217,Andrew Ladd,L,NYI,2019-02,12.5,2,6.25
8471217,Andrew Ladd,L,NYI,2019-03,92.0,10,9.2
8471218,Blake Wheeler,R,WPG,2018-10,140.0,12,11.6667
8471218,Blake Wheeler,R,WPG,2018-11,82.0,12,6.8333
8471218,Blake Wheeler,R,WPG,2018-12,174.0,15,11.6
8471218,Blake Wheeler,R,WPG,2019-01,96.0,12,8.0
8471218,Blake Wheeler,R,WPG,2019-02,105.0,12,8.75
8471218,Blake Wheeler,R,WPG,2019-03,153.5,15,10.2333
8471218,Blake Wheeler,R,WPG,2019-04,23.0,4,5.75
8471226,Drew Stafford,R,NJD,2018-10,23.0,2,11.5
8471226,Drew Stafford,R,NJD,2018-11,35.0,3,11.6667
8471226,Drew Stafford,R,NJD,2018-12,39.0,9,4.3333
8471226,Drew Stafford,R,NJD,2019-01,74.0,12,6.1667
8471226,Drew Stafford,R,NJD,2019-02,80.5,13,6.1923
8471226,Drew Stafford,R,NJD,2019-03,99.5,15,6.6333
8471226,Drew Stafford,R,NJD,2019-04,22.5,3,7.5
8471227,Devan Dubnyk,G,MIN,2018-10,-20.0,0,0.0
8471227,Devan Dubnyk,G,MIN,2018-11,-7.0,0,0.0
8471227,Devan Dubnyk,G,MIN,2018-12,-22.5,0,0.0
8471227,Devan Dubnyk,G,MIN,2019-01,9.5,0,0.0
8471227,Devan Dubnyk,G,MIN,2019-02,-22.5,0,0.0
8471227,Devan Dubnyk,G,MIN,2019-03,-12.0,0,0.0
8471227,Devan Dubnyk,G,MIN,2019-04,3.0,0,0.0
8471228,Alexander Radulov,R,DAL,2018-10,116.0,7,16.5714
8471228,Alexander Radulov,R,DAL,2018-11,120.0,9,13.3333
8471228,Alexander Radulov,R,DAL,2018-12,170.0,14,12.1429
8471228,Alexander Radulov,R,DAL,2019-01,88.5,10,8.85
8471228,Alexander Radulov,R,DAL,2019-02,133.0,13,10.2308
8471228,Alexander Radulov,R,DAL,2019-03,160.5,14,11.4643
8471228,Alexander Radulov,R,DAL,2019-04,25.0,3,8.3333
8471233,Travis Zajac,C,NJD,2018-10,145.0,8,18.125
8471233,Travis Zajac,C,NJD,2018-11,267.0,15,17.8
8471233,Travis Zajac,C,NJD,2018-12,232.5,14,16.6071
8471233,Travis Zajac,C,NJD,2019-01,226.5,12,18.875
8471233,Travis Zajac,C,NJD,2019-02,191.0,13,14.6923
8471233,Travis Zajac,C,NJD,2019-03,207.5,15,13.8333
8471233,Travis Zajac,C,NJD,2019-04,53.5,3,17.8333
8471239,Cory Schneider,G,NJD,2018-11,-10.0,0,0.0
8471239,Cory Schneider,G,NJD,2019-02,-7.5,0,0.0
8471239,Cory Schneider,G,NJD,2019-03,-7.5,0,0.0
8471242,Mike Green,D,DET,2018-10,31.0,3,10.3333
8471242,Mike Green,D,DET,2018-11,116.0,13,8.9231
8471242,Mike Green,D,DET,2018-12,68.5,7,9.7857
8471242,Mike Green,D,DET,2019-01,80.5,6,13.4167
8471242,Mike Green,D,DET,2019-02,149.5,13,11.5
8471242,Mike Green,D,DET,2019-03,14.0,1,14.0
8471260,Blake Comeau,L,DAL,2018-10,167.5,11,15.2273
8471260,Blake Comeau,L,DAL,2018-11,232.0,15,15.4667
8471260,Blake Comeau,L,DAL,2018-12,200.5,13,15.4231
8471260,Blake Comeau,L,DAL,2019-01,153.5,10,15.35
8471260,Blake Comeau,L,DAL,2019-02,119.5,11,10.8636
8471260,Blake Comeau,L,DAL,2019-03,173.5,14,12.3929
8471260,Blake Comeau,L,DAL,2019-04,31.5,3,10.5
8471262,Carl Soderberg,C,COL,2018-10,168.5,12,14.0417
8471262,Carl Soderberg,C,COL,2018-11,230.0,14,16.4286
8471262,Carl Soderberg,C,COL,2018-12,247.5,14,17.6786
8471262,Carl Soderberg,C,COL,2019-01,196.5,10,19.65
8471262,Carl Soderberg,C,COL,2019-02,248.5,14,17.75
8471262,Carl Soderberg,C,COL,2019-03,270.5,14,19.3214
8471262,Carl Soderberg,C,COL,2019-04,40.5,4,10.125
8471273,Brandon Dubinsky,C,CBJ,2018-10,34.5,2,17.25
8471273,Brandon Dubinsky,C,CBJ,2018-11,335.0,13,25.7692
8471273,Brandon Dubinsky,C,CBJ,2018-12,244.5,14,17.4643
8471273,Brandon Dubinsky,C,CBJ,2019-01,153.0,7,21.8571
8471273,Brandon Dubinsky,C,CBJ,2019-02,131.0,6,21.8333
8471273,Brandon Dubinsky,C,CBJ,2019-03,307.5,16,19.2188
8471273,Brandon Dubinsky,C,CBJ,2019-04,70.5,3,23.5
8471274,Alex Goligoski,D,ARI,2018-10,104.5,11,9.5
8471274,Alex Goligoski,D,ARI,2018-11,103.5,8,12.9375
8471274,Alex Goligoski,D,ARI,2018-12,144.5,15,9.6333
8471274,Alex Goligoski,D,ARI,2019-01,162.0,10,16.2
8471274,Alex Goligoski,D,ARI,2019-02,175.0,14,12.5
8471274,Alex Goligoski,D,ARI,2019-03,185.0,15,12.3333
8471274,Alex Goligoski,D,ARI,2019-04,53.0,3,17.6667
8471276,David Krejci,C,BOS,2018-10,95.0,12,7.9167
8471276,David Krejci,C,BOS,2018-11,126.0,13,9.6923
8471276,David Krejci,C,BOS,2018-12,193.0,14,13.7857
8471276,David Krejci,C,BOS,2019-01,99.0,12,8.25
8471276,David Krejci,C,BOS,2019-02,111.5,13,8.5769
8471276,David Krejci,C,BOS,2019-03,143.0,15,9.5333
8471276,David Krejci,C,BOS,2019-04,19.0,2,9.5
8471284,Andrej Sekera,D,EDM,2019-02,30.5,6,5.0833
8471284,Andrej Sekera,D,EDM,2019-03,111.0,14,7.9286
8471284,Andrej Sekera,D,EDM,2019-04,30.0,4,7.5
8471303,Alexander Edler,D,VAN,2018-10,235.0,10,23.5
8471303,Alexander Edler,D,VAN,2018-11,53.0,3,17.6667
8471303,Alexander Edler,D,VAN,2018-12,305.5,14,21.8214
8471303,Alexander Edler,D,VAN,2019-01,172.0,9,19.1111
8471303,Alexander Edler,D,VAN,2019-02,62.0,3,20.6667
8471303,Alexander Edler,D,VAN,2019-03,330.5,14,23.6071
8471303,Alexander Edler,D,VAN,2019-04,40.0,3,13.3333
8471306,Thomas Greiss,G,NYI,2018-10,3.0,0,0.0
8471306,Thomas Greiss,G,NYI,2018-11,-4.0,0,0.0
8471306,Thomas Greiss,G,NYI,2018-12,-15.0,0,0.0
8471306,Thomas Greiss,G,NYI,2019-01,-2.5,0,0.0
8471306,Thomas Greiss,G,NYI,2019-02,-5.0,0,0.0
8471306,Thomas Greiss,G,NYI,2019-03,-7.5,0,0.0
8471339,Ryan Callahan,R,TBL,2018-10,61.5,7,8.7857
8471339,Ryan Callahan,R,TBL,2018-11,138.5,15,9.2333
8471339,Ryan Callahan,R,TBL,2018-12,90.5,12,7.5417
8471339,Ryan Callahan,R,TBL,2019-01,63.5,6,10.5833
8471339,Ryan Callahan,R,TBL,2019-02,80.5,5,16.1
8471339,Ryan Callahan,R,TBL,2019-03,60.0,5,12.0
8471339,Ryan Callahan,R,TBL,2019-04,12.0,2,6.0
8471392,Roman Polak,D,DAL,2018-10,154.5,9,17.1667
8471392,Roman Polak,D,DAL,2018-11,298.5,14,21.3214
8471392,Roman Polak,D,DAL,2018-12,235.0,14,16.7857
8471392,Roman Polak,D,DAL,2019-01,174.5,10,17.45
8471392,Roman Polak,D,DAL,2019-02,234.5,14,16.75
8471392,Roman Polak,D,DAL,2019-03,201.0,14,14.3571
8471392,Roman Polak,D,DAL,2019-04,36.5,2,18.25
8471418,Anton Khudobin,G,DAL,2018-11,-10.0,0,0.0
8471418,Anton Khudobin,G,DAL,2018-12,-2.0,0,0.0
8471418,Anton Khudobin,G,DAL,2019-01,-10.0,0,0.0
8471418,Anton Khudobin,G,DAL,2019-02,-19.5,0,0.0
8471418,Anton Khudobin,G,DAL,2019-03,-2.5,0,0.0
8471418,Anton Khudobin,G,DAL,2019-04,-2.5,0,0.0
8471426,Troy Brouwer,R,FLA,2018-10,98.0,8,12.25
8471426,Troy Brouwer,R,FLA,2018-11,177.0,15,11.8
8471426,Troy Brouwer,R,FLA,2018-12,180.5,14,12.8929
8471426,Troy Brouwer,R,FLA,2019-01,37.0,6,6.1667
8471426,Troy Brouwer,R,FLA,2019-02,203.5,13,15.6538
8471426,Troy Brouwer,R,FLA,2019-03,179.5,16,11.2188
8471426,Troy Brouwer,R,FLA,2019-04,47.0,3,15.6667
8471436,Matt Hunwick,D,BUF,2018-12,14.0,2,7.0
8471436,Matt Hunwick,D,BUF,2019-01,11.5,1,11.5
8471436,Matt Hunwick,D,BUF,2019-02,24.0,6,4.0
8471436,Matt Hunwick,D,BUF,2019-03,36.5,5,7.3
8471469,Pekka Rinne,G,NSH,2018-10,-2.5,0,0.0
8471469,Pekka Rinne,G,NSH,2018-11,-25.0,0,0.0
8471469,Pekka Rinne,G,NSH,2018-12,-21.5,0,0.0
8471469,Pekka Rinne,G,NSH,2019-01,-10.0,0,0.0
8471469,Pekka Rinne,G,NSH,2019-02,-10.0,0,0.0
8471469,Pekka Rinne,G,NSH,2019-03,-32.5,0,0.0
8471469,Pekka Rinne,G,NSH,2019-04,-10.0,0,0.0
8471490,Adam Cracknell,R,ANA,2019-01,5.0,1,5.0
8471490,Adam Cracknell,R,ANA,2019-02,13.5,1,13.5
8471657,Cody McLeod,L,NSH,2018-10,103.5,7,14.7857
8471657,Cody McLeod,L,NSH,2018-11,155.5,9,17.2778
8471657,Cody McLeod,L,NSH,2018-12,24.0,2,12.0
8471657,Cody McLeod,L,NSH,2019-01,137.0,12,11.4167
8471657,Cody McLeod,L,NSH,2019-02,70.0,7,10.0
8471657,Cody McLeod,L,NSH,2019-03,3.0,1,3.0
8471669,Paul Stastny,C,VGK,2018-10,25.0,3,8.3333
8471669,Paul Stastny,C,VGK,2018-12,142.0,9,15.7778
8471669,Paul Stastny,C,VGK,2019-01,126.5,10,12.65
8471669,Paul Stastny,C,VGK,2019-02,180.0,13,13.8462
8471669,Paul Stastny,C,VGK,2019-03,215.0,13,16.5385
8471669,Paul Stastny,C,VGK,2019-04,17.5,2,8.75
8471675,Sidney Crosby,C,PIT,2018-10,173.5,10,17.35
8471675,Sidney Crosby,C,PIT,2018-11,158.5,11,14.4091
8471675,Sidney Crosby,C,PIT,2018-12,234.5,15,15.6333
8471675,Sidney Crosby,C,PIT,2019-01,209.0,11,19.0
8471675,Sidney Crosby,C,PIT,2019-02,229.0,13,17.6154
8471675,Sidney Crosby,C,PIT,2019-03,273.0,16,17.0625
8471675,Sidney Crosby,C,PIT,2019-04,53.5,3,17.8333
8471676,Bobby Ryan,R,OTT,2018-10,86.5,11,7.8636
8471676,Bobby Ryan,R,OTT,2018-11,122.5,15,8.1667
8471676,Bobby Ryan,R,OTT,2018-12,100.5,11,9.1364
8471676,Bobby Ryan,R,OTT,2019-01,106.5,10,10.65
8471676,Bobby Ryan,R,OTT,2019-02,141.5,14,10.1071
8471676,Bobby Ryan,R,OTT,2019-03,134.0,14,9.5714
8471676,Bobby Ryan,R,OTT,2019-04,27.5,3,9.1667
8471677,Jack Johnson,D,PIT,2018-10,203.0,10,20.3
8471677,Jack Johnson,D,PIT,2018-11,230.5,14,16.4643
8471677,Jack Johnson,D,PIT,2018-12,319.5,15,21.3
8471677,Jack Johnson,D,PIT,2019-01,198.0,11,18.0
8471677,Jack Johnson,D,PIT,2019-02,225.0,13,17.3077
8471677,Jack Johnson,D,PIT,2019-03,297.5,16,18.5938
8471677,Jack Johnson,D,PIT,2019-04,44.5,3,14.8333
8471679,Carey Price,G,MTL,2018-10,-16.5,0,0.0
8471679,Carey Price,G,MTL,2018-11,-25.0,0,0.0
8471679,Carey Price,G,MTL,2018-12,-32.5,0,0.0
8471679,Carey Price,G,MTL,2019-01,-15.0,0,0.0
8471679,Carey Price,G,MTL,2019-02,-17.5,0,0.0
8471679,Carey Price,G,MTL,2019-03,-35.0,0,0.0
8471679,Carey Price,G,MTL,2019-04,-2.5,0,0.0
8471685,Anze Kopitar,C,LAK,2018-10,179.0,10,17.9
8471685,Anze Kopitar,C,LAK,2018-11,312.5,15,20.8333
8471685,Anze Kopitar,C,LAK,2018-12,308.0,14,22.0
8471685,Anze Kopitar,C,LAK,2019-01,263.0,10,26.3
8471685,Anze Kopitar,C,LAK,2019-02,260.0,14,18.5714
8471685,Anze Kopitar,C,LAK,2019-03,280.5,14,20.0357
8471685,Anze Kopitar,C,LAK,2019-04,63.5,4,15.875
8471686,Marc Staal,D,NYR,2018-10,106.0,12,8.8333
8471686,Marc Staal,D,NYR,2018-11,171.5,14,12.25
8471686,Marc Staal,D,NYR,2018-12,139.5,12,11.625
8471686,Marc Staal,D,NYR,2019-01,106.5,12,8.875
8471686,Marc Staal,D,NYR,2019-02,96.0,13,7.3846
8471686,Marc Staal,D,NYR,2019-03,127.5,12,10.625
8471686,Marc Staal,D,NYR,2019-04,49.5,4,12.375
8471691,Martin Hanzal,C,DAL,2018-12,110.0,7,15.7143
8471695,Tuukka Rask,G,BOS,2018-10,-5.0,0,0.0
8471695,Tuukka Rask,G,BOS,2018-11,-12.5,0,0.0
8471695,Tuukka Rask,G,BOS,2018-12,-10.0,0,0.0
8471695,Tuukka Rask,G,BOS,2019-01,3.0,0,0.0
8471695,Tuukka Rask,G,BOS,2019-02,-10.0,0,0.0
8471695,Tuukka Rask,G,BOS,2019-03,-4.5,0,0.0
8471698,T.J. Oshie,R,WSH,2018-10,182.5,10,18.25
8471698,T.J. Oshie,R,WSH,2018-11,121.0,8,15.125
8471698,T.J. Oshie,R,WSH,2018-12,133.5,9,14.8333
8471698,T.J. Oshie,R,WSH,2019-01,167.5,12,13.9583
8471698,T.J. Oshie,R,WSH,2019-02,186.0,14,13.2857
8471698,T.J. Oshie,R,WSH,2019-03,212.0,14,15.1429
8471698,T.J. Oshie,R,WSH,2019-04,22.5,2,11.25
8471699,Andrew Cogliano,C,DAL,2018-10,73.0,13,5.6154
8471699,Andrew Cogliano,C,DAL,2018-11,104.0,15,6.9333
8471699,Andrew Cogliano,C,DAL,2018-12,108.0,13,8.3077
8471699,Andrew Cogliano,C,DAL,2019-01,63.0,9,7.0
8471699,Andrew Cogliano,C,DAL,2019-02,105.0,13,8.0769
8471699,Andrew Cogliano,C,DAL,2019-03,93.5,13,7.1923
8471699,Andrew Cogliano,C,DAL,2019-04,9.0,2,4.5
8471702,Matt Niskanen,D,WSH,2018-10,158.5,10,15.85
8471702,Matt Niskanen,D,WSH,2018-11,277.5,15,18.5
8471702,Matt Niskanen,D,WSH,2018-12,194.5,11,17.6818
8471702,Matt Niskanen,D,WSH,2019-01,160.5,12,13.375
8471702,Matt Niskanen,D,WSH,2019-02,189.0,14,13.5
8471702,Matt Niskanen,D,WSH,2019-03,235.5,15,15.7
8471702,Matt Niskanen,D,WSH,2019-04,45.0,3,15.0
8471707,James Neal,L,CGY,2018-10,89.0,13,6.8462
8471707,James Neal,L,CGY,2018-11,73.0,13,5.6154
8471707,James Neal,L,CGY,2018-12,53.0,13,4.0769
8471707,James Neal,L,CGY,2019-01,44.0,10,4.4
8471707,James Neal,L,CGY,2019-02,41.5,6,6.9167
8471707,James Neal,L,CGY,2019-03,56.5,5,11.3
8471707,James Neal,L,CGY,2019-04,13.0,3,4.3333
8471709,Marc-Edouard Vlasic,D,SJS,2018-10,99.0,12,8.25
8471709,Marc-Edouard Vlasic,D,SJS,2018-11,145.5,14,10.3929
8471709,Marc-Edouard Vlasic,D,SJS,2018-12,76.5,15,5.1
8471709,Marc-Edouard Vlasic,D,SJS,2019-01,5.0,1,5.0
8471709,Marc-Edouard Vlasic,D,SJS,2019-02,96.0,12,8.0
8471709,Marc-Edouard Vlasic,D,SJS,2019-03,121.0,15,8.0667
8471709,Marc-Edouard Vlasic,D,SJS,2019-04,19.0,3,6.3333
8471716,Justin Abdelkader,L,DET,2018-10,103.0,12,8.5833
8471716,Justin Abdelkader,L,DET,2018-11,214.5,13,16.5
8471716,Justin Abdelkader,L,DET,2018-12,214.5,16,13.4062
8471716,Justin Abdelkader,L,DET,2019-01,87.0,10,8.7
8471716,Justin Abdelkader,L,DET,2019-02,171.5,13,13.1923
8471716,Justin Abdelkader,L,DET,2019-03,112.5,7,16.0714
8471717,Adam McQuaid,D,CBJ,2018-10,109.0,8,13.625
8471717,Adam McQuaid,D,CBJ,2018-12,177.5,7,25.3571
8471717,Adam McQuaid,D,CBJ,2019-01,221.5,11,20.1364
8471717,Adam McQuaid,D,CBJ,2019-02,208.0,12,17.3333
8471717,Adam McQuaid,D,CBJ,2019-03,136.0,12,11.3333
8471724,Kris Letang,D,PIT,2018-10,125.5,9,13.9444
8471724,Kris Letang,D,PIT,2018-11,214.5,14,15.3214
8471724,Kris Letang,D,PIT,2018-12,218.0,14,15.5714
8471724,Kris Letang,D,PIT,2019-01,206.5,11,18.7727
8471724,Kris Letang,D,PIT,2019-02,156.5,12,13.0417
8471724,Kris Letang,D,PIT,2019-03,41.5,3,13.8333
8471724,Kris Letang,D,PIT,2019-04,22.0,2,11.0
8471729,Kris Russell,D,EDM,2018-10,154.5,11,14.0455
8471729,Kris Russell,D,EDM,2018-11,176.0,14,12.5714
8471729,Kris Russell,D,EDM,2018-12,82.0,6,13.6667
8471729,Kris Russell,D,EDM,2019-01,128.5,9,14.2778
8471729,Kris Russell,D,EDM,2019-02,243.5,14,17.3929
8471729,Kris Russell,D,EDM,2019-03,230.5,14,16.4643
8471729,Kris Russell,D,EDM,2019-04,40.0,4,10.0
8471734,Jonathan Quick,G,LAK,2018-10,-7.5,0,0.0
8471734,Jonathan Quick,G,LAK,2018-11,-2.5,0,0.0
8471734,Jonathan Quick,G,LAK,2018-12,-9.5,0,0.0
8471734,Jonathan Quick,G,LAK,2019-01,-15.0,0,0.0
8471734,Jonathan Quick,G,LAK,2019-02,-15.0,0,0.0
8471734,Jonathan Quick,G,LAK,2019-03,-14.5,0,0.0
8471734,Jonathan Quick,G,LAK,2019-04,-5.0,0,0.0
8471735,Keith Yandle,D,FLA,2018-10,48.0,9,5.3333
8471735,Keith Yandle,D,FLA,2018-11,64.0,15,4.2667
8471735,Keith Yandle,D,FLA,2018-12,104.0,14,7.4286
8471735,Keith Yandle,D,FLA,2019-01,58.5,10,5.85
8471735,Keith Yandle,D,FLA,2019-02,79.5,15,5.3
8471735,Keith Yandle,D,FLA,2019-03,33.0,16,2.0625
8471735,Keith Yandle,D,FLA,2019-04,9.5,3,3.1667
8471743,Vladimir Sobotka,C,BUF,2018-10,160.0,9,17.7778
8471743,Vladimir Sobotka,C,BUF,2018-11,194.5,15,12.9667
8471743,Vladimir Sobotka,C,BUF,2018-12,138.0,13,10.6154
8471743,Vladimir Sobotka,C,BUF,2019-01,135.0,10,13.5
8471743,Vladimir Sobotka,C,BUF,2019-02,153.0,13,11.7692
8471743,Vladimir Sobotka,C,BUF,2019-03,136.0,9,15.1111
8471750,Ben Bishop,G,DAL,2018-10,-3.5,0,0.0
8471750,Ben Bishop,G,DAL,2018-11,-7.5,0,0.0
8471750,Ben Bishop,G,DAL,2018-12,-9.0,0,0.0
8471750,Ben Bishop,G,DAL,2019-01,0.5,0,0.0
8471750,Ben Bishop,G,DAL,2019-02,-10.0,0,0.0
8471750,Ben Bishop,G,DAL,2019-03,-10.0,0,0.0
8471750,Ben Bishop,G,DAL,2019-04,-7.5,0,0.0
8471761,Chris Butler,D,STL,2018-10,27.0,2,13.5
8471761,Chris Butler,D,STL,2018-12,94.0,10,9.4
8471761,Chris Butler,D,STL,2019-02,15.0,1,15.0
8471768,Tom Pyatt,C,OTT,2018-10,142.0,11,12.9091
8471768,Tom Pyatt,C,OTT,2018-11,129.5,15,8.6333
8471768,Tom Pyatt,C,OTT,2018-12,71.5,11,6.5
8471769,Niklas Hjalmarsson,D,ARI,2018-10,96.0,11,8.7273
8471769,Niklas Hjalmarsson,D,ARI,2018-11,181.5,13,13.9615
8471769,Niklas Hjalmarsson,D,ARI,2018-12,161.5,15,10.7667
8471769,Niklas Hjalmarsson,D,ARI,2019-01,150.5,11,13.6818
8471769,Niklas Hjalmarsson,D,ARI,2019-02,155.5,14,11.1071
8471769,Niklas Hjalmarsson,D,ARI,2019-03,213.0,15,14.2
8471769,Niklas Hjalmarsson,D,ARI,2019-04,40.5,3,13.5
8471774,Alex Stalock,G,MIN,2018-10,-15.0,0,0.0
8471774,Alex Stalock,G,MIN,2018-11,-7.5,0,0.0
8471774,Alex Stalock,G,MIN,2018-12,-5.0,0,0.0
8471774,Alex Stalock,G,MIN,2019-01,3.0,0,0.0
8471774,Alex Stalock,G,MIN,2019-02,-5.0,0,0.0
8471774,Alex Stalock,G,MIN,2019-03,-4.5,0,0.0
8471774,Alex Stalock,G,MIN,2019-04,-10.0,0,0.0
8471794,Darren Helm,C,DET,2018-10,90.0,12,7.5
8471794,Darren Helm,C,DET,2018-11,83.0,8,10.375
8471794,Darren Helm,C,DET,2019-01,78.5,10,7.85
8471794,Darren Helm,C,DET,2019-02,74.0,13,5.6923
8471794,Darren Helm,C,DET,2019-03,104.0,15,6.9333
8471794,Darren Helm,C,DET,2019-04,10.5,3,3.5
8471817,Ryan Reaves,R,VGK,2018-10,214.5,12,17.875
8471817,Ryan Reaves,R,VGK,2018-11,254.0,15,16.9333
8471817,Ryan Reaves,R,VGK,2018-12,230.0,14,16.4286
8471817,Ryan Reaves,R,VGK,2019-01,166.5,10,16.65
8471817,Ryan Reaves,R,VGK,2019-02,213.0,13,16.3846
8471817,Ryan Reaves,R,VGK,2019-03,260.0,14,18.5714
8471817,Ryan Reaves,R,VGK,2019-04,22.0,2,11.0
8471873,Anton Stralman,D,TBL,2018-10,163.5,11,14.8636
8471873,Anton Stralman,D,TBL,2018-11,63.5,5,12.7
8471873,Anton Stralman,D,TBL,2018-12,65.0,7,9.2857
8471873,Anton Stralman,D,TBL,2019-01,109.5,9,12.1667
8471873,Anton Stralman,D,TBL,2019-02,117.0,12,9.75
8471873,Anton Stralman,D,TBL,2019-03,10.5,1,10.5
8471873,Anton Stralman,D,TBL,2019-04,39.0,2,19.5
8471887,Patric Hornqvist,R,PIT,2018-10,123.5,10,12.35
8471887,Patric Hornqvist,R,PIT,2018-11,186.0,11,16.9091
8471887,Patric Hornqvist,R,PIT,2018-12,128.5,9,14.2778
8471887,Patric Hornqvist,R,PIT,2019-01,84.5,7,12.0714
8471887,Patric Hornqvist,R,PIT,2019-02,207.5,13,15.9615
8471887,Patric Hornqvist,R,PIT,2019-03,275.5,16,17.2188
8471887,Patric Hornqvist,R,PIT,2019-04,27.0,3,9.0
8471958,Dan Girardi,D,TBL,2018-10,134.0,11,12.1818
8471958,Dan Girardi,D,TBL,2018-11,198.0,15,13.2
8471958,Dan Girardi,D,TBL,2018-12,226.0,13,17.3846
8471958,Dan Girardi,D,TBL,2019-01,141.0,8,17.625
8471958,Dan Girardi,D,TBL,2019-02,181.5,11,16.5
8471958,Dan Girardi,D,TBL,2019-03,42.5,3,14.1667
8471958,Dan Girardi,D,TBL,2019-04,19.5,1,19.5
8472382,Andy Greene,D,NJD,2018-10,132.5,9,14.7222
8472382,Andy Greene,D,NJD,2018-11,248.0,15,16.5333
8472382,Andy Greene,D,NJD,2018-12,200.0,14,14.2857
8472382,Andy Greene,D,NJD,2019-01,169.5,12,14.125
8472382,Andy Greene,D,NJD,2019-02,136.0,14,9.7143
8472382,Andy Greene,D,NJD,2019-03,163.0,15,10.8667
8472382,Andy Greene,D,NJD,2019-04,42.0,3,14.0
8472410,Stephen Gionta,R,NYI,2018-10,13.0,1,13.0
8472410,Stephen Gionta,R,NYI,2018-11,61.5,4,15.375
8473412,Bryan Little,C,WPG,2018-10,110.0,12,9.1667
8473412,Bryan Little,C,WPG,2018-11,109.0,12,9.0833
8473412,Bryan Little,C,WPG,2018-12,152.0,15,10.1333
8473412,Bryan Little,C,WPG,2019-01,103.5,12,8.625
8473412,Bryan Little,C,WPG,2019-02,155.0,12,12.9167
8473412,Bryan Little,C,WPG,2019-03,193.0,15,12.8667
8473412,Bryan Little,C,WPG,2019-04,44.0,4,11.0
8473415,Alex Biega,D,VAN,2018-10,34.5,4,8.625
8473415,Alex Biega,D,VAN,2018-11,80.5,4,20.125
8473415,Alex Biega,D,VAN,2018-12,74.5,6,12.4167
8473415,Alex Biega,D,VAN,2019-02,202.5,12,16.875
8473415,Alex Biega,D,VAN,2019-03,196.0,14,14.0
8473415,Alex Biega,D,VAN,2019-04,7.5,1,7.5
8473419,Brad Marchand,C,BOS,2018-10,104.5,12,8.7083
8473419,Brad Marchand,C,BOS,2018-11,126.5,13,9.7308
8473419,Brad Marchand,C,BOS,2018-12,111.0,13,8.5385
8473419,Brad Marchand,C,BOS,2019-01,133.0,12,11.0833
8473419,Brad Marchand,C,BOS,2019-02,140.0,13,10.7692
8473419,Brad Marchand,C,BOS,2019-03,104.0,15,6.9333
8473419,Brad Marchand,C,BOS,2019-04,8.0,1,8.0
8473422,Nick Foligno,L,CBJ,2018-10,141.0,11,12.8182
8473422,Nick Foligno,L,CBJ,2018-11,198.0,13,15.2308
8473422,Nick Foligno,L,CBJ,2018-12,181.0,13,13.9231
8473422,Nick Foligno,L,CBJ,2019-01,154.5,8,19.3125
8473422,Nick Foligno,L,CBJ,2019-02,213.0,13,16.3846
8473422,Nick Foligno,L,CBJ,2019-03,196.0,12,16.3333
8473422,Nick Foligno,L,CBJ,2019-04,33.5,3,11.1667
8473434,Chad Johnson,G,ANA,2018-11,-2.5,0,0.0
8473434,Chad Johnson,G,ANA,2018-12,-2.0,0,0.0
8473434,Chad Johnson,G,ANA,2019-02,-6.5,0,0.0
8473446,Erik Johnson,D,COL,2018-10,134.5,12,11.2083
8473446,Erik Johnson,D,COL,2018-11,172.5,14,12.3214
8473446,Erik Johnson,D,COL,2018-12,190.5,14,13.6071
8473446,Erik Johnson,D,COL,2019-01,85.5,8,10.6875
8473446,Erik Johnson,D,COL,2019-02,217.5,14,15.5357
8473446,Erik Johnson,D,COL,2019-03,233.0,14,16.6429
8473446,Erik Johnson,D,COL,2019-04,46.0,4,11.5
8473449,Kyle Okposo,R,BUF,2018-10,124.0,12,10.3333
8473449,Kyle Okposo,R,BUF,2018-11,96.5,15,6.4333
8473449,Kyle Okposo,R,BUF,2018-12,94.0,13,7.2308
8473449,Kyle Okposo,R,BUF,2019-01,98.0,10,9.8
8473449,Kyle Okposo,R,BUF,2019-02,75.0,9,8.3333
8473449,Kyle Okposo,R,BUF,2019-03,121.5,16,7.5938
8473449,Kyle Okposo,R,BUF,2019-04,17.0,3,5.6667
8473453,Trevor Lewis,C,LAK,2018-10,118.5,11,10.7727
8473453,Trevor Lewis,C,LAK,2018-11,50.5,6,8.4167
8473453,Trevor Lewis,C,LAK,2019-02,127.0,9,14.1111
8473453,Trevor Lewis,C,LAK,2019-03,112.5,14,8.0357
8473453,Trevor Lewis,C,LAK,2019-04,35.5,4,8.875
8473463,Leo Komarov,C,NYI,2018-10,178.0,11,16.1818
8473463,Leo Komarov,C,NYI,2018-11,199.0,13,15.3077
8473463,Leo Komarov,C,NYI,2018-12,156.0,14,11.1429
8473463,Leo Komarov,C,NYI,2019-01,101.0,11,9.1818
8473463,Leo Komarov,C,NYI,2019-02,136.0,14,9.7143
8473463,Leo Komarov,C,NYI,2019-03,229.5,16,14.3438
8473463,Leo Komarov,C,NYI,2019-04,23.0,3,7.6667
8473465,Jamie McGinn,L,FLA,2019-02,60.0,5,12.0
8473465,Jamie McGinn,L,FLA,2019-03,130.0,13,10.0
8473465,Jamie McGinn,L,FLA,2019-04,0.5,1,0.5
8473468,Eric Gryba,D,NJD,2018-10,24.0,2,12.0
8473468,Eric Gryba,D,NJD,2019-02,121.0,8,15.125
8473473,Milan Lucic,L,EDM,2018-10,189.5,11,17.2273
8473473,Milan Lucic,L,EDM,2018-11,198.5,14,14.1786
8473473,Milan Lucic,L,EDM,2018-12,212.5,14,15.1786
8473473,Milan Lucic,L,EDM,2019-01,153.5,11,13.9545
8473473,Milan Lucic,L,EDM,2019-02,174.5,14,12.4643
8473473,Milan Lucic,L,EDM,2019-03,163.5,12,13.625
8473473,Milan Lucic,L,EDM,2019-04,56.5,3,18.8333
8473492,Matt Beleskey,L,NYR,2018-12,43.5,4,10.875
8473503,James Reimer,G,FLA,2018-10,-15.0,0,0.0
8473503,James Reimer,G,FLA,2018-11,-10.0,0,0.0
8473503,James Reimer,G,FLA,2018-12,-2.0,0,0.0
8473503,James Reimer,G,FLA,2019-01,3.0,0,0.0
8473503,James Reimer,G,FLA,2019-02,-10.0,0,0.0
8473504,Cal Clutterbuck,R,NYI,2018-10,128.5,9,14.2778
8473504,Cal Clutterbuck,R,NYI,2018-11,133.5,12,11.125
8473504,Cal Clutterbuck,R,NYI,2018-12,195.5,13,15.0385
8473504,Cal Clutterbuck,R,NYI,2019-01,163.0,11,14.8182
8473504,Cal Clutterbuck,R,NYI,2019-02,156.5,12,13.0417
8473504,Cal Clutterbuck,R,NYI,2019-03,193.0,13,14.8462
8473504,Cal Clutterbuck,R,NYI,2019-04,55.0,3,18.3333
8473507,Jeff Petry,D,MTL,2018-10,135.5,11,12.3182
8473507,Jeff Petry,D,MTL,2018-11,221.5,14,15.8214
8473507,Jeff Petry,D,MTL,2018-12,258.5,15,17.2333
8473507,Jeff Petry,D,MTL,2019-01,139.5,11,12.6818
8473507,Jeff Petry,D,MTL,2019-02,125.5,13,9.6538
8473507,Jeff Petry,D,MTL,2019-03,194.0,15,12.9333
8473507,Jeff Petry,D,MTL,2019-04,24.0,3,8.0
8473512,Claude Giroux,R,PHI,2018-10,122.0,12,10.1667
8473512,Claude Giroux,R,PHI,2018-11,140.5,12,11.7083
8473512,Claude Giroux,R,PHI,2018-12,192.0,14,13.7143
8473512,Claude Giroux,R,PHI,2019-01,133.5,13,10.2692
8473512,Claude Giroux,R,PHI,2019-02,130.0,13,10.0
8473512,Claude Giroux,R,PHI,2019-03,129.0,15,8.6
8473512,Claude Giroux,R,PHI,2019-04,29.0,3,9.6667
8473533,Jordan Staal,C,CAR,2018-10,291.5,12,24.2917
8473533,Jordan Staal,C,CAR,2018-11,330.5,13,25.4231
8473533,Jordan Staal,C,CAR,2018-12,59.5,4,14.875
8473533,Jordan Staal,C,CAR,2019-02,25.5,2,12.75
8473533,Jordan Staal,C,CAR,2019-03,351.0,16,21.9375
8473533,Jordan Staal,C,CAR,2019-04,63.5,3,21.1667
8473534,Patrik Berglund,C,BUF,2018-10,153.0,11,13.9091
8473534,Patrik Berglund,C,BUF,2018-11,83.0,9,9.2222
8473534,Patrik Berglund,C,BUF,2018-12,13.0,3,4.3333
8473541,Jonathan Bernier,G,DET,2018-10,-5.0,0,0.0
8473541,Jonathan Bernier,G,DET,2018-12,-17.5,0,0.0
8473541,Jonathan Bernier,G,DET,2019-01,0.5,0,0.0
8473541,Jonathan Bernier,G,DET,2019-02,-5.0,0,0.0
8473541,Jonathan Bernier,G,DET,2019-03,-5.0,0,0.0
8473544,Derick Brassard,C,COL,2018-10,136.0,8,17.0
8473544,Derick Brassard,C,COL,2018-11,76.5,7,10.9286
8473544,Derick Brassard,C,COL,2018-12,203.5,15,13.5667
8473544,Derick Brassard,C,COL,2019-01,161.0,10,16.1
8473544,Derick Brassard,C,COL,2019-02,94.0,12,7.8333
8473544,Derick Brassard,C,COL,2019-03,119.5,14,8.5357
8473544,Derick Brassard,C,COL,2019-04,34.0,4,8.5
8473546,Michael Grabner,R,ARI,2018-10,81.0,11,7.3636
8473546,Michael Grabner,R,ARI,2018-11,100.0,13,7.6923
8473546,Michael Grabner,R,ARI,2018-12,8.5,1,8.5
8473546,Michael Grabner,R,ARI,2019-03,65.0,13,5.0
8473546,Michael Grabner,R,ARI,2019-04,11.0,3,3.6667
8473548,Phil Kessel,C,PIT,2018-10,37.5,10,3.75
8473548,Phil Kessel,C,PIT,2018-11,79.0,14,5.6429
8473548,Phil Kessel,C,PIT,2018-12,52.5,15,3.5
8473548,Phil Kessel,C,PIT,2019-01,69.0,11,6.2727
8473548,Phil Kessel,C,PIT,2019-02,44.0,13,3.3846
8473548,Phil Kessel,C,PIT,2019-03,50.0,16,3.125
8473548,Phil Kessel,C,PIT,2019-04,20.5,3,6.8333
8473560,Korbinian Holzer,D,ANA,2019-02,43.0,4,10.75
8473560,Korbinian Holzer,D,ANA,2019-03,312.0,16,19.5
8473560,Korbinian Holzer,D,ANA,2019-04,22.5,2,11.25
8473563,Nicklas Backstrom,C,WSH,2018-10,159.5,10,15.95
8473563,Nicklas Backstrom,C,WSH,2018-11,198.5,15,13.2333
8473563,Nicklas Backstrom,C,WSH,2018-12,158.5,13,12.1923
8473563,Nicklas Backstrom,C,WSH,2019-01,110.0,11,10.0
8473563,Nicklas Backstrom,C,WSH,2019-02,163.5,14,11.6786
8473563,Nicklas Backstrom,C,WSH,2019-03,195.0,15,13.0
8473563,Nicklas Backstrom,C,WSH,2019-04,31.5,2,15.75
8473564,Michael Frolik,R,CGY,2018-10,87.0,12,7.25
8473564,Michael Frolik,R,CGY,2018-11,43.0,8,5.375
8473564,Michael Frolik,R,CGY,2018-12,14.5,3,4.8333
8473564,Michael Frolik,R,CGY,2019-01,135.0,11,12.2727
8473564,Michael Frolik,R,CGY,2019-02,111.5,13,8.5769
8473564,Michael Frolik,R,CGY,2019-03,91.5,15,6.1
8473564,Michael Frolik,R,CGY,2019-04,14.0,3,4.6667
8473573,Artem Anisimov,C,CHI,2018-10,141.0,13,10.8462
8473573,Artem Anisimov,C,CHI,2018-11,118.0,13,9.0769
8473573,Artem Anisimov,C,CHI,2018-12,91.5,11,8.3182
8473573,Artem Anisimov,C,CHI,2019-01,60.0,10,6.0
8473573,Artem Anisimov,C,CHI,2019-02,95.5,13,7.3462
8473573,Artem Anisimov,C,CHI,2019-03,162.0,14,11.5714
8473573,Artem Anisimov,C,CHI,2019-04,64.5,4,16.125
8473575,Semyon Varlamov,G,COL,2018-10,-5.0,0,0.0
8473575,Semyon Varlamov,G,COL,2018-11,-5.0,0,0.0
8473575,Semyon Varlamov,G,COL,2018-12,-10.0,0,0.0
8473575,Semyon Varlamov,G,COL,2019-01,-2.5,0,0.0
8473575,Semyon Varlamov,G,COL,2019-02,-7.5,0,0.0
8473575,Semyon Varlamov,G,COL,2019-03,-10.0,0,0.0
8473575,Semyon Varlamov,G,COL,2019-04,-5.0,0,0.0
8473584,Andrew MacDonald,D,PHI,2018-10,96.0,6,16.0
8473584,Andrew MacDonald,D,PHI,2018-11,17.0,3,5.6667
8473584,Andrew MacDonald,D,PHI,2018-12,156.0,14,11.1429
8473584,Andrew MacDonald,D,PHI,2019-01,98.0,7,14.0
8473584,Andrew MacDonald,D,PHI,2019-02,122.0,12,10.1667
8473584,Andrew MacDonald,D,PHI,2019-03,43.0,5,8.6
8473588,Erik Condra,R,DAL,2019-01,12.0,6,2.0
8473604,Jonathan Toews,C,CHI,2018-10,172.5,13,13.2692
8473604,Jonathan Toews,C,CHI,2018-11,206.0,13,15.8462
8473604,Jonathan Toews,C,CHI,2018-12,272.5,15,18.1667
8473604,Jonathan Toews,C,CHI,2019-01,185.0,10,18.5
8473604,Jonathan Toews,C,CHI,2019-02,265.5,13,20.4231
8473604,Jonathan Toews,C,CHI,2019-03,247.0,14,17.6429
8473604,Jonathan Toews,C,CHI,2019-04,102.5,4,25.625
8473607,Michal Neuvirth,G,PHI,2018-10,-5.0,0,0.0
8473614,Richard Bachman,G,VAN,2018-11,-2.5,0,0.0
8473618,Mathieu Perreault,C,WPG,2018-10,75.5,12,6.2917
8473618,Mathieu Perreault,C,WPG,2018-11,46.5,12,3.875
8473618,Mathieu Perreault,C,WPG,2018-12,187.5,15,12.5
8473618,Mathieu Perreault,C,WPG,2019-01,111.0,12,9.25
8473618,Mathieu Perreault,C,WPG,2019-02,170.0,12,14.1667
8473618,Mathieu Perreault,C,WPG,2019-03,173.5,15,11.5667
8473618,Mathieu Perreault,C,WPG,2019-04,23.0,4,5.75
8473673,David Schlemko,D,MTL,2018-11,126.0,9,14.0
8473673,David Schlemko,D,MTL,2018-12,155.5,9,17.2778
8473914,Mark Letestu,C,CBJ,2019-01,10.0,1,10.0
8473914,Mark Letestu,C,CBJ,2019-02,7.5,1,7.5
8473933,Ben Lovejoy,D,DAL,2018-10,59.0,6,9.8333
8473933,Ben Lovejoy,D,DAL,2018-11,189.0,15,12.6
8473933,Ben Lovejoy,D,DAL,2018-12,113.0,14,8.0714
8473933,Ben Lovejoy,D,DAL,2019-01,103.5,8,12.9375
8473933,Ben Lovejoy,D,DAL,2019-02,156.5,11,14.2273
8473933,Ben Lovejoy,D,DAL,2019-03,132.0,15,8.8
8473933,Ben Lovejoy,D,DAL,2019-04,38.5,2,19.25
8473986,Alex Killorn,C,TBL,2018-10,69.5,11,6.3182
8473986,Alex Killorn,C,TBL,2018-11,89.5,15,5.9667
8473986,Alex Killorn,C,TBL,2018-12,147.0,14,10.5
8473986,Alex Killorn,C,TBL,2019-01,99.5,10,9.95
8473986,Alex Killorn,C,TBL,2019-02,75.5,15,5.0333
8473986,Alex Killorn,C,TBL,2019-03,94.5,13,7.2692
8473986,Alex Killorn,C,TBL,2019-04,25.5,4,6.375
8473991,Karl Alzner,D,MTL,2018-10,47.0,4,11.75
8473991,Karl Alzner,D,MTL,2018-11,61.5,4,15.375
8473991,Karl Alzner,D,MTL,2019-01,5.5,1,5.5
8473992,Justin Falk,D,OTT,2018-12,180.0,10,18.0
8473994,Jamie Benn,L,DAL,2018-10,179.5,11,16.3182
8473994,Jamie Benn,L,DAL,2018-11,205.0,15,13.6667
8473994,Jamie Benn,L,DAL,2018-12,230.0,14,16.4286
8473994,Jamie Benn,L,DAL,2019-01,125.0,9,13.8889
8473994,Jamie Benn,L,DAL,2019-02,177.5,12,14.7917
8473994,Jamie Benn,L,DAL,2019-03,210.0,15,14.0
8473994,Jamie Benn,L,DAL,2019-04,10.5,2,5.25
8474000,Steven Kampfer,D,BOS,2018-10,74.5,5,14.9
8474000,Steven Kampfer,D,BOS,2018-11,124.5,10,12.45
8474000,Steven Kampfer,D,BOS,2018-12,124.0,10,12.4
8474000,Steven Kampfer,D,BOS,2019-03,79.5,8,9.9375
8474000,Steven Kampfer,D,BOS,2019-04,15.0,2,7.5
8474008,Paul Carey,C,BOS,2018-10,16.5,5,3.3
8474008,Paul Carey,C,BOS,2019-03,14.0,2,7.0
8474009,Nick Bonino,C,NSH,2018-10,151.5,12,12.625
8474009,Nick Bonino,C,NSH,2018-11,172.5,14,12.3214
8474009,Nick Bonino,C,NSH,2018-12,211.0,13,16.2308
8474009,Nick Bonino,C,NSH,2019-01,209.0,12,17.4167
8474009,Nick Bonino,C,NSH,2019-02,171.0,14,12.2143
8474009,Nick Bonino,C,NSH,2019-03,154.0,13,11.8462
8474009,Nick Bonino,C,NSH,2019-04,39.0,3,13.0
8474013,Ian Cole,D,COL,2018-10,229.0,12,19.0833
8474013,Ian Cole,D,COL,2018-11,269.0,14,19.2143
8474013,Ian Cole,D,COL,2018-12,230.5,14,16.4643
8474013,Ian Cole,D,COL,2019-01,179.0,10,17.9
8474013,Ian Cole,D,COL,2019-02,70.5,3,23.5
8474013,Ian Cole,D,COL,2019-03,232.0,14,16.5714
8474013,Ian Cole,D,COL,2019-04,42.5,4,10.625
8474025,Eric Tangradi,L,NJD,2019-03,66.0,6,11.0
8474027,Justin Braun,D,SJS,2018-10,145.5,12,12.125
8474027,Justin Braun,D,SJS,2018-11,204.5,14,14.6071
8474027,Justin Braun,D,SJS,2018-12,219.0,15,14.6
8474027,Justin Braun,D,SJS,2019-01,83.5,7,11.9286
8474027,Justin Braun,D,SJS,2019-02,125.0,12,10.4167
8474027,Justin Braun,D,SJS,2019-03,183.0,15,12.2
8474027,Justin Braun,D,SJS,2019-04,64.0,3,21.3333
8474031,Kevin Shattenkirk,D,NYR,2018-10,144.0,11,13.0909
8474031,Kevin Shattenkirk,D,NYR,2018-11,136.5,14,9.75
8474031,Kevin Shattenkirk,D,NYR,2018-12,70.0,5,14.0
8474031,Kevin Shattenkirk,D,NYR,2019-01,127.5,12,10.625
8474031,Kevin Shattenkirk,D,NYR,2019-02,118.5,13,9.1154
8474031,Kevin Shattenkirk,D,NYR,2019-03,137.5,14,9.8214
8474031,Kevin Shattenkirk,D,NYR,2019-04,69.0,4,17.25
8474034,Patrick Maroon,L,STL,2018-10,123.5,10,12.35
8474034,Patrick Maroon,L,STL,2018-11,91.5,8,11.4375
8474034,Patrick Maroon,L,STL,2018-12,143.0,13,11.0
8474034,Patrick Maroon,L,STL,2019-01,140.5,10,14.05
8474034,Patrick Maroon,L,STL,2019-02,115.5,14,8.25
8474034,Patrick Maroon,L,STL,2019-03,134.0,15,8.9333
8474034,Patrick Maroon,L,STL,2019-04,35.0,4,8.75
8474037,James van Riemsdyk,L,PHI,2018-10,7.5,2,3.75
8474037,James van Riemsdyk,L,PHI,2018-11,34.5,6,5.75
8474037,James van Riemsdyk,L,PHI,2018-12,96.5,14,6.8929
8474037,James van Riemsdyk,L,PHI,2019-01,90.0,13,6.9231
8474037,James van Riemsdyk,L,PHI,2019-02,108.5,13,8.3462
8474037,James van Riemsdyk,L,PHI,2019-03,134.5,15,8.9667
8474037,James van Riemsdyk,L,PHI,2019-04,19.0,3,6.3333
8474038,Paul Byron,L,MTL,2018-10,188.0,11,17.0909
8474038,Paul Byron,L,MTL,2018-12,203.0,15,13.5333
8474038,Paul Byron,L,MTL,2019-01,84.5,8,10.5625
8474038,Paul Byron,L,MTL,2019-02,57.0,7,8.1429
8474038,Paul Byron,L,MTL,2019-03,106.5,13,8.1923
8474038,Paul Byron,L,MTL,2019-04,18.5,2,9.25
8474040,Sam Gagner,C,EDM,2018-11,35.0,6,5.8333
8474040,Sam Gagner,C,EDM,2018-12,3.0,1,3.0
8474040,Sam Gagner,C,EDM,2019-02,50.0,7,7.1429
8474040,Sam Gagner,C,EDM,2019-03,80.0,14,5.7143
8474040,Sam Gagner,C,EDM,2019-04,20.5,4,5.125
8474053,Logan Couture,C,SJS,2018-10,173.5,12,14.4583
8474053,Logan Couture,C,SJS,2018-11,124.5,14,8.8929
8474053,Logan Couture,C,SJS,2018-12,141.5,15,9.4333
8474053,Logan Couture,C,SJS,2019-01,156.0,11,14.1818
8474053,Logan Couture,C,SJS,2019-02,138.5,12,11.5417
8474053,Logan Couture,C,SJS,2019-03,174.0,14,12.4286
8474053,Logan Couture,C,SJS,2019-04,27.5,3,9.1667
8474056,P.K. Subban,D,NSH,2018-10,117.0,12,9.75
8474056,P.K. Subban,D,NSH,2018-11,46.0,6,7.6667
8474056,P.K. Subban,D,NSH,2018-12,31.5,3,10.5
8474056,P.K. Subban,D,NSH,2019-01,120.5,12,10.0417
8474056,P.K. Subban,D,NSH,2019-02,153.5,14,10.9643
8474056,P.K. Subban,D,NSH,2019-03,109.5,13,8.4231
8474056,P.K. Subban,D,NSH,2019-04,18.5,3,6.1667
8474061,Anthony Peluso,R,CGY,2018-10,16.5,2,8.25
8474061,Anthony Peluso,R,CGY,2018-11,4.5,1,4.5
8474061,Anthony Peluso,R,CGY,2018-12,11.5,1,11.5
8474062,Riley Nash,C,CBJ,2018-10,144.5,11,13.1364
8474062,Riley Nash,C,CBJ,2018-11,141.5,13,10.8846
8474062,Riley Nash,C,CBJ,2018-12,83.0,14,5.9286
8474062,Riley Nash,C,CBJ,2019-01,81.5,11,7.4091
8474062,Riley Nash,C,CBJ,2019-02,98.5,13,7.5769
8474062,Riley Nash,C,CBJ,2019-03,146.0,13,11.2308
8474062,Riley Nash,C,CBJ,2019-04,36.5,3,12.1667
8474066,Thomas Hickey,D,NYI,2018-10,114.5,11,10.4091
8474066,Thomas Hickey,D,NYI,2018-11,197.5,13,15.1923
8474066,Thomas Hickey,D,NYI,2018-12,109.0,8,13.625
8474066,Thomas Hickey,D,NYI,2019-02,19.5,1,19.5
8474066,Thomas Hickey,D,NYI,2019-03,72.0,6,12.0
8474066,Thomas Hickey,D,NYI,2019-04,20.0,1,20.0
8474068,Kyle Turris,C,NSH,2018-10,92.5,12,7.7083
8474068,Kyle Turris,C,NSH,2018-11,85.0,11,7.7273
8474068,Kyle Turris,C,NSH,2018-12,65.5,7,9.3571
8474068,Kyle Turris,C,NSH,2019-02,50.0,11,4.5455
8474068,Kyle Turris,C,NSH,2019-03,89.0,11,8.0909
8474068,Kyle Turris,C,NSH,2019-04,14.5,3,4.8333
8474089,Brad Malone,C,EDM,2019-02,105.0,12,8.75
8474089,Brad Malone,C,EDM,2019-03,9.0,1,9.0
8474089,Brad Malone,C,EDM,2019-04,63.0,3,21.0
8474090,Brendan Smith,D,NYR,2018-10,111.5,12,9.2917
8474090,Brendan Smith,D,NYR,2018-11,91.5,9,10.1667
8474090,Brendan Smith,D,NYR,2018-12,81.0,8,10.125
8474090,Brendan Smith,D,NYR,2019-01,60.0,4,15.0
8474090,Brendan Smith,D,NYR,2019-02,126.0,12,10.5
8474090,Brendan Smith,D,NYR,2019-03,232.5,15,15.5
8474090,Brendan Smith,D,NYR,2019-04,29.0,3,9.6667
8474091,Brandon Sutter,C,VAN,2018-10,219.5,13,16.8846
8474091,Brandon Sutter,C,VAN,2019-01,120.5,8,15.0625
8474091,Brandon Sutter,C,VAN,2019-02,104.0,5,20.8
8474098,Colton Sceviour,C,FLA,2018-10,71.5,8,8.9375
8474098,Colton Sceviour,C,FLA,2018-11,131.5,14,9.3929
8474098,Colton Sceviour,C,FLA,2018-12,124.0,12,10.3333
8474098,Colton Sceviour,C,FLA,2019-01,89.5,10,8.95
8474098,Colton Sceviour,C,FLA,2019-02,66.5,5,13.3
8474098,Colton Sceviour,C,FLA,2019-03,82.5,7,11.7857
8474098,Colton Sceviour,C,FLA,2019-04,56.0,3,18.6667
8474102,David Perron,L,STL,2018-10,77.0,10,7.7
8474102,David Perron,L,STL,2018-11,153.5,14,10.9643
8474102,David Perron,L,STL,2018-12,109.5,12,9.125
8474102,David Perron,L,STL,2019-01,89.5,9,9.9444
8474102,David Perron,L,STL,2019-03,86.5,8,10.8125
8474102,David Perron,L,STL,2019-04,36.0,4,9.0
8474125,Carl Gunnarsson,D,STL,2018-11,55.5,7,7.9286
8474125,Carl Gunnarsson,D,STL,2019-01,78.0,9,8.6667
8474125,Carl Gunnarsson,D,STL,2019-02,20.5,2,10.25
8474125,Carl Gunnarsson,D,STL,2019-03,35.5,3,11.8333
8474125,Carl Gunnarsson,D,STL,2019-04,37.0,4,9.25
8474131,Mario Kempe,R,ARI,2018-10,58.0,4,14.5
8474131,Mario Kempe,R,ARI,2018-12,187.0,14,13.3571
8474131,Mario Kempe,R,ARI,2019-01,180.5,11,16.4091
8474131,Mario Kempe,R,ARI,2019-02,128.0,12,10.6667
8474131,Mario Kempe,R,ARI,2019-03,144.0,11,13.0909
8474134,Yannick Weber,D,NSH,2018-10,60.0,12,5.0
8474134,Yannick Weber,D,NSH,2018-11,95.0,14,6.7857
8474134,Yannick Weber,D,NSH,2018-12,85.0,11,7.7273
8474134,Yannick Weber,D,NSH,2019-01,10.5,3,3.5
8474134,Yannick Weber,D,NSH,2019-02,61.5,11,5.5909
8474134,Yannick Weber,D,NSH,2019-03,91.5,11,8.3182
8474141,Patrick Kane,R,CHI,2018-10,50.0,12,4.1667
8474141,Patrick Kane,R,CHI,2018-11,70.0,13,5.3846
8474141,Patrick Kane,R,CHI,2018-12,84.0,15,5.6
8474141,Patrick Kane,R,CHI,2019-01,59.5,10,5.95
8474141,Patrick Kane,R,CHI,2019-02,108.5,13,8.3462
8474141,Patrick Kane,R,CHI,2019-03,86.0,14,6.1429
8474141,Patrick Kane,R,CHI,2019-04,36.5,4,9.125
8474145,Robert Bortuzzo,D,STL,2018-10,78.0,5,15.6
8474145,Robert Bortuzzo,D,STL,2018-11,4.0,1,4.0
8474145,Robert Bortuzzo,D,STL,2018-12,182.0,13,14.0
8474145,Robert Bortuzzo,D,STL,2019-01,102.0,11,9.2727
8474145,Robert Bortuzzo,D,STL,2019-02,159.0,11,14.4545
8474145,Robert Bortuzzo,D,STL,2019-03,165.0,14,11.7857
8474145,Robert Bortuzzo,D,STL,2019-04,40.0,4,10.0
8474149,Evgenii Dadonov,R,FLA,2018-10,44.5,9,4.9444
8474149,Evgenii Dadonov,R,FLA,2018-11,130.5,15,8.7
8474149,Evgenii Dadonov,R,FLA,2018-12,106.0,14,7.5714
8474149,Evgenii Dadonov,R,FLA,2019-01,89.5,10,8.95
8474149,Evgenii Dadonov,R,FLA,2019-02,140.0,15,9.3333
8474149,Evgenii Dadonov,R,FLA,2019-03,146.5,16,9.1562
8474149,Evgenii Dadonov,R,FLA,2019-04,42.0,3,14.0
8474150,Mikael Backlund,C,CGY,2018-10,134.5,13,10.3462
8474150,Mikael Backlund,C,CGY,2018-11,156.0,13,12.0
8474150,Mikael Backlund,C,CGY,2018-12,153.5,10,15.35
8474150,Mikael Backlund,C,CGY,2019-01,145.0,11,13.1818
8474150,Mikael Backlund,C,CGY,2019-02,170.0,13,13.0769
8474150,Mikael Backlund,C,CGY,2019-03,196.5,15,13.1
8474150,Mikael Backlund,C,CGY,2019-04,9.0,2,4.5
8474151,Ryan McDonagh,D,TBL,2018-10,210.0,11,19.0909
8474151,Ryan McDonagh,D,TBL,2018-11,151.5,15,10.1
8474151,Ryan McDonagh,D,TBL,2018-12,134.0,14,9.5714
8474151,Ryan McDonagh,D,TBL,2019-01,95.5,10,9.55
8474151,Ryan McDonagh,D,TBL,2019-02,172.0,15,11.4667
8474151,Ryan McDonagh,D,TBL,2019-03,249.0,13,19.1538
8474151,Ryan McDonagh,D,TBL,2019-04,56.0,4,14.0
8474152,Scott Darling,G,CAR,2018-11,-15.0,0,0.0
8474157,Max Pacioretty,L,VGK,2018-10,163.0,10,16.3
8474157,Max Pacioretty,L,VGK,2018-11,153.5,13,11.8077
8474157,Max Pacioretty,L,VGK,2018-12,45.5,7,6.5
8474157,Max Pacioretty,L,VGK,2019-01,136.5,9,15.1667
8474157,Max Pacioretty,L,VGK,2019-02,196.0,13,15.0769
8474157,Max Pacioretty,L,VGK,2019-03,120.0,11,10.9091
8474157,Max Pacioretty,L,VGK,2019-04,22.0,3,7.3333
8474161,Jakub Voracek,R,PHI,2018-10,105.5,12,8.7917
8474161,Jakub Voracek,R,PHI,2018-11,62.0,12,5.1667
8474161,Jakub Voracek,R,PHI,2018-12,81.5,14,5.8214
8474161,Jakub Voracek,R,PHI,2019-01,72.0,13,5.5385
8474161,Jakub Voracek,R,PHI,2019-02,72.0,13,5.5385
8474161,Jakub Voracek,R,PHI,2019-03,77.0,11,7.0
8474161,Jakub Voracek,R,PHI,2019-04,11.5,3,3.8333
8474162,Jake Muzzin,D,TOR,2018-10,159.5,11,14.5
8474162,Jake Muzzin,D,TOR,2018-11,221.0,15,14.7333
8474162,Jake Muzzin,D,TOR,2018-12,228.0,14,16.2857
8474162,Jake Muzzin,D,TOR,2019-01,124.0,10,12.4
8474162,Jake Muzzin,D,TOR,2019-02,245.0,15,16.3333
8474162,Jake Muzzin,D,TOR,2019-03,166.0,14,11.8571
8474162,Jake Muzzin,D,TOR,2019-04,10.0,1,10.0
8474166,Alec Martinez,D,LAK,2018-10,134.5,11,12.2273
8474166,Alec Martinez,D,LAK,2018-11,156.5,15,10.4333
8474166,Alec Martinez,D,LAK,2018-12,77.5,4,19.375
8474166,Alec Martinez,D,LAK,2019-01,92.5,6,15.4167
8474166,Alec Martinez,D,LAK,2019-02,88.0,7,12.5714
8474166,Alec Martinez,D,LAK,2019-03,132.0,13,10.1538
8474166,Alec Martinez,D,LAK,2019-04,39.0,4,9.75
8474176,Carl Hagelin,L,WSH,2018-10,120.5,10,12.05
8474176,Carl Hagelin,L,WSH,2018-11,107.0,11,9.7273
8474176,Carl Hagelin,L,WSH,2019-01,56.5,8,7.0625
8474176,Carl Hagelin,L,WSH,2019-02,71.0,12,5.9167
8474176,Carl Hagelin,L,WSH,2019-03,113.0,14,8.0714
8474176,Carl Hagelin,L,WSH,2019-04,15.0,3,5.0
8474189,Lars Eller,C,WSH,2018-10,139.5,10,13.95
8474189,Lars Eller,C,WSH,2018-11,249.0,15,16.6
8474189,Lars Eller,C,WSH,2018-12,181.5,13,13.9615
8474189,Lars Eller,C,WSH,2019-01,184.5,12,15.375
8474189,Lars Eller,C,WSH,2019-02,177.0,13,13.6154
8474189,Lars Eller,C,WSH,2019-03,205.0,15,13.6667
8474189,Lars Eller,C,WSH,2019-04,70.0,3,23.3333
8474190,Wayne Simmonds,R,NSH,2018-10,171.0,12,14.25
8474190,Wayne Simmonds,R,NSH,2018-11,143.5,12,11.9583
8474190,Wayne Simmonds,R,NSH,2018-12,160.5,14,11.4643
8474190,Wayne Simmonds,R,NSH,2019-01,144.5,13,11.1154
8474190,Wayne Simmonds,R,NSH,2019-02,146.5,12,12.2083
8474190,Wayne Simmonds,R,NSH,2019-03,119.5,13,9.1923
8474190,Wayne Simmonds,R,NSH,2019-04,9.0,3,3.0
8474207,Nick Holden,D,VGK,2018-10,119.5,12,9.9583
8474207,Nick Holden,D,VGK,2018-11,211.0,15,14.0667
8474207,Nick Holden,D,VGK,2018-12,159.5,15,10.6333
8474207,Nick Holden,D,VGK,2019-01,120.5,9,13.3889
8474207,Nick Holden,D,VGK,2019-02,15.0,2,7.5
8474207,Nick Holden,D,VGK,2019-03,92.0,5,18.4
8474207,Nick Holden,D,VGK,2019-04,51.0,3,17.0
8474218,Jason Demers,D,ARI,2018-10,71.0,11,6.4545
8474218,Jason Demers,D,ARI,2018-11,65.5,7,9.3571
8474218,Jason Demers,D,ARI,2019-03,223.5,14,15.9643
8474218,Jason Demers,D,ARI,2019-04,31.5,3,10.5
8474230,Micheal Haley,C,SJS,2018-11,64.0,6,10.6667
8474230,Micheal Haley,C,SJS,2018-12,95.5,11,8.6818
8474230,Micheal Haley,C,SJS,2019-01,33.0,4,8.25
8474230,Micheal Haley,C,SJS,2019-02,66.5,7,9.5
8474230,Micheal Haley,C,SJS,2019-03,123.5,12,10.2917
8474230,Micheal Haley,C,SJS,2019-04,27.5,3,9.1667
8474250,Zack Smith,C,OTT,2018-10,183.5,9,20.3889
8474250,Zack Smith,C,OTT,2018-11,114.0,8,14.25
8474250,Zack Smith,C,OTT,2018-12,262.5,14,18.75
8474250,Zack Smith,C,OTT,2019-01,122.0,10,12.2
8474250,Zack Smith,C,OTT,2019-02,171.5,14,12.25
8474250,Zack Smith,C,OTT,2019-03,214.0,11,19.4545
8474250,Zack Smith,C,OTT,2019-04,59.0,4,14.75
8474291,Jay Beagle,C,VAN,2018-10,85.5,5,17.1
8474291,Jay Beagle,C,VAN,2018-12,263.5,13,20.2692
8474291,Jay Beagle,C,VAN,2019-01,148.5,9,16.5
8474291,Jay Beagle,C,VAN,2019-02,225.5,14,16.1071
8474291,Jay Beagle,C,VAN,2019-03,270.5,13,20.8077
8474291,Jay Beagle,C,VAN,2019-04,51.5,3,17.1667
8474520,Jason Garrison,D,EDM,2018-10,37.5,6,6.25
8474520,Jason Garrison,D,EDM,2018-11,46.5,6,7.75
8474520,Jason Garrison,D,EDM,2018-12,60.0,5,12.0
8474550,Antti Niemi,G,MTL,2018-10,-5.0,0,0.0
8474550,Antti Niemi,G,MTL,2018-11,-2.5,0,0.0
8474550,Antti Niemi,G,MTL,2018-12,-2.5,0,0.0
8474550,Antti Niemi,G,MTL,2019-01,-5.0,0,0.0
8474550,Antti Niemi,G,MTL,2019-03,-2.5,0,0.0
8474563,Drew Doughty,D,LAK,2018-10,137.5,11,12.5
8474563,Drew Doughty,D,LAK,2018-11,108.5,15,7.2333
8474563,Drew Doughty,D,LAK,2018-12,237.5,14,16.9643
8474563,Drew Doughty,D,LAK,2019-01,102.5,10,10.25
8474563,Drew Doughty,D,LAK,2019-02,160.5,14,11.4643
8474563,Drew Doughty,D,LAK,2019-03,179.5,14,12.8214
8474563,Drew Doughty,D,LAK,2019-04,43.0,4,10.75
8474564,Steven Stamkos,C,TBL,2018-10,111.0,11,10.0909
8474564,Steven Stamkos,C,TBL,2018-11,167.0,15,11.1333
8474564,Steven Stamkos,C,TBL,2018-12,176.0,14,12.5714
8474564,Steven Stamkos,C,TBL,2019-01,126.5,10,12.65
8474564,Steven Stamkos,C,TBL,2019-02,197.0,15,13.1333
8474564,Steven Stamkos,C,TBL,2019-03,200.5,13,15.4231
8474564,Steven Stamkos,C,TBL,2019-04,52.0,4,13.0
8474565,Alex Pietrangelo,D,STL,2018-10,156.5,10,15.65
8474565,Alex Pietrangelo,D,STL,2018-11,249.5,14,17.8214
8474565,Alex Pietrangelo,D,STL,2018-12,5.0,2,2.5
8474565,Alex Pietrangelo,D,STL,2019-01,136.5,12,11.375
8474565,Alex Pietrangelo,D,STL,2019-02,194.0,14,13.8571
8474565,Alex Pietrangelo,D,STL,2019-03,212.5,15,14.1667
8474565,Alex Pietrangelo,D,STL,2019-04,63.5,4,15.875
8474567,Zach Bogosian,D,BUF,2018-10,111.0,7,15.8571
8474567,Zach Bogosian,D,BUF,2018-11,142.5,15,9.5
8474567,Zach Bogosian,D,BUF,2018-12,164.0,13,12.6154
8474567,Zach Bogosian,D,BUF,2019-01,68.5,10,6.85
8474567,Zach Bogosian,D,BUF,2019-02,125.0,11,11.3636
8474567,Zach Bogosian,D,BUF,2019-03,116.5,9,12.9444
8474568,Luke Schenn,D,VAN,2018-10,106.0,7,15.1429
8474568,Luke Schenn,D,VAN,2018-11,15.5,1,15.5
8474568,Luke Schenn,D,VAN,2019-02,35.5,3,11.8333
8474568,Luke Schenn,D,VAN,2019-03,297.0,12,24.75
8474568,Luke Schenn,D,VAN,2019-04,72.5,3,24.1667
8474569,Colin Wilson,C,COL,2018-10,76.0,12,6.3333
8474569,Colin Wilson,C,COL,2018-11,84.0,13,6.4615
8474569,Colin Wilson,C,COL,2018-12,79.0,10,7.9
8474569,Colin Wilson,C,COL,2019-01,38.5,6,6.4167
8474569,Colin Wilson,C,COL,2019-02,42.0,6,7.0
8474569,Colin Wilson,C,COL,2019-03,150.0,14,10.7143
8474569,Colin Wilson,C,COL,2019-04,26.5,4,6.625
8474571,Mikkel Boedker,L,OTT,2018-10,66.0,11,6.0
8474571,Mikkel Boedker,L,OTT,2018-11,70.5,15,4.7
8474571,Mikkel Boedker,L,OTT,2018-12,90.0,14,6.4286
8474571,Mikkel Boedker,L,OTT,2019-01,60.5,10,6.05
8474571,Mikkel Boedker,L,OTT,2019-02,21.5,6,3.5833
8474571,Mikkel Boedker,L,OTT,2019-03,80.0,13,6.1538
8474571,Mikkel Boedker,L,OTT,2019-04,10.0,2,5.0
8474573,Josh Bailey,C,NYI,2018-10,28.0,11,2.5455
8474573,Josh Bailey,C,NYI,2018-11,64.5,13,4.9615
8474573,Josh Bailey,C,NYI,2018-12,59.5,14,4.25
8474573,Josh Bailey,C,NYI,2019-01,64.5,11,5.8636
8474573,Josh Bailey,C,NYI,2019-02,74.5,14,5.3214
8474573,Josh Bailey,C,NYI,2019-03,72.0,16,4.5
8474573,Josh Bailey,C,NYI,2019-04,10.0,3,3.3333
8474574,Tyler Myers,D,WPG,2018-10,112.5,12,9.375
8474574,Tyler Myers,D,WPG,2018-11,95.5,12,7.9583
8474574,Tyler Myers,D,WPG,2018-12,154.0,15,10.2667
8474574,Tyler Myers,D,WPG,2019-01,104.5,10,10.45
8474574,Tyler Myers,D,WPG,2019-02,152.0,12,12.6667
8474574,Tyler Myers,D,WPG,2019-03,154.0,15,10.2667
8474574,Tyler Myers,D,WPG,2019-04,36.0,4,9.0
8474578,Erik Karlsson,D,SJS,2018-10,134.0,12,11.1667
8474578,Erik Karlsson,D,SJS,2018-11,143.5,14,10.25
8474578,Erik Karlsson,D,SJS,2018-12,125.5,13,9.6538
8474578,Erik Karlsson,D,SJS,2019-01,86.0,8,10.75
8474578,Erik Karlsson,D,SJS,2019-02,56.0,5,11.2
8474578,Erik Karlsson,D,SJS,2019-04,2.5,1,2.5
8474579,Luca Sbisa,D,NYI,2018-10,16.0,3,5.3333
8474579,Luca Sbisa,D,NYI,2018-11,12.0,2,6.0
8474579,Luca Sbisa,D,NYI,2018-12,59.5,3,19.8333
8474579,Luca Sbisa,D,NYI,2019-01,9.5,1,9.5
8474581,Jake Gardiner,D,TOR,2018-10,106.0,12,8.8333
8474581,Jake Gardiner,D,TOR,2018-11,84.5,14,6.0357
8474581,Jake Gardiner,D,TOR,2018-12,155.0,13,11.9231
8474581,Jake Gardiner,D,TOR,2019-01,71.0,8,8.875
8474581,Jake Gardiner,D,TOR,2019-02,115.5,13,8.8846
8474581,Jake Gardiner,D,TOR,2019-04,8.5,2,4.25
8474584,Michael Del Zotto,D,STL,2018-10,123.5,6,20.5833
8474584,Michael Del Zotto,D,STL,2018-11,253.0,14,18.0714
8474584,Michael Del Zotto,D,STL,2018-12,49.0,2,24.5
8474584,Michael Del Zotto,D,STL,2019-01,34.5,2,17.25
8474584,Michael Del Zotto,D,STL,2019-02,117.0,11,10.6364
8474584,Michael Del Zotto,D,STL,2019-03,91.5,7,13.0714
8474586,Jordan Eberle,C,NYI,2018-10,87.0,11,7.9091
8474586,Jordan Eberle,C,NYI,2018-11,133.0,13,10.2308
8474586,Jordan Eberle,C,NYI,2018-12,70.5,11,6.4091
8474586,Jordan Eberle,C,NYI,2019-01,54.0,10,5.4
8474586,Jordan Eberle,C,NYI,2019-02,105.0,14,7.5
8474586,Jordan Eberle,C,NYI,2019-03,123.5,16,7.7188
8474586,Jordan Eberle,C,NYI,2019-04,20.5,3,6.8333
8474589,Tyler Ennis,C,TOR,2018-10,40.0,9,4.4444
8474589,Tyler Ennis,C,TOR,2018-11,103.5,14,7.3929
8474589,Tyler Ennis,C,TOR,2018-12,94.0,10,9.4
8474589,Tyler Ennis,C,TOR,2019-02,41.5,6,6.9167
8474589,Tyler Ennis,C,TOR,2019-03,70.0,9,7.7778
8474589,Tyler Ennis,C,TOR,2019-04,27.0,3,9.0
8474590,John Carlson,D,WSH,2018-10,110.5,10,11.05
8474590,John Carlson,D,WSH,2018-11,170.0,14,12.1429
8474590,John Carlson,D,WSH,2018-12,130.0,13,10.0
8474590,John Carlson,D,WSH,2019-01,125.5,12,10.4583
8474590,John Carlson,D,WSH,2019-02,155.5,14,11.1071
8474590,John Carlson,D,WSH,2019-03,182.5,15,12.1667
8474590,John Carlson,D,WSH,2019-04,18.5,2,9.25
8474593,Jacob Markstrom,G,VAN,2018-10,-9.5,0,0.0
8474593,Jacob Markstrom,G,VAN,2018-11,-22.0,0,0.0
8474593,Jacob Markstrom,G,VAN,2018-12,-12.5,0,0.0
8474593,Jacob Markstrom,G,VAN,2019-01,-15.0,0,0.0
8474593,Jacob Markstrom,G,VAN,2019-02,-12.0,0,0.0
8474593,Jacob Markstrom,G,VAN,2019-03,-4.5,0,0.0
8474596,Jake Allen,G,STL,2018-10,-9.0,0,0.0
8474596,Jake Allen,G,STL,2018-11,-6.0,0,0.0
8474596,Jake Allen,G,STL,2018-12,-27.5,0,0.0
8474596,Jake Allen,G,STL,2019-01,-7.5,0,0.0
8474596,Jake Allen,G,STL,2019-02,-5.0,0,0.0
8474596,Jake Allen,G,STL,2019-03,-8.5,0,0.0
8474597,Cody Goloubef,D,OTT,2019-02,40.5,4,10.125
8474597,Cody Goloubef,D,OTT,2019-03,19.5,1,19.5
8474600,Roman Josi,D,NSH,2018-10,124.0,12,10.3333
8474600,Roman Josi,D,NSH,2018-11,119.0,14,8.5
8474600,Roman Josi,D,NSH,2018-12,109.5,14,7.8214
8474600,Roman Josi,D,NSH,2019-01,128.5,12,10.7083
8474600,Roman Josi,D,NSH,2019-02,186.5,14,13.3214
8474600,Roman Josi,D,NSH,2019-03,194.5,13,14.9615
8474600,Roman Josi,D,NSH,2019-04,32.0,3,10.6667
8474602,Justin Schultz,D,PIT,2018-10,11.5,4,2.875
8474602,Justin Schultz,D,PIT,2019-02,63.5,6,10.5833
8474602,Justin Schultz,D,PIT,2019-03,157.0,16,9.8125
8474602,Justin Schultz,D,PIT,2019-04,22.0,3,7.3333
8474610,Zac Dalpe,C,CBJ,2018-11,1.5,1,1.5
8474611,Cameron Gaunce,D,TBL,2019-04,27.5,2,13.75
8474612,Travis Hamonic,D,CGY,2018-10,90.0,5,18.0
8474612,Travis Hamonic,D,CGY,2018-11,117.0,13,9.0
8474612,Travis Hamonic,D,CGY,2018-12,179.5,14,12.8214
8474612,Travis Hamonic,D,CGY,2019-01,128.5,9,14.2778
8474612,Travis Hamonic,D,CGY,2019-02,189.5,12,15.7917
8474612,Travis Hamonic,D,CGY,2019-03,228.5,15,15.2333
8474612,Travis Hamonic,D,CGY,2019-04,1.5,1,1.5
8474613,Derek Stepan,C,ARI,2018-10,129.5,11,11.7727
8474613,Derek Stepan,C,ARI,2018-11,198.0,13,15.2308
8474613,Derek Stepan,C,ARI,2018-12,198.5,15,13.2333
8474613,Derek Stepan,C,ARI,2019-01,144.0,11,13.0909
8474613,Derek Stepan,C,ARI,2019-02,245.0,14,17.5
8474613,Derek Stepan,C,ARI,2019-03,82.5,5,16.5
8474613,Derek Stepan,C,ARI,2019-04,62.5,3,20.8333
8474618,Marco Scandella,D,BUF,2018-10,70.0,12,5.8333
8474618,Marco Scandella,D,BUF,2018-11,72.5,11,6.5909
8474618,Marco Scandella,D,BUF,2018-12,90.0,8,11.25
8474618,Marco Scandella,D,BUF,2019-01,71.0,10,7.1
8474618,Marco Scandella,D,BUF,2019-02,65.5,9,7.2778
8474618,Marco Scandella,D,BUF,2019-03,90.5,13,6.9615
8474627,Jori Lehtera,C,PHI,2018-10,174.0,12,14.5
8474627,Jori Lehtera,C,PHI,2018-11,46.0,7,6.5714
8474627,Jori Lehtera,C,PHI,2018-12,41.5,5,8.3
8474627,Jori Lehtera,C,PHI,2019-01,22.5,3,7.5
8474628,Michael Stone,D,CGY,2018-10,132.0,10,13.2
8474628,Michael Stone,D,CGY,2018-11,24.0,1,24.0
8474628,Michael Stone,D,CGY,2019-03,2.0,1,2.0
8474628,Michael Stone,D,CGY,2019-04,20.0,2,10.0
8474636,Michael Hutchinson,G,TOR,2018-10,-2.5,0,0.0
8474636,Michael Hutchinson,G,TOR,2019-01,-10.0,0,0.0
8474641,Adam Henrique,C,ANA,2018-10,204.0,13,15.6923
8474641,Adam Henrique,C,ANA,2018-11,193.5,15,12.9
8474641,Adam Henrique,C,ANA,2018-12,184.0,13,14.1538
8474641,Adam Henrique,C,ANA,2019-01,136.0,10,13.6
8474641,Adam Henrique,C,ANA,2019-02,213.5,13,16.4231
8474641,Adam Henrique,C,ANA,2019-03,219.0,16,13.6875
8474641,Adam Henrique,C,ANA,2019-04,24.0,2,12.0
8474651,Braden Holtby,G,WSH,2018-10,-17.5,0,0.0
8474651,Braden Holtby,G,WSH,2018-11,-12.0,0,0.0
8474651,Braden Holtby,G,WSH,2018-12,-1.5,0,0.0
8474651,Braden Holtby,G,WSH,2019-01,-2.0,0,0.0
8474651,Braden Holtby,G,WSH,2019-02,-12.0,0,0.0
8474651,Braden Holtby,G,WSH,2019-03,-4.5,0,0.0
8474659,Matt Donovan,D,NSH,2019-03,13.0,1,13.0
8474668,Dale Weise,R,MTL,2018-10,99.0,9,11.0
8474668,Dale Weise,R,MTL,2018-11,150.0,12,12.5
8474668,Dale Weise,R,MTL,2018-12,95.5,14,6.8214
8474668,Dale Weise,R,MTL,2019-01,29.5,7,4.2143
8474668,Dale Weise,R,MTL,2019-02,41.5,4,10.375
8474668,Dale Weise,R,MTL,2019-03,66.0,5,13.2
8474673,TJ Brodie,D,CGY,2018-10,96.0,13,7.3846
8474673,TJ Brodie,D,CGY,2018-11,82.0,13,6.3077
8474673,TJ Brodie,D,CGY,2018-12,103.5,14,7.3929
8474673,TJ Brodie,D,CGY,2019-01,74.5,11,6.7727
8474673,TJ Brodie,D,CGY,2019-02,80.0,12,6.6667
8474673,TJ Brodie,D,CGY,2019-03,96.0,15,6.4
8474673,TJ Brodie,D,CGY,2019-04,18.0,1,18.0
8474679,Gustav Nyquist,C,SJS,2018-10,68.5,12,5.7083
8474679,Gustav Nyquist,C,SJS,2018-11,76.0,13,5.8462
8474679,Gustav Nyquist,C,SJS,2018-12,95.5,16,5.9688
8474679,Gustav Nyquist,C,SJS,2019-01,45.0,10,4.5
8474679,Gustav Nyquist,C,SJS,2019-02,78.0,12,6.5
8474679,Gustav Nyquist,C,SJS,2019-03,75.5,15,5.0333
8474679,Gustav Nyquist,C,SJS,2019-04,27.5,3,9.1667
8474683,Derek Grant,C,ANA,2018-10,46.5,3,15.5
8474683,Derek Grant,C,ANA,2018-11,137.5,9,15.2778
8474683,Derek Grant,C,ANA,2018-12,106.0,10,10.6
8474683,Derek Grant,C,ANA,2019-01,70.5,7,10.0714
8474683,Derek Grant,C,ANA,2019-02,150.5,12,12.5417
8474683,Derek Grant,C,ANA,2019-03,218.5,13,16.8077
8474683,Derek Grant,C,ANA,2019-04,31.0,2,15.5
8474685,Matt Calvert,L,COL,2018-10,136.0,12,11.3333
8474685,Matt Calvert,L,COL,2018-11,151.5,14,10.8214
8474685,Matt Calvert,L,COL,2018-12,149.0,14,10.6429
8474685,Matt Calvert,L,COL,2019-01,124.5,10,12.45
8474685,Matt Calvert,L,COL,2019-02,173.0,14,12.3571
8474685,Matt Calvert,L,COL,2019-03,154.5,14,11.0357
8474685,Matt Calvert,L,COL,2019-04,48.5,4,12.125
8474688,Greg Pateryn,D,MIN,2018-10,138.5,12,11.5417
8474688,Greg Pateryn,D,MIN,2018-11,123.5,12,10.2917
8474688,Greg Pateryn,D,MIN,2018-12,180.0,13,13.8462
8474688,Greg Pateryn,D,MIN,2019-01,184.0,12,15.3333
8474688,Greg Pateryn,D,MIN,2019-02,150.5,14,10.75
8474688,Greg Pateryn,D,MIN,2019-03,216.0,14,15.4286
8474688,Greg Pateryn,D,MIN,2019-04,21.0,3,7.0
8474697,Mark Borowiecki,D,OTT,2018-10,183.0,9,20.3333
8474697,Mark Borowiecki,D,OTT,2018-11,132.0,8,16.5
8474697,Mark Borowiecki,D,OTT,2018-12,146.5,6,24.4167
8474697,Mark Borowiecki,D,OTT,2019-01,213.0,9,23.6667
8474697,Mark Borowiecki,D,OTT,2019-02,195.5,8,24.4375
8474697,Mark Borowiecki,D,OTT,2019-03,299.5,12,24.9583
8474697,Mark Borowiecki,D,OTT,2019-04,20.0,1,20.0
8474709,Matt Martin,L,NYI,2018-10,179.0,10,17.9
8474709,Matt Martin,L,NYI,2018-11,63.0,3,21.0
8474709,Matt Martin,L,NYI,2018-12,243.5,14,17.3929
8474709,Matt Martin,L,NYI,2019-01,236.5,11,21.5
8474709,Matt Martin,L,NYI,2019-02,262.5,14,18.75
8474709,Matt Martin,L,NYI,2019-03,171.5,12,14.2917
8474709,Matt Martin,L,NYI,2019-04,52.5,3,17.5
8474715,Cam Atkinson,R,CBJ,2018-10,97.0,11,8.8182
8474715,Cam Atkinson,R,CBJ,2018-11,74.0,13,5.6923
8474715,Cam Atkinson,R,CBJ,2018-12,100.5,14,7.1786
8474715,Cam Atkinson,R,CBJ,2019-01,51.5,10,5.15
8474715,Cam Atkinson,R,CBJ,2019-02,94.5,13,7.2692
8474715,Cam Atkinson,R,CBJ,2019-03,82.5,16,5.1562
8474715,Cam Atkinson,R,CBJ,2019-04,3.0,3,1.0
8474716,Jared Spurgeon,D,MIN,2018-10,146.5,12,12.2083
8474716,Jared Spurgeon,D,MIN,2018-11,119.5,13,9.1923
8474716,Jared Spurgeon,D,MIN,2018-12,157.0,13,12.0769
8474716,Jared Spurgeon,D,MIN,2019-01,199.0,12,16.5833
8474716,Jared Spurgeon,D,MIN,2019-02,213.0,14,15.2143
8474716,Jared Spurgeon,D,MIN,2019-03,212.0,15,14.1333
8474716,Jared Spurgeon,D,MIN,2019-04,33.0,3,11.0
8474717,Mark Barberio,D,COL,2018-10,12.5,3,4.1667
8474717,Mark Barberio,D,COL,2018-11,57.5,5,11.5
8474717,Mark Barberio,D,COL,2019-01,43.5,4,10.875
8474722,Luke Witkowski,R,DET,2018-10,27.5,2,13.75
8474722,Luke Witkowski,R,DET,2018-11,19.0,2,9.5
8474722,Luke Witkowski,R,DET,2018-12,89.5,9,9.9444
8474722,Luke Witkowski,R,DET,2019-01,14.0,4,3.5
8474722,Luke Witkowski,R,DET,2019-02,21.5,2,10.75
8474722,Luke Witkowski,R,DET,2019-03,159.5,12,13.2917
8474722,Luke Witkowski,R,DET,2019-04,30.5,3,10.1667
8474736,Zac Rinaldo,C,NSH,2018-10,149.5,12,12.4583
8474736,Zac Rinaldo,C,NSH,2018-11,46.5,4,11.625
8474736,Zac Rinaldo,C,NSH,2018-12,34.5,6,5.75
8474736,Zac Rinaldo,C,NSH,2019-01,3.0,1,3.0
8474749,Matt Bartkowski,D,MIN,2018-12,9.0,2,4.5
8474774,Dalton Prout,D,CGY,2018-10,23.5,1,23.5
8474774,Dalton Prout,D,CGY,2018-12,41.5,5,8.3
8474774,Dalton Prout,D,CGY,2019-01,20.0,3,6.6667
8474774,Dalton Prout,D,CGY,2019-02,75.5,5,15.1
8474774,Dalton Prout,D,CGY,2019-03,38.5,3,12.8333
8474774,Dalton Prout,D,CGY,2019-04,22.0,3,7.3333
8474818,Jordie Benn,D,MTL,2018-10,164.5,11,14.9545
8474818,Jordie Benn,D,MTL,2018-11,197.5,14,14.1071
8474818,Jordie Benn,D,MTL,2018-12,117.5,14,8.3929
8474818,Jordie Benn,D,MTL,2019-01,155.0,11,14.0909
8474818,Jordie Benn,D,MTL,2019-02,163.5,13,12.5769
8474818,Jordie Benn,D,MTL,2019-03,123.5,15,8.2333
8474818,Jordie Benn,D,MTL,2019-04,30.0,3,10.0
8474849,Antoine Roussel,L,VAN,2018-10,182.0,10,18.2
8474849,Antoine Roussel,L,VAN,2018-11,163.0,13,12.5385
8474849,Antoine Roussel,L,VAN,2018-12,163.0,14,11.6429
8474849,Antoine Roussel,L,VAN,2019-01,84.0,9,9.3333
8474849,Antoine Roussel,L,VAN,2019-02,160.0,14,11.4286
8474849,Antoine Roussel,L,VAN,2019-03,65.0,5,13.0
8474870,Tyler Johnson,C,TBL,2018-10,120.5,10,12.05
8474870,Tyler Johnson,C,TBL,2018-11,96.5,15,6.4333
8474870,Tyler Johnson,C,TBL,2018-12,126.0,14,9.0
8474870,Tyler Johnson,C,TBL,2019-01,47.0,9,5.2222
8474870,Tyler Johnson,C,TBL,2019-02,113.5,15,7.5667
8474870,Tyler Johnson,C,TBL,2019-03,116.5,13,8.9615
8474870,Tyler Johnson,C,TBL,2019-04,20.0,4,5.0
8474873,Brian Lashoff,D,DET,2019-03,41.0,4,10.25
8474884,Mike Hoffman,C,FLA,2018-10,81.0,9,9.0
8474884,Mike Hoffman,C,FLA,2018-11,65.5,15,4.3667
8474884,Mike Hoffman,C,FLA,2018-12,86.0,14,6.1429
8474884,Mike Hoffman,C,FLA,2019-01,87.0,10,8.7
8474884,Mike Hoffman,C,FLA,2019-02,107.5,15,7.1667
8474884,Mike Hoffman,C,FLA,2019-03,87.5,16,5.4688
8474884,Mike Hoffman,C,FLA,2019-04,17.5,3,5.8333
8474889,Martin Jones,G,SJS,2018-10,-2.0,0,0.0
8474889,Martin Jones,G,SJS,2018-11,-2.5,0,0.0
8474889,Martin Jones,G,SJS,2018-12,-15.0,0,0.0
8474889,Martin Jones,G,SJS,2019-01,-5.0,0,0.0
8474889,Martin Jones,G,SJS,2019-02,-7.5,0,0.0
8474889,Martin Jones,G,SJS,2019-03,-5.0,0,0.0
8474889,Martin Jones,G,SJS,2019-04,-2.5,0,0.0
8475098,Tyler Bozak,C,STL,2018-10,91.0,10,9.1
8475098,Tyler Bozak,C,STL,2018-11,183.5,14,13.1071
8475098,Tyler Bozak,C,STL,2018-12,149.5,13,11.5
8475098,Tyler Bozak,C,STL,2019-01,31.0,3,10.3333
8475098,Tyler Bozak,C,STL,2019-02,193.5,14,13.8214
8475098,Tyler Bozak,C,STL,2019-03,115.0,15,7.6667
8475098,Tyler Bozak,C,STL,2019-04,36.0,3,12.0
8475149,Marcus Johansson,L,BOS,2018-10,54.5,8,6.8125
8475149,Marcus Johansson,L,BOS,2018-11,119.0,14,8.5
8475149,Marcus Johansson,L,BOS,2018-12,36.0,9,4.0
8475149,Marcus Johansson,L,BOS,2019-01,57.5,7,8.2143
8475149,Marcus Johansson,L,BOS,2019-02,114.0,12,9.5
8475149,Marcus Johansson,L,BOS,2019-03,30.5,5,6.1
8475149,Marcus Johansson,L,BOS,2019-04,7.0,3,2.3333
8475151,Kyle Palmieri,C,NJD,2018-10,169.0,9,18.7778
8475151,Kyle Palmieri,C,NJD,2018-11,210.0,15,14.0
8475151,Kyle Palmieri,C,NJD,2018-12,165.0,14,11.7857
8475151,Kyle Palmieri,C,NJD,2019-01,153.0,12,12.75
8475151,Kyle Palmieri,C,NJD,2019-02,137.5,13,10.5769
8475151,Kyle Palmieri,C,NJD,2019-03,99.0,11,9.0
8475156,Mikko Koskinen,G,EDM,2018-10,-2.5,0,0.0
8475156,Mikko Koskinen,G,EDM,2018-11,-3.5,0,0.0
8475156,Mikko Koskinen,G,EDM,2018-12,-12.0,0,0.0
8475156,Mikko Koskinen,G,EDM,2019-01,-10.0,0,0.0
8475156,Mikko Koskinen,G,EDM,2019-02,-9.5,0,0.0
8475156,Mikko Koskinen,G,EDM,2019-03,-15.0,0,0.0
8475156,Mikko Koskinen,G,EDM,2019-04,-5.0,0,0.0
8475158,Ryan O'Reilly,C,STL,2018-10,187.0,10,18.7
8475158,Ryan O'Reilly,C,STL,2018-11,243.0,14,17.3571
8475158,Ryan O'Reilly,C,STL,2018-12,209.0,13,16.0769
8475158,Ryan O'Reilly,C,STL,2019-01,180.5,12,15.0417
8475158,Ryan O'Reilly,C,STL,2019-02,308.5,14,22.0357
8475158,Ryan O'Reilly,C,STL,2019-03,228.5,15,15.2333
8475158,Ryan O'Reilly,C,STL,2019-04,59.0,4,14.75
8475160,Kyle Clifford,L,LAK,2018-10,88.5,9,9.8333
8475160,Kyle Clifford,L,LAK,2018-11,139.0,15,9.2667
8475160,Kyle Clifford,L,LAK,2018-12,56.0,7,8.0
8475160,Kyle Clifford,L,LAK,2019-01,85.0,9,9.4444
8475160,Kyle Clifford,L,LAK,2019-02,161.5,14,11.5357
8475160,Kyle Clifford,L,LAK,2019-03,143.5,14,10.25
8475160,Kyle Clifford,L,LAK,2019-04,46.5,4,11.625
8475163,Alex Chiasson,R,EDM,2018-10,62.5,6,10.4167
8475163,Alex Chiasson,R,EDM,2018-11,199.0,13,15.3077
8475163,Alex Chiasson,R,EDM,2018-12,135.5,12,11.2917
8475163,Alex Chiasson,R,EDM,2019-01,87.0,10,8.7
8475163,Alex Chiasson,R,EDM,2019-02,123.5,14,8.8214
8475163,Alex Chiasson,R,EDM,2019-03,177.5,14,12.6786
8475163,Alex Chiasson,R,EDM,2019-04,32.0,4,8.0
8475164,Jakob Silfverberg,R,ANA,2018-10,47.5,8,5.9375
8475164,Jakob Silfverberg,R,ANA,2018-11,111.5,15,7.4333
8475164,Jakob Silfverberg,R,ANA,2018-12,138.0,13,10.6154
8475164,Jakob Silfverberg,R,ANA,2019-01,61.0,6,10.1667
8475164,Jakob Silfverberg,R,ANA,2019-02,140.5,13,10.8077
8475164,Jakob Silfverberg,R,ANA,2019-03,113.5,16,7.0938
8475164,Jakob Silfverberg,R,ANA,2019-04,14.0,2,7.0
8475166,John Tavares,C,TOR,2018-10,217.5,12,18.125
8475166,John Tavares,C,TOR,2018-11,246.0,14,17.5714
8475166,John Tavares,C,TOR,2018-12,192.0,13,14.7692
8475166,John Tavares,C,TOR,2019-01,163.5,10,16.35
8475166,John Tavares,C,TOR,2019-02,243.5,15,16.2333
8475166,John Tavares,C,TOR,2019-03,265.0,14,18.9286
8475166,John Tavares,C,TOR,2019-04,79.0,4,19.75
8475167,Victor Hedman,D,TBL,2018-10,103.0,9,11.4444
8475167,Victor Hedman,D,TBL,2018-11,69.5,10,6.95
8475167,Victor Hedman,D,TBL,2018-12,108.5,14,7.75
8475167,Victor Hedman,D,TBL,2019-01,125.5,10,12.55
8475167,Victor Hedman,D,TBL,2019-02,138.0,14,9.8571
8475167,Victor Hedman,D,TBL,2019-03,98.0,13,7.5385
8475168,Matt Duchene,C,CBJ,2018-10,194.5,11,17.6818
8475168,Matt Duchene,C,CBJ,2018-11,241.5,15,16.1
8475168,Matt Duchene,C,CBJ,2018-12,57.5,8,7.1875
8475168,Matt Duchene,C,CBJ,2019-01,108.5,7,15.5
8475168,Matt Duchene,C,CBJ,2019-02,166.0,13,12.7692
8475168,Matt Duchene,C,CBJ,2019-03,165.5,16,10.3438
8475168,Matt Duchene,C,CBJ,2019-04,21.0,3,7.0
8475169,Evander Kane,L,SJS,2018-10,194.0,12,16.1667
8475169,Evander Kane,L,SJS,2018-11,207.5,14,14.8214
8475169,Evander Kane,L,SJS,2018-12,246.0,15,16.4
8475169,Evander Kane,L,SJS,2019-01,176.5,11,16.0455
8475169,Evander Kane,L,SJS,2019-02,240.5,12,20.0417
8475169,Evander Kane,L,SJS,2019-03,120.5,8,15.0625
8475169,Evander Kane,L,SJS,2019-04,51.5,3,17.1667
8475170,Brayden Schenn,C,STL,2018-10,167.0,10,16.7
8475170,Brayden Schenn,C,STL,2018-11,110.5,10,11.05
8475170,Brayden Schenn,C,STL,2018-12,195.0,13,15.0
8475170,Brayden Schenn,C,STL,2019-01,209.0,12,17.4167
8475170,Brayden Schenn,C,STL,2019-02,104.5,10,10.45
8475170,Brayden Schenn,C,STL,2019-03,119.0,13,9.1538
8475170,Brayden Schenn,C,STL,2019-04,51.0,4,12.75
8475171,Oliver Ekman-Larsson,D,ARI,2018-10,158.5,11,14.4091
8475171,Oliver Ekman-Larsson,D,ARI,2018-11,175.5,13,13.5
8475171,Oliver Ekman-Larsson,D,ARI,2018-12,214.5,15,14.3
8475171,Oliver Ekman-Larsson,D,ARI,2019-01,71.0,10,7.1
8475171,Oliver Ekman-Larsson,D,ARI,2019-02,171.5,14,12.25
8475171,Oliver Ekman-Larsson,D,ARI,2019-03,166.0,15,11.0667
8475171,Oliver Ekman-Larsson,D,ARI,2019-04,45.5,3,15.1667
8475172,Nazem Kadri,C,TOR,2018-10,146.5,12,12.2083
8475172,Nazem Kadri,C,TOR,2018-11,233.0,14,16.6429
8475172,Nazem Kadri,C,TOR,2018-12,159.0,13,12.2308
8475172,Nazem Kadri,C,TOR,2019-01,157.5,10,15.75
8475172,Nazem Kadri,C,TOR,2019-02,95.0,10,9.5
8475172,Nazem Kadri,C,TOR,2019-03,192.5,11,17.5
8475172,Nazem Kadri,C,TOR,2019-04,51.5,3,17.1667
8475175,Magnus Paajarvi,L,OTT,2018-10,71.5,11,6.5
8475175,Magnus Paajarvi,L,OTT,2018-11,110.0,15,7.3333
8475175,Magnus Paajarvi,L,OTT,2018-12,81.0,12,6.75
8475175,Magnus Paajarvi,L,OTT,2019-01,71.0,10,7.1
8475175,Magnus Paajarvi,L,OTT,2019-02,123.5,14,8.8214
8475175,Magnus Paajarvi,L,OTT,2019-03,129.0,14,9.2143
8475175,Magnus Paajarvi,L,OTT,2019-04,15.5,4,3.875
8475176,Ryan Ellis,D,NSH,2018-10,155.0,12,12.9167
8475176,Ryan Ellis,D,NSH,2018-11,179.5,14,12.8214
8475176,Ryan Ellis,D,NSH,2018-12,201.0,14,14.3571
8475176,Ryan Ellis,D,NSH,2019-01,164.0,12,13.6667
8475176,Ryan Ellis,D,NSH,2019-02,174.5,14,12.4643
8475176,Ryan Ellis,D,NSH,2019-03,153.5,13,11.8077
8475176,Ryan Ellis,D,NSH,2019-04,32.5,3,10.8333
8475177,Calvin de Haan,D,CAR,2018-10,179.5,12,14.9583
8475177,Calvin de Haan,D,CAR,2018-11,245.5,13,18.8846
8475177,Calvin de Haan,D,CAR,2018-12,249.0,13,19.1538
8475177,Calvin de Haan,D,CAR,2019-01,194.5,12,16.2083
8475177,Calvin de Haan,D,CAR,2019-02,188.5,13,14.5
8475177,Calvin de Haan,D,CAR,2019-03,149.0,11,13.5455
8475178,Zack Kassian,R,EDM,2018-10,88.5,8,11.0625
8475178,Zack Kassian,R,EDM,2018-11,199.0,14,14.2143
8475178,Zack Kassian,R,EDM,2018-12,194.0,14,13.8571
8475178,Zack Kassian,R,EDM,2019-01,89.0,11,8.0909
8475178,Zack Kassian,R,EDM,2019-02,160.5,14,11.4643
8475178,Zack Kassian,R,EDM,2019-03,200.0,14,14.2857
8475178,Zack Kassian,R,EDM,2019-04,8.0,4,2.0
8475179,Dmitry Kulikov,D,WPG,2018-10,32.5,4,8.125
8475179,Dmitry Kulikov,D,WPG,2018-11,11.0,2,5.5
8475179,Dmitry Kulikov,D,WPG,2018-12,133.5,12,11.125
8475179,Dmitry Kulikov,D,WPG,2019-01,150.5,12,12.5417
8475179,Dmitry Kulikov,D,WPG,2019-02,98.0,8,12.25
8475179,Dmitry Kulikov,D,WPG,2019-03,207.5,15,13.8333
8475179,Dmitry Kulikov,D,WPG,2019-04,42.0,4,10.5
8475181,Nick Leddy,D,NYI,2018-10,100.5,11,9.1364
8475181,Nick Leddy,D,NYI,2018-11,81.0,13,6.2308
8475181,Nick Leddy,D,NYI,2018-12,99.5,14,7.1071
8475181,Nick Leddy,D,NYI,2019-01,104.5,11,9.5
8475181,Nick Leddy,D,NYI,2019-02,129.5,14,9.25
8475181,Nick Leddy,D,NYI,2019-03,158.5,16,9.9062
8475181,Nick Leddy,D,NYI,2019-04,23.0,3,7.6667
8475184,Chris Kreider,C,NYR,2018-10,143.5,12,11.9583
8475184,Chris Kreider,C,NYR,2018-11,181.0,14,12.9286
8475184,Chris Kreider,C,NYR,2018-12,226.0,12,18.8333
8475184,Chris Kreider,C,NYR,2019-01,147.5,12,12.2917
8475184,Chris Kreider,C,NYR,2019-02,157.0,13,12.0769
8475184,Chris Kreider,C,NYR,2019-03,112.0,12,9.3333
8475184,Chris Kreider,C,NYR,2019-04,60.5,4,15.125
8475186,John Moore,D,BOS,2018-10,134.5,12,11.2083
8475186,John Moore,D,BOS,2018-11,139.5,10,13.95
8475186,John Moore,D,BOS,2018-12,166.0,14,11.8571
8475186,John Moore,D,BOS,2019-01,89.5,7,12.7857
8475186,John Moore,D,BOS,2019-02,68.0,6,11.3333
8475186,John Moore,D,BOS,2019-03,79.0,12,6.5833
8475188,Brayden McNabb,D,VGK,2018-10,206.5,12,17.2083
8475188,Brayden McNabb,D,VGK,2018-11,227.5,15,15.1667
8475188,Brayden McNabb,D,VGK,2018-12,259.5,15,17.3
8475188,Brayden McNabb,D,VGK,2019-01,175.5,10,17.55
8475188,Brayden McNabb,D,VGK,2019-02,199.0,13,15.3077
8475188,Brayden McNabb,D,VGK,2019-03,205.5,13,15.8077
8475188,Brayden McNabb,D,VGK,2019-04,38.5,3,12.8333
8475191,Reilly Smith,R,VGK,2018-10,94.0,12,7.8333
8475191,Reilly Smith,R,VGK,2018-11,131.5,15,8.7667
8475191,Reilly Smith,R,VGK,2018-12,120.0,15,8.0
8475191,Reilly Smith,R,VGK,2019-01,22.5,3,7.5
8475191,Reilly Smith,R,VGK,2019-02,105.5,13,8.1154
8475191,Reilly Smith,R,VGK,2019-03,132.5,14,9.4643
8475191,Reilly Smith,R,VGK,2019-04,14.0,2,7.0
8475193,Tomas Tatar,L,MTL,2018-10,104.0,11,9.4545
8475193,Tomas Tatar,L,MTL,2018-11,130.0,14,9.2857
8475193,Tomas Tatar,L,MTL,2018-12,158.5,15,10.5667
8475193,Tomas Tatar,L,MTL,2019-01,79.0,11,7.1818
8475193,Tomas Tatar,L,MTL,2019-02,98.5,12,8.2083
8475193,Tomas Tatar,L,MTL,2019-03,99.5,14,7.1071
8475193,Tomas Tatar,L,MTL,2019-04,37.0,3,12.3333
8475195,Anders Nilsson,G,OTT,2018-10,1.0,0,0.0
8475195,Anders Nilsson,G,OTT,2018-12,-7.5,0,0.0
8475195,Anders Nilsson,G,OTT,2019-01,-10.0,0,0.0
8475195,Anders Nilsson,G,OTT,2019-02,-7.5,0,0.0
8475195,Anders Nilsson,G,OTT,2019-03,-5.0,0,0.0
8475197,Tyson Barrie,D,COL,2018-10,54.0,12,4.5
8475197,Tyson Barrie,D,COL,2018-11,77.5,11,7.0455
8475197,Tyson Barrie,D,COL,2018-12,119.5,13,9.1923
8475197,Tyson Barrie,D,COL,2019-01,60.5,10,6.05
8475197,Tyson Barrie,D,COL,2019-02,135.0,14,9.6429
8475197,Tyson Barrie,D,COL,2019-03,181.5,14,12.9643
8475197,Tyson Barrie,D,COL,2019-04,24.0,4,6.0
8475200,Dmitry Orlov,D,WSH,2018-10,138.5,10,13.85
8475200,Dmitry Orlov,D,WSH,2018-11,181.0,15,12.0667
8475200,Dmitry Orlov,D,WSH,2018-12,137.0,13,10.5385
8475200,Dmitry Orlov,D,WSH,2019-01,115.5,12,9.625
8475200,Dmitry Orlov,D,WSH,2019-02,123.5,14,8.8214
8475200,Dmitry Orlov,D,WSH,2019-03,220.0,15,14.6667
8475200,Dmitry Orlov,D,WSH,2019-04,19.5,3,6.5
8475204,Brandon Pirri,C,VGK,2018-12,60.5,6,10.0833
8475204,Brandon Pirri,C,VGK,2019-01,77.5,8,9.6875
8475204,Brandon Pirri,C,VGK,2019-02,55.0,9,6.1111
8475204,Brandon Pirri,C,VGK,2019-03,46.5,5,9.3
8475204,Brandon Pirri,C,VGK,2019-04,34.5,3,11.5
8475206,Stefan Elliott,D,OTT,2018-12,9.0,2,4.5
8475206,Stefan Elliott,D,OTT,2019-01,3.5,1,3.5
8475208,Brian Dumoulin,D,PIT,2018-10,126.0,10,12.6
8475208,Brian Dumoulin,D,PIT,2018-11,242.5,14,17.3214
8475208,Brian Dumoulin,D,PIT,2018-12,258.0,15,17.2
8475208,Brian Dumoulin,D,PIT,2019-01,184.5,11,16.7727
8475208,Brian Dumoulin,D,PIT,2019-02,148.5,12,12.375
8475208,Brian Dumoulin,D,PIT,2019-03,216.0,14,15.4286
8475209,Richard Panik,R,ARI,2018-10,90.0,9,10.0
8475209,Richard Panik,R,ARI,2018-11,126.0,12,10.5
8475209,Richard Panik,R,ARI,2018-12,154.5,15,10.3
8475209,Richard Panik,R,ARI,2019-01,164.0,11,14.9091
8475209,Richard Panik,R,ARI,2019-02,138.5,11,12.5909
8475209,Richard Panik,R,ARI,2019-03,206.5,15,13.7667
8475209,Richard Panik,R,ARI,2019-04,23.5,2,11.75
8475215,Robin Lehner,G,NYI,2018-10,-10.0,0,0.0
8475215,Robin Lehner,G,NYI,2018-11,-2.5,0,0.0
8475215,Robin Lehner,G,NYI,2018-12,-12.5,0,0.0
8475215,Robin Lehner,G,NYI,2019-01,-20.0,0,0.0
8475215,Robin Lehner,G,NYI,2019-02,-19.5,0,0.0
8475215,Robin Lehner,G,NYI,2019-03,-27.5,0,0.0
8475215,Robin Lehner,G,NYI,2019-04,-5.0,0,0.0
8475218,Mattias Ekholm,D,NSH,2018-10,130.0,12,10.8333
8475218,Mattias Ekholm,D,NSH,2018-11,135.5,14,9.6786
8475218,Mattias Ekholm,D,NSH,2018-12,116.5,13,8.9615
8475218,Mattias Ekholm,D,NSH,2019-01,160.5,12,13.375
8475218,Mattias Ekholm,D,NSH,2019-02,106.5,13,8.1923
8475218,Mattias Ekholm,D,NSH,2019-03,86.5,13,6.6538
8475218,Mattias Ekholm,D,NSH,2019-04,17.0,3,5.6667
8475220,Marcus Foligno,L,MIN,2018-10,180.0,12,15.0
8475220,Marcus Foligno,L,MIN,2018-11,182.5,13,14.0385
8475220,Marcus Foligno,L,MIN,2018-12,166.5,13,12.8077
8475220,Marcus Foligno,L,MIN,2019-01,136.0,12,11.3333
8475220,Marcus Foligno,L,MIN,2019-02,182.5,14,13.0357
8475220,Marcus Foligno,L,MIN,2019-03,197.0,15,13.1333
8475220,Marcus Foligno,L,MIN,2019-04,17.0,3,5.6667
8475222,Sami Vatanen,D,NJD,2018-10,120.5,9,13.3889
8475222,Sami Vatanen,D,NJD,2018-11,130.5,12,10.875
8475222,Sami Vatanen,D,NJD,2018-12,166.0,14,11.8571
8475222,Sami Vatanen,D,NJD,2019-01,132.5,11,12.0455
8475222,Sami Vatanen,D,NJD,2019-02,20.5,1,20.5
8475222,Sami Vatanen,D,NJD,2019-03,41.5,3,13.8333
8475225,Craig Smith,C,NSH,2018-10,99.0,12,8.25
8475225,Craig Smith,C,NSH,2018-11,156.5,14,11.1786
8475225,Craig Smith,C,NSH,2018-12,140.0,14,10.0
8475225,Craig Smith,C,NSH,2019-01,92.0,12,7.6667
8475225,Craig Smith,C,NSH,2019-02,98.0,9,10.8889
8475225,Craig Smith,C,NSH,2019-03,97.5,12,8.125
8475225,Craig Smith,C,NSH,2019-04,22.0,3,7.3333
8475227,Chris Wideman,D,FLA,2018-10,158.0,11,14.3636
8475227,Chris Wideman,D,FLA,2018-11,84.5,9,9.3889
8475227,Chris Wideman,D,FLA,2018-12,34.0,4,8.5
8475227,Chris Wideman,D,FLA,2019-01,8.5,1,8.5
8475231,Casey Cizikas,C,NYI,2018-10,151.0,10,15.1
8475231,Casey Cizikas,C,NYI,2018-11,119.0,7,17.0
8475231,Casey Cizikas,C,NYI,2018-12,284.0,14,20.2857
8475231,Casey Cizikas,C,NYI,2019-01,209.0,11,19.0
8475231,Casey Cizikas,C,NYI,2019-02,288.5,14,20.6071
8475231,Casey Cizikas,C,NYI,2019-03,330.5,14,23.6071
8475231,Casey Cizikas,C,NYI,2019-04,72.0,3,24.0
8475233,David Savard,D,CBJ,2018-10,80.5,11,7.3182
8475233,David Savard,D,CBJ,2018-11,198.5,14,14.1786
8475233,David Savard,D,CBJ,2018-12,165.0,14,11.7857
8475233,David Savard,D,CBJ,2019-01,94.0,11,8.5455
8475233,David Savard,D,CBJ,2019-02,192.0,13,14.7692
8475233,David Savard,D,CBJ,2019-03,227.0,16,14.1875
8475233,David Savard,D,CBJ,2019-04,41.5,3,13.8333
8475235,Nicolas Deslauriers,L,MTL,2018-10,69.5,5,13.9
8475235,Nicolas Deslauriers,L,MTL,2018-11,155.0,14,11.0714
8475235,Nicolas Deslauriers,L,MTL,2018-12,97.5,8,12.1875
8475235,Nicolas Deslauriers,L,MTL,2019-01,120.0,10,12.0
8475235,Nicolas Deslauriers,L,MTL,2019-02,109.0,8,13.625
8475235,Nicolas Deslauriers,L,MTL,2019-03,16.5,2,8.25
8475235,Nicolas Deslauriers,L,MTL,2019-04,13.5,1,13.5
8475236,Cody Eakin,C,VGK,2018-10,120.0,9,13.3333
8475236,Cody Eakin,C,VGK,2018-11,203.5,15,13.5667
8475236,Cody Eakin,C,VGK,2018-12,198.5,15,13.2333
8475236,Cody Eakin,C,VGK,2019-01,123.5,9,13.7222
8475236,Cody Eakin,C,VGK,2019-02,214.5,13,16.5
8475236,Cody Eakin,C,VGK,2019-03,222.0,14,15.8571
8475236,Cody Eakin,C,VGK,2019-04,23.5,3,7.8333
8475246,Kevin Connauton,D,ARI,2018-10,148.0,10,14.8
8475246,Kevin Connauton,D,ARI,2018-11,193.0,12,16.0833
8475246,Kevin Connauton,D,ARI,2018-12,123.5,10,12.35
8475246,Kevin Connauton,D,ARI,2019-01,47.5,3,15.8333
8475246,Kevin Connauton,D,ARI,2019-02,82.5,8,10.3125
8475246,Kevin Connauton,D,ARI,2019-03,81.5,4,20.375
8475246,Kevin Connauton,D,ARI,2019-04,54.5,3,18.1667
8475253,Garrett Wilson,L,PIT,2018-11,103.0,7,14.7143
8475253,Garrett Wilson,L,PIT,2018-12,79.0,7,11.2857
8475253,Garrett Wilson,L,PIT,2019-01,81.5,7,11.6429
8475253,Garrett Wilson,L,PIT,2019-02,94.5,10,9.45
8475253,Garrett Wilson,L,PIT,2019-03,164.5,16,10.2812
8475253,Garrett Wilson,L,PIT,2019-04,21.0,3,7.0
8475260,Corban Knight,C,PHI,2018-10,23.0,3,7.6667
8475260,Corban Knight,C,PHI,2019-02,5.5,2,2.75
8475260,Corban Knight,C,PHI,2019-03,105.5,15,7.0333
8475260,Corban Knight,C,PHI,2019-04,12.0,3,4.0
8475263,Wade Megan,C,DET,2018-11,29.0,6,4.8333
8475263,Wade Megan,C,DET,2018-12,29.5,5,5.9
8475268,Gabriel Bourque,L,COL,2018-10,138.0,11,12.5455
8475268,Gabriel Bourque,L,COL,2018-11,101.0,9,11.2222
8475268,Gabriel Bourque,L,COL,2018-12,131.5,13,10.1154
8475268,Gabriel Bourque,L,COL,2019-01,42.5,4,10.625
8475268,Gabriel Bourque,L,COL,2019-02,20.5,3,6.8333
8475268,Gabriel Bourque,L,COL,2019-03,112.0,11,10.1818
8475268,Gabriel Bourque,L,COL,2019-04,33.0,4,8.25
8475277,Edward Pasquale,G,TBL,2019-04,-5.0,0,0.0
8475279,Ben Chiarot,D,WPG,2018-10,145.0,12,12.0833
8475279,Ben Chiarot,D,WPG,2018-11,134.0,12,11.1667
8475279,Ben Chiarot,D,WPG,2018-12,227.5,15,15.1667
8475279,Ben Chiarot,D,WPG,2019-01,111.5,8,13.9375
8475279,Ben Chiarot,D,WPG,2019-02,200.0,12,16.6667
8475279,Ben Chiarot,D,WPG,2019-03,289.5,15,19.3
8475279,Ben Chiarot,D,WPG,2019-04,67.0,4,16.75
8475287,Erik Haula,L,VGK,2018-10,161.5,12,13.4583
8475287,Erik Haula,L,VGK,2018-11,52.5,3,17.5
8475311,Darcy Kuemper,G,ARI,2018-10,0.5,0,0.0
8475311,Darcy Kuemper,G,ARI,2018-11,-22.5,0,0.0
8475311,Darcy Kuemper,G,ARI,2018-12,-10.0,0,0.0
8475311,Darcy Kuemper,G,ARI,2019-01,-5.0,0,0.0
8475311,Darcy Kuemper,G,ARI,2019-02,-10.0,0,0.0
8475311,Darcy Kuemper,G,ARI,2019-03,-5.0,0,0.0
8475311,Darcy Kuemper,G,ARI,2019-04,-5.0,0,0.0
8475314,Anders Lee,C,NYI,2018-10,159.0,11,14.4545
8475314,Anders Lee,C,NYI,2018-11,151.0,13,11.6154
8475314,Anders Lee,C,NYI,2018-12,167.0,14,11.9286
8475314,Anders Lee,C,NYI,2019-01,119.0,11,10.8182
8475314,Anders Lee,C,NYI,2019-02,179.5,14,12.8214
8475314,Anders Lee,C,NYI,2019-03,158.0,16,9.875
8475314,Anders Lee,C,NYI,2019-04,15.5,3,5.1667
8475321,Phil Varone,C,PHI,2018-12,72.5,10,7.25
8475321,Phil Varone,C,PHI,2019-01,52.0,11,4.7273
8475321,Phil Varone,C,PHI,2019-02,40.0,12,3.3333
8475321,Phil Varone,C,PHI,2019-03,65.5,12,5.4583
8475321,Phil Varone,C,PHI,2019-04,18.5,2,9.25
8475323,Marcus Kruger,C,CHI,2018-10,164.0,13,12.6154
8475323,Marcus Kruger,C,CHI,2018-11,103.0,10,10.3
8475323,Marcus Kruger,C,CHI,2018-12,95.5,11,8.6818
8475323,Marcus Kruger,C,CHI,2019-01,65.0,10,6.5
8475323,Marcus Kruger,C,CHI,2019-02,116.0,13,8.9231
8475323,Marcus Kruger,C,CHI,2019-03,95.0,14,6.7857
8475323,Marcus Kruger,C,CHI,2019-04,20.5,3,6.8333
8475324,Nick Jensen,D,WSH,2018-10,162.5,11,14.7727
8475324,Nick Jensen,D,WSH,2018-11,159.5,13,12.2692
8475324,Nick Jensen,D,WSH,2018-12,192.5,16,12.0312
8475324,Nick Jensen,D,WSH,2019-01,134.5,10,13.45
8475324,Nick Jensen,D,WSH,2019-02,93.0,12,7.75
8475324,Nick Jensen,D,WSH,2019-03,191.5,15,12.7667
8475324,Nick Jensen,D,WSH,2019-04,52.0,3,17.3333
8475325,Jordan Nolan,C,STL,2018-12,77.5,11,7.0455
8475325,Jordan Nolan,C,STL,2019-01,17.5,3,5.8333
8475343,Nic Dowd,C,WSH,2018-10,149.0,10,14.9
8475343,Nic Dowd,C,WSH,2018-11,136.0,11,12.3636
8475343,Nic Dowd,C,WSH,2018-12,132.5,11,12.0455
8475343,Nic Dowd,C,WSH,2019-01,57.5,6,9.5833
8475343,Nic Dowd,C,WSH,2019-02,178.0,10,17.8
8475343,Nic Dowd,C,WSH,2019-03,182.0,13,14.0
8475343,Nic Dowd,C,WSH,2019-04,43.5,3,14.5
8475413,Justin Dowling,C,DAL,2018-10,27.5,4,6.875
8475413,Justin Dowling,C,DAL,2018-11,22.5,2,11.25
8475413,Justin Dowling,C,DAL,2019-03,31.5,3,10.5
8475413,Justin Dowling,C,DAL,2019-04,21.5,2,10.75
8475423,Darren Archibald,R,OTT,2018-10,4.5,1,4.5
8475423,Darren Archibald,R,OTT,2018-11,58.0,8,7.25
8475423,Darren Archibald,R,OTT,2019-01,4.5,1,4.5
8475423,Darren Archibald,R,OTT,2019-02,7.5,2,3.75
8475430,Brandon Manning,D,EDM,2018-10,110.5,11,10.0455
8475430,Brandon Manning,D,EDM,2018-11,82.0,9,9.1111
8475430,Brandon Manning,D,EDM,2018-12,148.0,8,18.5
8475430,Brandon Manning,D,EDM,2019-01,87.5,7,12.5
8475430,Brandon Manning,D,EDM,2019-02,35.0,4,8.75
8475455,Brenden Dillon,D,SJS,2018-10,129.5,12,10.7917
8475455,Brenden Dillon,D,SJS,2018-11,197.0,14,14.0714
8475455,Brenden Dillon,D,SJS,2018-12,205.0,15,13.6667
8475455,Brenden Dillon,D,SJS,2019-01,142.0,11,12.9091
8475455,Brenden Dillon,D,SJS,2019-02,172.0,12,14.3333
8475455,Brenden Dillon,D,SJS,2019-03,198.0,15,13.2
8475455,Brenden Dillon,D,SJS,2019-04,38.0,3,12.6667
8475461,Andrew Agozzino,L,COL,2019-02,26.5,4,6.625
8475461,Andrew Agozzino,L,COL,2019-03,47.5,7,6.7857
8475462,Radko Gudas,D,PHI,2018-10,173.0,11,15.7273
8475462,Radko Gudas,D,PHI,2018-11,238.5,11,21.6818
8475462,Radko Gudas,D,PHI,2018-12,256.5,14,18.3214
8475462,Radko Gudas,D,PHI,2019-01,267.5,13,20.5769
8475462,Radko Gudas,D,PHI,2019-02,253.5,11,23.0455
8475462,Radko Gudas,D,PHI,2019-03,244.0,15,16.2667
8475462,Radko Gudas,D,PHI,2019-04,8.5,2,4.25
8475613,Nate Prosser,D,MIN,2018-11,6.0,1,6.0
8475613,Nate Prosser,D,MIN,2018-12,60.0,6,10.0
8475613,Nate Prosser,D,MIN,2019-01,51.5,7,7.3571
8475622,Carter Hutton,G,BUF,2018-10,-12.5,0,0.0
8475622,Carter Hutton,G,BUF,2018-11,-12.5,0,0.0
8475622,Carter Hutton,G,BUF,2018-12,-20.0,0,0.0
8475622,Carter Hutton,G,BUF,2019-01,-2.5,0,0.0
8475622,Carter Hutton,G,BUF,2019-02,3.0,0,0.0
8475622,Carter Hutton,G,BUF,2019-03,-12.5,0,0.0
8475625,Matt Irwin,D,NSH,2018-10,15.0,1,15.0
8475625,Matt Irwin,D,NSH,2018-11,109.5,8,13.6875
8475625,Matt Irwin,D,NSH,2018-12,101.0,9,11.2222
8475625,Matt Irwin,D,NSH,2019-01,89.5,8,11.1875
8475625,Matt Irwin,D,NSH,2019-02,73.5,6,12.25
8475625,Matt Irwin,D,NSH,2019-03,128.0,12,10.6667
8475660,Cam Talbot,G,PHI,2018-10,-10.0,0,0.0
8475660,Cam Talbot,G,PHI,2018-11,-15.0,0,0.0
8475660,Cam Talbot,G,PHI,2018-12,-4.5,0,0.0
8475660,Cam Talbot,G,PHI,2019-01,-5.0,0,0.0
8475660,Cam Talbot,G,PHI,2019-02,-5.0,0,0.0
8475660,Cam Talbot,G,PHI,2019-04,-2.5,0,0.0
8475683,Sergei Bobrovsky,G,CBJ,2018-10,-2.5,0,0.0
8475683,Sergei Bobrovsky,G,CBJ,2018-11,-6.5,0,0.0
8475683,Sergei Bobrovsky,G,CBJ,2018-12,3.5,0,0.0
8475683,Sergei Bobrovsky,G,CBJ,2019-01,0.5,0,0.0
8475683,Sergei Bobrovsky,G,CBJ,2019-02,-2.5,0,0.0
8475683,Sergei Bobrovsky,G,CBJ,2019-04,5.5,0,0.0
8475690,Chris Tanev,D,VAN,2018-10,132.0,10,13.2
8475690,Chris Tanev,D,VAN,2018-11,162.0,13,12.4615
8475690,Chris Tanev,D,VAN,2018-12,167.0,14,11.9286
8475690,Chris Tanev,D,VAN,2019-01,112.5,9,12.5
8475690,Chris Tanev,D,VAN,2019-02,110.5,7,15.7857
8475690,Chris Tanev,D,VAN,2019-03,13.5,2,6.75
8475692,Mats Zuccarello,C,DAL,2018-10,143.0,12,11.9167
8475692,Mats Zuccarello,C,DAL,2018-11,32.0,5,6.4
8475692,Mats Zuccarello,C,DAL,2018-12,83.5,8,10.4375
8475692,Mats Zuccarello,C,DAL,2019-01,127.5,11,11.5909
8475692,Mats Zuccarello,C,DAL,2019-02,124.5,11,11.3182
8475692,Mats Zuccarello,C,DAL,2019-04,6.0,1,6.0
8475714,Calle Jarnkrok,C,NSH,2018-10,68.5,12,5.7083
8475714,Calle Jarnkrok,C,NSH,2018-11,74.5,11,6.7727
8475714,Calle Jarnkrok,C,NSH,2018-12,130.5,14,9.3214
8475714,Calle Jarnkrok,C,NSH,2019-01,93.0,12,7.75
8475714,Calle Jarnkrok,C,NSH,2019-02,94.0,14,6.7143
8475714,Calle Jarnkrok,C,NSH,2019-03,87.5,13,6.7308
8475714,Calle Jarnkrok,C,NSH,2019-04,16.5,3,5.5
8475715,Oscar Lindberg,C,OTT,2018-10,56.0,6,9.3333
8475715,Oscar Lindberg,C,OTT,2018-11,11.0,2,5.5
8475715,Oscar Lindberg,C,OTT,2018-12,129.0,12,10.75
8475715,Oscar Lindberg,C,OTT,2019-01,75.0,8,9.375
8475715,Oscar Lindberg,C,OTT,2019-02,107.5,9,11.9444
8475715,Oscar Lindberg,C,OTT,2019-03,223.5,14,15.9643
8475715,Oscar Lindberg,C,OTT,2019-04,61.0,4,15.25
8475716,Martin Marincin,D,TOR,2018-10,41.0,5,8.2
8475716,Martin Marincin,D,TOR,2018-11,11.0,1,11.0
8475716,Martin Marincin,D,TOR,2018-12,5.5,2,2.75
8475716,Martin Marincin,D,TOR,2019-01,10.0,2,5.0
8475716,Martin Marincin,D,TOR,2019-02,8.0,1,8.0
8475716,Martin Marincin,D,TOR,2019-03,58.5,11,5.3182
8475716,Martin Marincin,D,TOR,2019-04,23.0,2,11.5
8475717,Calvin Pickard,G,ARI,2018-10,5.5,0,0.0
8475717,Calvin Pickard,G,ARI,2018-11,-20.0,0,0.0
8475717,Calvin Pickard,G,ARI,2019-01,-2.5,0,0.0
8475717,Calvin Pickard,G,ARI,2019-02,-2.5,0,0.0
8475717,Calvin Pickard,G,ARI,2019-03,-2.5,0,0.0
8475718,Justin Holl,D,TOR,2018-11,10.5,1,10.5
8475718,Justin Holl,D,TOR,2018-12,15.0,1,15.0
8475718,Justin Holl,D,TOR,2019-02,15.0,1,15.0
8475718,Justin Holl,D,TOR,2019-03,29.0,7,4.1429
8475718,Justin Holl,D,TOR,2019-04,7.0,1,7.0
8475722,Jason Zucker,L,MIN,2018-10,136.0,12,11.3333
8475722,Jason Zucker,L,MIN,2018-11,101.5,13,7.8077
8475722,Jason Zucker,L,MIN,2018-12,133.0,12,11.0833
8475722,Jason Zucker,L,MIN,2019-01,141.5,12,11.7917
8475722,Jason Zucker,L,MIN,2019-02,141.5,14,10.1071
8475722,Jason Zucker,L,MIN,2019-03,155.5,15,10.3667
8475722,Jason Zucker,L,MIN,2019-04,6.0,3,2.0
8475726,Tyler Toffoli,C,LAK,2018-10,30.5,11,2.7727
8475726,Tyler Toffoli,C,LAK,2018-11,97.0,15,6.4667
8475726,Tyler Toffoli,C,LAK,2018-12,67.5,14,4.8214
8475726,Tyler Toffoli,C,LAK,2019-01,62.5,10,6.25
8475726,Tyler Toffoli,C,LAK,2019-02,56.0,14,4.0
8475726,Tyler Toffoli,C,LAK,2019-03,109.5,14,7.8214
8475726,Tyler Toffoli,C,LAK,2019-04,26.5,4,6.625
8475727,Ryan Spooner,C,VAN,2018-10,53.0,11,4.8182
8475727,Ryan Spooner,C,VAN,2018-11,32.5,12,2.7083
8475727,Ryan Spooner,C,VAN,2018-12,42.5,11,3.8636
8475727,Ryan Spooner,C,VAN,2019-01,29.0,7,4.1429
8475727,Ryan Spooner,C,VAN,2019-02,4.5,5,0.9
8475727,Ryan Spooner,C,VAN,2019-03,35.0,3,11.6667
8475727,Ryan Spooner,C,VAN,2019-04,12.0,3,4.0
8475728,Johan Larsson,L,BUF,2018-10,110.0,6,18.3333
8475728,Johan Larsson,L,BUF,2018-11,267.0,15,17.8
8475728,Johan Larsson,L,BUF,2018-12,257.5,13,19.8077
8475728,Johan Larsson,L,BUF,2019-01,197.0,10,19.7
8475728,Johan Larsson,L,BUF,2019-02,236.5,11,21.5
8475728,Johan Larsson,L,BUF,2019-03,276.0,15,18.4
8475728,Johan Larsson,L,BUF,2019-04,69.5,3,23.1667
8475729,Mark Alt,D,COL,2018-11,10.0,1,10.0
8475729,Mark Alt,D,COL,2018-12,6.0,1,6.0
8475735,Greg McKegg,C,CAR,2019-01,112.5,11,10.2273
8475735,Greg McKegg,C,CAR,2019-02,113.5,12,9.4583
8475735,Greg McKegg,C,CAR,2019-03,135.5,16,8.4688
8475735,Greg McKegg,C,CAR,2019-04,6.0,2,3.0
8475736,Connor Brickley,L,NYR,2019-02,111.0,7,15.8571
8475736,Connor Brickley,L,NYR,2019-03,71.5,4,17.875
8475736,Connor Brickley,L,NYR,2019-04,24.5,3,8.1667
8475738,Jordan Weal,C,MTL,2018-10,53.5,8,6.6875
8475738,Jordan Weal,C,MTL,2018-11,115.5,12,9.625
8475738,Jordan Weal,C,MTL,2018-12,25.0,4,6.25
8475738,Jordan Weal,C,MTL,2019-01,95.5,11,8.6818
8475738,Jordan Weal,C,MTL,2019-02,86.0,12,7.1667
8475738,Jordan Weal,C,MTL,2019-03,141.5,13,10.8846
8475738,Jordan Weal,C,MTL,2019-04,29.5,3,9.8333
8475744,Evgeny Kuznetsov,C,WSH,2018-10,178.5,10,17.85
8475744,Evgeny Kuznetsov,C,WSH,2018-11,100.5,9,11.1667
8475744,Evgeny Kuznetsov,C,WSH,2018-12,89.5,13,6.8846
8475744,Evgeny Kuznetsov,C,WSH,2019-01,89.0,12,7.4167
8475744,Evgeny Kuznetsov,C,WSH,2019-02,137.5,14,9.8214
8475744,Evgeny Kuznetsov,C,WSH,2019-03,118.5,15,7.9
8475744,Evgeny Kuznetsov,C,WSH,2019-04,31.5,3,10.5
8475745,Charlie Coyle,C,BOS,2018-10,128.5,12,10.7083
8475745,Charlie Coyle,C,BOS,2018-11,139.5,13,10.7308
8475745,Charlie Coyle,C,BOS,2018-12,172.0,13,13.2308
8475745,Charlie Coyle,C,BOS,2019-01,190.0,12,15.8333
8475745,Charlie Coyle,C,BOS,2019-02,127.5,13,9.8077
8475745,Charlie Coyle,C,BOS,2019-03,166.5,15,11.1
8475745,Charlie Coyle,C,BOS,2019-04,39.5,3,13.1667
8475747,Patrik Nemeth,D,COL,2018-10,124.5,9,13.8333
8475747,Patrik Nemeth,D,COL,2018-11,204.5,12,17.0417
8475747,Patrik Nemeth,D,COL,2018-12,246.0,14,17.5714
8475747,Patrik Nemeth,D,COL,2019-01,81.5,7,11.6429
8475747,Patrik Nemeth,D,COL,2019-02,206.0,14,14.7143
8475747,Patrik Nemeth,D,COL,2019-03,199.0,14,14.2143
8475747,Patrik Nemeth,D,COL,2019-04,46.0,4,11.5
8475750,Jon Merrill,D,VGK,2018-10,120.0,12,10.0
8475750,Jon Merrill,D,VGK,2018-11,102.5,5,20.5
8475750,Jon Merrill,D,VGK,2018-12,32.0,4,8.0
8475750,Jon Merrill,D,VGK,2019-01,126.5,8,15.8125
8475750,Jon Merrill,D,VGK,2019-02,197.0,13,15.1538
8475750,Jon Merrill,D,VGK,2019-03,126.0,13,9.6923
8475750,Jon Merrill,D,VGK,2019-04,22.0,2,11.0
8475752,Tyler Pitlick,C,DAL,2018-10,94.5,10,9.45
8475752,Tyler Pitlick,C,DAL,2018-11,201.0,14,14.3571
8475752,Tyler Pitlick,C,DAL,2018-12,145.5,11,13.2273
8475752,Tyler Pitlick,C,DAL,2019-01,71.0,8,8.875
8475752,Tyler Pitlick,C,DAL,2019-03,3.0,1,3.0
8475752,Tyler Pitlick,C,DAL,2019-04,27.0,3,9.0
8475753,Justin Faulk,D,CAR,2018-10,108.5,12,9.0417
8475753,Justin Faulk,D,CAR,2018-11,180.0,13,13.8462
8475753,Justin Faulk,D,CAR,2018-12,157.0,13,12.0769
8475753,Justin Faulk,D,CAR,2019-01,173.0,12,14.4167
8475753,Justin Faulk,D,CAR,2019-02,154.0,13,11.8462
8475753,Justin Faulk,D,CAR,2019-03,212.0,16,13.25
8475753,Justin Faulk,D,CAR,2019-04,69.0,3,23.0
8475754,Brock Nelson,C,NYI,2018-10,154.0,11,14.0
8475754,Brock Nelson,C,NYI,2018-11,158.5,13,12.1923
8475754,Brock Nelson,C,NYI,2018-12,175.0,14,12.5
8475754,Brock Nelson,C,NYI,2019-01,157.0,11,14.2727
8475754,Brock Nelson,C,NYI,2019-02,185.0,14,13.2143
8475754,Brock Nelson,C,NYI,2019-03,258.5,16,16.1562
8475754,Brock Nelson,C,NYI,2019-04,36.0,3,12.0
8475755,Alexander Petrovic,D,EDM,2018-10,191.0,9,21.2222
8475755,Alexander Petrovic,D,EDM,2018-11,165.0,10,16.5
8475755,Alexander Petrovic,D,EDM,2018-12,127.5,8,15.9375
8475755,Alexander Petrovic,D,EDM,2019-01,91.0,5,18.2
8475755,Alexander Petrovic,D,EDM,2019-02,31.0,3,10.3333
8475758,Devante Smith-Pelly,R,WSH,2018-10,96.0,10,9.6
8475758,Devante Smith-Pelly,R,WSH,2018-11,105.0,15,7.0
8475758,Devante Smith-Pelly,R,WSH,2018-12,114.0,12,9.5
8475758,Devante Smith-Pelly,R,WSH,2019-01,81.5,9,9.0556
8475758,Devante Smith-Pelly,R,WSH,2019-02,77.0,8,9.625
8475760,Nick Bjugstad,C,PIT,2018-10,107.5,9,11.9444
8475760,Nick Bjugstad,C,PIT,2018-11,197.0,15,13.1333
8475760,Nick Bjugstad,C,PIT,2018-12,40.0,3,13.3333
8475760,Nick Bjugstad,C,PIT,2019-01,45.5,5,9.1
8475760,Nick Bjugstad,C,PIT,2019-02,192.5,13,14.8077
8475760,Nick Bjugstad,C,PIT,2019-03,264.5,16,16.5312
8475760,Nick Bjugstad,C,PIT,2019-04,68.5,3,22.8333
8475762,Derek Forbort,D,LAK,2018-10,97.5,10,9.75
8475762,Derek Forbort,D,LAK,2018-11,133.0,15,8.8667
8475762,Derek Forbort,D,LAK,2018-12,212.5,14,15.1786
8475762,Derek Forbort,D,LAK,2019-01,110.5,10,11.05
8475762,Derek Forbort,D,LAK,2019-02,164.0,14,11.7143
8475762,Derek Forbort,D,LAK,2019-03,151.0,14,10.7857
8475762,Derek Forbort,D,LAK,2019-04,47.0,4,11.75
8475763,Kevin Hayes,R,WPG,2018-10,188.5,12,15.7083
8475763,Kevin Hayes,R,WPG,2018-11,192.0,14,13.7143
8475763,Kevin Hayes,R,WPG,2018-12,162.5,12,13.5417
8475763,Kevin Hayes,R,WPG,2019-01,33.0,3,11.0
8475763,Kevin Hayes,R,WPG,2019-02,131.0,11,11.9091
8475763,Kevin Hayes,R,WPG,2019-03,114.0,15,7.6
8475763,Kevin Hayes,R,WPG,2019-04,31.0,4,7.75
8475764,Cam Fowler,D,ANA,2018-10,179.5,13,13.8077
8475764,Cam Fowler,D,ANA,2018-11,56.5,6,9.4167
8475764,Cam Fowler,D,ANA,2019-01,69.0,9,7.6667
8475764,Cam Fowler,D,ANA,2019-02,82.0,13,6.3077
8475764,Cam Fowler,D,ANA,2019-03,133.0,16,8.3125
8475764,Cam Fowler,D,ANA,2019-04,9.5,2,4.75
8475765,Vladimir Tarasenko,R,STL,2018-10,68.5,10,6.85
8475765,Vladimir Tarasenko,R,STL,2018-11,157.0,14,11.2143
8475765,Vladimir Tarasenko,R,STL,2018-12,98.0,13,7.5385
8475765,Vladimir Tarasenko,R,STL,2019-01,71.5,11,6.5
8475765,Vladimir Tarasenko,R,STL,2019-02,185.0,14,13.2143
8475765,Vladimir Tarasenko,R,STL,2019-03,96.0,10,9.6
8475765,Vladimir Tarasenko,R,STL,2019-04,35.0,4,8.75
8475766,Austin Watson,L,NSH,2018-11,98.5,8,12.3125
8475766,Austin Watson,L,NSH,2018-12,221.5,14,15.8214
8475766,Austin Watson,L,NSH,2019-01,173.0,12,14.4167
8475766,Austin Watson,L,NSH,2019-04,44.5,3,14.8333
8475768,Jaden Schwartz,C,STL,2018-10,65.0,8,8.125
8475768,Jaden Schwartz,C,STL,2018-11,71.0,7,10.1429
8475768,Jaden Schwartz,C,STL,2018-12,90.0,9,10.0
8475768,Jaden Schwartz,C,STL,2019-01,121.0,12,10.0833
8475768,Jaden Schwartz,C,STL,2019-02,86.5,14,6.1786
8475768,Jaden Schwartz,C,STL,2019-03,133.5,15,8.9
8475768,Jaden Schwartz,C,STL,2019-04,24.5,4,6.125
8475772,Riley Sheahan,C,FLA,2018-10,166.0,10,16.6
8475772,Riley Sheahan,C,FLA,2018-11,194.5,13,14.9615
8475772,Riley Sheahan,C,FLA,2018-12,165.5,15,11.0333
8475772,Riley Sheahan,C,FLA,2019-01,126.0,11,11.4545
8475772,Riley Sheahan,C,FLA,2019-02,211.5,14,15.1071
8475772,Riley Sheahan,C,FLA,2019-03,182.0,16,11.375
8475772,Riley Sheahan,C,FLA,2019-04,45.5,3,15.1667
8475780,Chris Wagner,R,BOS,2018-10,157.0,11,14.2727
8475780,Chris Wagner,R,BOS,2018-11,242.5,12,20.2083
8475780,Chris Wagner,R,BOS,2018-12,189.0,13,14.5385
8475780,Chris Wagner,R,BOS,2019-01,230.5,12,19.2083
8475780,Chris Wagner,R,BOS,2019-02,214.0,13,16.4615
8475780,Chris Wagner,R,BOS,2019-03,217.5,14,15.5357
8475780,Chris Wagner,R,BOS,2019-04,7.5,1,7.5
8475784,Jeff Skinner,C,BUF,2018-10,99.0,12,8.25
8475784,Jeff Skinner,C,BUF,2018-11,150.0,15,10.0
8475784,Jeff Skinner,C,BUF,2018-12,144.5,13,11.1154
8475784,Jeff Skinner,C,BUF,2019-01,106.5,10,10.65
8475784,Jeff Skinner,C,BUF,2019-02,86.5,13,6.6538
8475784,Jeff Skinner,C,BUF,2019-03,155.5,16,9.7188
8475784,Jeff Skinner,C,BUF,2019-04,9.5,3,3.1667
8475786,Zach Hyman,C,TOR,2018-10,180.5,12,15.0417
8475786,Zach Hyman,C,TOR,2018-11,207.5,14,14.8214
8475786,Zach Hyman,C,TOR,2018-12,93.0,6,15.5
8475786,Zach Hyman,C,TOR,2019-01,108.5,7,15.5
8475786,Zach Hyman,C,TOR,2019-02,242.5,15,16.1667
8475786,Zach Hyman,C,TOR,2019-03,186.0,13,14.3077
8475786,Zach Hyman,C,TOR,2019-04,36.5,4,9.125
8475789,Jack Campbell,G,LAK,2018-10,-5.0,0,0.0
8475789,Jack Campbell,G,LAK,2018-11,-10.0,0,0.0
8475789,Jack Campbell,G,LAK,2019-01,-2.5,0,0.0
8475789,Jack Campbell,G,LAK,2019-02,-2.5,0,0.0
8475789,Jack Campbell,G,LAK,2019-03,-1.5,0,0.0
8475790,Erik Gudbranson,D,PIT,2018-10,187.5,14,13.3929
8475790,Erik Gudbranson,D,PIT,2018-11,201.0,12,16.75
8475790,Erik Gudbranson,D,PIT,2018-12,162.5,11,14.7727
8475790,Erik Gudbranson,D,PIT,2019-01,165.0,9,18.3333
8475790,Erik Gudbranson,D,PIT,2019-02,132.0,11,12.0
8475790,Erik Gudbranson,D,PIT,2019-03,258.0,16,16.125
8475790,Erik Gudbranson,D,PIT,2019-04,53.5,3,17.8333
8475791,Taylor Hall,L,NJD,2018-10,99.0,9,11.0
8475791,Taylor Hall,L,NJD,2018-11,149.5,15,9.9667
8475791,Taylor Hall,L,NJD,2018-12,86.0,9,9.5556
8475792,Brett Connolly,R,WSH,2018-10,58.5,10,5.85
8475792,Brett Connolly,R,WSH,2018-11,62.0,15,4.1333
8475792,Brett Connolly,R,WSH,2018-12,93.5,13,7.1923
8475792,Brett Connolly,R,WSH,2019-01,75.0,12,6.25
8475792,Brett Connolly,R,WSH,2019-02,111.0,14,7.9286
8475792,Brett Connolly,R,WSH,2019-03,109.5,14,7.8214
8475792,Brett Connolly,R,WSH,2019-04,19.0,3,6.3333
8475793,Ryan Johansen,C,NSH,2018-10,159.5,12,13.2917
8475793,Ryan Johansen,C,NSH,2018-11,190.5,14,13.6071
8475793,Ryan Johansen,C,NSH,2018-12,209.5,14,14.9643
8475793,Ryan Johansen,C,NSH,2019-01,164.0,10,16.4
8475793,Ryan Johansen,C,NSH,2019-02,163.5,14,11.6786
8475793,Ryan Johansen,C,NSH,2019-03,137.5,13,10.5769
8475793,Ryan Johansen,C,NSH,2019-04,17.5,3,5.8333
8475794,Tyler Seguin,C,DAL,2018-10,201.5,11,18.3182
8475794,Tyler Seguin,C,DAL,2018-11,177.0,15,11.8
8475794,Tyler Seguin,C,DAL,2018-12,178.5,14,12.75
8475794,Tyler Seguin,C,DAL,2019-01,144.0,10,14.4
8475794,Tyler Seguin,C,DAL,2019-02,207.5,14,14.8214
8475794,Tyler Seguin,C,DAL,2019-03,238.5,15,15.9
8475794,Tyler Seguin,C,DAL,2019-04,35.5,3,11.8333
8475795,Dylan McIlrath,D,DET,2019-03,83.5,4,20.875
8475795,Dylan McIlrath,D,DET,2019-04,29.5,3,9.8333
8475796,Mark Pysyk,D,FLA,2018-10,55.0,5,11.0
8475796,Mark Pysyk,D,FLA,2018-11,87.0,8,10.875
8475796,Mark Pysyk,D,FLA,2018-12,146.0,14,10.4286
8475796,Mark Pysyk,D,FLA,2019-01,170.5,10,17.05
8475796,Mark Pysyk,D,FLA,2019-02,198.5,15,13.2333
8475796,Mark Pysyk,D,FLA,2019-03,128.5,15,8.5667
8475796,Mark Pysyk,D,FLA,2019-04,23.5,3,7.8333
8475798,Mikael Granlund,C,NSH,2018-10,128.5,12,10.7083
8475798,Mikael Granlund,C,NSH,2018-11,120.5,13,9.2692
8475798,Mikael Granlund,C,NSH,2018-12,114.0,13,8.7692
8475798,Mikael Granlund,C,NSH,2019-01,100.5,12,8.375
8475798,Mikael Granlund,C,NSH,2019-02,163.5,13,12.5769
8475798,Mikael Granlund,C,NSH,2019-03,110.0,13,8.4615
8475798,Mikael Granlund,C,NSH,2019-04,35.5,3,11.8333
8475799,Nino Niederreiter,R,CAR,2018-10,107.5,12,8.9583
8475799,Nino Niederreiter,R,CAR,2018-11,95.5,13,7.3462
8475799,Nino Niederreiter,R,CAR,2018-12,123.5,13,9.5
8475799,Nino Niederreiter,R,CAR,2019-01,103.5,12,8.625
8475799,Nino Niederreiter,R,CAR,2019-02,201.0,13,15.4615
8475799,Nino Niederreiter,R,CAR,2019-03,178.5,16,11.1562
8475799,Nino Niederreiter,R,CAR,2019-04,43.0,3,14.3333
8475807,Joakim Nordstrom,C,BOS,2018-10,129.5,11,11.7727
8475807,Joakim Nordstrom,C,BOS,2018-11,159.5,13,12.2692
8475807,Joakim Nordstrom,C,BOS,2018-12,133.5,14,9.5357
8475807,Joakim Nordstrom,C,BOS,2019-01,30.0,2,15.0
8475807,Joakim Nordstrom,C,BOS,2019-02,79.5,12,6.625
8475807,Joakim Nordstrom,C,BOS,2019-03,157.5,15,10.5
8475807,Joakim Nordstrom,C,BOS,2019-04,21.0,3,7.0
8475808,Michael Chaput,C,MTL,2018-11,50.5,4,12.625
8475808,Michael Chaput,C,MTL,2018-12,201.5,15,13.4333
8475808,Michael Chaput,C,MTL,2019-01,100.5,10,10.05
8475808,Michael Chaput,C,MTL,2019-02,37.5,3,12.5
8475810,Bryan Rust,R,PIT,2018-10,96.5,10,9.65
8475810,Bryan Rust,R,PIT,2018-11,165.0,14,11.7857
8475810,Bryan Rust,R,PIT,2018-12,218.5,14,15.6071
8475810,Bryan Rust,R,PIT,2019-01,170.0,11,15.4545
8475810,Bryan Rust,R,PIT,2019-02,169.0,13,13.0
8475810,Bryan Rust,R,PIT,2019-03,107.0,7,15.2857
8475810,Bryan Rust,R,PIT,2019-04,31.0,3,10.3333
8475820,Joonas Donskoi,R,SJS,2018-10,127.5,12,10.625
8475820,Joonas Donskoi,R,SJS,2018-11,143.0,14,10.2143
8475820,Joonas Donskoi,R,SJS,2018-12,120.5,15,8.0333
8475820,Joonas Donskoi,R,SJS,2019-01,113.5,11,10.3182
8475820,Joonas Donskoi,R,SJS,2019-02,54.0,12,4.5
8475820,Joonas Donskoi,R,SJS,2019-03,70.5,14,5.0357
8475820,Joonas Donskoi,R,SJS,2019-04,17.0,2,8.5
8475831,Philipp Grubauer,G,COL,2018-10,-2.5,0,0.0
8475831,Philipp Grubauer,G,COL,2018-12,-2.5,0,0.0
8475831,Philipp Grubauer,G,COL,2019-01,-5.0,0,0.0
8475831,Philipp Grubauer,G,COL,2019-03,-5.0,0,0.0
8475831,Philipp Grubauer,G,COL,2019-04,-2.5,0,0.0
8475832,Tom Kuhnhackl,R,NYI,2018-10,61.5,4,15.375
8475832,Tom Kuhnhackl,R,NYI,2018-11,101.5,10,10.15
8475832,Tom Kuhnhackl,R,NYI,2018-12,46.5,4,11.625
8475832,Tom Kuhnhackl,R,NYI,2019-01,5.0,1,5.0
8475832,Tom Kuhnhackl,R,NYI,2019-02,77.0,7,11.0
8475832,Tom Kuhnhackl,R,NYI,2019-03,62.0,7,8.8571
8475832,Tom Kuhnhackl,R,NYI,2019-04,18.0,3,6.0
8475834,Marcus Sorensen,L,SJS,2018-10,124.0,12,10.3333
8475834,Marcus Sorensen,L,SJS,2018-11,125.5,14,8.9643
8475834,Marcus Sorensen,L,SJS,2018-12,142.0,15,9.4667
8475834,Marcus Sorensen,L,SJS,2019-01,111.0,11,10.0909
8475834,Marcus Sorensen,L,SJS,2019-02,73.0,10,7.3
8475834,Marcus Sorensen,L,SJS,2019-03,142.5,15,9.5
8475834,Marcus Sorensen,L,SJS,2019-04,23.0,3,7.6667
8475839,Louis Domingue,G,TBL,2018-10,-2.5,0,0.0
8475839,Louis Domingue,G,TBL,2018-11,-2.0,0,0.0
8475839,Louis Domingue,G,TBL,2018-12,-5.0,0,0.0
8475839,Louis Domingue,G,TBL,2019-02,-4.5,0,0.0
8475841,Tim Heed,D,SJS,2018-11,17.0,2,8.5
8475841,Tim Heed,D,SJS,2018-12,3.5,1,3.5
8475841,Tim Heed,D,SJS,2019-01,53.0,10,5.3
8475841,Tim Heed,D,SJS,2019-02,27.0,7,3.8571
8475841,Tim Heed,D,SJS,2019-03,77.0,15,5.1333
8475841,Tim Heed,D,SJS,2019-04,4.0,2,2.0
8475842,Sam Carrick,C,ANA,2018-11,32.5,3,10.8333
8475842,Sam Carrick,C,ANA,2019-01,24.5,2,12.25
8475842,Sam Carrick,C,ANA,2019-03,18.5,1,18.5
8475844,Kenny Agostino,L,NJD,2018-11,114.5,10,11.45
8475844,Kenny Agostino,L,NJD,2018-12,149.5,15,9.9667
8475844,Kenny Agostino,L,NJD,2019-01,88.5,10,8.85
8475844,Kenny Agostino,L,NJD,2019-02,93.0,10,9.3
8475844,Kenny Agostino,L,NJD,2019-03,178.5,15,11.9
8475844,Kenny Agostino,L,NJD,2019-04,29.0,3,9.6667
8475848,Brendan Gallagher,R,MTL,2018-10,180.5,11,16.4091
8475848,Brendan Gallagher,R,MTL,2018-11,193.0,14,13.7857
8475848,Brendan Gallagher,R,MTL,2018-12,159.5,15,10.6333
8475848,Brendan Gallagher,R,MTL,2019-01,113.5,11,10.3182
8475848,Brendan Gallagher,R,MTL,2019-02,194.5,13,14.9615
8475848,Brendan Gallagher,R,MTL,2019-03,161.5,15,10.7667
8475848,Brendan Gallagher,R,MTL,2019-04,49.5,3,16.5
8475852,Petr Mrazek,G,CAR,2018-10,-12.5,0,0.0
8475852,Petr Mrazek,G,CAR,2018-12,1.0,0,0.0
8475852,Petr Mrazek,G,CAR,2019-01,-4.5,0,0.0
8475852,Petr Mrazek,G,CAR,2019-02,-10.0,0,0.0
8475852,Petr Mrazek,G,CAR,2019-03,-7.0,0,0.0
8475852,Petr Mrazek,G,CAR,2019-04,-2.5,0,0.0
8475855,Jesper Fast,R,NYR,2018-10,161.0,12,13.4167
8475855,Jesper Fast,R,NYR,2018-11,174.5,14,12.4643
8475855,Jesper Fast,R,NYR,2018-12,76.5,7,10.9286
8475855,Jesper Fast,R,NYR,2019-01,144.5,12,12.0417
8475855,Jesper Fast,R,NYR,2019-02,151.0,12,12.5833
8475855,Jesper Fast,R,NYR,2019-03,89.0,9,9.8889
8475857,Kevin Gravel,D,EDM,2018-10,15.5,2,7.75
8475857,Kevin Gravel,D,EDM,2018-11,67.0,8,8.375
8475857,Kevin Gravel,D,EDM,2018-12,163.0,13,12.5385
8475857,Kevin Gravel,D,EDM,2019-01,46.0,5,9.2
8475857,Kevin Gravel,D,EDM,2019-02,62.5,7,8.9286
8475857,Kevin Gravel,D,EDM,2019-04,6.0,1,6.0
8475868,Anthony Bitetto,D,MIN,2018-10,37.5,4,9.375
8475868,Anthony Bitetto,D,MIN,2018-11,116.0,7,16.5714
8475868,Anthony Bitetto,D,MIN,2018-12,83.0,6,13.8333
8475868,Anthony Bitetto,D,MIN,2019-01,13.5,1,13.5
8475868,Anthony Bitetto,D,MIN,2019-02,122.0,11,11.0909
8475868,Anthony Bitetto,D,MIN,2019-03,70.5,5,14.1
8475868,Anthony Bitetto,D,MIN,2019-04,13.5,2,6.75
8475869,Brandon Davidson,D,CHI,2018-10,36.5,4,9.125
8475869,Brandon Davidson,D,CHI,2018-11,51.0,3,17.0
8475869,Brandon Davidson,D,CHI,2019-01,60.0,3,20.0
8475883,Frederik Andersen,G,TOR,2018-10,-17.5,0,0.0
8475883,Frederik Andersen,G,TOR,2018-11,-35.0,0,0.0
8475883,Frederik Andersen,G,TOR,2018-12,-2.0,0,0.0
8475883,Frederik Andersen,G,TOR,2019-01,-7.5,0,0.0
8475883,Frederik Andersen,G,TOR,2019-02,-26.5,0,0.0
8475883,Frederik Andersen,G,TOR,2019-03,-10.0,0,0.0
8475883,Frederik Andersen,G,TOR,2019-04,-7.5,0,0.0
8475902,Zach Trotman,D,PIT,2019-02,11.5,1,11.5
8475902,Zach Trotman,D,PIT,2019-03,158.5,11,14.4091
8475902,Zach Trotman,D,PIT,2019-04,10.5,1,10.5
8475906,John Klingberg,D,DAL,2018-10,74.0,11,6.7273
8475906,John Klingberg,D,DAL,2018-11,47.0,5,9.4
8475906,John Klingberg,D,DAL,2018-12,89.0,6,14.8333
8475906,John Klingberg,D,DAL,2019-01,92.5,10,9.25
8475906,John Klingberg,D,DAL,2019-02,112.5,14,8.0357
8475906,John Klingberg,D,DAL,2019-03,97.0,15,6.4667
8475906,John Klingberg,D,DAL,2019-04,29.0,3,9.6667
8475907,Micheal Ferland,L,CAR,2018-10,188.5,12,15.7083
8475907,Micheal Ferland,L,CAR,2018-11,219.0,12,18.25
8475907,Micheal Ferland,L,CAR,2018-12,70.5,7,10.0714
8475907,Micheal Ferland,L,CAR,2019-01,107.5,10,10.75
8475907,Micheal Ferland,L,CAR,2019-02,163.0,13,12.5385
8475907,Micheal Ferland,L,CAR,2019-03,144.5,14,10.3214
8475907,Micheal Ferland,L,CAR,2019-04,27.0,3,9.0
8475913,Mark Stone,R,VGK,2018-10,138.0,11,12.5455
8475913,Mark Stone,R,VGK,2018-11,156.5,15,10.4333
8475913,Mark Stone,R,VGK,2018-12,198.0,14,14.1429
8475913,Mark Stone,R,VGK,2019-01,109.0,10,10.9
8475913,Mark Stone,R,VGK,2019-02,179.0,11,16.2727
8475913,Mark Stone,R,VGK,2019-03,223.0,14,15.9286
8475913,Mark Stone,R,VGK,2019-04,19.5,2,9.75
8475982,Erik Burgdoerfer,D,OTT,2018-11,6.0,1,6.0
8475982,Erik Burgdoerfer,D,OTT,2018-12,43.0,3,14.3333
8476043,Ben Street,C,ANA,2018-10,89.0,12,7.4167
8476043,Ben Street,C,ANA,2018-11,27.5,6,4.5833
8476043,Ben Street,C,ANA,2018-12,26.0,3,8.6667
8476166,Taylor Fedun,D,DAL,2018-11,34.0,4,8.5
8476166,Taylor Fedun,D,DAL,2018-12,79.0,13,6.0769
8476166,Taylor Fedun,D,DAL,2019-01,65.0,10,6.5
8476166,Taylor Fedun,D,DAL,2019-02,57.0,12,4.75
8476166,Taylor Fedun,D,DAL,2019-03,49.0,12,4.0833
8476166,Taylor Fedun,D,DAL,2019-04,30.0,3,10.0
8476177,Matt Read,R,MIN,2018-10,27.5,5,5.5
8476177,Matt Read,R,MIN,2019-03,72.0,7,10.2857
8476191,Kevan Miller,D,BOS,2018-10,116.5,7,16.6429
8476191,Kevan Miller,D,BOS,2018-11,79.0,4,19.75
8476191,Kevan Miller,D,BOS,2018-12,29.5,2,14.75
8476191,Kevan Miller,D,BOS,2019-01,228.0,12,19.0
8476191,Kevan Miller,D,BOS,2019-02,203.5,11,18.5
8476191,Kevan Miller,D,BOS,2019-03,19.5,1,19.5
8476191,Kevan Miller,D,BOS,2019-04,41.0,2,20.5
8476195,Cory Conacher,C,TBL,2018-10,-1.0,1,-1.0
8476207,Brian Gibbons,C,OTT,2018-10,66.5,10,6.65
8476207,Brian Gibbons,C,OTT,2018-11,58.0,11,5.2727
8476207,Brian Gibbons,C,OTT,2018-12,58.0,9,6.4444
8476207,Brian Gibbons,C,OTT,2019-01,59.0,9,6.5556
8476207,Brian Gibbons,C,OTT,2019-02,50.0,7,7.1429
8476207,Brian Gibbons,C,OTT,2019-03,98.0,14,7.0
8476207,Brian Gibbons,C,OTT,2019-04,57.0,4,14.25
8476234,Keith Kinkaid,G,CBJ,2018-10,-14.5,0,0.0
8476234,Keith Kinkaid,G,CBJ,2018-11,-22.5,0,0.0
8476234,Keith Kinkaid,G,CBJ,2018-12,-10.0,0,0.0
8476234,Keith Kinkaid,G,CBJ,2019-01,-7.5,0,0.0
8476234,Keith Kinkaid,G,CBJ,2019-02,-2.0,0,0.0
8476278,Colin Blackwell,C,NSH,2019-01,49.0,3,16.3333
8476278,Colin Blackwell,C,NSH,2019-02,34.5,3,11.5
8476285,Matthew Peca,C,MTL,2018-10,109.0,10,10.9
8476285,Matthew Peca,C,MTL,2018-11,84.0,11,7.6364
8476285,Matthew Peca,C,MTL,2018-12,21.0,5,4.2
8476285,Matthew Peca,C,MTL,2019-01,42.5,3,14.1667
8476285,Matthew Peca,C,MTL,2019-02,91.0,9,10.1111
8476285,Matthew Peca,C,MTL,2019-03,13.5,1,13.5
8476288,Ryan Dzingel,C,CBJ,2018-10,89.0,9,9.8889
8476288,Ryan Dzingel,C,CBJ,2018-11,127.0,15,8.4667
8476288,Ryan Dzingel,C,CBJ,2018-12,113.0,14,8.0714
8476288,Ryan Dzingel,C,CBJ,2019-01,57.0,10,5.7
8476288,Ryan Dzingel,C,CBJ,2019-02,85.5,11,7.7727
8476288,Ryan Dzingel,C,CBJ,2019-03,77.5,16,4.8438
8476288,Ryan Dzingel,C,CBJ,2019-04,11.5,3,3.8333
8476292,Ondrej Palat,L,TBL,2018-10,86.0,9,9.5556
8476292,Ondrej Palat,L,TBL,2018-11,11.0,1,11.0
8476292,Ondrej Palat,L,TBL,2018-12,171.0,14,12.2143
8476292,Ondrej Palat,L,TBL,2019-01,81.0,10,8.1
8476292,Ondrej Palat,L,TBL,2019-02,110.5,13,8.5
8476292,Ondrej Palat,L,TBL,2019-03,123.0,13,9.4615
8476292,Ondrej Palat,L,TBL,2019-04,51.5,4,12.875
8476293,Scott Wilson,C,BUF,2019-02,30.5,3,10.1667
8476293,Scott Wilson,C,BUF,2019-03,71.5,9,7.9444
8476293,Scott Wilson,C,BUF,2019-04,20.0,3,6.6667
8476310,Lukas Sedlak,C,CBJ,2018-10,59.0,9,6.5556
8476310,Lukas Sedlak,C,CBJ,2018-11,101.0,10,10.1
8476310,Lukas Sedlak,C,CBJ,2018-12,129.0,7,18.4286
8476310,Lukas Sedlak,C,CBJ,2019-01,93.5,9,10.3889
8476310,Lukas Sedlak,C,CBJ,2019-02,74.5,8,9.3125
8476310,Lukas Sedlak,C,CBJ,2019-03,38.0,4,9.5
8476312,Josh Manson,D,ANA,2018-10,199.0,12,16.5833
8476312,Josh Manson,D,ANA,2018-11,190.0,12,15.8333
8476312,Josh Manson,D,ANA,2018-12,203.0,13,15.6154
8476312,Josh Manson,D,ANA,2019-01,121.0,10,12.1
8476312,Josh Manson,D,ANA,2019-02,103.5,13,7.9615
8476312,Josh Manson,D,ANA,2019-03,222.0,14,15.8571
8476316,Laurent Brossoit,G,WPG,2018-10,-7.5,0,0.0
8476316,Laurent Brossoit,G,WPG,2018-11,-5.0,0,0.0
8476316,Laurent Brossoit,G,WPG,2018-12,-10.0,0,0.0
8476316,Laurent Brossoit,G,WPG,2019-01,-15.0,0,0.0
8476316,Laurent Brossoit,G,WPG,2019-02,-7.5,0,0.0
8476316,Laurent Brossoit,G,WPG,2019-03,-2.5,0,0.0
8476323,Max McCormick,L,OTT,2018-10,22.5,4,5.625
8476323,Max McCormick,L,OTT,2018-11,66.0,7,9.4286
8476323,Max McCormick,L,OTT,2018-12,27.0,3,9.0
8476326,Josh Archibald,R,ARI,2018-10,53.0,6,8.8333
8476326,Josh Archibald,R,ARI,2018-11,46.0,5,9.2
8476326,Josh Archibald,R,ARI,2018-12,220.5,15,14.7
8476326,Josh Archibald,R,ARI,2019-01,134.0,10,13.4
8476326,Josh Archibald,R,ARI,2019-02,223.0,14,15.9286
8476326,Josh Archibald,R,ARI,2019-03,222.5,15,14.8333
8476326,Josh Archibald,R,ARI,2019-04,44.0,3,14.6667
8476329,Travis Boyd,C,WSH,2018-11,103.5,11,9.4091
8476329,Travis Boyd,C,WSH,2018-12,61.0,9,6.7778
8476329,Travis Boyd,C,WSH,2019-01,49.5,10,4.95
8476329,Travis Boyd,C,WSH,2019-02,57.5,8,7.1875
8476329,Travis Boyd,C,WSH,2019-03,52.5,13,4.0385
8476329,Travis Boyd,C,WSH,2019-04,7.5,2,3.75
8476331,Dylan DeMelo,D,OTT,2018-10,175.0,11,15.9091
8476331,Dylan DeMelo,D,OTT,2018-11,199.5,15,13.3
8476331,Dylan DeMelo,D,OTT,2018-12,81.0,9,9.0
8476331,Dylan DeMelo,D,OTT,2019-01,114.5,10,11.45
8476331,Dylan DeMelo,D,OTT,2019-02,191.5,14,13.6786
8476331,Dylan DeMelo,D,OTT,2019-03,220.5,14,15.75
8476331,Dylan DeMelo,D,OTT,2019-04,53.0,4,13.25
8476343,Garret Sparks,G,TOR,2018-11,-2.5,0,0.0
8476343,Garret Sparks,G,TOR,2018-12,-10.0,0,0.0
8476343,Garret Sparks,G,TOR,2019-01,-2.5,0,0.0
8476343,Garret Sparks,G,TOR,2019-02,-5.0,0,0.0
8476343,Garret Sparks,G,TOR,2019-03,0.5,0,0.0
8476346,Johnny Gaudreau,L,CGY,2018-10,125.5,13,9.6538
8476346,Johnny Gaudreau,L,CGY,2018-11,52.5,13,4.0385
8476346,Johnny Gaudreau,L,CGY,2018-12,76.0,14,5.4286
8476346,Johnny Gaudreau,L,CGY,2019-01,93.0,11,8.4545
8476346,Johnny Gaudreau,L,CGY,2019-02,109.5,13,8.4231
8476346,Johnny Gaudreau,L,CGY,2019-03,95.5,15,6.3667
8476346,Johnny Gaudreau,L,CGY,2019-04,17.5,3,5.8333
8476356,Tobias Rieder,C,EDM,2018-10,105.0,11,9.5455
8476356,Tobias Rieder,C,EDM,2018-11,41.5,7,5.9286
8476356,Tobias Rieder,C,EDM,2018-12,98.0,8,12.25
8476356,Tobias Rieder,C,EDM,2019-01,73.0,10,7.3
8476356,Tobias Rieder,C,EDM,2019-02,115.0,14,8.2143
8476356,Tobias Rieder,C,EDM,2019-03,148.5,14,10.6071
8476356,Tobias Rieder,C,EDM,2019-04,17.5,3,5.8333
8476368,Fredrik Claesson,D,NYR,2018-10,56.0,4,14.0
8476368,Fredrik Claesson,D,NYR,2018-11,101.0,9,11.2222
8476368,Fredrik Claesson,D,NYR,2018-12,124.5,9,13.8333
8476368,Fredrik Claesson,D,NYR,2019-01,58.0,4,14.5
8476368,Fredrik Claesson,D,NYR,2019-02,31.0,4,7.75
8476368,Fredrik Claesson,D,NYR,2019-03,35.5,5,7.1
8476368,Fredrik Claesson,D,NYR,2019-04,21.0,2,10.5
8476370,Blake Pietila,L,NJD,2019-01,74.0,7,10.5714
8476370,Blake Pietila,L,NJD,2019-02,18.5,1,18.5
8476370,Blake Pietila,L,NJD,2019-03,138.0,11,12.5455
8476372,Nick Seeler,D,MIN,2018-10,126.5,12,10.5417
8476372,Nick Seeler,D,MIN,2018-11,186.0,13,14.3077
8476372,Nick Seeler,D,MIN,2018-12,81.5,11,7.4091
8476372,Nick Seeler,D,MIN,2019-01,138.5,12,11.5417
8476372,Nick Seeler,D,MIN,2019-02,85.0,10,8.5
8476372,Nick Seeler,D,MIN,2019-03,160.0,11,14.5455
8476372,Nick Seeler,D,MIN,2019-04,31.5,2,15.75
8476374,Sean Kuraly,C,BOS,2018-10,143.0,12,11.9167
8476374,Sean Kuraly,C,BOS,2018-11,180.5,12,15.0417
8476374,Sean Kuraly,C,BOS,2018-12,212.5,14,15.1786
8476374,Sean Kuraly,C,BOS,2019-01,156.5,12,13.0417
8476374,Sean Kuraly,C,BOS,2019-02,223.5,13,17.1923
8476374,Sean Kuraly,C,BOS,2019-03,97.5,8,12.1875
8476381,Andrew Shaw,C,MTL,2018-10,72.0,7,10.2857
8476381,Andrew Shaw,C,MTL,2018-11,252.0,14,18.0
8476381,Andrew Shaw,C,MTL,2018-12,241.5,15,16.1
8476381,Andrew Shaw,C,MTL,2019-02,118.0,9,13.1111
8476381,Andrew Shaw,C,MTL,2019-03,246.0,15,16.4
8476381,Andrew Shaw,C,MTL,2019-04,39.0,3,13.0
8476389,Vincent Trocheck,C,FLA,2018-10,233.0,9,25.8889
8476389,Vincent Trocheck,C,FLA,2018-11,177.5,9,19.7222
8476389,Vincent Trocheck,C,FLA,2019-01,87.5,3,29.1667
8476389,Vincent Trocheck,C,FLA,2019-02,332.5,15,22.1667
8476389,Vincent Trocheck,C,FLA,2019-03,313.5,16,19.5938
8476389,Vincent Trocheck,C,FLA,2019-04,79.5,3,26.5
8476392,Adam Lowry,L,WPG,2018-10,300.5,12,25.0417
8476392,Adam Lowry,L,WPG,2018-11,246.0,12,20.5
8476392,Adam Lowry,L,WPG,2018-12,259.5,13,19.9615
8476392,Adam Lowry,L,WPG,2019-01,289.5,12,24.125
8476392,Adam Lowry,L,WPG,2019-02,318.5,12,26.5417
8476392,Adam Lowry,L,WPG,2019-03,268.0,13,20.6154
8476392,Adam Lowry,L,WPG,2019-04,91.5,4,22.875
8476393,Nick Cousins,C,ARI,2018-10,132.5,11,12.0455
8476393,Nick Cousins,C,ARI,2018-11,142.0,13,10.9231
8476393,Nick Cousins,C,ARI,2018-12,259.5,15,17.3
8476393,Nick Cousins,C,ARI,2019-01,130.5,11,11.8636
8476393,Nick Cousins,C,ARI,2019-02,216.0,14,15.4286
8476393,Nick Cousins,C,ARI,2019-03,187.5,14,13.3929
8476393,Nick Cousins,C,ARI,2019-04,31.5,3,10.5
8476396,Steven Fogarty,C,NYR,2018-11,28.0,6,4.6667
8476396,Steven Fogarty,C,NYR,2018-12,15.0,4,3.75
8476399,Blake Coleman,C,NJD,2018-10,152.0,9,16.8889
8476399,Blake Coleman,C,NJD,2018-11,209.5,15,13.9667
8476399,Blake Coleman,C,NJD,2018-12,234.5,14,16.75
8476399,Blake Coleman,C,NJD,2019-01,290.0,12,24.1667
8476399,Blake Coleman,C,NJD,2019-02,228.0,10,22.8
8476399,Blake Coleman,C,NJD,2019-03,279.5,15,18.6333
8476399,Blake Coleman,C,NJD,2019-04,53.5,3,17.8333
8476407,Andy Welinski,D,ANA,2018-10,31.5,2,15.75
8476407,Andy Welinski,D,ANA,2018-11,91.0,9,10.1111
8476407,Andy Welinski,D,ANA,2018-12,27.5,2,13.75
8476407,Andy Welinski,D,ANA,2019-01,36.5,6,6.0833
8476407,Andy Welinski,D,ANA,2019-03,77.0,6,12.8333
8476407,Andy Welinski,D,ANA,2019-04,9.0,1,9.0
8476409,Alan Quine,C,CGY,2018-12,51.0,9,5.6667
8476409,Alan Quine,C,CGY,2019-03,8.0,2,4.0
8476409,Alan Quine,C,CGY,2019-04,23.0,2,11.5
8476410,Josh Leivo,L,VAN,2018-10,100.0,12,8.3333
8476410,Josh Leivo,L,VAN,2018-11,84.0,14,6.0
8476410,Josh Leivo,L,VAN,2018-12,76.0,14,5.4286
8476410,Josh Leivo,L,VAN,2019-01,16.0,6,2.6667
8476410,Josh Leivo,L,VAN,2019-02,45.0,14,3.2143
8476410,Josh Leivo,L,VAN,2019-03,84.0,13,6.4615
8476410,Josh Leivo,L,VAN,2019-04,17.0,3,5.6667
8476412,Jordan Binnington,G,STL,2019-01,-12.5,0,0.0
8476412,Jordan Binnington,G,STL,2019-02,-12.5,0,0.0
8476412,Jordan Binnington,G,STL,2019-03,-5.0,0,0.0
8476412,Jordan Binnington,G,STL,2019-04,-5.0,0,0.0
8476415,Kyle Rau,C,MIN,2019-02,65.5,6,10.9167
8476419,Jean-Gabriel Pageau,C,OTT,2019-01,153.5,8,19.1875
8476419,Jean-Gabriel Pageau,C,OTT,2019-02,217.5,14,15.5357
8476419,Jean-Gabriel Pageau,C,OTT,2019-03,271.0,13,20.8462
8476419,Jean-Gabriel Pageau,C,OTT,2019-04,70.5,4,17.625
8476422,Mike Reilly,D,MTL,2018-10,80.0,11,7.2727
8476422,Mike Reilly,D,MTL,2018-11,106.5,9,11.8333
8476422,Mike Reilly,D,MTL,2018-12,117.0,14,8.3571
8476422,Mike Reilly,D,MTL,2019-01,72.5,10,7.25
8476422,Mike Reilly,D,MTL,2019-02,53.5,12,4.4583
8476422,Mike Reilly,D,MTL,2019-03,6.0,1,6.0
8476423,Reid Boucher,C,VAN,2018-11,3.0,1,3.0
8476427,Ty Rattie,R,EDM,2018-10,41.0,5,8.2
8476427,Ty Rattie,R,EDM,2018-11,60.0,8,7.5
8476427,Ty Rattie,R,EDM,2018-12,103.0,10,10.3
8476427,Ty Rattie,R,EDM,2019-01,45.0,6,7.5
8476427,Ty Rattie,R,EDM,2019-02,78.5,13,6.0385
8476427,Ty Rattie,R,EDM,2019-03,12.0,4,3.0
8476427,Ty Rattie,R,EDM,2019-04,41.5,4,10.375
8476428,Rocco Grimaldi,C,NSH,2018-10,3.5,2,1.75
8476428,Rocco Grimaldi,C,NSH,2018-11,43.0,6,7.1667
8476428,Rocco Grimaldi,C,NSH,2018-12,91.0,13,7.0
8476428,Rocco Grimaldi,C,NSH,2019-01,72.5,12,6.0417
8476428,Rocco Grimaldi,C,NSH,2019-02,76.0,11,6.9091
8476428,Rocco Grimaldi,C,NSH,2019-03,43.5,9,4.8333
8476429,Scott Mayfield,D,NYI,2018-10,140.5,9,15.6111
8476429,Scott Mayfield,D,NYI,2018-11,184.5,13,14.1923
8476429,Scott Mayfield,D,NYI,2018-12,184.5,14,13.1786
8476429,Scott Mayfield,D,NYI,2019-01,143.5,11,13.0455
8476429,Scott Mayfield,D,NYI,2019-02,148.0,13,11.3846
8476429,Scott Mayfield,D,NYI,2019-03,218.0,16,13.625
8476429,Scott Mayfield,D,NYI,2019-04,34.5,3,11.5
8476431,Adam Clendening,D,CBJ,2018-10,34.5,4,8.625
8476432,Boone Jenner,C,CBJ,2018-10,159.0,11,14.4545
8476432,Boone Jenner,C,CBJ,2018-11,324.0,14,23.1429
8476432,Boone Jenner,C,CBJ,2018-12,223.5,14,15.9643
8476432,Boone Jenner,C,CBJ,2019-01,230.0,9,25.5556
8476432,Boone Jenner,C,CBJ,2019-02,302.0,11,27.4545
8476432,Boone Jenner,C,CBJ,2019-03,314.0,15,20.9333
8476432,Boone Jenner,C,CBJ,2019-04,55.0,3,18.3333
8476434,John Gibson,G,ANA,2018-10,4.0,0,0.0
8476434,John Gibson,G,ANA,2018-11,-27.5,0,0.0
8476434,John Gibson,G,ANA,2018-12,-7.5,0,0.0
8476434,John Gibson,G,ANA,2019-01,-10.0,0,0.0
8476434,John Gibson,G,ANA,2019-02,-2.5,0,0.0
8476434,John Gibson,G,ANA,2019-03,-10.0,0,0.0
8476434,John Gibson,G,ANA,2019-04,-2.5,0,0.0
8476436,Dmitrij Jaskin,R,WSH,2018-10,74.0,7,10.5714
8476436,Dmitrij Jaskin,R,WSH,2018-11,161.5,12,13.4583
8476436,Dmitrij Jaskin,R,WSH,2018-12,39.5,7,5.6429
8476436,Dmitrij Jaskin,R,WSH,2019-01,61.5,4,15.375
8476436,Dmitrij Jaskin,R,WSH,2019-02,80.5,6,13.4167
8476436,Dmitrij Jaskin,R,WSH,2019-04,12.0,1,12.0
8476437,Victor Rask,C,MIN,2018-11,61.5,5,12.3
8476437,Victor Rask,C,MIN,2018-12,81.5,13,6.2692
8476437,Victor Rask,C,MIN,2019-01,112.0,11,10.1818
8476437,Victor Rask,C,MIN,2019-02,33.5,7,4.7857
8476437,Victor Rask,C,MIN,2019-03,63.5,10,6.35
8476437,Victor Rask,C,MIN,2019-04,6.0,3,2.0
8476438,Brandon Saad,L,CHI,2018-10,102.5,13,7.8846
8476438,Brandon Saad,L,CHI,2018-11,92.0,11,8.3636
8476438,Brandon Saad,L,CHI,2018-12,110.0,15,7.3333
8476438,Brandon Saad,L,CHI,2019-01,70.0,10,7.0
8476438,Brandon Saad,L,CHI,2019-02,79.0,13,6.0769
8476438,Brandon Saad,L,CHI,2019-03,118.0,14,8.4286
8476438,Brandon Saad,L,CHI,2019-04,12.0,4,3.0
8476439,Brett Ritchie,R,DAL,2018-10,80.0,9,8.8889
8476439,Brett Ritchie,R,DAL,2018-11,64.5,5,12.9
8476439,Brett Ritchie,R,DAL,2018-12,101.5,8,12.6875
8476439,Brett Ritchie,R,DAL,2019-01,30.5,5,6.1
8476439,Brett Ritchie,R,DAL,2019-02,184.0,14,13.1429
8476439,Brett Ritchie,R,DAL,2019-03,81.0,11,7.3636
8476439,Brett Ritchie,R,DAL,2019-04,15.0,1,15.0
8476440,Markus Granlund,C,VAN,2018-10,106.5,14,7.6071
8476440,Markus Granlund,C,VAN,2018-11,119.0,14,8.5
8476440,Markus Granlund,C,VAN,2018-12,79.5,14,5.6786
8476440,Markus Granlund,C,VAN,2019-01,41.5,9,4.6111
8476440,Markus Granlund,C,VAN,2019-02,71.5,11,6.5
8476440,Markus Granlund,C,VAN,2019-03,109.5,12,9.125
8476440,Markus Granlund,C,VAN,2019-04,23.0,3,7.6667
8476441,Joel Edmundson,D,STL,2018-10,133.5,8,16.6875
8476441,Joel Edmundson,D,STL,2018-11,218.0,14,15.5714
8476441,Joel Edmundson,D,STL,2018-12,194.5,11,17.6818
8476441,Joel Edmundson,D,STL,2019-01,108.0,9,12.0
8476441,Joel Edmundson,D,STL,2019-02,135.5,14,9.6786
8476441,Joel Edmundson,D,STL,2019-03,71.5,6,11.9167
8476441,Joel Edmundson,D,STL,2019-04,16.0,2,8.0
8476442,Matt Nieto,L,COL,2018-10,78.5,12,6.5417
8476442,Matt Nieto,L,COL,2018-11,82.5,11,7.5
8476442,Matt Nieto,L,COL,2018-12,56.5,14,4.0357
8476442,Matt Nieto,L,COL,2019-01,57.5,10,5.75
8476442,Matt Nieto,L,COL,2019-02,107.0,11,9.7273
8476442,Matt Nieto,L,COL,2019-03,16.0,2,8.0
8476442,Matt Nieto,L,COL,2019-04,18.0,4,4.5
8476443,Xavier Ouellet,D,MTL,2018-10,141.5,11,12.8636
8476443,Xavier Ouellet,D,MTL,2018-11,86.0,8,10.75
8476447,Miikka Salomaki,R,NSH,2018-10,63.5,7,9.0714
8476447,Miikka Salomaki,R,NSH,2018-11,122.0,14,8.7143
8476447,Miikka Salomaki,R,NSH,2018-12,170.5,14,12.1786
8476447,Miikka Salomaki,R,NSH,2019-01,28.5,2,14.25
8476448,William Karlsson,C,VGK,2018-10,163.5,12,13.625
8476448,William Karlsson,C,VGK,2018-11,206.0,15,13.7333
8476448,William Karlsson,C,VGK,2018-12,213.5,15,14.2333
8476448,William Karlsson,C,VGK,2019-01,139.0,10,13.9
8476448,William Karlsson,C,VGK,2019-02,193.5,13,14.8846
8476448,William Karlsson,C,VGK,2019-03,228.0,14,16.2857
8476448,William Karlsson,C,VGK,2019-04,21.5,3,7.1667
8476449,Scott Harrington,D,CBJ,2018-10,46.0,8,5.75
8476449,Scott Harrington,D,CBJ,2018-11,86.0,13,6.6154
8476449,Scott Harrington,D,CBJ,2018-12,138.0,14,9.8571
8476449,Scott Harrington,D,CBJ,2019-01,66.0,9,7.3333
8476449,Scott Harrington,D,CBJ,2019-02,160.5,13,12.3462
8476449,Scott Harrington,D,CBJ,2019-03,163.5,13,12.5769
8476449,Scott Harrington,D,CBJ,2019-04,31.5,3,10.5
8476453,Nikita Kucherov,R,TBL,2018-10,101.0,11,9.1818
8476453,Nikita Kucherov,R,TBL,2018-11,77.0,15,5.1333
8476453,Nikita Kucherov,R,TBL,2018-12,97.0,14,6.9286
8476453,Nikita Kucherov,R,TBL,2019-01,87.0,10,8.7
8476453,Nikita Kucherov,R,TBL,2019-02,143.0,15,9.5333
8476453,Nikita Kucherov,R,TBL,2019-03,114.0,13,8.7692
8476453,Nikita Kucherov,R,TBL,2019-04,32.5,4,8.125
8476454,Ryan Nugent-Hopkins,C,EDM,2018-10,98.0,11,8.9091
8476454,Ryan Nugent-Hopkins,C,EDM,2018-11,190.5,14,13.6071
8476454,Ryan Nugent-Hopkins,C,EDM,2018-12,211.5,14,15.1071
8476454,Ryan Nugent-Hopkins,C,EDM,2019-01,118.5,11,10.7727
8476454,Ryan Nugent-Hopkins,C,EDM,2019-02,261.5,14,18.6786
8476454,Ryan Nugent-Hopkins,C,EDM,2019-03,173.5,14,12.3929
8476454,Ryan Nugent-Hopkins,C,EDM,2019-04,43.5,4,10.875
8476455,Gabriel Landeskog,L,COL,2018-10,221.5,12,18.4583
8476455,Gabriel Landeskog,L,COL,2018-11,237.0,14,16.9286
8476455,Gabriel Landeskog,L,COL,2018-12,199.5,14,14.25
8476455,Gabriel Landeskog,L,COL,2019-01,163.0,10,16.3
8476455,Gabriel Landeskog,L,COL,2019-02,283.0,14,20.2143
8476455,Gabriel Landeskog,L,COL,2019-03,109.5,5,21.9
8476455,Gabriel Landeskog,L,COL,2019-04,48.0,4,12.0
8476456,Jonathan Huberdeau,C,FLA,2018-10,64.0,9,7.1111
8476456,Jonathan Huberdeau,C,FLA,2018-11,137.0,15,9.1333
8476456,Jonathan Huberdeau,C,FLA,2018-12,135.5,14,9.6786
8476456,Jonathan Huberdeau,C,FLA,2019-01,78.0,10,7.8
8476456,Jonathan Huberdeau,C,FLA,2019-02,146.5,15,9.7667
8476456,Jonathan Huberdeau,C,FLA,2019-03,135.0,16,8.4375
8476456,Jonathan Huberdeau,C,FLA,2019-04,47.5,3,15.8333
8476457,Adam Larsson,D,EDM,2018-10,212.5,11,19.3182
8476457,Adam Larsson,D,EDM,2018-11,204.5,14,14.6071
8476457,Adam Larsson,D,EDM,2018-12,241.0,14,17.2143
8476457,Adam Larsson,D,EDM,2019-01,178.5,11,16.2273
8476457,Adam Larsson,D,EDM,2019-02,249.0,14,17.7857
8476457,Adam Larsson,D,EDM,2019-03,254.5,14,18.1786
8476457,Adam Larsson,D,EDM,2019-04,43.0,4,10.75
8476458,Ryan Strome,C,NYR,2018-10,159.5,11,14.5
8476458,Ryan Strome,C,NYR,2018-11,146.0,14,10.4286
8476458,Ryan Strome,C,NYR,2018-12,97.5,12,8.125
8476458,Ryan Strome,C,NYR,2019-01,102.0,12,8.5
8476458,Ryan Strome,C,NYR,2019-02,165.0,13,12.6923
8476458,Ryan Strome,C,NYR,2019-03,155.0,15,10.3333
8476458,Ryan Strome,C,NYR,2019-04,33.0,4,8.25
8476459,Mika Zibanejad,C,NYR,2018-10,274.5,12,22.875
8476459,Mika Zibanejad,C,NYR,2018-11,280.0,14,20.0
8476459,Mika Zibanejad,C,NYR,2018-12,236.0,12,19.6667
8476459,Mika Zibanejad,C,NYR,2019-01,261.0,12,21.75
8476459,Mika Zibanejad,C,NYR,2019-02,306.5,13,23.5769
8476459,Mika Zibanejad,C,NYR,2019-03,300.0,15,20.0
8476459,Mika Zibanejad,C,NYR,2019-04,48.5,4,12.125
8476460,Mark Scheifele,C,WPG,2018-10,194.0,12,16.1667
8476460,Mark Scheifele,C,WPG,2018-11,220.0,12,18.3333
8476460,Mark Scheifele,C,WPG,2018-12,265.5,15,17.7
8476460,Mark Scheifele,C,WPG,2019-01,178.5,12,14.875
8476460,Mark Scheifele,C,WPG,2019-02,156.0,12,13.0
8476460,Mark Scheifele,C,WPG,2019-03,201.5,15,13.4333
8476460,Mark Scheifele,C,WPG,2019-04,86.5,4,21.625
8476461,Sean Couturier,C,PHI,2018-10,159.0,12,13.25
8476461,Sean Couturier,C,PHI,2018-11,208.0,12,17.3333
8476461,Sean Couturier,C,PHI,2018-12,216.5,12,18.0417
8476461,Sean Couturier,C,PHI,2019-01,250.0,13,19.2308
8476461,Sean Couturier,C,PHI,2019-02,271.0,13,20.8462
8476461,Sean Couturier,C,PHI,2019-03,252.0,15,16.8
8476461,Sean Couturier,C,PHI,2019-04,42.0,3,14.0
8476462,Dougie Hamilton,D,CAR,2018-10,132.5,12,11.0417
8476462,Dougie Hamilton,D,CAR,2018-11,173.5,13,13.3462
8476462,Dougie Hamilton,D,CAR,2018-12,164.5,13,12.6538
8476462,Dougie Hamilton,D,CAR,2019-01,89.5,12,7.4583
8476462,Dougie Hamilton,D,CAR,2019-02,142.0,13,10.9231
8476462,Dougie Hamilton,D,CAR,2019-03,243.0,16,15.1875
8476462,Dougie Hamilton,D,CAR,2019-04,51.0,3,17.0
8476463,Jonas Brodin,D,MIN,2018-10,122.5,12,10.2083
8476463,Jonas Brodin,D,MIN,2018-11,124.5,13,9.5769
8476463,Jonas Brodin,D,MIN,2018-12,145.5,13,11.1923
8476463,Jonas Brodin,D,MIN,2019-01,143.5,12,11.9583
8476463,Jonas Brodin,D,MIN,2019-02,110.5,14,7.8929
8476463,Jonas Brodin,D,MIN,2019-03,211.0,15,14.0667
8476463,Jonas Brodin,D,MIN,2019-04,28.0,3,9.3333
8476465,Ryan Murphy,D,NJD,2019-01,16.0,2,8.0
8476465,Ryan Murphy,D,NJD,2019-02,3.0,1,3.0
8476466,Sven Baertschi,L,VAN,2018-10,107.5,10,10.75
8476466,Sven Baertschi,L,VAN,2018-12,9.0,2,4.5
8476466,Sven Baertschi,L,VAN,2019-01,111.0,9,12.3333
8476466,Sven Baertschi,L,VAN,2019-02,3.0,1,3.0
8476466,Sven Baertschi,L,VAN,2019-03,14.0,3,4.6667
8476466,Sven Baertschi,L,VAN,2019-04,3.0,1,3.0
8476467,Jamie Oleksiak,D,DAL,2018-10,123.5,9,13.7222
8476467,Jamie Oleksiak,D,DAL,2018-11,266.0,13,20.4615
8476467,Jamie Oleksiak,D,DAL,2018-12,120.0,10,12.0
8476467,Jamie Oleksiak,D,DAL,2019-01,64.5,5,12.9
8476467,Jamie Oleksiak,D,DAL,2019-02,131.0,13,10.0769
8476467,Jamie Oleksiak,D,DAL,2019-03,45.5,5,9.1
8476467,Jamie Oleksiak,D,DAL,2019-04,21.0,2,10.5
8476468,J.T. Miller,C,TBL,2018-10,139.5,11,12.6818
8476468,J.T. Miller,C,TBL,2018-11,187.5,15,12.5
8476468,J.T. Miller,C,TBL,2018-12,107.0,12,8.9167
8476468,J.T. Miller,C,TBL,2019-01,42.5,6,7.0833
8476468,J.T. Miller,C,TBL,2019-02,190.5,15,12.7
8476468,J.T. Miller,C,TBL,2019-03,152.0,13,11.6923
8476468,J.T. Miller,C,TBL,2019-04,30.5,3,10.1667
8476469,Joel Armia,R,MTL,2018-10,169.5,11,15.4091
8476469,Joel Armia,R,MTL,2018-11,36.0,4,9.0
8476469,Joel Armia,R,MTL,2019-01,116.0,11,10.5455
8476469,Joel Armia,R,MTL,2019-02,130.5,13,10.0385
8476469,Joel Armia,R,MTL,2019-03,171.0,15,11.4
8476469,Joel Armia,R,MTL,2019-04,22.5,3,7.5
8476470,Nathan Beaulieu,D,WPG,2018-10,53.5,8,6.6875
8476470,Nathan Beaulieu,D,WPG,2018-11,110.5,9,12.2778
8476470,Nathan Beaulieu,D,WPG,2018-12,55.5,8,6.9375
8476470,Nathan Beaulieu,D,WPG,2019-01,16.5,2,8.25
8476470,Nathan Beaulieu,D,WPG,2019-02,46.5,4,11.625
8476470,Nathan Beaulieu,D,WPG,2019-03,147.0,13,11.3077
8476470,Nathan Beaulieu,D,WPG,2019-04,18.0,4,4.5
8476472,Oscar Klefbom,D,EDM,2018-10,109.5,11,9.9545
8476472,Oscar Klefbom,D,EDM,2018-11,110.0,14,7.8571
8476472,Oscar Klefbom,D,EDM,2018-12,63.0,6,10.5
8476472,Oscar Klefbom,D,EDM,2019-02,181.0,12,15.0833
8476472,Oscar Klefbom,D,EDM,2019-03,124.0,14,8.8571
8476472,Oscar Klefbom,D,EDM,2019-04,46.0,4,11.5
8476473,Connor Murphy,D,CHI,2018-12,161.0,11,14.6364
8476473,Connor Murphy,D,CHI,2019-01,227.0,10,22.7
8476473,Connor Murphy,D,CHI,2019-02,205.5,13,15.8077
8476473,Connor Murphy,D,CHI,2019-03,234.5,14,16.75
8476473,Connor Murphy,D,CHI,2019-04,67.5,4,16.875
8476474,Stefan Noesen,R,NJD,2018-10,116.5,9,12.9444
8476474,Stefan Noesen,R,NJD,2018-11,98.5,8,12.3125
8476474,Stefan Noesen,R,NJD,2018-12,82.5,6,13.75
8476474,Stefan Noesen,R,NJD,2019-01,81.0,4,20.25
8476474,Stefan Noesen,R,NJD,2019-03,134.5,12,11.2083
8476474,Stefan Noesen,R,NJD,2019-04,18.0,2,9.0
8476476,Joe Morrow,D,WPG,2018-10,57.5,10,5.75
8476476,Joe Morrow,D,WPG,2018-11,32.5,9,3.6111
8476476,Joe Morrow,D,WPG,2018-12,4.5,1,4.5
8476476,Joe Morrow,D,WPG,2019-01,99.0,12,8.25
8476476,Joe Morrow,D,WPG,2019-02,52.0,7,7.4286
8476476,Joe Morrow,D,WPG,2019-03,34.0,2,17.0
8476477,Matt Puempel,L,DET,2019-03,24.0,5,4.8
8476477,Matt Puempel,L,DET,2019-04,22.0,3,7.3333
8476479,Phillip Danault,L,MTL,2018-10,187.0,11,17.0
8476479,Phillip Danault,L,MTL,2018-11,274.5,14,19.6071
8476479,Phillip Danault,L,MTL,2018-12,263.5,15,17.5667
8476479,Phillip Danault,L,MTL,2019-01,243.0,11,22.0909
8476479,Phillip Danault,L,MTL,2019-02,212.5,12,17.7083
8476479,Phillip Danault,L,MTL,2019-03,290.0,15,19.3333
8476479,Phillip Danault,L,MTL,2019-04,69.5,3,23.1667
8476480,Vladislav Namestnikov,C,NYR,2018-10,111.5,11,10.1364
8476480,Vladislav Namestnikov,C,NYR,2018-11,179.5,13,13.8077
8476480,Vladislav Namestnikov,C,NYR,2018-12,130.0,10,13.0
8476480,Vladislav Namestnikov,C,NYR,2019-01,121.0,12,10.0833
8476480,Vladislav Namestnikov,C,NYR,2019-02,230.0,13,17.6923
8476480,Vladislav Namestnikov,C,NYR,2019-03,147.0,15,9.8
8476480,Vladislav Namestnikov,C,NYR,2019-04,81.5,4,20.375
8476483,Rickard Rakell,R,ANA,2018-10,199.0,13,15.3077
8476483,Rickard Rakell,R,ANA,2018-11,167.5,15,11.1667
8476483,Rickard Rakell,R,ANA,2018-12,29.5,2,14.75
8476483,Rickard Rakell,R,ANA,2019-01,41.5,8,5.1875
8476483,Rickard Rakell,R,ANA,2019-02,132.5,13,10.1923
8476483,Rickard Rakell,R,ANA,2019-03,184.5,16,11.5312
8476483,Rickard Rakell,R,ANA,2019-04,12.0,2,6.0
8476509,Maxime Lagace,G,VGK,2019-02,-5.0,0,0.0
8476525,Colin Miller,D,VGK,2018-10,154.0,12,12.8333
8476525,Colin Miller,D,VGK,2018-11,191.5,15,12.7667
8476525,Colin Miller,D,VGK,2018-12,102.0,9,11.3333
8476525,Colin Miller,D,VGK,2019-01,37.0,3,12.3333
8476525,Colin Miller,D,VGK,2019-02,147.5,11,13.4091
8476525,Colin Miller,D,VGK,2019-03,150.5,12,12.5417
8476525,Colin Miller,D,VGK,2019-04,44.0,3,14.6667
8476539,Jonathan Marchessault,C,VGK,2018-10,107.0,12,8.9167
8476539,Jonathan Marchessault,C,VGK,2018-11,179.0,15,11.9333
8476539,Jonathan Marchessault,C,VGK,2018-12,124.0,15,8.2667
8476539,Jonathan Marchessault,C,VGK,2019-01,118.5,10,11.85
8476539,Jonathan Marchessault,C,VGK,2019-02,134.0,13,10.3077
8476539,Jonathan Marchessault,C,VGK,2019-03,138.0,14,9.8571
8476539,Jonathan Marchessault,C,VGK,2019-04,24.0,3,8.0
8476545,Kurtis Gabriel,R,NJD,2018-11,3.0,1,3.0
8476545,Kurtis Gabriel,R,NJD,2019-02,218.0,12,18.1667
8476545,Kurtis Gabriel,R,NJD,2019-03,145.5,9,16.1667
8476617,Tomas Hyka,R,VGK,2018-10,50.0,7,7.1429
8476617,Tomas Hyka,R,VGK,2018-11,40.0,10,4.0
8476624,Barclay Goodrow,C,SJS,2018-10,94.0,12,7.8333
8476624,Barclay Goodrow,C,SJS,2018-11,166.5,14,11.8929
8476624,Barclay Goodrow,C,SJS,2018-12,184.5,15,12.3
8476624,Barclay Goodrow,C,SJS,2019-01,173.5,11,15.7727
8476624,Barclay Goodrow,C,SJS,2019-02,217.0,12,18.0833
8476624,Barclay Goodrow,C,SJS,2019-03,211.5,15,14.1
8476624,Barclay Goodrow,C,SJS,2019-04,48.5,3,16.1667
8476779,Brad Hunt,D,MIN,2018-10,13.5,3,4.5
8476779,Brad Hunt,D,MIN,2018-11,40.0,6,6.6667
8476779,Brad Hunt,D,MIN,2018-12,34.0,3,11.3333
8476779,Brad Hunt,D,MIN,2019-01,16.5,2,8.25
8476779,Brad Hunt,D,MIN,2019-02,40.0,10,4.0
8476779,Brad Hunt,D,MIN,2019-03,106.5,15,7.1
8476779,Brad Hunt,D,MIN,2019-04,29.5,3,9.8333
8476792,Torey Krug,D,BOS,2018-10,10.0,1,10.0
8476792,Torey Krug,D,BOS,2018-11,130.0,13,10.0
8476792,Torey Krug,D,BOS,2018-12,133.0,14,9.5
8476792,Torey Krug,D,BOS,2019-01,54.0,12,4.5
8476792,Torey Krug,D,BOS,2019-02,111.5,13,8.5769
8476792,Torey Krug,D,BOS,2019-03,68.0,9,7.5556
8476792,Torey Krug,D,BOS,2019-04,18.0,2,9.0
8476799,Cameron Schilling,D,WPG,2018-11,6.0,1,6.0
8476799,Cameron Schilling,D,WPG,2018-12,28.5,3,9.5
8476806,JT Brown,R,MIN,2018-10,70.0,9,7.7778
8476806,JT Brown,R,MIN,2018-11,106.5,13,8.1923
8476806,JT Brown,R,MIN,2018-12,106.5,7,15.2143
8476806,JT Brown,R,MIN,2019-01,34.0,5,6.8
8476806,JT Brown,R,MIN,2019-02,24.5,5,4.9
8476806,JT Brown,R,MIN,2019-03,137.0,15,9.1333
8476806,JT Brown,R,MIN,2019-04,19.0,2,9.5
8476807,Matt Tennyson,D,BUF,2018-12,41.5,4,10.375
8476822,Luke Glendening,C,DET,2018-10,228.0,12,19.0
8476822,Luke Glendening,C,DET,2018-11,336.5,13,25.8846
8476822,Luke Glendening,C,DET,2018-12,366.5,16,22.9062
8476822,Luke Glendening,C,DET,2019-01,237.0,10,23.7
8476822,Luke Glendening,C,DET,2019-02,277.0,13,21.3077
8476822,Luke Glendening,C,DET,2019-03,391.0,14,27.9286
8476826,Yanni Gourde,C,TBL,2018-10,147.0,11,13.3636
8476826,Yanni Gourde,C,TBL,2018-11,154.5,15,10.3
8476826,Yanni Gourde,C,TBL,2018-12,160.5,14,11.4643
8476826,Yanni Gourde,C,TBL,2019-01,78.0,10,7.8
8476826,Yanni Gourde,C,TBL,2019-02,199.5,15,13.3
8476826,Yanni Gourde,C,TBL,2019-03,87.5,11,7.9545
8476826,Yanni Gourde,C,TBL,2019-04,46.0,4,11.5
8476850,Ryan Murray,D,CBJ,2018-10,83.0,11,7.5455
8476850,Ryan Murray,D,CBJ,2018-11,102.5,14,7.3214
8476850,Ryan Murray,D,CBJ,2018-12,146.5,14,10.4643
8476850,Ryan Murray,D,CBJ,2019-01,100.0,10,10.0
8476850,Ryan Murray,D,CBJ,2019-02,61.0,7,8.7143
8476851,Alex Galchenyuk,C,ARI,2018-10,30.0,4,7.5
8476851,Alex Galchenyuk,C,ARI,2018-11,126.0,13,9.6923
8476851,Alex Galchenyuk,C,ARI,2018-12,103.5,12,8.625
8476851,Alex Galchenyuk,C,ARI,2019-01,92.5,11,8.4091
8476851,Alex Galchenyuk,C,ARI,2019-02,174.0,14,12.4286
8476851,Alex Galchenyuk,C,ARI,2019-03,159.5,15,10.6333
8476851,Alex Galchenyuk,C,ARI,2019-04,29.5,3,9.8333
8476853,Morgan Rielly,D,TOR,2018-10,122.5,12,10.2083
8476853,Morgan Rielly,D,TOR,2018-11,116.5,14,8.3214
8476853,Morgan Rielly,D,TOR,2018-12,142.0,13,10.9231
8476853,Morgan Rielly,D,TOR,2019-01,67.0,10,6.7
8476853,Morgan Rielly,D,TOR,2019-02,140.0,15,9.3333
8476853,Morgan Rielly,D,TOR,2019-03,122.5,14,8.75
8476853,Morgan Rielly,D,TOR,2019-04,22.5,4,5.625
8476854,Hampus Lindholm,D,ANA,2018-10,198.0,13,15.2308
8476854,Hampus Lindholm,D,ANA,2018-11,103.0,9,11.4444
8476854,Hampus Lindholm,D,ANA,2018-12,162.5,13,12.5
8476854,Hampus Lindholm,D,ANA,2019-01,102.5,10,10.25
8476854,Hampus Lindholm,D,ANA,2019-02,117.5,13,9.0385
8476854,Hampus Lindholm,D,ANA,2019-03,152.5,16,9.5312
8476854,Hampus Lindholm,D,ANA,2019-04,6.0,2,3.0
8476856,Mathew Dumba,D,MIN,2018-10,156.5,12,13.0417
8476856,Mathew Dumba,D,MIN,2018-11,179.5,13,13.8077
8476856,Mathew Dumba,D,MIN,2018-12,85.5,7,12.2143
8476857,Pontus Aberg,L,MIN,2018-10,87.5,7,12.5
8476857,Pontus Aberg,L,MIN,2018-11,87.5,15,5.8333
8476857,Pontus Aberg,L,MIN,2018-12,88.0,13,6.7692
8476857,Pontus Aberg,L,MIN,2019-01,40.0,6,6.6667
8476857,Pontus Aberg,L,MIN,2019-02,7.0,6,1.1667
8476857,Pontus Aberg,L,MIN,2019-03,38.0,12,3.1667
8476858,Phillip Di Giuseppe,L,NSH,2018-10,19.5,2,9.75
8476858,Phillip Di Giuseppe,L,NSH,2018-11,114.5,10,11.45
8476858,Phillip Di Giuseppe,L,NSH,2018-12,88.5,9,9.8333
8476858,Phillip Di Giuseppe,L,NSH,2019-01,28.5,3,9.5
8476867,Brendan Gaunce,C,VAN,2018-10,8.0,1,8.0
8476867,Brendan Gaunce,C,VAN,2018-11,5.0,2,2.5
8476869,Brady Skjei,D,NYR,2018-10,211.0,12,17.5833
8476869,Brady Skjei,D,NYR,2018-11,171.5,12,14.2917
8476869,Brady Skjei,D,NYR,2018-12,189.5,11,17.2273
8476869,Brady Skjei,D,NYR,2019-01,171.5,12,14.2917
8476869,Brady Skjei,D,NYR,2019-02,153.0,12,12.75
8476869,Brady Skjei,D,NYR,2019-03,240.0,15,16.0
8476869,Brady Skjei,D,NYR,2019-04,58.0,4,14.5
8476871,Tanner Pearson,L,VAN,2018-10,89.5,11,8.1364
8476871,Tanner Pearson,L,VAN,2018-11,146.5,14,10.4643
8476871,Tanner Pearson,L,VAN,2018-12,145.0,15,9.6667
8476871,Tanner Pearson,L,VAN,2019-01,129.0,11,11.7273
8476871,Tanner Pearson,L,VAN,2019-02,140.0,12,11.6667
8476871,Tanner Pearson,L,VAN,2019-03,145.0,14,10.3571
8476871,Tanner Pearson,L,VAN,2019-04,36.5,3,12.1667
8476872,Scott Laughton,L,PHI,2018-10,149.0,12,12.4167
8476872,Scott Laughton,L,PHI,2018-11,156.0,12,13.0
8476872,Scott Laughton,L,PHI,2018-12,162.0,14,11.5714
8476872,Scott Laughton,L,PHI,2019-01,215.0,13,16.5385
8476872,Scott Laughton,L,PHI,2019-02,185.5,13,14.2692
8476872,Scott Laughton,L,PHI,2019-03,258.5,15,17.2333
8476872,Scott Laughton,L,PHI,2019-04,44.0,3,14.6667
8476873,Mark Jankowski,C,CGY,2018-10,83.0,10,8.3
8476873,Mark Jankowski,C,CGY,2018-11,139.5,13,10.7308
8476873,Mark Jankowski,C,CGY,2018-12,153.0,14,10.9286
8476873,Mark Jankowski,C,CGY,2019-01,129.5,11,11.7727
8476873,Mark Jankowski,C,CGY,2019-02,154.5,13,11.8846
8476873,Mark Jankowski,C,CGY,2019-03,158.5,15,10.5667
8476873,Mark Jankowski,C,CGY,2019-04,24.0,3,8.0
8476874,Olli Määttä,D,PIT,2018-10,137.5,9,15.2778
8476874,Olli Määttä,D,PIT,2018-11,220.0,14,15.7143
8476874,Olli Määttä,D,PIT,2018-12,283.5,15,18.9
8476874,Olli Määttä,D,PIT,2019-01,178.0,11,16.1818
8476874,Olli Määttä,D,PIT,2019-02,69.0,6,11.5
8476874,Olli Määttä,D,PIT,2019-03,30.0,2,15.0
8476874,Olli Määttä,D,PIT,2019-04,19.5,3,6.5
8476875,Mike Matheson,D,FLA,2018-10,50.5,7,7.2143
8476875,Mike Matheson,D,FLA,2018-11,129.5,15,8.6333
8476875,Mike Matheson,D,FLA,2018-12,114.5,14,8.1786
8476875,Mike Matheson,D,FLA,2019-01,122.5,10,12.25
8476875,Mike Matheson,D,FLA,2019-02,118.5,11,10.7727
8476875,Mike Matheson,D,FLA,2019-03,226.5,15,15.1
8476875,Mike Matheson,D,FLA,2019-04,20.0,3,6.6667
8476876,Malcolm Subban,G,VGK,2018-10,-2.5,0,0.0
8476876,Malcolm Subban,G,VGK,2018-11,-5.0,0,0.0
8476876,Malcolm Subban,G,VGK,2018-12,-2.5,0,0.0
8476876,Malcolm Subban,G,VGK,2019-01,5.5,0,0.0
8476876,Malcolm Subban,G,VGK,2019-02,-2.5,0,0.0
8476876,Malcolm Subban,G,VGK,2019-03,-5.0,0,0.0
8476877,Jordan Schmaltz,D,STL,2018-10,66.5,8,8.3125
8476877,Jordan Schmaltz,D,STL,2018-11,49.5,9,5.5
8476877,Jordan Schmaltz,D,STL,2018-12,15.5,3,5.1667
8476878,Zemgus Girgensons,C,BUF,2018-10,128.5,12,10.7083
8476878,Zemgus Girgensons,C,BUF,2018-11,147.0,13,11.3077
8476878,Zemgus Girgensons,C,BUF,2018-12,109.5,10,10.95
8476878,Zemgus Girgensons,C,BUF,2019-01,98.0,8,12.25
8476878,Zemgus Girgensons,C,BUF,2019-02,152.5,13,11.7308
8476878,Zemgus Girgensons,C,BUF,2019-03,177.0,14,12.6429
8476878,Zemgus Girgensons,C,BUF,2019-04,32.5,2,16.25
8476879,Cody Ceci,D,OTT,2018-10,121.5,7,17.3571
8476879,Cody Ceci,D,OTT,2018-11,190.0,15,12.6667
8476879,Cody Ceci,D,OTT,2018-12,150.0,14,10.7143
8476879,Cody Ceci,D,OTT,2019-01,170.0,10,17.0
8476879,Cody Ceci,D,OTT,2019-02,174.5,13,13.4231
8476879,Cody Ceci,D,OTT,2019-03,145.5,11,13.2273
8476879,Cody Ceci,D,OTT,2019-04,55.0,4,13.75
8476880,Tom Wilson,R,WSH,2018-11,139.5,9,15.5
8476880,Tom Wilson,R,WSH,2018-12,196.0,10,19.6
8476880,Tom Wilson,R,WSH,2019-01,268.5,12,22.375
8476880,Tom Wilson,R,WSH,2019-02,237.0,14,16.9286
8476880,Tom Wilson,R,WSH,2019-03,284.5,15,18.9667
8476880,Tom Wilson,R,WSH,2019-04,62.0,3,20.6667
8476881,Tomas Hertl,C,SJS,2018-10,189.0,12,15.75
8476881,Tomas Hertl,C,SJS,2018-11,149.5,9,16.6111
8476881,Tomas Hertl,C,SJS,2018-12,218.0,15,14.5333
8476881,Tomas Hertl,C,SJS,2019-01,200.0,11,18.1818
8476881,Tomas Hertl,C,SJS,2019-02,252.5,12,21.0417
8476881,Tomas Hertl,C,SJS,2019-03,267.0,15,17.8
8476881,Tomas Hertl,C,SJS,2019-04,35.0,3,11.6667
8476882,Teuvo Teravainen,L,CAR,2018-10,50.0,12,4.1667
8476882,Teuvo Teravainen,L,CAR,2018-11,68.0,13,5.2308
8476882,Teuvo Teravainen,L,CAR,2018-12,82.0,13,6.3077
8476882,Teuvo Teravainen,L,CAR,2019-01,38.0,12,3.1667
8476882,Teuvo Teravainen,L,CAR,2019-02,92.5,13,7.1154
8476882,Teuvo Teravainen,L,CAR,2019-03,82.5,16,5.1562
8476882,Teuvo Teravainen,L,CAR,2019-04,9.0,3,3.0
8476883,Andrei Vasilevskiy,G,TBL,2018-10,-5.0,0,0.0
8476883,Andrei Vasilevskiy,G,TBL,2018-11,-5.0,0,0.0
8476883,Andrei Vasilevskiy,G,TBL,2018-12,-7.0,0,0.0
8476883,Andrei Vasilevskiy,G,TBL,2019-01,6.0,0,0.0
8476883,Andrei Vasilevskiy,G,TBL,2019-02,0.5,0,0.0
8476883,Andrei Vasilevskiy,G,TBL,2019-03,-15.0,0,0.0
8476884,Derrick Pouliot,D,VAN,2018-10,174.0,14,12.4286
8476884,Derrick Pouliot,D,VAN,2018-11,136.0,11,12.3636
8476884,Derrick Pouliot,D,VAN,2018-12,147.0,12,12.25
8476884,Derrick Pouliot,D,VAN,2019-01,52.5,8,6.5625
8476884,Derrick Pouliot,D,VAN,2019-02,78.0,13,6.0
8476884,Derrick Pouliot,D,VAN,2019-03,22.0,4,5.5
8476885,Jacob Trouba,D,WPG,2018-10,163.5,12,13.625
8476885,Jacob Trouba,D,WPG,2018-11,139.0,12,11.5833
8476885,Jacob Trouba,D,WPG,2018-12,164.0,15,10.9333
8476885,Jacob Trouba,D,WPG,2019-01,175.5,12,14.625
8476885,Jacob Trouba,D,WPG,2019-02,140.5,12,11.7083
8476885,Jacob Trouba,D,WPG,2019-03,217.5,15,14.5
8476885,Jacob Trouba,D,WPG,2019-04,51.5,4,12.875
8476886,Slater Koekkoek,D,CHI,2018-10,33.0,2,16.5
8476886,Slater Koekkoek,D,CHI,2018-11,68.5,7,9.7857
8476886,Slater Koekkoek,D,CHI,2019-01,51.5,3,17.1667
8476886,Slater Koekkoek,D,CHI,2019-02,148.5,10,14.85
8476886,Slater Koekkoek,D,CHI,2019-03,108.5,7,15.5
8476886,Slater Koekkoek,D,CHI,2019-04,35.5,2,17.75
8476887,Filip Forsberg,L,NSH,2018-10,125.0,12,10.4167
8476887,Filip Forsberg,L,NSH,2018-11,117.5,14,8.3929
8476887,Filip Forsberg,L,NSH,2019-01,158.0,9,17.5556
8476887,Filip Forsberg,L,NSH,2019-02,191.5,14,13.6786
8476887,Filip Forsberg,L,NSH,2019-03,206.0,12,17.1667
8476887,Filip Forsberg,L,NSH,2019-04,21.5,3,7.1667
8476889,Radek Faksa,C,DAL,2018-10,191.0,11,17.3636
8476889,Radek Faksa,C,DAL,2018-11,250.0,15,16.6667
8476889,Radek Faksa,C,DAL,2018-12,268.0,14,19.1429
8476889,Radek Faksa,C,DAL,2019-01,175.0,10,17.5
8476889,Radek Faksa,C,DAL,2019-02,266.5,14,19.0357
8476889,Radek Faksa,C,DAL,2019-03,295.5,14,21.1071
8476889,Radek Faksa,C,DAL,2019-04,46.5,3,15.5
8476891,Matt Grzelcyk,D,BOS,2018-10,76.5,11,6.9545
8476891,Matt Grzelcyk,D,BOS,2018-11,137.0,12,11.4167
8476891,Matt Grzelcyk,D,BOS,2018-12,131.0,14,9.3571
8476891,Matt Grzelcyk,D,BOS,2019-01,68.0,10,6.8
8476891,Matt Grzelcyk,D,BOS,2019-02,58.0,9,6.4444
8476891,Matt Grzelcyk,D,BOS,2019-03,47.5,7,6.7857
8476891,Matt Grzelcyk,D,BOS,2019-04,26.0,3,8.6667
8476892,Colton Parayko,D,STL,2018-10,152.0,10,15.2
8476892,Colton Parayko,D,STL,2018-11,190.5,14,13.6071
8476892,Colton Parayko,D,STL,2018-12,133.0,13,10.2308
8476892,Colton Parayko,D,STL,2019-01,187.0,12,15.5833
8476892,Colton Parayko,D,STL,2019-02,250.0,14,17.8571
8476892,Colton Parayko,D,STL,2019-03,247.5,15,16.5
8476892,Colton Parayko,D,STL,2019-04,38.0,2,19.0
8476894,Brendan Leipsic,L,LAK,2018-10,43.0,6,7.1667
8476894,Brendan Leipsic,L,LAK,2018-11,62.0,11,5.6364
8476894,Brendan Leipsic,L,LAK,2018-12,92.5,13,7.1154
8476894,Brendan Leipsic,L,LAK,2019-01,92.5,10,9.25
8476894,Brendan Leipsic,L,LAK,2019-02,131.5,14,9.3929
8476894,Brendan Leipsic,L,LAK,2019-03,80.0,8,10.0
8476897,Oskar Sundqvist,C,STL,2018-10,31.5,2,15.75
8476897,Oskar Sundqvist,C,STL,2018-11,150.5,14,10.75
8476897,Oskar Sundqvist,C,STL,2018-12,113.5,13,8.7308
8476897,Oskar Sundqvist,C,STL,2019-01,189.0,12,15.75
8476897,Oskar Sundqvist,C,STL,2019-02,169.5,14,12.1071
8476897,Oskar Sundqvist,C,STL,2019-03,275.0,15,18.3333
8476897,Oskar Sundqvist,C,STL,2019-04,45.5,4,11.375
8476899,Matt Murray,G,PIT,2018-10,-7.5,0,0.0
8476899,Matt Murray,G,PIT,2018-11,-2.5,0,0.0
8476899,Matt Murray,G,PIT,2018-12,-5.0,0,0.0
8476899,Matt Murray,G,PIT,2019-01,-2.5,0,0.0
8476899,Matt Murray,G,PIT,2019-02,-2.5,0,0.0
8476899,Matt Murray,G,PIT,2019-03,-5.0,0,0.0
8476899,Matt Murray,G,PIT,2019-04,-2.5,0,0.0
8476902,Esa Lindell,D,DAL,2018-10,153.5,11,13.9545
8476902,Esa Lindell,D,DAL,2018-11,205.5,15,13.7
8476902,Esa Lindell,D,DAL,2018-12,190.5,14,13.6071
8476902,Esa Lindell,D,DAL,2019-01,171.0,10,17.1
8476902,Esa Lindell,D,DAL,2019-02,222.0,14,15.8571
8476902,Esa Lindell,D,DAL,2019-03,213.0,15,14.2
8476902,Esa Lindell,D,DAL,2019-04,39.0,3,13.0
8476905,Chandler Stephenson,C,WSH,2018-10,89.5,10,8.95
8476905,Chandler Stephenson,C,WSH,2018-11,86.0,15,5.7333
8476905,Chandler Stephenson,C,WSH,2018-12,80.0,11,7.2727
8476905,Chandler Stephenson,C,WSH,2019-01,65.5,10,6.55
8476905,Chandler Stephenson,C,WSH,2019-02,66.5,9,7.3889
8476905,Chandler Stephenson,C,WSH,2019-03,35.5,7,5.0714
8476905,Chandler Stephenson,C,WSH,2019-04,20.5,2,10.25
8476906,Shayne Gostisbehere,D,PHI,2018-10,140.0,12,11.6667
8476906,Shayne Gostisbehere,D,PHI,2018-11,70.0,12,5.8333
8476906,Shayne Gostisbehere,D,PHI,2018-12,98.0,14,7.0
8476906,Shayne Gostisbehere,D,PHI,2019-01,90.5,10,9.05
8476906,Shayne Gostisbehere,D,PHI,2019-02,75.0,13,5.7692
8476906,Shayne Gostisbehere,D,PHI,2019-03,120.0,14,8.5714
8476906,Shayne Gostisbehere,D,PHI,2019-04,17.0,3,5.6667
8476907,Mackenzie MacEachern,L,STL,2019-01,72.0,6,12.0
8476907,Mackenzie MacEachern,L,STL,2019-02,134.0,14,9.5714
8476907,Mackenzie MacEachern,L,STL,2019-03,88.0,9,9.7778
8476913,Devin Shore,C,ANA,2018-10,81.0,11,7.3636
8476913,Devin Shore,C,ANA,2018-11,108.0,11,9.8182
8476913,Devin Shore,C,ANA,2018-12,111.5,14,7.9643
8476913,Devin Shore,C,ANA,2019-01,153.0,11,13.9091
8476913,Devin Shore,C,ANA,2019-02,135.0,13,10.3846
8476913,Devin Shore,C,ANA,2019-03,191.0,14,13.6429
8476913,Devin Shore,C,ANA,2019-04,5.0,2,2.5
8476914,Joonas Korpisalo,G,CBJ,2018-12,-2.5,0,0.0
8476914,Joonas Korpisalo,G,CBJ,2019-01,5.5,0,0.0
8476914,Joonas Korpisalo,G,CBJ,2019-02,-2.5,0,0.0
8476914,Joonas Korpisalo,G,CBJ,2019-04,-2.5,0,0.0
8476915,Jujhar Khaira,L,EDM,2018-10,94.0,10,9.4
8476915,Jujhar Khaira,L,EDM,2018-11,133.0,13,10.2308
8476915,Jujhar Khaira,L,EDM,2018-12,202.0,12,16.8333
8476915,Jujhar Khaira,L,EDM,2019-01,141.0,11,12.8182
8476915,Jujhar Khaira,L,EDM,2019-02,79.0,7,11.2857
8476915,Jujhar Khaira,L,EDM,2019-03,77.5,7,11.0714
8476917,Adam Pelech,D,NYI,2018-10,131.0,10,13.1
8476917,Adam Pelech,D,NYI,2018-11,171.5,11,15.5909
8476917,Adam Pelech,D,NYI,2018-12,207.5,14,14.8214
8476917,Adam Pelech,D,NYI,2019-01,137.5,10,13.75
8476917,Adam Pelech,D,NYI,2019-02,199.0,14,14.2143
8476917,Adam Pelech,D,NYI,2019-03,246.5,16,15.4062
8476917,Adam Pelech,D,NYI,2019-04,39.0,3,13.0
8476918,Jimmy Vesey,L,NYR,2018-10,119.5,12,9.9583
8476918,Jimmy Vesey,L,NYR,2018-11,91.0,14,6.5
8476918,Jimmy Vesey,L,NYR,2018-12,110.5,12,9.2083
8476918,Jimmy Vesey,L,NYR,2019-01,93.5,11,8.5
8476918,Jimmy Vesey,L,NYR,2019-02,158.5,13,12.1923
8476918,Jimmy Vesey,L,NYR,2019-03,93.0,15,6.2
8476918,Jimmy Vesey,L,NYR,2019-04,30.0,4,7.5
8476919,Chris Tierney,C,OTT,2018-10,140.0,11,12.7273
8476919,Chris Tierney,C,OTT,2018-11,214.0,15,14.2667
8476919,Chris Tierney,C,OTT,2018-12,188.0,14,13.4286
8476919,Chris Tierney,C,OTT,2019-01,125.0,10,12.5
8476919,Chris Tierney,C,OTT,2019-02,120.0,14,8.5714
8476919,Chris Tierney,C,OTT,2019-03,115.5,13,8.8846
8476919,Chris Tierney,C,OTT,2019-04,24.5,4,6.125
8476921,Jordan Martinook,L,CAR,2018-10,200.0,12,16.6667
8476921,Jordan Martinook,L,CAR,2018-11,184.0,13,14.1538
8476921,Jordan Martinook,L,CAR,2018-12,218.5,13,16.8077
8476921,Jordan Martinook,L,CAR,2019-01,208.0,12,17.3333
8476921,Jordan Martinook,L,CAR,2019-02,235.5,13,18.1154
8476921,Jordan Martinook,L,CAR,2019-03,257.0,16,16.0625
8476921,Jordan Martinook,L,CAR,2019-04,31.5,3,10.5
8476922,Boo Nieves,C,NYR,2018-12,76.5,6,12.75
8476922,Boo Nieves,C,NYR,2019-01,117.5,12,9.7917
8476922,Boo Nieves,C,NYR,2019-02,130.5,12,10.875
8476922,Boo Nieves,C,NYR,2019-03,61.0,10,6.1
8476922,Boo Nieves,C,NYR,2019-04,0.5,3,0.1667
8476923,Damon Severson,D,NJD,2018-10,110.0,9,12.2222
8476923,Damon Severson,D,NJD,2018-11,143.5,15,9.5667
8476923,Damon Severson,D,NJD,2018-12,92.5,14,6.6071
8476923,Damon Severson,D,NJD,2019-01,100.5,12,8.375
8476923,Damon Severson,D,NJD,2019-02,134.5,14,9.6071
8476923,Damon Severson,D,NJD,2019-03,129.0,15,8.6
8476923,Damon Severson,D,NJD,2019-04,36.0,3,12.0
8476924,Martin Frk,R,DET,2018-10,29.5,3,9.8333
8476924,Martin Frk,R,DET,2018-11,15.5,10,1.55
8476924,Martin Frk,R,DET,2018-12,63.0,10,6.3
8476924,Martin Frk,R,DET,2019-02,4.5,2,2.25
8476924,Martin Frk,R,DET,2019-03,2.5,2,1.25
8476924,Martin Frk,R,DET,2019-04,21.5,3,7.1667
8476925,Colton Sissons,C,NSH,2018-10,175.5,12,14.625
8476925,Colton Sissons,C,NSH,2018-11,227.5,14,16.25
8476925,Colton Sissons,C,NSH,2018-12,148.5,9,16.5
8476925,Colton Sissons,C,NSH,2019-01,171.5,10,17.15
8476925,Colton Sissons,C,NSH,2019-02,172.0,14,12.2857
8476925,Colton Sissons,C,NSH,2019-03,232.5,13,17.8846
8476925,Colton Sissons,C,NSH,2019-04,42.0,3,14.0
8476927,Teddy Blueger,C,PIT,2019-01,27.5,1,27.5
8476927,Teddy Blueger,C,PIT,2019-02,113.0,8,14.125
8476927,Teddy Blueger,C,PIT,2019-03,189.0,16,11.8125
8476927,Teddy Blueger,C,PIT,2019-04,17.5,3,5.8333
8476931,Jake McCabe,D,BUF,2018-10,179.5,11,16.3182
8476931,Jake McCabe,D,BUF,2018-11,228.5,14,16.3214
8476931,Jake McCabe,D,BUF,2018-12,66.5,5,13.3
8476931,Jake McCabe,D,BUF,2019-01,140.0,10,14.0
8476931,Jake McCabe,D,BUF,2019-02,173.0,13,13.3077
8476931,Jake McCabe,D,BUF,2019-03,35.5,3,11.8333
8476931,Jake McCabe,D,BUF,2019-04,40.5,3,13.5
8476932,Anthony Stolarz,G,EDM,2018-11,-2.5,0,0.0
8476932,Anthony Stolarz,G,EDM,2018-12,-7.5,0,0.0
8476932,Anthony Stolarz,G,EDM,2019-01,-2.5,0,0.0
8476932,Anthony Stolarz,G,EDM,2019-02,-2.5,0,0.0
8476932,Anthony Stolarz,G,EDM,2019-03,-2.5,0,0.0
8476934,Brock McGinn,L,CAR,2018-10,153.5,12,12.7917
8476934,Brock McGinn,L,CAR,2018-11,166.5,13,12.8077
8476934,Brock McGinn,L,CAR,2018-12,143.5,13,11.0385
8476934,Brock McGinn,L,CAR,2019-01,127.0,12,10.5833
8476934,Brock McGinn,L,CAR,2019-02,152.0,13,11.6923
8476934,Brock McGinn,L,CAR,2019-03,154.0,16,9.625
8476934,Brock McGinn,L,CAR,2019-04,21.0,3,7.0
8476941,Connor Carrick,D,NJD,2018-10,57.5,9,6.3889
8476941,Connor Carrick,D,NJD,2018-12,2.0,1,2.0
8476941,Connor Carrick,D,NJD,2019-01,17.5,3,5.8333
8476941,Connor Carrick,D,NJD,2019-02,24.5,3,8.1667
8476941,Connor Carrick,D,NJD,2019-03,168.5,15,11.2333
8476941,Connor Carrick,D,NJD,2019-04,39.5,3,13.1667
8476945,Connor Hellebuyck,G,WPG,2018-10,-9.0,0,0.0
8476945,Connor Hellebuyck,G,WPG,2018-11,-22.5,0,0.0
8476945,Connor Hellebuyck,G,WPG,2018-12,-25.0,0,0.0
8476945,Connor Hellebuyck,G,WPG,2019-01,-10.0,0,0.0
8476945,Connor Hellebuyck,G,WPG,2019-02,-2.0,0,0.0
8476945,Connor Hellebuyck,G,WPG,2019-03,-9.5,0,0.0
8476945,Connor Hellebuyck,G,WPG,2019-04,-5.0,0,0.0
8476948,Charles Hudon,L,MTL,2018-10,84.5,8,10.5625
8476948,Charles Hudon,L,MTL,2018-11,132.0,13,10.1538
8476948,Charles Hudon,L,MTL,2018-12,6.5,2,3.25
8476948,Charles Hudon,L,MTL,2019-01,28.5,3,9.5
8476948,Charles Hudon,L,MTL,2019-02,72.5,6,12.0833
8476952,Dominic Toninato,C,COL,2019-02,16.0,2,8.0
8476953,Trevor Carrick,D,CAR,2018-11,15.0,1,15.0
8476958,Jaccob Slavin,D,CAR,2018-10,153.5,12,12.7917
8476958,Jaccob Slavin,D,CAR,2018-11,179.5,13,13.8077
8476958,Jaccob Slavin,D,CAR,2018-12,154.5,13,11.8846
8476958,Jaccob Slavin,D,CAR,2019-01,137.5,12,11.4583
8476958,Jaccob Slavin,D,CAR,2019-02,184.5,13,14.1923
8476958,Jaccob Slavin,D,CAR,2019-03,202.0,16,12.625
8476958,Jaccob Slavin,D,CAR,2019-04,36.0,3,12.0
8476960,Andreas Athanasiou,C,DET,2018-10,98.0,11,8.9091
8476960,Andreas Athanasiou,C,DET,2018-11,94.5,10,9.45
8476960,Andreas Athanasiou,C,DET,2018-12,91.0,14,6.5
8476960,Andreas Athanasiou,C,DET,2019-01,52.0,10,5.2
8476960,Andreas Athanasiou,C,DET,2019-02,122.0,13,9.3846
8476960,Andreas Athanasiou,C,DET,2019-03,206.5,15,13.7667
8476960,Andreas Athanasiou,C,DET,2019-04,30.5,3,10.1667
8476966,Gemel Smith,C,BOS,2018-10,27.5,4,6.875
8476966,Gemel Smith,C,BOS,2018-11,54.0,9,6.0
8476966,Gemel Smith,C,BOS,2018-12,26.0,4,6.5
8476967,Brett Kulak,D,MTL,2018-11,32.5,3,10.8333
8476967,Brett Kulak,D,MTL,2018-12,146.5,13,11.2692
8476967,Brett Kulak,D,MTL,2019-01,128.0,11,11.6364
8476967,Brett Kulak,D,MTL,2019-02,179.5,13,13.8077
8476967,Brett Kulak,D,MTL,2019-03,149.0,14,10.6429
8476967,Brett Kulak,D,MTL,2019-04,55.0,3,18.3333
8476971,Kevin Roy,C,ANA,2019-03,20.0,3,6.6667
8476975,Cedric Paquette,C,TBL,2018-10,232.5,11,21.1364
8476975,Cedric Paquette,C,TBL,2018-11,393.0,14,28.0714
8476975,Cedric Paquette,C,TBL,2018-12,307.5,14,21.9643
8476975,Cedric Paquette,C,TBL,2019-01,234.0,10,23.4
8476975,Cedric Paquette,C,TBL,2019-02,276.5,15,18.4333
8476975,Cedric Paquette,C,TBL,2019-03,318.5,13,24.5
8476975,Cedric Paquette,C,TBL,2019-04,64.5,3,21.5
8476979,Erik Gustafsson,D,CHI,2018-10,142.5,13,10.9615
8476979,Erik Gustafsson,D,CHI,2018-11,156.0,13,12.0
8476979,Erik Gustafsson,D,CHI,2018-12,121.5,12,10.125
8476979,Erik Gustafsson,D,CHI,2019-01,123.0,10,12.3
8476979,Erik Gustafsson,D,CHI,2019-02,126.0,13,9.6923
8476979,Erik Gustafsson,D,CHI,2019-03,200.0,14,14.2857
8476979,Erik Gustafsson,D,CHI,2019-04,61.0,4,15.25
8476981,Josh Anderson,R,CBJ,2018-10,136.5,11,12.4091
8476981,Josh Anderson,R,CBJ,2018-11,244.0,14,17.4286
8476981,Josh Anderson,R,CBJ,2018-12,212.0,14,15.1429
8476981,Josh Anderson,R,CBJ,2019-01,198.0,11,18.0
8476981,Josh Anderson,R,CBJ,2019-02,172.5,13,13.2692
8476981,Josh Anderson,R,CBJ,2019-03,244.5,16,15.2812
8476981,Josh Anderson,R,CBJ,2019-04,32.5,3,10.8333
8476982,Danny O'Regan,C,BUF,2019-02,1.5,1,1.5
8476983,Paul LaDue,D,LAK,2018-10,37.0,5,7.4
8476983,Paul LaDue,D,LAK,2018-11,40.5,4,10.125
8476983,Paul LaDue,D,LAK,2018-12,47.0,5,9.4
8476983,Paul LaDue,D,LAK,2019-01,14.5,1,14.5
8476983,Paul LaDue,D,LAK,2019-02,102.0,10,10.2
8476983,Paul LaDue,D,LAK,2019-03,71.5,6,11.9167
8476983,Paul LaDue,D,LAK,2019-04,37.5,2,18.75
8476988,Matt Benning,D,EDM,2018-10,71.0,7,10.1429
8476988,Matt Benning,D,EDM,2018-11,127.5,13,9.8077
8476988,Matt Benning,D,EDM,2018-12,160.5,14,11.4643
8476988,Matt Benning,D,EDM,2019-01,86.0,8,10.75
8476988,Matt Benning,D,EDM,2019-02,51.0,10,5.1
8476988,Matt Benning,D,EDM,2019-03,156.5,14,11.1786
8476988,Matt Benning,D,EDM,2019-04,33.5,4,8.375
8476994,Vinnie Hinostroza,C,ARI,2018-10,83.5,11,7.5909
8476994,Vinnie Hinostroza,C,ARI,2018-11,89.5,13,6.8846
8476994,Vinnie Hinostroza,C,ARI,2018-12,32.0,5,6.4
8476994,Vinnie Hinostroza,C,ARI,2019-01,142.5,11,12.9545
8476994,Vinnie Hinostroza,C,ARI,2019-02,146.5,14,10.4643
8476994,Vinnie Hinostroza,C,ARI,2019-03,153.0,15,10.2
8476994,Vinnie Hinostroza,C,ARI,2019-04,32.5,3,10.8333
8476999,Linus Ullmark,G,BUF,2018-10,-2.0,0,0.0
8476999,Linus Ullmark,G,BUF,2018-11,-5.0,0,0.0
8476999,Linus Ullmark,G,BUF,2018-12,-5.0,0,0.0
8476999,Linus Ullmark,G,BUF,2019-01,-2.0,0,0.0
8476999,Linus Ullmark,G,BUF,2019-02,-5.0,0,0.0
8476999,Linus Ullmark,G,BUF,2019-03,-5.0,0,0.0
8477009,Jake Dotchin,D,ANA,2018-11,49.5,5,9.9
8477009,Jake Dotchin,D,ANA,2018-12,184.0,11,16.7273
8477009,Jake Dotchin,D,ANA,2019-01,24.5,4,6.125
8477010,Joseph Blandisi,C,PIT,2018-10,37.5,3,12.5
8477010,Joseph Blandisi,C,PIT,2019-01,13.0,1,13.0
8477010,Joseph Blandisi,C,PIT,2019-03,24.0,5,4.8
8477015,Connor Brown,R,TOR,2018-10,111.5,12,9.2917
8477015,Connor Brown,R,TOR,2018-11,99.0,14,7.0714
8477015,Connor Brown,R,TOR,2018-12,64.0,13,4.9231
8477015,Connor Brown,R,TOR,2019-01,55.5,10,5.55
8477015,Connor Brown,R,TOR,2019-02,92.0,15,6.1333
8477015,Connor Brown,R,TOR,2019-03,72.0,14,5.1429
8477015,Connor Brown,R,TOR,2019-04,40.0,4,10.0
8477018,Ben Hutton,D,VAN,2018-10,145.5,12,12.125
8477018,Ben Hutton,D,VAN,2018-11,127.0,14,9.0714
8477018,Ben Hutton,D,VAN,2018-12,158.0,14,11.2857
8477018,Ben Hutton,D,VAN,2019-01,87.5,9,9.7222
8477018,Ben Hutton,D,VAN,2019-02,174.5,14,12.4643
8477018,Ben Hutton,D,VAN,2019-03,35.5,3,11.8333
8477018,Ben Hutton,D,VAN,2019-04,19.5,3,6.5
8477021,Alexander Kerfoot,C,COL,2018-10,95.5,12,7.9583
8477021,Alexander Kerfoot,C,COL,2018-11,116.0,14,8.2857
8477021,Alexander Kerfoot,C,COL,2018-12,82.5,10,8.25
8477021,Alexander Kerfoot,C,COL,2019-01,80.5,10,8.05
8477021,Alexander Kerfoot,C,COL,2019-02,95.0,14,6.7857
8477021,Alexander Kerfoot,C,COL,2019-03,114.0,14,8.1429
8477021,Alexander Kerfoot,C,COL,2019-04,54.0,4,13.5
8477034,Jaycob Megna,D,ANA,2019-02,59.5,11,5.4091
8477034,Jaycob Megna,D,ANA,2019-03,133.5,15,8.9
8477034,Jaycob Megna,D,ANA,2019-04,14.0,2,7.0
8477043,Christian Djoos,D,WSH,2018-10,67.0,9,7.4444
8477043,Christian Djoos,D,WSH,2018-11,51.5,15,3.4333
8477043,Christian Djoos,D,WSH,2018-12,38.0,4,9.5
8477043,Christian Djoos,D,WSH,2019-02,32.5,8,4.0625
8477043,Christian Djoos,D,WSH,2019-03,20.5,6,3.4167
8477043,Christian Djoos,D,WSH,2019-04,3.5,3,1.1667
8477046,Joakim Ryan,D,SJS,2018-10,105.0,12,8.75
8477046,Joakim Ryan,D,SJS,2018-11,95.5,12,7.9583
8477046,Joakim Ryan,D,SJS,2018-12,14.5,2,7.25
8477046,Joakim Ryan,D,SJS,2019-01,69.0,8,8.625
8477046,Joakim Ryan,D,SJS,2019-03,101.5,9,11.2778
8477046,Joakim Ryan,D,SJS,2019-04,7.5,1,7.5
8477073,Kurtis MacDermid,D,LAK,2019-02,11.5,1,11.5
8477073,Kurtis MacDermid,D,LAK,2019-03,88.5,9,9.8333
8477073,Kurtis MacDermid,D,LAK,2019-04,6.0,1,6.0
8477085,Ashton Sautner,D,VAN,2019-02,49.0,5,9.8
8477085,Ashton Sautner,D,VAN,2019-03,134.5,12,11.2083
8477180,Aaron Dell,G,SJS,2018-11,-7.5,0,0.0
8477180,Aaron Dell,G,SJS,2018-12,-10.0,0,0.0
8477180,Aaron Dell,G,SJS,2019-02,-5.0,0,0.0
8477180,Aaron Dell,G,SJS,2019-03,-17.5,0,0.0
8477180,Aaron Dell,G,SJS,2019-04,-2.5,0,0.0
8477205,Andrej Sustr,D,ANA,2018-10,35.0,4,8.75
8477205,Andrej Sustr,D,ANA,2018-11,3.0,1,3.0
8477213,Tim Schaller,C,VAN,2018-10,118.5,12,9.875
8477213,Tim Schaller,C,VAN,2018-11,72.0,12,6.0
8477213,Tim Schaller,C,VAN,2018-12,21.5,5,4.3
8477213,Tim Schaller,C,VAN,2019-01,75.0,5,15.0
8477213,Tim Schaller,C,VAN,2019-02,11.0,2,5.5
8477213,Tim Schaller,C,VAN,2019-03,59.0,8,7.375
8477213,Tim Schaller,C,VAN,2019-04,19.0,3,6.3333
8477215,Danny DeKeyser,D,DET,2018-10,84.0,5,16.8
8477215,Danny DeKeyser,D,DET,2018-11,144.5,12,12.0417
8477215,Danny DeKeyser,D,DET,2018-12,50.0,3,16.6667
8477215,Danny DeKeyser,D,DET,2019-01,36.0,4,9.0
8477215,Danny DeKeyser,D,DET,2019-02,221.0,13,17.0
8477215,Danny DeKeyser,D,DET,2019-03,240.5,15,16.0333
8477220,Nate Schmidt,D,VGK,2018-11,47.5,7,6.7857
8477220,Nate Schmidt,D,VGK,2018-12,141.5,15,9.4333
8477220,Nate Schmidt,D,VGK,2019-01,113.5,10,11.35
8477220,Nate Schmidt,D,VGK,2019-02,179.5,13,13.8077
8477220,Nate Schmidt,D,VGK,2019-03,131.0,14,9.3571
8477220,Nate Schmidt,D,VGK,2019-04,33.5,2,16.75
8477240,Carter Rowney,R,ANA,2018-10,67.0,5,13.4
8477240,Carter Rowney,R,ANA,2018-11,44.5,3,14.8333
8477240,Carter Rowney,R,ANA,2018-12,184.5,13,14.1923
8477240,Carter Rowney,R,ANA,2019-01,147.5,10,14.75
8477240,Carter Rowney,R,ANA,2019-02,223.5,13,17.1923
8477240,Carter Rowney,R,ANA,2019-03,305.5,16,19.0938
8477240,Carter Rowney,R,ANA,2019-04,22.5,2,11.25
8477244,Chad Ruhwedel,D,PIT,2018-10,34.5,3,11.5
8477244,Chad Ruhwedel,D,PIT,2018-11,93.0,8,11.625
8477244,Chad Ruhwedel,D,PIT,2019-02,106.0,7,15.1429
8477290,Michael Raffl,L,PHI,2018-10,108.0,9,12.0
8477290,Michael Raffl,L,PHI,2018-11,10.5,1,10.5
8477290,Michael Raffl,L,PHI,2018-12,175.0,14,12.5
8477290,Michael Raffl,L,PHI,2019-01,68.0,13,5.2308
8477290,Michael Raffl,L,PHI,2019-02,112.0,13,8.6154
8477290,Michael Raffl,L,PHI,2019-03,127.5,14,9.1071
8477290,Michael Raffl,L,PHI,2019-04,33.5,3,11.1667
8477293,Antti Raanta,G,ARI,2018-10,-5.0,0,0.0
8477320,Anton Blidh,L,BOS,2019-04,29.0,1,29.0
8477337,John Gilmour,D,NYR,2019-03,54.0,4,13.5
8477337,John Gilmour,D,NYR,2019-04,4.0,1,4.0
8477341,Andreas Johnsson,L,TOR,2018-10,34.5,7,4.9286
8477341,Andreas Johnsson,L,TOR,2018-11,136.0,14,9.7143
8477341,Andreas Johnsson,L,TOR,2018-12,87.5,13,6.7308
8477341,Andreas Johnsson,L,TOR,2019-01,101.5,9,11.2778
8477341,Andreas Johnsson,L,TOR,2019-02,124.5,14,8.8929
8477341,Andreas Johnsson,L,TOR,2019-03,106.0,14,7.5714
8477341,Andreas Johnsson,L,TOR,2019-04,7.0,2,3.5
8477343,Tyler Lewington,D,WSH,2018-12,19.0,2,9.5
8477346,MacKenzie Weegar,D,FLA,2018-10,80.5,6,13.4167
8477346,MacKenzie Weegar,D,FLA,2018-11,212.0,15,14.1333
8477346,MacKenzie Weegar,D,FLA,2018-12,182.5,14,13.0357
8477346,MacKenzie Weegar,D,FLA,2019-01,86.5,7,12.3571
8477346,MacKenzie Weegar,D,FLA,2019-02,80.0,5,16.0
8477346,MacKenzie Weegar,D,FLA,2019-03,241.0,14,17.2143
8477346,MacKenzie Weegar,D,FLA,2019-04,61.0,3,20.3333
8477353,Tyler Motte,C,VAN,2018-10,188.0,12,15.6667
8477353,Tyler Motte,C,VAN,2018-11,171.5,14,12.25
8477353,Tyler Motte,C,VAN,2018-12,191.5,14,13.6786
8477353,Tyler Motte,C,VAN,2019-01,129.5,9,14.3889
8477353,Tyler Motte,C,VAN,2019-02,222.5,14,15.8929
8477353,Tyler Motte,C,VAN,2019-03,136.0,11,12.3636
8477355,Will Butcher,D,NJD,2018-10,54.0,9,6.0
8477355,Will Butcher,D,NJD,2018-11,72.5,15,4.8333
8477355,Will Butcher,D,NJD,2018-12,70.5,13,5.4231
8477355,Will Butcher,D,NJD,2019-01,67.5,12,5.625
8477355,Will Butcher,D,NJD,2019-02,106.5,13,8.1923
8477355,Will Butcher,D,NJD,2019-03,69.0,13,5.3077
8477355,Will Butcher,D,NJD,2019-04,14.5,3,4.8333
8477357,Saku Maenalanen,R,CAR,2018-12,10.5,1,10.5
8477357,Saku Maenalanen,R,CAR,2019-01,108.0,12,9.0
8477357,Saku Maenalanen,R,CAR,2019-02,104.0,12,8.6667
8477357,Saku Maenalanen,R,CAR,2019-03,56.0,8,7.0
8477357,Saku Maenalanen,R,CAR,2019-04,9.0,1,9.0
8477361,Cal Petersen,G,LAK,2018-11,-22.5,0,0.0
8477361,Cal Petersen,G,LAK,2018-12,-2.5,0,0.0
8477365,Connor Clifton,D,BOS,2018-11,103.0,7,14.7143
8477365,Connor Clifton,D,BOS,2018-12,26.0,2,13.0
8477365,Connor Clifton,D,BOS,2019-03,109.5,8,13.6875
8477365,Connor Clifton,D,BOS,2019-04,53.5,2,26.75
8477366,Luke Johnson,C,CHI,2018-10,114.5,8,14.3125
8477366,Luke Johnson,C,CHI,2018-11,77.0,5,15.4
8477366,Luke Johnson,C,CHI,2018-12,19.0,2,9.5
8477380,Jonny Brodzinski,C,LAK,2019-02,17.5,3,5.8333
8477380,Jonny Brodzinski,C,LAK,2019-03,90.0,10,9.0
8477384,Joshua Brown,D,FLA,2019-01,43.5,3,14.5
8477384,Joshua Brown,D,FLA,2019-02,184.5,15,12.3
8477384,Joshua Brown,D,FLA,2019-03,177.5,16,11.0938
8477384,Joshua Brown,D,FLA,2019-04,53.5,3,17.8333
8477399,Tyrell Goulbourne,L,PHI,2018-11,23.0,2,11.5
8477401,John Hayden,C,CHI,2018-10,98.0,8,12.25
8477401,John Hayden,C,CHI,2018-11,78.0,10,7.8
8477401,John Hayden,C,CHI,2018-12,115.5,12,9.625
8477401,John Hayden,C,CHI,2019-01,63.5,5,12.7
8477401,John Hayden,C,CHI,2019-02,135.5,12,11.2917
8477401,John Hayden,C,CHI,2019-03,30.5,3,10.1667
8477401,John Hayden,C,CHI,2019-04,36.0,4,9.0
8477402,Pavel Buchnevich,L,NYR,2018-10,84.5,10,8.45
8477402,Pavel Buchnevich,L,NYR,2018-11,42.0,4,10.5
8477402,Pavel Buchnevich,L,NYR,2018-12,73.5,8,9.1875
8477402,Pavel Buchnevich,L,NYR,2019-01,80.0,11,7.2727
8477402,Pavel Buchnevich,L,NYR,2019-02,85.0,13,6.5385
8477402,Pavel Buchnevich,L,NYR,2019-03,123.5,15,8.2333
8477402,Pavel Buchnevich,L,NYR,2019-04,25.5,3,8.5
8477404,Jake Guentzel,C,PIT,2018-10,117.0,10,11.7
8477404,Jake Guentzel,C,PIT,2018-11,200.5,14,14.3214
8477404,Jake Guentzel,C,PIT,2018-12,210.0,15,14.0
8477404,Jake Guentzel,C,PIT,2019-01,136.5,11,12.4091
8477404,Jake Guentzel,C,PIT,2019-02,171.5,13,13.1923
8477404,Jake Guentzel,C,PIT,2019-03,197.0,16,12.3125
8477404,Jake Guentzel,C,PIT,2019-04,56.0,3,18.6667
8477406,Mattias Janmark,C,DAL,2018-10,47.0,11,4.2727
8477406,Mattias Janmark,C,DAL,2018-11,107.5,15,7.1667
8477406,Mattias Janmark,C,DAL,2018-12,73.0,14,5.2143
8477406,Mattias Janmark,C,DAL,2019-01,85.0,10,8.5
8477406,Mattias Janmark,C,DAL,2019-02,97.0,14,6.9286
8477406,Mattias Janmark,C,DAL,2019-03,62.5,14,4.4643
8477406,Mattias Janmark,C,DAL,2019-04,12.0,3,4.0
8477407,Anthony Duclair,L,OTT,2018-10,97.5,11,8.8636
8477407,Anthony Duclair,L,OTT,2018-11,115.5,13,8.8846
8477407,Anthony Duclair,L,OTT,2018-12,44.5,9,4.9444
8477407,Anthony Duclair,L,OTT,2019-01,58.0,10,5.8
8477407,Anthony Duclair,L,OTT,2019-02,73.5,13,5.6538
8477407,Anthony Duclair,L,OTT,2019-03,108.5,14,7.75
8477407,Anthony Duclair,L,OTT,2019-04,41.5,4,10.375
8477413,Sven Andrighetto,R,COL,2018-10,69.0,6,11.5
8477413,Sven Andrighetto,R,COL,2018-11,30.5,6,5.0833
8477413,Sven Andrighetto,R,COL,2018-12,33.5,11,3.0455
8477413,Sven Andrighetto,R,COL,2019-01,60.5,9,6.7222
8477413,Sven Andrighetto,R,COL,2019-02,48.0,14,3.4286
8477413,Sven Andrighetto,R,COL,2019-03,133.0,14,9.5
8477413,Sven Andrighetto,R,COL,2019-04,9.5,4,2.375
8477416,Oliver Bjorkstrand,R,CBJ,2018-10,69.0,11,6.2727
8477416,Oliver Bjorkstrand,R,CBJ,2018-11,52.0,9,5.7778
8477416,Oliver Bjorkstrand,R,CBJ,2018-12,71.5,14,5.1071
8477416,Oliver Bjorkstrand,R,CBJ,2019-01,72.0,11,6.5455
8477416,Oliver Bjorkstrand,R,CBJ,2019-02,92.5,13,7.1154
8477416,Oliver Bjorkstrand,R,CBJ,2019-03,156.5,16,9.7812
8477416,Oliver Bjorkstrand,R,CBJ,2019-04,15.5,3,5.1667
8477417,Peter Cehlarik,L,BOS,2019-01,30.0,5,6.0
8477417,Peter Cehlarik,L,BOS,2019-02,70.0,9,7.7778
8477417,Peter Cehlarik,L,BOS,2019-03,31.0,6,5.1667
8477424,Juuse Saros,G,NSH,2018-10,-7.5,0,0.0
8477424,Juuse Saros,G,NSH,2018-12,-17.5,0,0.0
8477424,Juuse Saros,G,NSH,2019-01,-7.0,0,0.0
8477424,Juuse Saros,G,NSH,2019-02,-2.5,0,0.0
8477424,Juuse Saros,G,NSH,2019-03,-7.5,0,0.0
8477425,Miles Wood,L,NJD,2018-10,106.5,9,11.8333
8477425,Miles Wood,L,NJD,2018-11,180.0,15,12.0
8477425,Miles Wood,L,NJD,2018-12,179.0,14,12.7857
8477425,Miles Wood,L,NJD,2019-01,99.5,9,11.0556
8477425,Miles Wood,L,NJD,2019-02,58.5,9,6.5
8477425,Miles Wood,L,NJD,2019-03,40.0,4,10.0
8477425,Miles Wood,L,NJD,2019-04,44.5,3,14.8333
8477426,Nick Paul,L,OTT,2018-11,38.5,6,6.4167
8477426,Nick Paul,L,OTT,2018-12,36.0,8,4.5
8477426,Nick Paul,L,OTT,2019-01,56.0,5,11.2
8477426,Nick Paul,L,OTT,2019-02,13.5,1,13.5
8477429,Andrew Copp,C,WPG,2018-10,115.5,12,9.625
8477429,Andrew Copp,C,WPG,2018-11,62.5,9,6.9444
8477429,Andrew Copp,C,WPG,2018-12,43.0,5,8.6
8477429,Andrew Copp,C,WPG,2019-01,118.5,12,9.875
8477429,Andrew Copp,C,WPG,2019-02,107.0,12,8.9167
8477429,Andrew Copp,C,WPG,2019-03,168.5,15,11.2333
8477429,Andrew Copp,C,WPG,2019-04,43.5,4,10.875
8477433,Ben Harpur,D,OTT,2018-10,24.5,3,8.1667
8477433,Ben Harpur,D,OTT,2018-11,32.5,4,8.125
8477433,Ben Harpur,D,OTT,2018-12,234.5,14,16.75
8477433,Ben Harpur,D,OTT,2019-01,27.0,4,6.75
8477433,Ben Harpur,D,OTT,2019-02,108.0,12,9.0
8477433,Ben Harpur,D,OTT,2019-03,167.5,13,12.8846
8477433,Ben Harpur,D,OTT,2019-04,19.0,1,19.0
8477435,Ryan Graves,D,COL,2018-12,45.0,3,15.0
8477435,Ryan Graves,D,COL,2019-01,79.5,6,13.25
8477435,Ryan Graves,D,COL,2019-02,127.0,11,11.5455
8477435,Ryan Graves,D,COL,2019-03,49.0,6,8.1667
8477444,Andre Burakovsky,L,WSH,2018-10,56.5,10,5.65
8477444,Andre Burakovsky,L,WSH,2018-11,83.5,15,5.5667
8477444,Andre Burakovsky,L,WSH,2018-12,36.0,9,4.0
8477444,Andre Burakovsky,L,WSH,2019-01,70.0,10,7.0
8477444,Andre Burakovsky,L,WSH,2019-02,116.5,14,8.3214
8477444,Andre Burakovsky,L,WSH,2019-03,71.0,15,4.7333
8477444,Andre Burakovsky,L,WSH,2019-04,18.0,3,6.0
8477447,Shea Theodore,D,VGK,2018-10,100.0,12,8.3333
8477447,Shea Theodore,D,VGK,2018-11,129.0,15,8.6
8477447,Shea Theodore,D,VGK,2018-12,109.5,15,7.3
8477447,Shea Theodore,D,VGK,2019-01,99.5,9,11.0556
8477447,Shea Theodore,D,VGK,2019-02,179.0,13,13.7692
8477447,Shea Theodore,D,VGK,2019-03,73.5,13,5.6538
8477447,Shea Theodore,D,VGK,2019-04,19.0,2,9.5
8477448,Marko Dano,C,COL,2018-10,39.5,4,9.875
8477448,Marko Dano,C,COL,2018-11,35.5,4,8.875
8477450,Jason Dickinson,C,DAL,2018-10,86.5,9,9.6111
8477450,Jason Dickinson,C,DAL,2018-11,256.0,15,17.0667
8477450,Jason Dickinson,C,DAL,2018-12,150.0,10,15.0
8477450,Jason Dickinson,C,DAL,2019-01,32.5,3,10.8333
8477450,Jason Dickinson,C,DAL,2019-02,162.0,12,13.5
8477450,Jason Dickinson,C,DAL,2019-03,220.5,15,14.7
8477450,Jason Dickinson,C,DAL,2019-04,35.0,3,11.6667
8477451,Ryan Hartman,R,PHI,2018-10,97.0,12,8.0833
8477451,Ryan Hartman,R,PHI,2018-11,134.0,14,9.5714
8477451,Ryan Hartman,R,PHI,2018-12,133.5,14,9.5357
8477451,Ryan Hartman,R,PHI,2019-01,104.0,12,8.6667
8477451,Ryan Hartman,R,PHI,2019-02,170.5,14,12.1786
8477451,Ryan Hartman,R,PHI,2019-03,159.0,14,11.3571
8477451,Ryan Hartman,R,PHI,2019-04,64.0,3,21.3333
8477452,Ian McCoshen,D,FLA,2019-01,32.0,4,8.0
8477452,Ian McCoshen,D,FLA,2019-02,157.0,12,13.0833
8477452,Ian McCoshen,D,FLA,2019-03,37.5,3,12.5
8477454,Adam Erne,L,TBL,2018-10,41.5,6,6.9167
8477454,Adam Erne,L,TBL,2018-11,142.5,13,10.9615
8477454,Adam Erne,L,TBL,2018-12,89.0,7,12.7143
8477454,Adam Erne,L,TBL,2019-01,91.5,9,10.1667
8477454,Adam Erne,L,TBL,2019-02,208.0,15,13.8667
8477454,Adam Erne,L,TBL,2019-03,141.0,11,12.8182
8477454,Adam Erne,L,TBL,2019-04,63.0,4,15.75
8477455,Jacob de la Rose,L,DET,2018-10,21.5,3,7.1667
8477455,Jacob de la Rose,L,DET,2018-11,91.0,10,9.1
8477455,Jacob de la Rose,L,DET,2018-12,165.0,16,10.3125
8477455,Jacob de la Rose,L,DET,2019-01,91.0,10,9.1
8477455,Jacob de la Rose,L,DET,2019-02,108.0,12,9.0
8477455,Jacob de la Rose,L,DET,2019-03,90.0,9,10.0
8477456,J.T. Compher,L,COL,2018-10,41.5,5,8.3
8477456,J.T. Compher,L,COL,2018-11,38.5,5,7.7
8477456,J.T. Compher,L,COL,2018-12,242.5,14,17.3214
8477456,J.T. Compher,L,COL,2019-01,95.0,10,9.5
8477456,J.T. Compher,L,COL,2019-02,170.0,14,12.1429
8477456,J.T. Compher,L,COL,2019-03,199.0,14,14.2143
8477456,J.T. Compher,L,COL,2019-04,45.0,4,11.25
8477458,Valentin Zykov,L,VGK,2018-10,50.0,10,5.0
8477458,Valentin Zykov,L,VGK,2018-11,7.0,3,2.3333
8477458,Valentin Zykov,L,VGK,2018-12,22.5,5,4.5
8477458,Valentin Zykov,L,VGK,2019-01,10.5,1,10.5
8477458,Valentin Zykov,L,VGK,2019-02,28.5,5,5.7
8477458,Valentin Zykov,L,VGK,2019-03,21.5,3,7.1667
8477458,Valentin Zykov,L,VGK,2019-04,20.5,1,20.5
8477460,Laurent Dauphin,C,ARI,2019-01,9.0,1,9.0
8477461,Remi Elie,L,BUF,2018-10,24.5,3,8.1667
8477461,Remi Elie,L,BUF,2018-11,44.0,4,11.0
8477461,Remi Elie,L,BUF,2018-12,19.0,5,3.8
8477461,Remi Elie,L,BUF,2019-01,40.0,3,13.3333
8477461,Remi Elie,L,BUF,2019-02,2.0,1,2.0
8477462,Robert Hagg,D,PHI,2018-10,255.5,12,21.2917
8477462,Robert Hagg,D,PHI,2018-11,204.0,12,17.0
8477462,Robert Hagg,D,PHI,2018-12,235.5,14,16.8214
8477462,Robert Hagg,D,PHI,2019-01,246.0,13,18.9231
8477462,Robert Hagg,D,PHI,2019-02,250.5,13,19.2692
8477462,Robert Hagg,D,PHI,2019-03,269.0,15,17.9333
8477462,Robert Hagg,D,PHI,2019-04,61.5,3,20.5
8477463,Steven Santini,D,NJD,2018-10,0.5,1,0.5
8477463,Steven Santini,D,NJD,2018-12,69.5,6,11.5833
8477463,Steven Santini,D,NJD,2019-01,101.5,9,11.2778
8477463,Steven Santini,D,NJD,2019-02,59.5,6,9.9167
8477463,Steven Santini,D,NJD,2019-03,203.5,14,14.5357
8477463,Steven Santini,D,NJD,2019-04,59.5,3,19.8333
8477464,Nic Petan,C,TOR,2018-11,28.0,11,2.5455
8477464,Nic Petan,C,TOR,2018-12,9.0,2,4.5
8477464,Nic Petan,C,TOR,2019-03,25.5,5,5.1
8477465,Tristan Jarry,G,PIT,2018-11,-2.5,0,0.0
8477471,Dillon Heatherington,D,DAL,2018-11,29.0,5,5.8
8477472,Carl Dahlstrom,D,CHI,2018-12,62.5,9,6.9444
8477472,Carl Dahlstrom,D,CHI,2019-01,50.0,9,5.5556
8477472,Carl Dahlstrom,D,CHI,2019-02,81.5,10,8.15
8477472,Carl Dahlstrom,D,CHI,2019-03,38.0,8,4.75
8477472,Carl Dahlstrom,D,CHI,2019-04,32.0,2,16.0
8477473,Justin Bailey,R,PHI,2019-02,42.0,5,8.4
8477473,Justin Bailey,R,PHI,2019-03,12.5,5,2.5
8477473,Justin Bailey,R,PHI,2019-04,10.5,1,10.5
8477474,Madison Bowey,D,DET,2018-10,44.5,3,14.8333
8477474,Madison Bowey,D,DET,2018-11,148.5,14,10.6071
8477474,Madison Bowey,D,DET,2018-12,146.0,11,13.2727
8477474,Madison Bowey,D,DET,2019-01,39.5,4,9.875
8477474,Madison Bowey,D,DET,2019-02,33.0,2,16.5
8477474,Madison Bowey,D,DET,2019-03,147.5,13,11.3462
8477474,Madison Bowey,D,DET,2019-04,21.5,3,7.1667
8477476,Artturi Lehkonen,L,MTL,2018-10,122.5,11,11.1364
8477476,Artturi Lehkonen,L,MTL,2018-11,136.5,14,9.75
8477476,Artturi Lehkonen,L,MTL,2018-12,168.5,15,11.2333
8477476,Artturi Lehkonen,L,MTL,2019-01,111.5,11,10.1364
8477476,Artturi Lehkonen,L,MTL,2019-02,156.0,13,12.0
8477476,Artturi Lehkonen,L,MTL,2019-03,183.5,15,12.2333
8477476,Artturi Lehkonen,L,MTL,2019-04,49.5,3,16.5
8477478,William Carrier,L,VGK,2018-10,265.0,12,22.0833
8477478,William Carrier,L,VGK,2018-11,374.5,15,24.9667
8477478,William Carrier,L,VGK,2018-12,310.0,15,20.6667
8477478,William Carrier,L,VGK,2019-01,31.5,2,15.75
8477478,William Carrier,L,VGK,2019-02,112.5,4,28.125
8477478,William Carrier,L,VGK,2019-03,133.0,5,26.6
8477478,William Carrier,L,VGK,2019-04,9.0,1,9.0
8477479,Tyler Bertuzzi,L,DET,2018-10,163.5,12,13.625
8477479,Tyler Bertuzzi,L,DET,2018-11,117.5,13,9.0385
8477479,Tyler Bertuzzi,L,DET,2018-12,105.0,14,7.5
8477479,Tyler Bertuzzi,L,DET,2019-01,89.5,10,8.95
8477479,Tyler Bertuzzi,L,DET,2019-02,50.5,6,8.4167
8477479,Tyler Bertuzzi,L,DET,2019-03,141.0,15,9.4
8477479,Tyler Bertuzzi,L,DET,2019-04,37.0,3,12.3333
8477482,Zachary Sanford,L,STL,2018-10,44.0,5,8.8
8477482,Zachary Sanford,L,STL,2018-11,102.5,14,7.3214
8477482,Zachary Sanford,L,STL,2018-12,22.0,4,5.5
8477482,Zachary Sanford,L,STL,2019-01,66.5,8,8.3125
8477482,Zachary Sanford,L,STL,2019-02,123.0,13,9.4615
8477482,Zachary Sanford,L,STL,2019-03,91.5,13,7.0385
8477482,Zachary Sanford,L,STL,2019-04,17.0,3,5.6667
8477488,Brett Pesce,D,CAR,2018-10,195.5,12,16.2917
8477488,Brett Pesce,D,CAR,2018-11,57.0,5,11.4
8477488,Brett Pesce,D,CAR,2018-12,167.5,12,13.9583
8477488,Brett Pesce,D,CAR,2019-01,146.5,12,12.2083
8477488,Brett Pesce,D,CAR,2019-02,137.5,13,10.5769
8477488,Brett Pesce,D,CAR,2019-03,218.5,16,13.6562
8477488,Brett Pesce,D,CAR,2019-04,22.0,3,7.3333
8477492,Nathan MacKinnon,C,COL,2018-10,177.5,12,14.7917
8477492,Nathan MacKinnon,C,COL,2018-11,168.0,14,12.0
8477492,Nathan MacKinnon,C,COL,2018-12,184.0,14,13.1429
8477492,Nathan MacKinnon,C,COL,2019-01,107.0,10,10.7
8477492,Nathan MacKinnon,C,COL,2019-02,191.5,14,13.6786
8477492,Nathan MacKinnon,C,COL,2019-03,213.5,14,15.25
8477492,Nathan MacKinnon,C,COL,2019-04,28.0,4,7.0
8477493,Aleksander Barkov,C,FLA,2018-10,203.0,9,22.5556
8477493,Aleksander Barkov,C,FLA,2018-11,356.5,15,23.7667
8477493,Aleksander Barkov,C,FLA,2018-12,307.0,14,21.9286
8477493,Aleksander Barkov,C,FLA,2019-01,204.0,10,20.4
8477493,Aleksander Barkov,C,FLA,2019-02,377.0,15,25.1333
8477493,Aleksander Barkov,C,FLA,2019-03,250.5,16,15.6562
8477493,Aleksander Barkov,C,FLA,2019-04,39.0,3,13.0
8477494,Jonathan Drouin,L,MTL,2018-10,144.0,11,13.0909
8477494,Jonathan Drouin,L,MTL,2018-11,103.5,14,7.3929
8477494,Jonathan Drouin,L,MTL,2018-12,89.0,15,5.9333
8477494,Jonathan Drouin,L,MTL,2019-01,75.0,11,6.8182
8477494,Jonathan Drouin,L,MTL,2019-02,79.5,12,6.625
8477494,Jonathan Drouin,L,MTL,2019-03,72.5,15,4.8333
8477494,Jonathan Drouin,L,MTL,2019-04,15.0,3,5.0
8477495,Seth Jones,D,CBJ,2018-10,54.5,4,13.625
8477495,Seth Jones,D,CBJ,2018-11,181.0,14,12.9286
8477495,Seth Jones,D,CBJ,2018-12,184.0,14,13.1429
8477495,Seth Jones,D,CBJ,2019-01,112.5,11,10.2273
8477495,Seth Jones,D,CBJ,2019-02,200.0,13,15.3846
8477495,Seth Jones,D,CBJ,2019-03,277.5,16,17.3438
8477495,Seth Jones,D,CBJ,2019-04,18.0,3,6.0
8477496,Elias Lindholm,C,CGY,2018-10,170.5,13,13.1154
8477496,Elias Lindholm,C,CGY,2018-11,146.0,13,11.2308
8477496,Elias Lindholm,C,CGY,2018-12,159.0,14,11.3571
8477496,Elias Lindholm,C,CGY,2019-01,168.0,11,15.2727
8477496,Elias Lindholm,C,CGY,2019-02,220.0,13,16.9231
8477496,Elias Lindholm,C,CGY,2019-03,155.0,15,10.3333
8477496,Elias Lindholm,C,CGY,2019-04,26.0,2,13.0
8477497,Sean Monahan,C,CGY,2018-10,166.5,13,12.8077
8477497,Sean Monahan,C,CGY,2018-11,125.5,13,9.6538
8477497,Sean Monahan,C,CGY,2018-12,143.5,14,10.25
8477497,Sean Monahan,C,CGY,2019-01,100.5,11,9.1364
8477497,Sean Monahan,C,CGY,2019-02,160.0,13,12.3077
8477497,Sean Monahan,C,CGY,2019-03,113.5,13,8.7308
8477497,Sean Monahan,C,CGY,2019-04,-1.0,1,-1.0
8477498,Darnell Nurse,D,EDM,2018-10,109.5,11,9.9545
8477498,Darnell Nurse,D,EDM,2018-11,195.5,14,13.9643
8477498,Darnell Nurse,D,EDM,2018-12,204.0,14,14.5714
8477498,Darnell Nurse,D,EDM,2019-01,214.0,11,19.4545
8477498,Darnell Nurse,D,EDM,2019-02,214.5,14,15.3214
8477498,Darnell Nurse,D,EDM,2019-03,231.0,14,16.5
8477498,Darnell Nurse,D,EDM,2019-04,87.0,4,21.75
8477499,Rasmus Ristolainen,D,BUF,2018-10,210.0,12,17.5
8477499,Rasmus Ristolainen,D,BUF,2018-11,314.0,15,20.9333
8477499,Rasmus Ristolainen,D,BUF,2018-12,261.5,13,20.1154
8477499,Rasmus Ristolainen,D,BUF,2019-01,149.5,10,14.95
8477499,Rasmus Ristolainen,D,BUF,2019-02,255.0,13,19.6154
8477499,Rasmus Ristolainen,D,BUF,2019-03,223.0,12,18.5833
8477499,Rasmus Ristolainen,D,BUF,2019-04,65.5,3,21.8333
8477500,Bo Horvat,C,VAN,2018-10,274.0,14,19.5714
8477500,Bo Horvat,C,VAN,2018-11,312.5,14,22.3214
8477500,Bo Horvat,C,VAN,2018-12,264.0,14,18.8571
8477500,Bo Horvat,C,VAN,2019-01,160.0,9,17.7778
8477500,Bo Horvat,C,VAN,2019-02,252.0,14,18.0
8477500,Bo Horvat,C,VAN,2019-03,245.0,14,17.5
8477500,Bo Horvat,C,VAN,2019-04,49.0,3,16.3333
8477501,Valeri Nichushkin,R,DAL,2018-10,23.5,6,3.9167
8477501,Valeri Nichushkin,R,DAL,2018-11,125.5,15,8.3667
8477501,Valeri Nichushkin,R,DAL,2018-12,78.0,10,7.8
8477501,Valeri Nichushkin,R,DAL,2019-01,56.0,6,9.3333
8477501,Valeri Nichushkin,R,DAL,2019-02,73.5,8,9.1875
8477501,Valeri Nichushkin,R,DAL,2019-03,102.5,12,8.5417
8477502,Samuel Morin,D,PHI,2019-03,31.0,2,15.5
8477502,Samuel Morin,D,PHI,2019-04,37.5,3,12.5
8477503,Max Domi,C,MTL,2018-10,126.0,11,11.4545
8477503,Max Domi,C,MTL,2018-11,133.5,14,9.5357
8477503,Max Domi,C,MTL,2018-12,203.0,15,13.5333
8477503,Max Domi,C,MTL,2019-01,181.0,11,16.4545
8477503,Max Domi,C,MTL,2019-02,175.5,13,13.5
8477503,Max Domi,C,MTL,2019-03,124.5,15,8.3
8477503,Max Domi,C,MTL,2019-04,9.0,3,3.0
8477504,Josh Morrissey,D,WPG,2018-10,152.0,12,12.6667
8477504,Josh Morrissey,D,WPG,2018-11,138.5,12,11.5417
8477504,Josh Morrissey,D,WPG,2018-12,132.5,13,10.1923
8477504,Josh Morrissey,D,WPG,2019-01,185.5,12,15.4583
8477504,Josh Morrissey,D,WPG,2019-02,83.5,10,8.35
8477505,Alexander Wennberg,C,CBJ,2018-10,63.5,11,5.7727
8477505,Alexander Wennberg,C,CBJ,2018-11,75.5,14,5.3929
8477505,Alexander Wennberg,C,CBJ,2018-12,108.0,14,7.7143
8477505,Alexander Wennberg,C,CBJ,2019-01,110.5,11,10.0455
8477505,Alexander Wennberg,C,CBJ,2019-02,123.0,9,13.6667
8477505,Alexander Wennberg,C,CBJ,2019-03,89.0,15,5.9333
8477506,Ryan Pulock,D,NYI,2018-10,141.0,11,12.8182
8477506,Ryan Pulock,D,NYI,2018-11,164.5,13,12.6538
8477506,Ryan Pulock,D,NYI,2018-12,236.0,14,16.8571
8477506,Ryan Pulock,D,NYI,2019-01,153.0,11,13.9091
8477506,Ryan Pulock,D,NYI,2019-02,201.0,14,14.3571
8477506,Ryan Pulock,D,NYI,2019-03,200.0,16,12.5
8477506,Ryan Pulock,D,NYI,2019-04,37.0,3,12.3333
8477507,Nikita Zadorov,D,COL,2018-10,156.5,12,13.0417
8477507,Nikita Zadorov,D,COL,2018-11,173.0,13,13.3077
8477507,Nikita Zadorov,D,COL,2018-12,104.5,9,11.6111
8477507,Nikita Zadorov,D,COL,2019-01,74.0,5,14.8
8477507,Nikita Zadorov,D,COL,2019-02,298.5,14,21.3214
8477507,Nikita Zadorov,D,COL,2019-03,225.0,13,17.3077
8477507,Nikita Zadorov,D,COL,2019-04,99.5,4,24.875
8477508,Curtis Lazar,C,CGY,2019-03,6.0,1,6.0
8477509,Mirco Mueller,D,NJD,2018-10,87.0,9,9.6667
8477509,Mirco Mueller,D,NJD,2018-11,145.5,12,12.125
8477509,Mirco Mueller,D,NJD,2018-12,32.0,5,6.4
8477509,Mirco Mueller,D,NJD,2019-01,94.0,7,13.4286
8477509,Mirco Mueller,D,NJD,2019-02,152.0,14,10.8571
8477509,Mirco Mueller,D,NJD,2019-03,28.5,4,7.125
8477509,Mirco Mueller,D,NJD,2019-04,7.5,2,3.75
8477510,Kerby Rychel,L,CGY,2018-12,14.5,2,7.25
8477511,Anthony Mantha,R,DET,2018-10,89.0,12,7.4167
8477511,Anthony Mantha,R,DET,2018-11,132.5,13,10.1923
8477511,Anthony Mantha,R,DET,2018-12,17.0,2,8.5
8477511,Anthony Mantha,R,DET,2019-01,41.5,9,4.6111
8477511,Anthony Mantha,R,DET,2019-02,103.0,13,7.9231
8477511,Anthony Mantha,R,DET,2019-03,126.0,15,8.4
8477511,Anthony Mantha,R,DET,2019-04,22.0,3,7.3333
8477512,Frederik Gauthier,C,TOR,2018-10,81.5,9,9.0556
8477512,Frederik Gauthier,C,TOR,2018-11,135.0,13,10.3846
8477512,Frederik Gauthier,C,TOR,2018-12,82.0,8,10.25
8477512,Frederik Gauthier,C,TOR,2019-01,98.5,10,9.85
8477512,Frederik Gauthier,C,TOR,2019-02,155.0,15,10.3333
8477512,Frederik Gauthier,C,TOR,2019-03,146.0,11,13.2727
8477512,Frederik Gauthier,C,TOR,2019-04,60.0,4,15.0
8477520,Jean-Sebastien Dea,C,PIT,2018-10,85.5,9,9.5
8477520,Jean-Sebastien Dea,C,PIT,2018-11,134.5,11,12.2273
8477520,Jean-Sebastien Dea,C,PIT,2018-12,14.5,3,4.8333
8477527,Ross Johnston,L,NYI,2018-10,6.0,1,6.0
8477527,Ross Johnston,L,NYI,2018-11,53.0,6,8.8333
8477527,Ross Johnston,L,NYI,2018-12,41.5,4,10.375
8477527,Ross Johnston,L,NYI,2019-01,14.5,2,7.25
8477527,Ross Johnston,L,NYI,2019-03,81.5,4,20.375
8477529,Colby Cave,C,EDM,2018-11,47.5,4,11.875
8477529,Colby Cave,C,EDM,2018-12,134.5,14,9.6071
8477529,Colby Cave,C,EDM,2019-01,33.5,6,5.5833
8477529,Colby Cave,C,EDM,2019-02,138.0,11,12.5455
8477529,Colby Cave,C,EDM,2019-03,152.0,14,10.8571
8477529,Colby Cave,C,EDM,2019-04,47.5,4,11.875
8477541,Dakota Mermis,D,ARI,2018-11,3.0,1,3.0
8477573,Nathan Walker,L,WSH,2018-10,21.5,3,7.1667
8477680,Josh Currie,R,EDM,2019-02,98.5,6,16.4167
8477680,Josh Currie,R,EDM,2019-03,121.0,12,10.0833
8477680,Josh Currie,R,EDM,2019-04,22.0,3,7.3333
8477810,Joel Hanley,D,DAL,2018-11,78.5,9,8.7222
8477810,Joel Hanley,D,DAL,2018-12,63.5,7,9.0714
8477831,Pheonix Copley,G,WSH,2018-11,-20.0,0,0.0
8477831,Pheonix Copley,G,WSH,2018-12,-4.5,0,0.0
8477831,Pheonix Copley,G,WSH,2019-01,-7.5,0,0.0
8477831,Pheonix Copley,G,WSH,2019-02,-7.5,0,0.0
8477831,Pheonix Copley,G,WSH,2019-04,-7.5,0,0.0
8477839,Conor Sheary,L,BUF,2018-10,76.0,12,6.3333
8477839,Conor Sheary,L,BUF,2018-11,80.0,12,6.6667
8477839,Conor Sheary,L,BUF,2018-12,61.0,12,5.0833
8477839,Conor Sheary,L,BUF,2019-01,60.5,10,6.05
8477839,Conor Sheary,L,BUF,2019-02,69.0,13,5.3077
8477839,Conor Sheary,L,BUF,2019-03,94.0,16,5.875
8477839,Conor Sheary,L,BUF,2019-04,10.5,3,3.5
8477845,Trevor van Riemsdyk,D,CAR,2018-10,74.0,11,6.7273
8477845,Trevor van Riemsdyk,D,CAR,2018-11,81.0,11,7.3636
8477845,Trevor van Riemsdyk,D,CAR,2018-12,67.5,12,5.625
8477845,Trevor van Riemsdyk,D,CAR,2019-01,94.5,12,7.875
8477845,Trevor van Riemsdyk,D,CAR,2019-02,86.5,13,6.6538
8477845,Trevor van Riemsdyk,D,CAR,2019-03,116.0,16,7.25
8477845,Trevor van Riemsdyk,D,CAR,2019-04,35.5,3,11.8333
8477846,Ryan Carpenter,C,VGK,2018-10,149.0,11,13.5455
8477846,Ryan Carpenter,C,VGK,2018-11,151.5,14,10.8214
8477846,Ryan Carpenter,C,VGK,2018-12,156.0,13,12.0
8477846,Ryan Carpenter,C,VGK,2019-01,103.5,10,10.35
8477846,Ryan Carpenter,C,VGK,2019-02,38.5,3,12.8333
8477846,Ryan Carpenter,C,VGK,2019-03,163.5,14,11.6786
8477846,Ryan Carpenter,C,VGK,2019-04,41.5,3,13.8333
8477850,Christian Folin,D,MTL,2018-10,133.0,7,19.0
8477850,Christian Folin,D,MTL,2018-11,181.0,10,18.1
8477850,Christian Folin,D,MTL,2019-01,167.5,9,18.6111
8477850,Christian Folin,D,MTL,2019-02,22.0,1,22.0
8477850,Christian Folin,D,MTL,2019-03,279.0,15,18.6
8477850,Christian Folin,D,MTL,2019-04,50.0,3,16.6667
8477851,Jordan Oesterle,D,ARI,2018-10,104.0,8,13.0
8477851,Jordan Oesterle,D,ARI,2018-11,72.5,10,7.25
8477851,Jordan Oesterle,D,ARI,2018-12,103.0,12,8.5833
8477851,Jordan Oesterle,D,ARI,2019-01,165.5,11,15.0455
8477851,Jordan Oesterle,D,ARI,2019-02,187.0,14,13.3571
8477851,Jordan Oesterle,D,ARI,2019-03,212.5,14,15.1786
8477851,Jordan Oesterle,D,ARI,2019-04,27.5,2,13.75
8477865,Jake Chelios,D,DET,2019-03,19.0,2,9.5
8477865,Jake Chelios,D,DET,2019-04,33.0,3,11.0
8477901,Daniel Carr,L,VGK,2018-11,54.5,4,13.625
8477901,Daniel Carr,L,VGK,2018-12,15.0,2,7.5
8477903,Garnet Hathaway,R,CGY,2018-10,135.0,9,15.0
8477903,Garnet Hathaway,R,CGY,2018-11,151.0,12,12.5833
8477903,Garnet Hathaway,R,CGY,2018-12,203.5,14,14.5357
8477903,Garnet Hathaway,R,CGY,2019-01,113.5,10,11.35
8477903,Garnet Hathaway,R,CGY,2019-02,233.5,13,17.9615
8477903,Garnet Hathaway,R,CGY,2019-03,234.0,15,15.6
8477903,Garnet Hathaway,R,CGY,2019-04,35.5,3,11.8333
8477919,Frederick Gaudreau,C,NSH,2018-10,10.5,3,3.5
8477919,Frederick Gaudreau,C,NSH,2018-11,77.0,14,5.5
8477919,Frederick Gaudreau,C,NSH,2018-12,95.5,14,6.8214
8477919,Frederick Gaudreau,C,NSH,2019-01,65.5,10,6.55
8477919,Frederick Gaudreau,C,NSH,2019-02,59.0,7,8.4286
8477919,Frederick Gaudreau,C,NSH,2019-03,45.5,7,6.5
8477922,Melker Karlsson,C,SJS,2018-10,93.5,12,7.7917
8477922,Melker Karlsson,C,SJS,2018-11,121.0,14,8.6429
8477922,Melker Karlsson,C,SJS,2018-12,108.0,15,7.2
8477922,Melker Karlsson,C,SJS,2019-01,87.0,11,7.9091
8477922,Melker Karlsson,C,SJS,2019-02,87.5,12,7.2917
8477922,Melker Karlsson,C,SJS,2019-03,100.0,13,7.6923
8477922,Melker Karlsson,C,SJS,2019-04,17.0,2,8.5
8477930,Pierre-Edouard Bellemare,L,VGK,2018-10,138.0,12,11.5
8477930,Pierre-Edouard Bellemare,L,VGK,2018-11,162.0,15,10.8
8477930,Pierre-Edouard Bellemare,L,VGK,2018-12,173.5,14,12.3929
8477930,Pierre-Edouard Bellemare,L,VGK,2019-01,115.5,10,11.55
8477930,Pierre-Edouard Bellemare,L,VGK,2019-02,160.0,13,12.3077
8477930,Pierre-Edouard Bellemare,L,VGK,2019-03,123.5,9,13.7222
8477930,Pierre-Edouard Bellemare,L,VGK,2019-04,42.0,3,14.0
8477931,Tomas Nosek,L,VGK,2018-10,88.0,10,8.8
8477931,Tomas Nosek,L,VGK,2018-11,138.5,14,9.8929
8477931,Tomas Nosek,L,VGK,2018-12,117.0,13,9.0
8477931,Tomas Nosek,L,VGK,2019-01,127.0,10,12.7
8477931,Tomas Nosek,L,VGK,2019-02,84.5,9,9.3889
8477931,Tomas Nosek,L,VGK,2019-03,96.0,10,9.6
8477931,Tomas Nosek,L,VGK,2019-04,30.5,2,15.25
8477932,Aaron Ekblad,D,FLA,2018-10,73.0,9,8.1111
8477932,Aaron Ekblad,D,FLA,2018-11,90.5,15,6.0333
8477932,Aaron Ekblad,D,FLA,2018-12,110.0,14,7.8571
8477932,Aaron Ekblad,D,FLA,2019-01,110.0,10,11.0
8477932,Aaron Ekblad,D,FLA,2019-02,237.5,15,15.8333
8477932,Aaron Ekblad,D,FLA,2019-03,200.0,16,12.5
8477932,Aaron Ekblad,D,FLA,2019-04,18.5,3,6.1667
8477933,Sam Reinhart,C,BUF,2018-10,108.5,12,9.0417
8477933,Sam Reinhart,C,BUF,2018-11,106.5,15,7.1
8477933,Sam Reinhart,C,BUF,2018-12,83.5,13,6.4231
8477933,Sam Reinhart,C,BUF,2019-01,112.0,10,11.2
8477933,Sam Reinhart,C,BUF,2019-02,101.0,13,7.7692
8477933,Sam Reinhart,C,BUF,2019-03,139.5,16,8.7188
8477933,Sam Reinhart,C,BUF,2019-04,20.5,3,6.8333
8477934,Leon Draisaitl,C,EDM,2018-10,133.5,11,12.1364
8477934,Leon Draisaitl,C,EDM,2018-11,216.0,14,15.4286
8477934,Leon Draisaitl,C,EDM,2018-12,205.5,14,14.6786
8477934,Leon Draisaitl,C,EDM,2019-01,184.5,11,16.7727
8477934,Leon Draisaitl,C,EDM,2019-02,322.0,14,23.0
8477934,Leon Draisaitl,C,EDM,2019-03,225.0,14,16.0714
8477934,Leon Draisaitl,C,EDM,2019-04,38.0,4,9.5
8477935,Sam Bennett,C,CGY,2018-10,192.0,13,14.7692
8477935,Sam Bennett,C,CGY,2018-11,140.0,13,10.7692
8477935,Sam Bennett,C,CGY,2018-12,218.5,12,18.2083
8477935,Sam Bennett,C,CGY,2019-01,78.0,11,7.0909
8477935,Sam Bennett,C,CGY,2019-02,148.5,13,11.4231
8477935,Sam Bennett,C,CGY,2019-03,81.5,8,10.1875
8477935,Sam Bennett,C,CGY,2019-04,13.5,1,13.5
8477936,Michael Dal Colle,L,NYI,2018-11,4.0,2,2.0
8477936,Michael Dal Colle,L,NYI,2018-12,8.0,2,4.0
8477936,Michael Dal Colle,L,NYI,2019-01,40.0,9,4.4444
8477936,Michael Dal Colle,L,NYI,2019-02,25.0,7,3.5714
8477936,Michael Dal Colle,L,NYI,2019-03,26.5,6,4.4167
8477936,Michael Dal Colle,L,NYI,2019-04,12.0,2,6.0
8477937,Jake Virtanen,R,VAN,2018-10,194.0,14,13.8571
8477937,Jake Virtanen,R,VAN,2018-11,127.0,14,9.0714
8477937,Jake Virtanen,R,VAN,2018-12,184.0,14,13.1429
8477937,Jake Virtanen,R,VAN,2019-01,114.0,9,12.6667
8477937,Jake Virtanen,R,VAN,2019-02,87.0,7,12.4286
8477937,Jake Virtanen,R,VAN,2019-03,169.5,10,16.95
8477937,Jake Virtanen,R,VAN,2019-04,14.0,2,7.0
8477938,Haydn Fleury,D,CAR,2018-10,8.5,1,8.5
8477938,Haydn Fleury,D,CAR,2018-11,89.5,7,12.7857
8477938,Haydn Fleury,D,CAR,2018-12,14.0,2,7.0
8477938,Haydn Fleury,D,CAR,2019-01,17.5,2,8.75
8477938,Haydn Fleury,D,CAR,2019-03,39.0,5,7.8
8477938,Haydn Fleury,D,CAR,2019-04,40.5,3,13.5
8477939,William Nylander,C,TOR,2018-12,91.0,11,8.2727
8477939,William Nylander,C,TOR,2019-01,83.0,10,8.3
8477939,William Nylander,C,TOR,2019-02,113.5,15,7.5667
8477939,William Nylander,C,TOR,2019-03,98.0,14,7.0
8477939,William Nylander,C,TOR,2019-04,20.0,4,5.0
8477940,Nikolaj Ehlers,L,WPG,2018-10,118.0,12,9.8333
8477940,Nikolaj Ehlers,L,WPG,2018-11,129.0,12,10.75
8477940,Nikolaj Ehlers,L,WPG,2018-12,69.0,15,4.6
8477940,Nikolaj Ehlers,L,WPG,2019-01,1.5,1,1.5
8477940,Nikolaj Ehlers,L,WPG,2019-02,29.5,3,9.8333
8477940,Nikolaj Ehlers,L,WPG,2019-03,86.5,15,5.7667
8477940,Nikolaj Ehlers,L,WPG,2019-04,30.5,4,7.625
8477941,Nick Ritchie,L,ANA,2018-10,32.5,2,16.25
8477941,Nick Ritchie,L,ANA,2018-11,120.5,11,10.9545
8477941,Nick Ritchie,L,ANA,2018-12,191.0,13,14.6923
8477941,Nick Ritchie,L,ANA,2019-01,102.5,10,10.25
8477941,Nick Ritchie,L,ANA,2019-02,109.5,12,9.125
8477941,Nick Ritchie,L,ANA,2019-03,157.0,10,15.7
8477941,Nick Ritchie,L,ANA,2019-04,23.5,2,11.75
8477942,Kevin Fiala,L,MIN,2018-10,52.0,12,4.3333
8477942,Kevin Fiala,L,MIN,2018-11,53.0,14,3.7857
8477942,Kevin Fiala,L,MIN,2018-12,67.0,14,4.7857
8477942,Kevin Fiala,L,MIN,2019-01,56.5,12,4.7083
8477942,Kevin Fiala,L,MIN,2019-02,69.5,13,5.3462
8477942,Kevin Fiala,L,MIN,2019-03,89.5,15,5.9667
8477942,Kevin Fiala,L,MIN,2019-04,26.0,3,8.6667
8477943,Brendan Perlini,L,CHI,2018-10,52.0,11,4.7273
8477943,Brendan Perlini,L,CHI,2018-11,70.0,13,5.3846
8477943,Brendan Perlini,L,CHI,2018-12,81.5,14,5.8214
8477943,Brendan Perlini,L,CHI,2019-01,53.5,7,7.6429
8477943,Brendan Perlini,L,CHI,2019-02,20.0,6,3.3333
8477943,Brendan Perlini,L,CHI,2019-03,70.5,13,5.4231
8477943,Brendan Perlini,L,CHI,2019-04,12.0,4,3.0
8477944,Jakub Vrana,L,WSH,2018-10,65.5,10,6.55
8477944,Jakub Vrana,L,WSH,2018-11,83.5,15,5.5667
8477944,Jakub Vrana,L,WSH,2018-12,82.5,13,6.3462
8477944,Jakub Vrana,L,WSH,2019-01,94.0,12,7.8333
8477944,Jakub Vrana,L,WSH,2019-02,92.0,14,6.5714
8477944,Jakub Vrana,L,WSH,2019-03,121.5,15,8.1
8477944,Jakub Vrana,L,WSH,2019-04,21.0,3,7.0
8477945,Julius Honka,D,DAL,2018-10,73.5,8,9.1875
8477945,Julius Honka,D,DAL,2018-11,78.0,11,7.0909
8477945,Julius Honka,D,DAL,2018-12,42.5,4,10.625
8477945,Julius Honka,D,DAL,2019-01,29.5,6,4.9167
8477946,Dylan Larkin,C,DET,2018-10,208.5,12,17.375
8477946,Dylan Larkin,C,DET,2018-11,278.5,13,21.4231
8477946,Dylan Larkin,C,DET,2018-12,295.5,16,18.4688
8477946,Dylan Larkin,C,DET,2019-01,186.5,10,18.65
8477946,Dylan Larkin,C,DET,2019-02,209.5,12,17.4583
8477946,Dylan Larkin,C,DET,2019-03,168.0,10,16.8
8477946,Dylan Larkin,C,DET,2019-04,38.0,3,12.6667
8477947,Sonny Milano,L,CBJ,2018-10,53.5,8,6.6875
8477948,Travis Sanheim,D,PHI,2018-10,66.5,12,5.5417
8477948,Travis Sanheim,D,PHI,2018-11,76.5,12,6.375
8477948,Travis Sanheim,D,PHI,2018-12,142.0,14,10.1429
8477948,Travis Sanheim,D,PHI,2019-01,138.5,13,10.6538
8477948,Travis Sanheim,D,PHI,2019-02,155.5,13,11.9615
8477948,Travis Sanheim,D,PHI,2019-03,185.5,15,12.3667
8477948,Travis Sanheim,D,PHI,2019-04,7.0,3,2.3333
8477949,Alex Tuch,R,VGK,2018-10,57.0,4,14.25
8477949,Alex Tuch,R,VGK,2018-11,154.0,15,10.2667
8477949,Alex Tuch,R,VGK,2018-12,175.0,15,11.6667
8477949,Alex Tuch,R,VGK,2019-01,104.0,10,10.4
8477949,Alex Tuch,R,VGK,2019-02,118.0,13,9.0769
8477949,Alex Tuch,R,VGK,2019-03,133.5,14,9.5357
8477949,Alex Tuch,R,VGK,2019-04,27.5,3,9.1667
8477950,Tony DeAngelo,D,NYR,2018-10,42.5,4,10.625
8477950,Tony DeAngelo,D,NYR,2018-11,160.0,13,12.3077
8477950,Tony DeAngelo,D,NYR,2018-12,71.5,8,8.9375
8477950,Tony DeAngelo,D,NYR,2019-01,74.5,7,10.6429
8477950,Tony DeAngelo,D,NYR,2019-02,118.0,12,9.8333
8477950,Tony DeAngelo,D,NYR,2019-03,153.0,14,10.9286
8477950,Tony DeAngelo,D,NYR,2019-04,23.5,3,7.8333
8477951,Nick Schmaltz,C,ARI,2018-10,116.5,13,8.9615
8477951,Nick Schmaltz,C,ARI,2018-11,51.5,12,4.2917
8477951,Nick Schmaltz,C,ARI,2018-12,108.0,15,7.2
8477952,Robby Fabbri,C,STL,2018-11,117.0,14,8.3571
8477952,Robby Fabbri,C,STL,2018-12,4.5,2,2.25
8477952,Robby Fabbri,C,STL,2019-01,19.5,7,2.7857
8477952,Robby Fabbri,C,STL,2019-02,19.5,5,3.9
8477952,Robby Fabbri,C,STL,2019-03,26.5,2,13.25
8477952,Robby Fabbri,C,STL,2019-04,24.5,2,12.25
8477953,Kasperi Kapanen,R,TOR,2018-10,112.0,12,9.3333
8477953,Kasperi Kapanen,R,TOR,2018-11,104.5,14,7.4643
8477953,Kasperi Kapanen,R,TOR,2018-12,85.0,13,6.5385
8477953,Kasperi Kapanen,R,TOR,2019-01,79.5,10,7.95
8477953,Kasperi Kapanen,R,TOR,2019-02,102.0,15,6.8
8477953,Kasperi Kapanen,R,TOR,2019-03,66.5,10,6.65
8477953,Kasperi Kapanen,R,TOR,2019-04,62.5,4,15.625
8477955,Jared McCann,C,PIT,2018-10,106.0,9,11.7778
8477955,Jared McCann,C,PIT,2018-11,155.5,14,11.1071
8477955,Jared McCann,C,PIT,2018-12,147.5,14,10.5357
8477955,Jared McCann,C,PIT,2019-01,78.5,9,8.7222
8477955,Jared McCann,C,PIT,2019-02,188.5,13,14.5
8477955,Jared McCann,C,PIT,2019-03,190.0,16,11.875
8477955,Jared McCann,C,PIT,2019-04,37.0,3,12.3333
8477956,David Pastrnak,R,BOS,2018-10,109.0,12,9.0833
8477956,David Pastrnak,R,BOS,2018-11,134.5,13,10.3462
8477956,David Pastrnak,R,BOS,2018-12,184.0,14,13.1429
8477956,David Pastrnak,R,BOS,2019-01,140.0,12,11.6667
8477956,David Pastrnak,R,BOS,2019-02,48.5,5,9.7
8477956,David Pastrnak,R,BOS,2019-03,86.5,7,12.3571
8477956,David Pastrnak,R,BOS,2019-04,30.5,3,10.1667
8477957,Nikita Scherbak,R,LAK,2018-12,33.0,7,4.7143
8477957,Nikita Scherbak,R,LAK,2019-01,15.0,1,15.0
8477958,Nikolay Goldobin,R,VAN,2018-10,61.0,14,4.3571
8477958,Nikolay Goldobin,R,VAN,2018-11,68.5,14,4.8929
8477958,Nikolay Goldobin,R,VAN,2018-12,49.5,13,3.8077
8477958,Nikolay Goldobin,R,VAN,2019-01,12.5,3,4.1667
8477958,Nikolay Goldobin,R,VAN,2019-02,52.5,12,4.375
8477958,Nikolay Goldobin,R,VAN,2019-03,21.5,7,3.0714
8477959,Joshua Ho-Sang,C,NYI,2018-12,39.5,8,4.9375
8477959,Joshua Ho-Sang,C,NYI,2019-01,2.0,2,1.0
8477960,Adrian Kempe,L,LAK,2018-10,98.5,11,8.9545
8477960,Adrian Kempe,L,LAK,2018-11,92.5,15,6.1667
8477960,Adrian Kempe,L,LAK,2018-12,122.0,13,9.3846
8477960,Adrian Kempe,L,LAK,2019-01,79.5,10,7.95
8477960,Adrian Kempe,L,LAK,2019-02,151.0,14,10.7857
8477960,Adrian Kempe,L,LAK,2019-03,148.5,14,10.6071
8477960,Adrian Kempe,L,LAK,2019-04,43.5,4,10.875
8477961,John Quenneville,C,NJD,2018-10,52.0,5,10.4
8477961,John Quenneville,C,NJD,2018-12,71.5,9,7.9444
8477961,John Quenneville,C,NJD,2019-01,7.5,1,7.5
8477961,John Quenneville,C,NJD,2019-02,3.0,1,3.0
8477961,John Quenneville,C,NJD,2019-03,17.5,3,5.8333
8477962,Brendan Lemieux,L,NYR,2018-10,38.0,7,5.4286
8477962,Brendan Lemieux,L,NYR,2018-11,37.0,5,7.4
8477962,Brendan Lemieux,L,NYR,2018-12,134.0,11,12.1818
8477962,Brendan Lemieux,L,NYR,2019-01,139.0,12,11.5833
8477962,Brendan Lemieux,L,NYR,2019-02,199.0,10,19.9
8477962,Brendan Lemieux,L,NYR,2019-03,228.5,14,16.3214
8477962,Brendan Lemieux,L,NYR,2019-04,62.5,4,15.625
8477963,Jayce Hawryluk,C,FLA,2018-12,100.5,8,12.5625
8477963,Jayce Hawryluk,C,FLA,2019-01,92.0,8,11.5
8477963,Jayce Hawryluk,C,FLA,2019-02,163.5,11,14.8636
8477963,Jayce Hawryluk,C,FLA,2019-03,188.5,13,14.5
8477963,Jayce Hawryluk,C,FLA,2019-04,37.5,2,18.75
8477964,Ivan Barbashev,C,STL,2018-10,97.5,10,9.75
8477964,Ivan Barbashev,C,STL,2018-11,145.0,12,12.0833
8477964,Ivan Barbashev,C,STL,2018-12,132.0,13,10.1538
8477964,Ivan Barbashev,C,STL,2019-01,99.5,12,8.2917
8477964,Ivan Barbashev,C,STL,2019-02,114.5,14,8.1786
8477964,Ivan Barbashev,C,STL,2019-03,198.0,15,13.2
8477964,Ivan Barbashev,C,STL,2019-04,47.5,4,11.875
8477967,Thatcher Demko,G,VAN,2019-03,-10.0,0,0.0
8477967,Thatcher Demko,G,VAN,2019-04,-2.5,0,0.0
8477968,Alex Nedeljkovic,G,CAR,2019-01,-2.5,0,0.0
8477969,Marcus Pettersson,D,PIT,2018-10,95.0,12,7.9167
8477969,Marcus Pettersson,D,PIT,2018-11,140.5,14,10.0357
8477969,Marcus Pettersson,D,PIT,2018-12,183.5,15,12.2333
8477969,Marcus Pettersson,D,PIT,2019-01,149.0,11,13.5455
8477969,Marcus Pettersson,D,PIT,2019-02,235.5,13,18.1154
8477969,Marcus Pettersson,D,PIT,2019-03,218.5,16,13.6562
8477969,Marcus Pettersson,D,PIT,2019-04,30.0,3,10.0
8477971,Andreas Englund,D,OTT,2019-04,36.5,3,12.1667
8477972,Josh Jacobs,D,NJD,2019-03,5.0,1,5.0
8477973,Vladislav Kamenev,C,COL,2018-10,64.0,7,9.1429
8477973,Vladislav Kamenev,C,COL,2018-11,96.5,13,7.4231
8477973,Vladislav Kamenev,C,COL,2018-12,12.5,3,4.1667
8477979,Nicolas Aube-Kubel,R,PHI,2018-10,13.5,1,13.5
8477979,Nicolas Aube-Kubel,R,PHI,2018-11,50.0,8,6.25
8477986,Brandon Montour,D,BUF,2018-10,168.0,13,12.9231
8477986,Brandon Montour,D,BUF,2018-11,174.5,15,11.6333
8477986,Brandon Montour,D,BUF,2018-12,172.0,13,13.2308
8477986,Brandon Montour,D,BUF,2019-01,102.5,10,10.25
8477986,Brandon Montour,D,BUF,2019-02,120.5,12,10.0417
8477986,Brandon Montour,D,BUF,2019-03,180.5,16,11.2812
8477986,Brandon Montour,D,BUF,2019-04,19.0,3,6.3333
8477987,Ryan Donato,C,MIN,2018-10,68.5,11,6.2273
8477987,Ryan Donato,C,MIN,2018-11,17.5,1,17.5
8477987,Ryan Donato,C,MIN,2018-12,110.5,14,7.8929
8477987,Ryan Donato,C,MIN,2019-01,60.5,8,7.5625
8477987,Ryan Donato,C,MIN,2019-02,15.0,4,3.75
8477987,Ryan Donato,C,MIN,2019-03,143.5,15,9.5667
8477987,Ryan Donato,C,MIN,2019-04,15.5,3,5.1667
8477989,Christian Dvorak,L,ARI,2019-02,24.0,2,12.0
8477989,Christian Dvorak,L,ARI,2019-03,150.0,15,10.0
8477989,Christian Dvorak,L,ARI,2019-04,40.0,3,13.3333
8477994,Dominic Turgeon,C,DET,2019-03,11.0,1,11.0
8477994,Dominic Turgeon,C,DET,2019-04,22.5,3,7.5
8477996,Juho Lammikko,L,FLA,2018-10,66.0,8,8.25
8477996,Juho Lammikko,L,FLA,2018-11,101.5,15,6.7667
8477996,Juho Lammikko,L,FLA,2018-12,72.5,11,6.5909
8477996,Juho Lammikko,L,FLA,2019-01,91.0,6,15.1667
8477998,Warren Foegele,L,CAR,2018-10,180.0,12,15.0
8477998,Warren Foegele,L,CAR,2018-11,177.5,13,13.6538
8477998,Warren Foegele,L,CAR,2018-12,164.5,13,12.6538
8477998,Warren Foegele,L,CAR,2019-01,104.0,12,8.6667
8477998,Warren Foegele,L,CAR,2019-02,115.5,13,8.8846
8477998,Warren Foegele,L,CAR,2019-03,122.5,11,11.1364
8477998,Warren Foegele,L,CAR,2019-04,37.5,3,12.5
8478010,Brayden Point,C,TBL,2018-10,122.0,11,11.0909
8478010,Brayden Point,C,TBL,2018-11,144.0,15,9.6
8478010,Brayden Point,C,TBL,2018-12,176.0,14,12.5714
8478010,Brayden Point,C,TBL,2019-01,129.0,10,12.9
8478010,Brayden Point,C,TBL,2019-02,123.5,13,9.5
8478010,Brayden Point,C,TBL,2019-03,111.5,13,8.5769
8478010,Brayden Point,C,TBL,2019-04,42.5,3,14.1667
8478011,Louie Belpedio,D,MIN,2019-01,21.0,2,10.5
8478017,Mark Friedman,D,PHI,2019-04,6.0,1,6.0
8478020,Michael Amadio,C,LAK,2018-10,43.0,9,4.7778
8478020,Michael Amadio,C,LAK,2018-11,23.5,6,3.9167
8478020,Michael Amadio,C,LAK,2018-12,69.5,13,5.3462
8478020,Michael Amadio,C,LAK,2019-02,55.0,9,6.1111
8478020,Michael Amadio,C,LAK,2019-03,29.0,3,9.6667
8478020,Michael Amadio,C,LAK,2019-04,20.5,3,6.8333
8478027,Lucas Wallmark,C,CAR,2018-10,114.0,12,9.5
8478027,Lucas Wallmark,C,CAR,2018-11,166.0,13,12.7692
8478027,Lucas Wallmark,C,CAR,2018-12,205.0,13,15.7692
8478027,Lucas Wallmark,C,CAR,2019-01,151.0,12,12.5833
8478027,Lucas Wallmark,C,CAR,2019-02,140.0,13,10.7692
8478027,Lucas Wallmark,C,CAR,2019-03,171.0,15,11.4
8478027,Lucas Wallmark,C,CAR,2019-04,55.5,3,18.5
8478029,Chase De Leo,C,ANA,2019-03,4.5,1,4.5
8478031,Nelson Nogier,D,WPG,2018-12,7.0,1,7.0
8478036,Christoffer Ehn,C,DET,2018-10,100.5,9,11.1667
8478036,Christoffer Ehn,C,DET,2018-11,14.5,3,4.8333
8478036,Christoffer Ehn,C,DET,2018-12,124.0,13,9.5385
8478036,Christoffer Ehn,C,DET,2019-01,51.5,9,5.7222
8478036,Christoffer Ehn,C,DET,2019-02,86.5,10,8.65
8478036,Christoffer Ehn,C,DET,2019-03,131.5,13,10.1154
8478036,Christoffer Ehn,C,DET,2019-04,54.0,3,18.0
8478038,Devon Toews,D,NYI,2018-12,15.5,4,3.875
8478038,Devon Toews,D,NYI,2019-01,69.5,11,6.3182
8478038,Devon Toews,D,NYI,2019-02,58.5,14,4.1786
8478038,Devon Toews,D,NYI,2019-03,71.0,16,4.4375
8478038,Devon Toews,D,NYI,2019-04,15.5,3,5.1667
8478042,Viktor Arvidsson,L,NSH,2018-10,115.5,12,9.625
8478042,Viktor Arvidsson,L,NSH,2018-11,7.5,1,7.5
8478042,Viktor Arvidsson,L,NSH,2018-12,36.0,3,12.0
8478042,Viktor Arvidsson,L,NSH,2019-01,180.0,12,15.0
8478042,Viktor Arvidsson,L,NSH,2019-02,141.0,14,10.0714
8478042,Viktor Arvidsson,L,NSH,2019-03,118.0,13,9.0769
8478042,Viktor Arvidsson,L,NSH,2019-04,18.5,3,6.1667
8478046,Danton Heinen,L,BOS,2018-10,61.5,10,6.15
8478046,Danton Heinen,L,BOS,2018-11,99.5,13,7.6538
8478046,Danton Heinen,L,BOS,2018-12,81.0,14,5.7857
8478046,Danton Heinen,L,BOS,2019-01,81.5,12,6.7917
8478046,Danton Heinen,L,BOS,2019-02,88.0,11,8.0
8478046,Danton Heinen,L,BOS,2019-03,95.0,15,6.3333
8478046,Danton Heinen,L,BOS,2019-04,17.0,2,8.5
8478047,Michael Bunting,L,ARI,2018-12,31.0,4,7.75
8478047,Michael Bunting,L,ARI,2019-02,16.0,1,16.0
8478055,Gustav Forsling,D,CHI,2018-11,75.5,8,9.4375
8478055,Gustav Forsling,D,CHI,2018-12,62.0,9,6.8889
8478055,Gustav Forsling,D,CHI,2019-01,12.0,2,6.0
8478055,Gustav Forsling,D,CHI,2019-02,75.0,8,9.375
8478055,Gustav Forsling,D,CHI,2019-03,112.5,13,8.6538
8478055,Gustav Forsling,D,CHI,2019-04,24.0,3,8.0
8478056,Clark Bishop,C,CAR,2018-10,18.0,2,9.0
8478056,Clark Bishop,C,CAR,2018-11,55.0,6,9.1667
8478056,Clark Bishop,C,CAR,2018-12,164.5,11,14.9545
8478056,Clark Bishop,C,CAR,2019-01,3.0,1,3.0
8478067,Oskar Lindblom,L,PHI,2018-10,118.5,12,9.875
8478067,Oskar Lindblom,L,PHI,2018-11,108.5,12,9.0417
8478067,Oskar Lindblom,L,PHI,2018-12,71.5,13,5.5
8478067,Oskar Lindblom,L,PHI,2019-01,107.0,13,8.2308
8478067,Oskar Lindblom,L,PHI,2019-02,153.0,13,11.7692
8478067,Oskar Lindblom,L,PHI,2019-03,122.0,15,8.1333
8478067,Oskar Lindblom,L,PHI,2019-04,37.0,3,12.3333
8478073,Anton Lindholm,D,COL,2018-12,10.0,2,5.0
8478075,Anders Bjork,L,BOS,2018-10,69.0,10,6.9
8478075,Anders Bjork,L,BOS,2018-11,47.0,10,4.7
8478078,Rourke Chartier,C,SJS,2018-10,81.0,8,10.125
8478078,Rourke Chartier,C,SJS,2018-11,41.0,5,8.2
8478099,Kevin Labanc,R,SJS,2018-10,115.0,12,9.5833
8478099,Kevin Labanc,R,SJS,2018-11,91.0,14,6.5
8478099,Kevin Labanc,R,SJS,2018-12,66.5,15,4.4333
8478099,Kevin Labanc,R,SJS,2019-01,39.0,11,3.5455
8478099,Kevin Labanc,R,SJS,2019-02,90.0,12,7.5
8478099,Kevin Labanc,R,SJS,2019-03,85.0,15,5.6667
8478099,Kevin Labanc,R,SJS,2019-04,6.0,3,2.0
8478104,Sammy Blais,L,STL,2018-10,131.5,8,16.4375
8478104,Sammy Blais,L,STL,2018-11,104.5,7,14.9286
8478104,Sammy Blais,L,STL,2018-12,13.5,1,13.5
8478104,Sammy Blais,L,STL,2019-01,99.0,8,12.375
8478104,Sammy Blais,L,STL,2019-02,47.5,3,15.8333
8478104,Sammy Blais,L,STL,2019-03,64.5,5,12.9
8478106,Dylan Sikura,C,CHI,2018-12,35.0,9,3.8889
8478106,Dylan Sikura,C,CHI,2019-01,7.5,2,3.75
8478106,Dylan Sikura,C,CHI,2019-02,36.5,8,4.5625
8478106,Dylan Sikura,C,CHI,2019-03,60.5,13,4.6538
8478106,Dylan Sikura,C,CHI,2019-04,3.5,1,3.5
8478109,Victor Olofsson,R,BUF,2019-03,14.5,3,4.8333
8478109,Victor Olofsson,R,BUF,2019-04,2.0,3,0.6667
8478131,Ondrej Kase,R,ANA,2018-11,74.0,10,7.4
8478131,Ondrej Kase,R,ANA,2018-12,147.5,13,11.3462
8478131,Ondrej Kase,R,ANA,2019-01,33.5,7,4.7857
8478136,Jake Middleton,D,SJS,2019-01,4.5,1,4.5
8478136,Jake Middleton,D,SJS,2019-04,8.0,2,4.0
8478176,Joe Hicketts,D,DET,2018-10,106.5,8,13.3125
8478176,Joe Hicketts,D,DET,2019-04,59.0,3,19.6667
8478211,Dryden Hunt,L,FLA,2018-11,70.5,7,10.0714
8478211,Dryden Hunt,L,FLA,2018-12,84.5,6,14.0833
8478211,Dryden Hunt,L,FLA,2019-02,36.5,3,12.1667
8478211,Dryden Hunt,L,FLA,2019-03,135.5,13,10.4231
8478211,Dryden Hunt,L,FLA,2019-04,17.0,2,8.5
8478233,Andrew Mangiapane,L,CGY,2018-12,51.0,7,7.2857
8478233,Andrew Mangiapane,L,CGY,2019-01,33.5,6,5.5833
8478233,Andrew Mangiapane,L,CGY,2019-02,102.5,13,7.8846
8478233,Andrew Mangiapane,L,CGY,2019-03,120.0,15,8.0
8478233,Andrew Mangiapane,L,CGY,2019-04,25.5,3,8.5
8478268,Jack Rodewald,R,OTT,2018-11,9.0,1,9.0
8478268,Jack Rodewald,R,OTT,2018-12,13.0,2,6.5
8478268,Jack Rodewald,R,OTT,2019-01,4.5,1,4.5
8478268,Jack Rodewald,R,OTT,2019-02,17.5,2,8.75
8478365,Danick Martel,L,TBL,2018-11,10.5,1,10.5
8478365,Danick Martel,L,TBL,2018-12,30.0,3,10.0
8478365,Danick Martel,L,TBL,2019-01,11.0,2,5.5
8478365,Danick Martel,L,TBL,2019-02,21.5,2,10.75
8478365,Danick Martel,L,TBL,2019-04,8.0,1,8.0
8478366,Frank Vatrano,C,FLA,2018-10,92.0,8,11.5
8478366,Frank Vatrano,C,FLA,2018-11,189.5,15,12.6333
8478366,Frank Vatrano,C,FLA,2018-12,167.5,14,11.9643
8478366,Frank Vatrano,C,FLA,2019-01,131.5,10,13.15
8478366,Frank Vatrano,C,FLA,2019-02,197.5,15,13.1667
8478366,Frank Vatrano,C,FLA,2019-03,225.0,16,14.0625
8478366,Frank Vatrano,C,FLA,2019-04,35.0,3,11.6667
8478373,Nikita Soshnikov,R,STL,2018-11,29.0,5,5.8
8478396,Noah Hanifin,D,CGY,2018-10,132.0,13,10.1538
8478396,Noah Hanifin,D,CGY,2018-11,107.0,13,8.2308
8478396,Noah Hanifin,D,CGY,2018-12,119.5,14,8.5357
8478396,Noah Hanifin,D,CGY,2019-01,53.0,11,4.8182
8478396,Noah Hanifin,D,CGY,2019-02,117.0,13,9.0
8478396,Noah Hanifin,D,CGY,2019-03,82.5,15,5.5
8478396,Noah Hanifin,D,CGY,2019-04,2.5,1,2.5
8478397,Rasmus Andersson,D,CGY,2018-10,145.5,11,13.2273
8478397,Rasmus Andersson,D,CGY,2018-11,87.5,12,7.2917
8478397,Rasmus Andersson,D,CGY,2018-12,98.0,14,7.0
8478397,Rasmus Andersson,D,CGY,2019-01,95.5,11,8.6818
8478397,Rasmus Andersson,D,CGY,2019-02,99.0,13,7.6154
8478397,Rasmus Andersson,D,CGY,2019-03,90.0,15,6.0
8478397,Rasmus Andersson,D,CGY,2019-04,7.0,3,2.3333
8478398,Kyle Connor,L,WPG,2018-10,39.0,12,3.25
8478398,Kyle Connor,L,WPG,2018-11,82.0,12,6.8333
8478398,Kyle Connor,L,WPG,2018-12,72.0,15,4.8
8478398,Kyle Connor,L,WPG,2019-01,74.0,12,6.1667
8478398,Kyle Connor,L,WPG,2019-02,79.0,12,6.5833
8478398,Kyle Connor,L,WPG,2019-03,122.5,15,8.1667
8478398,Kyle Connor,L,WPG,2019-04,41.5,4,10.375
8478399,Jonas Siegenthaler,D,WSH,2018-11,29.0,3,9.6667
8478399,Jonas Siegenthaler,D,WSH,2018-12,105.0,10,10.5
8478399,Jonas Siegenthaler,D,WSH,2019-01,99.5,9,11.0556
8478399,Jonas Siegenthaler,D,WSH,2019-02,31.5,3,10.5
8478399,Jonas Siegenthaler,D,WSH,2019-04,9.0,1,9.0
8478400,Colin White,C,OTT,2018-10,89.0,11,8.0909
8478400,Colin White,C,OTT,2018-11,177.0,14,12.6429
8478400,Colin White,C,OTT,2018-12,177.0,14,12.6429
8478400,Colin White,C,OTT,2019-01,38.0,5,7.6
8478400,Colin White,C,OTT,2019-02,149.0,14,10.6429
8478400,Colin White,C,OTT,2019-03,61.0,9,6.7778
8478400,Colin White,C,OTT,2019-04,2.0,4,0.5
8478401,Pavel Zacha,C,NJD,2018-10,104.5,9,11.6111
8478401,Pavel Zacha,C,NJD,2018-11,134.5,10,13.45
8478401,Pavel Zacha,C,NJD,2018-12,170.5,14,12.1786
8478401,Pavel Zacha,C,NJD,2019-01,121.5,12,10.125
8478401,Pavel Zacha,C,NJD,2019-02,74.5,8,9.3125
8478401,Pavel Zacha,C,NJD,2019-03,52.5,5,10.5
8478401,Pavel Zacha,C,NJD,2019-04,39.0,3,13.0
8478402,Connor McDavid,C,EDM,2018-10,174.5,11,15.8636
8478402,Connor McDavid,C,EDM,2018-11,160.5,14,11.4643
8478402,Connor McDavid,C,EDM,2018-12,206.0,13,15.8462
8478402,Connor McDavid,C,EDM,2019-01,208.0,11,18.9091
8478402,Connor McDavid,C,EDM,2019-02,182.0,11,16.5455
8478402,Connor McDavid,C,EDM,2019-03,177.5,14,12.6786
8478402,Connor McDavid,C,EDM,2019-04,59.0,4,14.75
8478403,Jack Eichel,C,BUF,2018-10,188.0,12,15.6667
8478403,Jack Eichel,C,BUF,2018-11,160.5,15,10.7
8478403,Jack Eichel,C,BUF,2018-12,195.5,13,15.0385
8478403,Jack Eichel,C,BUF,2019-01,109.5,7,15.6429
8478403,Jack Eichel,C,BUF,2019-02,181.0,13,13.9231
8478403,Jack Eichel,C,BUF,2019-03,236.0,14,16.8571
8478403,Jack Eichel,C,BUF,2019-04,28.0,3,9.3333
8478406,Mackenzie Blackwood,G,NJD,2019-01,-5.0,0,0.0
8478406,Mackenzie Blackwood,G,NJD,2019-03,-10.0,0,0.0
8478406,Mackenzie Blackwood,G,NJD,2019-04,6.0,0,0.0
8478407,Vince Dunn,D,STL,2018-10,55.0,8,6.875
8478407,Vince Dunn,D,STL,2018-11,105.0,14,7.5
8478407,Vince Dunn,D,STL,2018-12,60.5,13,4.6538
8478407,Vince Dunn,D,STL,2019-01,68.0,10,6.8
8478407,Vince Dunn,D,STL,2019-02,141.5,14,10.1071
8478407,Vince Dunn,D,STL,2019-03,116.0,15,7.7333
8478407,Vince Dunn,D,STL,2019-04,22.5,4,5.625
8478408,Travis Dermott,D,TOR,2018-10,87.5,9,9.7222
8478408,Travis Dermott,D,TOR,2018-11,160.0,14,11.4286
8478408,Travis Dermott,D,TOR,2018-12,143.5,13,11.0385
8478408,Travis Dermott,D,TOR,2019-01,125.5,10,12.55
8478408,Travis Dermott,D,TOR,2019-02,144.5,14,10.3214
8478408,Travis Dermott,D,TOR,2019-03,23.0,1,23.0
8478408,Travis Dermott,D,TOR,2019-04,21.5,3,7.1667
8478409,Anthony Richard,C,NSH,2018-12,4.5,1,4.5
8478413,Jordan Greenway,L,MIN,2018-10,98.5,11,8.9545
8478413,Jordan Greenway,L,MIN,2018-11,107.5,13,8.2692
8478413,Jordan Greenway,L,MIN,2018-12,90.5,13,6.9615
8478413,Jordan Greenway,L,MIN,2019-01,124.5,12,10.375
8478413,Jordan Greenway,L,MIN,2019-02,110.5,14,7.8929
8478413,Jordan Greenway,L,MIN,2019-03,113.0,15,7.5333
8478413,Jordan Greenway,L,MIN,2019-04,13.5,3,4.5
8478414,Timo Meier,R,SJS,2018-10,134.5,12,11.2083
8478414,Timo Meier,R,SJS,2018-11,207.0,13,15.9231
8478414,Timo Meier,R,SJS,2018-12,117.5,13,9.0385
8478414,Timo Meier,R,SJS,2019-01,113.0,11,10.2727
8478414,Timo Meier,R,SJS,2019-02,150.0,12,12.5
8478414,Timo Meier,R,SJS,2019-03,232.5,15,15.5
8478414,Timo Meier,R,SJS,2019-04,26.5,2,13.25
8478415,Jakub Zboril,D,BOS,2018-11,10.0,2,5.0
8478416,Erik Cernak,D,TBL,2018-11,153.5,9,17.0556
8478416,Erik Cernak,D,TBL,2018-12,234.0,12,19.5
8478416,Erik Cernak,D,TBL,2019-01,168.0,8,21.0
8478416,Erik Cernak,D,TBL,2019-02,241.0,12,20.0833
8478416,Erik Cernak,D,TBL,2019-03,245.0,13,18.8462
8478416,Erik Cernak,D,TBL,2019-04,93.5,4,23.375
8478417,Jakob Forsbacka Karlsson,C,BOS,2018-11,78.5,9,8.7222
8478417,Jakob Forsbacka Karlsson,C,BOS,2018-12,74.5,9,8.2778
8478417,Jakob Forsbacka Karlsson,C,BOS,2019-01,62.0,10,6.2
8478420,Mikko Rantanen,R,COL,2018-10,138.0,12,11.5
8478420,Mikko Rantanen,R,COL,2018-11,145.0,14,10.3571
8478420,Mikko Rantanen,R,COL,2018-12,129.5,14,9.25
8478420,Mikko Rantanen,R,COL,2019-01,100.5,10,10.05
8478420,Mikko Rantanen,R,COL,2019-02,151.5,14,10.8214
8478420,Mikko Rantanen,R,COL,2019-03,147.0,10,14.7
8478421,A.J. Greer,L,COL,2018-11,9.0,1,9.0
8478421,A.J. Greer,L,COL,2018-12,23.5,4,5.875
8478421,A.J. Greer,L,COL,2019-02,126.5,10,12.65
8478425,Brendan Guhle,D,ANA,2018-12,9.0,2,4.5
8478425,Brendan Guhle,D,ANA,2019-02,25.0,2,12.5
8478425,Brendan Guhle,D,ANA,2019-03,52.5,3,17.5
8478425,Brendan Guhle,D,ANA,2019-04,5.5,1,5.5
8478427,Sebastian Aho,R,CAR,2018-10,189.5,12,15.7917
8478427,Sebastian Aho,R,CAR,2018-11,172.5,13,13.2692
8478427,Sebastian Aho,R,CAR,2018-12,215.0,13,16.5385
8478427,Sebastian Aho,R,CAR,2019-01,217.5,12,18.125
8478427,Sebastian Aho,R,CAR,2019-02,121.0,13,9.3077
8478427,Sebastian Aho,R,CAR,2019-03,198.0,16,12.375
8478427,Sebastian Aho,R,CAR,2019-04,45.5,3,15.1667
8478430,Oliver Kylington,D,CGY,2018-11,20.0,3,6.6667
8478430,Oliver Kylington,D,CGY,2018-12,68.0,13,5.2308
8478430,Oliver Kylington,D,CGY,2019-01,89.0,10,8.9
8478430,Oliver Kylington,D,CGY,2019-02,61.5,9,6.8333
8478430,Oliver Kylington,D,CGY,2019-03,0.0,1,0.0
8478430,Oliver Kylington,D,CGY,2019-04,11.0,2,5.5
8478432,Christian Fischer,R,ARI,2018-10,118.5,11,10.7727
8478432,Christian Fischer,R,ARI,2018-11,140.0,13,10.7692
8478432,Christian Fischer,R,ARI,2018-12,163.0,15,10.8667
8478432,Christian Fischer,R,ARI,2019-01,116.0,11,10.5455
8478432,Christian Fischer,R,ARI,2019-02,109.0,10,10.9
8478432,Christian Fischer,R,ARI,2019-03,111.0,10,11.1
8478432,Christian Fischer,R,ARI,2019-04,4.5,1,4.5
8478439,Travis Konecny,C,PHI,2018-10,113.0,12,9.4167
8478439,Travis Konecny,C,PHI,2018-11,102.0,12,8.5
8478439,Travis Konecny,C,PHI,2018-12,158.0,14,11.2857
8478439,Travis Konecny,C,PHI,2019-01,102.5,13,7.8846
8478439,Travis Konecny,C,PHI,2019-02,148.5,13,11.4231
8478439,Travis Konecny,C,PHI,2019-03,135.5,15,9.0333
8478439,Travis Konecny,C,PHI,2019-04,32.5,3,10.8333
8478440,Dylan Strome,C,CHI,2018-10,83.5,10,8.35
8478440,Dylan Strome,C,CHI,2018-11,117.0,12,9.75
8478440,Dylan Strome,C,CHI,2018-12,161.0,15,10.7333
8478440,Dylan Strome,C,CHI,2019-01,109.0,10,10.9
8478440,Dylan Strome,C,CHI,2019-02,128.5,13,9.8846
8478440,Dylan Strome,C,CHI,2019-03,81.5,14,5.8214
8478440,Dylan Strome,C,CHI,2019-04,24.5,4,6.125
8478442,Cooper Marody,C,EDM,2018-10,14.5,2,7.25
8478442,Cooper Marody,C,EDM,2018-11,5.0,4,1.25
8478443,Brandon Carlo,D,BOS,2018-10,184.5,12,15.375
8478443,Brandon Carlo,D,BOS,2018-11,55.0,4,13.75
8478443,Brandon Carlo,D,BOS,2018-12,228.0,14,16.2857
8478443,Brandon Carlo,D,BOS,2019-01,170.0,12,14.1667
8478443,Brandon Carlo,D,BOS,2019-02,202.5,13,15.5769
8478443,Brandon Carlo,D,BOS,2019-03,192.5,15,12.8333
8478443,Brandon Carlo,D,BOS,2019-04,27.0,2,13.5
8478444,Brock Boeser,R,VAN,2018-10,43.5,12,3.625
8478444,Brock Boeser,R,VAN,2018-11,39.5,3,13.1667
8478444,Brock Boeser,R,VAN,2018-12,41.0,14,2.9286
8478444,Brock Boeser,R,VAN,2019-01,51.5,9,5.7222
8478444,Brock Boeser,R,VAN,2019-02,97.5,14,6.9643
8478444,Brock Boeser,R,VAN,2019-03,49.5,14,3.5357
8478444,Brock Boeser,R,VAN,2019-04,12.0,3,4.0
8478445,Mathew Barzal,C,NYI,2018-10,124.0,11,11.2727
8478445,Mathew Barzal,C,NYI,2018-11,159.0,13,12.2308
8478445,Mathew Barzal,C,NYI,2018-12,161.5,14,11.5357
8478445,Mathew Barzal,C,NYI,2019-01,137.0,11,12.4545
8478445,Mathew Barzal,C,NYI,2019-02,158.5,14,11.3214
8478445,Mathew Barzal,C,NYI,2019-03,167.5,16,10.4688
8478445,Mathew Barzal,C,NYI,2019-04,34.5,3,11.5
8478449,Roope Hintz,L,DAL,2018-10,55.0,5,11.0
8478449,Roope Hintz,L,DAL,2018-11,51.0,7,7.2857
8478449,Roope Hintz,L,DAL,2018-12,54.5,4,13.625
8478449,Roope Hintz,L,DAL,2019-01,123.5,10,12.35
8478449,Roope Hintz,L,DAL,2019-02,200.5,14,14.3214
8478449,Roope Hintz,L,DAL,2019-03,251.5,15,16.7667
8478449,Roope Hintz,L,DAL,2019-04,24.0,3,8.0
8478452,Caleb Jones,D,EDM,2018-12,53.5,7,7.6429
8478452,Caleb Jones,D,EDM,2019-01,89.5,10,8.95
8478454,Noah Juulsen,D,MTL,2018-10,164.5,9,18.2778
8478454,Noah Juulsen,D,MTL,2018-11,163.0,8,20.375
8478454,Noah Juulsen,D,MTL,2018-12,38.5,4,9.625
8478455,Austin Wagner,L,LAK,2018-10,67.5,7,9.6429
8478455,Austin Wagner,L,LAK,2018-11,78.0,8,9.75
8478455,Austin Wagner,L,LAK,2018-12,88.0,11,8.0
8478455,Austin Wagner,L,LAK,2019-01,54.0,8,6.75
8478455,Austin Wagner,L,LAK,2019-02,173.5,14,12.3929
8478455,Austin Wagner,L,LAK,2019-03,141.0,10,14.1
8478455,Austin Wagner,L,LAK,2019-04,21.5,4,5.375
8478458,Jack Roslovic,C,WPG,2018-10,44.5,12,3.7083
8478458,Jack Roslovic,C,WPG,2018-11,57.5,11,5.2273
8478458,Jack Roslovic,C,WPG,2018-12,65.5,15,4.3667
8478458,Jack Roslovic,C,WPG,2019-01,65.0,12,5.4167
8478458,Jack Roslovic,C,WPG,2019-02,59.5,12,4.9583
8478458,Jack Roslovic,C,WPG,2019-03,43.0,11,3.9091
8478458,Jack Roslovic,C,WPG,2019-04,23.5,4,5.875
8478460,Zach Werenski,D,CBJ,2018-10,73.0,11,6.6364
8478460,Zach Werenski,D,CBJ,2018-11,110.5,14,7.8929
8478460,Zach Werenski,D,CBJ,2018-12,110.5,14,7.8929
8478460,Zach Werenski,D,CBJ,2019-01,100.0,11,9.0909
8478460,Zach Werenski,D,CBJ,2019-02,107.5,13,8.2692
8478460,Zach Werenski,D,CBJ,2019-03,172.5,16,10.7812
8478460,Zach Werenski,D,CBJ,2019-04,23.0,3,7.6667
8478462,Nicolas Roy,C,CAR,2018-10,23.5,3,7.8333
8478462,Nicolas Roy,C,CAR,2018-11,27.0,3,9.0
8478463,Anthony Beauvillier,L,NYI,2018-10,56.0,10,5.6
8478463,Anthony Beauvillier,L,NYI,2018-11,106.0,13,8.1538
8478463,Anthony Beauvillier,L,NYI,2018-12,153.0,14,10.9286
8478463,Anthony Beauvillier,L,NYI,2019-01,132.0,11,12.0
8478463,Anthony Beauvillier,L,NYI,2019-02,103.5,14,7.3929
8478463,Anthony Beauvillier,L,NYI,2019-03,171.5,16,10.7188
8478463,Anthony Beauvillier,L,NYI,2019-04,20.5,3,6.8333
8478465,Guillaume Brisebois,D,VAN,2019-02,13.5,2,6.75
8478465,Guillaume Brisebois,D,VAN,2019-03,16.5,6,2.75
8478466,Daniel Sprong,R,ANA,2018-10,45.5,9,5.0556
8478466,Daniel Sprong,R,ANA,2018-11,31.0,7,4.4286
8478466,Daniel Sprong,R,ANA,2018-12,75.0,12,6.25
8478466,Daniel Sprong,R,ANA,2019-01,45.5,10,4.55
8478466,Daniel Sprong,R,ANA,2019-02,51.0,9,5.6667
8478466,Daniel Sprong,R,ANA,2019-03,50.5,14,3.6071
8478466,Daniel Sprong,R,ANA,2019-04,20.0,2,10.0
8478468,Jeremy Lauzon,D,BOS,2018-10,26.5,3,8.8333
8478468,Jeremy Lauzon,D,BOS,2018-11,76.5,10,7.65
8478468,Jeremy Lauzon,D,BOS,2018-12,9.5,2,4.75
8478468,Jeremy Lauzon,D,BOS,2019-04,15.5,1,15.5
8478469,Thomas Chabot,D,OTT,2018-10,139.0,11,12.6364
8478469,Thomas Chabot,D,OTT,2018-11,183.5,15,12.2333
8478469,Thomas Chabot,D,OTT,2018-12,168.0,12,14.0
8478469,Thomas Chabot,D,OTT,2019-01,41.0,4,10.25
8478469,Thomas Chabot,D,OTT,2019-02,157.0,14,11.2143
8478469,Thomas Chabot,D,OTT,2019-03,94.5,10,9.45
8478469,Thomas Chabot,D,OTT,2019-04,30.5,4,7.625
8478470,Samuel Montembeault,G,FLA,2019-03,-14.0,0,0.0
8478470,Samuel Montembeault,G,FLA,2019-04,-2.5,0,0.0
8478472,Mathieu Joseph,R,TBL,2018-10,121.5,11,11.0455
8478472,Mathieu Joseph,R,TBL,2018-11,147.5,15,9.8333
8478472,Mathieu Joseph,R,TBL,2018-12,111.0,8,13.875
8478472,Mathieu Joseph,R,TBL,2019-01,81.0,8,10.125
8478472,Mathieu Joseph,R,TBL,2019-02,108.5,12,9.0417
8478472,Mathieu Joseph,R,TBL,2019-03,141.5,12,11.7917
8478472,Mathieu Joseph,R,TBL,2019-04,51.0,4,12.75
8478474,Lawson Crouse,L,ARI,2018-10,136.0,11,12.3636
8478474,Lawson Crouse,L,ARI,2018-11,200.5,12,16.7083
8478474,Lawson Crouse,L,ARI,2018-12,201.0,15,13.4
8478474,Lawson Crouse,L,ARI,2019-01,193.0,11,17.5455
8478474,Lawson Crouse,L,ARI,2019-02,275.0,14,19.6429
8478474,Lawson Crouse,L,ARI,2019-03,259.0,15,17.2667
8478474,Lawson Crouse,L,ARI,2019-04,60.5,3,20.1667
8478476,Kyle Capobianco,D,ARI,2019-02,15.0,2,7.5
8478483,Mitch Marner,C,TOR,2018-10,123.5,12,10.2917
8478483,Mitch Marner,C,TOR,2018-11,101.0,14,7.2143
8478483,Mitch Marner,C,TOR,2018-12,87.0,13,6.6923
8478483,Mitch Marner,C,TOR,2019-01,60.5,10,6.05
8478483,Mitch Marner,C,TOR,2019-02,106.5,15,7.1
8478483,Mitch Marner,C,TOR,2019-03,72.0,14,5.1429
8478483,Mitch Marner,C,TOR,2019-04,38.0,4,9.5
8478485,Zach Senyshyn,R,BOS,2019-04,6.0,2,3.0
8478488,Filip Chlapik,C,OTT,2019-02,19.5,3,6.5
8478488,Filip Chlapik,C,OTT,2019-03,17.5,2,8.75
8478491,Jacob Larsson,D,ANA,2018-10,3.5,2,1.75
8478491,Jacob Larsson,D,ANA,2018-11,151.5,15,10.1
8478491,Jacob Larsson,D,ANA,2018-12,101.5,13,7.8077
8478491,Jacob Larsson,D,ANA,2019-01,71.5,8,8.9375
8478491,Jacob Larsson,D,ANA,2019-03,110.5,9,12.2778
8478491,Jacob Larsson,D,ANA,2019-04,15.5,2,7.75
8478493,Joel Eriksson Ek,C,MIN,2018-10,67.5,6,11.25
8478493,Joel Eriksson Ek,C,MIN,2018-11,192.5,12,16.0417
8478493,Joel Eriksson Ek,C,MIN,2018-12,102.5,9,11.3889
8478493,Joel Eriksson Ek,C,MIN,2019-01,87.5,9,9.7222
8478493,Joel Eriksson Ek,C,MIN,2019-02,260.0,11,23.6364
8478493,Joel Eriksson Ek,C,MIN,2019-03,106.5,8,13.3125
8478493,Joel Eriksson Ek,C,MIN,2019-04,57.5,3,19.1667
8478495,Denis Gurianov,R,DAL,2018-11,9.0,2,4.5
8478495,Denis Gurianov,R,DAL,2018-12,42.0,8,5.25
8478495,Denis Gurianov,R,DAL,2019-01,24.5,3,8.1667
8478495,Denis Gurianov,R,DAL,2019-02,39.0,8,4.875
8478498,Jake DeBrusk,L,BOS,2018-10,97.5,12,8.125
8478498,Jake DeBrusk,L,BOS,2018-11,128.5,13,9.8846
8478498,Jake DeBrusk,L,BOS,2018-12,28.0,5,5.6
8478498,Jake DeBrusk,L,BOS,2019-01,94.5,12,7.875
8478498,Jake DeBrusk,L,BOS,2019-02,134.5,13,10.3462
8478498,Jake DeBrusk,L,BOS,2019-03,92.0,10,9.2
8478498,Jake DeBrusk,L,BOS,2019-04,20.5,3,6.8333
8478500,Ivan Provorov,D,PHI,2018-10,153.0,12,12.75
8478500,Ivan Provorov,D,PHI,2018-11,108.0,12,9.0
8478500,Ivan Provorov,D,PHI,2018-12,127.5,14,9.1071
8478500,Ivan Provorov,D,PHI,2019-01,166.0,13,12.7692
8478500,Ivan Provorov,D,PHI,2019-02,165.0,13,12.6923
8478500,Ivan Provorov,D,PHI,2019-03,229.5,15,15.3
8478500,Ivan Provorov,D,PHI,2019-04,32.5,3,10.8333
8478502,Dennis Gilbert,D,CHI,2019-04,26.5,1,26.5
8478506,Gabriel Carlsson,D,CBJ,2018-10,12.0,1,12.0
8478512,Austin Czarnik,C,CGY,2018-10,40.5,8,5.0625
8478512,Austin Czarnik,C,CGY,2018-11,38.0,9,4.2222
8478512,Austin Czarnik,C,CGY,2018-12,32.5,6,5.4167
8478512,Austin Czarnik,C,CGY,2019-01,34.5,6,5.75
8478512,Austin Czarnik,C,CGY,2019-02,54.0,7,7.7143
8478512,Austin Czarnik,C,CGY,2019-03,92.0,15,6.1333
8478512,Austin Czarnik,C,CGY,2019-04,12.5,3,4.1667
8478519,Anthony Cirelli,C,TBL,2018-10,155.5,11,14.1364
8478519,Anthony Cirelli,C,TBL,2018-11,234.0,15,15.6
8478519,Anthony Cirelli,C,TBL,2018-12,220.0,14,15.7143
8478519,Anthony Cirelli,C,TBL,2019-01,168.0,10,16.8
8478519,Anthony Cirelli,C,TBL,2019-02,241.0,15,16.0667
8478519,Anthony Cirelli,C,TBL,2019-03,174.0,13,13.3846
8478519,Anthony Cirelli,C,TBL,2019-04,52.5,4,13.125
8478541,Markus Hannikainen,L,CBJ,2018-10,10.0,3,3.3333
8478541,Markus Hannikainen,L,CBJ,2018-11,129.5,14,9.25
8478541,Markus Hannikainen,L,CBJ,2018-12,126.5,14,9.0357
8478541,Markus Hannikainen,L,CBJ,2019-01,39.0,5,7.8
8478541,Markus Hannikainen,L,CBJ,2019-02,61.5,6,10.25
8478541,Markus Hannikainen,L,CBJ,2019-03,15.0,2,7.5
8478542,Evan Rodrigues,C,BUF,2018-10,115.5,10,11.55
8478542,Evan Rodrigues,C,BUF,2018-11,117.0,11,10.6364
8478542,Evan Rodrigues,C,BUF,2018-12,132.0,13,10.1538
8478542,Evan Rodrigues,C,BUF,2019-01,118.0,10,11.8
8478542,Evan Rodrigues,C,BUF,2019-02,116.5,13,8.9615
8478542,Evan Rodrigues,C,BUF,2019-03,171.5,14,12.25
8478542,Evan Rodrigues,C,BUF,2019-04,28.0,3,9.3333
8478550,Artemi Panarin,C,CBJ,2018-10,54.5,11,4.9545
8478550,Artemi Panarin,C,CBJ,2018-11,42.0,13,3.2308
8478550,Artemi Panarin,C,CBJ,2018-12,46.0,13,3.5385
8478550,Artemi Panarin,C,CBJ,2019-01,44.5,11,4.0455
8478550,Artemi Panarin,C,CBJ,2019-02,56.5,12,4.7083
8478550,Artemi Panarin,C,CBJ,2019-03,54.0,16,3.375
8478550,Artemi Panarin,C,CBJ,2019-04,6.5,3,2.1667
8478561,Andreas Martinsen,L,CHI,2018-10,61.0,5,12.2
8478561,Andreas Martinsen,L,CHI,2018-11,171.0,11,15.5455
8478561,Andreas Martinsen,L,CHI,2018-12,93.5,7,13.3571
8478561,Andreas Martinsen,L,CHI,2019-01,17.5,1,17.5
8478567,Dean Kukan,D,CBJ,2018-10,35.0,5,7.0
8478567,Dean Kukan,D,CBJ,2018-11,2.0,1,2.0
8478567,Dean Kukan,D,CBJ,2019-01,29.0,4,7.25
8478567,Dean Kukan,D,CBJ,2019-02,15.5,4,3.875
8478567,Dean Kukan,D,CBJ,2019-03,59.0,8,7.375
8478567,Dean Kukan,D,CBJ,2019-04,18.5,3,6.1667
8478569,Noel Acciari,C,BOS,2018-10,179.0,12,14.9167
8478569,Noel Acciari,C,BOS,2018-11,187.5,10,18.75
8478569,Noel Acciari,C,BOS,2018-12,221.0,10,22.1
8478569,Noel Acciari,C,BOS,2019-01,192.0,10,19.2
8478569,Noel Acciari,C,BOS,2019-02,305.5,13,23.5
8478569,Noel Acciari,C,BOS,2019-03,229.5,15,15.3
8478569,Noel Acciari,C,BOS,2019-04,32.5,2,16.25
8478585,Derek Ryan,C,CGY,2018-10,88.0,12,7.3333
8478585,Derek Ryan,C,CGY,2018-11,72.0,13,5.5385
8478585,Derek Ryan,C,CGY,2018-12,111.5,14,7.9643
8478585,Derek Ryan,C,CGY,2019-01,122.0,11,11.0909
8478585,Derek Ryan,C,CGY,2019-02,113.5,13,8.7308
8478585,Derek Ryan,C,CGY,2019-03,180.0,15,12.0
8478585,Derek Ryan,C,CGY,2019-04,63.5,3,21.1667
8478831,Kevin Stenlund,C,CBJ,2019-01,25.0,4,6.25
8478840,Will Borgen,D,BUF,2019-03,48.0,4,12.0
8478841,Colton White,D,NJD,2019-03,20.0,3,6.6667
8478843,Denis Malgin,C,FLA,2018-10,62.0,7,8.8571
8478843,Denis Malgin,C,FLA,2018-11,53.5,8,6.6875
8478843,Denis Malgin,C,FLA,2018-12,61.5,10,6.15
8478843,Denis Malgin,C,FLA,2019-01,50.0,9,5.5556
8478843,Denis Malgin,C,FLA,2019-02,100.0,12,8.3333
8478843,Denis Malgin,C,FLA,2019-03,26.0,3,8.6667
8478843,Denis Malgin,C,FLA,2019-04,16.5,1,16.5
8478844,Mikhail Vorobyev,C,PHI,2018-10,36.0,7,5.1429
8478844,Mikhail Vorobyev,C,PHI,2019-01,17.0,3,5.6667
8478844,Mikhail Vorobyev,C,PHI,2019-02,15.5,5,3.1
8478846,Christian Wolanin,D,OTT,2018-10,5.5,1,5.5
8478846,Christian Wolanin,D,OTT,2018-12,11.0,2,5.5
8478846,Christian Wolanin,D,OTT,2019-01,64.0,9,7.1111
8478846,Christian Wolanin,D,OTT,2019-02,8.0,2,4.0
8478846,Christian Wolanin,D,OTT,2019-03,75.5,13,5.8077
8478846,Christian Wolanin,D,OTT,2019-04,16.0,3,5.3333
8478856,Conor Garland,R,ARI,2018-12,56.5,12,4.7083
8478856,Conor Garland,R,ARI,2019-01,147.5,11,13.4091
8478856,Conor Garland,R,ARI,2019-02,110.0,14,7.8571
8478856,Conor Garland,R,ARI,2019-03,83.0,7,11.8571
8478856,Conor Garland,R,ARI,2019-04,25.5,3,8.5
8478866,Dominik Simon,C,PIT,2018-10,107.0,10,10.7
8478866,Dominik Simon,C,PIT,2018-11,81.0,14,5.7857
8478866,Dominik Simon,C,PIT,2018-12,60.0,7,8.5714
8478866,Dominik Simon,C,PIT,2019-01,133.5,11,12.1364
8478866,Dominik Simon,C,PIT,2019-02,81.0,10,8.1
8478866,Dominik Simon,C,PIT,2019-03,109.5,16,6.8438
8478866,Dominik Simon,C,PIT,2019-04,21.5,3,7.1667
8478868,Christian Jaros,D,OTT,2018-10,89.0,7,12.7143
8478868,Christian Jaros,D,OTT,2018-11,180.5,13,13.8846
8478868,Christian Jaros,D,OTT,2018-12,103.0,8,12.875
8478868,Christian Jaros,D,OTT,2019-01,123.5,9,13.7222
8478868,Christian Jaros,D,OTT,2019-02,131.5,12,10.9583
8478868,Christian Jaros,D,OTT,2019-03,133.0,8,16.625
8478868,Christian Jaros,D,OTT,2019-04,31.5,4,7.875
8478870,Rudolfs Balcers,L,OTT,2019-01,54.0,8,6.75
8478870,Rudolfs Balcers,L,OTT,2019-02,63.5,11,5.7727
8478870,Rudolfs Balcers,L,OTT,2019-03,102.5,14,7.3214
8478870,Rudolfs Balcers,L,OTT,2019-04,22.5,3,7.5
8478873,Troy Terry,C,ANA,2018-10,30.5,6,5.0833
8478873,Troy Terry,C,ANA,2019-01,18.0,4,4.5
8478873,Troy Terry,C,ANA,2019-02,43.5,7,6.2143
8478873,Troy Terry,C,ANA,2019-03,108.0,16,6.75
8478874,Adam Gaudette,C,VAN,2018-10,76.5,8,9.5625
8478874,Adam Gaudette,C,VAN,2018-11,100.0,14,7.1429
8478874,Adam Gaudette,C,VAN,2018-12,83.5,9,9.2778
8478874,Adam Gaudette,C,VAN,2019-01,21.0,1,21.0
8478874,Adam Gaudette,C,VAN,2019-02,49.0,7,7.0
8478874,Adam Gaudette,C,VAN,2019-03,100.5,14,7.1786
8478874,Adam Gaudette,C,VAN,2019-04,17.0,3,5.6667
8478881,Brett Seney,L,NJD,2018-11,160.5,14,11.4643
8478881,Brett Seney,L,NJD,2018-12,99.0,14,7.0714
8478881,Brett Seney,L,NJD,2019-01,121.5,12,10.125
8478881,Brett Seney,L,NJD,2019-02,95.5,10,9.55
8478881,Brett Seney,L,NJD,2019-04,9.0,1,9.0
8478891,Mason Appleton,C,WPG,2018-12,68.5,14,4.8929
8478891,Mason Appleton,C,WPG,2019-01,69.5,11,6.3182
8478891,Mason Appleton,C,WPG,2019-02,62.5,11,5.6818
8478906,Markus Nutivaara,D,CBJ,2018-10,78.5,11,7.1364
8478906,Markus Nutivaara,D,CBJ,2018-11,120.5,14,8.6071
8478906,Markus Nutivaara,D,CBJ,2018-12,92.5,14,6.6071
8478906,Markus Nutivaara,D,CBJ,2019-01,66.5,10,6.65
8478906,Markus Nutivaara,D,CBJ,2019-02,114.0,13,8.7692
8478906,Markus Nutivaara,D,CBJ,2019-03,140.0,15,9.3333
8478906,Markus Nutivaara,D,CBJ,2019-04,24.5,3,8.1667
8478911,Matt Roy,D,LAK,2019-02,97.0,7,13.8571
8478911,Matt Roy,D,LAK,2019-03,175.5,14,12.5357
8478911,Matt Roy,D,LAK,2019-04,47.0,4,11.75
8478915,Sami Niku,D,WPG,2018-12,13.5,4,3.375
8478915,Sami Niku,D,WPG,2019-01,38.5,6,6.4167
8478915,Sami Niku,D,WPG,2019-02,35.5,5,7.1
8478915,Sami Niku,D,WPG,2019-03,90.0,14,6.4286
8478916,Joey Daccord,G,OTT,2019-04,-2.5,0,0.0
8478949,Kole Sherwood,R,CBJ,2019-02,38.0,2,19.0
8479026,Philippe Myers,D,PHI,2019-02,55.5,5,11.1
8479026,Philippe Myers,D,PHI,2019-03,125.0,14,8.9286
8479026,Philippe Myers,D,PHI,2019-04,7.0,2,3.5
8479066,Ryan Lomberg,L,CGY,2018-11,18.0,1,18.0
8479066,Ryan Lomberg,L,CGY,2018-12,25.0,3,8.3333
8479193,Casey DeSmith,G,PIT,2018-10,-5.0,0,0.0
8479193,Casey DeSmith,G,PIT,2018-11,-5.0,0,0.0
8479193,Casey DeSmith,G,PIT,2018-12,-5.0,0,0.0
8479193,Casey DeSmith,G,PIT,2019-01,-2.5,0,0.0
8479193,Casey DeSmith,G,PIT,2019-02,-2.5,0,0.0
8479206,Tanner Fritz,C,NYI,2018-10,28.5,2,14.25
8479206,Tanner Fritz,C,NYI,2018-11,24.0,2,12.0
8479206,Tanner Fritz,C,NYI,2019-03,60.5,4,15.125
8479250,Nick Lappin,R,NJD,2019-02,42.0,4,10.5
8479250,Nick Lappin,R,NJD,2019-03,37.5,7,5.3571
8479268,Casey Nelson,D,BUF,2018-10,82.5,10,8.25
8479268,Casey Nelson,D,BUF,2018-11,69.0,10,6.9
8479268,Casey Nelson,D,BUF,2018-12,4.5,2,2.25
8479268,Casey Nelson,D,BUF,2019-03,120.0,13,9.2308
8479268,Casey Nelson,D,BUF,2019-04,27.0,3,9.0
8479290,Kalle Kossila,C,ANA,2018-11,59.5,8,7.4375
8479291,Kevin Rooney,C,NJD,2018-10,33.0,3,11.0
8479291,Kevin Rooney,C,NJD,2018-11,3.5,1,3.5
8479291,Kevin Rooney,C,NJD,2019-01,70.5,7,10.0714
8479291,Kevin Rooney,C,NJD,2019-02,236.5,14,16.8929
8479291,Kevin Rooney,C,NJD,2019-03,229.5,13,17.6538
8479291,Kevin Rooney,C,NJD,2019-04,56.5,3,18.8333
8479293,Brandon Tanev,L,WPG,2018-10,193.0,12,16.0833
8479293,Brandon Tanev,L,WPG,2018-11,239.0,12,19.9167
8479293,Brandon Tanev,L,WPG,2018-12,283.5,15,18.9
8479293,Brandon Tanev,L,WPG,2019-01,305.0,12,25.4167
8479293,Brandon Tanev,L,WPG,2019-02,247.5,12,20.625
8479293,Brandon Tanev,L,WPG,2019-03,290.0,15,19.3333
8479293,Brandon Tanev,L,WPG,2019-04,16.5,2,8.25
8479294,Kevin Boyle,G,ANA,2019-02,3.0,0,0.0
8479312,Alex Lyon,G,PHI,2018-12,-2.5,0,0.0
8479314,Matthew Tkachuk,L,CGY,2018-10,133.5,13,10.2692
8479314,Matthew Tkachuk,L,CGY,2018-11,140.5,13,10.8077
8479314,Matthew Tkachuk,L,CGY,2018-12,120.0,14,8.5714
8479314,Matthew Tkachuk,L,CGY,2019-01,94.5,11,8.5909
8479314,Matthew Tkachuk,L,CGY,2019-02,119.0,13,9.1538
8479314,Matthew Tkachuk,L,CGY,2019-03,279.5,15,18.6333
8479314,Matthew Tkachuk,L,CGY,2019-04,1.5,1,1.5
8479315,Joey Anderson,R,NJD,2018-10,1.5,1,1.5
8479315,Joey Anderson,R,NJD,2018-11,97.0,10,9.7
8479315,Joey Anderson,R,NJD,2019-02,70.5,8,8.8125
8479315,Joey Anderson,R,NJD,2019-03,99.5,12,8.2917
8479315,Joey Anderson,R,NJD,2019-04,18.5,3,6.1667
8479316,Luke Kunin,C,MIN,2018-12,152.0,9,16.8889
8479316,Luke Kunin,C,MIN,2019-01,105.5,12,8.7917
8479316,Luke Kunin,C,MIN,2019-02,93.5,12,7.7917
8479316,Luke Kunin,C,MIN,2019-03,176.5,13,13.5769
8479316,Luke Kunin,C,MIN,2019-04,55.0,3,18.3333
8479318,Auston Matthews,C,TOR,2018-10,180.0,11,16.3636
8479318,Auston Matthews,C,TOR,2018-11,21.0,1,21.0
8479318,Auston Matthews,C,TOR,2018-12,181.5,13,13.9615
8479318,Auston Matthews,C,TOR,2019-01,108.0,10,10.8
8479318,Auston Matthews,C,TOR,2019-02,216.0,15,14.4
8479318,Auston Matthews,C,TOR,2019-03,165.0,14,11.7857
8479318,Auston Matthews,C,TOR,2019-04,48.5,4,12.125
8479320,Maxime Lajoie,D,OTT,2018-10,102.0,11,9.2727
8479320,Maxime Lajoie,D,OTT,2018-11,117.5,15,7.8333
8479320,Maxime Lajoie,D,OTT,2018-12,134.5,10,13.45
8479320,Maxime Lajoie,D,OTT,2019-01,75.5,9,8.3889
8479320,Maxime Lajoie,D,OTT,2019-02,78.5,11,7.1364
8479324,Ryan Lindgren,D,NYR,2019-01,45.5,3,15.1667
8479324,Ryan Lindgren,D,NYR,2019-04,34.5,2,17.25
8479325,Charlie McAvoy,D,BOS,2018-10,128.5,7,18.3571
8479325,Charlie McAvoy,D,BOS,2018-12,175.5,10,17.55
8479325,Charlie McAvoy,D,BOS,2019-01,72.5,7,10.3571
8479325,Charlie McAvoy,D,BOS,2019-02,246.5,13,18.9615
8479325,Charlie McAvoy,D,BOS,2019-03,207.0,15,13.8
8479325,Charlie McAvoy,D,BOS,2019-04,21.5,2,10.75
8479330,Brandon Gignac,C,NJD,2019-03,1.5,1,1.5
8479333,Libor Hajek,D,NYR,2019-03,48.0,5,9.6
8479336,Carl Grundstrom,R,LAK,2019-03,176.5,11,16.0455
8479336,Carl Grundstrom,R,LAK,2019-04,52.5,4,13.125
8479337,Alex DeBrincat,R,CHI,2018-10,85.0,13,6.5385
8479337,Alex DeBrincat,R,CHI,2018-11,82.5,13,6.3462
8479337,Alex DeBrincat,R,CHI,2018-12,98.0,15,6.5333
8479337,Alex DeBrincat,R,CHI,2019-01,52.0,10,5.2
8479337,Alex DeBrincat,R,CHI,2019-02,101.5,13,7.8077
8479337,Alex DeBrincat,R,CHI,2019-03,114.0,14,8.1429
8479337,Alex DeBrincat,R,CHI,2019-04,17.5,4,4.375
8479339,Patrik Laine,R,WPG,2018-10,93.5,12,7.7917
8479339,Patrik Laine,R,WPG,2018-11,86.0,12,7.1667
8479339,Patrik Laine,R,WPG,2018-12,113.0,15,7.5333
8479339,Patrik Laine,R,WPG,2019-01,62.5,12,5.2083
8479339,Patrik Laine,R,WPG,2019-02,79.0,12,6.5833
8479339,Patrik Laine,R,WPG,2019-03,106.5,15,7.1
8479339,Patrik Laine,R,WPG,2019-04,21.0,4,5.25
8479343,Clayton Keller,C,ARI,2018-10,69.5,11,6.3182
8479343,Clayton Keller,C,ARI,2018-11,101.0,13,7.7692
8479343,Clayton Keller,C,ARI,2018-12,112.0,15,7.4667
8479343,Clayton Keller,C,ARI,2019-01,31.5,11,2.8636
8479343,Clayton Keller,C,ARI,2019-02,103.0,14,7.3571
8479343,Clayton Keller,C,ARI,2019-03,104.5,15,6.9667
8479343,Clayton Keller,C,ARI,2019-04,37.5,3,12.5
8479344,Jesse Puljujarvi,R,EDM,2018-10,49.0,7,7.0
8479344,Jesse Puljujarvi,R,EDM,2018-11,41.5,7,5.9286
8479344,Jesse Puljujarvi,R,EDM,2018-12,108.0,14,7.7143
8479344,Jesse Puljujarvi,R,EDM,2019-01,114.0,11,10.3636
8479344,Jesse Puljujarvi,R,EDM,2019-02,67.5,7,9.6429
8479345,Jakob Chychrun,D,ARI,2018-11,71.0,6,11.8333
8479345,Jakob Chychrun,D,ARI,2018-12,184.0,15,12.2667
8479345,Jakob Chychrun,D,ARI,2019-01,110.0,11,10.0
8479345,Jakob Chychrun,D,ARI,2019-02,151.0,10,15.1
8479345,Jakob Chychrun,D,ARI,2019-03,144.5,10,14.45
8479345,Jakob Chychrun,D,ARI,2019-04,4.5,1,4.5
8479346,Dillon Dube,C,CGY,2018-10,81.5,12,6.7917
8479346,Dillon Dube,C,CGY,2018-11,38.5,8,4.8125
8479346,Dillon Dube,C,CGY,2018-12,5.0,2,2.5
8479346,Dillon Dube,C,CGY,2019-01,1.5,1,1.5
8479346,Dillon Dube,C,CGY,2019-04,7.5,2,3.75
8479351,Sam Steel,C,ANA,2018-10,87.0,13,6.6923
8479351,Sam Steel,C,ANA,2019-02,9.5,1,9.5
8479351,Sam Steel,C,ANA,2019-03,68.0,6,11.3333
8479351,Sam Steel,C,ANA,2019-04,17.0,2,8.5
8479353,Brett Howden,C,NYR,2018-10,143.0,12,11.9167
8479353,Brett Howden,C,NYR,2018-11,160.5,13,12.3462
8479353,Brett Howden,C,NYR,2018-12,140.5,12,11.7083
8479353,Brett Howden,C,NYR,2019-01,114.0,11,10.3636
8479353,Brett Howden,C,NYR,2019-03,187.0,14,13.3571
8479353,Brett Howden,C,NYR,2019-04,47.0,4,11.75
8479364,Tim Gettinger,L,NYR,2018-11,43.0,3,14.3333
8479364,Tim Gettinger,L,NYR,2018-12,15.0,1,15.0
8479365,Trent Frederic,C,BOS,2019-01,21.5,2,10.75
8479365,Trent Frederic,C,BOS,2019-02,76.5,9,8.5
8479365,Trent Frederic,C,BOS,2019-03,10.0,2,5.0
8479365,Trent Frederic,C,BOS,2019-04,22.0,2,11.0
8479366,Logan Brown,C,OTT,2019-02,7.5,2,3.75
8479368,Max Jones,L,ANA,2019-01,39.5,4,9.875
8479368,Max Jones,L,ANA,2019-02,55.5,8,6.9375
8479368,Max Jones,L,ANA,2019-03,132.0,16,8.25
8479368,Max Jones,L,ANA,2019-04,10.5,2,5.25
8479370,Tyson Jost,C,COL,2018-10,100.0,11,9.0909
8479370,Tyson Jost,C,COL,2018-11,79.5,11,7.2273
8479370,Tyson Jost,C,COL,2018-12,103.5,14,7.3929
8479370,Tyson Jost,C,COL,2019-01,69.5,7,9.9286
8479370,Tyson Jost,C,COL,2019-02,108.0,9,12.0
8479370,Tyson Jost,C,COL,2019-03,164.5,14,11.75
8479370,Tyson Jost,C,COL,2019-04,40.0,4,10.0
8479371,Dante Fabbro,D,NSH,2019-03,20.0,1,20.0
8479371,Dante Fabbro,D,NSH,2019-04,19.5,3,6.5
8479372,Joshua Mahura,D,ANA,2018-11,38.5,3,12.8333
8479372,Joshua Mahura,D,ANA,2018-12,106.0,12,8.8333
8479372,Joshua Mahura,D,ANA,2019-01,10.0,2,5.0
8479376,Victor Mete,D,MTL,2018-10,55.5,9,6.1667
8479376,Victor Mete,D,MTL,2018-11,51.5,14,3.6786
8479376,Victor Mete,D,MTL,2018-12,60.5,6,10.0833
8479376,Victor Mete,D,MTL,2019-01,81.0,11,7.3636
8479376,Victor Mete,D,MTL,2019-02,83.5,13,6.4231
8479376,Victor Mete,D,MTL,2019-03,66.5,15,4.4333
8479376,Victor Mete,D,MTL,2019-04,29.5,3,9.8333
8479385,Jordan Kyrou,C,STL,2018-10,46.5,9,5.1667
8479385,Jordan Kyrou,C,STL,2018-12,10.5,2,5.25
8479385,Jordan Kyrou,C,STL,2019-01,8.5,5,1.7
8479388,Riley Stillman,D,FLA,2019-02,14.0,1,14.0
8479394,Carter Hart,G,PHI,2018-12,-10.0,0,0.0
8479394,Carter Hart,G,PHI,2019-01,-7.5,0,0.0
8479394,Carter Hart,G,PHI,2019-02,-7.0,0,0.0
8479394,Carter Hart,G,PHI,2019-03,-12.5,0,0.0
8479395,Dennis Cholowski,D,DET,2018-10,65.0,10,6.5
8479395,Dennis Cholowski,D,DET,2018-11,51.0,13,3.9231
8479395,Dennis Cholowski,D,DET,2018-12,62.0,16,3.875
8479395,Dennis Cholowski,D,DET,2019-01,25.5,8,3.1875
8479395,Dennis Cholowski,D,DET,2019-02,21.5,5,4.3
8479398,Samuel Girard,D,COL,2018-10,103.0,12,8.5833
8479398,Samuel Girard,D,COL,2018-11,131.5,14,9.3929
8479398,Samuel Girard,D,COL,2018-12,110.5,14,7.8929
8479398,Samuel Girard,D,COL,2019-01,72.0,10,7.2
8479398,Samuel Girard,D,COL,2019-02,140.5,14,10.0357
8479398,Samuel Girard,D,COL,2019-03,147.0,14,10.5
8479398,Samuel Girard,D,COL,2019-04,58.5,4,14.625
8479400,Pierre-Luc Dubois,L,CBJ,2018-10,220.0,11,20.0
8479400,Pierre-Luc Dubois,L,CBJ,2018-11,228.0,14,16.2857
8479400,Pierre-Luc Dubois,L,CBJ,2018-12,205.5,14,14.6786
8479400,Pierre-Luc Dubois,L,CBJ,2019-01,159.5,11,14.5
8479400,Pierre-Luc Dubois,L,CBJ,2019-02,170.0,13,13.0769
8479400,Pierre-Luc Dubois,L,CBJ,2019-03,181.5,16,11.3438
8479400,Pierre-Luc Dubois,L,CBJ,2019-04,52.5,3,17.5
8479402,Jake Bean,D,CAR,2018-11,8.0,2,4.0
8479404,Henrik Borgstrom,C,FLA,2018-12,73.5,8,9.1875
8479404,Henrik Borgstrom,C,FLA,2019-01,62.5,10,6.25
8479404,Henrik Borgstrom,C,FLA,2019-02,72.5,14,5.1786
8479404,Henrik Borgstrom,C,FLA,2019-03,41.5,15,2.7667
8479404,Henrik Borgstrom,C,FLA,2019-04,8.5,3,2.8333
8479407,Jesper Bratt,L,NJD,2018-11,100.5,11,9.1364
8479407,Jesper Bratt,L,NJD,2018-12,48.5,13,3.7308
8479407,Jesper Bratt,L,NJD,2019-01,73.5,12,6.125
8479407,Jesper Bratt,L,NJD,2019-02,119.5,12,9.9583
8479407,Jesper Bratt,L,NJD,2019-03,15.0,3,5.0
8479410,Mikhail Sergachev,D,TBL,2018-10,98.5,11,8.9545
8479410,Mikhail Sergachev,D,TBL,2018-11,172.0,15,11.4667
8479410,Mikhail Sergachev,D,TBL,2018-12,101.0,12,8.4167
8479410,Mikhail Sergachev,D,TBL,2019-01,120.0,8,15.0
8479410,Mikhail Sergachev,D,TBL,2019-02,83.5,13,6.4231
8479410,Mikhail Sergachev,D,TBL,2019-03,152.5,13,11.7308
8479410,Mikhail Sergachev,D,TBL,2019-04,54.5,3,18.1667
8479411,Vitaly Abramov,R,OTT,2019-03,12.5,1,12.5
8479414,Nathan Bastian,R,NJD,2019-01,6.5,1,6.5
8479414,Nathan Bastian,R,NJD,2019-02,49.0,2,24.5
8479414,Nathan Bastian,R,NJD,2019-03,17.0,1,17.0
8479414,Nathan Bastian,R,NJD,2019-04,56.0,3,18.6667
8479415,Michael McLeod,C,NJD,2019-02,30.0,2,15.0
8479415,Michael McLeod,C,NJD,2019-03,209.5,15,13.9667
8479415,Michael McLeod,C,NJD,2019-04,44.5,3,14.8333
8479416,Ben Gleason,D,DAL,2018-11,18.5,4,4.625
8479420,Tage Thompson,C,BUF,2018-10,67.0,9,7.4444
8479420,Tage Thompson,C,BUF,2018-11,79.5,11,7.2273
8479420,Tage Thompson,C,BUF,2018-12,74.0,13,5.6923
8479420,Tage Thompson,C,BUF,2019-01,48.5,10,4.85
8479420,Tage Thompson,C,BUF,2019-02,52.0,11,4.7273
8479420,Tage Thompson,C,BUF,2019-03,72.0,11,6.5455
8479423,Alex Nylander,L,BUF,2019-03,16.0,11,1.4545
8479423,Alex Nylander,L,BUF,2019-04,8.5,1,8.5
8479425,Filip Hronek,D,DET,2018-10,47.5,6,7.9167
8479425,Filip Hronek,D,DET,2018-12,59.0,9,6.5556
8479425,Filip Hronek,D,DET,2019-01,87.5,8,10.9375
8479425,Filip Hronek,D,DET,2019-02,41.5,5,8.3
8479425,Filip Hronek,D,DET,2019-03,170.5,15,11.3667
8479425,Filip Hronek,D,DET,2019-04,26.0,3,8.6667
8479439,Jacob MacDonald,D,FLA,2018-10,10.5,2,5.25
8479442,Troy Stecher,D,VAN,2018-10,157.0,14,11.2143
8479442,Troy Stecher,D,VAN,2018-11,189.5,13,14.5769
8479442,Troy Stecher,D,VAN,2018-12,134.5,11,12.2273
8479442,Troy Stecher,D,VAN,2019-01,110.0,9,12.2222
8479442,Troy Stecher,D,VAN,2019-02,191.5,14,13.6786
8479442,Troy Stecher,D,VAN,2019-03,224.5,14,16.0357
8479442,Troy Stecher,D,VAN,2019-04,50.5,3,16.8333
8479458,Nikita Zaitsev,D,TOR,2018-10,155.5,12,12.9583
8479458,Nikita Zaitsev,D,TOR,2018-11,188.5,14,13.4643
8479458,Nikita Zaitsev,D,TOR,2018-12,151.5,13,11.6538
8479458,Nikita Zaitsev,D,TOR,2019-01,152.5,10,15.25
8479458,Nikita Zaitsev,D,TOR,2019-02,203.5,15,13.5667
8479458,Nikita Zaitsev,D,TOR,2019-03,172.5,14,12.3214
8479458,Nikita Zaitsev,D,TOR,2019-04,44.0,3,14.6667
8479465,Drake Caggiula,C,CHI,2018-10,101.0,7,14.4286
8479465,Drake Caggiula,C,CHI,2018-11,224.5,14,16.0357
8479465,Drake Caggiula,C,CHI,2018-12,86.0,8,10.75
8479465,Drake Caggiula,C,CHI,2019-01,120.0,8,15.0
8479465,Drake Caggiula,C,CHI,2019-02,167.0,13,12.8462
8479465,Drake Caggiula,C,CHI,2019-03,14.5,1,14.5
8479465,Drake Caggiula,C,CHI,2019-04,30.5,4,7.625
8479466,Patrick Russell,R,EDM,2018-11,28.0,4,7.0
8479466,Patrick Russell,R,EDM,2018-12,11.0,2,5.5
8479482,Michal Kempny,D,WSH,2018-10,113.5,8,14.1875
8479482,Michal Kempny,D,WSH,2018-11,204.5,14,14.6071
8479482,Michal Kempny,D,WSH,2018-12,207.5,13,15.9615
8479482,Michal Kempny,D,WSH,2019-01,147.5,12,12.2917
8479482,Michal Kempny,D,WSH,2019-02,177.0,14,12.6429
8479482,Michal Kempny,D,WSH,2019-03,93.0,10,9.3
8479496,David Rittich,G,CGY,2018-10,-20.0,0,0.0
8479496,David Rittich,G,CGY,2018-11,-32.5,0,0.0
8479496,David Rittich,G,CGY,2018-12,-22.0,0,0.0
8479496,David Rittich,G,CGY,2019-01,-22.5,0,0.0
8479496,David Rittich,G,CGY,2019-02,-2.0,0,0.0
8479496,David Rittich,G,CGY,2019-03,-40.0,0,0.0
8479496,David Rittich,G,CGY,2019-04,-12.5,0,0.0
8479511,Janne Kuokkanen,C,CAR,2018-12,50.0,7,7.1429
8479514,Rem Pitlick,C,NSH,2019-03,1.5,1,1.5
8479553,Maxim Mamin,C,FLA,2018-10,43.5,5,8.7
8479553,Maxim Mamin,C,FLA,2018-11,7.5,2,3.75
8479580,Dylan Gambrell,C,SJS,2018-10,4.0,1,4.0
8479580,Dylan Gambrell,C,SJS,2018-11,24.5,1,24.5
8479580,Dylan Gambrell,C,SJS,2019-02,28.0,4,7.0
8479580,Dylan Gambrell,C,SJS,2019-03,23.5,2,11.75
8479644,Matt Luff,R,LAK,2018-11,63.5,12,5.2917
8479644,Matt Luff,R,LAK,2018-12,73.5,14,5.25
8479644,Matt Luff,R,LAK,2019-01,25.0,4,6.25
8479644,Matt Luff,R,LAK,2019-02,-0.5,1,-0.5
8479644,Matt Luff,R,LAK,2019-03,13.5,2,6.75
8479657,Alexandre Fortin,C,CHI,2018-10,76.0,10,7.6
8479657,Alexandre Fortin,C,CHI,2018-11,75.0,10,7.5
8479657,Alexandre Fortin,C,CHI,2018-12,23.0,4,5.75
8479675,Trevor Moore,C,TOR,2018-12,15.5,3,5.1667
8479675,Trevor Moore,C,TOR,2019-01,24.0,4,6.0
8479675,Trevor Moore,C,TOR,2019-02,21.0,3,7.0
8479675,Trevor Moore,C,TOR,2019-03,54.5,11,4.9545
8479675,Trevor Moore,C,TOR,2019-04,26.5,4,6.625
8479772,Zack MacEwen,C,VAN,2019-02,20.5,4,5.125
8479944,Zachary Aston-Reese,C,PIT,2018-11,137.5,11,12.5
8479944,Zachary Aston-Reese,C,PIT,2018-12,332.5,15,22.1667
8479944,Zachary Aston-Reese,C,PIT,2019-01,58.0,4,14.5
8479944,Zachary Aston-Reese,C,PIT,2019-02,122.0,7,17.4286
8479944,Zachary Aston-Reese,C,PIT,2019-03,67.0,6,11.1667
8479945,Gavin Bayreuther,D,DAL,2018-11,82.0,8,10.25
8479945,Gavin Bayreuther,D,DAL,2018-12,72.5,11,6.5909
8479968,Vinni Lettieri,C,NYR,2018-10,91.5,8,11.4375
8479968,Vinni Lettieri,C,NYR,2018-11,30.5,6,5.0833
8479968,Vinni Lettieri,C,NYR,2018-12,8.5,2,4.25
8479968,Vinni Lettieri,C,NYR,2019-02,18.0,2,9.0
8479968,Vinni Lettieri,C,NYR,2019-03,67.5,6,11.25
8479968,Vinni Lettieri,C,NYR,2019-04,32.0,3,10.6667
8479970,Joseph Gambardella,C,EDM,2019-01,15.0,3,5.0
8479970,Joseph Gambardella,C,EDM,2019-03,70.5,8,8.8125
8479970,Joseph Gambardella,C,EDM,2019-04,19.5,3,6.5
8479974,Nolan Patrick,C,PHI,2018-10,153.0,9,17.0
8479974,Nolan Patrick,C,PHI,2018-11,173.0,12,14.4167
8479974,Nolan Patrick,C,PHI,2018-12,116.5,12,9.7083
8479974,Nolan Patrick,C,PHI,2019-01,97.5,11,8.8636
8479974,Nolan Patrick,C,PHI,2019-02,227.5,13,17.5
8479974,Nolan Patrick,C,PHI,2019-03,163.0,14,11.6429
8479974,Nolan Patrick,C,PHI,2019-04,21.0,1,21.0
8479976,Juuso Välimäki,D,CGY,2018-10,127.5,12,10.625
8479976,Juuso Välimäki,D,CGY,2018-11,133.5,10,13.35
8479976,Juuso Välimäki,D,CGY,2019-04,21.0,2,10.5
8479977,Kailer Yamamoto,R,EDM,2018-10,125.0,11,11.3636
8479977,Kailer Yamamoto,R,EDM,2018-11,6.0,1,6.0
8479977,Kailer Yamamoto,R,EDM,2018-12,7.5,1,7.5
8479977,Kailer Yamamoto,R,EDM,2019-01,23.0,4,5.75
8479992,Michael Rasmussen,C,DET,2018-10,75.5,10,7.55
8479992,Michael Rasmussen,C,DET,2018-11,140.0,13,10.7692
8479992,Michael Rasmussen,C,DET,2018-12,153.0,16,9.5625
8479992,Michael Rasmussen,C,DET,2019-01,8.0,2,4.0
8479992,Michael Rasmussen,C,DET,2019-02,103.5,11,9.4091
8479992,Michael Rasmussen,C,DET,2019-03,118.0,10,11.8
8479994,Jaret Anderson-Dolan,C,LAK,2018-10,47.5,5,9.5
8479999,Casey Mittelstadt,C,BUF,2018-10,80.5,12,6.7083
8479999,Casey Mittelstadt,C,BUF,2018-11,82.0,15,5.4667
8479999,Casey Mittelstadt,C,BUF,2018-12,67.0,13,5.1538
8479999,Casey Mittelstadt,C,BUF,2019-01,58.5,10,5.85
8479999,Casey Mittelstadt,C,BUF,2019-02,45.5,9,5.0556
8479999,Casey Mittelstadt,C,BUF,2019-03,79.0,15,5.2667
8479999,Casey Mittelstadt,C,BUF,2019-04,17.0,3,5.6667
8480001,Urho Vaakanainen,D,BOS,2018-10,-1.0,2,-0.5
8480002,Nico Hischier,C,NJD,2018-10,123.5,9,13.7222
8480002,Nico Hischier,C,NJD,2018-11,121.5,11,11.0455
8480002,Nico Hischier,C,NJD,2018-12,231.5,14,16.5357
8480002,Nico Hischier,C,NJD,2019-01,180.0,12,15.0
8480002,Nico Hischier,C,NJD,2019-02,239.0,14,17.0714
8480002,Nico Hischier,C,NJD,2019-03,75.5,6,12.5833
8480002,Nico Hischier,C,NJD,2019-04,35.0,3,11.6667
8480005,Kristian Vesalainen,L,WPG,2018-10,7.0,5,1.4
8480009,Eeli Tolvanen,R,NSH,2018-12,26.0,4,6.5
8480012,Elias Pettersson,C,VAN,2018-10,72.0,8,9.0
8480012,Elias Pettersson,C,VAN,2018-11,154.5,14,11.0357
8480012,Elias Pettersson,C,VAN,2018-12,182.5,14,13.0357
8480012,Elias Pettersson,C,VAN,2019-01,46.5,4,11.625
8480012,Elias Pettersson,C,VAN,2019-02,150.5,14,10.75
8480012,Elias Pettersson,C,VAN,2019-03,120.5,14,8.6071
8480012,Elias Pettersson,C,VAN,2019-04,21.0,3,7.0
8480023,Robert Thomas,C,STL,2018-10,24.5,6,4.0833
8480023,Robert Thomas,C,STL,2018-11,111.5,13,8.5769
8480023,Robert Thomas,C,STL,2018-12,72.5,13,5.5769
8480023,Robert Thomas,C,STL,2019-01,31.5,5,6.3
8480023,Robert Thomas,C,STL,2019-02,51.5,14,3.6786
8480023,Robert Thomas,C,STL,2019-03,85.0,15,5.6667
8480023,Robert Thomas,C,STL,2019-04,18.0,4,4.5
8480029,Alex Formenton,L,OTT,2018-10,139.5,8,17.4375
8480029,Alex Formenton,L,OTT,2018-11,10.5,1,10.5
8480031,Maxime Comtois,L,ANA,2018-10,107.5,10,10.75
8480035,Henri Jokiharju,D,CHI,2018-10,141.5,13,10.8846
8480035,Henri Jokiharju,D,CHI,2018-11,54.0,10,5.4
8480035,Henri Jokiharju,D,CHI,2018-12,74.5,9,8.2778
8480035,Henri Jokiharju,D,CHI,2019-01,44.0,5,8.8
8480035,Henri Jokiharju,D,CHI,2019-02,3.0,1,3.0
8480036,Miro Heiskanen,D,DAL,2018-10,104.0,11,9.4545
8480036,Miro Heiskanen,D,DAL,2018-11,94.0,15,6.2667
8480036,Miro Heiskanen,D,DAL,2018-12,88.0,14,6.2857
8480036,Miro Heiskanen,D,DAL,2019-01,107.0,10,10.7
8480036,Miro Heiskanen,D,DAL,2019-02,65.5,14,4.6786
8480036,Miro Heiskanen,D,DAL,2019-03,51.5,15,3.4333
8480036,Miro Heiskanen,D,DAL,2019-04,21.5,3,7.1667
8480039,Martin Necas,C,CAR,2018-10,32.0,7,4.5714
8480068,Ryan Poehling,C,MTL,2019-04,15.0,1,15.0
8480072,Lias Andersson,C,NYR,2018-11,149.0,12,12.4167
8480072,Lias Andersson,C,NYR,2018-12,86.5,9,9.6111
8480072,Lias Andersson,C,NYR,2019-02,50.5,4,12.625
8480072,Lias Andersson,C,NYR,2019-03,160.0,13,12.3077
8480072,Lias Andersson,C,NYR,2019-04,32.0,4,8.0
8480073,Erik Brannstrom,D,OTT,2019-03,12.0,2,6.0
8480074,Alexandre Texier,C,CBJ,2019-04,7.0,2,3.5
8480078,Filip Chytil,C,NYR,2018-10,51.5,12,4.2917
8480078,Filip Chytil,C,NYR,2018-11,135.5,14,9.6786
8480078,Filip Chytil,C,NYR,2018-12,77.0,11,7.0
8480078,Filip Chytil,C,NYR,2019-01,66.0,12,5.5
8480078,Filip Chytil,C,NYR,2019-02,47.5,11,4.3182
8480078,Filip Chytil,C,NYR,2019-03,78.0,14,5.5714
8480078,Filip Chytil,C,NYR,2019-04,2.0,1,2.0
8480082,Justin Kloos,C,ANA,2019-01,18.0,1,18.0
8480083,C.J. Smith,L,BUF,2019-01,4.5,3,1.5
8480083,C.J. Smith,L,BUF,2019-02,19.5,7,2.7857
8480113,Alex Iafallo,C,LAK,2018-10,85.0,11,7.7273
8480113,Alex Iafallo,C,LAK,2018-11,116.0,15,7.7333
8480113,Alex Iafallo,C,LAK,2018-12,125.0,14,8.9286
8480113,Alex Iafallo,C,LAK,2019-01,68.0,10,6.8
8480113,Alex Iafallo,C,LAK,2019-02,174.0,14,12.4286
8480113,Alex Iafallo,C,LAK,2019-03,116.5,14,8.3214
8480113,Alex Iafallo,C,LAK,2019-04,19.5,4,4.875
8480143,Jakub Jerabek,D,STL,2018-10,4.0,1,4.0
8480144,David Kampf,C,CHI,2018-10,66.0,10,6.6
8480144,David Kampf,C,CHI,2018-11,130.5,12,10.875
8480144,David Kampf,C,CHI,2018-12,174.0,15,11.6
8480144,David Kampf,C,CHI,2019-01,137.0,10,13.7
8480144,David Kampf,C,CHI,2019-02,35.5,3,11.8333
8480144,David Kampf,C,CHI,2019-03,159.5,12,13.2917
8480144,David Kampf,C,CHI,2019-04,5.5,1,5.5
8480145,Neal Pionk,D,NYR,2018-10,203.0,10,20.3
8480145,Neal Pionk,D,NYR,2018-11,229.5,14,16.3929
8480145,Neal Pionk,D,NYR,2018-12,142.5,12,11.875
8480145,Neal Pionk,D,NYR,2019-01,116.5,8,14.5625
8480145,Neal Pionk,D,NYR,2019-02,123.5,10,12.35
8480145,Neal Pionk,D,NYR,2019-03,171.0,15,11.4
8480145,Neal Pionk,D,NYR,2019-04,51.5,4,12.875
8480147,Oscar Fantenberg,D,CGY,2018-10,38.5,4,9.625
8480147,Oscar Fantenberg,D,CGY,2018-11,99.0,10,9.9
8480147,Oscar Fantenberg,D,CGY,2018-12,155.5,14,11.1071
8480147,Oscar Fantenberg,D,CGY,2019-01,85.0,7,12.1429
8480147,Oscar Fantenberg,D,CGY,2019-02,163.0,12,13.5833
8480147,Oscar Fantenberg,D,CGY,2019-03,79.5,11,7.2273
8480147,Oscar Fantenberg,D,CGY,2019-04,11.5,3,3.8333
8480157,Calle Rosen,D,TOR,2019-04,10.0,4,2.5
8480160,Radim Simek,D,SJS,2018-12,155.0,14,11.0714
8480160,Radim Simek,D,SJS,2019-01,87.5,9,9.7222
8480160,Radim Simek,D,SJS,2019-02,121.0,12,10.0833
8480160,Radim Simek,D,SJS,2019-03,66.0,6,11.0
8480161,Libor Sulak,D,DET,2018-10,78.0,6,13.0
8480172,Jan Rutta,D,TBL,2018-10,104.0,11,9.4545
8480172,Jan Rutta,D,TBL,2018-11,51.5,9,5.7222
8480172,Jan Rutta,D,TBL,2018-12,13.5,3,4.5
8480172,Jan Rutta,D,TBL,2019-03,56.0,10,5.6
8480172,Jan Rutta,D,TBL,2019-04,28.0,4,7.0
8480208,Drake Batherson,C,OTT,2018-11,112.5,8,14.0625
8480208,Drake Batherson,C,OTT,2018-12,113.0,9,12.5556
8480208,Drake Batherson,C,OTT,2019-02,19.5,3,6.5
8480314,Max Veronneau,R,OTT,2019-03,32.0,8,4.0
8480314,Max Veronneau,R,OTT,2019-04,7.5,4,1.875
8480326,Sheldon Dries,C,COL,2018-10,33.5,4,8.375
8480326,Sheldon Dries,C,COL,2018-11,85.5,11,7.7727
8480326,Sheldon Dries,C,COL,2018-12,59.0,4,14.75
8480326,Sheldon Dries,C,COL,2019-01,97.5,10,9.75
8480326,Sheldon Dries,C,COL,2019-02,91.5,9,10.1667
8480326,Sheldon Dries,C,COL,2019-03,13.0,2,6.5
8480336,Sean Walker,D,LAK,2018-10,15.0,3,5.0
8480336,Sean Walker,D,LAK,2018-11,8.0,1,8.0
8480336,Sean Walker,D,LAK,2018-12,84.5,9,9.3889
8480336,Sean Walker,D,LAK,2019-01,70.5,6,11.75
8480336,Sean Walker,D,LAK,2019-02,87.5,8,10.9375
8480336,Sean Walker,D,LAK,2019-03,116.0,10,11.6
8480336,Sean Walker,D,LAK,2019-04,-0.5,2,-0.25
8480341,Adam Johnson,C,PIT,2019-03,52.0,5,10.4
8480341,Adam Johnson,C,PIT,2019-04,4.5,1,4.5
8480382,Alexandar Georgiev,G,NYR,2018-10,-2.5,0,0.0
8480382,Alexandar Georgiev,G,NYR,2018-11,-7.5,0,0.0
8480382,Alexandar Georgiev,G,NYR,2018-12,-10.0,0,0.0
8480382,Alexandar Georgiev,G,NYR,2019-01,-10.0,0,0.0
8480382,Alexandar Georgiev,G,NYR,2019-02,-2.5,0,0.0
8480382,Alexandar Georgiev,G,NYR,2019-03,-30.0,0,0.0
8480420,Collin Delia,G,CHI,2018-12,-5.0,0,0.0
8480420,Collin Delia,G,CHI,2019-01,-12.0,0,0.0
8480420,Collin Delia,G,CHI,2019-02,-17.0,0,0.0
8480748,Kiefer Sherwood,L,ANA,2018-10,117.5,12,9.7917
8480748,Kiefer Sherwood,L,ANA,2018-11,129.0,15,8.6
8480748,Kiefer Sherwood,L,ANA,2018-12,123.5,13,9.5
8480748,Kiefer Sherwood,L,ANA,2019-01,68.0,6,11.3333
8480748,Kiefer Sherwood,L,ANA,2019-03,23.5,4,5.875
8480762,Eric Robinson,L,CBJ,2019-01,21.5,3,7.1667
8480762,Eric Robinson,L,CBJ,2019-02,64.0,7,9.1429
8480762,Eric Robinson,L,CBJ,2019-03,18.0,3,6.0
8480769,Joel L'Esperance,R,DAL,2019-02,39.0,5,7.8
8480769,Joel L'Esperance,R,DAL,2019-03,84.0,12,7.0
8480769,Joel L'Esperance,R,DAL,2019-04,14.5,1,14.5
8480771,Daniel Brickley,D,LAK,2018-12,35.5,4,8.875
8480776,Sheldon Rempal,R,LAK,2018-10,8.0,3,2.6667
8480776,Sheldon Rempal,R,LAK,2018-11,10.0,3,3.3333
8480780,Lukas Radil,C,SJS,2018-11,24.0,3,8.0
8480780,Lukas Radil,C,SJS,2018-12,86.5,13,6.6538
8480780,Lukas Radil,C,SJS,2019-01,108.0,11,9.8182
8480780,Lukas Radil,C,SJS,2019-02,59.5,5,11.9
8480780,Lukas Radil,C,SJS,2019-03,26.0,4,6.5
8480800,Quinn Hughes,D,VAN,2019-03,5.0,2,2.5
8480800,Quinn Hughes,D,VAN,2019-04,11.5,3,3.8333
8480801,Brady Tkachuk,L,OTT,2018-10,80.5,4,20.125
8480801,Brady Tkachuk,L,OTT,2018-11,165.0,11,15.0
8480801,Brady Tkachuk,L,OTT,2018-12,194.5,14,13.8929
8480801,Brady Tkachuk,L,OTT,2019-01,121.0,10,12.1
8480801,Brady Tkachuk,L,OTT,2019-02,244.5,14,17.4643
8480801,Brady Tkachuk,L,OTT,2019-03,259.0,14,18.5
8480801,Brady Tkachuk,L,OTT,2019-04,70.5,4,17.625
8480803,Evan Bouchard,D,EDM,2018-10,53.5,7,7.6429
8480806,Isac Lundeström,C,ANA,2018-10,72.0,11,6.5455
8480806,Isac Lundeström,C,ANA,2018-11,14.5,4,3.625
8480821,Filip Zadina,R,DET,2019-02,12.5,2,6.25
8480821,Filip Zadina,R,DET,2019-03,40.0,7,5.7143
8480829,Jesperi Kotkaniemi,C,MTL,2018-10,82.0,11,7.4545
8480829,Jesperi Kotkaniemi,C,MTL,2018-11,140.5,14,10.0357
8480829,Jesperi Kotkaniemi,C,MTL,2018-12,124.0,15,8.2667
8480829,Jesperi Kotkaniemi,C,MTL,2019-01,102.0,11,9.2727
8480829,Jesperi Kotkaniemi,C,MTL,2019-02,143.0,13,11.0
8480829,Jesperi Kotkaniemi,C,MTL,2019-03,106.0,12,8.8333
8480829,Jesperi Kotkaniemi,C,MTL,2019-04,28.0,3,9.3333
8480830,Andrei Svechnikov,R,CAR,2018-10,90.0,12,7.5
8480830,Andrei Svechnikov,R,CAR,2018-11,147.0,13,11.3077
8480830,Andrei Svechnikov,R,CAR,2018-12,146.5,13,11.2692
8480830,Andrei Svechnikov,R,CAR,2019-01,156.5,12,13.0417
8480830,Andrei Svechnikov,R,CAR,2019-02,146.0,13,11.2308
8480830,Andrei Svechnikov,R,CAR,2019-03,159.5,16,9.9688
8480830,Andrei Svechnikov,R,CAR,2019-04,17.0,3,5.6667
8480839,Rasmus Dahlin,D,BUF,2018-10,88.0,12,7.3333
8480839,Rasmus Dahlin,D,BUF,2018-11,125.0,15,8.3333
8480839,Rasmus Dahlin,D,BUF,2018-12,112.0,13,8.6154
8480839,Rasmus Dahlin,D,BUF,2019-01,83.0,10,8.3
8480839,Rasmus Dahlin,D,BUF,2019-02,102.0,13,7.8462
8480839,Rasmus Dahlin,D,BUF,2019-03,162.0,16,10.125
8480839,Rasmus Dahlin,D,BUF,2019-04,31.5,3,10.5
8480901,Karson Kuhlman,C,BOS,2019-02,35.0,4,8.75
8480901,Karson Kuhlman,C,BOS,2019-03,25.0,4,6.25
8480901,Karson Kuhlman,C,BOS,2019-04,20.5,3,6.8333
8480935,Lawrence Pilut,D,BUF,2018-11,5.5,1,5.5
8480935,Lawrence Pilut,D,BUF,2018-12,49.5,8,6.1875
8480935,Lawrence Pilut,D,BUF,2019-01,57.0,7,8.1429
8480935,Lawrence Pilut,D,BUF,2019-02,83.0,9,9.2222
8480935,Lawrence Pilut,D,BUF,2019-03,26.5,5,5.3
8480935,Lawrence Pilut,D,BUF,2019-04,37.5,3,12.5
8480943,Igor Ozhiganov,D,TOR,2018-10,87.0,10,8.7
8480943,Igor Ozhiganov,D,TOR,2018-11,111.5,12,9.2917
8480943,Igor Ozhiganov,D,TOR,2018-12,109.5,10,10.95
8480943,Igor Ozhiganov,D,TOR,2019-01,42.0,10,4.2
8480943,Igor Ozhiganov,D,TOR,2019-02,-3.0,1,-3.0
8480943,Igor Ozhiganov,D,TOR,2019-03,46.0,9,5.1111
8480943,Igor Ozhiganov,D,TOR,2019-04,7.5,1,7.5
8480944,Par Lindholm,C,WPG,2018-10,200.0,12,16.6667
8480944,Par Lindholm,C,WPG,2018-11,216.0,14,15.4286
8480944,Par Lindholm,C,WPG,2018-12,139.0,13,10.6923
8480944,Par Lindholm,C,WPG,2019-01,99.5,10,9.95
8480944,Par Lindholm,C,WPG,2019-02,129.0,12,10.75
8480944,Par Lindholm,C,WPG,2019-03,9.0,2,4.5
8480944,Par Lindholm,C,WPG,2019-04,14.5,2,7.25
8480945,Juuso Riikola,D,PIT,2018-10,100.0,6,16.6667
8480945,Juuso Riikola,D,PIT,2018-11,110.0,7,15.7143
8480945,Juuso Riikola,D,PIT,2018-12,101.0,7,14.4286
8480945,Juuso Riikola,D,PIT,2019-01,91.0,7,13.0
8480945,Juuso Riikola,D,PIT,2019-02,99.0,8,12.375
8480945,Juuso Riikola,D,PIT,2019-03,27.5,2,13.75
8480946,Dominik Kahun,C,CHI,2018-10,31.0,13,2.3846
8480946,Dominik Kahun,C,CHI,2018-11,62.5,13,4.8077
8480946,Dominik Kahun,C,CHI,2018-12,74.5,15,4.9667
8480946,Dominik Kahun,C,CHI,2019-01,31.0,10,3.1
8480946,Dominik Kahun,C,CHI,2019-02,68.0,13,5.2308
8480946,Dominik Kahun,C,CHI,2019-03,53.5,14,3.8214
8480946,Dominik Kahun,C,CHI,2019-04,15.5,4,3.875
8480948,Egor Yakovlev,D,NJD,2018-11,28.0,6,4.6667
8480948,Egor Yakovlev,D,NJD,2018-12,10.5,5,2.1
8480948,Egor Yakovlev,D,NJD,2019-01,2.0,1,2.0
8480948,Egor Yakovlev,D,NJD,2019-02,22.5,4,5.625
8480948,Egor Yakovlev,D,NJD,2019-03,59.0,8,7.375
8480948,Egor Yakovlev,D,NJD,2019-04,6.0,1,6.0
8480950,Ilya Lyubushkin,D,ARI,2018-10,69.0,4,17.25
8480950,Ilya Lyubushkin,D,ARI,2018-11,165.0,8,20.625
8480950,Ilya Lyubushkin,D,ARI,2018-12,110.0,8,13.75
8480950,Ilya Lyubushkin,D,ARI,2019-01,251.5,10,25.15
8480950,Ilya Lyubushkin,D,ARI,2019-02,110.5,8,13.8125
8480950,Ilya Lyubushkin,D,ARI,2019-03,72.0,3,24.0
8480954,Jacob Nilsson,C,CHI,2018-12,5.5,2,2.75
8480955,Bogdan Kiselevich,D,FLA,2018-10,51.5,7,7.3571
8480955,Bogdan Kiselevich,D,FLA,2018-11,116.5,12,9.7083
8480955,Bogdan Kiselevich,D,FLA,2018-12,70.0,7,10.0
8480955,Bogdan Kiselevich,D,FLA,2019-01,75.0,5,15.0
8480955,Bogdan Kiselevich,D,FLA,2019-02,26.5,1,26.5
8480965,Antti Suomela,C,SJS,2018-10,89.0,12,7.4167
8480965,Antti Suomela,C,SJS,2018-11,82.0,11,7.4545
8480965,Antti Suomela,C,SJS,2018-12,32.0,4,8.0
8481186,Logan O'Connor,R,COL,2018-12,6.0,1,6.0
8481186,Logan O'Connor,R,COL,2019-01,19.0,4,4.75
8481425,Josh Teves,D,VAN,2019-03,18.5,1,18.5
8481426,Ryan Kuffner,L,DET,2019-03,35.0,7,5.0
8481426,Ryan Kuffner,L,DET,2019-04,35.5,3,11.8333
8481433,Taro Hirose,L,DET,2019-03,40.5,7,5.7857
8481433,Taro Hirose,L,DET,2019-04,20.0,3,6.6667
8481442,Brady Keeper,D,FLA,2019-03,9.0,1,9.0
8481477,Nico Sturm,C,MIN,2019-04,19.5,2,9.75
8481479,Brogan Rafferty,D,VAN,2019-04,10.5,2,5.25
8481481,Blake Lizotte,C,LAK,2019-04,9.0,1,9.0
8481486,Jimmy Schuldt,D,VGK,2019-04,4.5,1,4.5
