player_id,name,position,team,month,weighted_total,approx_toi_min,raw_grit_per_60
8448208,Jaromir Jagr,R,FLA,2015-10,62.0,213.4,17.436
8448208,Jaromir Jagr,R,FLA,2015-11,52.0,178.9,17.436
8448208,Jaromir Jagr,R,FLA,2015-12,75.0,258.1,17.436
8448208,Jaromir Jagr,R,FLA,2016-01,75.5,259.8,17.436
8448208,Jaromir Jagr,R,FLA,2016-02,57.5,197.9,17.436
8448208,Jaromir Jagr,R,FLA,2016-03,53.5,184.1,17.436
8448208,Jaromir Jagr,R,FLA,2016-04,16.5,56.8,17.436
8460542,Patrik Elias,L,NJD,2015-11,13.0,28.0,27.816
8460542,Patrik Elias,L,NJD,2015-12,83.0,179.0,27.816
8460542,Patrik Elias,L,NJD,2016-04,18.5,39.9,27.816
8460720,Eric Boulton,L,NYI,2015-12,3.0,2.9,61.6655
8460720,Eric Boulton,L,NYI,2016-02,9.0,8.8,61.6655
8460720,Eric Boulton,L,NYI,2016-04,46.5,45.2,61.6655
8462038,Shane Doan,R,ARI,2015-10,146.0,227.8,38.4576
8462038,Shane Doan,R,ARI,2015-11,109.0,170.1,38.4576
8462038,Shane Doan,R,ARI,2015-12,112.0,174.7,38.4576
8462038,Shane Doan,R,ARI,2016-01,81.5,127.2,38.4576
8462038,Shane Doan,R,ARI,2016-02,207.5,323.7,38.4576
8462038,Shane Doan,R,ARI,2016-03,120.5,188.0,38.4576
8462038,Shane Doan,R,ARI,2016-04,35.5,55.4,38.4576
8462042,Jarome Iginla,R,COL,2015-10,88.0,171.3,30.8154
8462042,Jarome Iginla,R,COL,2015-11,101.0,196.7,30.8154
8462042,Jarome Iginla,R,COL,2015-12,101.5,197.6,30.8154
8462042,Jarome Iginla,R,COL,2016-01,108.0,210.3,30.8154
8462042,Jarome Iginla,R,COL,2016-02,94.5,184.0,30.8154
8462042,Jarome Iginla,R,COL,2016-03,108.0,210.3,30.8154
8462042,Jarome Iginla,R,COL,2016-04,67.0,130.5,30.8154
8464977,Dainius Zubrus,C,SJS,2015-11,27.0,41.1,39.4492
8464977,Dainius Zubrus,C,SJS,2015-12,138.5,210.7,39.4492
8464977,Dainius Zubrus,C,SJS,2016-01,7.5,11.4,39.4492
8464977,Dainius Zubrus,C,SJS,2016-02,80.5,122.4,39.4492
8464977,Dainius Zubrus,C,SJS,2016-03,106.0,161.2,39.4492
8464977,Dainius Zubrus,C,SJS,2016-04,21.5,32.7,39.4492
8464989,Matt Cullen,C,PIT,2015-10,110.0,112.3,58.7517
8464989,Matt Cullen,C,PIT,2015-11,147.5,150.6,58.7517
8464989,Matt Cullen,C,PIT,2015-12,231.0,235.9,58.7517
8464989,Matt Cullen,C,PIT,2016-01,123.0,125.6,58.7517
8464989,Matt Cullen,C,PIT,2016-02,184.0,187.9,58.7517
8464989,Matt Cullen,C,PIT,2016-03,246.0,251.2,58.7517
8464989,Matt Cullen,C,PIT,2016-04,73.0,74.6,58.7517
8465009,Zdeno Chara,D,BOS,2015-10,142.5,254.1,33.6454
8465009,Zdeno Chara,D,BOS,2015-11,155.0,276.4,33.6454
8465009,Zdeno Chara,D,BOS,2015-12,121.5,216.7,33.6454
8465009,Zdeno Chara,D,BOS,2016-01,205.0,365.6,33.6454
8465009,Zdeno Chara,D,BOS,2016-02,174.0,310.3,33.6454
8465009,Zdeno Chara,D,BOS,2016-03,220.5,393.2,33.6454
8465009,Zdeno Chara,D,BOS,2016-04,62.5,111.5,33.6454
8465058,Michal Rozsival,D,CHI,2015-11,80.5,97.1,49.7221
8465058,Michal Rozsival,D,CHI,2015-12,166.5,200.9,49.7221
8465058,Michal Rozsival,D,CHI,2016-01,94.0,113.4,49.7221
8465058,Michal Rozsival,D,CHI,2016-02,157.0,189.5,49.7221
8465058,Michal Rozsival,D,CHI,2016-03,117.5,141.8,49.7221
8465058,Michal Rozsival,D,CHI,2016-04,67.5,81.5,49.7221
8465185,Willie Mitchell,D,FLA,2015-10,176.5,279.2,37.9349
8465185,Willie Mitchell,D,FLA,2015-11,141.0,223.0,37.9349
8465185,Willie Mitchell,D,FLA,2015-12,157.5,249.1,37.9349
8465185,Willie Mitchell,D,FLA,2016-01,104.5,165.3,37.9349
8465978,Shawn Thornton,L,FLA,2015-10,50.5,56.3,53.8612
8465978,Shawn Thornton,L,FLA,2015-11,52.5,58.5,53.8612
8465978,Shawn Thornton,L,FLA,2015-12,74.0,82.4,53.8612
8465978,Shawn Thornton,L,FLA,2016-01,63.5,70.7,53.8612
8465978,Shawn Thornton,L,FLA,2016-02,68.5,76.3,53.8612
8465978,Shawn Thornton,L,FLA,2016-03,53.0,59.0,53.8612
8465978,Shawn Thornton,L,FLA,2016-04,28.0,31.2,53.8612
8466138,Joe Thornton,C,SJS,2015-10,103.5,191.9,32.3566
8466138,Joe Thornton,C,SJS,2015-11,146.5,271.7,32.3566
8466138,Joe Thornton,C,SJS,2015-12,141.0,261.5,32.3566
8466138,Joe Thornton,C,SJS,2016-01,93.5,173.4,32.3566
8466138,Joe Thornton,C,SJS,2016-02,93.0,172.5,32.3566
8466138,Joe Thornton,C,SJS,2016-03,200.0,370.9,32.3566
8466138,Joe Thornton,C,SJS,2016-04,34.5,64.0,32.3566
8466139,Patrick Marleau,C,SJS,2015-10,56.5,117.9,28.7439
8466139,Patrick Marleau,C,SJS,2015-11,115.5,241.1,28.7439
8466139,Patrick Marleau,C,SJS,2015-12,160.5,335.0,28.7439
8466139,Patrick Marleau,C,SJS,2016-01,132.0,275.5,28.7439
8466139,Patrick Marleau,C,SJS,2016-02,144.0,300.6,28.7439
8466139,Patrick Marleau,C,SJS,2016-03,104.5,218.1,28.7439
8466139,Patrick Marleau,C,SJS,2016-04,34.5,72.0,28.7439
8466141,Roberto Luongo,G,FLA,2015-10,-2.5,0.0,0.0
8466141,Roberto Luongo,G,FLA,2015-11,-2.0,0.0,0.0
8466141,Roberto Luongo,G,FLA,2015-12,-7.5,0.0,0.0
8466141,Roberto Luongo,G,FLA,2016-01,8.5,0.0,0.0
8466141,Roberto Luongo,G,FLA,2016-02,-7.5,0.0,0.0
8466141,Roberto Luongo,G,FLA,2016-03,-2.5,0.0,0.0
8466141,Roberto Luongo,G,FLA,2016-04,3.0,0.0,0.0
8466148,Marian Hossa,R,CHI,2015-10,64.5,141.7,27.3189
8466148,Marian Hossa,R,CHI,2015-11,72.5,159.2,27.3189
8466148,Marian Hossa,R,CHI,2015-12,148.0,325.0,27.3189
8466148,Marian Hossa,R,CHI,2016-01,102.0,224.0,27.3189
8466148,Marian Hossa,R,CHI,2016-02,56.0,123.0,27.3189
8466148,Marian Hossa,R,CHI,2016-03,54.0,118.6,27.3189
8466148,Marian Hossa,R,CHI,2016-04,6.0,13.2,27.3189
8466251,Jason Chimera,L,WSH,2015-10,60.0,108.5,33.1728
8466251,Jason Chimera,L,WSH,2015-11,96.5,174.5,33.1728
8466251,Jason Chimera,L,WSH,2015-12,98.0,177.3,33.1728
8466251,Jason Chimera,L,WSH,2016-01,77.5,140.2,33.1728
8466251,Jason Chimera,L,WSH,2016-02,137.5,248.7,33.1728
8466251,Jason Chimera,L,WSH,2016-03,110.0,199.0,33.1728
8466251,Jason Chimera,L,WSH,2016-04,57.5,104.0,33.1728
8466285,Brian Campbell,D,FLA,2015-10,110.5,333.4,19.8875
8466285,Brian Campbell,D,FLA,2015-11,100.0,301.7,19.8875
8466285,Brian Campbell,D,FLA,2015-12,92.5,279.1,19.8875
8466285,Brian Campbell,D,FLA,2016-01,59.0,178.0,19.8875
8466285,Brian Campbell,D,FLA,2016-02,97.5,294.2,19.8875
8466285,Brian Campbell,D,FLA,2016-03,116.5,351.5,19.8875
8466285,Brian Campbell,D,FLA,2016-04,29.5,89.0,19.8875
8466333,Andrew Ference,D,EDM,2015-10,55.5,76.3,43.6503
8466333,Andrew Ference,D,EDM,2015-11,1.5,2.1,43.6503
8466393,Pascal Dupuis,L,PIT,2015-10,43.0,60.5,42.6127
8466393,Pascal Dupuis,L,PIT,2015-11,140.5,197.8,42.6127
8466393,Pascal Dupuis,L,PIT,2015-12,9.5,13.4,42.6127
8467096,Dan Boyle,D,NYR,2015-10,88.0,161.5,32.6876
8467096,Dan Boyle,D,NYR,2015-11,120.5,221.2,32.6876
8467096,Dan Boyle,D,NYR,2015-12,141.0,258.8,32.6876
8467096,Dan Boyle,D,NYR,2016-01,115.0,211.1,32.6876
8467096,Dan Boyle,D,NYR,2016-02,171.0,313.9,32.6876
8467096,Dan Boyle,D,NYR,2016-03,92.0,168.9,32.6876
8467096,Dan Boyle,D,NYR,2016-04,31.0,56.9,32.6876
8467329,Vincent Lecavalier,C,LAK,2015-10,5.5,6.1,54.5186
8467329,Vincent Lecavalier,C,LAK,2015-11,13.5,14.9,54.5186
8467329,Vincent Lecavalier,C,LAK,2016-01,145.0,159.6,54.5186
8467329,Vincent Lecavalier,C,LAK,2016-02,144.0,158.5,54.5186
8467329,Vincent Lecavalier,C,LAK,2016-03,223.0,245.4,54.5186
8467329,Vincent Lecavalier,C,LAK,2016-04,58.5,64.4,54.5186
8467330,David Legwand,C,BUF,2015-10,38.5,80.0,28.8763
8467330,David Legwand,C,BUF,2015-11,75.5,156.9,28.8763
8467330,David Legwand,C,BUF,2015-12,64.0,133.0,28.8763
8467330,David Legwand,C,BUF,2016-01,46.5,96.6,28.8763
8467330,David Legwand,C,BUF,2016-02,61.5,127.8,28.8763
8467330,David Legwand,C,BUF,2016-03,61.5,127.8,28.8763
8467330,David Legwand,C,BUF,2016-04,21.5,44.7,28.8763
8467331,Brad Stuart,D,COL,2015-10,11.0,15.4,42.8571
8467331,Brad Stuart,D,COL,2015-11,49.0,68.6,42.8571
8467338,Alex Tanguay,L,ARI,2015-10,60.5,181.0,20.0574
8467338,Alex Tanguay,L,ARI,2015-11,13.5,40.4,20.0574
8467338,Alex Tanguay,L,ARI,2015-12,61.0,182.5,20.0574
8467338,Alex Tanguay,L,ARI,2016-01,54.0,161.5,20.0574
8467338,Alex Tanguay,L,ARI,2016-02,58.5,175.0,20.0574
8467338,Alex Tanguay,L,ARI,2016-03,98.0,293.2,20.0574
8467338,Alex Tanguay,L,ARI,2016-04,24.0,71.8,20.0574
8467351,Scott Gomez,C,OTT,2015-10,27.5,68.2,24.2042
8467351,Scott Gomez,C,OTT,2015-11,34.0,84.3,24.2042
8467351,Scott Gomez,C,OTT,2015-12,24.5,60.7,24.2042
8467351,Scott Gomez,C,OTT,2016-03,65.5,162.4,24.2042
8467351,Scott Gomez,C,OTT,2016-04,4.0,9.9,24.2042
8467370,Mike Fisher,C,NSH,2015-10,179.0,157.1,68.3691
8467370,Mike Fisher,C,NSH,2015-11,309.5,271.6,68.3691
8467370,Mike Fisher,C,NSH,2015-12,91.5,80.3,68.3691
8467370,Mike Fisher,C,NSH,2016-01,222.5,195.3,68.3691
8467370,Mike Fisher,C,NSH,2016-02,241.5,211.9,68.3691
8467370,Mike Fisher,C,NSH,2016-03,294.0,258.0,68.3691
8467370,Mike Fisher,C,NSH,2016-04,31.0,27.2,68.3691
8467371,Mike Ribeiro,C,NSH,2015-10,68.5,185.3,22.1802
8467371,Mike Ribeiro,C,NSH,2015-11,91.5,247.5,22.1802
8467371,Mike Ribeiro,C,NSH,2015-12,100.5,271.9,22.1802
8467371,Mike Ribeiro,C,NSH,2016-01,80.0,216.4,22.1802
8467371,Mike Ribeiro,C,NSH,2016-02,83.5,225.9,22.1802
8467371,Mike Ribeiro,C,NSH,2016-03,92.0,248.9,22.1802
8467371,Mike Ribeiro,C,NSH,2016-04,6.5,17.6,22.1802
8467389,Brad Richards,C,DET,2015-10,7.0,29.4,14.284
8467389,Brad Richards,C,DET,2015-11,6.5,27.3,14.284
8467389,Brad Richards,C,DET,2015-12,48.5,203.7,14.284
8467389,Brad Richards,C,DET,2016-01,46.0,193.2,14.284
8467389,Brad Richards,C,DET,2016-02,62.0,260.4,14.284
8467389,Brad Richards,C,DET,2016-03,50.5,212.1,14.284
8467389,Brad Richards,C,DET,2016-04,19.0,79.8,14.284
8467400,Francois Beauchemin,D,COL,2015-10,185.5,297.7,37.3879
8467400,Francois Beauchemin,D,COL,2015-11,146.5,235.1,37.3879
8467400,Francois Beauchemin,D,COL,2015-12,213.0,341.8,37.3879
8467400,Francois Beauchemin,D,COL,2016-01,221.0,354.7,37.3879
8467400,Francois Beauchemin,D,COL,2016-02,203.5,326.6,37.3879
8467400,Francois Beauchemin,D,COL,2016-03,248.5,398.8,37.3879
8467400,Francois Beauchemin,D,COL,2016-04,63.5,101.9,37.3879
8467407,Brian Gionta,R,BUF,2015-10,35.0,95.4,22.0149
8467407,Brian Gionta,R,BUF,2015-11,105.5,287.5,22.0149
8467407,Brian Gionta,R,BUF,2015-12,78.5,213.9,22.0149
8467407,Brian Gionta,R,BUF,2016-01,82.5,224.8,22.0149
8467407,Brian Gionta,R,BUF,2016-02,76.0,207.1,22.0149
8467407,Brian Gionta,R,BUF,2016-03,115.5,314.8,22.0149
8467407,Brian Gionta,R,BUF,2016-04,21.0,57.2,22.0149
8467423,Shawn Horcoff,C,ANA,2015-10,84.5,102.1,49.6345
8467423,Shawn Horcoff,C,ANA,2015-11,227.0,274.4,49.6345
8467423,Shawn Horcoff,C,ANA,2015-12,144.0,174.1,49.6345
8467423,Shawn Horcoff,C,ANA,2016-01,73.5,88.8,49.6345
8467423,Shawn Horcoff,C,ANA,2016-03,100.5,121.5,49.6345
8467423,Shawn Horcoff,C,ANA,2016-04,19.0,23.0,49.6345
8467452,Rob Scuderi,D,LAK,2015-10,61.5,141.3,26.1137
8467452,Rob Scuderi,D,LAK,2015-11,89.5,205.6,26.1137
8467452,Rob Scuderi,D,LAK,2015-12,69.0,158.5,26.1137
8467452,Rob Scuderi,D,LAK,2016-01,23.5,54.0,26.1137
8467452,Rob Scuderi,D,LAK,2016-02,34.0,78.1,26.1137
8467452,Rob Scuderi,D,LAK,2016-03,102.0,234.4,26.1137
8467452,Rob Scuderi,D,LAK,2016-04,54.0,124.1,26.1137
8467493,Chris Neil,R,OTT,2015-10,133.5,94.5,84.7752
8467493,Chris Neil,R,OTT,2015-11,156.0,110.4,84.7752
8467493,Chris Neil,R,OTT,2015-12,173.5,122.8,84.7752
8467493,Chris Neil,R,OTT,2016-01,133.0,94.1,84.7752
8467493,Chris Neil,R,OTT,2016-02,193.0,136.6,84.7752
8467493,Chris Neil,R,OTT,2016-03,187.0,132.4,84.7752
8467493,Chris Neil,R,OTT,2016-04,75.0,53.1,84.7752
8467496,Andrei Markov,D,MTL,2015-10,132.0,329.3,24.0518
8467496,Andrei Markov,D,MTL,2015-11,103.0,256.9,24.0518
8467496,Andrei Markov,D,MTL,2015-12,96.5,240.7,24.0518
8467496,Andrei Markov,D,MTL,2016-01,132.5,330.5,24.0518
8467496,Andrei Markov,D,MTL,2016-02,143.0,356.7,24.0518
8467496,Andrei Markov,D,MTL,2016-03,166.5,415.4,24.0518
8467496,Andrei Markov,D,MTL,2016-04,10.0,24.9,24.0518
8467514,Pavel Datsyuk,C,DET,2015-11,100.5,142.0,42.4597
8467514,Pavel Datsyuk,C,DET,2015-12,204.5,289.0,42.4597
8467514,Pavel Datsyuk,C,DET,2016-01,141.5,200.0,42.4597
8467514,Pavel Datsyuk,C,DET,2016-02,227.5,321.5,42.4597
8467514,Pavel Datsyuk,C,DET,2016-03,159.0,224.7,42.4597
8467514,Pavel Datsyuk,C,DET,2016-04,85.0,120.1,42.4597
8467875,Daniel Sedin,L,VAN,2015-10,84.5,335.2,15.126
8467875,Daniel Sedin,L,VAN,2015-11,70.0,277.7,15.126
8467875,Daniel Sedin,L,VAN,2015-12,46.5,184.5,15.126
8467875,Daniel Sedin,L,VAN,2016-01,27.5,109.1,15.126
8467875,Daniel Sedin,L,VAN,2016-02,50.0,198.3,15.126
8467875,Daniel Sedin,L,VAN,2016-03,67.5,267.8,15.126
8467875,Daniel Sedin,L,VAN,2016-04,33.0,130.9,15.126
8467876,Henrik Sedin,C,VAN,2015-10,77.0,203.7,22.676
8467876,Henrik Sedin,C,VAN,2015-11,154.5,408.8,22.676
8467876,Henrik Sedin,C,VAN,2015-12,73.5,194.5,22.676
8467876,Henrik Sedin,C,VAN,2016-01,36.5,96.6,22.676
8467876,Henrik Sedin,C,VAN,2016-02,52.5,138.9,22.676
8467876,Henrik Sedin,C,VAN,2016-03,87.0,230.2,22.676
8467876,Henrik Sedin,C,VAN,2016-04,33.0,87.3,22.676
8467890,Barret Jackman,D,NSH,2015-10,141.5,188.7,44.989
8467890,Barret Jackman,D,NSH,2015-11,149.0,198.7,44.989
8467890,Barret Jackman,D,NSH,2015-12,192.0,256.1,44.989
8467890,Barret Jackman,D,NSH,2016-01,78.5,104.7,44.989
8467890,Barret Jackman,D,NSH,2016-02,100.5,134.0,44.989
8467890,Barret Jackman,D,NSH,2016-03,66.0,88.0,44.989
8467890,Barret Jackman,D,NSH,2016-04,31.0,41.3,44.989
8467899,Martin Havlat,R,STL,2015-11,19.0,21.8,52.3416
8467950,Craig Anderson,G,OTT,2015-10,-4.0,0.0,0.0
8467950,Craig Anderson,G,OTT,2015-11,-10.5,0.0,0.0
8467950,Craig Anderson,G,OTT,2015-12,-10.0,0.0,0.0
8467950,Craig Anderson,G,OTT,2016-01,-7.5,0.0,0.0
8467950,Craig Anderson,G,OTT,2016-02,-32.5,0.0,0.0
8467950,Craig Anderson,G,OTT,2016-03,-15.0,0.0,0.0
8467967,Chris Kelly,C,BOS,2015-10,144.5,143.9,60.2292
8468001,Derek MacKenzie,C,FLA,2015-10,229.5,156.6,87.9292
8468001,Derek MacKenzie,C,FLA,2015-11,222.5,151.8,87.9292
8468001,Derek MacKenzie,C,FLA,2015-12,227.5,155.2,87.9292
8468001,Derek MacKenzie,C,FLA,2016-01,182.0,124.2,87.9292
8468001,Derek MacKenzie,C,FLA,2016-02,256.5,175.0,87.9292
8468001,Derek MacKenzie,C,FLA,2016-03,61.0,41.6,87.9292
8468001,Derek MacKenzie,C,FLA,2016-04,54.5,37.2,87.9292
8468011,Ryan Miller,G,VAN,2015-10,-22.5,0.0,0.0
8468011,Ryan Miller,G,VAN,2015-11,-7.5,0.0,0.0
8468011,Ryan Miller,G,VAN,2015-12,-7.5,0.0,0.0
8468011,Ryan Miller,G,VAN,2016-01,-15.0,0.0,0.0
8468011,Ryan Miller,G,VAN,2016-02,-5.0,0.0,0.0
8468011,Ryan Miller,G,VAN,2016-03,-17.5,0.0,0.0
8468011,Ryan Miller,G,VAN,2016-04,3.0,0.0,0.0
8468083,Henrik Zetterberg,L,DET,2015-10,124.5,245.1,30.4778
8468083,Henrik Zetterberg,L,DET,2015-11,105.0,206.7,30.4778
8468083,Henrik Zetterberg,L,DET,2015-12,163.5,321.9,30.4778
8468083,Henrik Zetterberg,L,DET,2016-01,115.5,227.4,30.4778
8468083,Henrik Zetterberg,L,DET,2016-02,109.0,214.6,30.4778
8468083,Henrik Zetterberg,L,DET,2016-03,127.0,250.0,30.4778
8468083,Henrik Zetterberg,L,DET,2016-04,64.0,126.0,30.4778
8468085,Radim Vrbata,R,VAN,2015-10,58.5,242.4,14.4814
8468085,Radim Vrbata,R,VAN,2015-11,44.0,182.3,14.4814
8468085,Radim Vrbata,R,VAN,2015-12,32.0,132.6,14.4814
8468085,Radim Vrbata,R,VAN,2016-01,67.5,279.7,14.4814
8468085,Radim Vrbata,R,VAN,2016-02,25.0,103.6,14.4814
8468085,Radim Vrbata,R,VAN,2016-03,17.0,70.4,14.4814
8468208,Joel Ward,R,SJS,2015-10,147.0,215.2,40.9883
8468208,Joel Ward,R,SJS,2015-11,181.5,265.7,40.9883
8468208,Joel Ward,R,SJS,2015-12,139.5,204.2,40.9883
8468208,Joel Ward,R,SJS,2016-01,132.5,194.0,40.9883
8468208,Joel Ward,R,SJS,2016-02,133.0,194.7,40.9883
8468208,Joel Ward,R,SJS,2016-03,151.0,221.0,40.9883
8468208,Joel Ward,R,SJS,2016-04,31.5,46.1,40.9883
8468309,Mark Streit,D,PHI,2015-10,120.0,287.5,25.0402
8468309,Mark Streit,D,PHI,2015-11,64.5,154.6,25.0402
8468309,Mark Streit,D,PHI,2015-12,10.0,24.0,25.0402
8468309,Mark Streit,D,PHI,2016-01,99.5,238.4,25.0402
8468309,Mark Streit,D,PHI,2016-02,141.5,339.1,25.0402
8468309,Mark Streit,D,PHI,2016-03,92.0,220.4,25.0402
8468309,Mark Streit,D,PHI,2016-04,38.5,92.3,25.0402
8468483,Marian Gaborik,R,LAK,2015-10,49.5,133.8,22.1933
8468483,Marian Gaborik,R,LAK,2015-11,70.0,189.2,22.1933
8468483,Marian Gaborik,R,LAK,2015-12,78.0,210.9,22.1933
8468483,Marian Gaborik,R,LAK,2016-01,71.0,191.9,22.1933
8468483,Marian Gaborik,R,LAK,2016-02,30.0,81.1,22.1933
8468486,Scott Hartnell,L,CBJ,2015-10,150.5,195.6,46.1546
8468486,Scott Hartnell,L,CBJ,2015-11,228.5,297.0,46.1546
8468486,Scott Hartnell,L,CBJ,2015-12,184.5,239.8,46.1546
8468486,Scott Hartnell,L,CBJ,2016-01,125.0,162.5,46.1546
8468486,Scott Hartnell,L,CBJ,2016-02,96.0,124.8,46.1546
8468486,Scott Hartnell,L,CBJ,2016-03,122.5,159.2,46.1546
8468486,Scott Hartnell,L,CBJ,2016-04,40.0,52.0,46.1546
8468493,Ron Hainsey,D,CAR,2015-10,131.5,263.5,29.9453
8468493,Ron Hainsey,D,CAR,2015-11,174.0,348.6,29.9453
8468493,Ron Hainsey,D,CAR,2015-12,173.5,347.6,29.9453
8468493,Ron Hainsey,D,CAR,2016-01,111.0,222.4,29.9453
8468493,Ron Hainsey,D,CAR,2016-02,111.5,223.4,29.9453
8468493,Ron Hainsey,D,CAR,2016-03,163.0,326.6,29.9453
8468493,Ron Hainsey,D,CAR,2016-04,38.0,76.1,29.9453
8468498,Brooks Orpik,D,WSH,2015-10,197.0,196.2,60.2416
8468498,Brooks Orpik,D,WSH,2015-11,54.5,54.3,60.2416
8468498,Brooks Orpik,D,WSH,2016-02,173.0,172.3,60.2416
8468498,Brooks Orpik,D,WSH,2016-03,307.5,306.3,60.2416
8468498,Brooks Orpik,D,WSH,2016-04,83.5,83.2,60.2416
8468504,Brad Boyes,R,TOR,2015-10,52.0,110.8,28.1529
8468504,Brad Boyes,R,TOR,2015-11,59.5,126.8,28.1529
8468504,Brad Boyes,R,TOR,2015-12,50.0,106.6,28.1529
8468504,Brad Boyes,R,TOR,2016-01,41.0,87.4,28.1529
8468504,Brad Boyes,R,TOR,2016-02,80.5,171.6,28.1529
8468504,Brad Boyes,R,TOR,2016-03,30.0,63.9,28.1529
8468504,Brad Boyes,R,TOR,2016-04,24.0,51.1,28.1529
8468505,Steve Ott,C,STL,2015-10,198.5,167.9,70.9177
8468505,Steve Ott,C,STL,2015-11,52.5,44.4,70.9177
8468505,Steve Ott,C,STL,2015-12,20.0,16.9,70.9177
8468508,Justin Williams,R,WSH,2015-10,49.0,105.0,28.0111
8468508,Justin Williams,R,WSH,2015-11,114.0,244.2,28.0111
8468508,Justin Williams,R,WSH,2015-12,113.5,243.1,28.0111
8468508,Justin Williams,R,WSH,2016-01,102.0,218.5,28.0111
8468508,Justin Williams,R,WSH,2016-02,116.5,249.5,28.0111
8468508,Justin Williams,R,WSH,2016-03,117.0,250.6,28.0111
8468508,Justin Williams,R,WSH,2016-04,25.5,54.6,28.0111
8468509,Niklas Kronwall,D,DET,2015-10,90.5,190.0,28.5816
8468509,Niklas Kronwall,D,DET,2015-11,149.5,313.8,28.5816
8468509,Niklas Kronwall,D,DET,2015-12,154.5,324.3,28.5816
8468509,Niklas Kronwall,D,DET,2016-01,67.0,140.7,28.5816
8468509,Niklas Kronwall,D,DET,2016-02,26.0,54.6,28.5816
8468509,Niklas Kronwall,D,DET,2016-03,122.0,256.1,28.5816
8468509,Niklas Kronwall,D,DET,2016-04,61.5,129.1,28.5816
8468513,Nick Schultz,D,PHI,2015-10,132.5,177.5,44.7829
8468513,Nick Schultz,D,PHI,2015-11,206.0,276.0,44.7829
8468513,Nick Schultz,D,PHI,2015-12,148.5,199.0,44.7829
8468513,Nick Schultz,D,PHI,2016-01,118.0,158.1,44.7829
8468513,Nick Schultz,D,PHI,2016-02,175.5,235.1,44.7829
8468513,Nick Schultz,D,PHI,2016-03,223.5,299.4,44.7829
8468513,Nick Schultz,D,PHI,2016-04,81.0,108.5,44.7829
8468526,Jarret Stoll,C,MIN,2015-10,149.0,107.4,83.2401
8468526,Jarret Stoll,C,MIN,2015-11,305.0,219.8,83.2401
8468526,Jarret Stoll,C,MIN,2015-12,211.0,152.1,83.2401
8468526,Jarret Stoll,C,MIN,2016-01,240.0,173.0,83.2401
8468526,Jarret Stoll,C,MIN,2016-02,228.5,164.7,83.2401
8468526,Jarret Stoll,C,MIN,2016-03,180.5,130.1,83.2401
8468526,Jarret Stoll,C,MIN,2016-04,37.5,27.0,83.2401
8468535,Antoine Vermette,C,ARI,2015-10,90.0,107.3,50.3115
8468535,Antoine Vermette,C,ARI,2015-11,158.5,189.0,50.3115
8468535,Antoine Vermette,C,ARI,2015-12,206.5,246.3,50.3115
8468535,Antoine Vermette,C,ARI,2016-01,175.0,208.7,50.3115
8468535,Antoine Vermette,C,ARI,2016-02,238.5,284.4,50.3115
8468535,Antoine Vermette,C,ARI,2016-03,125.0,149.1,50.3115
8468535,Antoine Vermette,C,ARI,2016-04,67.0,79.9,50.3115
8468542,Paul Martin,D,SJS,2015-10,74.0,162.8,27.2766
8468542,Paul Martin,D,SJS,2015-11,141.0,310.2,27.2766
8468542,Paul Martin,D,SJS,2015-12,124.0,272.8,27.2766
8468542,Paul Martin,D,SJS,2016-01,94.5,207.9,27.2766
8468542,Paul Martin,D,SJS,2016-02,133.0,292.6,27.2766
8468542,Paul Martin,D,SJS,2016-03,138.5,304.7,27.2766
8468542,Paul Martin,D,SJS,2016-04,30.0,66.0,27.2766
8468575,Dominic Moore,C,NYR,2015-10,136.5,143.9,56.9199
8468575,Dominic Moore,C,NYR,2015-11,197.0,207.7,56.9199
8468575,Dominic Moore,C,NYR,2015-12,175.0,184.5,56.9199
8468575,Dominic Moore,C,NYR,2016-01,128.5,135.5,56.9199
8468575,Dominic Moore,C,NYR,2016-02,160.5,169.2,56.9199
8468575,Dominic Moore,C,NYR,2016-03,163.5,172.3,56.9199
8468575,Dominic Moore,C,NYR,2016-04,48.0,50.6,56.9199
8468611,Matt Hendricks,C,EDM,2015-10,129.5,89.3,87.0502
8468611,Matt Hendricks,C,EDM,2015-11,231.0,159.2,87.0502
8468611,Matt Hendricks,C,EDM,2015-12,291.0,200.6,87.0502
8468611,Matt Hendricks,C,EDM,2016-01,159.5,109.9,87.0502
8468611,Matt Hendricks,C,EDM,2016-02,251.5,173.3,87.0502
8468611,Matt Hendricks,C,EDM,2016-03,199.0,137.2,87.0502
8468611,Matt Hendricks,C,EDM,2016-04,44.5,30.7,87.0502
8468635,Travis Moen,L,DAL,2015-10,39.0,36.8,63.5283
8468635,Travis Moen,L,DAL,2015-12,39.5,37.3,63.5283
8468635,Travis Moen,L,DAL,2016-01,49.5,46.8,63.5283
8468635,Travis Moen,L,DAL,2016-02,28.5,26.9,63.5283
8468635,Travis Moen,L,DAL,2016-03,20.5,19.4,63.5283
8468635,Travis Moen,L,DAL,2016-04,22.5,21.3,63.5283
8468639,John-Michael Liles,D,BOS,2015-10,134.0,231.5,34.7318
8468639,John-Michael Liles,D,BOS,2015-11,186.0,321.3,34.7318
8468639,John-Michael Liles,D,BOS,2015-12,126.0,217.7,34.7318
8468639,John-Michael Liles,D,BOS,2016-01,150.5,260.0,34.7318
8468639,John-Michael Liles,D,BOS,2016-02,174.0,300.6,34.7318
8468639,John-Michael Liles,D,BOS,2016-03,139.0,240.1,34.7318
8468639,John-Michael Liles,D,BOS,2016-04,42.5,73.4,34.7318
8468674,Deryk Engelland,D,CGY,2015-10,146.5,180.7,48.6408
8468674,Deryk Engelland,D,CGY,2015-11,105.0,129.5,48.6408
8468674,Deryk Engelland,D,CGY,2015-12,110.5,136.3,48.6408
8468674,Deryk Engelland,D,CGY,2016-01,54.0,66.6,48.6408
8468674,Deryk Engelland,D,CGY,2016-02,246.0,303.4,48.6408
8468674,Deryk Engelland,D,CGY,2016-03,175.5,216.5,48.6408
8468674,Deryk Engelland,D,CGY,2016-04,14.5,17.9,48.6408
8468685,Henrik Lundqvist,G,NYR,2015-10,-17.5,0.0,0.0
8468685,Henrik Lundqvist,G,NYR,2015-11,-2.0,0.0,0.0
8468685,Henrik Lundqvist,G,NYR,2015-12,-9.5,0.0,0.0
8468685,Henrik Lundqvist,G,NYR,2016-01,-15.0,0.0,0.0
8468685,Henrik Lundqvist,G,NYR,2016-02,3.5,0.0,0.0
8468685,Henrik Lundqvist,G,NYR,2016-03,-1.5,0.0,0.0
8468700,Paul Gaustad,C,NSH,2015-10,227.0,140.5,96.9149
8468700,Paul Gaustad,C,NSH,2015-11,98.5,61.0,96.9149
8468700,Paul Gaustad,C,NSH,2015-12,303.0,187.6,96.9149
8468700,Paul Gaustad,C,NSH,2016-01,178.5,110.5,96.9149
8468700,Paul Gaustad,C,NSH,2016-02,184.0,113.9,96.9149
8468700,Paul Gaustad,C,NSH,2016-03,96.0,59.4,96.9149
8468700,Paul Gaustad,C,NSH,2016-04,57.0,35.3,96.9149
8469455,Jason Spezza,C,DAL,2015-10,87.5,181.0,29.0073
8469455,Jason Spezza,C,DAL,2015-11,113.0,233.7,29.0073
8469455,Jason Spezza,C,DAL,2015-12,129.0,266.8,29.0073
8469455,Jason Spezza,C,DAL,2016-01,76.5,158.2,29.0073
8469455,Jason Spezza,C,DAL,2016-02,61.5,127.2,29.0073
8469455,Jason Spezza,C,DAL,2016-03,105.0,217.2,29.0073
8469455,Jason Spezza,C,DAL,2016-04,26.5,54.8,29.0073
8469459,Mikko Koivu,C,MIN,2015-10,152.0,234.1,38.9553
8469459,Mikko Koivu,C,MIN,2015-11,140.0,215.6,38.9553
8469459,Mikko Koivu,C,MIN,2015-12,198.5,305.7,38.9553
8469459,Mikko Koivu,C,MIN,2016-01,140.0,215.6,38.9553
8469459,Mikko Koivu,C,MIN,2016-02,181.5,279.6,38.9553
8469459,Mikko Koivu,C,MIN,2016-03,192.5,296.5,38.9553
8469459,Mikko Koivu,C,MIN,2016-04,56.5,87.0,38.9553
8469462,Tuomo Ruutu,R,NJD,2015-10,22.0,26.9,49.1505
8469462,Tuomo Ruutu,R,NJD,2015-12,43.0,52.5,49.1505
8469462,Tuomo Ruutu,R,NJD,2016-01,87.5,106.8,49.1505
8469462,Tuomo Ruutu,R,NJD,2016-02,32.0,39.1,49.1505
8469462,Tuomo Ruutu,R,NJD,2016-03,116.0,141.6,49.1505
8469462,Tuomo Ruutu,R,NJD,2016-04,10.5,12.8,49.1505
8469465,Dan Hamhuis,D,VAN,2015-10,83.0,170.4,29.2252
8469465,Dan Hamhuis,D,VAN,2015-11,179.0,367.5,29.2252
8469465,Dan Hamhuis,D,VAN,2015-12,79.5,163.2,29.2252
8469465,Dan Hamhuis,D,VAN,2016-02,70.0,143.7,29.2252
8469465,Dan Hamhuis,D,VAN,2016-03,150.5,309.0,29.2252
8469465,Dan Hamhuis,D,VAN,2016-04,43.0,88.3,29.2252
8469466,Ales Hemsky,R,DAL,2015-10,71.0,165.0,25.8237
8469466,Ales Hemsky,R,DAL,2015-11,57.5,133.6,25.8237
8469466,Ales Hemsky,R,DAL,2015-12,70.0,162.6,25.8237
8469466,Ales Hemsky,R,DAL,2016-01,45.5,105.7,25.8237
8469466,Ales Hemsky,R,DAL,2016-02,71.0,165.0,25.8237
8469466,Ales Hemsky,R,DAL,2016-03,89.5,207.9,25.8237
8469466,Ales Hemsky,R,DAL,2016-04,18.5,43.0,25.8237
8469469,R.J. Umberger,C,PHI,2015-10,68.0,79.0,51.6432
8469469,R.J. Umberger,C,PHI,2015-11,25.5,29.6,51.6432
8469469,R.J. Umberger,C,PHI,2015-12,74.0,86.0,51.6432
8469469,R.J. Umberger,C,PHI,2016-01,90.5,105.1,51.6432
8469469,R.J. Umberger,C,PHI,2016-02,69.5,80.7,51.6432
8469469,R.J. Umberger,C,PHI,2016-04,13.5,15.7,51.6432
8469470,Carlo Colaiacovo,D,BUF,2015-10,62.0,110.6,33.6263
8469470,Carlo Colaiacovo,D,BUF,2015-11,101.0,180.2,33.6263
8469470,Carlo Colaiacovo,D,BUF,2015-12,30.0,53.5,33.6263
8469470,Carlo Colaiacovo,D,BUF,2016-01,6.0,10.7,33.6263
8469470,Carlo Colaiacovo,D,BUF,2016-02,18.5,33.0,33.6263
8469470,Carlo Colaiacovo,D,BUF,2016-03,61.0,108.8,33.6263
8469470,Carlo Colaiacovo,D,BUF,2016-04,13.5,24.1,33.6263
8469490,Tim Jackman,R,ANA,2015-10,19.0,11.5,99.3897
8469492,Fedor Tyutin,D,CBJ,2015-10,105.5,134.0,47.2507
8469492,Fedor Tyutin,D,CBJ,2015-11,132.5,168.3,47.2507
8469492,Fedor Tyutin,D,CBJ,2015-12,221.5,281.3,47.2507
8469492,Fedor Tyutin,D,CBJ,2016-01,73.0,92.7,47.2507
8469492,Fedor Tyutin,D,CBJ,2016-02,190.5,241.9,47.2507
8469492,Fedor Tyutin,D,CBJ,2016-03,122.0,154.9,47.2507
8469500,Michael Cammalleri,L,NJD,2015-10,41.0,151.2,16.2649
8469500,Michael Cammalleri,L,NJD,2015-11,80.0,295.1,16.2649
8469500,Michael Cammalleri,L,NJD,2015-12,79.5,293.3,16.2649
8469500,Michael Cammalleri,L,NJD,2016-01,19.0,70.1,16.2649
8469501,Chris Thorburn,R,WPG,2015-10,99.5,99.7,59.859
8469501,Chris Thorburn,R,WPG,2015-11,143.0,143.3,59.859
8469501,Chris Thorburn,R,WPG,2015-12,140.0,140.3,59.859
8469501,Chris Thorburn,R,WPG,2016-01,119.5,119.8,59.859
8469501,Chris Thorburn,R,WPG,2016-02,103.0,103.2,59.859
8469501,Chris Thorburn,R,WPG,2016-03,172.5,172.9,59.859
8469501,Chris Thorburn,R,WPG,2016-04,50.5,50.6,59.859
8469506,Jason Pominville,R,MIN,2015-10,48.5,153.2,18.9932
8469506,Jason Pominville,R,MIN,2015-11,50.5,159.5,18.9932
8469506,Jason Pominville,R,MIN,2015-12,63.5,200.6,18.9932
8469506,Jason Pominville,R,MIN,2016-01,92.0,290.6,18.9932
8469506,Jason Pominville,R,MIN,2016-02,77.5,244.8,18.9932
8469506,Jason Pominville,R,MIN,2016-03,29.5,93.2,18.9932
8469506,Jason Pominville,R,MIN,2016-04,27.0,85.3,18.9932
8469508,Jay McClement,C,CAR,2015-10,80.0,83.7,57.3152
8469508,Jay McClement,C,CAR,2015-11,135.0,141.3,57.3152
8469508,Jay McClement,C,CAR,2015-12,178.5,186.9,57.3152
8469508,Jay McClement,C,CAR,2016-01,139.5,146.0,57.3152
8469508,Jay McClement,C,CAR,2016-02,132.0,138.2,57.3152
8469508,Jay McClement,C,CAR,2016-03,139.0,145.5,57.3152
8469508,Jay McClement,C,CAR,2016-04,49.5,51.8,57.3152
8469521,Tomas Plekanec,C,MTL,2015-10,190.0,264.4,43.1158
8469521,Tomas Plekanec,C,MTL,2015-11,165.0,229.6,43.1158
8469521,Tomas Plekanec,C,MTL,2015-12,162.5,226.1,43.1158
8469521,Tomas Plekanec,C,MTL,2016-01,205.5,286.0,43.1158
8469521,Tomas Plekanec,C,MTL,2016-02,145.0,201.8,43.1158
8469521,Tomas Plekanec,C,MTL,2016-03,189.0,263.0,43.1158
8469521,Tomas Plekanec,C,MTL,2016-04,35.0,48.7,43.1158
8469544,Patrick Sharp,L,DAL,2015-10,90.0,204.1,26.461
8469544,Patrick Sharp,L,DAL,2015-11,96.0,217.7,26.461
8469544,Patrick Sharp,L,DAL,2015-12,144.0,326.5,26.461
8469544,Patrick Sharp,L,DAL,2016-01,74.5,168.9,26.461
8469544,Patrick Sharp,L,DAL,2016-02,107.5,243.8,26.461
8469544,Patrick Sharp,L,DAL,2016-03,49.0,111.1,26.461
8469544,Patrick Sharp,L,DAL,2016-04,29.5,66.9,26.461
8469547,Jordin Tootoo,R,NJD,2015-10,110.0,134.1,49.2094
8469547,Jordin Tootoo,R,NJD,2015-11,162.5,198.1,49.2094
8469547,Jordin Tootoo,R,NJD,2015-12,138.0,168.3,49.2094
8469547,Jordin Tootoo,R,NJD,2016-01,74.5,90.8,49.2094
8469547,Jordin Tootoo,R,NJD,2016-02,109.0,132.9,49.2094
8469547,Jordin Tootoo,R,NJD,2016-03,30.0,36.6,49.2094
8469555,Christian Ehrhoff,D,CHI,2015-10,65.0,123.7,31.525
8469555,Christian Ehrhoff,D,CHI,2015-11,91.5,174.1,31.525
8469555,Christian Ehrhoff,D,CHI,2015-12,106.5,202.7,31.525
8469555,Christian Ehrhoff,D,CHI,2016-01,43.5,82.8,31.525
8469555,Christian Ehrhoff,D,CHI,2016-02,13.0,24.7,31.525
8469555,Christian Ehrhoff,D,CHI,2016-03,66.5,126.6,31.525
8469555,Christian Ehrhoff,D,CHI,2016-04,4.5,8.6,31.525
8469598,Kevin Bieksa,D,ANA,2015-10,194.0,273.0,42.6339
8469598,Kevin Bieksa,D,ANA,2015-11,260.0,365.9,42.6339
8469598,Kevin Bieksa,D,ANA,2015-12,178.5,251.2,42.6339
8469598,Kevin Bieksa,D,ANA,2016-01,116.5,164.0,42.6339
8469598,Kevin Bieksa,D,ANA,2016-02,157.0,221.0,42.6339
8469598,Kevin Bieksa,D,ANA,2016-03,154.0,216.7,42.6339
8469608,Mike Smith,G,ARI,2015-10,-9.5,0.0,0.0
8469608,Mike Smith,G,ARI,2015-11,-12.5,0.0,0.0
8469608,Mike Smith,G,ARI,2015-12,-4.0,0.0,0.0
8469608,Mike Smith,G,ARI,2016-03,-7.5,0.0,0.0
8469608,Mike Smith,G,ARI,2016-04,-4.0,0.0,0.0
8469619,Dennis Seidenberg,D,BOS,2015-11,146.5,168.4,52.2037
8469619,Dennis Seidenberg,D,BOS,2015-12,208.5,239.6,52.2037
8469619,Dennis Seidenberg,D,BOS,2016-01,262.5,301.7,52.2037
8469619,Dennis Seidenberg,D,BOS,2016-02,223.0,256.3,52.2037
8469619,Dennis Seidenberg,D,BOS,2016-03,189.0,217.2,52.2037
8469623,Marek Zidlicky,D,NYI,2015-10,96.0,162.5,35.4514
8469623,Marek Zidlicky,D,NYI,2015-11,94.5,159.9,35.4514
8469623,Marek Zidlicky,D,NYI,2015-12,110.0,186.2,35.4514
8469623,Marek Zidlicky,D,NYI,2016-01,79.5,134.6,35.4514
8469623,Marek Zidlicky,D,NYI,2016-02,56.5,95.6,35.4514
8469623,Marek Zidlicky,D,NYI,2016-03,11.5,19.5,35.4514
8469623,Marek Zidlicky,D,NYI,2016-04,40.0,67.7,35.4514
8469638,Jussi Jokinen,L,FLA,2015-10,109.5,286.6,22.9212
8469638,Jussi Jokinen,L,FLA,2015-11,63.5,166.2,22.9212
8469638,Jussi Jokinen,L,FLA,2015-12,123.0,322.0,22.9212
8469638,Jussi Jokinen,L,FLA,2016-01,71.5,187.2,22.9212
8469638,Jussi Jokinen,L,FLA,2016-02,80.0,209.4,22.9212
8469638,Jussi Jokinen,L,FLA,2016-03,100.5,263.1,22.9212
8469638,Jussi Jokinen,L,FLA,2016-04,18.0,47.1,22.9212
8469639,Brooks Laich,C,TOR,2015-10,79.5,90.6,52.6327
8469639,Brooks Laich,C,TOR,2015-11,95.5,108.9,52.6327
8469639,Brooks Laich,C,TOR,2015-12,109.0,124.3,52.6327
8469639,Brooks Laich,C,TOR,2016-01,74.0,84.4,52.6327
8469639,Brooks Laich,C,TOR,2016-02,177.5,202.3,52.6327
8469639,Brooks Laich,C,TOR,2016-03,207.5,236.5,52.6327
8469639,Brooks Laich,C,TOR,2016-04,69.5,79.2,52.6327
8469665,Johnny Oduya,D,DAL,2015-10,131.0,203.2,38.6906
8469665,Johnny Oduya,D,DAL,2015-11,201.0,311.7,38.6906
8469665,Johnny Oduya,D,DAL,2015-12,184.0,285.3,38.6906
8469665,Johnny Oduya,D,DAL,2016-01,140.5,217.9,38.6906
8469665,Johnny Oduya,D,DAL,2016-02,187.5,290.8,38.6906
8469665,Johnny Oduya,D,DAL,2016-03,179.5,278.4,38.6906
8469665,Johnny Oduya,D,DAL,2016-04,54.0,83.7,38.6906
8469707,PA Parenteau,R,TOR,2015-10,62.0,138.0,26.9584
8469707,PA Parenteau,R,TOR,2015-11,118.5,263.7,26.9584
8469707,PA Parenteau,R,TOR,2015-12,104.5,232.6,26.9584
8469707,PA Parenteau,R,TOR,2016-01,81.0,180.3,26.9584
8469707,PA Parenteau,R,TOR,2016-02,105.5,234.8,26.9584
8469707,PA Parenteau,R,TOR,2016-03,74.5,165.8,26.9584
8469707,PA Parenteau,R,TOR,2016-04,16.5,36.7,26.9584
8469759,Vernon Fiddler,L,DAL,2015-10,153.5,142.9,64.4631
8469759,Vernon Fiddler,L,DAL,2015-11,157.5,146.6,64.4631
8469759,Vernon Fiddler,L,DAL,2015-12,172.5,160.6,64.4631
8469759,Vernon Fiddler,L,DAL,2016-01,132.5,123.3,64.4631
8469759,Vernon Fiddler,L,DAL,2016-02,133.0,123.8,64.4631
8469759,Vernon Fiddler,L,DAL,2016-03,219.5,204.3,64.4631
8469759,Vernon Fiddler,L,DAL,2016-04,57.0,53.1,64.4631
8469760,Zbynek Michalek,D,ARI,2015-10,171.0,217.0,47.2736
8469760,Zbynek Michalek,D,ARI,2015-11,172.5,218.9,47.2736
8469760,Zbynek Michalek,D,ARI,2015-12,115.5,146.6,47.2736
8469760,Zbynek Michalek,D,ARI,2016-01,94.5,119.9,47.2736
8469760,Zbynek Michalek,D,ARI,2016-02,188.0,238.6,47.2736
8469760,Zbynek Michalek,D,ARI,2016-03,122.0,154.8,47.2736
8469760,Zbynek Michalek,D,ARI,2016-04,75.0,95.2,47.2736
8469770,Dennis Wideman,D,CGY,2015-10,108.5,230.0,28.3059
8469770,Dennis Wideman,D,CGY,2015-11,129.5,274.5,28.3059
8469770,Dennis Wideman,D,CGY,2015-12,123.5,261.8,28.3059
8469770,Dennis Wideman,D,CGY,2016-01,119.0,252.2,28.3059
8469770,Dennis Wideman,D,CGY,2016-03,15.5,32.9,28.3059
8470039,Tomas Fleischmann,L,CHI,2015-10,80.0,190.7,25.168
8470039,Tomas Fleischmann,L,CHI,2015-11,108.5,258.7,25.168
8470039,Tomas Fleischmann,L,CHI,2015-12,82.5,196.7,25.168
8470039,Tomas Fleischmann,L,CHI,2016-01,41.5,98.9,25.168
8470039,Tomas Fleischmann,L,CHI,2016-02,78.0,186.0,25.168
8470039,Tomas Fleischmann,L,CHI,2016-03,50.0,119.2,25.168
8470039,Tomas Fleischmann,L,CHI,2016-04,44.5,106.1,25.168
8470041,Rick Nash,L,NYR,2015-10,108.5,187.2,34.7708
8470041,Rick Nash,L,NYR,2015-11,173.0,298.5,34.7708
8470041,Rick Nash,L,NYR,2015-12,114.5,197.6,34.7708
8470041,Rick Nash,L,NYR,2016-01,61.0,105.3,34.7708
8470041,Rick Nash,L,NYR,2016-03,91.0,157.0,34.7708
8470041,Rick Nash,L,NYR,2016-04,41.0,70.7,34.7708
8470047,Valtteri Filppula,C,TBL,2015-10,122.0,198.3,36.9076
8470047,Valtteri Filppula,C,TBL,2015-11,148.5,241.4,36.9076
8470047,Valtteri Filppula,C,TBL,2015-12,182.0,295.9,36.9076
8470047,Valtteri Filppula,C,TBL,2016-01,111.0,180.5,36.9076
8470047,Valtteri Filppula,C,TBL,2016-02,174.0,282.9,36.9076
8470047,Valtteri Filppula,C,TBL,2016-03,63.0,102.4,36.9076
8470047,Valtteri Filppula,C,TBL,2016-04,53.0,86.2,36.9076
8470104,Tom Gilbert,D,MTL,2015-10,168.0,229.9,43.8415
8470104,Tom Gilbert,D,MTL,2015-11,101.5,138.9,43.8415
8470104,Tom Gilbert,D,MTL,2015-12,140.0,191.6,43.8415
8470104,Tom Gilbert,D,MTL,2016-02,145.0,198.4,43.8415
8470105,Scottie Upshall,R,STL,2015-10,89.5,103.8,51.7532
8470105,Scottie Upshall,R,STL,2015-11,120.5,139.7,51.7532
8470105,Scottie Upshall,R,STL,2015-12,85.5,99.1,51.7532
8470105,Scottie Upshall,R,STL,2016-01,102.0,118.3,51.7532
8470105,Scottie Upshall,R,STL,2016-02,119.0,138.0,51.7532
8470105,Scottie Upshall,R,STL,2016-03,99.5,115.4,51.7532
8470105,Scottie Upshall,R,STL,2016-04,45.0,52.2,51.7532
8470110,Trevor Daley,D,PIT,2015-10,120.5,282.7,25.5724
8470110,Trevor Daley,D,PIT,2015-11,44.0,103.2,25.5724
8470110,Trevor Daley,D,PIT,2015-12,76.0,178.3,25.5724
8470110,Trevor Daley,D,PIT,2016-01,88.0,206.5,25.5724
8470110,Trevor Daley,D,PIT,2016-02,99.5,233.5,25.5724
8470110,Trevor Daley,D,PIT,2016-03,176.5,414.1,25.5724
8470110,Trevor Daley,D,PIT,2016-04,40.0,93.9,25.5724
8470120,Alexander Semin,R,MTL,2015-10,56.0,138.2,24.3204
8470120,Alexander Semin,R,MTL,2015-11,19.0,46.9,24.3204
8470121,Matt Greene,D,LAK,2015-10,37.5,35.2,63.8298
8470140,Kari Lehtonen,G,DAL,2015-11,-5.0,0.0,0.0
8470140,Kari Lehtonen,G,DAL,2015-12,-7.5,0.0,0.0
8470140,Kari Lehtonen,G,DAL,2016-01,-12.5,0.0,0.0
8470140,Kari Lehtonen,G,DAL,2016-02,-12.5,0.0,0.0
8470140,Kari Lehtonen,G,DAL,2016-03,-5.0,0.0,0.0
8470140,Kari Lehtonen,G,DAL,2016-04,-2.5,0.0,0.0
8470144,Frans Nielsen,C,NYI,2015-10,200.0,219.5,54.6777
8470144,Frans Nielsen,C,NYI,2015-11,247.5,271.6,54.6777
8470144,Frans Nielsen,C,NYI,2015-12,193.0,211.8,54.6777
8470144,Frans Nielsen,C,NYI,2016-01,135.5,148.7,54.6777
8470144,Frans Nielsen,C,NYI,2016-02,190.0,208.5,54.6777
8470144,Frans Nielsen,C,NYI,2016-03,267.0,293.0,54.6777
8470144,Frans Nielsen,C,NYI,2016-04,75.0,82.3,54.6777
8470147,Curtis McElhinney,G,CBJ,2015-12,-5.0,0.0,0.0
8470147,Curtis McElhinney,G,CBJ,2016-03,-2.5,0.0,0.0
8470151,Jay Bouwmeester,D,STL,2015-10,88.5,192.9,27.5264
8470151,Jay Bouwmeester,D,STL,2015-11,151.5,330.2,27.5264
8470151,Jay Bouwmeester,D,STL,2015-12,200.5,437.0,27.5264
8470151,Jay Bouwmeester,D,STL,2016-01,71.5,155.9,27.5264
8470151,Jay Bouwmeester,D,STL,2016-02,137.5,299.7,27.5264
8470151,Jay Bouwmeester,D,STL,2016-03,94.0,204.9,27.5264
8470151,Jay Bouwmeester,D,STL,2016-04,20.0,43.6,27.5264
8470159,Boyd Gordon,C,ARI,2015-10,174.5,132.6,78.9792
8470159,Boyd Gordon,C,ARI,2015-11,174.5,132.6,78.9792
8470159,Boyd Gordon,C,ARI,2015-12,171.0,129.9,78.9792
8470159,Boyd Gordon,C,ARI,2016-01,182.5,138.6,78.9792
8470159,Boyd Gordon,C,ARI,2016-02,35.5,27.0,78.9792
8470159,Boyd Gordon,C,ARI,2016-03,217.5,165.2,78.9792
8470159,Boyd Gordon,C,ARI,2016-04,88.5,67.2,78.9792
8470162,Matt Stajan,C,CGY,2015-10,191.5,211.2,54.4005
8470162,Matt Stajan,C,CGY,2015-11,183.5,202.4,54.4005
8470162,Matt Stajan,C,CGY,2015-12,145.0,159.9,54.4005
8470162,Matt Stajan,C,CGY,2016-01,123.0,135.7,54.4005
8470162,Matt Stajan,C,CGY,2016-02,109.5,120.8,54.4005
8470162,Matt Stajan,C,CGY,2016-03,140.5,155.0,54.4005
8470162,Matt Stajan,C,CGY,2016-04,28.0,30.9,54.4005
8470169,Gregory Campbell,C,CBJ,2015-10,120.5,124.2,58.2044
8470169,Gregory Campbell,C,CBJ,2015-11,126.0,129.9,58.2044
8470169,Gregory Campbell,C,CBJ,2015-12,130.0,134.0,58.2044
8470169,Gregory Campbell,C,CBJ,2016-01,140.5,144.8,58.2044
8470169,Gregory Campbell,C,CBJ,2016-02,140.0,144.3,58.2044
8470169,Gregory Campbell,C,CBJ,2016-03,131.5,135.6,58.2044
8470169,Gregory Campbell,C,CBJ,2016-04,52.0,53.6,58.2044
8470171,Max Talbot,C,BOS,2015-10,11.0,8.6,76.5981
8470171,Max Talbot,C,BOS,2015-11,41.5,32.5,76.5981
8470171,Max Talbot,C,BOS,2015-12,145.0,113.6,76.5981
8470171,Max Talbot,C,BOS,2016-01,206.0,161.4,76.5981
8470171,Max Talbot,C,BOS,2016-02,122.0,95.6,76.5981
8470171,Max Talbot,C,BOS,2016-04,18.5,14.5,76.5981
8470180,Eric Nystrom,L,NSH,2015-10,108.5,120.0,54.2377
8470180,Eric Nystrom,L,NSH,2015-11,61.5,68.0,54.2377
8470180,Eric Nystrom,L,NSH,2015-12,155.5,172.0,54.2377
8470180,Eric Nystrom,L,NSH,2016-01,101.5,112.3,54.2377
8470180,Eric Nystrom,L,NSH,2016-03,29.5,32.6,54.2377
8470180,Eric Nystrom,L,NSH,2016-04,21.0,23.2,54.2377
8470187,Johnny Boychuk,D,NYI,2015-10,239.0,290.7,49.322
8470187,Johnny Boychuk,D,NYI,2015-11,239.5,291.4,49.322
8470187,Johnny Boychuk,D,NYI,2015-12,220.5,268.2,49.322
8470187,Johnny Boychuk,D,NYI,2016-02,174.0,211.7,49.322
8470187,Johnny Boychuk,D,NYI,2016-03,251.0,305.3,49.322
8470187,Johnny Boychuk,D,NYI,2016-04,105.5,128.3,49.322
8470201,Jiri Hudler,R,FLA,2015-10,70.0,216.1,19.433
8470201,Jiri Hudler,R,FLA,2015-11,34.5,106.5,19.433
8470201,Jiri Hudler,R,FLA,2015-12,69.0,213.0,19.433
8470201,Jiri Hudler,R,FLA,2016-01,17.5,54.0,19.433
8470201,Jiri Hudler,R,FLA,2016-02,78.5,242.4,19.433
8470201,Jiri Hudler,R,FLA,2016-03,83.0,256.3,19.433
8470201,Jiri Hudler,R,FLA,2016-04,15.0,46.3,19.433
8470207,Joffrey Lupul,R,TOR,2015-10,88.0,132.7,39.7877
8470207,Joffrey Lupul,R,TOR,2015-11,151.0,227.7,39.7877
8470207,Joffrey Lupul,R,TOR,2015-12,79.0,119.1,39.7877
8470207,Joffrey Lupul,R,TOR,2016-01,100.0,150.8,39.7877
8470207,Joffrey Lupul,R,TOR,2016-02,28.0,42.2,39.7877
8470222,James Wisniewski,D,CAR,2015-10,3.0,0.8,230.7692
8470230,Daniel Paille,L,NYR,2016-01,36.5,42.2,51.9357
8470230,Daniel Paille,L,NYR,2016-02,82.0,94.7,51.9357
8470257,Alexander Steen,L,STL,2015-10,118.0,202.8,34.9044
8470257,Alexander Steen,L,STL,2015-11,158.5,272.5,34.9044
8470257,Alexander Steen,L,STL,2015-12,204.0,350.7,34.9044
8470257,Alexander Steen,L,STL,2016-01,162.0,278.5,34.9044
8470257,Alexander Steen,L,STL,2016-02,107.0,183.9,34.9044
8470257,Alexander Steen,L,STL,2016-03,13.5,23.2,34.9044
8470257,Alexander Steen,L,STL,2016-04,31.0,53.3,34.9044
8470274,Chris Higgins,L,VAN,2015-11,61.5,173.7,21.2457
8470274,Chris Higgins,L,VAN,2015-12,51.0,144.0,21.2457
8470274,Chris Higgins,L,VAN,2016-01,16.0,45.2,21.2457
8470274,Chris Higgins,L,VAN,2016-03,29.5,83.3,21.2457
8470274,Chris Higgins,L,VAN,2016-04,3.0,8.5,21.2457
8470281,Duncan Keith,D,CHI,2015-10,57.0,165.4,20.6711
8470281,Duncan Keith,D,CHI,2015-11,68.5,198.8,20.6711
8470281,Duncan Keith,D,CHI,2015-12,129.0,374.4,20.6711
8470281,Duncan Keith,D,CHI,2016-01,94.0,272.8,20.6711
8470281,Duncan Keith,D,CHI,2016-02,96.0,278.7,20.6711
8470281,Duncan Keith,D,CHI,2016-03,138.0,400.6,20.6711
8470317,Nate Guenin,D,COL,2015-10,74.5,142.9,31.2871
8470317,Nate Guenin,D,COL,2015-11,25.0,47.9,31.2871
8470317,Nate Guenin,D,COL,2015-12,74.5,142.9,31.2871
8470317,Nate Guenin,D,COL,2016-01,23.5,45.1,31.2871
8470318,Jonathan Ericsson,D,DET,2015-10,133.5,263.0,30.4571
8470318,Jonathan Ericsson,D,DET,2015-11,91.0,179.3,30.4571
8470318,Jonathan Ericsson,D,DET,2015-12,83.5,164.5,30.4571
8470318,Jonathan Ericsson,D,DET,2016-01,105.0,206.8,30.4571
8470318,Jonathan Ericsson,D,DET,2016-02,60.5,119.2,30.4571
8470318,Jonathan Ericsson,D,DET,2016-03,134.5,265.0,30.4571
8470318,Jonathan Ericsson,D,DET,2016-04,60.0,118.2,30.4571
8470320,Cam Ward,G,CAR,2015-10,-5.0,0.0,0.0
8470320,Cam Ward,G,CAR,2015-11,-7.5,0.0,0.0
8470320,Cam Ward,G,CAR,2015-12,5.5,0.0,0.0
8470320,Cam Ward,G,CAR,2016-01,-2.5,0.0,0.0
8470320,Cam Ward,G,CAR,2016-02,-7.5,0.0,0.0
8470320,Cam Ward,G,CAR,2016-03,-7.5,0.0,0.0
8470320,Cam Ward,G,CAR,2016-04,3.0,0.0,0.0
8470324,Josh Gorges,D,BUF,2015-10,209.5,250.0,50.2786
8470324,Josh Gorges,D,BUF,2015-11,238.0,284.0,50.2786
8470324,Josh Gorges,D,BUF,2015-12,242.5,289.4,50.2786
8470324,Josh Gorges,D,BUF,2016-01,96.0,114.6,50.2786
8470324,Josh Gorges,D,BUF,2016-02,195.0,232.7,50.2786
8470324,Josh Gorges,D,BUF,2016-03,291.5,347.9,50.2786
8470324,Josh Gorges,D,BUF,2016-04,48.0,57.3,50.2786
8470358,Alexandre Burrows,L,VAN,2015-10,80.0,140.2,34.2451
8470358,Alexandre Burrows,L,VAN,2015-11,108.5,190.1,34.2451
8470358,Alexandre Burrows,L,VAN,2015-12,103.0,180.5,34.2451
8470358,Alexandre Burrows,L,VAN,2016-01,107.5,188.3,34.2451
8470358,Alexandre Burrows,L,VAN,2016-02,127.0,222.5,34.2451
8470358,Alexandre Burrows,L,VAN,2016-03,128.5,225.1,34.2451
8470358,Alexandre Burrows,L,VAN,2016-04,29.5,51.7,34.2451
8470378,Andre Benoit,D,STL,2016-01,25.0,27.2,55.2079
8470543,Chris Kunitz,L,PIT,2015-10,184.0,185.0,59.667
8470543,Chris Kunitz,L,PIT,2015-11,259.0,260.4,59.667
8470543,Chris Kunitz,L,PIT,2015-12,235.5,236.8,59.667
8470543,Chris Kunitz,L,PIT,2016-01,145.5,146.3,59.667
8470543,Chris Kunitz,L,PIT,2016-02,157.5,158.4,59.667
8470543,Chris Kunitz,L,PIT,2016-03,308.5,310.2,59.667
8470543,Chris Kunitz,L,PIT,2016-04,48.5,48.8,59.667
8470594,Marc-Andre Fleury,G,PIT,2015-10,-9.5,0.0,0.0
8470594,Marc-Andre Fleury,G,PIT,2015-11,-10.0,0.0,0.0
8470594,Marc-Andre Fleury,G,PIT,2015-12,-5.0,0.0,0.0
8470594,Marc-Andre Fleury,G,PIT,2016-01,-20.0,0.0,0.0
8470594,Marc-Andre Fleury,G,PIT,2016-02,-7.5,0.0,0.0
8470594,Marc-Andre Fleury,G,PIT,2016-03,-9.5,0.0,0.0
8470595,Eric Staal,C,NYR,2015-10,120.5,177.8,40.6532
8470595,Eric Staal,C,NYR,2015-11,117.0,172.7,40.6532
8470595,Eric Staal,C,NYR,2015-12,221.0,326.2,40.6532
8470595,Eric Staal,C,NYR,2016-01,141.5,208.8,40.6532
8470595,Eric Staal,C,NYR,2016-02,187.5,276.7,40.6532
8470595,Eric Staal,C,NYR,2016-03,200.5,295.9,40.6532
8470595,Eric Staal,C,NYR,2016-04,55.5,81.9,40.6532
8470598,Thomas Vanek,L,MIN,2015-10,33.5,156.7,12.8289
8470598,Thomas Vanek,L,MIN,2015-11,39.5,184.7,12.8289
8470598,Thomas Vanek,L,MIN,2015-12,65.0,304.0,12.8289
8470598,Thomas Vanek,L,MIN,2016-01,39.0,182.4,12.8289
8470598,Thomas Vanek,L,MIN,2016-02,44.5,208.1,12.8289
8470598,Thomas Vanek,L,MIN,2016-03,24.0,112.2,12.8289
8470598,Thomas Vanek,L,MIN,2016-04,1.5,7.0,12.8289
8470599,Milan Michalek,L,TOR,2015-10,109.0,212.0,30.8549
8470599,Milan Michalek,L,TOR,2015-11,79.0,153.6,30.8549
8470599,Milan Michalek,L,TOR,2015-12,8.5,16.5,30.8549
8470599,Milan Michalek,L,TOR,2016-01,48.5,94.3,30.8549
8470599,Milan Michalek,L,TOR,2016-03,128.0,248.9,30.8549
8470600,Ryan Suter,D,MIN,2015-10,146.5,396.9,22.1486
8470600,Ryan Suter,D,MIN,2015-11,112.0,303.4,22.1486
8470600,Ryan Suter,D,MIN,2015-12,159.5,432.1,22.1486
8470600,Ryan Suter,D,MIN,2016-01,142.5,386.0,22.1486
8470600,Ryan Suter,D,MIN,2016-02,127.0,344.0,22.1486
8470600,Ryan Suter,D,MIN,2016-03,162.5,440.2,22.1486
8470600,Ryan Suter,D,MIN,2016-04,15.5,42.0,22.1486
8470601,Braydon Coburn,D,TBL,2015-10,122.0,196.5,37.2487
8470601,Braydon Coburn,D,TBL,2015-11,150.5,242.4,37.2487
8470601,Braydon Coburn,D,TBL,2015-12,147.0,236.8,37.2487
8470601,Braydon Coburn,D,TBL,2016-01,95.5,153.8,37.2487
8470601,Braydon Coburn,D,TBL,2016-02,184.0,296.4,37.2487
8470601,Braydon Coburn,D,TBL,2016-03,104.5,168.3,37.2487
8470601,Braydon Coburn,D,TBL,2016-04,28.5,45.9,37.2487
8470602,Dion Phaneuf,D,OTT,2015-10,141.0,182.0,46.4951
8470602,Dion Phaneuf,D,OTT,2015-11,206.0,265.8,46.4951
8470602,Dion Phaneuf,D,OTT,2015-12,239.0,308.4,46.4951
8470602,Dion Phaneuf,D,OTT,2016-01,237.0,305.8,46.4951
8470602,Dion Phaneuf,D,OTT,2016-02,144.5,186.5,46.4951
8470602,Dion Phaneuf,D,OTT,2016-03,262.0,338.1,46.4951
8470604,Jeff Carter,C,LAK,2015-10,115.5,158.3,43.7743
8470604,Jeff Carter,C,LAK,2015-11,192.0,263.2,43.7743
8470604,Jeff Carter,C,LAK,2015-12,116.0,159.0,43.7743
8470604,Jeff Carter,C,LAK,2016-01,160.0,219.3,43.7743
8470604,Jeff Carter,C,LAK,2016-02,198.5,272.1,43.7743
8470604,Jeff Carter,C,LAK,2016-03,181.5,248.8,43.7743
8470604,Jeff Carter,C,LAK,2016-04,69.5,95.3,43.7743
8470606,Dustin Brown,L,LAK,2015-10,127.0,131.2,58.0673
8470606,Dustin Brown,L,LAK,2015-11,227.0,234.6,58.0673
8470606,Dustin Brown,L,LAK,2015-12,210.5,217.5,58.0673
8470606,Dustin Brown,L,LAK,2016-01,165.5,171.0,58.0673
8470606,Dustin Brown,L,LAK,2016-02,242.5,250.6,58.0673
8470606,Dustin Brown,L,LAK,2016-03,246.0,254.2,58.0673
8470606,Dustin Brown,L,LAK,2016-04,65.0,67.2,58.0673
8470607,Brent Seabrook,D,CHI,2015-10,136.0,241.4,33.8034
8470607,Brent Seabrook,D,CHI,2015-11,151.5,268.9,33.8034
8470607,Brent Seabrook,D,CHI,2015-12,141.0,250.3,33.8034
8470607,Brent Seabrook,D,CHI,2016-01,151.0,268.0,33.8034
8470607,Brent Seabrook,D,CHI,2016-02,210.0,372.7,33.8034
8470607,Brent Seabrook,D,CHI,2016-03,200.5,355.9,33.8034
8470607,Brent Seabrook,D,CHI,2016-04,51.5,91.4,33.8034
8470609,Steve Bernier,R,NYI,2015-10,16.5,19.4,50.989
8470609,Steve Bernier,R,NYI,2015-11,95.0,111.8,50.989
8470609,Steve Bernier,R,NYI,2015-12,29.0,34.1,50.989
8470609,Steve Bernier,R,NYI,2016-02,17.5,20.6,50.989
8470609,Steve Bernier,R,NYI,2016-03,14.0,16.5,50.989
8470609,Steve Bernier,R,NYI,2016-04,57.0,67.1,50.989
8470610,Zach Parise,L,MIN,2015-10,117.5,205.1,34.3668
8470610,Zach Parise,L,MIN,2015-11,31.0,54.1,34.3668
8470610,Zach Parise,L,MIN,2015-12,122.0,213.0,34.3668
8470610,Zach Parise,L,MIN,2016-01,130.5,227.8,34.3668
8470610,Zach Parise,L,MIN,2016-02,115.5,201.6,34.3668
8470610,Zach Parise,L,MIN,2016-03,217.5,379.7,34.3668
8470610,Zach Parise,L,MIN,2016-04,39.5,69.0,34.3668
8470611,Eric Fehr,C,PIT,2015-10,9.5,10.8,52.9336
8470611,Eric Fehr,C,PIT,2015-11,151.0,171.2,52.9336
8470611,Eric Fehr,C,PIT,2015-12,115.5,130.9,52.9336
8470611,Eric Fehr,C,PIT,2016-01,142.5,161.5,52.9336
8470611,Eric Fehr,C,PIT,2016-02,11.0,12.5,52.9336
8470611,Eric Fehr,C,PIT,2016-03,127.5,144.5,52.9336
8470611,Eric Fehr,C,PIT,2016-04,76.5,86.7,52.9336
8470612,Ryan Getzlaf,C,ANA,2015-10,129.0,161.9,47.8178
8470612,Ryan Getzlaf,C,ANA,2015-11,192.0,240.9,47.8178
8470612,Ryan Getzlaf,C,ANA,2015-12,185.0,232.1,47.8178
8470612,Ryan Getzlaf,C,ANA,2016-01,146.0,183.2,47.8178
8470612,Ryan Getzlaf,C,ANA,2016-02,223.5,280.4,47.8178
8470612,Ryan Getzlaf,C,ANA,2016-03,198.0,248.4,47.8178
8470612,Ryan Getzlaf,C,ANA,2016-04,123.5,155.0,47.8178
8470613,Brent Burns,D,SJS,2015-10,124.0,268.6,27.6964
8470613,Brent Burns,D,SJS,2015-11,183.5,397.5,27.6964
8470613,Brent Burns,D,SJS,2015-12,219.5,475.5,27.6964
8470613,Brent Burns,D,SJS,2016-01,123.5,267.5,27.6964
8470613,Brent Burns,D,SJS,2016-02,161.0,348.8,27.6964
8470613,Brent Burns,D,SJS,2016-03,108.5,235.0,27.6964
8470613,Brent Burns,D,SJS,2016-04,59.0,127.8,27.6964
8470614,Mark Stuart,D,WPG,2015-10,186.0,183.9,60.6938
8470614,Mark Stuart,D,WPG,2015-11,211.5,209.1,60.6938
8470614,Mark Stuart,D,WPG,2015-12,203.5,201.2,60.6938
8470614,Mark Stuart,D,WPG,2016-01,217.5,215.0,60.6938
8470614,Mark Stuart,D,WPG,2016-02,74.5,73.6,60.6938
8470614,Mark Stuart,D,WPG,2016-03,66.5,65.7,60.6938
8470614,Mark Stuart,D,WPG,2016-04,99.0,97.9,60.6938
8470616,Ryan Kesler,C,ANA,2015-10,232.5,158.8,87.8419
8470616,Ryan Kesler,C,ANA,2015-11,406.0,277.3,87.8419
8470616,Ryan Kesler,C,ANA,2015-12,292.5,199.8,87.8419
8470616,Ryan Kesler,C,ANA,2016-01,344.5,235.3,87.8419
8470616,Ryan Kesler,C,ANA,2016-02,460.0,314.2,87.8419
8470616,Ryan Kesler,C,ANA,2016-03,375.0,256.1,87.8419
8470616,Ryan Kesler,C,ANA,2016-04,148.5,101.4,87.8419
8470617,Mike Richards,C,WSH,2016-01,57.5,61.1,56.4202
8470617,Mike Richards,C,WSH,2016-02,147.0,156.3,56.4202
8470617,Mike Richards,C,WSH,2016-03,189.0,201.0,56.4202
8470617,Mike Richards,C,WSH,2016-04,53.0,56.4,56.4202
8470619,Brian Boyle,C,TBL,2015-10,109.0,98.5,66.3793
8470619,Brian Boyle,C,TBL,2015-11,177.0,160.0,66.3793
8470619,Brian Boyle,C,TBL,2015-12,195.5,176.7,66.3793
8470619,Brian Boyle,C,TBL,2016-01,91.5,82.7,66.3793
8470619,Brian Boyle,C,TBL,2016-02,146.0,132.0,66.3793
8470619,Brian Boyle,C,TBL,2016-03,268.0,242.2,66.3793
8470619,Brian Boyle,C,TBL,2016-04,98.5,89.0,66.3793
8470621,Corey Perry,R,ANA,2015-10,114.5,163.6,42.0033
8470621,Corey Perry,R,ANA,2015-11,238.0,340.0,42.0033
8470621,Corey Perry,R,ANA,2015-12,139.0,198.6,42.0033
8470621,Corey Perry,R,ANA,2016-01,151.5,216.4,42.0033
8470621,Corey Perry,R,ANA,2016-02,145.0,207.1,42.0033
8470621,Corey Perry,R,ANA,2016-03,161.5,230.7,42.0033
8470621,Corey Perry,R,ANA,2016-04,67.0,95.7,42.0033
8470622,Patrick Eaves,R,DAL,2015-10,12.5,18.7,40.0354
8470622,Patrick Eaves,R,DAL,2015-11,33.0,49.5,40.0354
8470622,Patrick Eaves,R,DAL,2015-12,114.0,170.8,40.0354
8470622,Patrick Eaves,R,DAL,2016-01,51.5,77.2,40.0354
8470622,Patrick Eaves,R,DAL,2016-02,116.0,173.8,40.0354
8470622,Patrick Eaves,R,DAL,2016-03,122.5,183.6,40.0354
8470622,Patrick Eaves,R,DAL,2016-04,18.0,27.0,40.0354
8470626,Loui Eriksson,L,BOS,2015-10,67.5,180.5,22.4413
8470626,Loui Eriksson,L,BOS,2015-11,78.5,209.9,22.4413
8470626,Loui Eriksson,L,BOS,2015-12,115.5,308.8,22.4413
8470626,Loui Eriksson,L,BOS,2016-01,83.0,221.9,22.4413
8470626,Loui Eriksson,L,BOS,2016-02,140.5,375.6,22.4413
8470626,Loui Eriksson,L,BOS,2016-03,71.0,189.8,22.4413
8470626,Loui Eriksson,L,BOS,2016-04,41.5,111.0,22.4413
8470630,Kevin Klein,D,NYR,2015-10,152.0,205.3,44.4285
8470630,Kevin Klein,D,NYR,2015-11,201.5,272.1,44.4285
8470630,Kevin Klein,D,NYR,2015-12,21.0,28.4,44.4285
8470630,Kevin Klein,D,NYR,2016-01,159.5,215.4,44.4285
8470630,Kevin Klein,D,NYR,2016-02,203.5,274.8,44.4285
8470630,Kevin Klein,D,NYR,2016-03,211.0,285.0,44.4285
8470630,Kevin Klein,D,NYR,2016-04,93.0,125.6,44.4285
8470638,Patrice Bergeron,C,BOS,2015-10,208.0,207.6,60.1218
8470638,Patrice Bergeron,C,BOS,2015-11,227.0,226.5,60.1218
8470638,Patrice Bergeron,C,BOS,2015-12,306.5,305.9,60.1218
8470638,Patrice Bergeron,C,BOS,2016-01,269.5,269.0,60.1218
8470638,Patrice Bergeron,C,BOS,2016-02,205.0,204.6,60.1218
8470638,Patrice Bergeron,C,BOS,2016-03,292.5,291.9,60.1218
8470638,Patrice Bergeron,C,BOS,2016-04,81.5,81.3,60.1218
8470640,Matt Carle,D,TBL,2015-10,89.0,192.1,27.7959
8470640,Matt Carle,D,TBL,2015-11,78.5,169.4,27.7959
8470640,Matt Carle,D,TBL,2015-12,32.0,69.1,27.7959
8470640,Matt Carle,D,TBL,2016-01,23.0,49.6,27.7959
8470640,Matt Carle,D,TBL,2016-02,83.5,180.2,27.7959
8470640,Matt Carle,D,TBL,2016-03,146.0,315.2,27.7959
8470640,Matt Carle,D,TBL,2016-04,45.5,98.2,27.7959
8470642,Shea Weber,D,NSH,2015-10,152.5,259.1,35.3137
8470642,Shea Weber,D,NSH,2015-11,172.0,292.2,35.3137
8470642,Shea Weber,D,NSH,2015-12,200.5,340.7,35.3137
8470642,Shea Weber,D,NSH,2016-01,175.5,298.2,35.3137
8470642,Shea Weber,D,NSH,2016-02,172.0,292.2,35.3137
8470642,Shea Weber,D,NSH,2016-03,269.5,457.9,35.3137
8470642,Shea Weber,D,NSH,2016-04,23.0,39.1,35.3137
8470644,Colin McDonald,R,PHI,2015-11,67.5,34.1,118.6149
8470644,Colin McDonald,R,PHI,2015-12,13.0,6.6,118.6149
8470645,Corey Crawford,G,CHI,2015-10,-22.5,0.0,0.0
8470645,Corey Crawford,G,CHI,2015-11,-20.0,0.0,0.0
8470645,Corey Crawford,G,CHI,2015-12,-4.5,0.0,0.0
8470645,Corey Crawford,G,CHI,2016-01,-22.5,0.0,0.0
8470645,Corey Crawford,G,CHI,2016-02,-12.5,0.0,0.0
8470645,Corey Crawford,G,CHI,2016-03,-5.0,0.0,0.0
8470645,Corey Crawford,G,CHI,2016-04,-2.5,0.0,0.0
8470655,David Backes,R,STL,2015-10,232.0,183.5,75.8699
8470655,David Backes,R,STL,2015-11,364.5,288.3,75.8699
8470655,David Backes,R,STL,2015-12,424.0,335.3,75.8699
8470655,David Backes,R,STL,2016-01,330.5,261.4,75.8699
8470655,David Backes,R,STL,2016-02,310.0,245.2,75.8699
8470655,David Backes,R,STL,2016-03,230.0,181.9,75.8699
8470655,David Backes,R,STL,2016-04,30.0,23.7,75.8699
8470657,Jimmy Howard,G,DET,2015-10,-2.5,0.0,0.0
8470657,Jimmy Howard,G,DET,2015-11,-5.0,0.0,0.0
8470657,Jimmy Howard,G,DET,2015-12,6.0,0.0,0.0
8470657,Jimmy Howard,G,DET,2016-01,0.5,0.0,0.0
8470657,Jimmy Howard,G,DET,2016-02,-7.5,0.0,0.0
8470657,Jimmy Howard,G,DET,2016-03,-2.5,0.0,0.0
8470657,Jimmy Howard,G,DET,2016-04,-2.5,0.0,0.0
8470667,Clarke MacArthur,L,OTT,2015-10,23.5,43.4,32.466
8470714,Corey Potter,D,NSH,2016-04,4.0,14.7,16.2933
8470724,Kyle Quincey,D,DET,2015-10,64.0,110.0,34.913
8470724,Kyle Quincey,D,DET,2016-01,40.5,69.6,34.913
8470724,Kyle Quincey,D,DET,2016-02,164.0,281.8,34.913
8470724,Kyle Quincey,D,DET,2016-03,192.0,330.0,34.913
8470724,Kyle Quincey,D,DET,2016-04,80.0,137.5,34.913
8470729,Tyson Strachan,D,MIN,2016-01,13.5,15.1,53.6424
8470740,Lee Stempniak,R,BOS,2015-10,126.5,227.7,33.3361
8470740,Lee Stempniak,R,BOS,2015-11,171.0,307.8,33.3361
8470740,Lee Stempniak,R,BOS,2015-12,110.5,198.9,33.3361
8470740,Lee Stempniak,R,BOS,2016-01,142.5,256.5,33.3361
8470740,Lee Stempniak,R,BOS,2016-02,93.5,168.3,33.3361
8470740,Lee Stempniak,R,BOS,2016-03,130.0,234.0,33.3361
8470740,Lee Stempniak,R,BOS,2016-04,43.5,78.3,33.3361
8470750,John Mitchell,C,COL,2015-10,192.0,178.4,64.5757
8470750,John Mitchell,C,COL,2015-11,49.0,45.5,64.5757
8470750,John Mitchell,C,COL,2015-12,213.0,197.9,64.5757
8470750,John Mitchell,C,COL,2016-01,220.5,204.9,64.5757
8470750,John Mitchell,C,COL,2016-02,172.5,160.3,64.5757
8470750,John Mitchell,C,COL,2016-03,248.0,230.4,64.5757
8470750,John Mitchell,C,COL,2016-04,70.0,65.0,64.5757
8470755,Brad Richardson,R,ARI,2015-10,151.5,184.6,49.2517
8470755,Brad Richardson,R,ARI,2015-11,144.0,175.4,49.2517
8470755,Brad Richardson,R,ARI,2015-12,145.0,176.6,49.2517
8470755,Brad Richardson,R,ARI,2016-01,216.5,263.7,49.2517
8470755,Brad Richardson,R,ARI,2016-02,180.0,219.3,49.2517
8470755,Brad Richardson,R,ARI,2016-03,149.5,182.1,49.2517
8470755,Brad Richardson,R,ARI,2016-04,65.0,79.2,49.2517
8470760,Marc Methot,D,OTT,2015-10,150.0,271.0,33.2113
8470760,Marc Methot,D,OTT,2015-11,140.0,252.9,33.2113
8470760,Marc Methot,D,OTT,2015-12,120.0,216.8,33.2113
8470760,Marc Methot,D,OTT,2016-01,57.5,103.9,33.2113
8470760,Marc Methot,D,OTT,2016-02,151.5,273.7,33.2113
8470760,Marc Methot,D,OTT,2016-03,170.0,307.1,33.2113
8470775,Nate Thompson,C,ANA,2015-12,69.0,56.1,73.7761
8470775,Nate Thompson,C,ANA,2016-01,141.0,114.7,73.7761
8470775,Nate Thompson,C,ANA,2016-02,229.0,186.2,73.7761
8470775,Nate Thompson,C,ANA,2016-03,146.0,118.7,73.7761
8470775,Nate Thompson,C,ANA,2016-04,113.5,92.3,73.7761
8470778,Drew Miller,L,DET,2015-10,121.5,158.7,45.9213
8470778,Drew Miller,L,DET,2015-11,117.5,153.5,45.9213
8470778,Drew Miller,L,DET,2015-12,25.5,33.3,45.9213
8470778,Drew Miller,L,DET,2016-01,13.5,17.6,45.9213
8470794,Joe Pavelski,C,SJS,2015-10,181.5,217.8,49.9969
8470794,Joe Pavelski,C,SJS,2015-11,229.0,274.8,49.9969
8470794,Joe Pavelski,C,SJS,2015-12,262.0,314.4,49.9969
8470794,Joe Pavelski,C,SJS,2016-01,175.0,210.0,49.9969
8470794,Joe Pavelski,C,SJS,2016-02,194.5,233.4,49.9969
8470794,Joe Pavelski,C,SJS,2016-03,267.0,320.4,49.9969
8470794,Joe Pavelski,C,SJS,2016-04,45.0,54.0,49.9969
8470803,Kyle Brodziak,C,STL,2015-10,125.0,160.6,46.6889
8470803,Kyle Brodziak,C,STL,2015-11,136.0,174.8,46.6889
8470803,Kyle Brodziak,C,STL,2015-12,90.0,115.7,46.6889
8470803,Kyle Brodziak,C,STL,2016-01,63.0,81.0,46.6889
8470803,Kyle Brodziak,C,STL,2016-02,95.5,122.7,46.6889
8470803,Kyle Brodziak,C,STL,2016-03,97.0,124.7,46.6889
8470803,Kyle Brodziak,C,STL,2016-04,32.5,41.8,46.6889
8470828,Toby Enstrom,D,WPG,2015-10,70.5,168.6,25.0946
8470828,Toby Enstrom,D,WPG,2015-11,140.5,335.9,25.0946
8470828,Toby Enstrom,D,WPG,2015-12,104.0,248.7,25.0946
8470828,Toby Enstrom,D,WPG,2016-01,106.0,253.4,25.0946
8470828,Toby Enstrom,D,WPG,2016-02,127.5,304.8,25.0946
8470828,Toby Enstrom,D,WPG,2016-03,79.5,190.1,25.0946
8470834,Dustin Byfuglien,D,WPG,2015-10,185.5,271.0,41.0737
8470834,Dustin Byfuglien,D,WPG,2015-11,268.5,392.2,41.0737
8470834,Dustin Byfuglien,D,WPG,2015-12,200.5,292.9,41.0737
8470834,Dustin Byfuglien,D,WPG,2016-01,175.5,256.4,41.0737
8470834,Dustin Byfuglien,D,WPG,2016-02,216.5,316.3,41.0737
8470834,Dustin Byfuglien,D,WPG,2016-03,289.5,422.9,41.0737
8470834,Dustin Byfuglien,D,WPG,2016-04,61.5,89.8,41.0737
8470852,Matt Moulson,L,BUF,2015-10,54.5,139.4,23.4611
8470852,Matt Moulson,L,BUF,2015-11,52.5,134.3,23.4611
8470852,Matt Moulson,L,BUF,2015-12,57.5,147.1,23.4611
8470852,Matt Moulson,L,BUF,2016-01,53.5,136.8,23.4611
8470852,Matt Moulson,L,BUF,2016-02,77.0,196.9,23.4611
8470852,Matt Moulson,L,BUF,2016-03,58.5,149.6,23.4611
8470852,Matt Moulson,L,BUF,2016-04,23.5,60.1,23.4611
8470854,Tanner Glass,L,NYR,2015-10,46.0,27.0,102.2344
8470854,Tanner Glass,L,NYR,2015-12,226.0,132.6,102.2344
8470854,Tanner Glass,L,NYR,2016-01,197.0,115.6,102.2344
8470854,Tanner Glass,L,NYR,2016-02,223.0,130.9,102.2344
8470854,Tanner Glass,L,NYR,2016-03,247.5,145.3,102.2344
8470854,Tanner Glass,L,NYR,2016-04,59.5,34.9,102.2344
8470860,Jaroslav Halak,G,NYI,2015-10,-12.5,0.0,0.0
8470860,Jaroslav Halak,G,NYI,2015-11,-22.5,0.0,0.0
8470860,Jaroslav Halak,G,NYI,2015-12,-7.5,0.0,0.0
8470860,Jaroslav Halak,G,NYI,2016-01,-9.5,0.0,0.0
8470860,Jaroslav Halak,G,NYI,2016-02,-10.0,0.0,0.0
8470871,Chris Porter,L,MIN,2015-10,122.0,105.3,69.5111
8470871,Chris Porter,L,MIN,2015-11,129.5,111.8,69.5111
8470871,Chris Porter,L,MIN,2015-12,128.5,110.9,69.5111
8470871,Chris Porter,L,MIN,2016-01,109.0,94.1,69.5111
8470871,Chris Porter,L,MIN,2016-02,81.5,70.3,69.5111
8470871,Chris Porter,L,MIN,2016-03,79.0,68.2,69.5111
8470871,Chris Porter,L,MIN,2016-04,31.5,27.2,69.5111
8470877,David Jones,R,MIN,2015-10,122.0,148.2,49.3928
8470877,David Jones,R,MIN,2015-11,142.5,173.1,49.3928
8470877,David Jones,R,MIN,2015-12,131.0,159.1,49.3928
8470877,David Jones,R,MIN,2016-01,117.5,142.7,49.3928
8470877,David Jones,R,MIN,2016-02,84.0,102.0,49.3928
8470877,David Jones,R,MIN,2016-03,129.0,156.7,49.3928
8470877,David Jones,R,MIN,2016-04,42.0,51.0,49.3928
8470880,Brian Elliott,G,STL,2015-10,-2.5,0.0,0.0
8470880,Brian Elliott,G,STL,2015-11,-2.5,0.0,0.0
8470880,Brian Elliott,G,STL,2015-12,-5.0,0.0,0.0
8470880,Brian Elliott,G,STL,2016-01,-2.5,0.0,0.0
8470880,Brian Elliott,G,STL,2016-02,-5.0,0.0,0.0
8470880,Brian Elliott,G,STL,2016-04,-5.0,0.0,0.0
8470886,Clayton Stoner,D,ANA,2015-10,66.0,69.7,56.7954
8470886,Clayton Stoner,D,ANA,2015-11,258.5,273.1,56.7954
8470886,Clayton Stoner,D,ANA,2015-12,107.5,113.6,56.7954
8470886,Clayton Stoner,D,ANA,2016-01,63.5,67.1,56.7954
8470886,Clayton Stoner,D,ANA,2016-03,168.0,177.5,56.7954
8470886,Clayton Stoner,D,ANA,2016-04,63.5,67.1,56.7954
8470920,David Clarkson,R,CBJ,2015-10,87.0,71.8,72.7358
8470920,David Clarkson,R,CBJ,2015-11,1.5,1.2,72.7358
8470920,David Clarkson,R,CBJ,2015-12,107.0,88.3,72.7358
8470920,David Clarkson,R,CBJ,2016-01,9.0,7.4,72.7358
8470920,David Clarkson,R,CBJ,2016-02,3.0,2.5,72.7358
8470920,David Clarkson,R,CBJ,2016-03,49.5,40.8,72.7358
8470966,Mark Giordano,D,CGY,2015-10,165.0,288.8,34.2791
8470966,Mark Giordano,D,CGY,2015-11,226.0,395.6,34.2791
8470966,Mark Giordano,D,CGY,2015-12,166.5,291.4,34.2791
8470966,Mark Giordano,D,CGY,2016-01,150.5,263.4,34.2791
8470966,Mark Giordano,D,CGY,2016-02,199.0,348.3,34.2791
8470966,Mark Giordano,D,CGY,2016-03,186.5,326.4,34.2791
8470966,Mark Giordano,D,CGY,2016-04,68.0,119.0,34.2791
8471186,Yann Danis,G,NJD,2016-03,-2.5,0.0,0.0
8471214,Alex Ovechkin,L,WSH,2015-10,110.0,146.3,45.1018
8471214,Alex Ovechkin,L,WSH,2015-11,213.0,283.4,45.1018
8471214,Alex Ovechkin,L,WSH,2015-12,267.0,355.2,45.1018
8471214,Alex Ovechkin,L,WSH,2016-01,114.5,152.3,45.1018
8471214,Alex Ovechkin,L,WSH,2016-02,194.0,258.1,45.1018
8471214,Alex Ovechkin,L,WSH,2016-03,242.0,321.9,45.1018
8471214,Alex Ovechkin,L,WSH,2016-04,65.5,87.1,45.1018
8471215,Evgeni Malkin,C,PIT,2015-10,147.5,257.3,34.4016
8471215,Evgeni Malkin,C,PIT,2015-11,110.5,192.7,34.4016
8471215,Evgeni Malkin,C,PIT,2015-12,215.5,375.9,34.4016
8471215,Evgeni Malkin,C,PIT,2016-01,66.0,115.1,34.4016
8471215,Evgeni Malkin,C,PIT,2016-02,29.5,51.5,34.4016
8471215,Evgeni Malkin,C,PIT,2016-03,64.0,111.6,34.4016
8471217,Andrew Ladd,L,CHI,2015-10,121.0,183.6,39.5507
8471217,Andrew Ladd,L,CHI,2015-11,156.5,237.4,39.5507
8471217,Andrew Ladd,L,CHI,2015-12,128.0,194.2,39.5507
8471217,Andrew Ladd,L,CHI,2016-01,184.0,279.1,39.5507
8471217,Andrew Ladd,L,CHI,2016-02,152.5,231.3,39.5507
8471217,Andrew Ladd,L,CHI,2016-03,160.5,243.5,39.5507
8471217,Andrew Ladd,L,CHI,2016-04,70.0,106.2,39.5507
8471218,Blake Wheeler,R,WPG,2015-10,108.5,192.1,33.8907
8471218,Blake Wheeler,R,WPG,2015-11,162.0,286.8,33.8907
8471218,Blake Wheeler,R,WPG,2015-12,111.0,196.5,33.8907
8471218,Blake Wheeler,R,WPG,2016-01,91.5,162.0,33.8907
8471218,Blake Wheeler,R,WPG,2016-02,189.5,335.5,33.8907
8471218,Blake Wheeler,R,WPG,2016-03,178.5,316.0,33.8907
8471218,Blake Wheeler,R,WPG,2016-04,75.5,133.7,33.8907
8471219,Al Montoya,G,FLA,2015-11,-2.5,0.0,0.0
8471219,Al Montoya,G,FLA,2015-12,5.5,0.0,0.0
8471219,Al Montoya,G,FLA,2016-01,-2.5,0.0,0.0
8471219,Al Montoya,G,FLA,2016-02,-4.5,0.0,0.0
8471219,Al Montoya,G,FLA,2016-03,-2.0,0.0,0.0
8471222,Ladislav Smid,D,CGY,2015-10,57.5,53.9,64.0301
8471222,Ladislav Smid,D,CGY,2015-11,15.0,14.1,64.0301
8471222,Ladislav Smid,D,CGY,2015-12,69.0,64.7,64.0301
8471222,Ladislav Smid,D,CGY,2016-01,48.5,45.4,64.0301
8471222,Ladislav Smid,D,CGY,2016-02,82.0,76.8,64.0301
8471226,Drew Stafford,R,WPG,2015-10,79.5,241.2,19.7762
8471226,Drew Stafford,R,WPG,2015-11,92.5,280.6,19.7762
8471226,Drew Stafford,R,WPG,2015-12,79.5,241.2,19.7762
8471226,Drew Stafford,R,WPG,2016-01,53.0,160.8,19.7762
8471226,Drew Stafford,R,WPG,2016-02,55.0,166.9,19.7762
8471226,Drew Stafford,R,WPG,2016-03,83.0,251.8,19.7762
8471226,Drew Stafford,R,WPG,2016-04,17.0,51.6,19.7762
8471227,Devan Dubnyk,G,MIN,2015-10,-27.0,0.0,0.0
8471227,Devan Dubnyk,G,MIN,2015-11,-6.5,0.0,0.0
8471227,Devan Dubnyk,G,MIN,2015-12,0.5,0.0,0.0
8471227,Devan Dubnyk,G,MIN,2016-01,6.0,0.0,0.0
8471227,Devan Dubnyk,G,MIN,2016-02,-2.0,0.0,0.0
8471227,Devan Dubnyk,G,MIN,2016-03,12.0,0.0,0.0
8471227,Devan Dubnyk,G,MIN,2016-04,3.0,0.0,0.0
8471231,Kyle Chipchura,C,ARI,2015-10,96.5,121.0,47.863
8471231,Kyle Chipchura,C,ARI,2015-11,106.5,133.5,47.863
8471231,Kyle Chipchura,C,ARI,2015-12,137.5,172.4,47.863
8471231,Kyle Chipchura,C,ARI,2016-01,96.0,120.3,47.863
8471231,Kyle Chipchura,C,ARI,2016-02,84.0,105.3,47.863
8471231,Kyle Chipchura,C,ARI,2016-03,35.0,43.9,47.863
8471231,Kyle Chipchura,C,ARI,2016-04,16.0,20.1,47.863
8471232,Lauri Korpikoski,L,EDM,2015-10,116.5,162.6,42.9806
8471232,Lauri Korpikoski,L,EDM,2015-11,73.5,102.6,42.9806
8471232,Lauri Korpikoski,L,EDM,2015-12,132.5,185.0,42.9806
8471232,Lauri Korpikoski,L,EDM,2016-01,82.0,114.5,42.9806
8471232,Lauri Korpikoski,L,EDM,2016-02,141.0,196.8,42.9806
8471232,Lauri Korpikoski,L,EDM,2016-03,138.0,192.6,42.9806
8471232,Lauri Korpikoski,L,EDM,2016-04,25.0,34.9,42.9806
8471233,Travis Zajac,C,NJD,2015-10,223.0,268.9,49.7662
8471233,Travis Zajac,C,NJD,2015-11,233.0,280.9,49.7662
8471233,Travis Zajac,C,NJD,2015-12,100.0,120.6,49.7662
8471233,Travis Zajac,C,NJD,2016-01,166.0,200.1,49.7662
8471233,Travis Zajac,C,NJD,2016-02,214.5,258.6,49.7662
8471233,Travis Zajac,C,NJD,2016-03,235.0,283.3,49.7662
8471233,Travis Zajac,C,NJD,2016-04,47.0,56.7,49.7662
8471239,Cory Schneider,G,NJD,2015-10,-12.5,0.0,0.0
8471239,Cory Schneider,G,NJD,2015-11,-14.5,0.0,0.0
8471239,Cory Schneider,G,NJD,2015-12,-12.5,0.0,0.0
8471239,Cory Schneider,G,NJD,2016-01,-2.0,0.0,0.0
8471239,Cory Schneider,G,NJD,2016-02,-10.0,0.0,0.0
8471239,Cory Schneider,G,NJD,2016-03,-5.0,0.0,0.0
8471240,Jeff Schultz,D,LAK,2015-10,11.5,18.2,37.8082
8471242,Mike Green,D,DET,2015-10,80.5,140.0,34.4938
8471242,Mike Green,D,DET,2015-11,119.0,207.0,34.4938
8471242,Mike Green,D,DET,2015-12,173.5,301.8,34.4938
8471242,Mike Green,D,DET,2016-01,147.5,256.6,34.4938
8471242,Mike Green,D,DET,2016-02,174.0,302.7,34.4938
8471242,Mike Green,D,DET,2016-03,111.5,193.9,34.4938
8471242,Mike Green,D,DET,2016-04,35.0,60.9,34.4938
8471245,Dave Bolland,C,FLA,2015-10,152.0,170.8,53.392
8471245,Dave Bolland,C,FLA,2015-11,85.0,95.5,53.392
8471245,Dave Bolland,C,FLA,2015-12,76.5,86.0,53.392
8471254,Bryan Bickell,L,CHI,2015-10,100.5,83.1,72.5787
8471254,Bryan Bickell,L,CHI,2015-12,138.5,114.5,72.5787
8471254,Bryan Bickell,L,CHI,2016-01,36.0,29.8,72.5787
8471254,Bryan Bickell,L,CHI,2016-04,21.0,17.4,72.5787
8471260,Blake Comeau,L,COL,2015-10,116.0,134.5,51.7299
8471260,Blake Comeau,L,COL,2015-11,236.0,273.7,51.7299
8471260,Blake Comeau,L,COL,2015-12,249.5,289.4,51.7299
8471260,Blake Comeau,L,COL,2016-01,217.5,252.3,51.7299
8471260,Blake Comeau,L,COL,2016-02,159.5,185.0,51.7299
8471260,Blake Comeau,L,COL,2016-03,176.0,204.1,51.7299
8471260,Blake Comeau,L,COL,2016-04,76.5,88.7,51.7299
8471262,Carl Soderberg,C,COL,2015-10,69.5,109.6,38.0577
8471262,Carl Soderberg,C,COL,2015-11,234.5,369.7,38.0577
8471262,Carl Soderberg,C,COL,2015-12,151.0,238.1,38.0577
8471262,Carl Soderberg,C,COL,2016-01,141.0,222.3,38.0577
8471262,Carl Soderberg,C,COL,2016-02,122.0,192.3,38.0577
8471262,Carl Soderberg,C,COL,2016-03,159.5,251.5,38.0577
8471262,Carl Soderberg,C,COL,2016-04,59.5,93.8,38.0577
8471269,Nicklas Grossmann,D,ARI,2015-10,102.5,152.5,40.3362
8471269,Nicklas Grossmann,D,ARI,2015-11,81.5,121.2,40.3362
8471269,Nicklas Grossmann,D,ARI,2015-12,191.0,284.1,40.3362
8471269,Nicklas Grossmann,D,ARI,2016-01,141.0,209.7,40.3362
8471269,Nicklas Grossmann,D,ARI,2016-02,58.0,86.3,40.3362
8471269,Nicklas Grossmann,D,ARI,2016-03,112.0,166.6,40.3362
8471269,Nicklas Grossmann,D,ARI,2016-04,7.5,11.2,40.3362
8471273,Brandon Dubinsky,C,CBJ,2015-10,227.0,174.7,77.9617
8471273,Brandon Dubinsky,C,CBJ,2015-11,109.5,84.3,77.9617
8471273,Brandon Dubinsky,C,CBJ,2015-12,376.5,289.8,77.9617
8471273,Brandon Dubinsky,C,CBJ,2016-01,299.5,230.5,77.9617
8471273,Brandon Dubinsky,C,CBJ,2016-02,338.5,260.5,77.9617
8471273,Brandon Dubinsky,C,CBJ,2016-03,356.5,274.4,77.9617
8471273,Brandon Dubinsky,C,CBJ,2016-04,121.0,93.1,77.9617
8471274,Alex Goligoski,D,DAL,2015-10,197.0,394.1,29.9943
8471274,Alex Goligoski,D,DAL,2015-11,148.5,297.1,29.9943
8471274,Alex Goligoski,D,DAL,2015-12,163.5,327.1,29.9943
8471274,Alex Goligoski,D,DAL,2016-01,147.5,295.1,29.9943
8471274,Alex Goligoski,D,DAL,2016-02,73.0,146.0,29.9943
8471274,Alex Goligoski,D,DAL,2016-03,189.5,379.1,29.9943
8471274,Alex Goligoski,D,DAL,2016-04,58.0,116.0,29.9943
8471276,David Krejci,C,BOS,2015-10,148.0,220.5,40.269
8471276,David Krejci,C,BOS,2015-11,173.5,258.5,40.269
8471276,David Krejci,C,BOS,2015-12,160.0,238.4,40.269
8471276,David Krejci,C,BOS,2016-01,39.5,58.9,40.269
8471276,David Krejci,C,BOS,2016-02,211.5,315.1,40.269
8471276,David Krejci,C,BOS,2016-03,183.0,272.7,40.269
8471276,David Krejci,C,BOS,2016-04,65.5,97.6,40.269
8471283,Brandon Prust,L,VAN,2015-10,77.5,144.2,32.2494
8471283,Brandon Prust,L,VAN,2015-11,23.5,43.7,32.2494
8471283,Brandon Prust,L,VAN,2015-12,114.0,212.1,32.2494
8471283,Brandon Prust,L,VAN,2016-01,25.5,47.4,32.2494
8471284,Andrej Sekera,D,EDM,2015-10,124.0,227.9,32.6469
8471284,Andrej Sekera,D,EDM,2015-11,131.0,240.8,32.6469
8471284,Andrej Sekera,D,EDM,2015-12,178.5,328.1,32.6469
8471284,Andrej Sekera,D,EDM,2016-01,131.0,240.8,32.6469
8471284,Andrej Sekera,D,EDM,2016-02,228.0,419.0,32.6469
8471284,Andrej Sekera,D,EDM,2016-03,150.0,275.7,32.6469
8471284,Andrej Sekera,D,EDM,2016-04,20.0,36.8,32.6469
8471296,Alexei Emelin,D,MTL,2015-10,176.5,185.9,56.957
8471296,Alexei Emelin,D,MTL,2015-11,118.0,124.3,56.957
8471296,Alexei Emelin,D,MTL,2015-12,284.0,299.2,56.957
8471296,Alexei Emelin,D,MTL,2016-01,194.5,204.9,56.957
8471296,Alexei Emelin,D,MTL,2016-02,212.5,223.9,56.957
8471296,Alexei Emelin,D,MTL,2016-03,325.5,342.9,56.957
8471296,Alexei Emelin,D,MTL,2016-04,90.0,94.8,56.957
8471303,Alexander Edler,D,VAN,2015-10,168.5,264.2,38.2689
8471303,Alexander Edler,D,VAN,2015-11,203.0,318.3,38.2689
8471303,Alexander Edler,D,VAN,2015-12,219.0,343.4,38.2689
8471303,Alexander Edler,D,VAN,2016-01,169.5,265.8,38.2689
8471303,Alexander Edler,D,VAN,2016-02,51.0,80.0,38.2689
8471306,Thomas Greiss,G,NYI,2015-10,-12.5,0.0,0.0
8471306,Thomas Greiss,G,NYI,2015-11,-5.0,0.0,0.0
8471306,Thomas Greiss,G,NYI,2015-12,-7.5,0.0,0.0
8471306,Thomas Greiss,G,NYI,2016-01,-2.5,0.0,0.0
8471306,Thomas Greiss,G,NYI,2016-02,-5.0,0.0,0.0
8471306,Thomas Greiss,G,NYI,2016-03,-14.5,0.0,0.0
8471306,Thomas Greiss,G,NYI,2016-04,-2.5,0.0,0.0
8471309,Johan Franzen,C,DET,2015-10,14.5,25.9,33.5907
8471311,Tyler Kennedy,C,NJD,2015-11,10.5,25.0,25.162
8471311,Tyler Kennedy,C,NJD,2015-12,65.0,155.0,25.162
8471311,Tyler Kennedy,C,NJD,2016-01,39.0,93.0,25.162
8471311,Tyler Kennedy,C,NJD,2016-02,71.0,169.3,25.162
8471311,Tyler Kennedy,C,NJD,2016-03,64.5,153.8,25.162
8471311,Tyler Kennedy,C,NJD,2016-04,31.5,75.1,25.162
8471331,Kevin Porter,C,PIT,2015-10,83.5,81.3,61.6058
8471331,Kevin Porter,C,PIT,2015-12,102.5,99.8,61.6058
8471331,Kevin Porter,C,PIT,2016-01,125.5,122.2,61.6058
8471331,Kevin Porter,C,PIT,2016-02,157.5,153.4,61.6058
8471331,Kevin Porter,C,PIT,2016-03,7.5,7.3,61.6058
8471338,Torrey Mitchell,C,MTL,2015-10,172.5,163.1,63.4521
8471338,Torrey Mitchell,C,MTL,2015-11,108.5,102.6,63.4521
8471338,Torrey Mitchell,C,MTL,2015-12,117.5,111.1,63.4521
8471338,Torrey Mitchell,C,MTL,2016-01,150.5,142.3,63.4521
8471338,Torrey Mitchell,C,MTL,2016-02,151.0,142.8,63.4521
8471338,Torrey Mitchell,C,MTL,2016-03,191.0,180.6,63.4521
8471338,Torrey Mitchell,C,MTL,2016-04,61.5,58.2,63.4521
8471339,Ryan Callahan,R,TBL,2015-10,146.5,169.6,51.829
8471339,Ryan Callahan,R,TBL,2015-11,200.5,232.1,51.829
8471339,Ryan Callahan,R,TBL,2015-12,235.5,272.6,51.829
8471339,Ryan Callahan,R,TBL,2016-01,177.0,204.9,51.829
8471339,Ryan Callahan,R,TBL,2016-02,200.0,231.5,51.829
8471339,Ryan Callahan,R,TBL,2016-03,108.0,125.0,51.829
8471339,Ryan Callahan,R,TBL,2016-04,19.5,22.6,51.829
8471346,Kris Versteeg,R,LAK,2015-10,95.0,211.2,26.9903
8471346,Kris Versteeg,R,LAK,2015-11,100.5,223.4,26.9903
8471346,Kris Versteeg,R,LAK,2015-12,83.0,184.5,26.9903
8471346,Kris Versteeg,R,LAK,2016-01,96.0,213.4,26.9903
8471346,Kris Versteeg,R,LAK,2016-02,72.5,161.2,26.9903
8471346,Kris Versteeg,R,LAK,2016-03,56.0,124.5,26.9903
8471346,Kris Versteeg,R,LAK,2016-04,30.0,66.7,26.9903
8471348,Nikita Nikitin,D,EDM,2015-12,74.0,115.9,38.3222
8471348,Nikita Nikitin,D,EDM,2016-02,10.0,15.7,38.3222
8471348,Nikita Nikitin,D,EDM,2016-03,20.0,31.3,38.3222
8471362,Mikhail Grabovski,C,NYI,2015-10,125.5,168.8,44.5977
8471362,Mikhail Grabovski,C,NYI,2015-11,175.5,236.1,44.5977
8471362,Mikhail Grabovski,C,NYI,2015-12,136.5,183.6,44.5977
8471362,Mikhail Grabovski,C,NYI,2016-01,93.5,125.8,44.5977
8471362,Mikhail Grabovski,C,NYI,2016-02,62.0,83.4,44.5977
8471362,Mikhail Grabovski,C,NYI,2016-03,15.0,20.2,44.5977
8471371,Mike Brown,R,MTL,2015-10,170.0,90.1,113.2238
8471371,Mike Brown,R,MTL,2015-11,121.5,64.4,113.2238
8471371,Mike Brown,R,MTL,2015-12,147.0,77.9,113.2238
8471371,Mike Brown,R,MTL,2016-01,106.0,56.2,113.2238
8471371,Mike Brown,R,MTL,2016-02,32.0,17.0,113.2238
8471371,Mike Brown,R,MTL,2016-03,269.0,142.5,113.2238
8471371,Mike Brown,R,MTL,2016-04,9.0,4.8,113.2238
8471385,Adam Pardy,D,EDM,2015-10,37.0,47.0,47.2176
8471385,Adam Pardy,D,EDM,2015-11,64.5,82.0,47.2176
8471385,Adam Pardy,D,EDM,2016-01,1.5,1.9,47.2176
8471385,Adam Pardy,D,EDM,2016-02,41.5,52.7,47.2176
8471385,Adam Pardy,D,EDM,2016-03,81.0,102.9,47.2176
8471385,Adam Pardy,D,EDM,2016-04,62.0,78.8,47.2176
8471390,Mike Santorelli,C,ANA,2015-10,44.0,85.0,31.0412
8471390,Mike Santorelli,C,ANA,2015-11,80.5,155.6,31.0412
8471390,Mike Santorelli,C,ANA,2015-12,37.0,71.5,31.0412
8471390,Mike Santorelli,C,ANA,2016-01,67.0,129.5,31.0412
8471390,Mike Santorelli,C,ANA,2016-02,86.5,167.2,31.0412
8471390,Mike Santorelli,C,ANA,2016-03,34.5,66.7,31.0412
8471390,Mike Santorelli,C,ANA,2016-04,16.0,30.9,31.0412
8471392,Roman Polak,D,SJS,2015-10,110.0,97.1,67.9935
8471392,Roman Polak,D,SJS,2015-11,342.5,302.2,67.9935
8471392,Roman Polak,D,SJS,2015-12,280.0,247.1,67.9935
8471392,Roman Polak,D,SJS,2016-01,249.0,219.7,67.9935
8471392,Roman Polak,D,SJS,2016-02,332.0,293.0,67.9935
8471392,Roman Polak,D,SJS,2016-03,321.0,283.3,67.9935
8471392,Roman Polak,D,SJS,2016-04,80.5,71.0,67.9935
8471403,Karri Ramo,G,CGY,2015-10,0.5,0.0,0.0
8471403,Karri Ramo,G,CGY,2015-11,-14.0,0.0,0.0
8471403,Karri Ramo,G,CGY,2015-12,-17.5,0.0,0.0
8471403,Karri Ramo,G,CGY,2016-01,-10.0,0.0,0.0
8471403,Karri Ramo,G,CGY,2016-02,-10.0,0.0,0.0
8471418,Anton Khudobin,G,ANA,2015-11,-5.0,0.0,0.0
8471426,Troy Brouwer,R,STL,2015-10,159.0,189.7,50.2881
8471426,Troy Brouwer,R,STL,2015-11,170.0,202.8,50.2881
8471426,Troy Brouwer,R,STL,2015-12,240.0,286.3,50.2881
8471426,Troy Brouwer,R,STL,2016-01,156.5,186.7,50.2881
8471426,Troy Brouwer,R,STL,2016-02,186.0,221.9,50.2881
8471426,Troy Brouwer,R,STL,2016-03,178.5,213.0,50.2881
8471426,Troy Brouwer,R,STL,2016-04,78.0,93.1,50.2881
8471436,Matt Hunwick,D,TOR,2015-10,183.5,263.3,41.815
8471436,Matt Hunwick,D,TOR,2015-11,204.0,292.7,41.815
8471436,Matt Hunwick,D,TOR,2015-12,166.0,238.2,41.815
8471436,Matt Hunwick,D,TOR,2016-01,205.5,294.9,41.815
8471436,Matt Hunwick,D,TOR,2016-02,112.5,161.4,41.815
8471436,Matt Hunwick,D,TOR,2016-03,72.0,103.3,41.815
8471469,Pekka Rinne,G,NSH,2015-10,-3.5,0.0,0.0
8471469,Pekka Rinne,G,NSH,2015-11,-15.0,0.0,0.0
8471469,Pekka Rinne,G,NSH,2015-12,-29.5,0.0,0.0
8471469,Pekka Rinne,G,NSH,2016-01,-9.5,0.0,0.0
8471469,Pekka Rinne,G,NSH,2016-02,-17.5,0.0,0.0
8471469,Pekka Rinne,G,NSH,2016-03,-24.5,0.0,0.0
8471469,Pekka Rinne,G,NSH,2016-04,-2.5,0.0,0.0
8471476,Daniel Winnik,C,WSH,2015-10,126.0,200.8,37.6439
8471476,Daniel Winnik,C,WSH,2015-11,86.0,137.1,37.6439
8471476,Daniel Winnik,C,WSH,2015-12,92.0,146.6,37.6439
8471476,Daniel Winnik,C,WSH,2016-01,65.5,104.4,37.6439
8471476,Daniel Winnik,C,WSH,2016-02,119.0,189.7,37.6439
8471476,Daniel Winnik,C,WSH,2016-03,127.0,202.4,37.6439
8471476,Daniel Winnik,C,WSH,2016-04,38.5,61.4,37.6439
8471490,Adam Cracknell,R,EDM,2015-10,100.0,83.1,72.1675
8471490,Adam Cracknell,R,EDM,2015-11,228.5,190.0,72.1675
8471490,Adam Cracknell,R,EDM,2015-12,141.0,117.2,72.1675
8471490,Adam Cracknell,R,EDM,2016-01,91.5,76.1,72.1675
8471490,Adam Cracknell,R,EDM,2016-02,72.0,59.9,72.1675
8471490,Adam Cracknell,R,EDM,2016-03,132.0,109.7,72.1675
8471498,Jannik Hansen,R,VAN,2015-10,59.5,167.8,21.2791
8471498,Jannik Hansen,R,VAN,2015-11,101.0,284.8,21.2791
8471498,Jannik Hansen,R,VAN,2015-12,44.0,124.1,21.2791
8471498,Jannik Hansen,R,VAN,2016-01,46.0,129.7,21.2791
8471498,Jannik Hansen,R,VAN,2016-02,86.0,242.5,21.2791
8471498,Jannik Hansen,R,VAN,2016-03,32.5,91.6,21.2791
8471498,Jannik Hansen,R,VAN,2016-04,21.5,60.6,21.2791
8471504,Rene Bourque,R,CBJ,2015-10,106.0,104.8,60.6777
8471504,Rene Bourque,R,CBJ,2015-11,103.5,102.3,60.6777
8471504,Rene Bourque,R,CBJ,2015-12,49.0,48.5,60.6777
8471504,Rene Bourque,R,CBJ,2016-01,74.0,73.2,60.6777
8471504,Rene Bourque,R,CBJ,2016-02,109.5,108.3,60.6777
8471504,Rene Bourque,R,CBJ,2016-03,75.5,74.7,60.6777
8471657,Cody McLeod,L,COL,2015-10,124.5,91.3,81.8185
8471657,Cody McLeod,L,COL,2015-11,315.0,231.0,81.8185
8471657,Cody McLeod,L,COL,2015-12,133.5,97.9,81.8185
8471657,Cody McLeod,L,COL,2016-01,217.0,159.1,81.8185
8471657,Cody McLeod,L,COL,2016-02,162.5,119.2,81.8185
8471657,Cody McLeod,L,COL,2016-03,163.5,119.9,81.8185
8471657,Cody McLeod,L,COL,2016-04,62.5,45.8,81.8185
8471663,Mike Blunden,R,TBL,2015-11,25.5,17.3,88.4035
8471663,Mike Blunden,R,TBL,2015-12,74.5,50.6,88.4035
8471663,Mike Blunden,R,TBL,2016-03,80.0,54.3,88.4035
8471663,Mike Blunden,R,TBL,2016-04,75.0,50.9,88.4035
8471664,Mason Raymond,L,CGY,2015-10,36.0,104.8,20.6203
8471664,Mason Raymond,L,CGY,2015-11,9.5,27.6,20.6203
8471664,Mason Raymond,L,CGY,2015-12,55.0,160.0,20.6203
8471664,Mason Raymond,L,CGY,2016-01,22.5,65.5,20.6203
8471669,Paul Stastny,C,STL,2015-10,57.0,78.6,43.4935
8471669,Paul Stastny,C,STL,2015-11,45.0,62.1,43.4935
8471669,Paul Stastny,C,STL,2015-12,220.5,304.2,43.4935
8471669,Paul Stastny,C,STL,2016-01,133.0,183.5,43.4935
8471669,Paul Stastny,C,STL,2016-02,175.0,241.4,43.4935
8471669,Paul Stastny,C,STL,2016-03,186.0,256.6,43.4935
8471669,Paul Stastny,C,STL,2016-04,72.0,99.3,43.4935
8471675,Sidney Crosby,C,PIT,2015-10,182.5,211.1,51.8824
8471675,Sidney Crosby,C,PIT,2015-11,195.0,225.5,51.8824
8471675,Sidney Crosby,C,PIT,2015-12,233.0,269.5,51.8824
8471675,Sidney Crosby,C,PIT,2016-01,173.5,200.6,51.8824
8471675,Sidney Crosby,C,PIT,2016-02,277.0,320.3,51.8824
8471675,Sidney Crosby,C,PIT,2016-03,281.5,325.5,51.8824
8471675,Sidney Crosby,C,PIT,2016-04,73.5,85.0,51.8824
8471676,Bobby Ryan,R,OTT,2015-10,112.0,178.2,37.7165
8471676,Bobby Ryan,R,OTT,2015-11,102.0,162.3,37.7165
8471676,Bobby Ryan,R,OTT,2015-12,176.5,280.8,37.7165
8471676,Bobby Ryan,R,OTT,2016-01,151.0,240.2,37.7165
8471676,Bobby Ryan,R,OTT,2016-02,145.0,230.7,37.7165
8471676,Bobby Ryan,R,OTT,2016-03,159.0,252.9,37.7165
8471676,Bobby Ryan,R,OTT,2016-04,29.0,46.1,37.7165
8471677,Jack Johnson,D,CBJ,2015-10,130.0,240.5,32.4297
8471677,Jack Johnson,D,CBJ,2015-11,125.5,232.2,32.4297
8471677,Jack Johnson,D,CBJ,2015-12,165.0,305.3,32.4297
8471677,Jack Johnson,D,CBJ,2016-01,188.5,348.8,32.4297
8471677,Jack Johnson,D,CBJ,2016-02,175.0,323.8,32.4297
8471678,Benoit Pouliot,L,EDM,2015-10,90.5,170.0,31.9467
8471678,Benoit Pouliot,L,EDM,2015-11,98.0,184.1,31.9467
8471678,Benoit Pouliot,L,EDM,2015-12,43.5,81.7,31.9467
8471678,Benoit Pouliot,L,EDM,2016-01,124.5,233.8,31.9467
8471678,Benoit Pouliot,L,EDM,2016-02,113.5,213.2,31.9467
8471679,Carey Price,G,MTL,2015-10,-10.0,0.0,0.0
8471679,Carey Price,G,MTL,2015-11,0.5,0.0,0.0
8471681,Jack Skille,R,COL,2015-10,93.0,106.4,52.4633
8471681,Jack Skille,R,COL,2015-11,108.0,123.5,52.4633
8471681,Jack Skille,R,COL,2015-12,113.5,129.8,52.4633
8471681,Jack Skille,R,COL,2016-01,99.5,113.8,52.4633
8471681,Jack Skille,R,COL,2016-02,22.0,25.2,52.4633
8471681,Jack Skille,R,COL,2016-03,116.0,132.7,52.4633
8471681,Jack Skille,R,COL,2016-04,19.5,22.3,52.4633
8471685,Anze Kopitar,C,LAK,2015-10,178.5,186.1,57.5612
8471685,Anze Kopitar,C,LAK,2015-11,269.5,280.9,57.5612
8471685,Anze Kopitar,C,LAK,2015-12,315.5,328.9,57.5612
8471685,Anze Kopitar,C,LAK,2016-01,254.0,264.8,57.5612
8471685,Anze Kopitar,C,LAK,2016-02,201.0,209.5,57.5612
8471685,Anze Kopitar,C,LAK,2016-03,295.5,308.0,57.5612
8471685,Anze Kopitar,C,LAK,2016-04,107.5,112.1,57.5612
8471686,Marc Staal,D,NYR,2015-10,122.5,223.4,32.9044
8471686,Marc Staal,D,NYR,2015-11,155.0,282.6,32.9044
8471686,Marc Staal,D,NYR,2015-12,111.5,203.3,32.9044
8471686,Marc Staal,D,NYR,2016-01,92.0,167.8,32.9044
8471686,Marc Staal,D,NYR,2016-02,187.0,341.0,32.9044
8471686,Marc Staal,D,NYR,2016-03,105.0,191.5,32.9044
8471686,Marc Staal,D,NYR,2016-04,58.0,105.8,32.9044
8471691,Martin Hanzal,C,ARI,2015-10,94.0,91.2,61.8158
8471691,Martin Hanzal,C,ARI,2015-11,231.0,224.2,61.8158
8471691,Martin Hanzal,C,ARI,2015-12,62.0,60.2,61.8158
8471691,Martin Hanzal,C,ARI,2016-01,207.0,200.9,61.8158
8471691,Martin Hanzal,C,ARI,2016-02,311.0,301.9,61.8158
8471691,Martin Hanzal,C,ARI,2016-03,268.5,260.6,61.8158
8471693,Jakub Kindl,D,FLA,2015-10,69.0,210.5,19.6707
8471693,Jakub Kindl,D,FLA,2015-11,29.5,90.0,19.6707
8471693,Jakub Kindl,D,FLA,2015-12,2.0,6.1,19.6707
8471693,Jakub Kindl,D,FLA,2016-02,7.5,22.9,19.6707
8471693,Jakub Kindl,D,FLA,2016-03,95.0,289.8,19.6707
8471693,Jakub Kindl,D,FLA,2016-04,19.0,58.0,19.6707
8471695,Tuukka Rask,G,BOS,2015-10,-2.5,0.0,0.0
8471695,Tuukka Rask,G,BOS,2015-11,-2.5,0.0,0.0
8471695,Tuukka Rask,G,BOS,2015-12,-4.5,0.0,0.0
8471695,Tuukka Rask,G,BOS,2016-01,-5.0,0.0,0.0
8471695,Tuukka Rask,G,BOS,2016-02,-7.5,0.0,0.0
8471695,Tuukka Rask,G,BOS,2016-03,-12.0,0.0,0.0
8471698,T.J. Oshie,R,WSH,2015-10,139.5,179.6,46.6096
8471698,T.J. Oshie,R,WSH,2015-11,157.0,202.1,46.6096
8471698,T.J. Oshie,R,WSH,2015-12,231.5,298.0,46.6096
8471698,T.J. Oshie,R,WSH,2016-01,155.0,199.5,46.6096
8471698,T.J. Oshie,R,WSH,2016-02,197.0,253.6,46.6096
8471698,T.J. Oshie,R,WSH,2016-03,196.5,253.0,46.6096
8471698,T.J. Oshie,R,WSH,2016-04,102.0,131.3,46.6096
8471699,Andrew Cogliano,C,ANA,2015-10,82.5,141.3,35.0346
8471699,Andrew Cogliano,C,ANA,2015-11,155.5,266.3,35.0346
8471699,Andrew Cogliano,C,ANA,2015-12,79.5,136.2,35.0346
8471699,Andrew Cogliano,C,ANA,2016-01,63.5,108.7,35.0346
8471699,Andrew Cogliano,C,ANA,2016-02,141.0,241.5,35.0346
8471699,Andrew Cogliano,C,ANA,2016-03,137.5,235.5,35.0346
8471699,Andrew Cogliano,C,ANA,2016-04,31.5,53.9,35.0346
8471702,Matt Niskanen,D,WSH,2015-10,105.0,166.8,37.7698
8471702,Matt Niskanen,D,WSH,2015-11,172.5,274.0,37.7698
8471702,Matt Niskanen,D,WSH,2015-12,251.0,398.7,37.7698
8471702,Matt Niskanen,D,WSH,2016-01,182.5,289.9,37.7698
8471702,Matt Niskanen,D,WSH,2016-02,249.5,396.3,37.7698
8471702,Matt Niskanen,D,WSH,2016-03,232.5,369.3,37.7698
8471702,Matt Niskanen,D,WSH,2016-04,80.0,127.1,37.7698
8471703,Steve Downie,R,ARI,2015-10,103.0,116.5,53.0656
8471703,Steve Downie,R,ARI,2015-11,18.5,20.9,53.0656
8471703,Steve Downie,R,ARI,2015-12,72.5,82.0,53.0656
8471703,Steve Downie,R,ARI,2016-01,4.5,5.1,53.0656
8471703,Steve Downie,R,ARI,2016-02,8.5,9.6,53.0656
8471707,James Neal,L,NSH,2015-10,140.0,235.9,35.6044
8471707,James Neal,L,NSH,2015-11,164.0,276.4,35.6044
8471707,James Neal,L,NSH,2015-12,160.0,269.6,35.6044
8471707,James Neal,L,NSH,2016-01,108.5,182.8,35.6044
8471707,James Neal,L,NSH,2016-02,143.0,241.0,35.6044
8471707,James Neal,L,NSH,2016-03,176.5,297.4,35.6044
8471707,James Neal,L,NSH,2016-04,36.0,60.7,35.6044
8471709,Marc-Edouard Vlasic,D,SJS,2015-10,117.5,233.6,30.18
8471709,Marc-Edouard Vlasic,D,SJS,2015-11,142.0,282.3,30.18
8471709,Marc-Edouard Vlasic,D,SJS,2015-12,147.5,293.2,30.18
8471709,Marc-Edouard Vlasic,D,SJS,2016-01,156.5,311.1,30.18
8471709,Marc-Edouard Vlasic,D,SJS,2016-02,147.5,293.2,30.18
8471709,Marc-Edouard Vlasic,D,SJS,2016-03,68.5,136.2,30.18
8471710,Taylor Chorney,D,WSH,2015-10,46.0,72.4,38.1254
8471710,Taylor Chorney,D,WSH,2015-11,90.5,142.4,38.1254
8471710,Taylor Chorney,D,WSH,2015-12,115.0,181.0,38.1254
8471710,Taylor Chorney,D,WSH,2016-01,66.5,104.7,38.1254
8471710,Taylor Chorney,D,WSH,2016-02,57.0,89.7,38.1254
8471710,Taylor Chorney,D,WSH,2016-03,83.5,131.4,38.1254
8471710,Taylor Chorney,D,WSH,2016-04,2.5,3.9,38.1254
8471715,Ondrej Pavelec,G,WPG,2015-10,-7.5,0.0,0.0
8471715,Ondrej Pavelec,G,WPG,2015-11,-2.0,0.0,0.0
8471715,Ondrej Pavelec,G,WPG,2016-02,-7.5,0.0,0.0
8471715,Ondrej Pavelec,G,WPG,2016-03,-7.0,0.0,0.0
8471715,Ondrej Pavelec,G,WPG,2016-04,-7.5,0.0,0.0
8471716,Justin Abdelkader,L,DET,2015-10,170.0,180.5,56.4986
8471716,Justin Abdelkader,L,DET,2015-11,183.5,194.9,56.4986
8471716,Justin Abdelkader,L,DET,2015-12,314.5,334.0,56.4986
8471716,Justin Abdelkader,L,DET,2016-01,148.0,157.2,56.4986
8471716,Justin Abdelkader,L,DET,2016-02,213.0,226.2,56.4986
8471716,Justin Abdelkader,L,DET,2016-03,284.0,301.6,56.4986
8471716,Justin Abdelkader,L,DET,2016-04,110.5,117.3,56.4986
8471717,Adam McQuaid,D,BOS,2015-10,187.5,193.5,58.1255
8471717,Adam McQuaid,D,BOS,2015-11,180.0,185.8,58.1255
8471717,Adam McQuaid,D,BOS,2015-12,263.0,271.5,58.1255
8471717,Adam McQuaid,D,BOS,2016-01,35.5,36.6,58.1255
8471717,Adam McQuaid,D,BOS,2016-02,123.0,127.0,58.1255
8471717,Adam McQuaid,D,BOS,2016-03,245.5,253.4,58.1255
8471717,Adam McQuaid,D,BOS,2016-04,84.0,86.7,58.1255
8471724,Kris Letang,D,PIT,2015-10,155.0,235.8,39.4386
8471724,Kris Letang,D,PIT,2015-11,222.5,338.5,39.4386
8471724,Kris Letang,D,PIT,2015-12,85.0,129.3,39.4386
8471724,Kris Letang,D,PIT,2016-01,184.0,279.9,39.4386
8471724,Kris Letang,D,PIT,2016-02,259.0,394.0,39.4386
8471724,Kris Letang,D,PIT,2016-03,266.0,404.7,39.4386
8471724,Kris Letang,D,PIT,2016-04,86.0,130.8,39.4386
8471729,Kris Russell,D,DAL,2015-10,206.0,291.5,42.3988
8471729,Kris Russell,D,DAL,2015-11,207.0,292.9,42.3988
8471729,Kris Russell,D,DAL,2015-12,171.0,242.0,42.3988
8471729,Kris Russell,D,DAL,2016-01,161.5,228.5,42.3988
8471729,Kris Russell,D,DAL,2016-02,95.0,134.4,42.3988
8471729,Kris Russell,D,DAL,2016-03,149.0,210.9,42.3988
8471729,Kris Russell,D,DAL,2016-04,21.5,30.4,42.3988
8471733,Rich Clune,L,TOR,2015-10,35.0,17.3,121.5373
8471733,Rich Clune,L,TOR,2016-01,105.0,51.8,121.5373
8471733,Rich Clune,L,TOR,2016-02,159.0,78.5,121.5373
8471733,Rich Clune,L,TOR,2016-04,12.5,6.2,121.5373
8471734,Jonathan Quick,G,LAK,2015-10,-4.5,0.0,0.0
8471734,Jonathan Quick,G,LAK,2015-11,1.0,0.0,0.0
8471734,Jonathan Quick,G,LAK,2015-12,-20.0,0.0,0.0
8471734,Jonathan Quick,G,LAK,2016-01,-14.5,0.0,0.0
8471734,Jonathan Quick,G,LAK,2016-02,-4.5,0.0,0.0
8471734,Jonathan Quick,G,LAK,2016-03,-6.5,0.0,0.0
8471734,Jonathan Quick,G,LAK,2016-04,11.0,0.0,0.0
8471735,Keith Yandle,D,NYR,2015-10,88.0,285.8,18.4742
8471735,Keith Yandle,D,NYR,2015-11,63.5,206.2,18.4742
8471735,Keith Yandle,D,NYR,2015-12,77.0,250.1,18.4742
8471735,Keith Yandle,D,NYR,2016-01,48.5,157.5,18.4742
8471735,Keith Yandle,D,NYR,2016-02,75.0,243.6,18.4742
8471735,Keith Yandle,D,NYR,2016-03,120.0,389.7,18.4742
8471735,Keith Yandle,D,NYR,2016-04,32.0,103.9,18.4742
8471742,Cody Franson,D,BUF,2015-10,107.0,241.6,26.5754
8471742,Cody Franson,D,BUF,2015-11,89.0,200.9,26.5754
8471742,Cody Franson,D,BUF,2015-12,115.0,259.6,26.5754
8471742,Cody Franson,D,BUF,2016-01,89.0,200.9,26.5754
8471742,Cody Franson,D,BUF,2016-02,40.0,90.3,26.5754
8471750,Ben Bishop,G,TBL,2015-10,9.0,0.0,0.0
8471750,Ben Bishop,G,TBL,2015-11,-2.5,0.0,0.0
8471750,Ben Bishop,G,TBL,2015-12,2.0,0.0,0.0
8471750,Ben Bishop,G,TBL,2016-01,-7.5,0.0,0.0
8471750,Ben Bishop,G,TBL,2016-02,-1.5,0.0,0.0
8471750,Ben Bishop,G,TBL,2016-03,-11.5,0.0,0.0
8471750,Ben Bishop,G,TBL,2016-04,5.5,0.0,0.0
8471752,Marc-Andre Gragnani,D,NJD,2016-01,9.0,57.5,9.3995
8471760,Cody Bass,C,NSH,2015-12,22.5,17.1,78.7595
8471760,Cody Bass,C,NSH,2016-01,79.5,60.6,78.7595
8471760,Cody Bass,C,NSH,2016-02,27.5,20.9,78.7595
8471760,Cody Bass,C,NSH,2016-04,41.5,31.6,78.7595
8471761,Chris Butler,D,STL,2015-10,5.5,7.1,46.4348
8471761,Chris Butler,D,STL,2015-11,13.0,16.8,46.4348
8471761,Chris Butler,D,STL,2016-01,26.0,33.6,46.4348
8471762,Chris VandeVelde,C,PHI,2015-10,144.5,161.5,53.6895
8471762,Chris VandeVelde,C,PHI,2015-11,163.5,182.7,53.6895
8471762,Chris VandeVelde,C,PHI,2015-12,187.5,209.5,53.6895
8471762,Chris VandeVelde,C,PHI,2016-01,127.0,141.9,53.6895
8471762,Chris VandeVelde,C,PHI,2016-02,172.0,192.2,53.6895
8471762,Chris VandeVelde,C,PHI,2016-03,103.5,115.7,53.6895
8471762,Chris VandeVelde,C,PHI,2016-04,60.0,67.1,53.6895
8471766,Jared Boll,R,CBJ,2015-10,65.5,37.7,104.2105
8471766,Jared Boll,R,CBJ,2015-11,95.5,55.0,104.2105
8471766,Jared Boll,R,CBJ,2015-12,12.5,7.2,104.2105
8471766,Jared Boll,R,CBJ,2016-01,66.5,38.3,104.2105
8471766,Jared Boll,R,CBJ,2016-02,9.5,5.5,104.2105
8471766,Jared Boll,R,CBJ,2016-03,75.0,43.2,104.2105
8471766,Jared Boll,R,CBJ,2016-04,22.0,12.7,104.2105
8471769,Niklas Hjalmarsson,D,CHI,2015-10,141.5,278.2,30.5192
8471769,Niklas Hjalmarsson,D,CHI,2015-11,133.5,262.5,30.5192
8471769,Niklas Hjalmarsson,D,CHI,2015-12,171.0,336.2,30.5192
8471769,Niklas Hjalmarsson,D,CHI,2016-01,172.0,338.1,30.5192
8471769,Niklas Hjalmarsson,D,CHI,2016-02,104.0,204.5,30.5192
8471769,Niklas Hjalmarsson,D,CHI,2016-03,121.5,238.9,30.5192
8471769,Niklas Hjalmarsson,D,CHI,2016-04,78.5,154.3,30.5192
8471774,Alex Stalock,G,SJS,2015-10,-5.0,0.0,0.0
8471774,Alex Stalock,G,SJS,2015-11,-5.0,0.0,0.0
8471774,Alex Stalock,G,SJS,2016-01,3.0,0.0,0.0
8471794,Darren Helm,C,DET,2015-10,69.0,92.5,44.7576
8471794,Darren Helm,C,DET,2015-11,127.0,170.3,44.7576
8471794,Darren Helm,C,DET,2015-12,201.0,269.5,44.7576
8471794,Darren Helm,C,DET,2016-01,118.0,158.2,44.7576
8471794,Darren Helm,C,DET,2016-02,190.5,255.4,44.7576
8471794,Darren Helm,C,DET,2016-03,90.0,120.6,44.7576
8471794,Darren Helm,C,DET,2016-04,70.0,93.8,44.7576
8471804,Nathan Gerbe,C,CAR,2015-10,78.5,148.5,31.7252
8471804,Nathan Gerbe,C,CAR,2015-11,76.5,144.7,31.7252
8471804,Nathan Gerbe,C,CAR,2016-01,19.5,36.9,31.7252
8471804,Nathan Gerbe,C,CAR,2016-02,32.5,61.5,31.7252
8471804,Nathan Gerbe,C,CAR,2016-03,99.0,187.2,31.7252
8471804,Nathan Gerbe,C,CAR,2016-04,28.5,53.9,31.7252
8471811,Cal O'Reilly,C,BUF,2015-12,11.0,26.3,25.0894
8471811,Cal O'Reilly,C,BUF,2016-01,14.0,33.5,25.0894
8471811,Cal O'Reilly,C,BUF,2016-03,65.0,155.4,25.0894
8471811,Cal O'Reilly,C,BUF,2016-04,3.5,8.4,25.0894
8471816,Mark Fayne,D,EDM,2015-10,88.0,161.1,32.7707
8471816,Mark Fayne,D,EDM,2015-11,97.5,178.5,32.7707
8471816,Mark Fayne,D,EDM,2015-12,58.5,107.1,32.7707
8471816,Mark Fayne,D,EDM,2016-01,77.5,141.9,32.7707
8471816,Mark Fayne,D,EDM,2016-02,139.0,254.5,32.7707
8471816,Mark Fayne,D,EDM,2016-03,126.0,230.7,32.7707
8471816,Mark Fayne,D,EDM,2016-04,43.5,79.6,32.7707
8471817,Ryan Reaves,R,STL,2015-10,135.5,82.0,99.134
8471817,Ryan Reaves,R,STL,2015-11,64.0,38.7,99.134
8471817,Ryan Reaves,R,STL,2015-12,237.0,143.4,99.134
8471817,Ryan Reaves,R,STL,2016-01,97.5,59.0,99.134
8471817,Ryan Reaves,R,STL,2016-02,119.0,72.0,99.134
8471817,Ryan Reaves,R,STL,2016-03,138.5,83.8,99.134
8471817,Ryan Reaves,R,STL,2016-04,57.5,34.8,99.134
8471856,Joe Vitale,C,ARI,2015-10,20.5,6.2,197.7492
8471862,Colin Greening,C,TOR,2015-12,6.5,6.6,59.0416
8471862,Colin Greening,C,TOR,2016-02,180.0,182.9,59.0416
8471862,Colin Greening,C,TOR,2016-03,183.5,186.5,59.0416
8471862,Colin Greening,C,TOR,2016-04,60.0,61.0,59.0416
8471873,Anton Stralman,D,TBL,2015-10,135.5,285.1,28.517
8471873,Anton Stralman,D,TBL,2015-11,127.5,268.3,28.517
8471873,Anton Stralman,D,TBL,2015-12,128.5,270.4,28.517
8471873,Anton Stralman,D,TBL,2016-01,123.0,258.8,28.517
8471873,Anton Stralman,D,TBL,2016-02,155.5,327.2,28.517
8471873,Anton Stralman,D,TBL,2016-03,96.0,202.0,28.517
8471887,Patric Hornqvist,R,PIT,2015-10,197.5,214.0,55.3706
8471887,Patric Hornqvist,R,PIT,2015-11,173.5,188.0,55.3706
8471887,Patric Hornqvist,R,PIT,2015-12,229.5,248.7,55.3706
8471887,Patric Hornqvist,R,PIT,2016-01,165.5,179.3,55.3706
8471887,Patric Hornqvist,R,PIT,2016-02,160.0,173.4,55.3706
8471887,Patric Hornqvist,R,PIT,2016-03,274.0,296.9,55.3706
8471887,Patric Hornqvist,R,PIT,2016-04,75.0,81.3,55.3706
8471916,Mike Angelidis,L,TBL,2015-12,52.0,36.0,86.6667
8471956,Andrew Desjardins,C,CHI,2015-10,86.5,103.6,50.0767
8471956,Andrew Desjardins,C,CHI,2015-11,110.5,132.4,50.0767
8471956,Andrew Desjardins,C,CHI,2015-12,188.0,225.3,50.0767
8471956,Andrew Desjardins,C,CHI,2016-01,176.5,211.5,50.0767
8471956,Andrew Desjardins,C,CHI,2016-02,131.5,157.6,50.0767
8471956,Andrew Desjardins,C,CHI,2016-03,116.5,139.6,50.0767
8471956,Andrew Desjardins,C,CHI,2016-04,50.5,60.5,50.0767
8471958,Dan Girardi,D,NYR,2015-10,188.5,201.9,56.0207
8471958,Dan Girardi,D,NYR,2015-11,277.0,296.7,56.0207
8471958,Dan Girardi,D,NYR,2015-12,108.5,116.2,56.0207
8471958,Dan Girardi,D,NYR,2016-01,221.0,236.7,56.0207
8471958,Dan Girardi,D,NYR,2016-02,274.0,293.5,56.0207
8471958,Dan Girardi,D,NYR,2016-03,283.5,303.6,56.0207
8471958,Dan Girardi,D,NYR,2016-04,51.5,55.2,56.0207
8471976,David Desharnais,C,MTL,2015-10,113.0,178.8,37.9261
8471976,David Desharnais,C,MTL,2015-11,188.5,298.2,37.9261
8471976,David Desharnais,C,MTL,2015-12,110.5,174.8,37.9261
8471976,David Desharnais,C,MTL,2016-01,118.0,186.7,37.9261
8471976,David Desharnais,C,MTL,2016-02,48.0,75.9,37.9261
8471976,David Desharnais,C,MTL,2016-03,55.0,87.0,37.9261
8471976,David Desharnais,C,MTL,2016-04,24.5,38.8,37.9261
8471996,Bracken Kearns,C,NYI,2016-04,27.5,31.8,51.9194
8472382,Andy Greene,D,NJD,2015-10,140.0,279.3,30.0784
8472382,Andy Greene,D,NJD,2015-11,127.0,253.3,30.0784
8472382,Andy Greene,D,NJD,2015-12,151.0,301.2,30.0784
8472382,Andy Greene,D,NJD,2016-01,129.0,257.3,30.0784
8472382,Andy Greene,D,NJD,2016-02,160.0,319.2,30.0784
8472382,Andy Greene,D,NJD,2016-03,182.5,364.0,30.0784
8472382,Andy Greene,D,NJD,2016-04,54.0,107.7,30.0784
8472410,Stephen Gionta,R,NJD,2015-10,118.5,130.1,54.6506
8472410,Stephen Gionta,R,NJD,2015-11,142.0,155.9,54.6506
8472410,Stephen Gionta,R,NJD,2015-12,208.5,228.9,54.6506
8472410,Stephen Gionta,R,NJD,2016-01,125.5,137.8,54.6506
8472410,Stephen Gionta,R,NJD,2016-02,161.5,177.3,54.6506
8472410,Stephen Gionta,R,NJD,2016-03,129.5,142.2,54.6506
8472410,Stephen Gionta,R,NJD,2016-04,26.5,29.1,54.6506
8473404,Niklas Backstrom,G,CGY,2016-03,-5.0,0.0,0.0
8473412,Bryan Little,C,WPG,2015-10,161.5,209.3,46.3026
8473412,Bryan Little,C,WPG,2015-11,239.0,309.7,46.3026
8473412,Bryan Little,C,WPG,2015-12,192.0,248.8,46.3026
8473412,Bryan Little,C,WPG,2016-01,157.0,203.4,46.3026
8473412,Bryan Little,C,WPG,2016-02,112.5,145.8,46.3026
8473415,Alex Biega,D,VAN,2015-11,7.0,8.2,51.4077
8473415,Alex Biega,D,VAN,2015-12,223.0,260.3,51.4077
8473415,Alex Biega,D,VAN,2016-01,163.5,190.8,51.4077
8473415,Alex Biega,D,VAN,2016-02,80.5,94.0,51.4077
8473415,Alex Biega,D,VAN,2016-03,162.0,189.1,51.4077
8473415,Alex Biega,D,VAN,2016-04,96.5,112.6,51.4077
8473419,Brad Marchand,C,BOS,2015-10,108.0,173.2,37.4105
8473419,Brad Marchand,C,BOS,2015-11,157.5,252.6,37.4105
8473419,Brad Marchand,C,BOS,2015-12,193.5,310.3,37.4105
8473419,Brad Marchand,C,BOS,2016-01,88.0,141.1,37.4105
8473419,Brad Marchand,C,BOS,2016-02,163.0,261.4,37.4105
8473419,Brad Marchand,C,BOS,2016-03,117.5,188.4,37.4105
8473419,Brad Marchand,C,BOS,2016-04,65.5,105.1,37.4105
8473422,Nick Foligno,L,CBJ,2015-10,187.5,206.5,54.4894
8473422,Nick Foligno,L,CBJ,2015-11,211.5,232.9,54.4894
8473422,Nick Foligno,L,CBJ,2015-12,151.0,166.3,54.4894
8473422,Nick Foligno,L,CBJ,2016-01,87.0,95.8,54.4894
8473422,Nick Foligno,L,CBJ,2016-02,186.5,205.4,54.4894
8473422,Nick Foligno,L,CBJ,2016-03,188.0,207.0,54.4894
8473422,Nick Foligno,L,CBJ,2016-04,93.0,102.4,54.4894
8473426,Mike Weber,D,WSH,2015-10,85.5,96.5,53.1854
8473426,Mike Weber,D,WSH,2015-11,12.5,14.1,53.1854
8473426,Mike Weber,D,WSH,2015-12,108.0,121.8,53.1854
8473426,Mike Weber,D,WSH,2016-01,147.5,166.4,53.1854
8473426,Mike Weber,D,WSH,2016-02,32.0,36.1,53.1854
8473426,Mike Weber,D,WSH,2016-03,216.5,244.2,53.1854
8473426,Mike Weber,D,WSH,2016-04,15.5,17.5,53.1854
8473431,Bud Holloway,C,MTL,2015-11,5.5,7.3,45.082
8473432,Derek Dorsett,R,VAN,2015-10,172.5,154.7,66.8852
8473432,Derek Dorsett,R,VAN,2015-11,212.0,190.2,66.8852
8473432,Derek Dorsett,R,VAN,2015-12,289.0,259.3,66.8852
8473432,Derek Dorsett,R,VAN,2016-01,91.5,82.1,66.8852
8473432,Derek Dorsett,R,VAN,2016-02,122.5,109.9,66.8852
8473432,Derek Dorsett,R,VAN,2016-03,70.0,62.8,66.8852
8473432,Derek Dorsett,R,VAN,2016-04,39.0,35.0,66.8852
8473434,Chad Johnson,G,BUF,2015-10,-4.5,0.0,0.0
8473434,Chad Johnson,G,BUF,2015-11,-5.0,0.0,0.0
8473434,Chad Johnson,G,BUF,2015-12,-7.5,0.0,0.0
8473434,Chad Johnson,G,BUF,2016-01,-2.5,0.0,0.0
8473434,Chad Johnson,G,BUF,2016-02,-5.0,0.0,0.0
8473434,Chad Johnson,G,BUF,2016-03,-7.5,0.0,0.0
8473446,Erik Johnson,D,COL,2015-10,154.5,203.9,45.4742
8473446,Erik Johnson,D,COL,2015-11,262.0,345.7,45.4742
8473446,Erik Johnson,D,COL,2015-12,228.5,301.5,45.4742
8473446,Erik Johnson,D,COL,2016-01,77.5,102.3,45.4742
8473446,Erik Johnson,D,COL,2016-02,237.0,312.7,45.4742
8473446,Erik Johnson,D,COL,2016-03,248.0,327.2,45.4742
8473446,Erik Johnson,D,COL,2016-04,89.5,118.1,45.4742
8473449,Kyle Okposo,R,NYI,2015-10,121.5,202.3,36.0438
8473449,Kyle Okposo,R,NYI,2015-11,178.0,296.3,36.0438
8473449,Kyle Okposo,R,NYI,2015-12,163.5,272.2,36.0438
8473449,Kyle Okposo,R,NYI,2016-01,69.0,114.9,36.0438
8473449,Kyle Okposo,R,NYI,2016-02,125.5,208.9,36.0438
8473449,Kyle Okposo,R,NYI,2016-03,160.5,267.2,36.0438
8473449,Kyle Okposo,R,NYI,2016-04,46.0,76.6,36.0438
8473453,Trevor Lewis,C,LAK,2015-10,128.5,147.0,52.446
8473453,Trevor Lewis,C,LAK,2015-11,169.5,193.9,52.446
8473453,Trevor Lewis,C,LAK,2015-12,139.5,159.6,52.446
8473453,Trevor Lewis,C,LAK,2016-01,149.0,170.5,52.446
8473453,Trevor Lewis,C,LAK,2016-02,131.5,150.4,52.446
8473453,Trevor Lewis,C,LAK,2016-03,192.5,220.2,52.446
8473453,Trevor Lewis,C,LAK,2016-04,44.0,50.3,52.446
8473461,Steve Mason,G,PHI,2015-10,-7.5,0.0,0.0
8473461,Steve Mason,G,PHI,2015-11,3.5,0.0,0.0
8473461,Steve Mason,G,PHI,2015-12,6.0,0.0,0.0
8473461,Steve Mason,G,PHI,2016-01,-4.5,0.0,0.0
8473461,Steve Mason,G,PHI,2016-02,-7.5,0.0,0.0
8473461,Steve Mason,G,PHI,2016-03,-12.0,0.0,0.0
8473461,Steve Mason,G,PHI,2016-04,-2.5,0.0,0.0
8473463,Leo Komarov,C,TOR,2015-10,186.5,163.4,68.4882
8473463,Leo Komarov,C,TOR,2015-11,352.0,308.4,68.4882
8473463,Leo Komarov,C,TOR,2015-12,252.0,220.8,68.4882
8473463,Leo Komarov,C,TOR,2016-01,237.5,208.1,68.4882
8473463,Leo Komarov,C,TOR,2016-02,195.5,171.3,68.4882
8473463,Leo Komarov,C,TOR,2016-03,127.5,111.7,68.4882
8473463,Leo Komarov,C,TOR,2016-04,13.0,11.4,68.4882
8473465,Jamie McGinn,L,ANA,2015-10,113.0,147.0,46.1277
8473465,Jamie McGinn,L,ANA,2015-11,165.0,214.6,46.1277
8473465,Jamie McGinn,L,ANA,2015-12,167.5,217.9,46.1277
8473465,Jamie McGinn,L,ANA,2016-01,98.0,127.5,46.1277
8473465,Jamie McGinn,L,ANA,2016-02,110.5,143.7,46.1277
8473465,Jamie McGinn,L,ANA,2016-03,210.0,273.2,46.1277
8473465,Jamie McGinn,L,ANA,2016-04,59.0,76.7,46.1277
8473466,Ryan White,C,PHI,2015-10,192.5,145.3,79.5163
8473466,Ryan White,C,PHI,2015-11,147.0,110.9,79.5163
8473466,Ryan White,C,PHI,2015-12,146.5,110.5,79.5163
8473466,Ryan White,C,PHI,2016-01,174.5,131.7,79.5163
8473466,Ryan White,C,PHI,2016-02,248.5,187.5,79.5163
8473466,Ryan White,C,PHI,2016-03,218.0,164.5,79.5163
8473466,Ryan White,C,PHI,2016-04,88.5,66.8,79.5163
8473468,Eric Gryba,D,EDM,2015-10,164.5,173.8,56.7859
8473468,Eric Gryba,D,EDM,2015-11,160.5,169.6,56.7859
8473468,Eric Gryba,D,EDM,2015-12,192.0,202.9,56.7859
8473468,Eric Gryba,D,EDM,2016-01,213.5,225.6,56.7859
8473468,Eric Gryba,D,EDM,2016-02,166.5,175.9,56.7859
8473473,Milan Lucic,L,LAK,2015-10,116.5,135.2,51.719
8473473,Milan Lucic,L,LAK,2015-11,232.5,269.7,51.719
8473473,Milan Lucic,L,LAK,2015-12,211.0,244.8,51.719
8473473,Milan Lucic,L,LAK,2016-01,151.0,175.2,51.719
8473473,Milan Lucic,L,LAK,2016-02,226.0,262.2,51.719
8473473,Milan Lucic,L,LAK,2016-03,200.0,232.0,51.719
8473473,Milan Lucic,L,LAK,2016-04,66.5,77.1,51.719
8473482,Jiri Tlusty,C,NJD,2015-10,124.5,193.6,38.5803
8473482,Jiri Tlusty,C,NJD,2015-11,43.5,67.7,38.5803
8473482,Jiri Tlusty,C,NJD,2015-12,57.0,88.6,38.5803
8473482,Jiri Tlusty,C,NJD,2016-01,39.5,61.4,38.5803
8473485,Chris Stewart,R,ANA,2015-10,43.0,48.6,53.1
8473485,Chris Stewart,R,ANA,2015-11,182.5,206.2,53.1
8473485,Chris Stewart,R,ANA,2015-12,61.5,69.5,53.1
8473485,Chris Stewart,R,ANA,2016-01,77.0,87.0,53.1
8473485,Chris Stewart,R,ANA,2016-02,83.5,94.4,53.1
8473485,Chris Stewart,R,ANA,2016-03,34.5,39.0,53.1
8473485,Chris Stewart,R,ANA,2016-04,53.0,59.9,53.1
8473492,Matt Beleskey,L,BOS,2015-10,131.5,131.3,60.0922
8473492,Matt Beleskey,L,BOS,2015-11,245.5,245.1,60.0922
8473492,Matt Beleskey,L,BOS,2015-12,193.5,193.2,60.0922
8473492,Matt Beleskey,L,BOS,2016-01,217.0,216.7,60.0922
8473492,Matt Beleskey,L,BOS,2016-02,203.5,203.2,60.0922
8473492,Matt Beleskey,L,BOS,2016-03,205.5,205.2,60.0922
8473492,Matt Beleskey,L,BOS,2016-04,74.0,73.9,60.0922
8473499,Reto Berra,G,COL,2015-10,-2.5,0.0,0.0
8473499,Reto Berra,G,COL,2015-11,-7.5,0.0,0.0
8473499,Reto Berra,G,COL,2015-12,5.5,0.0,0.0
8473503,James Reimer,G,SJS,2015-10,-5.0,0.0,0.0
8473503,James Reimer,G,SJS,2015-11,-12.0,0.0,0.0
8473503,James Reimer,G,SJS,2016-01,6.0,0.0,0.0
8473503,James Reimer,G,SJS,2016-02,-7.0,0.0,0.0
8473503,James Reimer,G,SJS,2016-03,6.0,0.0,0.0
8473503,James Reimer,G,SJS,2016-04,-5.0,0.0,0.0
8473504,Cal Clutterbuck,R,NYI,2015-10,196.0,138.7,84.8147
8473504,Cal Clutterbuck,R,NYI,2015-11,291.5,206.2,84.8147
8473504,Cal Clutterbuck,R,NYI,2015-12,196.5,139.0,84.8147
8473504,Cal Clutterbuck,R,NYI,2016-01,161.0,113.9,84.8147
8473504,Cal Clutterbuck,R,NYI,2016-02,157.5,111.4,84.8147
8473504,Cal Clutterbuck,R,NYI,2016-03,235.0,166.2,84.8147
8473504,Cal Clutterbuck,R,NYI,2016-04,59.5,42.1,84.8147
8473507,Jeff Petry,D,MTL,2015-10,139.0,234.7,35.5316
8473507,Jeff Petry,D,MTL,2015-11,146.5,247.4,35.5316
8473507,Jeff Petry,D,MTL,2015-12,142.0,239.8,35.5316
8473507,Jeff Petry,D,MTL,2016-01,152.5,257.5,35.5316
8473507,Jeff Petry,D,MTL,2016-02,65.0,109.8,35.5316
8473512,Claude Giroux,R,PHI,2015-10,235.5,239.3,59.0595
8473512,Claude Giroux,R,PHI,2015-11,289.0,293.6,59.0595
8473512,Claude Giroux,R,PHI,2015-12,247.0,250.9,59.0595
8473512,Claude Giroux,R,PHI,2016-01,215.0,218.4,59.0595
8473512,Claude Giroux,R,PHI,2016-02,242.0,245.9,59.0595
8473512,Claude Giroux,R,PHI,2016-03,248.5,252.5,59.0595
8473512,Claude Giroux,R,PHI,2016-04,100.5,102.1,59.0595
8473523,Jhonas Enroth,G,LAK,2015-11,-2.5,0.0,0.0
8473523,Jhonas Enroth,G,LAK,2016-04,5.5,0.0,0.0
8473533,Jordan Staal,C,CAR,2015-10,156.5,144.9,64.7919
8473533,Jordan Staal,C,CAR,2015-11,253.5,234.8,64.7919
8473533,Jordan Staal,C,CAR,2015-12,256.0,237.1,64.7919
8473533,Jordan Staal,C,CAR,2016-01,285.0,263.9,64.7919
8473533,Jordan Staal,C,CAR,2016-02,323.0,299.1,64.7919
8473533,Jordan Staal,C,CAR,2016-03,278.5,257.9,64.7919
8473533,Jordan Staal,C,CAR,2016-04,68.0,63.0,64.7919
8473534,Patrik Berglund,C,STL,2016-01,116.0,165.1,42.1502
8473534,Patrik Berglund,C,STL,2016-02,93.5,133.1,42.1502
8473534,Patrik Berglund,C,STL,2016-03,161.5,229.9,42.1502
8473534,Patrik Berglund,C,STL,2016-04,86.0,122.4,42.1502
8473537,Viktor Stalberg,L,NYR,2015-10,150.5,158.3,57.0348
8473537,Viktor Stalberg,L,NYR,2015-11,140.5,147.8,57.0348
8473537,Viktor Stalberg,L,NYR,2015-12,72.0,75.7,57.0348
8473537,Viktor Stalberg,L,NYR,2016-01,133.5,140.4,57.0348
8473537,Viktor Stalberg,L,NYR,2016-02,150.0,157.8,57.0348
8473537,Viktor Stalberg,L,NYR,2016-03,182.5,192.0,57.0348
8473537,Viktor Stalberg,L,NYR,2016-04,41.0,43.1,57.0348
8473541,Jonathan Bernier,G,TOR,2015-10,16.5,0.0,0.0
8473541,Jonathan Bernier,G,TOR,2015-11,-2.5,0.0,0.0
8473541,Jonathan Bernier,G,TOR,2015-12,-5.0,0.0,0.0
8473541,Jonathan Bernier,G,TOR,2016-01,9.0,0.0,0.0
8473541,Jonathan Bernier,G,TOR,2016-02,-5.0,0.0,0.0
8473541,Jonathan Bernier,G,TOR,2016-03,-2.0,0.0,0.0
8473542,Tom Sestito,L,PIT,2016-03,28.5,9.0,190.2502
8473542,Tom Sestito,L,PIT,2016-04,45.0,14.2,190.2502
8473544,Derick Brassard,C,NYR,2015-10,115.5,160.4,43.192
8473544,Derick Brassard,C,NYR,2015-11,193.0,268.1,43.192
8473544,Derick Brassard,C,NYR,2015-12,146.5,203.5,43.192
8473544,Derick Brassard,C,NYR,2016-01,170.5,236.8,43.192
8473544,Derick Brassard,C,NYR,2016-02,155.5,216.0,43.192
8473544,Derick Brassard,C,NYR,2016-03,186.5,259.1,43.192
8473544,Derick Brassard,C,NYR,2016-04,62.5,86.8,43.192
8473546,Michael Grabner,R,TOR,2015-10,27.5,61.5,26.8503
8473546,Michael Grabner,R,TOR,2015-11,115.0,257.0,26.8503
8473546,Michael Grabner,R,TOR,2015-12,103.0,230.2,26.8503
8473546,Michael Grabner,R,TOR,2016-01,84.5,188.8,26.8503
8473546,Michael Grabner,R,TOR,2016-02,99.0,221.2,26.8503
8473546,Michael Grabner,R,TOR,2016-03,64.0,143.0,26.8503
8473546,Michael Grabner,R,TOR,2016-04,25.0,55.9,26.8503
8473548,Phil Kessel,C,PIT,2015-10,76.0,337.9,13.4946
8473548,Phil Kessel,C,PIT,2015-11,54.5,242.3,13.4946
8473548,Phil Kessel,C,PIT,2015-12,50.5,224.5,13.4946
8473548,Phil Kessel,C,PIT,2016-01,33.5,148.9,13.4946
8473548,Phil Kessel,C,PIT,2016-02,52.0,231.2,13.4946
8473548,Phil Kessel,C,PIT,2016-03,73.5,326.8,13.4946
8473548,Phil Kessel,C,PIT,2016-04,-1.0,-4.4,0.0
8473550,Andrew Bodnarchuk,D,COL,2015-11,21.5,29.7,43.4983
8473550,Andrew Bodnarchuk,D,COL,2015-12,130.5,180.0,43.4983
8473550,Andrew Bodnarchuk,D,COL,2016-01,63.0,86.9,43.4983
8473550,Andrew Bodnarchuk,D,COL,2016-02,79.0,109.0,43.4983
8473550,Andrew Bodnarchuk,D,COL,2016-03,37.0,51.0,43.4983
8473553,Jeff Zatkoff,G,PIT,2015-10,-2.5,0.0,0.0
8473553,Jeff Zatkoff,G,PIT,2015-11,3.0,0.0,0.0
8473553,Jeff Zatkoff,G,PIT,2015-12,-2.5,0.0,0.0
8473560,Korbinian Holzer,D,ANA,2015-10,59.0,70.8,49.9918
8473560,Korbinian Holzer,D,ANA,2015-11,56.0,67.2,49.9918
8473560,Korbinian Holzer,D,ANA,2015-12,23.5,28.2,49.9918
8473560,Korbinian Holzer,D,ANA,2016-01,79.0,94.8,49.9918
8473560,Korbinian Holzer,D,ANA,2016-03,85.0,102.0,49.9918
8473560,Korbinian Holzer,D,ANA,2016-04,54.0,64.8,49.9918
8473562,John McCarthy,L,SJS,2015-10,3.5,7.1,29.661
8473563,Nicklas Backstrom,C,WSH,2015-10,128.0,173.6,44.2504
8473563,Nicklas Backstrom,C,WSH,2015-11,160.0,216.9,44.2504
8473563,Nicklas Backstrom,C,WSH,2015-12,200.0,271.2,44.2504
8473563,Nicklas Backstrom,C,WSH,2016-01,184.5,250.2,44.2504
8473563,Nicklas Backstrom,C,WSH,2016-02,212.5,288.1,44.2504
8473563,Nicklas Backstrom,C,WSH,2016-03,162.5,220.3,44.2504
8473563,Nicklas Backstrom,C,WSH,2016-04,13.5,18.3,44.2504
8473564,Michael Frolik,R,CGY,2015-10,108.5,203.7,31.9638
8473564,Michael Frolik,R,CGY,2015-11,108.0,202.7,31.9638
8473564,Michael Frolik,R,CGY,2015-12,46.5,87.3,31.9638
8473564,Michael Frolik,R,CGY,2016-01,32.5,61.0,31.9638
8473564,Michael Frolik,R,CGY,2016-02,108.0,202.7,31.9638
8473564,Michael Frolik,R,CGY,2016-03,135.5,254.4,31.9638
8473565,Brian Strait,D,NYI,2015-10,96.5,112.0,51.6861
8473565,Brian Strait,D,NYI,2015-11,197.5,229.3,51.6861
8473565,Brian Strait,D,NYI,2015-12,27.5,31.9,51.6861
8473565,Brian Strait,D,NYI,2016-01,123.5,143.4,51.6861
8473565,Brian Strait,D,NYI,2016-02,140.0,162.5,51.6861
8473565,Brian Strait,D,NYI,2016-03,97.5,113.2,51.6861
8473565,Brian Strait,D,NYI,2016-04,9.0,10.4,51.6861
8473571,Jamie McBain,D,LAK,2015-10,52.0,102.4,30.4792
8473571,Jamie McBain,D,LAK,2015-11,74.5,146.7,30.4792
8473571,Jamie McBain,D,LAK,2015-12,68.5,134.8,30.4792
8473571,Jamie McBain,D,LAK,2016-01,26.0,51.2,30.4792
8473571,Jamie McBain,D,LAK,2016-02,28.5,56.1,30.4792
8473571,Jamie McBain,D,LAK,2016-04,24.0,47.2,30.4792
8473573,Artem Anisimov,C,CHI,2015-10,142.0,225.0,37.8648
8473573,Artem Anisimov,C,CHI,2015-11,138.5,219.5,37.8648
8473573,Artem Anisimov,C,CHI,2015-12,181.5,287.6,37.8648
8473573,Artem Anisimov,C,CHI,2016-01,145.0,229.8,37.8648
8473573,Artem Anisimov,C,CHI,2016-02,114.0,180.6,37.8648
8473573,Artem Anisimov,C,CHI,2016-03,125.5,198.9,37.8648
8473573,Artem Anisimov,C,CHI,2016-04,32.5,51.5,37.8648
8473574,Shawn Matthias,C,COL,2015-10,70.0,104.4,40.2118
8473574,Shawn Matthias,C,COL,2015-11,153.5,229.0,40.2118
8473574,Shawn Matthias,C,COL,2015-12,82.5,123.1,40.2118
8473574,Shawn Matthias,C,COL,2016-01,134.5,200.7,40.2118
8473574,Shawn Matthias,C,COL,2016-02,53.5,79.8,40.2118
8473574,Shawn Matthias,C,COL,2016-03,110.0,164.1,40.2118
8473574,Shawn Matthias,C,COL,2016-04,39.0,58.2,40.2118
8473575,Semyon Varlamov,G,COL,2015-10,-2.0,0.0,0.0
8473575,Semyon Varlamov,G,COL,2015-11,-12.5,0.0,0.0
8473575,Semyon Varlamov,G,COL,2015-12,3.0,0.0,0.0
8473575,Semyon Varlamov,G,COL,2016-01,-7.5,0.0,0.0
8473575,Semyon Varlamov,G,COL,2016-02,-7.5,0.0,0.0
8473575,Semyon Varlamov,G,COL,2016-03,3.0,0.0,0.0
8473575,Semyon Varlamov,G,COL,2016-04,-5.0,0.0,0.0
8473579,Nikolay Kulemin,L,NYI,2015-10,79.0,130.0,36.4553
8473579,Nikolay Kulemin,L,NYI,2015-11,142.0,233.7,36.4553
8473579,Nikolay Kulemin,L,NYI,2015-12,127.0,209.0,36.4553
8473579,Nikolay Kulemin,L,NYI,2016-01,64.0,105.3,36.4553
8473579,Nikolay Kulemin,L,NYI,2016-02,115.5,190.1,36.4553
8473579,Nikolay Kulemin,L,NYI,2016-03,129.0,212.3,36.4553
8473579,Nikolay Kulemin,L,NYI,2016-04,35.5,58.4,36.4553
8473584,Andrew MacDonald,D,PHI,2015-12,10.5,16.6,37.8641
8473584,Andrew MacDonald,D,PHI,2016-02,108.5,171.9,37.8641
8473584,Andrew MacDonald,D,PHI,2016-03,163.5,259.1,37.8641
8473584,Andrew MacDonald,D,PHI,2016-04,73.0,115.7,37.8641
8473588,Erik Condra,R,TBL,2015-10,57.0,94.8,36.0621
8473588,Erik Condra,R,TBL,2015-11,96.5,160.6,36.0621
8473588,Erik Condra,R,TBL,2015-12,27.0,44.9,36.0621
8473588,Erik Condra,R,TBL,2016-01,28.0,46.6,36.0621
8473588,Erik Condra,R,TBL,2016-02,30.0,49.9,36.0621
8473588,Erik Condra,R,TBL,2016-03,76.0,126.4,36.0621
8473588,Erik Condra,R,TBL,2016-04,33.0,54.9,36.0621
8473589,Chris Summers,D,NYR,2015-12,30.5,46.2,39.6361
8473604,Jonathan Toews,C,CHI,2015-10,235.0,246.4,57.2206
8473604,Jonathan Toews,C,CHI,2015-11,205.0,215.0,57.2206
8473604,Jonathan Toews,C,CHI,2015-12,225.5,236.5,57.2206
8473604,Jonathan Toews,C,CHI,2016-01,262.0,274.7,57.2206
8473604,Jonathan Toews,C,CHI,2016-02,190.0,199.2,57.2206
8473604,Jonathan Toews,C,CHI,2016-03,266.0,278.9,57.2206
8473604,Jonathan Toews,C,CHI,2016-04,85.0,89.1,57.2206
8473607,Michal Neuvirth,G,PHI,2015-12,-5.0,0.0,0.0
8473607,Michal Neuvirth,G,PHI,2016-01,-7.5,0.0,0.0
8473607,Michal Neuvirth,G,PHI,2016-02,-5.0,0.0,0.0
8473607,Michal Neuvirth,G,PHI,2016-03,-2.5,0.0,0.0
8473614,Richard Bachman,G,VAN,2015-10,-2.5,0.0,0.0
8473618,Mathieu Perreault,C,WPG,2015-10,96.5,168.0,34.4687
8473618,Mathieu Perreault,C,WPG,2015-11,123.5,215.0,34.4687
8473618,Mathieu Perreault,C,WPG,2015-12,116.0,201.9,34.4687
8473618,Mathieu Perreault,C,WPG,2016-01,135.0,235.0,34.4687
8473618,Mathieu Perreault,C,WPG,2016-02,119.5,208.0,34.4687
8473618,Mathieu Perreault,C,WPG,2016-03,84.5,147.1,34.4687
8473646,Ryan Carter,C,MIN,2015-10,130.5,119.1,65.7491
8473646,Ryan Carter,C,MIN,2015-11,162.0,147.8,65.7491
8473646,Ryan Carter,C,MIN,2015-12,126.5,115.4,65.7491
8473646,Ryan Carter,C,MIN,2016-01,72.5,66.2,65.7491
8473646,Ryan Carter,C,MIN,2016-02,188.0,171.6,65.7491
8473646,Ryan Carter,C,MIN,2016-03,39.0,35.6,65.7491
8473646,Ryan Carter,C,MIN,2016-04,14.0,12.8,65.7491
8473658,Victor Bartley,D,MTL,2015-10,20.5,20.8,59.0179
8473658,Victor Bartley,D,MTL,2016-02,33.0,33.5,59.0179
8473658,Victor Bartley,D,MTL,2016-03,77.5,78.8,59.0179
8473673,David Schlemko,D,NJD,2015-10,94.0,180.1,31.309
8473673,David Schlemko,D,NJD,2015-11,50.0,95.8,31.309
8473673,David Schlemko,D,NJD,2015-12,134.5,257.8,31.309
8473673,David Schlemko,D,NJD,2016-01,135.0,258.7,31.309
8473673,David Schlemko,D,NJD,2016-02,122.0,233.8,31.309
8473673,David Schlemko,D,NJD,2016-03,89.5,171.5,31.309
8473673,David Schlemko,D,NJD,2016-04,27.0,51.7,31.309
8473722,John Scott,L,MTL,2015-10,15.5,9.4,98.4297
8473722,John Scott,L,MTL,2015-11,57.5,35.1,98.4297
8473722,John Scott,L,MTL,2015-12,49.0,29.9,98.4297
8473722,John Scott,L,MTL,2016-04,6.5,4.0,98.4297
8473914,Mark Letestu,C,EDM,2015-10,164.0,220.6,44.6007
8473914,Mark Letestu,C,EDM,2015-11,138.0,185.6,44.6007
8473914,Mark Letestu,C,EDM,2015-12,162.0,217.9,44.6007
8473914,Mark Letestu,C,EDM,2016-01,126.0,169.5,44.6007
8473914,Mark Letestu,C,EDM,2016-02,190.0,255.6,44.6007
8473914,Mark Letestu,C,EDM,2016-03,160.0,215.2,44.6007
8473914,Mark Letestu,C,EDM,2016-04,22.0,29.6,44.6007
8473933,Ben Lovejoy,D,PIT,2015-10,205.5,219.0,56.3033
8473933,Ben Lovejoy,D,PIT,2015-11,181.5,193.4,56.3033
8473933,Ben Lovejoy,D,PIT,2015-12,231.5,246.7,56.3033
8473933,Ben Lovejoy,D,PIT,2016-01,153.0,163.0,56.3033
8473933,Ben Lovejoy,D,PIT,2016-02,165.0,175.8,56.3033
8473933,Ben Lovejoy,D,PIT,2016-03,115.0,122.6,56.3033
8473933,Ben Lovejoy,D,PIT,2016-04,117.0,124.7,56.3033
8473962,Teddy Purcell,R,FLA,2015-10,72.0,253.7,17.028
8473962,Teddy Purcell,R,FLA,2015-11,51.5,181.5,17.028
8473962,Teddy Purcell,R,FLA,2015-12,53.5,188.5,17.028
8473962,Teddy Purcell,R,FLA,2016-01,48.0,169.1,17.028
8473962,Teddy Purcell,R,FLA,2016-02,70.0,246.7,17.028
8473962,Teddy Purcell,R,FLA,2016-03,55.0,193.8,17.028
8473962,Teddy Purcell,R,FLA,2016-04,13.0,45.8,17.028
8473970,Rob Klinkhammer,C,EDM,2015-10,97.0,69.5,83.7823
8473970,Rob Klinkhammer,C,EDM,2015-12,12.0,8.6,83.7823
8473970,Rob Klinkhammer,C,EDM,2016-01,75.0,53.7,83.7823
8473972,Jonas Hiller,G,CGY,2015-10,3.0,0.0,0.0
8473972,Jonas Hiller,G,CGY,2015-11,-5.0,0.0,0.0
8473972,Jonas Hiller,G,CGY,2015-12,-10.0,0.0,0.0
8473972,Jonas Hiller,G,CGY,2016-01,-5.0,0.0,0.0
8473972,Jonas Hiller,G,CGY,2016-02,-10.0,0.0,0.0
8473972,Jonas Hiller,G,CGY,2016-03,-2.5,0.0,0.0
8473986,Alex Killorn,C,TBL,2015-10,77.0,147.7,31.2698
8473986,Alex Killorn,C,TBL,2015-11,74.5,142.9,31.2698
8473986,Alex Killorn,C,TBL,2015-12,171.5,329.1,31.2698
8473986,Alex Killorn,C,TBL,2016-01,53.0,101.7,31.2698
8473986,Alex Killorn,C,TBL,2016-02,150.0,287.8,31.2698
8473986,Alex Killorn,C,TBL,2016-03,130.0,249.4,31.2698
8473986,Alex Killorn,C,TBL,2016-04,53.0,101.7,31.2698
8473989,Luke Gazdic,L,EDM,2015-10,52.5,45.0,69.9382
8473989,Luke Gazdic,L,EDM,2015-11,32.0,27.5,69.9382
8473989,Luke Gazdic,L,EDM,2015-12,116.0,99.5,69.9382
8473989,Luke Gazdic,L,EDM,2016-01,4.5,3.9,69.9382
8473989,Luke Gazdic,L,EDM,2016-03,4.5,3.9,69.9382
8473991,Karl Alzner,D,WSH,2015-10,137.5,178.6,46.196
8473991,Karl Alzner,D,WSH,2015-11,162.5,211.1,46.196
8473991,Karl Alzner,D,WSH,2015-12,282.5,366.9,46.196
8473991,Karl Alzner,D,WSH,2016-01,155.5,202.0,46.196
8473991,Karl Alzner,D,WSH,2016-02,218.5,283.8,46.196
8473991,Karl Alzner,D,WSH,2016-03,304.5,395.5,46.196
8473991,Karl Alzner,D,WSH,2016-04,88.5,114.9,46.196
8473992,Justin Falk,D,CBJ,2015-11,42.0,40.2,62.6501
8473992,Justin Falk,D,CBJ,2015-12,116.5,111.6,62.6501
8473992,Justin Falk,D,CBJ,2016-01,116.5,111.6,62.6501
8473992,Justin Falk,D,CBJ,2016-02,32.0,30.6,62.6501
8473992,Justin Falk,D,CBJ,2016-03,4.5,4.3,62.6501
8473992,Justin Falk,D,CBJ,2016-04,45.0,43.1,62.6501
8473994,Jamie Benn,L,DAL,2015-10,210.5,248.6,50.7979
8473994,Jamie Benn,L,DAL,2015-11,248.5,293.5,50.7979
8473994,Jamie Benn,L,DAL,2015-12,267.5,316.0,50.7979
8473994,Jamie Benn,L,DAL,2016-01,165.5,195.5,50.7979
8473994,Jamie Benn,L,DAL,2016-02,256.5,303.0,50.7979
8473994,Jamie Benn,L,DAL,2016-03,197.0,232.7,50.7979
8473994,Jamie Benn,L,DAL,2016-04,44.5,52.6,50.7979
8474000,Steven Kampfer,D,FLA,2015-10,20.0,22.6,53.1131
8474000,Steven Kampfer,D,FLA,2015-11,96.5,109.0,53.1131
8474000,Steven Kampfer,D,FLA,2015-12,71.0,80.2,53.1131
8474000,Steven Kampfer,D,FLA,2016-01,79.5,89.8,53.1131
8474000,Steven Kampfer,D,FLA,2016-02,171.5,193.7,53.1131
8474000,Steven Kampfer,D,FLA,2016-03,123.0,138.9,53.1131
8474000,Steven Kampfer,D,FLA,2016-04,66.5,75.1,53.1131
8474005,Alex Grant,D,ARI,2016-03,13.5,16.2,49.8715
8474005,Alex Grant,D,ARI,2016-04,41.5,49.9,49.8715
8474008,Paul Carey,C,WSH,2016-01,13.0,17.9,43.6309
8474008,Paul Carey,C,WSH,2016-02,16.0,22.0,43.6309
8474009,Nick Bonino,C,PIT,2015-10,203.5,228.9,53.3347
8474009,Nick Bonino,C,PIT,2015-11,158.0,177.7,53.3347
8474009,Nick Bonino,C,PIT,2015-12,153.5,172.7,53.3347
8474009,Nick Bonino,C,PIT,2016-01,42.0,47.2,53.3347
8474009,Nick Bonino,C,PIT,2016-02,23.0,25.9,53.3347
8474009,Nick Bonino,C,PIT,2016-03,232.0,261.0,53.3347
8474009,Nick Bonino,C,PIT,2016-04,75.0,84.4,53.3347
8474013,Ian Cole,D,PIT,2015-10,199.0,215.3,55.4639
8474013,Ian Cole,D,PIT,2015-11,165.0,178.5,55.4639
8474013,Ian Cole,D,PIT,2015-12,161.5,174.7,55.4639
8474013,Ian Cole,D,PIT,2016-01,147.5,159.6,55.4639
8474013,Ian Cole,D,PIT,2016-02,70.0,75.7,55.4639
8474013,Ian Cole,D,PIT,2016-03,277.5,300.2,55.4639
8474013,Ian Cole,D,PIT,2016-04,95.0,102.8,55.4639
8474019,Tommy Cross,D,BOS,2015-10,23.0,39.3,35.1413
8474024,Jim O'Brien,C,NJD,2016-01,61.0,54.1,67.69
8474025,Eric Tangradi,L,DET,2016-01,4.5,6.9,39.0173
8474027,Justin Braun,D,SJS,2015-10,122.0,195.0,37.5376
8474027,Justin Braun,D,SJS,2015-11,165.5,264.5,37.5376
8474027,Justin Braun,D,SJS,2015-12,164.0,262.1,37.5376
8474027,Justin Braun,D,SJS,2016-01,153.0,244.6,37.5376
8474027,Justin Braun,D,SJS,2016-02,200.5,320.5,37.5376
8474027,Justin Braun,D,SJS,2016-03,200.5,320.5,37.5376
8474027,Justin Braun,D,SJS,2016-04,23.5,37.6,37.5376
8474031,Kevin Shattenkirk,D,STL,2015-10,28.5,51.2,33.4118
8474031,Kevin Shattenkirk,D,STL,2015-11,110.5,198.4,33.4118
8474031,Kevin Shattenkirk,D,STL,2015-12,199.5,358.3,33.4118
8474031,Kevin Shattenkirk,D,STL,2016-01,194.0,348.4,33.4118
8474031,Kevin Shattenkirk,D,STL,2016-02,175.0,314.3,33.4118
8474031,Kevin Shattenkirk,D,STL,2016-03,138.0,247.8,33.4118
8474031,Kevin Shattenkirk,D,STL,2016-04,53.5,96.1,33.4118
8474034,Patrick Maroon,L,EDM,2015-10,70.0,69.6,60.3802
8474034,Patrick Maroon,L,EDM,2015-11,174.5,173.4,60.3802
8474034,Patrick Maroon,L,EDM,2015-12,92.5,91.9,60.3802
8474034,Patrick Maroon,L,EDM,2016-01,113.0,112.3,60.3802
8474034,Patrick Maroon,L,EDM,2016-02,145.0,144.1,60.3802
8474034,Patrick Maroon,L,EDM,2016-03,274.0,272.3,60.3802
8474034,Patrick Maroon,L,EDM,2016-04,25.0,24.8,60.3802
8474037,James van Riemsdyk,L,TOR,2015-10,101.5,186.4,32.6803
8474037,James van Riemsdyk,L,TOR,2015-11,171.0,314.0,32.6803
8474037,James van Riemsdyk,L,TOR,2015-12,94.5,173.5,32.6803
8474037,James van Riemsdyk,L,TOR,2016-01,20.0,36.7,32.6803
8474038,Paul Byron,L,MTL,2015-10,13.0,16.1,48.4625
8474038,Paul Byron,L,MTL,2015-11,128.0,158.5,48.4625
8474038,Paul Byron,L,MTL,2015-12,167.5,207.4,48.4625
8474038,Paul Byron,L,MTL,2016-01,60.0,74.3,48.4625
8474038,Paul Byron,L,MTL,2016-02,106.0,131.2,48.4625
8474038,Paul Byron,L,MTL,2016-03,188.5,233.4,48.4625
8474038,Paul Byron,L,MTL,2016-04,26.0,32.2,48.4625
8474040,Sam Gagner,C,PHI,2015-10,73.0,164.0,26.7077
8474040,Sam Gagner,C,PHI,2015-11,44.5,100.0,26.7077
8474040,Sam Gagner,C,PHI,2016-01,28.5,64.0,26.7077
8474040,Sam Gagner,C,PHI,2016-02,67.0,150.5,26.7077
8474040,Sam Gagner,C,PHI,2016-03,94.5,212.3,26.7077
8474040,Sam Gagner,C,PHI,2016-04,19.5,43.8,26.7077
8474052,Chris Terry,L,CAR,2015-10,79.5,110.3,43.2384
8474052,Chris Terry,L,CAR,2015-11,101.5,140.8,43.2384
8474052,Chris Terry,L,CAR,2015-12,67.0,93.0,43.2384
8474052,Chris Terry,L,CAR,2016-01,76.0,105.5,43.2384
8474052,Chris Terry,L,CAR,2016-02,92.0,127.7,43.2384
8474052,Chris Terry,L,CAR,2016-03,113.5,157.5,43.2384
8474052,Chris Terry,L,CAR,2016-04,23.0,31.9,43.2384
8474053,Logan Couture,C,SJS,2015-10,37.0,52.7,42.14
8474053,Logan Couture,C,SJS,2015-12,14.5,20.6,42.14
8474053,Logan Couture,C,SJS,2016-01,132.0,187.9,42.14
8474053,Logan Couture,C,SJS,2016-02,167.5,238.5,42.14
8474053,Logan Couture,C,SJS,2016-03,267.5,380.9,42.14
8474053,Logan Couture,C,SJS,2016-04,16.5,23.5,42.14
8474056,P.K. Subban,D,MTL,2015-10,124.0,303.5,24.5171
8474056,P.K. Subban,D,MTL,2015-11,109.5,268.0,24.5171
8474056,P.K. Subban,D,MTL,2015-12,165.5,405.0,24.5171
8474056,P.K. Subban,D,MTL,2016-01,123.5,302.2,24.5171
8474056,P.K. Subban,D,MTL,2016-02,120.5,294.9,24.5171
8474056,P.K. Subban,D,MTL,2016-03,89.5,219.0,24.5171
8474061,Anthony Peluso,R,WPG,2015-10,47.5,29.1,98.0085
8474061,Anthony Peluso,R,WPG,2015-11,117.5,71.9,98.0085
8474061,Anthony Peluso,R,WPG,2015-12,67.5,41.3,98.0085
8474061,Anthony Peluso,R,WPG,2016-01,75.0,45.9,98.0085
8474061,Anthony Peluso,R,WPG,2016-02,48.5,29.7,98.0085
8474061,Anthony Peluso,R,WPG,2016-03,9.0,5.5,98.0085
8474062,Riley Nash,C,CAR,2015-10,66.0,78.9,50.2171
8474062,Riley Nash,C,CAR,2015-11,205.0,244.9,50.2171
8474062,Riley Nash,C,CAR,2015-12,70.5,84.2,50.2171
8474062,Riley Nash,C,CAR,2016-01,113.5,135.6,50.2171
8474062,Riley Nash,C,CAR,2016-02,107.0,127.8,50.2171
8474062,Riley Nash,C,CAR,2016-03,123.5,147.6,50.2171
8474062,Riley Nash,C,CAR,2016-04,8.5,10.2,50.2171
8474066,Thomas Hickey,D,NYI,2015-10,51.5,78.6,39.3113
8474066,Thomas Hickey,D,NYI,2015-11,18.0,27.5,39.3113
8474066,Thomas Hickey,D,NYI,2015-12,129.5,197.7,39.3113
8474066,Thomas Hickey,D,NYI,2016-01,124.5,190.0,39.3113
8474066,Thomas Hickey,D,NYI,2016-02,159.5,243.4,39.3113
8474066,Thomas Hickey,D,NYI,2016-03,152.5,232.8,39.3113
8474066,Thomas Hickey,D,NYI,2016-04,71.5,109.1,39.3113
8474068,Kyle Turris,C,OTT,2015-10,152.0,228.4,39.9316
8474068,Kyle Turris,C,OTT,2015-11,146.5,220.1,39.9316
8474068,Kyle Turris,C,OTT,2015-12,225.5,338.8,39.9316
8474068,Kyle Turris,C,OTT,2016-01,101.0,151.8,39.9316
8474068,Kyle Turris,C,OTT,2016-02,122.5,184.1,39.9316
8474074,Paul Postma,D,WPG,2015-11,13.5,30.7,26.3962
8474074,Paul Postma,D,WPG,2016-02,7.5,17.0,26.3962
8474074,Paul Postma,D,WPG,2016-03,81.5,185.3,26.3962
8474074,Paul Postma,D,WPG,2016-04,28.5,64.8,26.3962
8474089,Brad Malone,C,CAR,2015-10,74.0,64.3,69.0035
8474089,Brad Malone,C,CAR,2015-11,93.5,81.3,69.0035
8474089,Brad Malone,C,CAR,2015-12,112.0,97.4,69.0035
8474089,Brad Malone,C,CAR,2016-01,131.5,114.3,69.0035
8474089,Brad Malone,C,CAR,2016-02,42.0,36.5,69.0035
8474089,Brad Malone,C,CAR,2016-03,134.0,116.5,69.0035
8474089,Brad Malone,C,CAR,2016-04,39.0,33.9,69.0035
8474090,Brendan Smith,D,DET,2015-10,83.0,131.7,37.8179
8474090,Brendan Smith,D,DET,2015-11,51.5,81.7,37.8179
8474090,Brendan Smith,D,DET,2015-12,175.5,278.4,37.8179
8474090,Brendan Smith,D,DET,2016-01,103.0,163.4,37.8179
8474090,Brendan Smith,D,DET,2016-02,153.0,242.7,37.8179
8474090,Brendan Smith,D,DET,2016-03,133.0,211.0,37.8179
8474091,Brandon Sutter,C,VAN,2015-10,138.5,190.4,43.6403
8474091,Brandon Sutter,C,VAN,2015-11,80.5,110.7,43.6403
8474091,Brandon Sutter,C,VAN,2016-01,23.0,31.6,43.6403
8474091,Brandon Sutter,C,VAN,2016-02,19.5,26.8,43.6403
8474094,Matt Halischuk,R,WPG,2015-12,35.5,50.6,42.106
8474094,Matt Halischuk,R,WPG,2016-01,60.0,85.5,42.106
8474094,Matt Halischuk,R,WPG,2016-02,6.0,8.5,42.106
8474094,Matt Halischuk,R,WPG,2016-03,76.0,108.3,42.106
8474094,Matt Halischuk,R,WPG,2016-04,21.5,30.6,42.106
8474096,Nick Spaling,C,SJS,2015-10,125.0,143.5,52.2782
8474096,Nick Spaling,C,SJS,2015-11,184.5,211.8,52.2782
8474096,Nick Spaling,C,SJS,2015-12,76.5,87.8,52.2782
8474096,Nick Spaling,C,SJS,2016-01,22.0,25.2,52.2782
8474096,Nick Spaling,C,SJS,2016-02,157.5,180.8,52.2782
8474096,Nick Spaling,C,SJS,2016-03,119.0,136.6,52.2782
8474096,Nick Spaling,C,SJS,2016-04,37.0,42.5,52.2782
8474098,Colton Sceviour,C,DAL,2015-10,91.0,117.4,46.4938
8474098,Colton Sceviour,C,DAL,2015-11,110.0,142.0,46.4938
8474098,Colton Sceviour,C,DAL,2015-12,146.5,189.1,46.4938
8474098,Colton Sceviour,C,DAL,2016-01,90.0,116.1,46.4938
8474098,Colton Sceviour,C,DAL,2016-02,88.0,113.6,46.4938
8474098,Colton Sceviour,C,DAL,2016-03,134.5,173.6,46.4938
8474098,Colton Sceviour,C,DAL,2016-04,37.5,48.4,46.4938
8474100,Dwight King,L,LAK,2015-12,9.5,18.4,30.9926
8474100,Dwight King,L,LAK,2016-01,80.0,154.9,30.9926
8474100,Dwight King,L,LAK,2016-02,121.5,235.2,30.9926
8474100,Dwight King,L,LAK,2016-03,121.0,234.2,30.9926
8474100,Dwight King,L,LAK,2016-04,18.5,35.8,30.9926
8474102,David Perron,L,ANA,2015-10,164.0,180.8,54.4394
8474102,David Perron,L,ANA,2015-11,153.0,168.6,54.4394
8474102,David Perron,L,ANA,2015-12,222.5,245.2,54.4394
8474102,David Perron,L,ANA,2016-01,154.5,170.3,54.4394
8474102,David Perron,L,ANA,2016-02,182.5,201.1,54.4394
8474102,David Perron,L,ANA,2016-03,103.5,114.1,54.4394
8474113,TJ Brennan,D,TOR,2016-03,14.5,29.5,29.5231
8474113,TJ Brennan,D,TOR,2016-04,37.5,76.2,29.5231
8474125,Carl Gunnarsson,D,STL,2015-10,133.5,198.9,40.2771
8474125,Carl Gunnarsson,D,STL,2015-11,163.5,243.6,40.2771
8474125,Carl Gunnarsson,D,STL,2015-12,177.5,264.4,40.2771
8474125,Carl Gunnarsson,D,STL,2016-01,79.0,117.7,40.2771
8474125,Carl Gunnarsson,D,STL,2016-02,164.0,244.3,40.2771
8474125,Carl Gunnarsson,D,STL,2016-03,93.0,138.5,40.2771
8474125,Carl Gunnarsson,D,STL,2016-04,29.5,43.9,40.2771
8474134,Yannick Weber,D,VAN,2015-10,40.0,84.0,28.5714
8474134,Yannick Weber,D,VAN,2015-11,105.0,220.5,28.5714
8474134,Yannick Weber,D,VAN,2015-12,105.5,221.6,28.5714
8474134,Yannick Weber,D,VAN,2016-01,52.5,110.2,28.5714
8474134,Yannick Weber,D,VAN,2016-02,25.0,52.5,28.5714
8474134,Yannick Weber,D,VAN,2016-03,75.5,158.6,28.5714
8474138,Dustin Jeffrey,C,ARI,2015-11,25.5,64.6,23.6694
8474138,Dustin Jeffrey,C,ARI,2015-12,6.0,15.2,23.6694
8474141,Patrick Kane,R,CHI,2015-10,91.0,220.2,24.7901
8474141,Patrick Kane,R,CHI,2015-11,79.5,192.4,24.7901
8474141,Patrick Kane,R,CHI,2015-12,179.5,434.4,24.7901
8474141,Patrick Kane,R,CHI,2016-01,107.0,259.0,24.7901
8474141,Patrick Kane,R,CHI,2016-02,109.0,263.8,24.7901
8474141,Patrick Kane,R,CHI,2016-03,79.0,191.2,24.7901
8474141,Patrick Kane,R,CHI,2016-04,46.5,112.5,24.7901
8474145,Robert Bortuzzo,D,STL,2015-10,110.5,96.8,68.5042
8474145,Robert Bortuzzo,D,STL,2015-11,53.5,46.9,68.5042
8474145,Robert Bortuzzo,D,STL,2015-12,100.5,88.0,68.5042
8474145,Robert Bortuzzo,D,STL,2016-01,55.0,48.2,68.5042
8474145,Robert Bortuzzo,D,STL,2016-02,148.0,129.6,68.5042
8474145,Robert Bortuzzo,D,STL,2016-03,87.5,76.6,68.5042
8474145,Robert Bortuzzo,D,STL,2016-04,51.0,44.7,68.5042
8474150,Mikael Backlund,C,CGY,2015-10,166.0,203.9,48.8576
8474150,Mikael Backlund,C,CGY,2015-11,120.5,148.0,48.8576
8474150,Mikael Backlund,C,CGY,2015-12,182.0,223.5,48.8576
8474150,Mikael Backlund,C,CGY,2016-01,178.5,219.2,48.8576
8474150,Mikael Backlund,C,CGY,2016-02,212.5,261.0,48.8576
8474150,Mikael Backlund,C,CGY,2016-03,188.5,231.5,48.8576
8474150,Mikael Backlund,C,CGY,2016-04,49.0,60.2,48.8576
8474151,Ryan McDonagh,D,NYR,2015-10,146.0,243.8,35.9253
8474151,Ryan McDonagh,D,NYR,2015-11,195.5,326.5,35.9253
8474151,Ryan McDonagh,D,NYR,2015-12,192.5,321.5,35.9253
8474151,Ryan McDonagh,D,NYR,2016-01,162.5,271.4,35.9253
8474151,Ryan McDonagh,D,NYR,2016-02,78.5,131.1,35.9253
8474151,Ryan McDonagh,D,NYR,2016-03,177.5,296.4,35.9253
8474151,Ryan McDonagh,D,NYR,2016-04,24.5,40.9,35.9253
8474152,Scott Darling,G,CHI,2015-10,-5.0,0.0,0.0
8474152,Scott Darling,G,CHI,2015-11,-2.5,0.0,0.0
8474152,Scott Darling,G,CHI,2016-01,-7.5,0.0,0.0
8474152,Scott Darling,G,CHI,2016-02,-2.5,0.0,0.0
8474152,Scott Darling,G,CHI,2016-03,-5.0,0.0,0.0
8474152,Scott Darling,G,CHI,2016-04,-7.5,0.0,0.0
8474157,Max Pacioretty,L,MTL,2015-10,108.0,198.5,32.6415
8474157,Max Pacioretty,L,MTL,2015-11,146.5,269.3,32.6415
8474157,Max Pacioretty,L,MTL,2015-12,150.5,276.6,32.6415
8474157,Max Pacioretty,L,MTL,2016-01,97.5,179.2,32.6415
8474157,Max Pacioretty,L,MTL,2016-02,128.0,235.3,32.6415
8474157,Max Pacioretty,L,MTL,2016-03,167.0,307.0,32.6415
8474157,Max Pacioretty,L,MTL,2016-04,29.0,53.3,32.6415
8474161,Jakub Voracek,R,PHI,2015-10,88.0,190.0,27.7937
8474161,Jakub Voracek,R,PHI,2015-11,111.0,239.6,27.7937
8474161,Jakub Voracek,R,PHI,2015-12,124.0,267.7,27.7937
8474161,Jakub Voracek,R,PHI,2016-01,127.5,275.2,27.7937
8474161,Jakub Voracek,R,PHI,2016-02,101.0,218.0,27.7937
8474161,Jakub Voracek,R,PHI,2016-03,50.0,107.9,27.7937
8474161,Jakub Voracek,R,PHI,2016-04,27.0,58.3,27.7937
8474162,Jake Muzzin,D,LAK,2015-10,129.5,191.8,40.5182
8474162,Jake Muzzin,D,LAK,2015-11,190.0,281.4,40.5182
8474162,Jake Muzzin,D,LAK,2015-12,219.5,325.0,40.5182
8474162,Jake Muzzin,D,LAK,2016-01,153.0,226.6,40.5182
8474162,Jake Muzzin,D,LAK,2016-02,258.0,382.1,40.5182
8474162,Jake Muzzin,D,LAK,2016-03,255.5,378.3,40.5182
8474162,Jake Muzzin,D,LAK,2016-04,71.5,105.9,40.5182
8474166,Alec Martinez,D,LAK,2015-10,152.0,193.6,47.098
8474166,Alec Martinez,D,LAK,2015-11,205.0,261.2,47.098
8474166,Alec Martinez,D,LAK,2015-12,266.5,339.5,47.098
8474166,Alec Martinez,D,LAK,2016-01,176.0,224.2,47.098
8474166,Alec Martinez,D,LAK,2016-02,206.0,262.4,47.098
8474166,Alec Martinez,D,LAK,2016-03,266.5,339.5,47.098
8474166,Alec Martinez,D,LAK,2016-04,23.0,29.3,47.098
8474168,Joakim Andersson,C,DET,2015-10,35.5,61.1,34.8651
8474168,Joakim Andersson,C,DET,2015-11,26.5,45.6,34.8651
8474168,Joakim Andersson,C,DET,2015-12,63.5,109.3,34.8651
8474168,Joakim Andersson,C,DET,2016-01,17.5,30.1,34.8651
8474168,Joakim Andersson,C,DET,2016-02,7.5,12.9,34.8651
8474168,Joakim Andersson,C,DET,2016-04,1.5,2.6,34.8651
8474176,Carl Hagelin,L,PIT,2015-10,89.5,161.0,33.3532
8474176,Carl Hagelin,L,PIT,2015-11,118.5,213.2,33.3532
8474176,Carl Hagelin,L,PIT,2015-12,70.0,125.9,33.3532
8474176,Carl Hagelin,L,PIT,2016-01,115.0,206.9,33.3532
8474176,Carl Hagelin,L,PIT,2016-02,107.5,193.4,33.3532
8474176,Carl Hagelin,L,PIT,2016-03,162.5,292.3,33.3532
8474176,Carl Hagelin,L,PIT,2016-04,35.5,63.9,33.3532
8474189,Lars Eller,C,MTL,2015-10,136.0,157.2,51.8949
8474189,Lars Eller,C,MTL,2015-11,142.0,164.2,51.8949
8474189,Lars Eller,C,MTL,2015-12,178.0,205.8,51.8949
8474189,Lars Eller,C,MTL,2016-01,198.5,229.5,51.8949
8474189,Lars Eller,C,MTL,2016-02,196.5,227.2,51.8949
8474189,Lars Eller,C,MTL,2016-03,150.5,174.0,51.8949
8474189,Lars Eller,C,MTL,2016-04,41.0,47.4,51.8949
8474190,Wayne Simmonds,R,PHI,2015-10,125.5,126.4,59.55
8474190,Wayne Simmonds,R,PHI,2015-11,230.5,232.2,59.55
8474190,Wayne Simmonds,R,PHI,2015-12,222.5,224.2,59.55
8474190,Wayne Simmonds,R,PHI,2016-01,195.0,196.5,59.55
8474190,Wayne Simmonds,R,PHI,2016-02,293.0,295.2,59.55
8474190,Wayne Simmonds,R,PHI,2016-03,198.0,199.5,59.55
8474190,Wayne Simmonds,R,PHI,2016-04,121.0,121.9,59.55
8474207,Nick Holden,D,COL,2015-10,174.5,240.0,43.6239
8474207,Nick Holden,D,COL,2015-11,242.5,333.5,43.6239
8474207,Nick Holden,D,COL,2015-12,223.0,306.7,43.6239
8474207,Nick Holden,D,COL,2016-01,235.0,323.2,43.6239
8474207,Nick Holden,D,COL,2016-02,172.5,237.3,43.6239
8474207,Nick Holden,D,COL,2016-03,192.5,264.8,43.6239
8474207,Nick Holden,D,COL,2016-04,64.5,88.7,43.6239
8474218,Jason Demers,D,DAL,2015-10,107.5,188.5,34.2242
8474218,Jason Demers,D,DAL,2015-11,148.0,259.5,34.2242
8474218,Jason Demers,D,DAL,2015-12,123.5,216.5,34.2242
8474218,Jason Demers,D,DAL,2016-01,148.0,259.5,34.2242
8474218,Jason Demers,D,DAL,2016-02,130.5,228.8,34.2242
8474218,Jason Demers,D,DAL,2016-03,66.5,116.6,34.2242
8474218,Jason Demers,D,DAL,2016-04,14.0,24.5,34.2242
8474230,Micheal Haley,C,SJS,2015-10,12.5,7.3,102.2277
8474230,Micheal Haley,C,SJS,2015-11,76.5,44.9,102.2277
8474230,Micheal Haley,C,SJS,2015-12,3.5,2.1,102.2277
8474230,Micheal Haley,C,SJS,2016-03,83.5,49.0,102.2277
8474230,Micheal Haley,C,SJS,2016-04,17.5,10.3,102.2277
8474250,Zack Smith,C,OTT,2015-10,149.5,136.9,65.5133
8474250,Zack Smith,C,OTT,2015-11,194.0,177.7,65.5133
8474250,Zack Smith,C,OTT,2015-12,225.5,206.5,65.5133
8474250,Zack Smith,C,OTT,2016-01,183.0,167.6,65.5133
8474250,Zack Smith,C,OTT,2016-02,279.0,255.5,65.5133
8474250,Zack Smith,C,OTT,2016-03,260.0,238.1,65.5133
8474250,Zack Smith,C,OTT,2016-04,71.0,65.0,65.5133
8474291,Jay Beagle,C,WSH,2015-10,132.5,137.9,57.6403
8474291,Jay Beagle,C,WSH,2015-11,163.5,170.2,57.6403
8474291,Jay Beagle,C,WSH,2015-12,222.5,231.6,57.6403
8474291,Jay Beagle,C,WSH,2016-02,6.0,6.2,57.6403
8474291,Jay Beagle,C,WSH,2016-03,177.0,184.2,57.6403
8474291,Jay Beagle,C,WSH,2016-04,66.0,68.7,57.6403
8474497,Michael Kostka,D,OTT,2016-03,84.5,162.2,31.25
8474497,Michael Kostka,D,OTT,2016-04,31.5,60.5,31.25
8474516,Bryan Lerg,L,SJS,2015-10,33.0,26.2,75.493
8474516,Bryan Lerg,L,SJS,2015-11,34.0,27.0,75.493
8474520,Jason Garrison,D,TBL,2015-10,143.0,262.2,32.722
8474520,Jason Garrison,D,TBL,2015-11,121.5,222.8,32.722
8474520,Jason Garrison,D,TBL,2015-12,156.0,286.0,32.722
8474520,Jason Garrison,D,TBL,2016-01,112.5,206.3,32.722
8474520,Jason Garrison,D,TBL,2016-02,20.0,36.7,32.722
8474520,Jason Garrison,D,TBL,2016-03,129.5,237.5,32.722
8474520,Jason Garrison,D,TBL,2016-04,42.5,77.9,32.722
8474550,Antti Niemi,G,DAL,2015-10,-5.0,0.0,0.0
8474550,Antti Niemi,G,DAL,2015-11,3.0,0.0,0.0
8474550,Antti Niemi,G,DAL,2015-12,-2.0,0.0,0.0
8474550,Antti Niemi,G,DAL,2016-01,5.5,0.0,0.0
8474550,Antti Niemi,G,DAL,2016-02,-5.0,0.0,0.0
8474550,Antti Niemi,G,DAL,2016-03,-2.5,0.0,0.0
8474554,Eric Selleck,L,ARI,2016-03,12.5,9.6,78.534
8474563,Drew Doughty,D,LAK,2015-10,92.0,224.9,24.5487
8474563,Drew Doughty,D,LAK,2015-11,171.5,419.2,24.5487
8474563,Drew Doughty,D,LAK,2015-12,139.5,341.0,24.5487
8474563,Drew Doughty,D,LAK,2016-01,146.5,358.1,24.5487
8474563,Drew Doughty,D,LAK,2016-02,158.5,387.4,24.5487
8474563,Drew Doughty,D,LAK,2016-03,178.5,436.3,24.5487
8474563,Drew Doughty,D,LAK,2016-04,53.5,130.8,24.5487
8474564,Steven Stamkos,C,TBL,2015-10,149.0,195.6,45.7169
8474564,Steven Stamkos,C,TBL,2015-11,179.5,235.6,45.7169
8474564,Steven Stamkos,C,TBL,2015-12,183.5,240.8,45.7169
8474564,Steven Stamkos,C,TBL,2016-01,135.0,177.2,45.7169
8474564,Steven Stamkos,C,TBL,2016-02,229.0,300.5,45.7169
8474564,Steven Stamkos,C,TBL,2016-03,283.0,371.4,45.7169
8474565,Alex Pietrangelo,D,STL,2015-10,132.5,257.3,30.9022
8474565,Alex Pietrangelo,D,STL,2015-11,183.5,356.3,30.9022
8474565,Alex Pietrangelo,D,STL,2015-12,231.5,449.5,30.9022
8474565,Alex Pietrangelo,D,STL,2016-01,177.5,344.6,30.9022
8474565,Alex Pietrangelo,D,STL,2016-02,54.0,104.8,30.9022
8474565,Alex Pietrangelo,D,STL,2016-03,173.5,336.9,30.9022
8474565,Alex Pietrangelo,D,STL,2016-04,36.5,70.9,30.9022
8474567,Zach Bogosian,D,BUF,2015-11,98.5,176.3,33.5186
8474567,Zach Bogosian,D,BUF,2015-12,154.0,275.7,33.5186
8474567,Zach Bogosian,D,BUF,2016-01,183.0,327.6,33.5186
8474567,Zach Bogosian,D,BUF,2016-02,151.5,271.2,33.5186
8474567,Zach Bogosian,D,BUF,2016-03,173.0,309.7,33.5186
8474567,Zach Bogosian,D,BUF,2016-04,39.0,69.8,33.5186
8474568,Luke Schenn,D,LAK,2015-10,73.0,73.4,59.7093
8474568,Luke Schenn,D,LAK,2015-11,212.5,213.5,59.7093
8474568,Luke Schenn,D,LAK,2015-12,104.5,105.0,59.7093
8474568,Luke Schenn,D,LAK,2016-01,210.5,211.5,59.7093
8474568,Luke Schenn,D,LAK,2016-02,288.0,289.4,59.7093
8474568,Luke Schenn,D,LAK,2016-03,240.5,241.7,59.7093
8474568,Luke Schenn,D,LAK,2016-04,130.0,130.6,59.7093
8474569,Colin Wilson,C,NSH,2015-10,83.5,154.2,32.4896
8474569,Colin Wilson,C,NSH,2015-11,103.0,190.2,32.4896
8474569,Colin Wilson,C,NSH,2015-12,112.0,206.8,32.4896
8474569,Colin Wilson,C,NSH,2016-01,29.0,53.6,32.4896
8474569,Colin Wilson,C,NSH,2016-02,72.5,133.9,32.4896
8474569,Colin Wilson,C,NSH,2016-03,72.5,133.9,32.4896
8474569,Colin Wilson,C,NSH,2016-04,28.5,52.6,32.4896
8474570,Cody Hodgson,C,NSH,2015-10,63.5,126.3,30.1734
8474570,Cody Hodgson,C,NSH,2015-11,40.5,80.5,30.1734
8474570,Cody Hodgson,C,NSH,2015-12,71.0,141.2,30.1734
8474570,Cody Hodgson,C,NSH,2016-01,35.5,70.6,30.1734
8474571,Mikkel Boedker,L,COL,2015-10,80.5,194.5,24.8322
8474571,Mikkel Boedker,L,COL,2015-11,123.0,297.2,24.8322
8474571,Mikkel Boedker,L,COL,2015-12,109.5,264.6,24.8322
8474571,Mikkel Boedker,L,COL,2016-01,65.0,157.1,24.8322
8474571,Mikkel Boedker,L,COL,2016-02,111.5,269.4,24.8322
8474571,Mikkel Boedker,L,COL,2016-03,105.0,253.7,24.8322
8474571,Mikkel Boedker,L,COL,2016-04,19.0,45.9,24.8322
8474573,Josh Bailey,C,NYI,2015-10,99.5,279.5,21.3585
8474573,Josh Bailey,C,NYI,2015-11,80.5,226.1,21.3585
8474573,Josh Bailey,C,NYI,2015-12,57.5,161.5,21.3585
8474573,Josh Bailey,C,NYI,2016-01,24.0,67.4,21.3585
8474573,Josh Bailey,C,NYI,2016-02,69.5,195.2,21.3585
8474573,Josh Bailey,C,NYI,2016-03,93.5,262.7,21.3585
8474573,Josh Bailey,C,NYI,2016-04,32.5,91.3,21.3585
8474574,Tyler Myers,D,WPG,2015-10,119.5,264.7,27.0905
8474574,Tyler Myers,D,WPG,2015-11,144.0,318.9,27.0905
8474574,Tyler Myers,D,WPG,2015-12,128.0,283.5,27.0905
8474574,Tyler Myers,D,WPG,2016-01,115.0,254.7,27.0905
8474574,Tyler Myers,D,WPG,2016-02,135.0,299.0,27.0905
8474574,Tyler Myers,D,WPG,2016-03,104.0,230.3,27.0905
8474577,Joe Colborne,C,CGY,2015-10,169.0,230.6,43.9806
8474577,Joe Colborne,C,CGY,2015-11,110.0,150.1,43.9806
8474577,Joe Colborne,C,CGY,2015-12,124.0,169.2,43.9806
8474577,Joe Colborne,C,CGY,2016-01,93.0,126.9,43.9806
8474577,Joe Colborne,C,CGY,2016-02,114.5,156.2,43.9806
8474577,Joe Colborne,C,CGY,2016-03,161.0,219.6,43.9806
8474577,Joe Colborne,C,CGY,2016-04,40.0,54.6,43.9806
8474578,Erik Karlsson,D,OTT,2015-10,127.5,256.5,29.8242
8474578,Erik Karlsson,D,OTT,2015-11,154.5,310.8,29.8242
8474578,Erik Karlsson,D,OTT,2015-12,234.5,471.8,29.8242
8474578,Erik Karlsson,D,OTT,2016-01,181.0,364.1,29.8242
8474578,Erik Karlsson,D,OTT,2016-02,199.0,400.3,29.8242
8474578,Erik Karlsson,D,OTT,2016-03,222.0,446.6,29.8242
8474578,Erik Karlsson,D,OTT,2016-04,62.5,125.7,29.8242
8474579,Luca Sbisa,D,VAN,2015-10,157.5,198.6,47.587
8474579,Luca Sbisa,D,VAN,2015-11,85.0,107.2,47.587
8474579,Luca Sbisa,D,VAN,2015-12,22.5,28.4,47.587
8474579,Luca Sbisa,D,VAN,2016-01,78.5,99.0,47.587
8474579,Luca Sbisa,D,VAN,2016-02,134.5,169.6,47.587
8474579,Luca Sbisa,D,VAN,2016-03,87.0,109.7,47.587
8474581,Jake Gardiner,D,TOR,2015-10,53.5,122.8,26.1502
8474581,Jake Gardiner,D,TOR,2015-11,134.5,308.6,26.1502
8474581,Jake Gardiner,D,TOR,2015-12,99.0,227.1,26.1502
8474581,Jake Gardiner,D,TOR,2016-01,95.5,219.1,26.1502
8474581,Jake Gardiner,D,TOR,2016-02,142.5,327.0,26.1502
8474581,Jake Gardiner,D,TOR,2016-03,123.5,283.4,26.1502
8474581,Jake Gardiner,D,TOR,2016-04,61.5,141.1,26.1502
8474584,Michael Del Zotto,D,PHI,2015-10,155.5,206.3,45.2167
8474584,Michael Del Zotto,D,PHI,2015-11,221.5,293.9,45.2167
8474584,Michael Del Zotto,D,PHI,2015-12,183.0,242.8,45.2167
8474584,Michael Del Zotto,D,PHI,2016-01,181.0,240.2,45.2167
8474584,Michael Del Zotto,D,PHI,2016-02,176.5,234.2,45.2167
8474586,Jordan Eberle,C,EDM,2015-11,102.0,225.2,27.1738
8474586,Jordan Eberle,C,EDM,2015-12,79.0,174.4,27.1738
8474586,Jordan Eberle,C,EDM,2016-01,56.0,123.6,27.1738
8474586,Jordan Eberle,C,EDM,2016-02,166.5,367.6,27.1738
8474586,Jordan Eberle,C,EDM,2016-03,124.5,274.9,27.1738
8474586,Jordan Eberle,C,EDM,2016-04,30.0,66.2,27.1738
8474588,Viktor Tikhonov,R,ARI,2015-10,96.0,125.9,45.7567
8474588,Viktor Tikhonov,R,ARI,2015-11,24.5,32.1,45.7567
8474588,Viktor Tikhonov,R,ARI,2015-12,89.0,116.7,45.7567
8474588,Viktor Tikhonov,R,ARI,2016-01,59.0,77.4,45.7567
8474588,Viktor Tikhonov,R,ARI,2016-02,61.0,80.0,45.7567
8474588,Viktor Tikhonov,R,ARI,2016-03,72.5,95.1,45.7567
8474588,Viktor Tikhonov,R,ARI,2016-04,34.0,44.6,45.7567
8474589,Tyler Ennis,C,BUF,2015-10,93.5,188.6,29.7423
8474589,Tyler Ennis,C,BUF,2015-11,89.5,180.6,29.7423
8474589,Tyler Ennis,C,BUF,2015-12,23.0,46.4,29.7423
8474590,John Carlson,D,WSH,2015-10,89.0,185.4,28.7957
8474590,John Carlson,D,WSH,2015-11,145.0,302.1,28.7957
8474590,John Carlson,D,WSH,2015-12,208.5,434.4,28.7957
8474590,John Carlson,D,WSH,2016-01,10.0,20.8,28.7957
8474590,John Carlson,D,WSH,2016-02,85.5,178.2,28.7957
8474590,John Carlson,D,WSH,2016-03,61.5,128.1,28.7957
8474590,John Carlson,D,WSH,2016-04,37.5,78.1,28.7957
8474593,Jacob Markstrom,G,VAN,2015-11,-15.0,0.0,0.0
8474593,Jacob Markstrom,G,VAN,2015-12,-5.0,0.0,0.0
8474593,Jacob Markstrom,G,VAN,2016-01,3.5,0.0,0.0
8474593,Jacob Markstrom,G,VAN,2016-02,-2.5,0.0,0.0
8474593,Jacob Markstrom,G,VAN,2016-03,-1.5,0.0,0.0
8474593,Jacob Markstrom,G,VAN,2016-04,5.5,0.0,0.0
8474596,Jake Allen,G,STL,2015-10,-7.5,0.0,0.0
8474596,Jake Allen,G,STL,2015-11,-12.5,0.0,0.0
8474596,Jake Allen,G,STL,2015-12,-17.5,0.0,0.0
8474596,Jake Allen,G,STL,2016-01,-2.5,0.0,0.0
8474596,Jake Allen,G,STL,2016-03,-10.0,0.0,0.0
8474596,Jake Allen,G,STL,2016-04,-2.5,0.0,0.0
8474597,Cody Goloubef,D,CBJ,2015-10,92.5,182.0,30.4866
8474597,Cody Goloubef,D,CBJ,2015-11,67.0,131.9,30.4866
8474597,Cody Goloubef,D,CBJ,2016-01,60.0,118.1,30.4866
8474597,Cody Goloubef,D,CBJ,2016-02,64.5,126.9,30.4866
8474597,Cody Goloubef,D,CBJ,2016-03,46.5,91.5,30.4866
8474600,Roman Josi,D,NSH,2015-10,153.0,289.1,31.7553
8474600,Roman Josi,D,NSH,2015-11,216.0,408.1,31.7553
8474600,Roman Josi,D,NSH,2015-12,219.0,413.8,31.7553
8474600,Roman Josi,D,NSH,2016-01,124.0,234.3,31.7553
8474600,Roman Josi,D,NSH,2016-02,145.0,274.0,31.7553
8474600,Roman Josi,D,NSH,2016-03,201.5,380.7,31.7553
8474600,Roman Josi,D,NSH,2016-04,34.0,64.2,31.7553
8474602,Justin Schultz,D,PIT,2015-10,90.0,190.3,28.373
8474602,Justin Schultz,D,PIT,2015-11,29.5,62.4,28.373
8474602,Justin Schultz,D,PIT,2015-12,102.0,215.7,28.373
8474602,Justin Schultz,D,PIT,2016-01,136.5,288.7,28.373
8474602,Justin Schultz,D,PIT,2016-02,60.5,127.9,28.373
8474602,Justin Schultz,D,PIT,2016-03,101.5,214.6,28.373
8474602,Justin Schultz,D,PIT,2016-04,29.5,62.4,28.373
8474604,Aaron Ness,D,WSH,2016-01,51.0,99.1,30.8779
8474605,Patrick Wiercioch,D,OTT,2015-10,94.5,184.2,30.7745
8474605,Patrick Wiercioch,D,OTT,2015-11,56.5,110.2,30.7745
8474605,Patrick Wiercioch,D,OTT,2015-12,99.0,193.0,30.7745
8474605,Patrick Wiercioch,D,OTT,2016-01,126.0,245.7,30.7745
8474605,Patrick Wiercioch,D,OTT,2016-02,66.5,129.7,30.7745
8474605,Patrick Wiercioch,D,OTT,2016-03,20.0,39.0,30.7745
8474610,Zac Dalpe,C,MIN,2016-04,13.0,20.5,38.0488
8474612,Travis Hamonic,D,NYI,2015-10,228.5,341.9,40.1038
8474612,Travis Hamonic,D,NYI,2015-11,254.5,380.8,40.1038
8474612,Travis Hamonic,D,NYI,2015-12,188.5,282.0,40.1038
8474612,Travis Hamonic,D,NYI,2016-01,77.5,115.9,40.1038
8474612,Travis Hamonic,D,NYI,2016-02,170.0,254.3,40.1038
8474612,Travis Hamonic,D,NYI,2016-03,227.5,340.4,40.1038
8474613,Derek Stepan,C,NYR,2015-10,152.5,189.5,48.2955
8474613,Derek Stepan,C,NYR,2015-11,129.5,160.9,48.2955
8474613,Derek Stepan,C,NYR,2015-12,52.5,65.2,48.2955
8474613,Derek Stepan,C,NYR,2016-01,196.5,244.1,48.2955
8474613,Derek Stepan,C,NYR,2016-02,218.5,271.5,48.2955
8474613,Derek Stepan,C,NYR,2016-03,204.5,254.1,48.2955
8474613,Derek Stepan,C,NYR,2016-04,75.0,93.2,48.2955
8474616,Patrice Cormier,C,WPG,2015-11,3.0,9.0,20.0445
8474618,Marco Scandella,D,MIN,2015-10,101.5,189.1,32.2017
8474618,Marco Scandella,D,MIN,2015-11,70.5,131.4,32.2017
8474618,Marco Scandella,D,MIN,2015-12,157.0,292.5,32.2017
8474618,Marco Scandella,D,MIN,2016-01,115.0,214.3,32.2017
8474618,Marco Scandella,D,MIN,2016-02,136.5,254.3,32.2017
8474618,Marco Scandella,D,MIN,2016-03,201.5,375.4,32.2017
8474618,Marco Scandella,D,MIN,2016-04,29.0,54.0,32.2017
8474625,Jimmy Hayes,R,BOS,2015-10,129.5,163.8,47.4455
8474625,Jimmy Hayes,R,BOS,2015-11,101.0,127.7,47.4455
8474625,Jimmy Hayes,R,BOS,2015-12,155.5,196.6,47.4455
8474625,Jimmy Hayes,R,BOS,2016-01,141.0,178.3,47.4455
8474625,Jimmy Hayes,R,BOS,2016-02,151.5,191.6,47.4455
8474625,Jimmy Hayes,R,BOS,2016-03,134.5,170.1,47.4455
8474625,Jimmy Hayes,R,BOS,2016-04,7.0,8.9,47.4455
8474627,Jori Lehtera,C,STL,2015-10,97.5,165.2,35.4183
8474627,Jori Lehtera,C,STL,2015-11,88.0,149.1,35.4183
8474627,Jori Lehtera,C,STL,2015-12,164.0,277.8,35.4183
8474627,Jori Lehtera,C,STL,2016-01,127.0,215.1,35.4183
8474627,Jori Lehtera,C,STL,2016-02,103.5,175.3,35.4183
8474627,Jori Lehtera,C,STL,2016-03,113.5,192.3,35.4183
8474627,Jori Lehtera,C,STL,2016-04,56.5,95.7,35.4183
8474628,Michael Stone,D,ARI,2015-10,143.0,192.5,44.5643
8474628,Michael Stone,D,ARI,2015-11,152.5,205.3,44.5643
8474628,Michael Stone,D,ARI,2015-12,247.0,332.6,44.5643
8474628,Michael Stone,D,ARI,2016-01,204.0,274.7,44.5643
8474628,Michael Stone,D,ARI,2016-02,289.5,389.8,44.5643
8474628,Michael Stone,D,ARI,2016-03,215.5,290.1,44.5643
8474636,Michael Hutchinson,G,WPG,2015-10,-5.0,0.0,0.0
8474636,Michael Hutchinson,G,WPG,2015-11,-12.5,0.0,0.0
8474636,Michael Hutchinson,G,WPG,2015-12,-2.5,0.0,0.0
8474636,Michael Hutchinson,G,WPG,2016-01,-5.0,0.0,0.0
8474636,Michael Hutchinson,G,WPG,2016-02,-12.5,0.0,0.0
8474636,Michael Hutchinson,G,WPG,2016-03,-5.0,0.0,0.0
8474636,Michael Hutchinson,G,WPG,2016-04,-2.5,0.0,0.0
8474638,Andrew Campbell,D,TOR,2016-03,8.5,8.0,63.4532
8474638,Andrew Campbell,D,TOR,2016-04,65.0,61.5,63.4532
8474641,Adam Henrique,C,NJD,2015-10,164.0,210.9,46.661
8474641,Adam Henrique,C,NJD,2015-11,165.5,212.8,46.661
8474641,Adam Henrique,C,NJD,2015-12,234.0,300.9,46.661
8474641,Adam Henrique,C,NJD,2016-01,177.0,227.6,46.661
8474641,Adam Henrique,C,NJD,2016-02,158.0,203.2,46.661
8474641,Adam Henrique,C,NJD,2016-03,270.5,347.8,46.661
8474641,Adam Henrique,C,NJD,2016-04,64.5,82.9,46.661
8474642,Lance Bouma,L,CGY,2015-10,40.0,36.0,66.6201
8474642,Lance Bouma,L,CGY,2015-12,44.5,40.1,66.6201
8474642,Lance Bouma,L,CGY,2016-01,94.0,84.7,66.6201
8474642,Lance Bouma,L,CGY,2016-02,156.5,140.9,66.6201
8474642,Lance Bouma,L,CGY,2016-03,224.0,201.7,66.6201
8474642,Lance Bouma,L,CGY,2016-04,29.0,26.1,66.6201
8474651,Braden Holtby,G,WSH,2015-10,-7.5,0.0,0.0
8474651,Braden Holtby,G,WSH,2015-11,-4.5,0.0,0.0
8474651,Braden Holtby,G,WSH,2015-12,-15.0,0.0,0.0
8474651,Braden Holtby,G,WSH,2016-01,-15.0,0.0,0.0
8474651,Braden Holtby,G,WSH,2016-02,-12.5,0.0,0.0
8474651,Braden Holtby,G,WSH,2016-03,9.0,0.0,0.0
8474651,Braden Holtby,G,WSH,2016-04,-5.0,0.0,0.0
8474660,David Warsofsky,D,NJD,2015-12,59.5,166.0,21.5014
8474660,David Warsofsky,D,NJD,2016-01,-1.0,-2.8,0.0
8474660,David Warsofsky,D,NJD,2016-03,76.5,213.5,21.5014
8474661,Michal Jordan,D,CAR,2015-10,84.5,147.4,34.3874
8474661,Michal Jordan,D,CAR,2015-11,20.0,34.9,34.3874
8474661,Michal Jordan,D,CAR,2016-01,39.0,68.0,34.3874
8474661,Michal Jordan,D,CAR,2016-02,80.0,139.6,34.3874
8474661,Michal Jordan,D,CAR,2016-03,85.0,148.3,34.3874
8474661,Michal Jordan,D,CAR,2016-04,4.5,7.9,34.3874
8474668,Dale Weise,R,CHI,2015-10,151.0,171.0,52.9792
8474668,Dale Weise,R,CHI,2015-11,183.5,207.8,52.9792
8474668,Dale Weise,R,CHI,2015-12,173.0,195.9,52.9792
8474668,Dale Weise,R,CHI,2016-01,73.0,82.7,52.9792
8474668,Dale Weise,R,CHI,2016-02,138.0,156.3,52.9792
8474668,Dale Weise,R,CHI,2016-03,76.0,86.1,52.9792
8474668,Dale Weise,R,CHI,2016-04,46.5,52.7,52.9792
8474673,TJ Brodie,D,CGY,2015-10,12.5,42.1,17.8144
8474673,TJ Brodie,D,CGY,2015-11,110.0,370.5,17.8144
8474673,TJ Brodie,D,CGY,2015-12,101.0,340.2,17.8144
8474673,TJ Brodie,D,CGY,2016-01,80.0,269.4,17.8144
8474673,TJ Brodie,D,CGY,2016-02,92.5,311.5,17.8144
8474673,TJ Brodie,D,CGY,2016-03,108.0,363.8,17.8144
8474673,TJ Brodie,D,CGY,2016-04,21.0,70.7,17.8144
8474679,Gustav Nyquist,C,DET,2015-10,104.0,255.4,24.4298
8474679,Gustav Nyquist,C,DET,2015-11,111.5,273.8,24.4298
8474679,Gustav Nyquist,C,DET,2015-12,71.5,175.6,24.4298
8474679,Gustav Nyquist,C,DET,2016-01,49.5,121.6,24.4298
8474679,Gustav Nyquist,C,DET,2016-02,66.5,163.3,24.4298
8474679,Gustav Nyquist,C,DET,2016-03,76.5,187.9,24.4298
8474679,Gustav Nyquist,C,DET,2016-04,27.0,66.3,24.4298
8474682,Dustin Tokarski,G,MTL,2015-12,3.0,0.0,0.0
8474683,Derek Grant,C,CGY,2015-10,37.5,29.1,77.3992
8474683,Derek Grant,C,CGY,2015-11,110.5,85.7,77.3992
8474683,Derek Grant,C,CGY,2016-03,28.0,21.7,77.3992
8474683,Derek Grant,C,CGY,2016-04,34.5,26.7,77.3992
8474685,Matt Calvert,L,CBJ,2015-10,121.0,162.5,44.6869
8474685,Matt Calvert,L,CBJ,2015-11,187.5,251.8,44.6869
8474685,Matt Calvert,L,CBJ,2015-12,189.0,253.8,44.6869
8474685,Matt Calvert,L,CBJ,2016-01,23.5,31.6,44.6869
8474685,Matt Calvert,L,CBJ,2016-02,139.0,186.6,44.6869
8474685,Matt Calvert,L,CBJ,2016-03,127.0,170.5,44.6869
8474685,Matt Calvert,L,CBJ,2016-04,35.5,47.7,44.6869
8474688,Greg Pateryn,D,MTL,2015-11,119.5,117.6,60.9946
8474688,Greg Pateryn,D,MTL,2015-12,61.5,60.5,60.9946
8474688,Greg Pateryn,D,MTL,2016-01,13.0,12.8,60.9946
8474688,Greg Pateryn,D,MTL,2016-02,124.0,122.0,60.9946
8474688,Greg Pateryn,D,MTL,2016-03,259.0,254.8,60.9946
8474688,Greg Pateryn,D,MTL,2016-04,70.0,68.9,60.9946
8474697,Mark Borowiecki,D,OTT,2015-10,237.5,152.6,93.3695
8474697,Mark Borowiecki,D,OTT,2015-11,270.5,173.8,93.3695
8474697,Mark Borowiecki,D,OTT,2015-12,379.5,243.9,93.3695
8474697,Mark Borowiecki,D,OTT,2016-01,299.0,192.1,93.3695
8474697,Mark Borowiecki,D,OTT,2016-02,219.5,141.1,93.3695
8474697,Mark Borowiecki,D,OTT,2016-03,28.0,18.0,93.3695
8474698,Brent Regner,D,FLA,2016-02,48.5,81.1,35.8905
8474709,Matt Martin,L,NYI,2015-10,220.5,114.2,115.8765
8474709,Matt Martin,L,NYI,2015-11,335.5,173.7,115.8765
8474709,Matt Martin,L,NYI,2015-12,244.5,126.6,115.8765
8474709,Matt Martin,L,NYI,2016-01,173.5,89.8,115.8765
8474709,Matt Martin,L,NYI,2016-02,274.0,141.9,115.8765
8474709,Matt Martin,L,NYI,2016-03,311.0,161.0,115.8765
8474709,Matt Martin,L,NYI,2016-04,72.0,37.3,115.8765
8474715,Cam Atkinson,R,CBJ,2015-10,50.5,103.9,29.1749
8474715,Cam Atkinson,R,CBJ,2015-11,112.5,231.4,29.1749
8474715,Cam Atkinson,R,CBJ,2015-12,127.5,262.2,29.1749
8474715,Cam Atkinson,R,CBJ,2016-01,118.0,242.7,29.1749
8474715,Cam Atkinson,R,CBJ,2016-02,121.0,248.8,29.1749
8474715,Cam Atkinson,R,CBJ,2016-03,120.0,246.8,29.1749
8474715,Cam Atkinson,R,CBJ,2016-04,51.5,105.9,29.1749
8474716,Jared Spurgeon,D,MIN,2015-10,131.5,241.8,32.6242
8474716,Jared Spurgeon,D,MIN,2015-11,122.0,224.4,32.6242
8474716,Jared Spurgeon,D,MIN,2015-12,194.5,357.7,32.6242
8474716,Jared Spurgeon,D,MIN,2016-01,170.5,313.6,32.6242
8474716,Jared Spurgeon,D,MIN,2016-02,121.0,222.5,32.6242
8474716,Jared Spurgeon,D,MIN,2016-03,189.5,348.5,32.6242
8474716,Jared Spurgeon,D,MIN,2016-04,20.5,37.7,32.6242
8474717,Mark Barberio,D,MTL,2015-12,6.0,15.1,23.8704
8474717,Mark Barberio,D,MTL,2016-01,74.5,187.3,23.8704
8474717,Mark Barberio,D,MTL,2016-02,38.5,96.8,23.8704
8474717,Mark Barberio,D,MTL,2016-03,60.0,150.8,23.8704
8474722,Luke Witkowski,D,TBL,2015-11,43.5,28.5,91.5147
8474727,Ben Smith,R,TOR,2015-10,9.0,8.6,62.4742
8474727,Ben Smith,R,TOR,2015-12,20.0,19.2,62.4742
8474727,Ben Smith,R,TOR,2016-02,5.5,5.3,62.4742
8474727,Ben Smith,R,TOR,2016-03,242.5,232.9,62.4742
8474736,Zac Rinaldo,C,BOS,2015-10,119.5,68.1,105.3595
8474736,Zac Rinaldo,C,BOS,2015-11,123.5,70.3,105.3595
8474736,Zac Rinaldo,C,BOS,2015-12,226.0,128.7,105.3595
8474736,Zac Rinaldo,C,BOS,2016-01,167.5,95.4,105.3595
8474736,Zac Rinaldo,C,BOS,2016-02,121.0,68.9,105.3595
8474739,Tommy Wingels,C,SJS,2015-10,195.5,151.7,77.2997
8474739,Tommy Wingels,C,SJS,2015-11,225.0,174.6,77.2997
8474739,Tommy Wingels,C,SJS,2015-12,257.0,199.5,77.2997
8474739,Tommy Wingels,C,SJS,2016-01,203.5,158.0,77.2997
8474739,Tommy Wingels,C,SJS,2016-02,91.0,70.6,77.2997
8474739,Tommy Wingels,C,SJS,2016-03,170.0,132.0,77.2997
8474739,Tommy Wingels,C,SJS,2016-04,52.5,40.8,77.2997
8474743,Zach Redmond,D,COL,2015-11,44.5,59.2,45.0874
8474743,Zach Redmond,D,COL,2015-12,65.0,86.5,45.0874
8474743,Zach Redmond,D,COL,2016-01,100.5,133.7,45.0874
8474743,Zach Redmond,D,COL,2016-02,33.5,44.6,45.0874
8474743,Zach Redmond,D,COL,2016-03,28.5,37.9,45.0874
8474743,Zach Redmond,D,COL,2016-04,55.5,73.9,45.0874
8474744,Sean Collins,C,WSH,2015-10,17.0,17.1,59.824
8474749,Matt Bartkowski,D,VAN,2015-10,95.0,193.7,29.4254
8474749,Matt Bartkowski,D,VAN,2015-11,126.5,257.9,29.4254
8474749,Matt Bartkowski,D,VAN,2015-12,134.0,273.2,29.4254
8474749,Matt Bartkowski,D,VAN,2016-01,122.0,248.8,29.4254
8474749,Matt Bartkowski,D,VAN,2016-02,56.0,114.2,29.4254
8474749,Matt Bartkowski,D,VAN,2016-03,152.5,311.0,29.4254
8474749,Matt Bartkowski,D,VAN,2016-04,44.5,90.7,29.4254
8474765,Anders Lindback,G,ARI,2015-11,-10.0,0.0,0.0
8474765,Anders Lindback,G,ARI,2015-12,-2.5,0.0,0.0
8474765,Anders Lindback,G,ARI,2016-02,-2.5,0.0,0.0
8474774,Dalton Prout,D,CBJ,2015-10,136.5,164.0,49.9396
8474774,Dalton Prout,D,CBJ,2015-11,27.5,33.0,49.9396
8474774,Dalton Prout,D,CBJ,2015-12,171.0,205.4,49.9396
8474774,Dalton Prout,D,CBJ,2016-01,77.0,92.5,49.9396
8474774,Dalton Prout,D,CBJ,2016-02,163.5,196.4,49.9396
8474774,Dalton Prout,D,CBJ,2016-03,196.5,236.1,49.9396
8474774,Dalton Prout,D,CBJ,2016-04,89.5,107.5,49.9396
8474818,Jordie Benn,D,DAL,2015-10,139.0,190.9,43.6922
8474818,Jordie Benn,D,DAL,2015-11,119.5,164.1,43.6922
8474818,Jordie Benn,D,DAL,2015-12,225.5,309.7,43.6922
8474818,Jordie Benn,D,DAL,2016-01,58.5,80.3,43.6922
8474818,Jordie Benn,D,DAL,2016-02,105.5,144.9,43.6922
8474818,Jordie Benn,D,DAL,2016-03,65.5,89.9,43.6922
8474818,Jordie Benn,D,DAL,2016-04,16.0,22.0,43.6922
8474849,Antoine Roussel,L,DAL,2015-10,169.0,149.0,68.0607
8474849,Antoine Roussel,L,DAL,2015-11,107.0,94.3,68.0607
8474849,Antoine Roussel,L,DAL,2015-12,260.5,229.6,68.0607
8474849,Antoine Roussel,L,DAL,2016-01,160.0,141.1,68.0607
8474849,Antoine Roussel,L,DAL,2016-02,209.5,184.7,68.0607
8474849,Antoine Roussel,L,DAL,2016-03,279.0,246.0,68.0607
8474849,Antoine Roussel,L,DAL,2016-04,72.5,63.9,68.0607
8474850,Brandon Mashinter,L,CHI,2015-11,74.5,70.1,63.7737
8474850,Brandon Mashinter,L,CHI,2015-12,59.5,56.0,63.7737
8474850,Brandon Mashinter,L,CHI,2016-01,32.5,30.6,63.7737
8474850,Brandon Mashinter,L,CHI,2016-02,83.5,78.6,63.7737
8474850,Brandon Mashinter,L,CHI,2016-03,41.5,39.0,63.7737
8474850,Brandon Mashinter,L,CHI,2016-04,35.0,32.9,63.7737
8474870,Tyler Johnson,C,TBL,2015-10,103.0,181.4,34.0684
8474870,Tyler Johnson,C,TBL,2015-11,96.0,169.1,34.0684
8474870,Tyler Johnson,C,TBL,2015-12,32.0,56.4,34.0684
8474870,Tyler Johnson,C,TBL,2016-01,120.5,212.2,34.0684
8474870,Tyler Johnson,C,TBL,2016-02,133.5,235.1,34.0684
8474870,Tyler Johnson,C,TBL,2016-03,152.5,268.6,34.0684
8474870,Tyler Johnson,C,TBL,2016-04,34.0,59.9,34.0684
8474884,Mike Hoffman,C,OTT,2015-10,33.0,113.3,17.4733
8474884,Mike Hoffman,C,OTT,2015-11,57.5,197.4,17.4733
8474884,Mike Hoffman,C,OTT,2015-12,83.0,285.0,17.4733
8474884,Mike Hoffman,C,OTT,2016-01,58.0,199.2,17.4733
8474884,Mike Hoffman,C,OTT,2016-02,60.0,206.0,17.4733
8474884,Mike Hoffman,C,OTT,2016-03,94.5,324.5,17.4733
8474884,Mike Hoffman,C,OTT,2016-04,12.5,42.9,17.4733
8474889,Martin Jones,G,SJS,2015-10,-5.0,0.0,0.0
8474889,Martin Jones,G,SJS,2015-11,-12.0,0.0,0.0
8474889,Martin Jones,G,SJS,2015-12,-7.5,0.0,0.0
8474889,Martin Jones,G,SJS,2016-01,-2.5,0.0,0.0
8474889,Martin Jones,G,SJS,2016-02,-7.5,0.0,0.0
8474889,Martin Jones,G,SJS,2016-03,-7.5,0.0,0.0
8475060,Matt Taormina,D,TBL,2015-11,8.5,20.9,24.4136
8475060,Matt Taormina,D,TBL,2016-04,8.5,20.9,24.4136
8475098,Tyler Bozak,C,TOR,2015-10,74.0,90.9,48.833
8475098,Tyler Bozak,C,TOR,2015-11,208.5,256.2,48.833
8475098,Tyler Bozak,C,TOR,2015-12,210.0,258.0,48.833
8475098,Tyler Bozak,C,TOR,2016-01,172.0,211.3,48.833
8475098,Tyler Bozak,C,TOR,2016-02,43.0,52.8,48.833
8475098,Tyler Bozak,C,TOR,2016-03,45.5,55.9,48.833
8475098,Tyler Bozak,C,TOR,2016-04,51.5,63.3,48.833
8475119,Zach Sill,C,WSH,2015-12,23.5,18.2,77.6201
8475119,Zach Sill,C,WSH,2016-01,76.0,58.7,77.6201
8475119,Zach Sill,C,WSH,2016-02,24.0,18.6,77.6201
8475119,Zach Sill,C,WSH,2016-04,5.0,3.9,77.6201
8475147,Jordan Schroeder,C,MIN,2015-10,6.0,12.4,28.9192
8475147,Jordan Schroeder,C,MIN,2015-11,15.5,32.2,28.9192
8475147,Jordan Schroeder,C,MIN,2016-01,26.0,53.9,28.9192
8475147,Jordan Schroeder,C,MIN,2016-02,17.5,36.3,28.9192
8475147,Jordan Schroeder,C,MIN,2016-03,48.5,100.6,28.9192
8475147,Jordan Schroeder,C,MIN,2016-04,4.5,9.3,28.9192
8475149,Marcus Johansson,L,WSH,2015-10,87.0,158.0,33.0374
8475149,Marcus Johansson,L,WSH,2015-11,98.0,178.0,33.0374
8475149,Marcus Johansson,L,WSH,2015-12,128.0,232.5,33.0374
8475149,Marcus Johansson,L,WSH,2016-01,86.5,157.1,33.0374
8475149,Marcus Johansson,L,WSH,2016-02,117.5,213.4,33.0374
8475149,Marcus Johansson,L,WSH,2016-03,116.0,210.7,33.0374
8475149,Marcus Johansson,L,WSH,2016-04,45.0,81.7,33.0374
8475150,Jordan Caron,R,STL,2015-12,25.5,32.5,47.0769
8475151,Kyle Palmieri,C,NJD,2015-10,158.0,192.3,49.2945
8475151,Kyle Palmieri,C,NJD,2015-11,173.0,210.6,49.2945
8475151,Kyle Palmieri,C,NJD,2015-12,230.0,279.9,49.2945
8475151,Kyle Palmieri,C,NJD,2016-01,181.5,220.9,49.2945
8475151,Kyle Palmieri,C,NJD,2016-02,215.0,261.7,49.2945
8475151,Kyle Palmieri,C,NJD,2016-03,193.0,234.9,49.2945
8475151,Kyle Palmieri,C,NJD,2016-04,49.0,59.6,49.2945
8475153,Dylan Olsen,D,FLA,2015-11,9.0,17.2,31.3579
8475153,Dylan Olsen,D,FLA,2015-12,48.5,92.8,31.3579
8475155,Simon Despres,D,ANA,2015-10,49.5,62.7,47.3825
8475155,Simon Despres,D,ANA,2016-01,9.5,12.0,47.3825
8475155,Simon Despres,D,ANA,2016-02,230.0,291.2,47.3825
8475155,Simon Despres,D,ANA,2016-03,130.0,164.6,47.3825
8475155,Simon Despres,D,ANA,2016-04,77.0,97.5,47.3825
8475157,Landon Ferraro,C,BOS,2015-10,90.5,106.0,51.2216
8475157,Landon Ferraro,C,BOS,2015-11,42.5,49.8,51.2216
8475157,Landon Ferraro,C,BOS,2015-12,193.5,226.7,51.2216
8475157,Landon Ferraro,C,BOS,2016-01,39.5,46.3,51.2216
8475157,Landon Ferraro,C,BOS,2016-02,99.0,116.0,51.2216
8475157,Landon Ferraro,C,BOS,2016-03,115.0,134.7,51.2216
8475157,Landon Ferraro,C,BOS,2016-04,36.0,42.2,51.2216
8475158,Ryan O'Reilly,C,BUF,2015-10,152.5,204.8,44.674
8475158,Ryan O'Reilly,C,BUF,2015-11,214.5,288.1,44.674
8475158,Ryan O'Reilly,C,BUF,2015-12,231.0,310.2,44.674
8475158,Ryan O'Reilly,C,BUF,2016-01,183.0,245.8,44.674
8475158,Ryan O'Reilly,C,BUF,2016-02,174.0,233.7,44.674
8475158,Ryan O'Reilly,C,BUF,2016-03,132.0,177.3,44.674
8475158,Ryan O'Reilly,C,BUF,2016-04,62.0,83.3,44.674
8475160,Kyle Clifford,L,LAK,2015-10,117.5,95.7,73.685
8475160,Kyle Clifford,L,LAK,2015-11,129.5,105.4,73.685
8475160,Kyle Clifford,L,LAK,2015-12,44.5,36.2,73.685
8475160,Kyle Clifford,L,LAK,2016-02,151.0,123.0,73.685
8475160,Kyle Clifford,L,LAK,2016-03,158.5,129.1,73.685
8475160,Kyle Clifford,L,LAK,2016-04,42.0,34.2,73.685
8475161,Chris Brown,R,WSH,2015-12,6.0,7.7,46.875
8475163,Alex Chiasson,R,OTT,2015-10,111.5,153.8,43.511
8475163,Alex Chiasson,R,OTT,2015-11,135.0,186.2,43.511
8475163,Alex Chiasson,R,OTT,2015-12,163.0,224.8,43.511
8475163,Alex Chiasson,R,OTT,2016-01,74.0,102.0,43.511
8475163,Alex Chiasson,R,OTT,2016-02,94.5,130.3,43.511
8475163,Alex Chiasson,R,OTT,2016-03,142.5,196.5,43.511
8475163,Alex Chiasson,R,OTT,2016-04,41.0,56.5,43.511
8475164,Jakob Silfverberg,R,ANA,2015-10,78.5,122.8,38.3433
8475164,Jakob Silfverberg,R,ANA,2015-11,156.0,244.1,38.3433
8475164,Jakob Silfverberg,R,ANA,2015-12,84.0,131.4,38.3433
8475164,Jakob Silfverberg,R,ANA,2016-01,106.5,166.7,38.3433
8475164,Jakob Silfverberg,R,ANA,2016-02,195.0,305.1,38.3433
8475164,Jakob Silfverberg,R,ANA,2016-03,214.5,335.7,38.3433
8475164,Jakob Silfverberg,R,ANA,2016-04,55.0,86.1,38.3433
8475165,Anton Lander,C,EDM,2015-10,174.5,180.5,58.0039
8475165,Anton Lander,C,EDM,2015-11,138.5,143.3,58.0039
8475165,Anton Lander,C,EDM,2015-12,161.0,166.5,58.0039
8475165,Anton Lander,C,EDM,2016-01,84.0,86.9,58.0039
8475165,Anton Lander,C,EDM,2016-02,78.5,81.2,58.0039
8475165,Anton Lander,C,EDM,2016-03,61.0,63.1,58.0039
8475165,Anton Lander,C,EDM,2016-04,15.0,15.5,58.0039
8475166,John Tavares,C,NYI,2015-10,173.5,265.3,39.2416
8475166,John Tavares,C,NYI,2015-11,177.5,271.4,39.2416
8475166,John Tavares,C,NYI,2015-12,149.5,228.6,39.2416
8475166,John Tavares,C,NYI,2016-01,100.5,153.7,39.2416
8475166,John Tavares,C,NYI,2016-02,159.5,243.9,39.2416
8475166,John Tavares,C,NYI,2016-03,190.5,291.3,39.2416
8475166,John Tavares,C,NYI,2016-04,69.0,105.5,39.2416
8475167,Victor Hedman,D,TBL,2015-10,123.0,239.9,30.7642
8475167,Victor Hedman,D,TBL,2015-11,105.0,204.8,30.7642
8475167,Victor Hedman,D,TBL,2015-12,208.0,405.7,30.7642
8475167,Victor Hedman,D,TBL,2016-01,138.5,270.1,30.7642
8475167,Victor Hedman,D,TBL,2016-02,155.0,302.3,30.7642
8475167,Victor Hedman,D,TBL,2016-03,163.5,318.9,30.7642
8475167,Victor Hedman,D,TBL,2016-04,29.5,57.5,30.7642
8475168,Matt Duchene,C,COL,2015-10,138.0,204.3,40.5342
8475168,Matt Duchene,C,COL,2015-11,219.0,324.2,40.5342
8475168,Matt Duchene,C,COL,2015-12,134.5,199.1,40.5342
8475168,Matt Duchene,C,COL,2016-01,142.5,210.9,40.5342
8475168,Matt Duchene,C,COL,2016-02,155.5,230.2,40.5342
8475168,Matt Duchene,C,COL,2016-03,98.5,145.8,40.5342
8475168,Matt Duchene,C,COL,2016-04,66.5,98.4,40.5342
8475169,Evander Kane,L,BUF,2015-10,141.0,174.6,48.4416
8475169,Evander Kane,L,BUF,2015-11,57.0,70.6,48.4416
8475169,Evander Kane,L,BUF,2015-12,265.0,328.2,48.4416
8475169,Evander Kane,L,BUF,2016-01,224.0,277.4,48.4416
8475169,Evander Kane,L,BUF,2016-02,191.0,236.6,48.4416
8475169,Evander Kane,L,BUF,2016-03,226.0,279.9,48.4416
8475170,Brayden Schenn,C,PHI,2015-10,117.0,140.1,50.1213
8475170,Brayden Schenn,C,PHI,2015-11,146.5,175.4,50.1213
8475170,Brayden Schenn,C,PHI,2015-12,186.0,222.7,50.1213
8475170,Brayden Schenn,C,PHI,2016-01,143.0,171.2,50.1213
8475170,Brayden Schenn,C,PHI,2016-02,197.5,236.4,50.1213
8475170,Brayden Schenn,C,PHI,2016-03,243.0,290.9,50.1213
8475170,Brayden Schenn,C,PHI,2016-04,96.0,114.9,50.1213
8475171,Oliver Ekman-Larsson,D,ARI,2015-10,168.5,248.6,40.6627
8475171,Oliver Ekman-Larsson,D,ARI,2015-11,216.5,319.5,40.6627
8475171,Oliver Ekman-Larsson,D,ARI,2015-12,261.0,385.1,40.6627
8475171,Oliver Ekman-Larsson,D,ARI,2016-01,209.5,309.1,40.6627
8475171,Oliver Ekman-Larsson,D,ARI,2016-02,240.5,354.9,40.6627
8475171,Oliver Ekman-Larsson,D,ARI,2016-03,105.0,154.9,40.6627
8475171,Oliver Ekman-Larsson,D,ARI,2016-04,58.0,85.6,40.6627
8475172,Nazem Kadri,C,TOR,2015-10,215.0,168.8,76.4268
8475172,Nazem Kadri,C,TOR,2015-11,299.0,234.7,76.4268
8475172,Nazem Kadri,C,TOR,2015-12,242.5,190.4,76.4268
8475172,Nazem Kadri,C,TOR,2016-01,326.5,256.3,76.4268
8475172,Nazem Kadri,C,TOR,2016-02,226.0,177.4,76.4268
8475172,Nazem Kadri,C,TOR,2016-03,437.0,343.1,76.4268
8475172,Nazem Kadri,C,TOR,2016-04,23.0,18.1,76.4268
8475174,Jared Cowen,D,OTT,2015-10,196.5,189.8,62.1269
8475174,Jared Cowen,D,OTT,2015-11,108.0,104.3,62.1269
8475174,Jared Cowen,D,OTT,2015-12,221.5,213.9,62.1269
8475174,Jared Cowen,D,OTT,2016-01,98.0,94.6,62.1269
8475174,Jared Cowen,D,OTT,2016-02,26.5,25.6,62.1269
8475175,Magnus Paajarvi,L,STL,2015-11,94.0,158.2,35.6518
8475175,Magnus Paajarvi,L,STL,2015-12,121.0,203.6,35.6518
8475175,Magnus Paajarvi,L,STL,2016-01,61.5,103.5,35.6518
8475175,Magnus Paajarvi,L,STL,2016-02,36.5,61.4,35.6518
8475175,Magnus Paajarvi,L,STL,2016-03,19.5,32.8,35.6518
8475175,Magnus Paajarvi,L,STL,2016-04,34.0,57.2,35.6518
8475176,Ryan Ellis,D,NSH,2015-10,94.5,177.3,31.981
8475176,Ryan Ellis,D,NSH,2015-11,160.5,301.1,31.981
8475176,Ryan Ellis,D,NSH,2015-12,144.5,271.1,31.981
8475176,Ryan Ellis,D,NSH,2016-01,167.5,314.2,31.981
8475176,Ryan Ellis,D,NSH,2016-02,133.5,250.5,31.981
8475176,Ryan Ellis,D,NSH,2016-03,142.0,266.4,31.981
8475176,Ryan Ellis,D,NSH,2016-04,37.5,70.4,31.981
8475177,Calvin de Haan,D,NYI,2015-10,217.0,257.3,50.6068
8475177,Calvin de Haan,D,NYI,2015-11,264.5,313.6,50.6068
8475177,Calvin de Haan,D,NYI,2015-12,197.5,234.2,50.6068
8475177,Calvin de Haan,D,NYI,2016-01,162.5,192.7,50.6068
8475177,Calvin de Haan,D,NYI,2016-02,123.0,145.8,50.6068
8475177,Calvin de Haan,D,NYI,2016-03,228.5,270.9,50.6068
8475177,Calvin de Haan,D,NYI,2016-04,60.0,71.1,50.6068
8475178,Zack Kassian,R,EDM,2016-01,125.0,118.2,63.4439
8475178,Zack Kassian,R,EDM,2016-02,166.5,157.5,63.4439
8475178,Zack Kassian,R,EDM,2016-03,147.5,139.5,63.4439
8475178,Zack Kassian,R,EDM,2016-04,35.0,33.1,63.4439
8475179,Dmitry Kulikov,D,FLA,2015-10,157.0,218.5,43.1146
8475179,Dmitry Kulikov,D,FLA,2015-11,77.5,107.9,43.1146
8475179,Dmitry Kulikov,D,FLA,2015-12,163.0,226.8,43.1146
8475179,Dmitry Kulikov,D,FLA,2016-01,229.5,319.4,43.1146
8475179,Dmitry Kulikov,D,FLA,2016-02,226.0,314.5,43.1146
8475179,Dmitry Kulikov,D,FLA,2016-03,205.5,286.0,43.1146
8475179,Dmitry Kulikov,D,FLA,2016-04,60.0,83.5,43.1146
8475180,Peter Holland,C,TOR,2015-10,119.0,160.0,44.6249
8475180,Peter Holland,C,TOR,2015-11,137.5,184.9,44.6249
8475180,Peter Holland,C,TOR,2015-12,108.0,145.2,44.6249
8475180,Peter Holland,C,TOR,2016-01,129.5,174.1,44.6249
8475180,Peter Holland,C,TOR,2016-02,129.0,173.4,44.6249
8475180,Peter Holland,C,TOR,2016-03,86.0,115.6,44.6249
8475181,Nick Leddy,D,NYI,2015-10,123.5,295.0,25.118
8475181,Nick Leddy,D,NYI,2015-11,173.5,414.4,25.118
8475181,Nick Leddy,D,NYI,2015-12,108.0,258.0,25.118
8475181,Nick Leddy,D,NYI,2016-01,75.0,179.2,25.118
8475181,Nick Leddy,D,NYI,2016-02,108.5,259.2,25.118
8475181,Nick Leddy,D,NYI,2016-03,124.5,297.4,25.118
8475181,Nick Leddy,D,NYI,2016-04,54.0,129.0,25.118
8475182,David Rundblad,D,CHI,2015-10,26.0,84.1,18.5543
8475182,David Rundblad,D,CHI,2015-12,14.0,45.3,18.5543
8475184,Chris Kreider,C,NYR,2015-10,121.0,148.3,48.9529
8475184,Chris Kreider,C,NYR,2015-11,168.0,205.9,48.9529
8475184,Chris Kreider,C,NYR,2015-12,175.5,215.1,48.9529
8475184,Chris Kreider,C,NYR,2016-01,124.0,152.0,48.9529
8475184,Chris Kreider,C,NYR,2016-02,188.0,230.4,48.9529
8475184,Chris Kreider,C,NYR,2016-03,197.0,241.5,48.9529
8475184,Chris Kreider,C,NYR,2016-04,55.0,67.4,48.9529
8475185,Jacob Josefson,C,NJD,2015-10,135.0,159.8,50.6842
8475185,Jacob Josefson,C,NJD,2015-11,166.5,197.1,50.6842
8475185,Jacob Josefson,C,NJD,2015-12,205.0,242.7,50.6842
8475185,Jacob Josefson,C,NJD,2016-01,26.5,31.4,50.6842
8475185,Jacob Josefson,C,NJD,2016-02,166.5,197.1,50.6842
8475185,Jacob Josefson,C,NJD,2016-03,23.5,27.8,50.6842
8475185,Jacob Josefson,C,NJD,2016-04,37.5,44.4,50.6842
8475186,John Moore,D,NJD,2015-10,96.5,186.0,31.1356
8475186,John Moore,D,NJD,2015-11,137.5,265.0,31.1356
8475186,John Moore,D,NJD,2015-12,176.0,339.2,31.1356
8475186,John Moore,D,NJD,2016-01,42.5,81.9,31.1356
8475186,John Moore,D,NJD,2016-02,135.0,260.2,31.1356
8475186,John Moore,D,NJD,2016-03,115.5,222.6,31.1356
8475186,John Moore,D,NJD,2016-04,48.5,93.5,31.1356
8475188,Brayden McNabb,D,LAK,2015-10,148.0,183.1,48.5033
8475188,Brayden McNabb,D,LAK,2015-11,188.5,233.2,48.5033
8475188,Brayden McNabb,D,LAK,2015-12,283.5,350.7,48.5033
8475188,Brayden McNabb,D,LAK,2016-01,133.5,165.1,48.5033
8475188,Brayden McNabb,D,LAK,2016-02,187.5,231.9,48.5033
8475188,Brayden McNabb,D,LAK,2016-03,199.0,246.2,48.5033
8475188,Brayden McNabb,D,LAK,2016-04,92.0,113.8,48.5033
8475191,Reilly Smith,R,FLA,2015-10,115.5,227.4,30.4698
8475191,Reilly Smith,R,FLA,2015-11,164.0,322.9,30.4698
8475191,Reilly Smith,R,FLA,2015-12,119.0,234.3,30.4698
8475191,Reilly Smith,R,FLA,2016-01,93.5,184.1,30.4698
8475191,Reilly Smith,R,FLA,2016-02,134.5,264.9,30.4698
8475191,Reilly Smith,R,FLA,2016-03,123.0,242.2,30.4698
8475191,Reilly Smith,R,FLA,2016-04,25.5,50.2,30.4698
8475192,Taylor Beck,L,NYI,2015-11,28.0,17.0,98.9982
8475193,Tomas Tatar,C,DET,2015-10,97.0,192.6,30.2207
8475193,Tomas Tatar,C,DET,2015-11,68.0,135.0,30.2207
8475193,Tomas Tatar,C,DET,2015-12,111.0,220.4,30.2207
8475193,Tomas Tatar,C,DET,2016-01,94.5,187.6,30.2207
8475193,Tomas Tatar,C,DET,2016-02,113.5,225.3,30.2207
8475193,Tomas Tatar,C,DET,2016-03,81.5,161.8,30.2207
8475193,Tomas Tatar,C,DET,2016-04,20.0,39.7,30.2207
8475194,Philip Samuelsson,D,ARI,2015-11,51.0,57.4,53.3438
8475194,Philip Samuelsson,D,ARI,2016-03,5.5,6.2,53.3438
8475195,Anders Nilsson,G,STL,2015-11,-5.0,0.0,0.0
8475195,Anders Nilsson,G,STL,2015-12,-2.5,0.0,0.0
8475195,Anders Nilsson,G,STL,2016-01,-2.5,0.0,0.0
8475195,Anders Nilsson,G,STL,2016-02,-2.5,0.0,0.0
8475195,Anders Nilsson,G,STL,2016-04,-2.5,0.0,0.0
8475197,Tyson Barrie,D,COL,2015-10,46.5,120.6,23.1436
8475197,Tyson Barrie,D,COL,2015-11,101.0,261.8,23.1436
8475197,Tyson Barrie,D,COL,2015-12,157.0,407.0,23.1436
8475197,Tyson Barrie,D,COL,2016-01,107.0,277.4,23.1436
8475197,Tyson Barrie,D,COL,2016-02,113.0,293.0,23.1436
8475197,Tyson Barrie,D,COL,2016-03,126.0,326.7,23.1436
8475197,Tyson Barrie,D,COL,2016-04,47.5,123.1,23.1436
8475199,Eric Gelinas,D,COL,2015-10,47.5,68.5,41.635
8475199,Eric Gelinas,D,COL,2015-11,55.0,79.3,41.635
8475199,Eric Gelinas,D,COL,2015-12,96.5,139.1,41.635
8475199,Eric Gelinas,D,COL,2016-01,96.5,139.1,41.635
8475199,Eric Gelinas,D,COL,2016-02,31.5,45.4,41.635
8475199,Eric Gelinas,D,COL,2016-03,57.0,82.1,41.635
8475200,Dmitry Orlov,D,WSH,2015-10,54.5,88.2,37.0957
8475200,Dmitry Orlov,D,WSH,2015-11,103.5,167.4,37.0957
8475200,Dmitry Orlov,D,WSH,2015-12,123.5,199.8,37.0957
8475200,Dmitry Orlov,D,WSH,2016-01,113.5,183.6,37.0957
8475200,Dmitry Orlov,D,WSH,2016-02,159.0,257.2,37.0957
8475200,Dmitry Orlov,D,WSH,2016-03,228.5,369.6,37.0957
8475200,Dmitry Orlov,D,WSH,2016-04,30.0,48.5,37.0957
8475204,Brandon Pirri,C,ANA,2015-10,80.0,132.7,36.1829
8475204,Brandon Pirri,C,ANA,2015-11,105.5,174.9,36.1829
8475204,Brandon Pirri,C,ANA,2015-12,123.5,204.8,36.1829
8475204,Brandon Pirri,C,ANA,2016-01,86.0,142.6,36.1829
8475204,Brandon Pirri,C,ANA,2016-02,80.0,132.7,36.1829
8475204,Brandon Pirri,C,ANA,2016-03,54.5,90.4,36.1829
8475204,Brandon Pirri,C,ANA,2016-04,4.5,7.5,36.1829
8475206,Stefan Elliott,D,NSH,2015-10,16.0,29.0,33.0756
8475206,Stefan Elliott,D,NSH,2015-11,60.0,108.8,33.0756
8475206,Stefan Elliott,D,NSH,2015-12,58.0,105.2,33.0756
8475206,Stefan Elliott,D,NSH,2016-01,10.0,18.1,33.0756
8475206,Stefan Elliott,D,NSH,2016-03,7.5,13.6,33.0756
8475206,Stefan Elliott,D,NSH,2016-04,12.5,22.7,33.0756
8475208,Brian Dumoulin,D,PIT,2015-10,99.0,178.8,33.2178
8475208,Brian Dumoulin,D,PIT,2015-11,126.0,227.6,33.2178
8475208,Brian Dumoulin,D,PIT,2015-12,153.0,276.4,33.2178
8475208,Brian Dumoulin,D,PIT,2016-01,111.5,201.4,33.2178
8475208,Brian Dumoulin,D,PIT,2016-02,147.0,265.5,33.2178
8475208,Brian Dumoulin,D,PIT,2016-03,133.5,241.1,33.2178
8475208,Brian Dumoulin,D,PIT,2016-04,56.0,101.2,33.2178
8475209,Richard Panik,R,CHI,2016-01,68.0,66.5,61.3808
8475209,Richard Panik,R,CHI,2016-02,108.5,106.1,61.3808
8475209,Richard Panik,R,CHI,2016-03,101.5,99.2,61.3808
8475209,Richard Panik,R,CHI,2016-04,54.5,53.3,61.3808
8475213,Drew Shore,C,CGY,2016-04,12.0,28.0,25.7327
8475215,Robin Lehner,G,BUF,2016-02,6.0,0.0,0.0
8475215,Robin Lehner,G,BUF,2016-03,9.0,0.0,0.0
8475218,Mattias Ekholm,D,NSH,2015-10,87.5,180.9,29.0272
8475218,Mattias Ekholm,D,NSH,2015-11,117.0,241.8,29.0272
8475218,Mattias Ekholm,D,NSH,2015-12,123.5,255.3,29.0272
8475218,Mattias Ekholm,D,NSH,2016-01,88.0,181.9,29.0272
8475218,Mattias Ekholm,D,NSH,2016-02,131.5,271.8,29.0272
8475218,Mattias Ekholm,D,NSH,2016-03,191.5,395.8,29.0272
8475218,Mattias Ekholm,D,NSH,2016-04,64.0,132.3,29.0272
8475220,Marcus Foligno,L,BUF,2015-10,134.5,120.0,67.231
8475220,Marcus Foligno,L,BUF,2015-11,159.5,142.3,67.231
8475220,Marcus Foligno,L,BUF,2015-12,90.0,80.3,67.231
8475220,Marcus Foligno,L,BUF,2016-01,160.5,143.2,67.231
8475220,Marcus Foligno,L,BUF,2016-02,203.0,181.2,67.231
8475220,Marcus Foligno,L,BUF,2016-03,299.5,267.3,67.231
8475220,Marcus Foligno,L,BUF,2016-04,61.0,54.4,67.231
8475222,Sami Vatanen,D,ANA,2015-10,119.5,216.2,33.1664
8475222,Sami Vatanen,D,ANA,2015-11,183.0,331.1,33.1664
8475222,Sami Vatanen,D,ANA,2015-12,152.0,275.0,33.1664
8475222,Sami Vatanen,D,ANA,2016-01,103.0,186.3,33.1664
8475222,Sami Vatanen,D,ANA,2016-02,158.5,286.7,33.1664
8475222,Sami Vatanen,D,ANA,2016-03,96.5,174.6,33.1664
8475222,Sami Vatanen,D,ANA,2016-04,24.0,43.4,33.1664
8475223,Linden Vey,R,VAN,2015-12,27.0,62.3,26.0134
8475223,Linden Vey,R,VAN,2016-01,94.5,218.0,26.0134
8475223,Linden Vey,R,VAN,2016-02,51.0,117.6,26.0134
8475223,Linden Vey,R,VAN,2016-03,106.0,244.5,26.0134
8475223,Linden Vey,R,VAN,2016-04,1.5,3.5,26.0134
8475225,Craig Smith,C,NSH,2015-10,59.0,106.4,33.2731
8475225,Craig Smith,C,NSH,2015-11,94.5,170.4,33.2731
8475225,Craig Smith,C,NSH,2015-12,114.0,205.6,33.2731
8475225,Craig Smith,C,NSH,2016-01,88.5,159.6,33.2731
8475225,Craig Smith,C,NSH,2016-02,128.0,230.8,33.2731
8475225,Craig Smith,C,NSH,2016-03,172.0,310.2,33.2731
8475225,Craig Smith,C,NSH,2016-04,34.5,62.2,33.2731
8475227,Chris Wideman,D,OTT,2015-10,20.5,31.6,38.8768
8475227,Chris Wideman,D,OTT,2015-11,45.5,70.2,38.8768
8475227,Chris Wideman,D,OTT,2015-12,127.0,196.0,38.8768
8475227,Chris Wideman,D,OTT,2016-01,76.0,117.3,38.8768
8475227,Chris Wideman,D,OTT,2016-02,108.0,166.7,38.8768
8475227,Chris Wideman,D,OTT,2016-03,156.0,240.8,38.8768
8475227,Chris Wideman,D,OTT,2016-04,45.5,70.2,38.8768
8475231,Casey Cizikas,C,NYI,2015-10,254.5,175.2,87.1421
8475231,Casey Cizikas,C,NYI,2015-11,279.0,192.1,87.1421
8475231,Casey Cizikas,C,NYI,2015-12,240.0,165.2,87.1421
8475231,Casey Cizikas,C,NYI,2016-01,120.5,83.0,87.1421
8475231,Casey Cizikas,C,NYI,2016-02,240.0,165.2,87.1421
8475231,Casey Cizikas,C,NYI,2016-03,279.0,192.1,87.1421
8475231,Casey Cizikas,C,NYI,2016-04,60.5,41.7,87.1421
8475233,David Savard,D,CBJ,2015-10,154.0,241.7,38.2215
8475233,David Savard,D,CBJ,2015-11,213.0,334.4,38.2215
8475233,David Savard,D,CBJ,2015-12,147.0,230.8,38.2215
8475233,David Savard,D,CBJ,2016-01,91.5,143.6,38.2215
8475233,David Savard,D,CBJ,2016-02,133.0,208.8,38.2215
8475233,David Savard,D,CBJ,2016-03,165.0,259.0,38.2215
8475233,David Savard,D,CBJ,2016-04,56.0,87.9,38.2215
8475234,J-F Berube,G,NYI,2016-03,-5.0,0.0,0.0
8475234,J-F Berube,G,NYI,2016-04,-2.5,0.0,0.0
8475235,Nicolas Deslauriers,L,BUF,2015-10,172.0,127.5,80.9151
8475235,Nicolas Deslauriers,L,BUF,2015-11,135.0,100.1,80.9151
8475235,Nicolas Deslauriers,L,BUF,2015-12,161.5,119.8,80.9151
8475235,Nicolas Deslauriers,L,BUF,2016-01,23.0,17.1,80.9151
8475235,Nicolas Deslauriers,L,BUF,2016-02,166.5,123.5,80.9151
8475235,Nicolas Deslauriers,L,BUF,2016-03,258.0,191.3,80.9151
8475235,Nicolas Deslauriers,L,BUF,2016-04,59.0,43.7,80.9151
8475236,Cody Eakin,C,DAL,2015-10,132.5,157.2,50.5819
8475236,Cody Eakin,C,DAL,2015-11,152.0,180.3,50.5819
8475236,Cody Eakin,C,DAL,2015-12,200.5,237.8,50.5819
8475236,Cody Eakin,C,DAL,2016-01,138.5,164.3,50.5819
8475236,Cody Eakin,C,DAL,2016-02,221.5,262.7,50.5819
8475236,Cody Eakin,C,DAL,2016-03,233.0,276.4,50.5819
8475236,Cody Eakin,C,DAL,2016-04,53.5,63.5,50.5819
8475246,Kevin Connauton,D,ARI,2015-10,42.0,60.6,41.5545
8475246,Kevin Connauton,D,ARI,2015-11,140.5,202.9,41.5545
8475246,Kevin Connauton,D,ARI,2015-12,48.5,70.0,41.5545
8475246,Kevin Connauton,D,ARI,2016-01,85.0,122.7,41.5545
8475246,Kevin Connauton,D,ARI,2016-02,178.5,257.7,41.5545
8475246,Kevin Connauton,D,ARI,2016-03,170.0,245.5,41.5545
8475246,Kevin Connauton,D,ARI,2016-04,89.0,128.5,41.5545
8475247,Michael Latta,C,WSH,2015-10,38.5,29.0,79.6422
8475247,Michael Latta,C,WSH,2015-11,153.0,115.3,79.6422
8475247,Michael Latta,C,WSH,2015-12,106.5,80.2,79.6422
8475247,Michael Latta,C,WSH,2016-01,69.5,52.4,79.6422
8475247,Michael Latta,C,WSH,2016-02,70.5,53.1,79.6422
8475247,Michael Latta,C,WSH,2016-04,23.5,17.7,79.6422
8475250,Andrej Nestrasil,C,CAR,2015-10,57.5,135.9,25.3896
8475250,Andrej Nestrasil,C,CAR,2015-11,52.5,124.1,25.3896
8475250,Andrej Nestrasil,C,CAR,2015-12,80.5,190.2,25.3896
8475250,Andrej Nestrasil,C,CAR,2016-01,68.5,161.9,25.3896
8475250,Andrej Nestrasil,C,CAR,2016-02,75.0,177.2,25.3896
8475253,Garrett Wilson,L,FLA,2015-11,88.5,68.4,77.5938
8475253,Garrett Wilson,L,FLA,2016-02,111.5,86.2,77.5938
8475253,Garrett Wilson,L,FLA,2016-03,139.5,107.9,77.5938
8475253,Garrett Wilson,L,FLA,2016-04,12.0,9.3,77.5938
8475260,Corban Knight,C,FLA,2015-12,61.0,79.7,45.943
8475260,Corban Knight,C,FLA,2016-01,66.5,86.8,45.943
8475260,Corban Knight,C,FLA,2016-02,20.0,26.1,45.943
8475268,Gabriel Bourque,L,NSH,2015-10,130.0,113.0,69.039
8475268,Gabriel Bourque,L,NSH,2015-11,183.0,159.0,69.039
8475274,Seth Helgeson,D,NJD,2016-01,24.0,24.8,58.1514
8475274,Seth Helgeson,D,NJD,2016-02,150.0,154.8,58.1514
8475274,Seth Helgeson,D,NJD,2016-03,83.0,85.6,58.1514
8475278,Byron Froese,C,TOR,2015-10,73.5,69.5,63.4308
8475278,Byron Froese,C,TOR,2015-11,261.0,246.9,63.4308
8475278,Byron Froese,C,TOR,2015-12,143.5,135.7,63.4308
8475278,Byron Froese,C,TOR,2016-01,89.0,84.2,63.4308
8475278,Byron Froese,C,TOR,2016-02,142.0,134.3,63.4308
8475278,Byron Froese,C,TOR,2016-03,2.0,1.9,63.4308
8475278,Byron Froese,C,TOR,2016-04,36.5,34.5,63.4308
8475279,Ben Chiarot,D,WPG,2015-10,138.5,134.5,61.7756
8475279,Ben Chiarot,D,WPG,2015-11,86.5,84.0,61.7756
8475279,Ben Chiarot,D,WPG,2015-12,122.5,119.0,61.7756
8475279,Ben Chiarot,D,WPG,2016-01,165.0,160.3,61.7756
8475279,Ben Chiarot,D,WPG,2016-02,210.0,204.0,61.7756
8475279,Ben Chiarot,D,WPG,2016-03,228.5,221.9,61.7756
8475279,Ben Chiarot,D,WPG,2016-04,91.0,88.4,61.7756
8475287,Erik Haula,L,MIN,2015-10,112.0,112.7,59.6421
8475287,Erik Haula,L,MIN,2015-11,112.0,112.7,59.6421
8475287,Erik Haula,L,MIN,2015-12,128.5,129.3,59.6421
8475287,Erik Haula,L,MIN,2016-01,100.5,101.1,59.6421
8475287,Erik Haula,L,MIN,2016-02,225.0,226.4,59.6421
8475287,Erik Haula,L,MIN,2016-03,228.0,229.4,59.6421
8475287,Erik Haula,L,MIN,2016-04,55.5,55.8,59.6421
8475292,Tyler Randell,R,BOS,2015-10,37.5,30.3,74.1527
8475292,Tyler Randell,R,BOS,2015-11,67.0,54.2,74.1527
8475292,Tyler Randell,R,BOS,2015-12,53.5,43.3,74.1527
8475292,Tyler Randell,R,BOS,2016-01,12.0,9.7,74.1527
8475292,Tyler Randell,R,BOS,2016-02,51.0,41.3,74.1527
8475292,Tyler Randell,R,BOS,2016-03,12.0,9.7,74.1527
8475299,Joni Ortio,G,CGY,2015-10,-2.5,0.0,0.0
8475299,Joni Ortio,G,CGY,2016-02,-2.5,0.0,0.0
8475299,Joni Ortio,G,CGY,2016-03,2.0,0.0,0.0
8475299,Joni Ortio,G,CGY,2016-04,3.0,0.0,0.0
8475310,Curtis McKenzie,L,DAL,2015-10,12.5,9.3,80.6818
8475310,Curtis McKenzie,L,DAL,2016-02,7.0,5.2,80.6818
8475310,Curtis McKenzie,L,DAL,2016-04,16.0,11.9,80.6818
8475311,Darcy Kuemper,G,MIN,2015-10,-5.0,0.0,0.0
8475311,Darcy Kuemper,G,MIN,2015-12,7.0,0.0,0.0
8475311,Darcy Kuemper,G,MIN,2016-01,-2.5,0.0,0.0
8475311,Darcy Kuemper,G,MIN,2016-02,-7.5,0.0,0.0
8475311,Darcy Kuemper,G,MIN,2016-03,-5.0,0.0,0.0
8475314,Anders Lee,C,NYI,2015-10,171.0,196.6,52.1987
8475314,Anders Lee,C,NYI,2015-11,161.0,185.1,52.1987
8475314,Anders Lee,C,NYI,2015-12,165.5,190.2,52.1987
8475314,Anders Lee,C,NYI,2016-01,102.0,117.2,52.1987
8475314,Anders Lee,C,NYI,2016-02,168.0,193.1,52.1987
8475314,Anders Lee,C,NYI,2016-03,204.5,235.1,52.1987
8475314,Anders Lee,C,NYI,2016-04,42.5,48.9,52.1987
8475321,Phil Varone,C,OTT,2016-01,23.0,25.3,54.6523
8475321,Phil Varone,C,OTT,2016-02,11.0,12.1,54.6523
8475321,Phil Varone,C,OTT,2016-04,12.5,13.7,54.6523
8475323,Marcus Kruger,C,CHI,2015-10,142.5,131.8,64.8845
8475323,Marcus Kruger,C,CHI,2015-11,209.5,193.7,64.8845
8475323,Marcus Kruger,C,CHI,2015-12,163.0,150.7,64.8845
8475323,Marcus Kruger,C,CHI,2016-03,31.0,28.7,64.8845
8475323,Marcus Kruger,C,CHI,2016-04,53.5,49.5,64.8845
8475325,Jordan Nolan,C,LAK,2015-10,71.0,72.1,59.0727
8475325,Jordan Nolan,C,LAK,2015-11,118.0,119.9,59.0727
8475325,Jordan Nolan,C,LAK,2015-12,128.0,130.0,59.0727
8475325,Jordan Nolan,C,LAK,2016-01,59.5,60.4,59.0727
8475325,Jordan Nolan,C,LAK,2016-02,79.0,80.2,59.0727
8475343,Nic Dowd,C,LAK,2016-03,48.0,52.9,54.4629
8475361,Jonas Gustavsson,G,BOS,2015-10,3.0,0.0,0.0
8475361,Jonas Gustavsson,G,BOS,2016-01,3.0,0.0,0.0
8475414,Craig Cunningham,L,ARI,2015-11,34.0,40.8,49.9851
8475414,Craig Cunningham,L,ARI,2015-12,41.0,49.2,49.9851
8475414,Craig Cunningham,L,ARI,2016-02,9.0,10.8,49.9851
8475430,Brandon Manning,D,PHI,2015-10,74.5,93.1,48.0363
8475430,Brandon Manning,D,PHI,2015-11,143.0,178.6,48.0363
8475430,Brandon Manning,D,PHI,2015-12,103.5,129.3,48.0363
8475430,Brandon Manning,D,PHI,2016-01,70.5,88.1,48.0363
8475430,Brandon Manning,D,PHI,2016-02,85.5,106.8,48.0363
8475430,Brandon Manning,D,PHI,2016-03,208.0,259.8,48.0363
8475430,Brandon Manning,D,PHI,2016-04,56.0,69.9,48.0363
8475455,Brenden Dillon,D,SJS,2015-10,138.5,183.9,45.1793
8475455,Brenden Dillon,D,SJS,2015-11,140.5,186.6,45.1793
8475455,Brenden Dillon,D,SJS,2015-12,157.5,209.2,45.1793
8475455,Brenden Dillon,D,SJS,2016-01,167.5,222.4,45.1793
8475455,Brenden Dillon,D,SJS,2016-02,89.0,118.2,45.1793
8475455,Brenden Dillon,D,SJS,2016-03,210.5,279.6,45.1793
8475455,Brenden Dillon,D,SJS,2016-04,51.5,68.4,45.1793
8475461,Andrew Agozzino,L,COL,2015-11,9.0,11.3,47.891
8475461,Andrew Agozzino,L,COL,2016-03,17.0,21.3,47.891
8475461,Andrew Agozzino,L,COL,2016-04,35.5,44.5,47.891
8475462,Radko Gudas,D,PHI,2015-10,183.0,155.0,70.8166
8475462,Radko Gudas,D,PHI,2015-11,320.5,271.5,70.8166
8475462,Radko Gudas,D,PHI,2015-12,244.5,207.2,70.8166
8475462,Radko Gudas,D,PHI,2016-01,234.5,198.7,70.8166
8475462,Radko Gudas,D,PHI,2016-02,340.0,288.1,70.8166
8475462,Radko Gudas,D,PHI,2016-03,318.0,269.4,70.8166
8475462,Radko Gudas,D,PHI,2016-04,139.5,118.2,70.8166
8475598,Ryan Stanton,D,WSH,2016-01,1.5,8.7,10.3687
8475613,Nate Prosser,D,MIN,2015-10,27.0,31.8,51.0005
8475613,Nate Prosser,D,MIN,2015-11,103.0,121.2,51.0005
8475613,Nate Prosser,D,MIN,2015-12,118.0,138.8,51.0005
8475613,Nate Prosser,D,MIN,2016-01,87.5,102.9,51.0005
8475613,Nate Prosser,D,MIN,2016-02,103.5,121.8,51.0005
8475613,Nate Prosser,D,MIN,2016-03,61.0,71.8,51.0005
8475613,Nate Prosser,D,MIN,2016-04,22.5,26.5,51.0005
8475622,Carter Hutton,G,NSH,2015-10,-2.0,0.0,0.0
8475622,Carter Hutton,G,NSH,2015-11,5.5,0.0,0.0
8475622,Carter Hutton,G,NSH,2015-12,5.5,0.0,0.0
8475622,Carter Hutton,G,NSH,2016-01,-5.0,0.0,0.0
8475622,Carter Hutton,G,NSH,2016-02,-2.0,0.0,0.0
8475622,Carter Hutton,G,NSH,2016-03,0.5,0.0,0.0
8475625,Matt Irwin,D,BOS,2015-10,7.5,29.9,15.0653
8475650,Brandon Bollig,L,CGY,2015-10,127.5,107.4,71.225
8475650,Brandon Bollig,L,CGY,2015-11,75.5,63.6,71.225
8475650,Brandon Bollig,L,CGY,2015-12,36.0,30.3,71.225
8475650,Brandon Bollig,L,CGY,2016-01,66.0,55.6,71.225
8475650,Brandon Bollig,L,CGY,2016-02,107.0,90.1,71.225
8475650,Brandon Bollig,L,CGY,2016-03,143.5,120.9,71.225
8475650,Brandon Bollig,L,CGY,2016-04,40.0,33.7,71.225
8475660,Cam Talbot,G,EDM,2015-10,-22.5,0.0,0.0
8475660,Cam Talbot,G,EDM,2015-11,-10.0,0.0,0.0
8475660,Cam Talbot,G,EDM,2015-12,-2.0,0.0,0.0
8475660,Cam Talbot,G,EDM,2016-01,-10.0,0.0,0.0
8475660,Cam Talbot,G,EDM,2016-02,-17.0,0.0,0.0
8475660,Cam Talbot,G,EDM,2016-03,-3.5,0.0,0.0
8475660,Cam Talbot,G,EDM,2016-04,-7.5,0.0,0.0
8475661,Dave Dziurzynski,L,OTT,2015-12,205.5,125.8,98.0295
8475661,Dave Dziurzynski,L,OTT,2016-02,25.0,15.3,98.0295
8475663,Eddie Lack,G,CAR,2015-10,-10.0,0.0,0.0
8475663,Eddie Lack,G,CAR,2015-11,-2.5,0.0,0.0
8475663,Eddie Lack,G,CAR,2015-12,5.5,0.0,0.0
8475663,Eddie Lack,G,CAR,2016-01,-7.5,0.0,0.0
8475663,Eddie Lack,G,CAR,2016-02,-5.0,0.0,0.0
8475663,Eddie Lack,G,CAR,2016-03,-5.0,0.0,0.0
8475663,Eddie Lack,G,CAR,2016-04,-2.5,0.0,0.0
8475681,Ben Scrivens,G,MTL,2016-01,-12.5,0.0,0.0
8475681,Ben Scrivens,G,MTL,2016-02,-2.0,0.0,0.0
8475681,Ben Scrivens,G,MTL,2016-03,-15.0,0.0,0.0
8475683,Sergei Bobrovsky,G,CBJ,2015-11,5.0,0.0,0.0
8475683,Sergei Bobrovsky,G,CBJ,2016-01,-2.5,0.0,0.0
8475683,Sergei Bobrovsky,G,CBJ,2016-03,-2.5,0.0,0.0
8475683,Sergei Bobrovsky,G,CBJ,2016-04,-2.5,0.0,0.0
8475690,Chris Tanev,D,VAN,2015-10,160.5,266.1,36.1959
8475690,Chris Tanev,D,VAN,2015-11,174.5,289.3,36.1959
8475690,Chris Tanev,D,VAN,2015-12,138.5,229.6,36.1959
8475690,Chris Tanev,D,VAN,2016-01,129.0,213.8,36.1959
8475690,Chris Tanev,D,VAN,2016-02,171.5,284.3,36.1959
8475690,Chris Tanev,D,VAN,2016-03,75.0,124.3,36.1959
8475690,Chris Tanev,D,VAN,2016-04,56.5,93.7,36.1959
8475692,Mats Zuccarello,C,NYR,2015-10,125.0,199.4,37.6052
8475692,Mats Zuccarello,C,NYR,2015-11,148.5,236.9,37.6052
8475692,Mats Zuccarello,C,NYR,2015-12,120.0,191.5,37.6052
8475692,Mats Zuccarello,C,NYR,2016-01,127.5,203.4,37.6052
8475692,Mats Zuccarello,C,NYR,2016-02,193.0,307.9,37.6052
8475692,Mats Zuccarello,C,NYR,2016-03,164.0,261.7,37.6052
8475692,Mats Zuccarello,C,NYR,2016-04,60.0,95.7,37.6052
8475714,Calle Jarnkrok,C,NSH,2015-10,32.0,54.7,35.0735
8475714,Calle Jarnkrok,C,NSH,2015-11,170.0,290.8,35.0735
8475714,Calle Jarnkrok,C,NSH,2015-12,190.0,325.0,35.0735
8475714,Calle Jarnkrok,C,NSH,2016-01,78.0,133.4,35.0735
8475714,Calle Jarnkrok,C,NSH,2016-02,106.0,181.3,35.0735
8475714,Calle Jarnkrok,C,NSH,2016-03,170.0,290.8,35.0735
8475714,Calle Jarnkrok,C,NSH,2016-04,18.0,30.8,35.0735
8475715,Oscar Lindberg,C,NYR,2015-10,158.5,153.9,61.8101
8475715,Oscar Lindberg,C,NYR,2015-11,201.0,195.1,61.8101
8475715,Oscar Lindberg,C,NYR,2015-12,170.5,165.5,61.8101
8475715,Oscar Lindberg,C,NYR,2016-01,109.0,105.8,61.8101
8475715,Oscar Lindberg,C,NYR,2016-02,133.5,129.6,61.8101
8475715,Oscar Lindberg,C,NYR,2016-03,58.5,56.8,61.8101
8475715,Oscar Lindberg,C,NYR,2016-04,22.0,21.4,61.8101
8475716,Martin Marincin,D,TOR,2015-10,40.5,94.3,25.7615
8475716,Martin Marincin,D,TOR,2015-11,63.0,146.7,25.7615
8475716,Martin Marincin,D,TOR,2015-12,54.5,126.9,25.7615
8475716,Martin Marincin,D,TOR,2016-01,39.5,92.0,25.7615
8475716,Martin Marincin,D,TOR,2016-02,62.5,145.6,25.7615
8475716,Martin Marincin,D,TOR,2016-03,167.0,389.0,25.7615
8475716,Martin Marincin,D,TOR,2016-04,41.0,95.5,25.7615
8475717,Calvin Pickard,G,COL,2015-12,-2.5,0.0,0.0
8475717,Calvin Pickard,G,COL,2016-01,-5.0,0.0,0.0
8475717,Calvin Pickard,G,COL,2016-02,0.5,0.0,0.0
8475717,Calvin Pickard,G,COL,2016-03,-7.5,0.0,0.0
8475717,Calvin Pickard,G,COL,2016-04,5.5,0.0,0.0
8475722,Jason Zucker,L,MIN,2015-10,129.5,193.2,40.2217
8475722,Jason Zucker,L,MIN,2015-11,148.5,221.5,40.2217
8475722,Jason Zucker,L,MIN,2015-12,146.5,218.5,40.2217
8475722,Jason Zucker,L,MIN,2016-01,129.0,192.4,40.2217
8475722,Jason Zucker,L,MIN,2016-02,73.0,108.9,40.2217
8475722,Jason Zucker,L,MIN,2016-03,78.0,116.4,40.2217
8475722,Jason Zucker,L,MIN,2016-04,37.0,55.2,40.2217
8475726,Tyler Toffoli,C,LAK,2015-10,88.0,205.6,25.6753
8475726,Tyler Toffoli,C,LAK,2015-11,77.5,181.1,25.6753
8475726,Tyler Toffoli,C,LAK,2015-12,104.0,243.0,25.6753
8475726,Tyler Toffoli,C,LAK,2016-01,91.5,213.8,25.6753
8475726,Tyler Toffoli,C,LAK,2016-02,97.5,227.8,25.6753
8475726,Tyler Toffoli,C,LAK,2016-03,113.0,264.1,25.6753
8475726,Tyler Toffoli,C,LAK,2016-04,36.0,84.1,25.6753
8475727,Ryan Spooner,C,BOS,2015-10,81.0,163.8,29.6711
8475727,Ryan Spooner,C,BOS,2015-11,72.5,146.6,29.6711
8475727,Ryan Spooner,C,BOS,2015-12,127.0,256.8,29.6711
8475727,Ryan Spooner,C,BOS,2016-01,78.5,158.7,29.6711
8475727,Ryan Spooner,C,BOS,2016-02,101.0,204.2,29.6711
8475727,Ryan Spooner,C,BOS,2016-03,95.0,192.1,29.6711
8475727,Ryan Spooner,C,BOS,2016-04,44.0,89.0,29.6711
8475728,Johan Larsson,L,BUF,2015-10,91.5,92.3,59.4994
8475728,Johan Larsson,L,BUF,2015-11,115.0,116.0,59.4994
8475728,Johan Larsson,L,BUF,2015-12,149.5,150.8,59.4994
8475728,Johan Larsson,L,BUF,2016-01,165.0,166.4,59.4994
8475728,Johan Larsson,L,BUF,2016-02,186.0,187.6,59.4994
8475728,Johan Larsson,L,BUF,2016-03,334.5,337.3,59.4994
8475728,Johan Larsson,L,BUF,2016-04,46.0,46.4,59.4994
8475730,Stephen Johns,D,DAL,2016-03,221.0,191.9,69.105
8475730,Stephen Johns,D,DAL,2016-04,66.5,57.7,69.105
8475735,Greg McKegg,C,FLA,2016-02,53.5,45.5,70.4771
8475735,Greg McKegg,C,FLA,2016-03,57.5,49.0,70.4771
8475735,Greg McKegg,C,FLA,2016-04,34.5,29.4,70.4771
8475736,Connor Brickley,L,FLA,2015-10,151.5,114.3,79.5296
8475736,Connor Brickley,L,FLA,2015-11,18.0,13.6,79.5296
8475736,Connor Brickley,L,FLA,2015-12,96.5,72.8,79.5296
8475738,Jordan Weal,C,PHI,2015-10,19.0,38.0,29.9886
8475738,Jordan Weal,C,PHI,2015-11,2.0,4.0,29.9886
8475738,Jordan Weal,C,PHI,2015-12,19.0,38.0,29.9886
8475738,Jordan Weal,C,PHI,2016-01,6.0,12.0,29.9886
8475738,Jordan Weal,C,PHI,2016-02,13.5,27.0,29.9886
8475738,Jordan Weal,C,PHI,2016-04,6.0,12.0,29.9886
8475744,Evgeny Kuznetsov,C,WSH,2015-10,157.0,219.5,42.9187
8475744,Evgeny Kuznetsov,C,WSH,2015-11,105.5,147.5,42.9187
8475744,Evgeny Kuznetsov,C,WSH,2015-12,256.0,357.9,42.9187
8475744,Evgeny Kuznetsov,C,WSH,2016-01,131.0,183.1,42.9187
8475744,Evgeny Kuznetsov,C,WSH,2016-02,171.5,239.8,42.9187
8475744,Evgeny Kuznetsov,C,WSH,2016-03,145.5,203.4,42.9187
8475744,Evgeny Kuznetsov,C,WSH,2016-04,55.0,76.9,42.9187
8475745,Charlie Coyle,C,MIN,2015-10,215.0,248.5,51.9166
8475745,Charlie Coyle,C,MIN,2015-11,214.0,247.3,51.9166
8475745,Charlie Coyle,C,MIN,2015-12,188.0,217.3,51.9166
8475745,Charlie Coyle,C,MIN,2016-01,210.5,243.3,51.9166
8475745,Charlie Coyle,C,MIN,2016-02,208.5,241.0,51.9166
8475745,Charlie Coyle,C,MIN,2016-03,165.5,191.3,51.9166
8475745,Charlie Coyle,C,MIN,2016-04,26.5,30.6,51.9166
8475747,Patrik Nemeth,D,DAL,2015-10,11.0,14.3,46.1865
8475747,Patrik Nemeth,D,DAL,2015-11,21.5,27.9,46.1865
8475747,Patrik Nemeth,D,DAL,2015-12,53.0,68.9,46.1865
8475747,Patrik Nemeth,D,DAL,2016-01,21.5,27.9,46.1865
8475747,Patrik Nemeth,D,DAL,2016-02,158.0,205.3,46.1865
8475747,Patrik Nemeth,D,DAL,2016-03,174.5,226.7,46.1865
8475747,Patrik Nemeth,D,DAL,2016-04,18.0,23.4,46.1865
8475749,Christian Thomas,L,ARI,2015-11,3.5,5.1,40.8354
8475749,Christian Thomas,L,ARI,2015-12,30.0,44.1,40.8354
8475749,Christian Thomas,L,ARI,2016-01,3.0,4.4,40.8354
8475750,Jon Merrill,D,NJD,2015-10,42.5,68.0,37.475
8475750,Jon Merrill,D,NJD,2015-11,150.0,240.2,37.475
8475750,Jon Merrill,D,NJD,2015-12,89.0,142.5,37.475
8475750,Jon Merrill,D,NJD,2016-01,91.5,146.5,37.475
8475750,Jon Merrill,D,NJD,2016-02,56.0,89.7,37.475
8475750,Jon Merrill,D,NJD,2016-03,67.0,107.3,37.475
8475753,Justin Faulk,D,CAR,2015-10,113.5,239.3,28.4628
8475753,Justin Faulk,D,CAR,2015-11,152.0,320.4,28.4628
8475753,Justin Faulk,D,CAR,2015-12,231.5,488.0,28.4628
8475753,Justin Faulk,D,CAR,2016-01,117.0,246.6,28.4628
8475753,Justin Faulk,D,CAR,2016-02,29.0,61.1,28.4628
8475753,Justin Faulk,D,CAR,2016-03,47.0,99.1,28.4628
8475753,Justin Faulk,D,CAR,2016-04,40.0,84.3,28.4628
8475754,Brock Nelson,C,NYI,2015-10,120.5,175.5,41.2009
8475754,Brock Nelson,C,NYI,2015-11,195.5,284.7,41.2009
8475754,Brock Nelson,C,NYI,2015-12,137.0,199.5,41.2009
8475754,Brock Nelson,C,NYI,2016-01,95.5,139.1,41.2009
8475754,Brock Nelson,C,NYI,2016-02,125.0,182.0,41.2009
8475754,Brock Nelson,C,NYI,2016-03,135.5,197.3,41.2009
8475754,Brock Nelson,C,NYI,2016-04,70.0,101.9,41.2009
8475755,Alexander Petrovic,D,FLA,2015-10,199.0,217.7,54.8491
8475755,Alexander Petrovic,D,FLA,2015-11,158.5,173.4,54.8491
8475755,Alexander Petrovic,D,FLA,2015-12,46.0,50.3,54.8491
8475755,Alexander Petrovic,D,FLA,2016-01,239.5,262.0,54.8491
8475755,Alexander Petrovic,D,FLA,2016-02,197.0,215.5,54.8491
8475755,Alexander Petrovic,D,FLA,2016-03,126.5,138.4,54.8491
8475755,Alexander Petrovic,D,FLA,2016-04,56.5,61.8,54.8491
8475756,John McFarland,C,FLA,2016-02,30.0,29.7,60.5449
8475757,Brett Bulmer,R,MIN,2015-11,25.0,20.1,74.4417
8475758,Devante Smith-Pelly,R,NJD,2015-10,121.5,121.5,59.9832
8475758,Devante Smith-Pelly,R,NJD,2015-11,160.5,160.5,59.9832
8475758,Devante Smith-Pelly,R,NJD,2015-12,31.5,31.5,59.9832
8475758,Devante Smith-Pelly,R,NJD,2016-01,91.5,91.5,59.9832
8475758,Devante Smith-Pelly,R,NJD,2016-02,162.5,162.5,59.9832
8475758,Devante Smith-Pelly,R,NJD,2016-03,182.0,182.1,59.9832
8475758,Devante Smith-Pelly,R,NJD,2016-04,37.0,37.0,59.9832
8475759,Brandon Gormley,D,COL,2015-10,16.0,32.6,29.4722
8475759,Brandon Gormley,D,COL,2015-11,81.5,165.9,29.4722
8475759,Brandon Gormley,D,COL,2015-12,56.0,114.0,29.4722
8475759,Brandon Gormley,D,COL,2016-01,2.0,4.1,29.4722
8475760,Nick Bjugstad,C,FLA,2015-10,154.5,181.1,51.1851
8475760,Nick Bjugstad,C,FLA,2015-11,189.5,222.1,51.1851
8475760,Nick Bjugstad,C,FLA,2016-01,114.5,134.2,51.1851
8475760,Nick Bjugstad,C,FLA,2016-02,140.5,164.7,51.1851
8475760,Nick Bjugstad,C,FLA,2016-03,200.0,234.4,51.1851
8475760,Nick Bjugstad,C,FLA,2016-04,87.5,102.6,51.1851
8475761,Beau Bennett,R,PIT,2015-10,52.0,65.5,47.6118
8475761,Beau Bennett,R,PIT,2015-11,120.5,151.9,47.6118
8475761,Beau Bennett,R,PIT,2015-12,92.0,115.9,47.6118
8475761,Beau Bennett,R,PIT,2016-01,6.0,7.6,47.6118
8475761,Beau Bennett,R,PIT,2016-03,19.5,24.6,47.6118
8475761,Beau Bennett,R,PIT,2016-04,21.5,27.1,47.6118
8475762,Derek Forbort,D,LAK,2015-10,9.0,17.3,31.2359
8475762,Derek Forbort,D,LAK,2015-11,31.0,59.5,31.2359
8475762,Derek Forbort,D,LAK,2015-12,34.5,66.3,31.2359
8475762,Derek Forbort,D,LAK,2016-01,6.0,11.5,31.2359
8475763,Kevin Hayes,R,NYR,2015-10,76.5,171.3,26.7934
8475763,Kevin Hayes,R,NYR,2015-11,87.5,195.9,26.7934
8475763,Kevin Hayes,R,NYR,2015-12,68.5,153.4,26.7934
8475763,Kevin Hayes,R,NYR,2016-01,64.0,143.3,26.7934
8475763,Kevin Hayes,R,NYR,2016-02,98.5,220.6,26.7934
8475763,Kevin Hayes,R,NYR,2016-03,76.0,170.2,26.7934
8475763,Kevin Hayes,R,NYR,2016-04,11.0,24.6,26.7934
8475764,Cam Fowler,D,ANA,2015-10,78.0,167.6,27.9222
8475764,Cam Fowler,D,ANA,2015-11,169.0,363.2,27.9222
8475764,Cam Fowler,D,ANA,2015-12,98.0,210.6,27.9222
8475764,Cam Fowler,D,ANA,2016-02,145.5,312.7,27.9222
8475764,Cam Fowler,D,ANA,2016-03,188.0,404.0,27.9222
8475764,Cam Fowler,D,ANA,2016-04,53.0,113.9,27.9222
8475765,Vladimir Tarasenko,R,STL,2015-10,70.0,173.8,24.1647
8475765,Vladimir Tarasenko,R,STL,2015-11,73.5,182.5,24.1647
8475765,Vladimir Tarasenko,R,STL,2015-12,147.5,366.2,24.1647
8475765,Vladimir Tarasenko,R,STL,2016-01,88.5,219.7,24.1647
8475765,Vladimir Tarasenko,R,STL,2016-02,106.0,263.2,24.1647
8475765,Vladimir Tarasenko,R,STL,2016-03,82.0,203.6,24.1647
8475765,Vladimir Tarasenko,R,STL,2016-04,33.0,81.9,24.1647
8475766,Austin Watson,L,NSH,2015-10,84.5,97.1,52.1968
8475766,Austin Watson,L,NSH,2015-11,91.5,105.2,52.1968
8475766,Austin Watson,L,NSH,2015-12,85.0,97.7,52.1968
8475766,Austin Watson,L,NSH,2016-01,58.5,67.2,52.1968
8475766,Austin Watson,L,NSH,2016-02,110.5,127.0,52.1968
8475766,Austin Watson,L,NSH,2016-03,52.5,60.3,52.1968
8475766,Austin Watson,L,NSH,2016-04,13.5,15.5,52.1968
8475768,Jaden Schwartz,C,STL,2015-10,55.5,125.3,26.58
8475768,Jaden Schwartz,C,STL,2016-02,76.0,171.6,26.58
8475768,Jaden Schwartz,C,STL,2016-03,86.5,195.3,26.58
8475768,Jaden Schwartz,C,STL,2016-04,33.5,75.6,26.58
8475769,Quinton Howden,C,FLA,2015-10,138.5,139.1,59.7427
8475769,Quinton Howden,C,FLA,2015-11,114.0,114.5,59.7427
8475769,Quinton Howden,C,FLA,2015-12,92.5,92.9,59.7427
8475769,Quinton Howden,C,FLA,2016-01,90.0,90.4,59.7427
8475769,Quinton Howden,C,FLA,2016-02,66.0,66.3,59.7427
8475769,Quinton Howden,C,FLA,2016-03,78.5,78.8,59.7427
8475769,Quinton Howden,C,FLA,2016-04,19.5,19.6,59.7427
8475770,Emerson Etem,R,VAN,2015-10,41.5,48.0,51.8421
8475770,Emerson Etem,R,VAN,2015-11,94.0,108.8,51.8421
8475770,Emerson Etem,R,VAN,2015-12,67.0,77.5,51.8421
8475770,Emerson Etem,R,VAN,2016-01,89.5,103.6,51.8421
8475770,Emerson Etem,R,VAN,2016-02,109.0,126.2,51.8421
8475770,Emerson Etem,R,VAN,2016-03,177.5,205.4,51.8421
8475770,Emerson Etem,R,VAN,2016-04,80.5,93.2,51.8421
8475772,Riley Sheahan,C,DET,2015-10,93.5,130.0,43.1628
8475772,Riley Sheahan,C,DET,2015-11,143.5,199.5,43.1628
8475772,Riley Sheahan,C,DET,2015-12,150.5,209.2,43.1628
8475772,Riley Sheahan,C,DET,2016-01,113.5,157.8,43.1628
8475772,Riley Sheahan,C,DET,2016-02,149.0,207.1,43.1628
8475772,Riley Sheahan,C,DET,2016-03,167.0,232.1,43.1628
8475772,Riley Sheahan,C,DET,2016-04,70.5,98.0,43.1628
8475774,Petter Granberg,D,NSH,2016-01,40.0,51.6,46.4865
8475774,Petter Granberg,D,NSH,2016-02,71.5,92.3,46.4865
8475774,Petter Granberg,D,NSH,2016-03,122.0,157.5,46.4865
8475774,Petter Granberg,D,NSH,2016-04,53.5,69.1,46.4865
8475775,Tye McGinn,L,TBL,2015-11,6.5,17.1,22.8337
8475780,Chris Wagner,R,ANA,2015-10,70.0,48.0,87.4844
8475780,Chris Wagner,R,ANA,2015-11,208.0,142.7,87.4844
8475780,Chris Wagner,R,ANA,2015-12,56.5,38.7,87.4844
8475780,Chris Wagner,R,ANA,2016-01,71.5,49.0,87.4844
8475780,Chris Wagner,R,ANA,2016-02,67.0,46.0,87.4844
8475780,Chris Wagner,R,ANA,2016-04,101.0,69.3,87.4844
8475782,Morgan Ellis,D,MTL,2016-03,17.0,26.9,37.9606
8475784,Jeff Skinner,C,CAR,2015-10,71.0,129.9,32.7972
8475784,Jeff Skinner,C,CAR,2015-11,135.0,247.0,32.7972
8475784,Jeff Skinner,C,CAR,2015-12,119.0,217.7,32.7972
8475784,Jeff Skinner,C,CAR,2016-01,110.5,202.2,32.7972
8475784,Jeff Skinner,C,CAR,2016-02,104.0,190.3,32.7972
8475784,Jeff Skinner,C,CAR,2016-03,152.5,279.0,32.7972
8475784,Jeff Skinner,C,CAR,2016-04,38.0,69.5,32.7972
8475786,Zach Hyman,C,TOR,2016-02,13.0,11.6,67.4157
8475786,Zach Hyman,C,TOR,2016-03,269.0,239.4,67.4157
8475788,Alexander Burmistrov,C,WPG,2015-10,98.0,138.8,42.3671
8475788,Alexander Burmistrov,C,WPG,2015-11,113.0,160.0,42.3671
8475788,Alexander Burmistrov,C,WPG,2015-12,184.5,261.3,42.3671
8475788,Alexander Burmistrov,C,WPG,2016-01,142.5,201.8,42.3671
8475788,Alexander Burmistrov,C,WPG,2016-02,133.0,188.4,42.3671
8475788,Alexander Burmistrov,C,WPG,2016-03,212.0,300.2,42.3671
8475788,Alexander Burmistrov,C,WPG,2016-04,42.0,59.5,42.3671
8475790,Erik Gudbranson,D,FLA,2015-10,218.0,274.0,47.7315
8475790,Erik Gudbranson,D,FLA,2015-11,212.0,266.5,47.7315
8475790,Erik Gudbranson,D,FLA,2015-12,196.5,247.0,47.7315
8475790,Erik Gudbranson,D,FLA,2016-01,182.5,229.4,47.7315
8475790,Erik Gudbranson,D,FLA,2016-02,79.0,99.3,47.7315
8475790,Erik Gudbranson,D,FLA,2016-03,97.0,121.9,47.7315
8475790,Erik Gudbranson,D,FLA,2016-04,39.0,49.0,47.7315
8475791,Taylor Hall,L,EDM,2015-10,178.5,292.5,36.6153
8475791,Taylor Hall,L,EDM,2015-11,138.5,227.0,36.6153
8475791,Taylor Hall,L,EDM,2015-12,174.5,285.9,36.6153
8475791,Taylor Hall,L,EDM,2016-01,102.5,168.0,36.6153
8475791,Taylor Hall,L,EDM,2016-02,171.5,281.0,36.6153
8475791,Taylor Hall,L,EDM,2016-03,164.0,268.7,36.6153
8475791,Taylor Hall,L,EDM,2016-04,31.5,51.6,36.6153
8475792,Brett Connolly,R,BOS,2015-10,100.5,127.8,47.173
8475792,Brett Connolly,R,BOS,2015-11,116.0,147.5,47.173
8475792,Brett Connolly,R,BOS,2015-12,162.5,206.7,47.173
8475792,Brett Connolly,R,BOS,2016-01,134.5,171.1,47.173
8475792,Brett Connolly,R,BOS,2016-02,137.0,174.3,47.173
8475792,Brett Connolly,R,BOS,2016-03,73.0,92.8,47.173
8475793,Ryan Johansen,C,NSH,2015-10,144.0,169.1,51.0954
8475793,Ryan Johansen,C,NSH,2015-11,196.0,230.2,51.0954
8475793,Ryan Johansen,C,NSH,2015-12,220.5,258.9,51.0954
8475793,Ryan Johansen,C,NSH,2016-01,171.5,201.4,51.0954
8475793,Ryan Johansen,C,NSH,2016-02,134.5,157.9,51.0954
8475793,Ryan Johansen,C,NSH,2016-03,269.5,316.5,51.0954
8475793,Ryan Johansen,C,NSH,2016-04,60.5,71.0,51.0954
8475794,Tyler Seguin,C,DAL,2015-10,94.0,174.4,32.3392
8475794,Tyler Seguin,C,DAL,2015-11,122.5,227.3,32.3392
8475794,Tyler Seguin,C,DAL,2015-12,162.5,301.5,32.3392
8475794,Tyler Seguin,C,DAL,2016-01,104.5,193.9,32.3392
8475794,Tyler Seguin,C,DAL,2016-02,166.5,308.9,32.3392
8475794,Tyler Seguin,C,DAL,2016-03,104.5,193.9,32.3392
8475795,Dylan McIlrath,D,NYR,2015-10,5.0,4.2,71.5297
8475795,Dylan McIlrath,D,NYR,2015-11,76.0,63.7,71.5297
8475795,Dylan McIlrath,D,NYR,2015-12,177.5,148.9,71.5297
8475795,Dylan McIlrath,D,NYR,2016-01,77.0,64.6,71.5297
8475795,Dylan McIlrath,D,NYR,2016-02,160.5,134.6,71.5297
8475795,Dylan McIlrath,D,NYR,2016-03,30.0,25.2,71.5297
8475795,Dylan McIlrath,D,NYR,2016-04,46.5,39.0,71.5297
8475796,Mark Pysyk,D,BUF,2015-10,75.5,162.1,27.9534
8475796,Mark Pysyk,D,BUF,2015-11,34.0,73.0,27.9534
8475796,Mark Pysyk,D,BUF,2016-01,65.0,139.5,27.9534
8475796,Mark Pysyk,D,BUF,2016-02,96.0,206.1,27.9534
8475796,Mark Pysyk,D,BUF,2016-03,108.0,231.8,27.9534
8475796,Mark Pysyk,D,BUF,2016-04,29.0,62.2,27.9534
8475797,Jarred Tinordi,D,ARI,2015-12,49.5,45.8,64.8342
8475797,Jarred Tinordi,D,ARI,2016-01,46.0,42.6,64.8342
8475797,Jarred Tinordi,D,ARI,2016-02,39.0,36.1,64.8342
8475797,Jarred Tinordi,D,ARI,2016-03,20.0,18.5,64.8342
8475798,Mikael Granlund,C,MIN,2015-10,174.5,217.2,48.1963
8475798,Mikael Granlund,C,MIN,2015-11,187.5,233.4,48.1963
8475798,Mikael Granlund,C,MIN,2015-12,177.0,220.3,48.1963
8475798,Mikael Granlund,C,MIN,2016-01,194.0,241.5,48.1963
8475798,Mikael Granlund,C,MIN,2016-02,202.0,251.5,48.1963
8475798,Mikael Granlund,C,MIN,2016-03,202.0,251.5,48.1963
8475798,Mikael Granlund,C,MIN,2016-04,56.5,70.3,48.1963
8475799,Nino Niederreiter,R,MIN,2015-10,114.5,160.6,42.7674
8475799,Nino Niederreiter,R,MIN,2015-11,155.0,217.5,42.7674
8475799,Nino Niederreiter,R,MIN,2015-12,115.0,161.3,42.7674
8475799,Nino Niederreiter,R,MIN,2016-01,168.5,236.4,42.7674
8475799,Nino Niederreiter,R,MIN,2016-02,148.5,208.3,42.7674
8475799,Nino Niederreiter,R,MIN,2016-03,158.0,221.7,42.7674
8475799,Nino Niederreiter,R,MIN,2016-04,49.0,68.7,42.7674
8475800,Teemu Pulkkinen,L,DET,2015-10,76.5,197.3,23.2698
8475800,Teemu Pulkkinen,L,DET,2015-11,37.0,95.4,23.2698
8475800,Teemu Pulkkinen,L,DET,2015-12,7.0,18.0,23.2698
8475800,Teemu Pulkkinen,L,DET,2016-01,10.5,27.1,23.2698
8475800,Teemu Pulkkinen,L,DET,2016-02,18.0,46.4,23.2698
8475800,Teemu Pulkkinen,L,DET,2016-03,12.5,32.2,23.2698
8475807,Joakim Nordstrom,C,CAR,2015-10,15.5,23.4,39.8042
8475807,Joakim Nordstrom,C,CAR,2015-11,109.0,164.3,39.8042
8475807,Joakim Nordstrom,C,CAR,2015-12,175.0,263.8,39.8042
8475807,Joakim Nordstrom,C,CAR,2016-01,128.0,192.9,39.8042
8475807,Joakim Nordstrom,C,CAR,2016-02,127.0,191.4,39.8042
8475807,Joakim Nordstrom,C,CAR,2016-03,141.5,213.3,39.8042
8475807,Joakim Nordstrom,C,CAR,2016-04,40.0,60.3,39.8042
8475808,Michael Chaput,C,CBJ,2015-12,67.0,52.7,76.2712
8475808,Michael Chaput,C,CBJ,2016-03,24.5,19.3,76.2712
8475810,Bryan Rust,R,PIT,2015-10,23.0,24.4,56.6159
8475810,Bryan Rust,R,PIT,2016-01,102.5,108.6,56.6159
8475810,Bryan Rust,R,PIT,2016-02,152.0,161.1,56.6159
8475810,Bryan Rust,R,PIT,2016-03,206.0,218.3,56.6159
8475815,Julian Melchiori,D,WPG,2016-03,65.5,88.2,44.5336
8475815,Julian Melchiori,D,WPG,2016-04,45.5,61.3,44.5336
8475816,Stanislav Galiev,R,WSH,2015-10,-1.0,-2.4,0.0
8475816,Stanislav Galiev,R,WSH,2015-11,9.5,22.5,25.3564
8475816,Stanislav Galiev,R,WSH,2015-12,11.0,26.0,25.3564
8475816,Stanislav Galiev,R,WSH,2016-01,30.5,72.2,25.3564
8475816,Stanislav Galiev,R,WSH,2016-02,11.0,26.0,25.3564
8475816,Stanislav Galiev,R,WSH,2016-03,12.0,28.4,25.3564
8475816,Stanislav Galiev,R,WSH,2016-04,19.5,46.1,25.3564
8475820,Joonas Donskoi,R,SJS,2015-10,40.5,63.0,38.5441
8475820,Joonas Donskoi,R,SJS,2015-11,123.0,191.5,38.5441
8475820,Joonas Donskoi,R,SJS,2015-12,108.0,168.1,38.5441
8475820,Joonas Donskoi,R,SJS,2016-01,125.0,194.6,38.5441
8475820,Joonas Donskoi,R,SJS,2016-02,124.0,193.0,38.5441
8475820,Joonas Donskoi,R,SJS,2016-03,149.5,232.7,38.5441
8475820,Joonas Donskoi,R,SJS,2016-04,21.0,32.7,38.5441
8475829,John Ramage,D,CBJ,2016-03,16.0,14.2,67.8445
8475831,Philipp Grubauer,G,WSH,2015-10,0.0,0.0,0.0
8475831,Philipp Grubauer,G,WSH,2015-11,-2.5,0.0,0.0
8475831,Philipp Grubauer,G,WSH,2015-12,-7.0,0.0,0.0
8475831,Philipp Grubauer,G,WSH,2016-01,-7.5,0.0,0.0
8475831,Philipp Grubauer,G,WSH,2016-02,6.0,0.0,0.0
8475831,Philipp Grubauer,G,WSH,2016-03,-7.5,0.0,0.0
8475831,Philipp Grubauer,G,WSH,2016-04,-2.5,0.0,0.0
8475832,Tom Kuhnhackl,R,PIT,2016-01,55.5,69.4,48.0094
8475832,Tom Kuhnhackl,R,PIT,2016-02,141.5,176.8,48.0094
8475832,Tom Kuhnhackl,R,PIT,2016-03,150.0,187.5,48.0094
8475832,Tom Kuhnhackl,R,PIT,2016-04,63.0,78.7,48.0094
8475836,Alex Friesen,C,VAN,2016-02,8.0,11.7,40.9556
8475839,Louis Domingue,G,ARI,2015-12,-12.5,0.0,0.0
8475839,Louis Domingue,G,ARI,2016-01,-12.5,0.0,0.0
8475839,Louis Domingue,G,ARI,2016-02,9.0,0.0,0.0
8475839,Louis Domingue,G,ARI,2016-03,-2.5,0.0,0.0
8475839,Louis Domingue,G,ARI,2016-04,-2.5,0.0,0.0
8475842,Sam Carrick,C,TOR,2016-04,28.0,34.4,48.8372
8475844,Kenny Agostino,L,CGY,2016-03,9.5,27.1,21.0332
8475848,Brendan Gallagher,R,MTL,2015-10,171.0,220.4,46.5437
8475848,Brendan Gallagher,R,MTL,2015-11,152.0,195.9,46.5437
8475848,Brendan Gallagher,R,MTL,2016-01,167.5,215.9,46.5437
8475848,Brendan Gallagher,R,MTL,2016-02,170.0,219.1,46.5437
8475848,Brendan Gallagher,R,MTL,2016-03,10.5,13.5,46.5437
8475848,Brendan Gallagher,R,MTL,2016-04,10.5,13.5,46.5437
8475852,Petr Mrazek,G,DET,2015-10,-4.5,0.0,0.0
8475852,Petr Mrazek,G,DET,2015-11,-7.5,0.0,0.0
8475852,Petr Mrazek,G,DET,2015-12,0.5,0.0,0.0
8475852,Petr Mrazek,G,DET,2016-01,3.0,0.0,0.0
8475852,Petr Mrazek,G,DET,2016-02,-10.0,0.0,0.0
8475852,Petr Mrazek,G,DET,2016-03,-2.0,0.0,0.0
8475852,Petr Mrazek,G,DET,2016-04,-2.5,0.0,0.0
8475855,Jesper Fast,R,NYR,2015-10,110.0,153.8,42.9109
8475855,Jesper Fast,R,NYR,2015-11,160.5,224.4,42.9109
8475855,Jesper Fast,R,NYR,2015-12,108.5,151.7,42.9109
8475855,Jesper Fast,R,NYR,2016-01,110.0,153.8,42.9109
8475855,Jesper Fast,R,NYR,2016-02,165.5,231.4,42.9109
8475855,Jesper Fast,R,NYR,2016-03,145.0,202.7,42.9109
8475855,Jesper Fast,R,NYR,2016-04,44.5,62.2,42.9109
8475857,Kevin Gravel,D,LAK,2016-02,33.0,45.9,43.1655
8475857,Kevin Gravel,D,LAK,2016-04,9.0,12.5,43.1655
8475868,Anthony Bitetto,D,NSH,2015-10,7.5,6.3,71.5232
8475868,Anthony Bitetto,D,NSH,2016-01,72.0,60.4,71.5232
8475868,Anthony Bitetto,D,NSH,2016-02,158.0,132.5,71.5232
8475868,Anthony Bitetto,D,NSH,2016-03,121.0,101.5,71.5232
8475868,Anthony Bitetto,D,NSH,2016-04,46.5,39.0,71.5232
8475869,Brandon Davidson,D,EDM,2015-10,51.0,73.5,41.6437
8475869,Brandon Davidson,D,EDM,2015-11,159.0,229.1,41.6437
8475869,Brandon Davidson,D,EDM,2015-12,112.0,161.4,41.6437
8475869,Brandon Davidson,D,EDM,2016-01,144.5,208.2,41.6437
8475869,Brandon Davidson,D,EDM,2016-02,170.0,244.9,41.6437
8475869,Brandon Davidson,D,EDM,2016-03,43.0,62.0,41.6437
8475878,Freddie Hamilton,C,CGY,2016-03,50.5,50.8,59.6457
8475883,Frederik Andersen,G,ANA,2015-10,0.5,0.0,0.0
8475883,Frederik Andersen,G,ANA,2015-11,-10.0,0.0,0.0
8475883,Frederik Andersen,G,ANA,2015-12,-2.5,0.0,0.0
8475883,Frederik Andersen,G,ANA,2016-01,-2.5,0.0,0.0
8475883,Frederik Andersen,G,ANA,2016-02,-12.0,0.0,0.0
8475883,Frederik Andersen,G,ANA,2016-03,-7.0,0.0,0.0
8475883,Frederik Andersen,G,ANA,2016-04,3.0,0.0,0.0
8475902,Zach Trotman,D,BOS,2015-10,10.5,13.9,45.4861
8475902,Zach Trotman,D,BOS,2015-11,140.5,185.3,45.4861
8475902,Zach Trotman,D,BOS,2015-12,72.5,95.6,45.4861
8475902,Zach Trotman,D,BOS,2016-01,165.0,217.6,45.4861
8475902,Zach Trotman,D,BOS,2016-02,127.5,168.2,45.4861
8475902,Zach Trotman,D,BOS,2016-03,12.5,16.5,45.4861
8475902,Zach Trotman,D,BOS,2016-04,6.0,7.9,45.4861
8475906,John Klingberg,D,DAL,2015-10,122.5,289.0,25.4364
8475906,John Klingberg,D,DAL,2015-11,129.5,305.5,25.4364
8475906,John Klingberg,D,DAL,2015-12,119.0,280.7,25.4364
8475906,John Klingberg,D,DAL,2016-01,97.0,228.8,25.4364
8475906,John Klingberg,D,DAL,2016-02,157.5,371.5,25.4364
8475906,John Klingberg,D,DAL,2016-03,68.5,161.6,25.4364
8475906,John Klingberg,D,DAL,2016-04,37.0,87.3,25.4364
8475907,Micheal Ferland,L,CGY,2015-10,108.5,101.2,64.3216
8475907,Micheal Ferland,L,CGY,2015-11,120.0,111.9,64.3216
8475907,Micheal Ferland,L,CGY,2015-12,183.5,171.2,64.3216
8475907,Micheal Ferland,L,CGY,2016-01,130.0,121.3,64.3216
8475907,Micheal Ferland,L,CGY,2016-02,183.5,171.2,64.3216
8475907,Micheal Ferland,L,CGY,2016-03,198.0,184.7,64.3216
8475907,Micheal Ferland,L,CGY,2016-04,36.5,34.0,64.3216
8475913,Mark Stone,R,OTT,2015-10,102.0,176.2,34.7427
8475913,Mark Stone,R,OTT,2015-11,104.5,180.5,34.7427
8475913,Mark Stone,R,OTT,2015-12,153.0,264.2,34.7427
8475913,Mark Stone,R,OTT,2016-01,119.0,205.5,34.7427
8475913,Mark Stone,R,OTT,2016-02,222.5,384.3,34.7427
8475913,Mark Stone,R,OTT,2016-03,172.5,297.9,34.7427
8475949,Marek Hrivik,L,NYR,2016-02,11.0,24.6,26.8757
8475949,Marek Hrivik,L,NYR,2016-04,13.0,29.0,26.8757
8475958,Michael Sgarbossa,C,ANA,2016-04,7.5,8.3,53.8922
8475980,Brody Sutter,C,CAR,2016-03,69.5,59.7,69.8453
8475980,Brody Sutter,C,CAR,2016-04,14.0,12.0,69.8453
8476043,Ben Street,C,COL,2015-11,63.5,51.4,74.0957
8476062,Mark Arcobello,R,TOR,2015-10,42.0,48.7,51.7058
8476062,Mark Arcobello,R,TOR,2015-12,15.5,18.0,51.7058
8476062,Mark Arcobello,R,TOR,2016-01,37.5,43.5,51.7058
8476062,Mark Arcobello,R,TOR,2016-02,123.5,143.3,51.7058
8476116,Ryan Garbutt,C,ANA,2015-10,161.0,146.8,65.7922
8476116,Ryan Garbutt,C,ANA,2015-11,147.5,134.5,65.7922
8476116,Ryan Garbutt,C,ANA,2015-12,99.0,90.3,65.7922
8476116,Ryan Garbutt,C,ANA,2016-01,101.5,92.6,65.7922
8476116,Ryan Garbutt,C,ANA,2016-02,157.0,143.2,65.7922
8476116,Ryan Garbutt,C,ANA,2016-03,197.5,180.1,65.7922
8476116,Ryan Garbutt,C,ANA,2016-04,87.0,79.3,65.7922
8476147,Kael Mouillierat,L,PIT,2016-04,19.5,10.7,109.5506
8476158,Harry Zolnierczyk,L,ANA,2016-02,16.0,8.8,109.0909
8476166,Taylor Fedun,D,VAN,2016-01,20.0,18.8,63.8298
8476177,Matt Read,R,PHI,2015-10,121.5,186.4,39.112
8476177,Matt Read,R,PHI,2015-11,116.5,178.7,39.112
8476177,Matt Read,R,PHI,2015-12,116.5,178.7,39.112
8476177,Matt Read,R,PHI,2016-01,114.5,175.6,39.112
8476177,Matt Read,R,PHI,2016-02,135.0,207.1,39.112
8476177,Matt Read,R,PHI,2016-03,131.5,201.7,39.112
8476177,Matt Read,R,PHI,2016-04,50.0,76.7,39.112
8476191,Kevan Miller,D,BOS,2015-10,220.0,233.3,56.5783
8476191,Kevan Miller,D,BOS,2015-11,133.0,141.0,56.5783
8476191,Kevan Miller,D,BOS,2015-12,227.5,241.3,56.5783
8476191,Kevan Miller,D,BOS,2016-01,241.0,255.6,56.5783
8476191,Kevan Miller,D,BOS,2016-02,206.5,219.0,56.5783
8476191,Kevan Miller,D,BOS,2016-03,202.5,214.7,56.5783
8476191,Kevan Miller,D,BOS,2016-04,45.5,48.3,56.5783
8476200,Paul Thompson,R,NJD,2016-01,18.5,37.6,29.537
8476209,Mike Sislo,R,NJD,2015-12,8.0,12.9,37.2904
8476209,Mike Sislo,R,NJD,2016-01,22.5,36.2,37.2904
8476209,Mike Sislo,R,NJD,2016-03,80.5,129.5,37.2904
8476209,Mike Sislo,R,NJD,2016-04,28.0,45.1,37.2904
8476234,Keith Kinkaid,G,NJD,2015-11,-2.5,0.0,0.0
8476234,Keith Kinkaid,G,NJD,2015-12,3.0,0.0,0.0
8476234,Keith Kinkaid,G,NJD,2016-03,-7.0,0.0,0.0
8476235,Justin Fontaine,R,MIN,2015-10,58.0,157.2,22.1416
8476235,Justin Fontaine,R,MIN,2015-11,2.0,5.4,22.1416
8476235,Justin Fontaine,R,MIN,2015-12,42.5,115.2,22.1416
8476235,Justin Fontaine,R,MIN,2016-01,27.5,74.5,22.1416
8476235,Justin Fontaine,R,MIN,2016-02,74.0,200.5,22.1416
8476235,Justin Fontaine,R,MIN,2016-03,55.5,150.4,22.1416
8476235,Justin Fontaine,R,MIN,2016-04,3.0,8.1,22.1416
8476279,Jyrki Jokipakka,D,CGY,2015-10,80.0,123.4,38.8954
8476279,Jyrki Jokipakka,D,CGY,2015-11,107.0,165.1,38.8954
8476279,Jyrki Jokipakka,D,CGY,2015-12,90.0,138.8,38.8954
8476279,Jyrki Jokipakka,D,CGY,2016-01,105.0,162.0,38.8954
8476279,Jyrki Jokipakka,D,CGY,2016-02,16.5,25.5,38.8954
8476279,Jyrki Jokipakka,D,CGY,2016-03,165.5,255.3,38.8954
8476279,Jyrki Jokipakka,D,CGY,2016-04,21.0,32.4,38.8954
8476288,Ryan Dzingel,C,OTT,2015-12,5.0,6.7,44.9171
8476288,Ryan Dzingel,C,OTT,2016-02,77.5,103.5,44.9171
8476288,Ryan Dzingel,C,OTT,2016-03,140.5,187.7,44.9171
8476288,Ryan Dzingel,C,OTT,2016-04,19.5,26.0,44.9171
8476289,Alexey Marchenko,D,DET,2015-10,23.0,40.5,34.109
8476289,Alexey Marchenko,D,DET,2015-11,148.5,261.2,34.109
8476289,Alexey Marchenko,D,DET,2015-12,82.5,145.1,34.109
8476289,Alexey Marchenko,D,DET,2016-01,88.5,155.7,34.109
8476289,Alexey Marchenko,D,DET,2016-02,146.5,257.7,34.109
8476289,Alexey Marchenko,D,DET,2016-03,62.0,109.1,34.109
8476289,Alexey Marchenko,D,DET,2016-04,80.5,141.6,34.109
8476292,Ondrej Palat,L,TBL,2015-10,187.0,259.9,43.1781
8476292,Ondrej Palat,L,TBL,2015-11,26.0,36.1,43.1781
8476292,Ondrej Palat,L,TBL,2015-12,16.5,22.9,43.1781
8476292,Ondrej Palat,L,TBL,2016-01,142.5,198.0,43.1781
8476292,Ondrej Palat,L,TBL,2016-02,176.0,244.6,43.1781
8476292,Ondrej Palat,L,TBL,2016-03,168.5,234.1,43.1781
8476292,Ondrej Palat,L,TBL,2016-04,83.0,115.3,43.1781
8476293,Scott Wilson,C,PIT,2015-12,43.5,45.3,57.5551
8476293,Scott Wilson,C,PIT,2016-01,6.5,6.8,57.5551
8476293,Scott Wilson,C,PIT,2016-02,153.0,159.5,57.5551
8476293,Scott Wilson,C,PIT,2016-03,43.0,44.8,57.5551
8476300,Nikita Nesterov,D,TBL,2015-10,55.0,89.5,36.8682
8476300,Nikita Nesterov,D,TBL,2015-11,13.5,22.0,36.8682
8476300,Nikita Nesterov,D,TBL,2015-12,86.5,140.8,36.8682
8476300,Nikita Nesterov,D,TBL,2016-01,94.5,153.8,36.8682
8476300,Nikita Nesterov,D,TBL,2016-02,100.5,163.6,36.8682
8476300,Nikita Nesterov,D,TBL,2016-03,136.5,222.1,36.8682
8476300,Nikita Nesterov,D,TBL,2016-04,35.0,57.0,36.8682
8476302,Frank Corrado,D,TOR,2015-12,15.5,20.7,44.8643
8476302,Frank Corrado,D,TOR,2016-01,23.5,31.4,44.8643
8476302,Frank Corrado,D,TOR,2016-02,145.5,194.6,44.8643
8476302,Frank Corrado,D,TOR,2016-03,179.0,239.4,44.8643
8476302,Frank Corrado,D,TOR,2016-04,58.0,77.6,44.8643
8476312,Josh Manson,D,ANA,2015-10,49.5,68.3,43.4629
8476312,Josh Manson,D,ANA,2015-11,169.0,233.3,43.4629
8476312,Josh Manson,D,ANA,2015-12,102.5,141.5,43.4629
8476312,Josh Manson,D,ANA,2016-01,133.5,184.3,43.4629
8476312,Josh Manson,D,ANA,2016-02,221.5,305.8,43.4629
8476312,Josh Manson,D,ANA,2016-03,190.0,262.3,43.4629
8476312,Josh Manson,D,ANA,2016-04,100.0,138.0,43.4629
8476316,Laurent Brossoit,G,EDM,2016-02,-2.5,0.0,0.0
8476316,Laurent Brossoit,G,EDM,2016-03,-2.5,0.0,0.0
8476323,Max McCormick,L,OTT,2015-10,39.5,30.9,76.7318
8476323,Max McCormick,L,OTT,2015-12,62.0,48.5,76.7318
8476323,Max McCormick,L,OTT,2016-01,146.0,114.2,76.7318
8476323,Max McCormick,L,OTT,2016-02,20.0,15.6,76.7318
8476326,Josh Archibald,R,PIT,2016-03,6.0,5.0,71.5706
8476331,Dylan DeMelo,D,SJS,2015-10,14.5,24.0,36.226
8476331,Dylan DeMelo,D,SJS,2015-12,75.5,125.0,36.226
8476331,Dylan DeMelo,D,SJS,2016-01,80.0,132.5,36.226
8476331,Dylan DeMelo,D,SJS,2016-02,74.0,122.6,36.226
8476331,Dylan DeMelo,D,SJS,2016-03,93.5,154.9,36.226
8476331,Dylan DeMelo,D,SJS,2016-04,32.5,53.8,36.226
8476336,Iiro Pakarinen,R,EDM,2015-10,21.0,19.4,64.9487
8476336,Iiro Pakarinen,R,EDM,2015-11,163.0,150.6,64.9487
8476336,Iiro Pakarinen,R,EDM,2015-12,120.0,110.9,64.9487
8476336,Iiro Pakarinen,R,EDM,2016-01,143.5,132.6,64.9487
8476336,Iiro Pakarinen,R,EDM,2016-02,120.0,110.9,64.9487
8476336,Iiro Pakarinen,R,EDM,2016-03,153.5,141.8,64.9487
8476336,Iiro Pakarinen,R,EDM,2016-04,12.0,11.1,64.9487
8476343,Garret Sparks,G,TOR,2015-11,-2.5,0.0,0.0
8476343,Garret Sparks,G,TOR,2015-12,-7.5,0.0,0.0
8476343,Garret Sparks,G,TOR,2016-03,-2.0,0.0,0.0
8476344,Tyler Graovac,C,MIN,2015-10,10.5,11.9,52.9716
8476344,Tyler Graovac,C,MIN,2016-02,10.0,11.3,52.9716
8476346,Johnny Gaudreau,L,CGY,2015-10,78.0,253.0,18.5009
8476346,Johnny Gaudreau,L,CGY,2015-11,72.5,235.1,18.5009
8476346,Johnny Gaudreau,L,CGY,2015-12,113.5,368.1,18.5009
8476346,Johnny Gaudreau,L,CGY,2016-01,34.5,111.9,18.5009
8476346,Johnny Gaudreau,L,CGY,2016-02,70.5,228.6,18.5009
8476346,Johnny Gaudreau,L,CGY,2016-03,73.5,238.4,18.5009
8476346,Johnny Gaudreau,L,CGY,2016-04,43.0,139.5,18.5009
8476352,Michael Mersch,L,LAK,2015-12,110.0,120.2,54.9102
8476352,Michael Mersch,L,LAK,2016-01,27.0,29.5,54.9102
8476352,Michael Mersch,L,LAK,2016-02,24.5,26.8,54.9102
8476356,Tobias Rieder,C,ARI,2015-10,101.0,196.5,30.8446
8476356,Tobias Rieder,C,ARI,2015-11,81.5,158.5,30.8446
8476356,Tobias Rieder,C,ARI,2015-12,130.5,253.9,30.8446
8476356,Tobias Rieder,C,ARI,2016-01,124.0,241.2,30.8446
8476356,Tobias Rieder,C,ARI,2016-02,134.5,261.6,30.8446
8476356,Tobias Rieder,C,ARI,2016-03,115.0,223.7,30.8446
8476356,Tobias Rieder,C,ARI,2016-04,43.0,83.6,30.8446
8476368,Fredrik Claesson,D,OTT,2015-12,1.5,1.9,46.1718
8476368,Fredrik Claesson,D,OTT,2016-01,99.0,128.6,46.1718
8476368,Fredrik Claesson,D,OTT,2016-03,70.0,91.0,46.1718
8476368,Fredrik Claesson,D,OTT,2016-04,67.0,87.1,46.1718
8476370,Blake Pietila,L,NJD,2016-03,79.0,69.0,68.7404
8476370,Blake Pietila,L,NJD,2016-04,17.5,15.3,68.7404
8476379,Darren Dietz,D,MTL,2016-03,147.5,144.8,61.1176
8476379,Darren Dietz,D,MTL,2016-04,45.0,44.2,61.1176
8476381,Andrew Shaw,C,CHI,2015-10,196.5,189.5,62.2167
8476381,Andrew Shaw,C,CHI,2015-11,204.0,196.7,62.2167
8476381,Andrew Shaw,C,CHI,2015-12,237.0,228.6,62.2167
8476381,Andrew Shaw,C,CHI,2016-01,188.5,181.8,62.2167
8476381,Andrew Shaw,C,CHI,2016-02,173.5,167.3,62.2167
8476381,Andrew Shaw,C,CHI,2016-03,188.0,181.3,62.2167
8476381,Andrew Shaw,C,CHI,2016-04,-2.5,-2.4,0.0
8476384,Max Friberg,L,ANA,2015-11,34.0,44.2,46.1538
8476386,Shane Prince,C,NYI,2015-10,26.5,62.7,25.3781
8476386,Shane Prince,C,NYI,2015-11,31.0,73.3,25.3781
8476386,Shane Prince,C,NYI,2015-12,51.0,120.6,25.3781
8476386,Shane Prince,C,NYI,2016-01,56.5,133.6,25.3781
8476386,Shane Prince,C,NYI,2016-02,28.5,67.4,25.3781
8476386,Shane Prince,C,NYI,2016-03,74.5,176.1,25.3781
8476386,Shane Prince,C,NYI,2016-04,26.5,62.7,25.3781
8476388,Andrey Pedan,D,VAN,2015-12,48.5,38.7,75.2212
8476388,Andrey Pedan,D,VAN,2016-03,100.0,79.8,75.2212
8476388,Andrey Pedan,D,VAN,2016-04,30.0,23.9,75.2212
8476389,Vincent Trocheck,C,FLA,2015-10,165.0,160.0,61.8868
8476389,Vincent Trocheck,C,FLA,2015-11,165.0,160.0,61.8868
8476389,Vincent Trocheck,C,FLA,2015-12,287.5,278.7,61.8868
8476389,Vincent Trocheck,C,FLA,2016-01,160.5,155.6,61.8868
8476389,Vincent Trocheck,C,FLA,2016-02,258.5,250.6,61.8868
8476389,Vincent Trocheck,C,FLA,2016-03,356.5,345.6,61.8868
8476392,Adam Lowry,L,WPG,2015-10,265.0,204.8,77.6194
8476392,Adam Lowry,L,WPG,2015-11,208.0,160.8,77.6194
8476392,Adam Lowry,L,WPG,2015-12,141.0,109.0,77.6194
8476392,Adam Lowry,L,WPG,2016-01,143.5,110.9,77.6194
8476392,Adam Lowry,L,WPG,2016-02,227.0,175.5,77.6194
8476392,Adam Lowry,L,WPG,2016-03,274.5,212.2,77.6194
8476392,Adam Lowry,L,WPG,2016-04,83.0,64.2,77.6194
8476393,Nick Cousins,C,PHI,2015-11,5.0,4.1,73.4624
8476393,Nick Cousins,C,PHI,2015-12,10.5,8.6,73.4624
8476393,Nick Cousins,C,PHI,2016-02,176.0,143.7,73.4624
8476393,Nick Cousins,C,PHI,2016-03,208.5,170.3,73.4624
8476393,Nick Cousins,C,PHI,2016-04,73.0,59.6,73.4624
8476394,Michael Paliotta,D,CBJ,2016-02,15.0,7.5,119.5219
8476400,Logan Shaw,R,FLA,2015-10,11.0,13.9,47.4899
8476400,Logan Shaw,R,FLA,2015-11,27.0,34.1,47.4899
8476400,Logan Shaw,R,FLA,2015-12,123.0,155.4,47.4899
8476400,Logan Shaw,R,FLA,2016-01,134.5,169.9,47.4899
8476400,Logan Shaw,R,FLA,2016-02,107.0,135.2,47.4899
8476400,Logan Shaw,R,FLA,2016-03,111.0,140.2,47.4899
8476401,Daniel Catenacci,C,BUF,2016-02,33.0,34.7,57.1102
8476401,Daniel Catenacci,C,BUF,2016-03,58.5,61.5,57.1102
8476403,Klas Dahlbeck,D,ARI,2015-10,129.0,145.6,53.1499
8476403,Klas Dahlbeck,D,ARI,2015-11,207.5,234.2,53.1499
8476403,Klas Dahlbeck,D,ARI,2015-12,259.5,292.9,53.1499
8476403,Klas Dahlbeck,D,ARI,2016-01,68.0,76.8,53.1499
8476403,Klas Dahlbeck,D,ARI,2016-02,128.0,144.5,53.1499
8476403,Klas Dahlbeck,D,ARI,2016-03,146.5,165.4,53.1499
8476403,Klas Dahlbeck,D,ARI,2016-04,51.0,57.6,53.1499
8476404,Andy Andreoff,C,LAK,2015-10,84.0,79.0,63.8008
8476404,Andy Andreoff,C,LAK,2015-11,113.0,106.3,63.8008
8476404,Andy Andreoff,C,LAK,2015-12,138.0,129.8,63.8008
8476404,Andy Andreoff,C,LAK,2016-01,42.5,40.0,63.8008
8476404,Andy Andreoff,C,LAK,2016-02,62.0,58.3,63.8008
8476404,Andy Andreoff,C,LAK,2016-03,70.5,66.3,63.8008
8476404,Andy Andreoff,C,LAK,2016-04,51.0,48.0,63.8008
8476406,Nicholas Shore,C,LAK,2015-10,111.5,118.6,56.3998
8476406,Nicholas Shore,C,LAK,2015-11,162.0,172.3,56.3998
8476406,Nicholas Shore,C,LAK,2015-12,156.0,166.0,56.3998
8476406,Nicholas Shore,C,LAK,2016-01,90.0,95.7,56.3998
8476406,Nicholas Shore,C,LAK,2016-02,139.5,148.4,56.3998
8476406,Nicholas Shore,C,LAK,2016-03,129.5,137.8,56.3998
8476406,Nicholas Shore,C,LAK,2016-04,4.5,4.8,56.3998
8476409,Alan Quine,C,NYI,2016-04,41.0,35.5,69.2568
8476410,Josh Leivo,L,TOR,2016-01,17.0,42.2,24.1543
8476410,Josh Leivo,L,TOR,2016-02,26.5,65.8,24.1543
8476410,Josh Leivo,L,TOR,2016-03,16.0,39.7,24.1543
8476414,Alexandre Grenier,R,VAN,2015-11,6.0,10.1,35.7298
8476414,Alexandre Grenier,R,VAN,2016-03,35.0,58.8,35.7298
8476415,Kyle Rau,C,FLA,2016-02,26.5,46.6,34.1511
8476415,Kyle Rau,C,FLA,2016-03,38.0,66.8,34.1511
8476419,Jean-Gabriel Pageau,C,OTT,2015-10,253.5,211.7,71.8468
8476419,Jean-Gabriel Pageau,C,OTT,2015-11,230.5,192.5,71.8468
8476419,Jean-Gabriel Pageau,C,OTT,2015-12,322.0,268.9,71.8468
8476419,Jean-Gabriel Pageau,C,OTT,2016-01,214.0,178.7,71.8468
8476419,Jean-Gabriel Pageau,C,OTT,2016-02,268.0,223.8,71.8468
8476419,Jean-Gabriel Pageau,C,OTT,2016-03,289.5,241.8,71.8468
8476419,Jean-Gabriel Pageau,C,OTT,2016-04,62.5,52.2,71.8468
8476422,Mike Reilly,D,MIN,2016-01,18.0,54.1,19.9486
8476422,Mike Reilly,D,MIN,2016-02,37.0,111.3,19.9486
8476422,Mike Reilly,D,MIN,2016-03,62.5,188.0,19.9486
8476422,Mike Reilly,D,MIN,2016-04,-1.0,-3.0,0.0
8476423,Reid Boucher,C,NJD,2015-10,14.0,25.6,32.7745
8476423,Reid Boucher,C,NJD,2016-01,46.0,84.2,32.7745
8476423,Reid Boucher,C,NJD,2016-02,87.5,160.2,32.7745
8476423,Reid Boucher,C,NJD,2016-03,130.0,238.0,32.7745
8476423,Reid Boucher,C,NJD,2016-04,26.5,48.5,32.7745
8476427,Ty Rattie,R,STL,2015-10,9.5,15.0,38.0187
8476427,Ty Rattie,R,STL,2015-11,1.5,2.4,38.0187
8476427,Ty Rattie,R,STL,2016-01,48.0,75.8,38.0187
8476427,Ty Rattie,R,STL,2016-02,17.5,27.6,38.0187
8476428,Rocco Grimaldi,C,FLA,2015-10,8.5,13.0,39.3173
8476428,Rocco Grimaldi,C,FLA,2015-11,62.0,94.6,39.3173
8476428,Rocco Grimaldi,C,FLA,2015-12,26.0,39.7,39.3173
8476428,Rocco Grimaldi,C,FLA,2016-03,14.5,22.1,39.3173
8476428,Rocco Grimaldi,C,FLA,2016-04,44.5,67.9,39.3173
8476429,Scott Mayfield,D,NYI,2016-01,26.5,24.8,64.0039
8476429,Scott Mayfield,D,NYI,2016-02,10.0,9.4,64.0039
8476429,Scott Mayfield,D,NYI,2016-04,73.0,68.4,64.0039
8476430,Tomas Jurco,R,DET,2015-10,36.5,50.3,43.5095
8476430,Tomas Jurco,R,DET,2015-11,4.5,6.2,43.5095
8476430,Tomas Jurco,R,DET,2015-12,93.0,128.2,43.5095
8476430,Tomas Jurco,R,DET,2016-01,68.0,93.8,43.5095
8476430,Tomas Jurco,R,DET,2016-02,53.5,73.8,43.5095
8476430,Tomas Jurco,R,DET,2016-03,26.5,36.5,43.5095
8476430,Tomas Jurco,R,DET,2016-04,11.0,15.2,43.5095
8476431,Adam Clendening,D,EDM,2015-10,13.0,21.5,36.2869
8476431,Adam Clendening,D,EDM,2015-11,39.0,64.5,36.2869
8476431,Adam Clendening,D,EDM,2015-12,14.5,24.0,36.2869
8476431,Adam Clendening,D,EDM,2016-02,67.5,111.6,36.2869
8476431,Adam Clendening,D,EDM,2016-03,125.5,207.5,36.2869
8476432,Boone Jenner,C,CBJ,2015-10,233.5,211.7,66.1737
8476432,Boone Jenner,C,CBJ,2015-11,207.5,188.1,66.1737
8476432,Boone Jenner,C,CBJ,2015-12,226.0,204.9,66.1737
8476432,Boone Jenner,C,CBJ,2016-01,215.5,195.4,66.1737
8476432,Boone Jenner,C,CBJ,2016-02,228.5,207.2,66.1737
8476432,Boone Jenner,C,CBJ,2016-03,307.0,278.4,66.1737
8476432,Boone Jenner,C,CBJ,2016-04,66.0,59.8,66.1737
8476434,John Gibson,G,ANA,2015-12,-0.5,0.0,0.0
8476434,John Gibson,G,ANA,2016-01,-2.5,0.0,0.0
8476434,John Gibson,G,ANA,2016-02,5.5,0.0,0.0
8476434,John Gibson,G,ANA,2016-03,-12.5,0.0,0.0
8476434,John Gibson,G,ANA,2016-04,-5.0,0.0,0.0
8476435,Alex Khokhlachev,C,BOS,2015-11,16.0,37.3,25.7461
8476435,Alex Khokhlachev,C,BOS,2015-12,3.0,7.0,25.7461
8476435,Alex Khokhlachev,C,BOS,2016-01,3.0,7.0,25.7461
8476436,Dmitrij Jaskin,R,STL,2015-10,95.0,99.2,57.4431
8476436,Dmitrij Jaskin,R,STL,2015-11,132.5,138.4,57.4431
8476436,Dmitrij Jaskin,R,STL,2015-12,198.5,207.3,57.4431
8476436,Dmitrij Jaskin,R,STL,2016-01,146.5,153.0,57.4431
8476436,Dmitrij Jaskin,R,STL,2016-02,39.0,40.7,57.4431
8476436,Dmitrij Jaskin,R,STL,2016-03,102.0,106.5,57.4431
8476436,Dmitrij Jaskin,R,STL,2016-04,24.5,25.6,57.4431
8476437,Victor Rask,C,CAR,2015-10,135.5,226.9,35.837
8476437,Victor Rask,C,CAR,2015-11,141.0,236.1,35.837
8476437,Victor Rask,C,CAR,2015-12,112.5,188.4,35.837
8476437,Victor Rask,C,CAR,2016-01,79.0,132.3,35.837
8476437,Victor Rask,C,CAR,2016-02,110.0,184.2,35.837
8476437,Victor Rask,C,CAR,2016-03,199.0,333.2,35.837
8476437,Victor Rask,C,CAR,2016-04,34.5,57.8,35.837
8476438,Brandon Saad,L,CBJ,2015-10,102.5,243.4,25.2638
8476438,Brandon Saad,L,CBJ,2015-11,79.5,188.8,25.2638
8476438,Brandon Saad,L,CBJ,2015-12,112.5,267.2,25.2638
8476438,Brandon Saad,L,CBJ,2016-01,104.0,247.0,25.2638
8476438,Brandon Saad,L,CBJ,2016-02,106.0,251.7,25.2638
8476438,Brandon Saad,L,CBJ,2016-03,36.0,85.5,25.2638
8476438,Brandon Saad,L,CBJ,2016-04,25.0,59.4,25.2638
8476439,Brett Ritchie,R,DAL,2016-03,129.0,92.8,83.3872
8476440,Markus Granlund,C,VAN,2015-10,3.5,5.5,38.0081
8476440,Markus Granlund,C,VAN,2015-11,7.5,11.8,38.0081
8476440,Markus Granlund,C,VAN,2015-12,102.0,161.0,38.0081
8476440,Markus Granlund,C,VAN,2016-01,116.5,183.9,38.0081
8476440,Markus Granlund,C,VAN,2016-02,53.5,84.5,38.0081
8476440,Markus Granlund,C,VAN,2016-03,72.0,113.7,38.0081
8476440,Markus Granlund,C,VAN,2016-04,55.5,87.6,38.0081
8476441,Joel Edmundson,D,STL,2015-10,120.5,123.4,58.5742
8476441,Joel Edmundson,D,STL,2015-11,111.5,114.2,58.5742
8476441,Joel Edmundson,D,STL,2015-12,30.0,30.7,58.5742
8476441,Joel Edmundson,D,STL,2016-01,197.0,201.8,58.5742
8476441,Joel Edmundson,D,STL,2016-02,184.0,188.5,58.5742
8476441,Joel Edmundson,D,STL,2016-03,231.5,237.1,58.5742
8476441,Joel Edmundson,D,STL,2016-04,102.0,104.5,58.5742
8476442,Matt Nieto,L,SJS,2015-10,58.0,128.2,27.1527
8476442,Matt Nieto,L,SJS,2015-11,73.5,162.4,27.1527
8476442,Matt Nieto,L,SJS,2015-12,73.5,162.4,27.1527
8476442,Matt Nieto,L,SJS,2016-01,72.0,159.1,27.1527
8476442,Matt Nieto,L,SJS,2016-02,89.5,197.8,27.1527
8476442,Matt Nieto,L,SJS,2016-03,32.5,71.8,27.1527
8476443,Xavier Ouellet,D,DET,2016-02,38.0,81.2,28.0719
8476444,Christopher Gibson,G,NYI,2016-04,-5.0,0.0,0.0
8476447,Miikka Salomaki,R,NSH,2015-11,133.0,112.8,70.7329
8476447,Miikka Salomaki,R,NSH,2015-12,164.0,139.1,70.7329
8476447,Miikka Salomaki,R,NSH,2016-01,136.5,115.8,70.7329
8476447,Miikka Salomaki,R,NSH,2016-02,187.0,158.6,70.7329
8476447,Miikka Salomaki,R,NSH,2016-03,226.5,192.1,70.7329
8476447,Miikka Salomaki,R,NSH,2016-04,16.0,13.6,70.7329
8476448,William Karlsson,C,CBJ,2015-10,116.5,149.1,46.8658
8476448,William Karlsson,C,CBJ,2015-11,181.0,231.7,46.8658
8476448,William Karlsson,C,CBJ,2015-12,160.5,205.5,46.8658
8476448,William Karlsson,C,CBJ,2016-01,114.0,145.9,46.8658
8476448,William Karlsson,C,CBJ,2016-02,159.0,203.6,46.8658
8476448,William Karlsson,C,CBJ,2016-03,119.5,153.0,46.8658
8476448,William Karlsson,C,CBJ,2016-04,65.0,83.2,46.8658
8476449,Scott Harrington,D,TOR,2015-10,96.5,117.7,49.1803
8476449,Scott Harrington,D,TOR,2015-11,64.5,78.7,49.1803
8476451,Lucas Lessio,L,MTL,2016-02,44.5,41.9,63.7232
8476451,Lucas Lessio,L,MTL,2016-03,89.0,83.8,63.7232
8476452,Tyler Wotherspoon,D,CGY,2016-02,60.5,95.3,38.1087
8476452,Tyler Wotherspoon,D,CGY,2016-03,38.5,60.6,38.1087
8476453,Nikita Kucherov,R,TBL,2015-10,98.5,230.6,25.6284
8476453,Nikita Kucherov,R,TBL,2015-11,108.5,254.0,25.6284
8476453,Nikita Kucherov,R,TBL,2015-12,144.0,337.1,25.6284
8476453,Nikita Kucherov,R,TBL,2016-01,83.0,194.3,25.6284
8476453,Nikita Kucherov,R,TBL,2016-02,56.5,132.3,25.6284
8476453,Nikita Kucherov,R,TBL,2016-03,83.0,194.3,25.6284
8476453,Nikita Kucherov,R,TBL,2016-04,25.5,59.7,25.6284
8476454,Ryan Nugent-Hopkins,C,EDM,2015-10,143.0,223.4,38.4003
8476454,Ryan Nugent-Hopkins,C,EDM,2015-11,115.5,180.5,38.4003
8476454,Ryan Nugent-Hopkins,C,EDM,2015-12,208.0,325.0,38.4003
8476454,Ryan Nugent-Hopkins,C,EDM,2016-01,91.0,142.2,38.4003
8476454,Ryan Nugent-Hopkins,C,EDM,2016-03,69.0,107.8,38.4003
8476454,Ryan Nugent-Hopkins,C,EDM,2016-04,44.5,69.5,38.4003
8476455,Gabriel Landeskog,L,COL,2015-10,179.0,232.9,46.1171
8476455,Gabriel Landeskog,L,COL,2015-11,171.0,222.5,46.1171
8476455,Gabriel Landeskog,L,COL,2015-12,148.0,192.6,46.1171
8476455,Gabriel Landeskog,L,COL,2016-01,159.0,206.9,46.1171
8476455,Gabriel Landeskog,L,COL,2016-02,208.5,271.3,46.1171
8476455,Gabriel Landeskog,L,COL,2016-03,166.5,216.6,46.1171
8476455,Gabriel Landeskog,L,COL,2016-04,59.0,76.8,46.1171
8476456,Jonathan Huberdeau,C,FLA,2015-10,104.0,203.8,30.6109
8476456,Jonathan Huberdeau,C,FLA,2015-11,118.5,232.3,30.6109
8476456,Jonathan Huberdeau,C,FLA,2015-12,145.0,284.2,30.6109
8476456,Jonathan Huberdeau,C,FLA,2016-01,110.0,215.6,30.6109
8476456,Jonathan Huberdeau,C,FLA,2016-02,71.5,140.1,30.6109
8476456,Jonathan Huberdeau,C,FLA,2016-03,111.5,218.5,30.6109
8476456,Jonathan Huberdeau,C,FLA,2016-04,43.0,84.3,30.6109
8476457,Adam Larsson,D,NJD,2015-10,212.0,286.0,44.469
8476457,Adam Larsson,D,NJD,2015-11,174.5,235.4,44.469
8476457,Adam Larsson,D,NJD,2015-12,277.0,373.7,44.469
8476457,Adam Larsson,D,NJD,2016-01,206.0,277.9,44.469
8476457,Adam Larsson,D,NJD,2016-02,230.0,310.3,44.469
8476457,Adam Larsson,D,NJD,2016-03,209.0,282.0,44.469
8476457,Adam Larsson,D,NJD,2016-04,59.5,80.3,44.469
8476458,Ryan Strome,C,NYI,2015-10,84.5,182.6,27.7683
8476458,Ryan Strome,C,NYI,2015-11,65.5,141.5,27.7683
8476458,Ryan Strome,C,NYI,2015-12,71.5,154.5,27.7683
8476458,Ryan Strome,C,NYI,2016-01,78.0,168.5,27.7683
8476458,Ryan Strome,C,NYI,2016-02,56.5,122.1,27.7683
8476458,Ryan Strome,C,NYI,2016-03,122.0,263.6,27.7683
8476458,Ryan Strome,C,NYI,2016-04,36.5,78.9,27.7683
8476459,Mika Zibanejad,C,OTT,2015-10,130.0,156.8,49.7365
8476459,Mika Zibanejad,C,OTT,2015-11,214.0,258.2,49.7365
8476459,Mika Zibanejad,C,OTT,2015-12,200.5,241.9,49.7365
8476459,Mika Zibanejad,C,OTT,2016-01,165.0,199.0,49.7365
8476459,Mika Zibanejad,C,OTT,2016-02,170.0,205.1,49.7365
8476459,Mika Zibanejad,C,OTT,2016-03,259.0,312.4,49.7365
8476459,Mika Zibanejad,C,OTT,2016-04,54.0,65.1,49.7365
8476460,Mark Scheifele,C,WPG,2015-10,155.0,181.6,51.2085
8476460,Mark Scheifele,C,WPG,2015-11,181.0,212.1,51.2085
8476460,Mark Scheifele,C,WPG,2015-12,154.0,180.4,51.2085
8476460,Mark Scheifele,C,WPG,2016-01,54.5,63.9,51.2085
8476460,Mark Scheifele,C,WPG,2016-02,218.0,255.4,51.2085
8476460,Mark Scheifele,C,WPG,2016-03,273.5,320.5,51.2085
8476460,Mark Scheifele,C,WPG,2016-04,88.0,103.1,51.2085
8476461,Sean Couturier,C,PHI,2015-10,85.0,103.8,49.153
8476461,Sean Couturier,C,PHI,2015-11,154.5,188.6,49.153
8476461,Sean Couturier,C,PHI,2015-12,195.0,238.0,49.153
8476461,Sean Couturier,C,PHI,2016-01,148.5,181.3,49.153
8476461,Sean Couturier,C,PHI,2016-02,71.5,87.3,49.153
8476461,Sean Couturier,C,PHI,2016-03,217.5,265.5,49.153
8476461,Sean Couturier,C,PHI,2016-04,88.0,107.4,49.153
8476462,Dougie Hamilton,D,CGY,2015-10,101.5,240.0,25.374
8476462,Dougie Hamilton,D,CGY,2015-11,121.0,286.1,25.374
8476462,Dougie Hamilton,D,CGY,2015-12,104.0,245.9,25.374
8476462,Dougie Hamilton,D,CGY,2016-01,104.5,247.1,25.374
8476462,Dougie Hamilton,D,CGY,2016-02,118.5,280.2,25.374
8476462,Dougie Hamilton,D,CGY,2016-03,107.0,253.0,25.374
8476462,Dougie Hamilton,D,CGY,2016-04,29.0,68.6,25.374
8476463,Jonas Brodin,D,MIN,2015-10,73.0,158.9,27.5689
8476463,Jonas Brodin,D,MIN,2015-11,90.0,195.9,27.5689
8476463,Jonas Brodin,D,MIN,2015-12,128.0,278.6,27.5689
8476463,Jonas Brodin,D,MIN,2016-01,133.5,290.5,27.5689
8476463,Jonas Brodin,D,MIN,2016-02,11.5,25.0,27.5689
8476463,Jonas Brodin,D,MIN,2016-03,169.5,368.9,27.5689
8476463,Jonas Brodin,D,MIN,2016-04,32.5,70.7,27.5689
8476465,Ryan Murphy,D,CAR,2015-10,65.0,158.6,24.5914
8476465,Ryan Murphy,D,CAR,2015-11,49.0,119.6,24.5914
8476465,Ryan Murphy,D,CAR,2015-12,32.0,78.1,24.5914
8476465,Ryan Murphy,D,CAR,2016-02,12.5,30.5,24.5914
8476465,Ryan Murphy,D,CAR,2016-03,77.5,189.1,24.5914
8476465,Ryan Murphy,D,CAR,2016-04,11.5,28.1,24.5914
8476466,Sven Baertschi,L,VAN,2015-10,33.0,57.9,34.1798
8476466,Sven Baertschi,L,VAN,2015-11,55.5,97.4,34.1798
8476466,Sven Baertschi,L,VAN,2015-12,62.0,108.8,34.1798
8476466,Sven Baertschi,L,VAN,2016-01,98.0,172.0,34.1798
8476466,Sven Baertschi,L,VAN,2016-02,69.5,122.0,34.1798
8476466,Sven Baertschi,L,VAN,2016-03,211.0,370.4,34.1798
8476467,Jamie Oleksiak,D,DAL,2015-10,33.0,28.2,70.2815
8476467,Jamie Oleksiak,D,DAL,2015-11,75.5,64.5,70.2815
8476467,Jamie Oleksiak,D,DAL,2015-12,56.0,47.8,70.2815
8476467,Jamie Oleksiak,D,DAL,2016-01,12.5,10.7,70.2815
8476467,Jamie Oleksiak,D,DAL,2016-02,42.0,35.9,70.2815
8476467,Jamie Oleksiak,D,DAL,2016-03,64.0,54.6,70.2815
8476468,J.T. Miller,C,NYR,2015-10,151.5,175.0,51.9285
8476468,J.T. Miller,C,NYR,2015-11,151.5,175.0,51.9285
8476468,J.T. Miller,C,NYR,2015-12,180.5,208.6,51.9285
8476468,J.T. Miller,C,NYR,2016-01,189.0,218.4,51.9285
8476468,J.T. Miller,C,NYR,2016-02,184.5,213.2,51.9285
8476468,J.T. Miller,C,NYR,2016-03,136.0,157.1,51.9285
8476468,J.T. Miller,C,NYR,2016-04,74.0,85.5,51.9285
8476469,Joel Armia,R,WPG,2015-12,40.5,56.3,43.1415
8476469,Joel Armia,R,WPG,2016-01,107.5,149.5,43.1415
8476469,Joel Armia,R,WPG,2016-02,101.0,140.5,43.1415
8476469,Joel Armia,R,WPG,2016-03,86.5,120.3,43.1415
8476469,Joel Armia,R,WPG,2016-04,40.5,56.3,43.1415
8476470,Nathan Beaulieu,D,MTL,2015-10,117.0,196.9,35.659
8476470,Nathan Beaulieu,D,MTL,2015-11,153.0,257.4,35.659
8476470,Nathan Beaulieu,D,MTL,2015-12,100.0,168.3,35.659
8476470,Nathan Beaulieu,D,MTL,2016-01,117.5,197.7,35.659
8476470,Nathan Beaulieu,D,MTL,2016-02,95.5,160.7,35.659
8476470,Nathan Beaulieu,D,MTL,2016-03,81.0,136.3,35.659
8476471,Mark McNeill,C,CHI,2016-01,11.0,12.7,51.846
8476472,Oscar Klefbom,D,EDM,2015-10,128.5,270.0,28.5584
8476472,Oscar Klefbom,D,EDM,2015-11,153.5,322.5,28.5584
8476472,Oscar Klefbom,D,EDM,2015-12,30.5,64.1,28.5584
8476473,Connor Murphy,D,ARI,2015-10,122.0,140.0,52.2832
8476473,Connor Murphy,D,ARI,2015-11,135.5,155.5,52.2832
8476473,Connor Murphy,D,ARI,2015-12,227.5,261.1,52.2832
8476473,Connor Murphy,D,ARI,2016-01,238.5,273.7,52.2832
8476473,Connor Murphy,D,ARI,2016-02,235.5,270.3,52.2832
8476473,Connor Murphy,D,ARI,2016-03,334.0,383.3,52.2832
8476473,Connor Murphy,D,ARI,2016-04,101.0,115.9,52.2832
8476474,Stefan Noesen,R,ANA,2016-03,16.0,10.0,95.7129
8476476,Joe Morrow,D,BOS,2015-10,69.0,126.0,32.859
8476476,Joe Morrow,D,BOS,2015-11,9.5,17.3,32.859
8476476,Joe Morrow,D,BOS,2015-12,47.0,85.8,32.859
8476476,Joe Morrow,D,BOS,2016-01,45.0,82.2,32.859
8476476,Joe Morrow,D,BOS,2016-02,73.0,133.3,32.859
8476476,Joe Morrow,D,BOS,2016-03,30.5,55.7,32.859
8476476,Joe Morrow,D,BOS,2016-04,13.5,24.7,32.859
8476477,Matt Puempel,L,OTT,2015-10,19.5,41.2,28.3941
8476477,Matt Puempel,L,OTT,2015-11,42.0,88.8,28.3941
8476477,Matt Puempel,L,OTT,2016-01,11.5,24.3,28.3941
8476477,Matt Puempel,L,OTT,2016-03,23.5,49.7,28.3941
8476477,Matt Puempel,L,OTT,2016-04,43.0,90.9,28.3941
8476478,Stuart Percy,D,TOR,2016-02,31.0,39.5,47.1125
8476479,Phillip Danault,L,MTL,2015-12,74.5,69.6,64.1849
8476479,Phillip Danault,L,MTL,2016-01,227.5,212.7,64.1849
8476479,Phillip Danault,L,MTL,2016-02,197.5,184.6,64.1849
8476479,Phillip Danault,L,MTL,2016-03,163.5,152.8,64.1849
8476479,Phillip Danault,L,MTL,2016-04,33.0,30.8,64.1849
8476480,Vladislav Namestnikov,C,TBL,2015-10,65.5,113.6,34.5887
8476480,Vladislav Namestnikov,C,TBL,2015-11,104.0,180.4,34.5887
8476480,Vladislav Namestnikov,C,TBL,2015-12,143.0,248.1,34.5887
8476480,Vladislav Namestnikov,C,TBL,2016-01,77.5,134.4,34.5887
8476480,Vladislav Namestnikov,C,TBL,2016-02,122.5,212.5,34.5887
8476480,Vladislav Namestnikov,C,TBL,2016-03,84.0,145.7,34.5887
8476480,Vladislav Namestnikov,C,TBL,2016-04,54.5,94.5,34.5887
8476483,Rickard Rakell,R,ANA,2015-10,126.5,141.6,53.5872
8476483,Rickard Rakell,R,ANA,2015-11,194.5,217.8,53.5872
8476483,Rickard Rakell,R,ANA,2015-12,122.5,137.2,53.5872
8476483,Rickard Rakell,R,ANA,2016-01,137.5,154.0,53.5872
8476483,Rickard Rakell,R,ANA,2016-02,228.5,255.8,53.5872
8476483,Rickard Rakell,R,ANA,2016-03,224.0,250.8,53.5872
8476495,Seth Griffith,C,BOS,2015-12,4.5,12.0,22.5734
8476495,Seth Griffith,C,BOS,2016-01,3.0,8.0,22.5734
8476495,Seth Griffith,C,BOS,2016-04,7.5,19.9,22.5734
8476505,Turner Elson,C,CGY,2016-04,7.5,14.9,30.2013
8476525,Colin Miller,D,BOS,2015-10,81.5,145.1,33.6911
8476525,Colin Miller,D,BOS,2015-11,124.5,221.7,33.6911
8476525,Colin Miller,D,BOS,2015-12,67.0,119.3,33.6911
8476525,Colin Miller,D,BOS,2016-01,50.0,89.0,33.6911
8476525,Colin Miller,D,BOS,2016-02,27.0,48.1,33.6911
8476525,Colin Miller,D,BOS,2016-04,22.5,40.1,33.6911
8476539,Jonathan Marchessault,C,TBL,2015-10,10.5,13.5,46.8181
8476539,Jonathan Marchessault,C,TBL,2015-11,104.0,133.3,46.8181
8476539,Jonathan Marchessault,C,TBL,2015-12,111.0,142.3,46.8181
8476539,Jonathan Marchessault,C,TBL,2016-01,33.5,42.9,46.8181
8476539,Jonathan Marchessault,C,TBL,2016-02,68.0,87.1,46.8181
8476539,Jonathan Marchessault,C,TBL,2016-03,78.0,100.0,46.8181
8476539,Jonathan Marchessault,C,TBL,2016-04,19.5,25.0,46.8181
8476545,Kurtis Gabriel,R,MIN,2015-11,24.0,13.5,106.8249
8476624,Barclay Goodrow,C,SJS,2015-10,70.0,108.2,38.8093
8476624,Barclay Goodrow,C,SJS,2015-11,10.0,15.5,38.8093
8476624,Barclay Goodrow,C,SJS,2015-12,13.0,20.1,38.8093
8476766,Cole Schneider,L,BUF,2016-04,9.0,25.2,21.3861
8476769,Bobby Farnham,R,NJD,2015-10,43.5,31.1,83.8736
8476769,Bobby Farnham,R,NJD,2015-11,168.0,120.2,83.8736
8476769,Bobby Farnham,R,NJD,2015-12,99.0,70.8,83.8736
8476769,Bobby Farnham,R,NJD,2016-01,110.5,79.0,83.8736
8476769,Bobby Farnham,R,NJD,2016-02,98.0,70.1,83.8736
8476769,Bobby Farnham,R,NJD,2016-03,157.0,112.3,83.8736
8476769,Bobby Farnham,R,NJD,2016-04,14.0,10.0,83.8736
8476772,Brian O'Neill,C,NJD,2015-10,72.5,81.4,53.4328
8476772,Brian O'Neill,C,NJD,2015-11,80.5,90.4,53.4328
8476772,Brian O'Neill,C,NJD,2015-12,50.0,56.1,53.4328
8476779,Brad Hunt,D,EDM,2015-12,19.5,46.1,25.3904
8476779,Brad Hunt,D,EDM,2016-01,22.5,53.2,25.3904
8476792,Torey Krug,D,BOS,2015-10,91.5,230.0,23.8702
8476792,Torey Krug,D,BOS,2015-11,123.0,309.2,23.8702
8476792,Torey Krug,D,BOS,2015-12,125.0,314.2,23.8702
8476792,Torey Krug,D,BOS,2016-01,95.0,238.8,23.8702
8476792,Torey Krug,D,BOS,2016-02,93.5,235.0,23.8702
8476792,Torey Krug,D,BOS,2016-03,142.5,358.2,23.8702
8476792,Torey Krug,D,BOS,2016-04,26.0,65.4,23.8702
8476806,JT Brown,R,TBL,2015-10,83.5,102.6,48.8495
8476806,JT Brown,R,TBL,2015-11,126.0,154.8,48.8495
8476806,JT Brown,R,TBL,2015-12,141.5,173.8,48.8495
8476806,JT Brown,R,TBL,2016-01,93.5,114.8,48.8495
8476806,JT Brown,R,TBL,2016-02,195.0,239.5,48.8495
8476806,JT Brown,R,TBL,2016-03,149.5,183.6,48.8495
8476806,JT Brown,R,TBL,2016-04,59.5,73.1,48.8495
8476807,Matt Tennyson,D,SJS,2015-10,51.0,82.0,37.3031
8476807,Matt Tennyson,D,SJS,2015-11,90.0,144.8,37.3031
8476807,Matt Tennyson,D,SJS,2015-12,17.5,28.1,37.3031
8476807,Matt Tennyson,D,SJS,2016-02,31.0,49.9,37.3031
8476808,Brian Flynn,C,MTL,2015-10,125.0,149.1,50.3158
8476808,Brian Flynn,C,MTL,2015-11,115.5,137.7,50.3158
8476808,Brian Flynn,C,MTL,2015-12,156.5,186.6,50.3158
8476808,Brian Flynn,C,MTL,2016-01,81.0,96.6,50.3158
8476808,Brian Flynn,C,MTL,2016-02,65.5,78.1,50.3158
8476808,Brian Flynn,C,MTL,2016-04,7.5,8.9,50.3158
8476819,Jeremy Welsh,C,STL,2015-11,20.0,16.6,72.2022
8476822,Luke Glendening,C,DET,2015-10,225.5,152.7,88.6179
8476822,Luke Glendening,C,DET,2015-11,293.0,198.4,88.6179
8476822,Luke Glendening,C,DET,2015-12,211.0,142.9,88.6179
8476822,Luke Glendening,C,DET,2016-01,170.0,115.1,88.6179
8476822,Luke Glendening,C,DET,2016-02,329.5,223.1,88.6179
8476822,Luke Glendening,C,DET,2016-03,359.0,243.1,88.6179
8476822,Luke Glendening,C,DET,2016-04,156.0,105.6,88.6179
8476826,Yanni Gourde,C,TBL,2015-12,22.0,14.6,90.2256
8476850,Ryan Murray,D,CBJ,2015-10,98.5,204.9,28.8409
8476850,Ryan Murray,D,CBJ,2015-11,137.0,285.0,28.8409
8476850,Ryan Murray,D,CBJ,2015-12,141.5,294.4,28.8409
8476850,Ryan Murray,D,CBJ,2016-01,137.0,285.0,28.8409
8476850,Ryan Murray,D,CBJ,2016-02,171.0,355.7,28.8409
8476850,Ryan Murray,D,CBJ,2016-03,154.0,320.4,28.8409
8476850,Ryan Murray,D,CBJ,2016-04,61.5,127.9,28.8409
8476851,Alex Galchenyuk,C,MTL,2015-10,99.0,165.6,35.8667
8476851,Alex Galchenyuk,C,MTL,2015-11,138.0,230.9,35.8667
8476851,Alex Galchenyuk,C,MTL,2015-12,132.0,220.8,35.8667
8476851,Alex Galchenyuk,C,MTL,2016-01,96.5,161.4,35.8667
8476851,Alex Galchenyuk,C,MTL,2016-02,139.5,233.4,35.8667
8476851,Alex Galchenyuk,C,MTL,2016-03,152.5,255.1,35.8667
8476851,Alex Galchenyuk,C,MTL,2016-04,39.5,66.1,35.8667
8476852,Griffin Reinhart,D,EDM,2015-10,35.5,44.4,48.0188
8476852,Griffin Reinhart,D,EDM,2015-11,100.0,125.0,48.0188
8476852,Griffin Reinhart,D,EDM,2016-01,20.0,25.0,48.0188
8476852,Griffin Reinhart,D,EDM,2016-02,30.5,38.1,48.0188
8476852,Griffin Reinhart,D,EDM,2016-03,173.5,216.8,48.0188
8476852,Griffin Reinhart,D,EDM,2016-04,60.0,75.0,48.0188
8476853,Morgan Rielly,D,TOR,2015-10,70.5,170.9,24.7451
8476853,Morgan Rielly,D,TOR,2015-11,147.5,357.6,24.7451
8476853,Morgan Rielly,D,TOR,2015-12,129.0,312.8,24.7451
8476853,Morgan Rielly,D,TOR,2016-01,115.0,278.8,24.7451
8476853,Morgan Rielly,D,TOR,2016-02,86.5,209.7,24.7451
8476853,Morgan Rielly,D,TOR,2016-03,183.0,443.7,24.7451
8476853,Morgan Rielly,D,TOR,2016-04,54.0,130.9,24.7451
8476854,Hampus Lindholm,D,ANA,2015-10,146.5,263.9,33.304
8476854,Hampus Lindholm,D,ANA,2015-11,161.0,290.1,33.304
8476854,Hampus Lindholm,D,ANA,2015-12,95.0,171.2,33.304
8476854,Hampus Lindholm,D,ANA,2016-01,177.0,318.9,33.304
8476854,Hampus Lindholm,D,ANA,2016-02,184.0,331.5,33.304
8476854,Hampus Lindholm,D,ANA,2016-03,179.0,322.5,33.304
8476854,Hampus Lindholm,D,ANA,2016-04,34.5,62.2,33.304
8476855,Nail Yakupov,R,EDM,2015-10,78.0,168.5,27.7745
8476855,Nail Yakupov,R,EDM,2015-11,60.5,130.7,27.7745
8476855,Nail Yakupov,R,EDM,2016-01,24.0,51.8,27.7745
8476855,Nail Yakupov,R,EDM,2016-02,109.5,236.5,27.7745
8476855,Nail Yakupov,R,EDM,2016-03,106.5,230.1,27.7745
8476855,Nail Yakupov,R,EDM,2016-04,16.5,35.6,27.7745
8476856,Mathew Dumba,D,MIN,2015-10,108.0,214.3,30.2402
8476856,Mathew Dumba,D,MIN,2015-11,73.5,145.8,30.2402
8476856,Mathew Dumba,D,MIN,2015-12,127.5,253.0,30.2402
8476856,Mathew Dumba,D,MIN,2016-01,65.0,129.0,30.2402
8476856,Mathew Dumba,D,MIN,2016-02,156.0,309.5,30.2402
8476856,Mathew Dumba,D,MIN,2016-03,127.0,252.0,30.2402
8476856,Mathew Dumba,D,MIN,2016-04,30.5,60.5,30.2402
8476858,Phillip Di Giuseppe,L,CAR,2015-12,191.0,194.5,58.9311
8476858,Phillip Di Giuseppe,L,CAR,2016-01,34.0,34.6,58.9311
8476858,Phillip Di Giuseppe,L,CAR,2016-02,211.5,215.3,58.9311
8476858,Phillip Di Giuseppe,L,CAR,2016-03,138.0,140.5,58.9311
8476867,Brendan Gaunce,C,VAN,2015-10,20.0,26.0,46.0869
8476867,Brendan Gaunce,C,VAN,2016-03,134.5,175.1,46.0869
8476867,Brendan Gaunce,C,VAN,2016-04,41.5,54.0,46.0869
8476869,Brady Skjei,D,NYR,2015-12,34.5,47.6,43.5028
8476869,Brady Skjei,D,NYR,2016-02,9.0,12.4,43.5028
8476869,Brady Skjei,D,NYR,2016-03,6.0,8.3,43.5028
8476869,Brady Skjei,D,NYR,2016-04,40.5,55.9,43.5028
8476870,Stefan Matteau,C,MTL,2015-10,49.0,47.1,62.3613
8476870,Stefan Matteau,C,MTL,2015-11,30.0,28.9,62.3613
8476870,Stefan Matteau,C,MTL,2015-12,67.0,64.5,62.3613
8476870,Stefan Matteau,C,MTL,2016-01,37.0,35.6,62.3613
8476870,Stefan Matteau,C,MTL,2016-03,159.0,153.0,62.3613
8476871,Tanner Pearson,L,LAK,2015-10,76.5,112.8,40.7045
8476871,Tanner Pearson,L,LAK,2015-11,107.0,157.7,40.7045
8476871,Tanner Pearson,L,LAK,2015-12,163.5,241.0,40.7045
8476871,Tanner Pearson,L,LAK,2016-01,137.0,201.9,40.7045
8476871,Tanner Pearson,L,LAK,2016-02,84.5,124.6,40.7045
8476871,Tanner Pearson,L,LAK,2016-03,155.0,228.5,40.7045
8476871,Tanner Pearson,L,LAK,2016-04,51.5,75.9,40.7045
8476872,Scott Laughton,L,PHI,2015-10,128.0,146.3,52.4838
8476872,Scott Laughton,L,PHI,2015-11,117.0,133.8,52.4838
8476872,Scott Laughton,L,PHI,2015-12,94.5,108.0,52.4838
8476872,Scott Laughton,L,PHI,2016-01,115.0,131.5,52.4838
8476872,Scott Laughton,L,PHI,2016-02,120.5,137.8,52.4838
8476872,Scott Laughton,L,PHI,2016-03,61.5,70.3,52.4838
8476872,Scott Laughton,L,PHI,2016-04,11.5,13.1,52.4838
8476874,Olli Määttä,D,PIT,2015-10,105.5,190.1,33.2902
8476874,Olli Määttä,D,PIT,2015-11,47.5,85.6,33.2902
8476874,Olli Määttä,D,PIT,2015-12,173.5,312.7,33.2902
8476874,Olli Määttä,D,PIT,2016-01,144.5,260.4,33.2902
8476874,Olli Määttä,D,PIT,2016-02,144.5,260.4,33.2902
8476874,Olli Määttä,D,PIT,2016-03,126.5,228.0,33.2902
8476875,Mike Matheson,D,FLA,2016-02,3.0,13.2,13.6882
8476875,Mike Matheson,D,FLA,2016-04,9.0,39.5,13.6882
8476878,Zemgus Girgensons,C,BUF,2015-10,177.5,195.3,54.5444
8476878,Zemgus Girgensons,C,BUF,2015-11,136.5,150.2,54.5444
8476878,Zemgus Girgensons,C,BUF,2015-12,184.5,203.0,54.5444
8476878,Zemgus Girgensons,C,BUF,2016-01,89.0,97.9,54.5444
8476878,Zemgus Girgensons,C,BUF,2016-02,155.0,170.5,54.5444
8476878,Zemgus Girgensons,C,BUF,2016-03,174.5,192.0,54.5444
8476878,Zemgus Girgensons,C,BUF,2016-04,53.5,58.9,54.5444
8476879,Cody Ceci,D,OTT,2015-10,87.5,145.5,36.0824
8476879,Cody Ceci,D,OTT,2015-11,164.5,273.5,36.0824
8476879,Cody Ceci,D,OTT,2015-12,104.0,172.9,36.0824
8476879,Cody Ceci,D,OTT,2016-01,130.5,217.0,36.0824
8476879,Cody Ceci,D,OTT,2016-02,161.0,267.7,36.0824
8476879,Cody Ceci,D,OTT,2016-03,181.5,301.8,36.0824
8476879,Cody Ceci,D,OTT,2016-04,41.5,69.0,36.0824
8476880,Tom Wilson,R,WSH,2015-10,169.0,116.0,87.3778
8476880,Tom Wilson,R,WSH,2015-11,243.0,166.9,87.3778
8476880,Tom Wilson,R,WSH,2015-12,325.5,223.5,87.3778
8476880,Tom Wilson,R,WSH,2016-01,193.0,132.5,87.3778
8476880,Tom Wilson,R,WSH,2016-02,265.5,182.3,87.3778
8476880,Tom Wilson,R,WSH,2016-03,225.0,154.5,87.3778
8476880,Tom Wilson,R,WSH,2016-04,121.0,83.1,87.3778
8476881,Tomas Hertl,C,SJS,2015-10,154.5,185.9,49.8756
8476881,Tomas Hertl,C,SJS,2015-11,195.0,234.6,49.8756
8476881,Tomas Hertl,C,SJS,2015-12,145.0,174.4,49.8756
8476881,Tomas Hertl,C,SJS,2016-01,193.0,232.2,49.8756
8476881,Tomas Hertl,C,SJS,2016-02,147.5,177.4,49.8756
8476881,Tomas Hertl,C,SJS,2016-03,201.5,242.4,49.8756
8476881,Tomas Hertl,C,SJS,2016-04,39.0,46.9,49.8756
8476882,Teuvo Teravainen,L,CHI,2015-10,37.5,86.5,26.0172
8476882,Teuvo Teravainen,L,CHI,2015-11,58.0,133.8,26.0172
8476882,Teuvo Teravainen,L,CHI,2015-12,108.0,249.1,26.0172
8476882,Teuvo Teravainen,L,CHI,2016-01,64.0,147.6,26.0172
8476882,Teuvo Teravainen,L,CHI,2016-02,73.0,168.4,26.0172
8476882,Teuvo Teravainen,L,CHI,2016-03,116.0,267.5,26.0172
8476882,Teuvo Teravainen,L,CHI,2016-04,62.5,144.1,26.0172
8476883,Andrei Vasilevskiy,G,TBL,2015-11,-1.0,0.0,0.0
8476883,Andrei Vasilevskiy,G,TBL,2015-12,-2.5,0.0,0.0
8476883,Andrei Vasilevskiy,G,TBL,2016-01,0.5,0.0,0.0
8476883,Andrei Vasilevskiy,G,TBL,2016-02,-5.0,0.0,0.0
8476883,Andrei Vasilevskiy,G,TBL,2016-03,-2.5,0.0,0.0
8476883,Andrei Vasilevskiy,G,TBL,2016-04,-2.5,0.0,0.0
8476884,Derrick Pouliot,D,PIT,2016-01,15.5,27.2,34.2383
8476884,Derrick Pouliot,D,PIT,2016-02,113.0,198.0,34.2383
8476884,Derrick Pouliot,D,PIT,2016-03,56.5,99.0,34.2383
8476884,Derrick Pouliot,D,PIT,2016-04,9.0,15.8,34.2383
8476885,Jacob Trouba,D,WPG,2015-10,130.5,187.4,41.7762
8476885,Jacob Trouba,D,WPG,2015-11,227.0,326.0,41.7762
8476885,Jacob Trouba,D,WPG,2015-12,209.5,300.9,41.7762
8476885,Jacob Trouba,D,WPG,2016-01,213.5,306.6,41.7762
8476885,Jacob Trouba,D,WPG,2016-02,143.0,205.4,41.7762
8476885,Jacob Trouba,D,WPG,2016-03,279.0,400.7,41.7762
8476885,Jacob Trouba,D,WPG,2016-04,42.0,60.3,41.7762
8476886,Slater Koekkoek,D,TBL,2015-10,6.0,9.9,36.1991
8476886,Slater Koekkoek,D,TBL,2016-02,12.5,20.7,36.1991
8476886,Slater Koekkoek,D,TBL,2016-03,24.5,40.6,36.1991
8476886,Slater Koekkoek,D,TBL,2016-04,13.0,21.5,36.1991
8476887,Filip Forsberg,L,NSH,2015-10,164.0,241.8,40.6895
8476887,Filip Forsberg,L,NSH,2015-11,168.5,248.5,40.6895
8476887,Filip Forsberg,L,NSH,2015-12,168.5,248.5,40.6895
8476887,Filip Forsberg,L,NSH,2016-01,139.0,205.0,40.6895
8476887,Filip Forsberg,L,NSH,2016-02,151.0,222.7,40.6895
8476887,Filip Forsberg,L,NSH,2016-03,226.0,333.3,40.6895
8476887,Filip Forsberg,L,NSH,2016-04,42.5,62.7,40.6895
8476888,Mikhail Grigorenko,C,COL,2015-10,49.5,105.5,28.1442
8476888,Mikhail Grigorenko,C,COL,2015-11,97.0,206.8,28.1442
8476888,Mikhail Grigorenko,C,COL,2015-12,83.5,178.0,28.1442
8476888,Mikhail Grigorenko,C,COL,2016-01,47.0,100.2,28.1442
8476888,Mikhail Grigorenko,C,COL,2016-02,80.5,171.6,28.1442
8476888,Mikhail Grigorenko,C,COL,2016-03,84.5,180.1,28.1442
8476888,Mikhail Grigorenko,C,COL,2016-04,18.5,39.4,28.1442
8476889,Radek Faksa,C,DAL,2015-10,96.0,89.0,64.7036
8476889,Radek Faksa,C,DAL,2015-11,91.0,84.4,64.7036
8476889,Radek Faksa,C,DAL,2016-01,43.0,39.9,64.7036
8476889,Radek Faksa,C,DAL,2016-02,90.5,83.9,64.7036
8476889,Radek Faksa,C,DAL,2016-03,229.0,212.4,64.7036
8476889,Radek Faksa,C,DAL,2016-04,50.0,46.4,64.7036
8476890,Patrick Sieloff,D,CGY,2016-04,17.5,18.0,58.3982
8476892,Colton Parayko,D,STL,2015-10,147.5,202.0,43.8178
8476892,Colton Parayko,D,STL,2015-11,157.0,215.0,43.8178
8476892,Colton Parayko,D,STL,2015-12,267.5,366.3,43.8178
8476892,Colton Parayko,D,STL,2016-01,171.5,234.8,43.8178
8476892,Colton Parayko,D,STL,2016-02,137.5,188.3,43.8178
8476892,Colton Parayko,D,STL,2016-03,155.0,212.2,43.8178
8476892,Colton Parayko,D,STL,2016-04,82.5,113.0,43.8178
8476894,Brendan Leipsic,L,TOR,2016-02,55.5,57.8,57.591
8476894,Brendan Leipsic,L,TOR,2016-03,26.5,27.6,57.591
8476897,Oskar Sundqvist,C,PIT,2016-02,102.0,107.6,56.8966
8476897,Oskar Sundqvist,C,PIT,2016-03,28.0,29.5,56.8966
8476897,Oskar Sundqvist,C,PIT,2016-04,46.0,48.5,56.8966
8476899,Matt Murray,G,PIT,2016-03,0.5,0.0,0.0
8476899,Matt Murray,G,PIT,2016-04,-10.0,0.0,0.0
8476902,Esa Lindell,D,DAL,2016-01,52.5,56.2,56.0698
8476905,Chandler Stephenson,C,WSH,2015-10,47.0,49.2,57.2681
8476905,Chandler Stephenson,C,WSH,2015-11,20.5,21.5,57.2681
8476906,Shayne Gostisbehere,D,PHI,2015-11,23.0,72.2,19.109
8476906,Shayne Gostisbehere,D,PHI,2015-12,71.0,222.9,19.109
8476906,Shayne Gostisbehere,D,PHI,2016-01,48.5,152.3,19.109
8476906,Shayne Gostisbehere,D,PHI,2016-02,138.0,433.3,19.109
8476906,Shayne Gostisbehere,D,PHI,2016-03,104.5,328.1,19.109
8476906,Shayne Gostisbehere,D,PHI,2016-04,24.5,76.9,19.109
8476910,Scott Kosmachuk,R,WPG,2016-03,48.0,92.3,31.2127
8476913,Devin Shore,C,DAL,2015-11,12.0,36.4,19.8074
8476914,Joonas Korpisalo,G,CBJ,2015-12,5.5,0.0,0.0
8476914,Joonas Korpisalo,G,CBJ,2016-01,0.5,0.0,0.0
8476914,Joonas Korpisalo,G,CBJ,2016-02,-10.0,0.0,0.0
8476915,Jujhar Khaira,L,EDM,2015-11,21.0,22.3,56.3997
8476915,Jujhar Khaira,L,EDM,2015-12,87.5,93.1,56.3997
8476915,Jujhar Khaira,L,EDM,2016-01,6.5,6.9,56.3997
8476915,Jujhar Khaira,L,EDM,2016-02,31.0,33.0,56.3997
8476917,Adam Pelech,D,NYI,2015-11,30.0,38.1,47.2127
8476917,Adam Pelech,D,NYI,2016-01,72.0,91.5,47.2127
8476917,Adam Pelech,D,NYI,2016-04,22.5,28.6,47.2127
8476919,Chris Tierney,C,SJS,2015-10,137.5,187.0,44.1287
8476919,Chris Tierney,C,SJS,2015-11,91.5,124.4,44.1287
8476919,Chris Tierney,C,SJS,2015-12,121.5,165.2,44.1287
8476919,Chris Tierney,C,SJS,2016-01,100.0,136.0,44.1287
8476919,Chris Tierney,C,SJS,2016-02,133.0,180.8,44.1287
8476919,Chris Tierney,C,SJS,2016-03,136.0,184.9,44.1287
8476919,Chris Tierney,C,SJS,2016-04,47.0,63.9,44.1287
8476921,Jordan Martinook,L,ARI,2015-10,75.5,143.7,31.5251
8476921,Jordan Martinook,L,ARI,2015-11,101.5,193.2,31.5251
8476921,Jordan Martinook,L,ARI,2015-12,100.0,190.3,31.5251
8476921,Jordan Martinook,L,ARI,2016-01,91.5,174.1,31.5251
8476921,Jordan Martinook,L,ARI,2016-02,104.0,197.9,31.5251
8476921,Jordan Martinook,L,ARI,2016-03,127.5,242.7,31.5251
8476921,Jordan Martinook,L,ARI,2016-04,46.5,88.5,31.5251
8476923,Damon Severson,D,NJD,2015-10,61.0,159.9,22.8922
8476923,Damon Severson,D,NJD,2015-11,78.5,205.7,22.8922
8476923,Damon Severson,D,NJD,2015-12,171.0,448.2,22.8922
8476923,Damon Severson,D,NJD,2016-01,77.0,201.8,22.8922
8476923,Damon Severson,D,NJD,2016-02,26.5,69.5,22.8922
8476923,Damon Severson,D,NJD,2016-03,76.0,199.2,22.8922
8476923,Damon Severson,D,NJD,2016-04,9.0,23.6,22.8922
8476925,Colton Sissons,C,NSH,2015-11,73.5,71.5,61.662
8476925,Colton Sissons,C,NSH,2015-12,93.0,90.5,61.662
8476925,Colton Sissons,C,NSH,2016-03,158.5,154.2,61.662
8476925,Colton Sissons,C,NSH,2016-04,23.0,22.4,61.662
8476931,Jake McCabe,D,BUF,2015-10,124.0,180.3,41.269
8476931,Jake McCabe,D,BUF,2015-11,179.0,260.2,41.269
8476931,Jake McCabe,D,BUF,2015-12,131.0,190.5,41.269
8476931,Jake McCabe,D,BUF,2016-01,140.5,204.3,41.269
8476931,Jake McCabe,D,BUF,2016-02,166.0,241.3,41.269
8476931,Jake McCabe,D,BUF,2016-03,219.0,318.4,41.269
8476931,Jake McCabe,D,BUF,2016-04,53.0,77.1,41.269
8476934,Brock McGinn,L,CAR,2015-10,82.0,106.4,46.2383
8476934,Brock McGinn,L,CAR,2015-11,23.0,29.8,46.2383
8476934,Brock McGinn,L,CAR,2015-12,25.5,33.1,46.2383
8476934,Brock McGinn,L,CAR,2016-01,43.0,55.8,46.2383
8476934,Brock McGinn,L,CAR,2016-03,7.5,9.7,46.2383
8476941,Connor Carrick,D,TOR,2015-12,35.0,45.1,46.5558
8476941,Connor Carrick,D,TOR,2016-02,17.5,22.6,46.5558
8476941,Connor Carrick,D,TOR,2016-03,176.5,227.5,46.5558
8476944,Brendan Woods,L,CAR,2016-03,14.0,19.0,44.1075
8476944,Brendan Woods,L,CAR,2016-04,18.0,24.5,44.1075
8476945,Connor Hellebuyck,G,WPG,2015-12,-22.5,0.0,0.0
8476945,Connor Hellebuyck,G,WPG,2016-01,-15.0,0.0,0.0
8476948,Charles Hudon,L,MTL,2015-12,16.0,15.8,60.7855
8476948,Charles Hudon,L,MTL,2016-03,16.5,16.3,60.7855
8476953,Trevor Carrick,D,CAR,2016-03,20.0,33.3,36.0144
8476955,Taylor Leier,L,PHI,2015-11,42.5,46.3,55.0399
8476958,Jaccob Slavin,D,CAR,2015-11,66.0,101.8,38.913
8476958,Jaccob Slavin,D,CAR,2015-12,144.0,222.0,38.913
8476958,Jaccob Slavin,D,CAR,2016-01,172.5,266.0,38.913
8476958,Jaccob Slavin,D,CAR,2016-02,223.0,343.8,38.913
8476958,Jaccob Slavin,D,CAR,2016-03,217.0,334.6,38.913
8476958,Jaccob Slavin,D,CAR,2016-04,35.0,54.0,38.913
8476960,Andreas Athanasiou,C,DET,2015-11,45.0,53.9,50.0824
8476960,Andreas Athanasiou,C,DET,2016-02,83.5,100.0,50.0824
8476960,Andreas Athanasiou,C,DET,2016-03,121.5,145.6,50.0824
8476960,Andreas Athanasiou,C,DET,2016-04,28.5,34.1,50.0824
8476967,Brett Kulak,D,CGY,2015-10,19.5,61.1,19.1354
8476967,Brett Kulak,D,CGY,2016-03,12.0,37.6,19.1354
8476975,Cedric Paquette,C,TBL,2015-10,80.5,57.9,83.4315
8476975,Cedric Paquette,C,TBL,2015-11,92.0,66.2,83.4315
8476975,Cedric Paquette,C,TBL,2015-12,81.5,58.6,83.4315
8476975,Cedric Paquette,C,TBL,2016-01,160.5,115.4,83.4315
8476975,Cedric Paquette,C,TBL,2016-02,249.0,179.1,83.4315
8476975,Cedric Paquette,C,TBL,2016-03,244.5,175.8,83.4315
8476975,Cedric Paquette,C,TBL,2016-04,84.0,60.4,83.4315
8476979,Erik Gustafsson,D,CHI,2015-10,4.5,8.8,30.8321
8476979,Erik Gustafsson,D,CHI,2015-11,46.5,90.5,30.8321
8476979,Erik Gustafsson,D,CHI,2015-12,27.0,52.5,30.8321
8476979,Erik Gustafsson,D,CHI,2016-01,133.0,258.8,30.8321
8476979,Erik Gustafsson,D,CHI,2016-02,42.0,81.7,30.8321
8476979,Erik Gustafsson,D,CHI,2016-03,38.0,73.9,30.8321
8476979,Erik Gustafsson,D,CHI,2016-04,34.5,67.1,30.8321
8476981,Josh Anderson,R,CBJ,2015-11,21.0,15.7,80.3864
8476981,Josh Anderson,R,CBJ,2016-01,122.0,91.1,80.3864
8476981,Josh Anderson,R,CBJ,2016-04,29.0,21.6,80.3864
8476989,Petteri Lindbohm,D,STL,2015-12,90.5,95.6,56.7885
8476989,Petteri Lindbohm,D,STL,2016-03,19.5,20.6,56.7885
8476989,Petteri Lindbohm,D,STL,2016-04,20.5,21.7,56.7885
8476994,Vinnie Hinostroza,C,CHI,2015-10,35.0,34.6,60.6609
8476994,Vinnie Hinostroza,C,CHI,2016-02,26.5,26.2,60.6609
8476999,Linus Ullmark,G,BUF,2015-10,-5.0,0.0,0.0
8476999,Linus Ullmark,G,BUF,2015-11,-5.0,0.0,0.0
8476999,Linus Ullmark,G,BUF,2015-12,-5.0,0.0,0.0
8476999,Linus Ullmark,G,BUF,2016-01,5.5,0.0,0.0
8476999,Linus Ullmark,G,BUF,2016-04,-2.5,0.0,0.0
8477006,Christoph Bertschy,C,MIN,2015-11,29.5,20.8,84.9736
8477010,Joseph Blandisi,C,NJD,2015-12,12.0,17.5,41.2224
8477010,Joseph Blandisi,C,NJD,2016-01,113.0,164.5,41.2224
8477010,Joseph Blandisi,C,NJD,2016-02,158.5,230.7,41.2224
8477010,Joseph Blandisi,C,NJD,2016-03,99.0,144.1,41.2224
8477010,Joseph Blandisi,C,NJD,2016-04,57.0,83.0,41.2224
8477015,Connor Brown,R,TOR,2016-03,43.0,104.8,24.6183
8477018,Ben Hutton,D,VAN,2015-10,91.0,201.8,27.0513
8477018,Ben Hutton,D,VAN,2015-11,89.5,198.5,27.0513
8477018,Ben Hutton,D,VAN,2015-12,85.5,189.6,27.0513
8477018,Ben Hutton,D,VAN,2016-01,122.5,271.7,27.0513
8477018,Ben Hutton,D,VAN,2016-02,97.0,215.1,27.0513
8477018,Ben Hutton,D,VAN,2016-03,146.5,324.9,27.0513
8477018,Ben Hutton,D,VAN,2016-04,40.0,88.7,27.0513
8477033,Viktor Loov,D,TOR,2016-02,33.0,41.8,47.3344
8477076,JC Lipon,R,WPG,2016-01,18.5,10.1,109.5694
8477076,JC Lipon,R,WPG,2016-03,96.0,52.6,109.5694
8477126,Jayson Megna,C,NYR,2016-01,49.0,69.2,42.4605
8477126,Jayson Megna,C,NYR,2016-02,3.0,4.2,42.4605
8477202,Andrew Hammond,G,OTT,2015-10,-2.5,0.0,0.0
8477202,Andrew Hammond,G,OTT,2015-12,3.0,0.0,0.0
8477202,Andrew Hammond,G,OTT,2016-01,-2.5,0.0,0.0
8477202,Andrew Hammond,G,OTT,2016-02,-2.5,0.0,0.0
8477202,Andrew Hammond,G,OTT,2016-03,-10.0,0.0,0.0
8477205,Andrej Sustr,D,TBL,2015-10,54.0,142.1,22.7939
8477205,Andrej Sustr,D,TBL,2015-11,108.0,284.3,22.7939
8477205,Andrej Sustr,D,TBL,2015-12,91.0,239.5,22.7939
8477205,Andrej Sustr,D,TBL,2016-01,74.0,194.8,22.7939
8477205,Andrej Sustr,D,TBL,2016-02,96.5,254.0,22.7939
8477205,Andrej Sustr,D,TBL,2016-03,33.5,88.2,22.7939
8477205,Andrej Sustr,D,TBL,2016-04,35.5,93.4,22.7939
8477210,Buddy Robinson,R,OTT,2016-04,42.0,25.8,97.6744
8477213,Tim Schaller,C,BUF,2015-10,26.0,28.5,54.6996
8477213,Tim Schaller,C,BUF,2015-11,20.5,22.5,54.6996
8477213,Tim Schaller,C,BUF,2016-01,82.5,90.5,54.6996
8477215,Danny DeKeyser,D,DET,2015-10,73.0,150.3,29.1401
8477215,Danny DeKeyser,D,DET,2015-11,130.5,268.7,29.1401
8477215,Danny DeKeyser,D,DET,2015-12,152.5,314.0,29.1401
8477215,Danny DeKeyser,D,DET,2016-01,104.0,214.1,29.1401
8477215,Danny DeKeyser,D,DET,2016-02,163.5,336.6,29.1401
8477215,Danny DeKeyser,D,DET,2016-03,147.0,302.7,29.1401
8477215,Danny DeKeyser,D,DET,2016-04,55.5,114.3,29.1401
8477220,Nate Schmidt,D,WSH,2015-10,49.0,83.3,35.28
8477220,Nate Schmidt,D,WSH,2015-11,130.0,221.1,35.28
8477220,Nate Schmidt,D,WSH,2015-12,190.5,324.0,35.28
8477220,Nate Schmidt,D,WSH,2016-01,101.0,171.8,35.28
8477220,Nate Schmidt,D,WSH,2016-02,158.0,268.7,35.28
8477220,Nate Schmidt,D,WSH,2016-03,93.5,159.0,35.28
8477220,Nate Schmidt,D,WSH,2016-04,43.0,73.1,35.28
8477237,Mike Condon,G,MTL,2015-10,-5.0,0.0,0.0
8477237,Mike Condon,G,MTL,2015-11,-32.5,0.0,0.0
8477237,Mike Condon,G,MTL,2015-12,-22.0,0.0,0.0
8477237,Mike Condon,G,MTL,2016-01,-4.5,0.0,0.0
8477237,Mike Condon,G,MTL,2016-02,-19.0,0.0,0.0
8477237,Mike Condon,G,MTL,2016-03,-32.0,0.0,0.0
8477237,Mike Condon,G,MTL,2016-04,8.5,0.0,0.0
8477244,Chad Ruhwedel,D,BUF,2016-03,20.0,15.5,77.4194
8477249,Andrew Miller,C,EDM,2015-11,31.5,54.7,34.5332
8477290,Michael Raffl,L,PHI,2015-10,135.0,149.1,54.3431
8477290,Michael Raffl,L,PHI,2015-11,188.5,208.1,54.3431
8477290,Michael Raffl,L,PHI,2015-12,153.0,168.9,54.3431
8477290,Michael Raffl,L,PHI,2016-01,170.0,187.7,54.3431
8477290,Michael Raffl,L,PHI,2016-02,177.0,195.4,54.3431
8477290,Michael Raffl,L,PHI,2016-03,169.5,187.1,54.3431
8477290,Michael Raffl,L,PHI,2016-04,69.0,76.2,54.3431
8477293,Antti Raanta,G,NYR,2015-11,-2.5,0.0,0.0
8477293,Antti Raanta,G,NYR,2015-12,-2.5,0.0,0.0
8477293,Antti Raanta,G,NYR,2016-03,-5.0,0.0,0.0
8477300,Viktor Svedberg,D,CHI,2015-10,110.5,240.4,27.5786
8477300,Viktor Svedberg,D,CHI,2015-11,39.5,85.9,27.5786
8477300,Viktor Svedberg,D,CHI,2016-02,24.5,53.3,27.5786
8477300,Viktor Svedberg,D,CHI,2016-03,7.5,16.3,27.5786
8477300,Viktor Svedberg,D,CHI,2016-04,13.5,29.4,27.5786
8477326,Joel Vermin,R,TBL,2015-11,28.5,34.7,49.2431
8477326,Joel Vermin,R,TBL,2015-12,16.5,20.1,49.2431
8477392,Hudson Fasching,R,BUF,2016-03,31.0,45.0,41.2895
8477392,Hudson Fasching,R,BUF,2016-04,24.5,35.6,41.2895
8477406,Mattias Janmark,C,DAL,2015-10,57.5,176.3,19.5724
8477406,Mattias Janmark,C,DAL,2015-11,55.0,168.6,19.5724
8477406,Mattias Janmark,C,DAL,2015-12,103.0,315.8,19.5724
8477406,Mattias Janmark,C,DAL,2016-01,33.0,101.2,19.5724
8477406,Mattias Janmark,C,DAL,2016-02,55.5,170.1,19.5724
8477406,Mattias Janmark,C,DAL,2016-03,31.5,96.6,19.5724
8477406,Mattias Janmark,C,DAL,2016-04,2.0,6.1,19.5724
8477407,Anthony Duclair,L,ARI,2015-10,124.5,243.3,30.7024
8477407,Anthony Duclair,L,ARI,2015-11,94.5,184.7,30.7024
8477407,Anthony Duclair,L,ARI,2015-12,81.5,159.3,30.7024
8477407,Anthony Duclair,L,ARI,2016-01,129.5,253.1,30.7024
8477407,Anthony Duclair,L,ARI,2016-02,76.0,148.5,30.7024
8477407,Anthony Duclair,L,ARI,2016-03,73.5,143.6,30.7024
8477407,Anthony Duclair,L,ARI,2016-04,16.5,32.2,30.7024
8477413,Sven Andrighetto,R,MTL,2015-11,74.5,105.4,42.4032
8477413,Sven Andrighetto,R,MTL,2015-12,105.0,148.6,42.4032
8477413,Sven Andrighetto,R,MTL,2016-01,33.5,47.4,42.4032
8477413,Sven Andrighetto,R,MTL,2016-02,106.0,150.0,42.4032
8477413,Sven Andrighetto,R,MTL,2016-03,104.0,147.2,42.4032
8477413,Sven Andrighetto,R,MTL,2016-04,16.0,22.6,42.4032
8477415,Anton Slepyshev,L,EDM,2015-10,60.0,86.9,41.4226
8477415,Anton Slepyshev,L,EDM,2015-11,6.0,8.7,41.4226
8477416,Oliver Bjorkstrand,R,CBJ,2016-03,80.0,138.2,34.7382
8477416,Oliver Bjorkstrand,R,CBJ,2016-04,31.0,53.5,34.7382
8477425,Miles Wood,L,NJD,2016-04,8.5,13.1,38.9313
8477426,Nick Paul,L,OTT,2016-02,73.0,73.7,59.4567
8477426,Nick Paul,L,OTT,2016-03,165.0,166.5,59.4567
8477426,Nick Paul,L,OTT,2016-04,52.0,52.5,59.4567
8477427,Tobias Lindberg,R,TOR,2016-03,7.5,15.8,28.4121
8477427,Tobias Lindberg,R,TOR,2016-04,37.5,79.2,28.4121
8477429,Andrew Copp,C,WPG,2015-10,93.0,94.3,59.1968
8477429,Andrew Copp,C,WPG,2015-11,51.0,51.7,59.1968
8477429,Andrew Copp,C,WPG,2015-12,85.0,86.2,59.1968
8477429,Andrew Copp,C,WPG,2016-01,65.0,65.9,59.1968
8477429,Andrew Copp,C,WPG,2016-02,70.5,71.5,59.1968
8477429,Andrew Copp,C,WPG,2016-03,165.5,167.7,59.1968
8477429,Andrew Copp,C,WPG,2016-04,78.0,79.1,59.1968
8477433,Ben Harpur,D,OTT,2016-03,-1.0,-1.1,0.0
8477433,Ben Harpur,D,OTT,2016-04,66.0,69.4,57.101
8477444,Andre Burakovsky,L,WSH,2015-10,67.5,148.2,27.3196
8477444,Andre Burakovsky,L,WSH,2015-11,92.5,203.2,27.3196
8477444,Andre Burakovsky,L,WSH,2015-12,57.5,126.3,27.3196
8477444,Andre Burakovsky,L,WSH,2016-01,48.0,105.4,27.3196
8477444,Andre Burakovsky,L,WSH,2016-02,103.5,227.3,27.3196
8477444,Andre Burakovsky,L,WSH,2016-03,61.5,135.1,27.3196
8477444,Andre Burakovsky,L,WSH,2016-04,38.0,83.5,27.3196
8477445,Hunter Shinkaruk,C,CGY,2015-11,11.0,14.2,46.6088
8477445,Hunter Shinkaruk,C,CGY,2016-03,25.0,32.2,46.6088
8477445,Hunter Shinkaruk,C,CGY,2016-04,57.0,73.4,46.6088
8477446,Michael McCarron,R,MTL,2015-12,9.0,6.5,83.5937
8477446,Michael McCarron,R,MTL,2016-02,51.5,37.0,83.5937
8477446,Michael McCarron,R,MTL,2016-03,250.5,179.8,83.5937
8477446,Michael McCarron,R,MTL,2016-04,14.5,10.4,83.5937
8477447,Shea Theodore,D,ANA,2015-12,7.0,19.4,21.6487
8477447,Shea Theodore,D,ANA,2016-01,85.5,237.0,21.6487
8477447,Shea Theodore,D,ANA,2016-03,23.0,63.7,21.6487
8477447,Shea Theodore,D,ANA,2016-04,15.5,43.0,21.6487
8477448,Marko Dano,C,WPG,2015-11,100.5,111.2,54.2312
8477448,Marko Dano,C,WPG,2015-12,9.0,10.0,54.2312
8477448,Marko Dano,C,WPG,2016-02,7.5,8.3,54.2312
8477448,Marko Dano,C,WPG,2016-03,178.5,197.5,54.2312
8477448,Marko Dano,C,WPG,2016-04,81.0,89.6,54.2312
8477450,Jason Dickinson,C,DAL,2016-04,12.0,11.9,60.4027
8477451,Ryan Hartman,R,CHI,2015-10,8.0,5.1,94.1558
8477451,Ryan Hartman,R,CHI,2015-11,35.5,22.6,94.1558
8477453,Chris Bigras,D,COL,2016-01,53.0,123.8,25.677
8477453,Chris Bigras,D,COL,2016-02,73.5,171.7,25.677
8477453,Chris Bigras,D,COL,2016-03,38.5,90.0,25.677
8477453,Chris Bigras,D,COL,2016-04,12.0,28.0,25.677
8477455,Jacob de la Rose,L,MTL,2016-01,49.5,46.5,63.8228
8477455,Jacob de la Rose,L,MTL,2016-02,113.5,106.7,63.8228
8477455,Jacob de la Rose,L,MTL,2016-03,128.0,120.3,63.8228
8477460,Laurent Dauphin,C,ARI,2015-12,2.0,2.1,56.3411
8477460,Laurent Dauphin,C,ARI,2016-01,24.0,25.6,56.3411
8477460,Laurent Dauphin,C,ARI,2016-04,59.0,62.8,56.3411
8477463,Steven Santini,D,NJD,2016-04,17.5,14.6,72.0165
8477464,Nic Petan,C,WPG,2015-10,23.5,60.1,23.4751
8477464,Nic Petan,C,WPG,2015-11,21.0,53.7,23.4751
8477464,Nic Petan,C,WPG,2016-03,46.0,117.6,23.4751
8477464,Nic Petan,C,WPG,2016-04,29.0,74.1,23.4751
8477467,Gustav Olofsson,D,MIN,2015-11,4.0,18.4,13.0577
8477473,Justin Bailey,R,BUF,2016-02,69.5,92.8,44.9257
8477486,Emile Poirier,R,CGY,2016-03,25.5,27.8,55.0756
8477488,Brett Pesce,D,CAR,2015-10,32.5,61.9,31.4826
8477488,Brett Pesce,D,CAR,2015-11,129.0,245.8,31.4826
8477488,Brett Pesce,D,CAR,2015-12,112.0,213.5,31.4826
8477488,Brett Pesce,D,CAR,2016-01,118.5,225.8,31.4826
8477488,Brett Pesce,D,CAR,2016-02,104.5,199.2,31.4826
8477488,Brett Pesce,D,CAR,2016-03,152.5,290.6,31.4826
8477488,Brett Pesce,D,CAR,2016-04,30.5,58.1,31.4826
8477492,Nathan MacKinnon,C,COL,2015-10,193.0,287.1,40.3283
8477492,Nathan MacKinnon,C,COL,2015-11,166.5,247.7,40.3283
8477492,Nathan MacKinnon,C,COL,2015-12,189.0,281.2,40.3283
8477492,Nathan MacKinnon,C,COL,2016-01,128.0,190.4,40.3283
8477492,Nathan MacKinnon,C,COL,2016-02,148.0,220.2,40.3283
8477492,Nathan MacKinnon,C,COL,2016-03,88.5,131.7,40.3283
8477493,Aleksander Barkov,C,FLA,2015-10,103.5,126.0,49.2912
8477493,Aleksander Barkov,C,FLA,2015-11,105.0,127.8,49.2912
8477493,Aleksander Barkov,C,FLA,2015-12,248.5,302.5,49.2912
8477493,Aleksander Barkov,C,FLA,2016-01,196.5,239.2,49.2912
8477493,Aleksander Barkov,C,FLA,2016-02,132.5,161.3,49.2912
8477493,Aleksander Barkov,C,FLA,2016-03,203.5,247.7,49.2912
8477493,Aleksander Barkov,C,FLA,2016-04,64.0,77.9,49.2912
8477494,Jonathan Drouin,L,TBL,2015-10,52.5,121.1,26.0138
8477494,Jonathan Drouin,L,TBL,2015-11,5.0,11.5,26.0138
8477494,Jonathan Drouin,L,TBL,2015-12,39.0,90.0,26.0138
8477494,Jonathan Drouin,L,TBL,2016-04,35.0,80.7,26.0138
8477495,Seth Jones,D,CBJ,2015-10,94.5,197.2,28.7552
8477495,Seth Jones,D,CBJ,2015-11,88.0,183.6,28.7552
8477495,Seth Jones,D,CBJ,2015-12,141.5,295.3,28.7552
8477495,Seth Jones,D,CBJ,2016-01,175.0,365.2,28.7552
8477495,Seth Jones,D,CBJ,2016-02,134.5,280.6,28.7552
8477495,Seth Jones,D,CBJ,2016-03,162.0,338.0,28.7552
8477495,Seth Jones,D,CBJ,2016-04,61.5,128.3,28.7552
8477496,Elias Lindholm,C,CAR,2015-10,87.5,139.3,37.6937
8477496,Elias Lindholm,C,CAR,2015-11,142.0,226.0,37.6937
8477496,Elias Lindholm,C,CAR,2015-12,137.0,218.1,37.6937
8477496,Elias Lindholm,C,CAR,2016-01,155.5,247.5,37.6937
8477496,Elias Lindholm,C,CAR,2016-02,146.5,233.2,37.6937
8477496,Elias Lindholm,C,CAR,2016-03,197.0,313.6,37.6937
8477496,Elias Lindholm,C,CAR,2016-04,67.5,107.4,37.6937
8477497,Sean Monahan,C,CGY,2015-10,108.0,161.5,40.1283
8477497,Sean Monahan,C,CGY,2015-11,171.5,256.4,40.1283
8477497,Sean Monahan,C,CGY,2015-12,161.5,241.5,40.1283
8477497,Sean Monahan,C,CGY,2016-01,136.5,204.1,40.1283
8477497,Sean Monahan,C,CGY,2016-02,183.0,273.6,40.1283
8477497,Sean Monahan,C,CGY,2016-03,240.0,358.8,40.1283
8477497,Sean Monahan,C,CGY,2016-04,38.0,56.8,40.1283
8477498,Darnell Nurse,D,EDM,2015-10,30.5,41.9,43.6486
8477498,Darnell Nurse,D,EDM,2015-11,152.0,208.9,43.6486
8477498,Darnell Nurse,D,EDM,2015-12,227.5,312.7,43.6486
8477498,Darnell Nurse,D,EDM,2016-01,159.5,219.3,43.6486
8477498,Darnell Nurse,D,EDM,2016-02,205.0,281.8,43.6486
8477498,Darnell Nurse,D,EDM,2016-03,219.0,301.0,43.6486
8477498,Darnell Nurse,D,EDM,2016-04,22.0,30.2,43.6486
8477499,Rasmus Ristolainen,D,BUF,2015-10,157.0,262.5,35.8897
8477499,Rasmus Ristolainen,D,BUF,2015-11,201.5,336.9,35.8897
8477499,Rasmus Ristolainen,D,BUF,2015-12,165.0,275.8,35.8897
8477499,Rasmus Ristolainen,D,BUF,2016-01,158.5,265.0,35.8897
8477499,Rasmus Ristolainen,D,BUF,2016-02,217.0,362.8,35.8897
8477499,Rasmus Ristolainen,D,BUF,2016-03,270.5,452.2,35.8897
8477499,Rasmus Ristolainen,D,BUF,2016-04,70.5,117.9,35.8897
8477500,Bo Horvat,C,VAN,2015-10,145.0,148.1,58.7465
8477500,Bo Horvat,C,VAN,2015-11,158.0,161.4,58.7465
8477500,Bo Horvat,C,VAN,2015-12,291.0,297.2,58.7465
8477500,Bo Horvat,C,VAN,2016-01,199.5,203.8,58.7465
8477500,Bo Horvat,C,VAN,2016-02,204.5,208.9,58.7465
8477500,Bo Horvat,C,VAN,2016-03,271.0,276.8,58.7465
8477500,Bo Horvat,C,VAN,2016-04,106.5,108.8,58.7465
8477501,Valeri Nichushkin,R,DAL,2015-10,29.0,55.7,31.2648
8477501,Valeri Nichushkin,R,DAL,2015-11,103.5,198.6,31.2648
8477501,Valeri Nichushkin,R,DAL,2015-12,110.0,211.1,31.2648
8477501,Valeri Nichushkin,R,DAL,2016-01,72.5,139.1,31.2648
8477501,Valeri Nichushkin,R,DAL,2016-02,92.5,177.5,31.2648
8477501,Valeri Nichushkin,R,DAL,2016-03,109.5,210.1,31.2648
8477501,Valeri Nichushkin,R,DAL,2016-04,56.5,108.4,31.2648
8477503,Max Domi,C,ARI,2015-10,85.5,176.8,29.0201
8477503,Max Domi,C,ARI,2015-11,135.0,279.1,29.0201
8477503,Max Domi,C,ARI,2015-12,97.5,201.6,29.0201
8477503,Max Domi,C,ARI,2016-01,52.5,108.5,29.0201
8477503,Max Domi,C,ARI,2016-02,135.5,280.2,29.0201
8477503,Max Domi,C,ARI,2016-03,94.0,194.3,29.0201
8477503,Max Domi,C,ARI,2016-04,41.5,85.8,29.0201
8477504,Josh Morrissey,D,WPG,2016-03,9.5,15.9,35.8491
8477505,Alexander Wennberg,C,CBJ,2015-10,66.5,91.3,43.7234
8477505,Alexander Wennberg,C,CBJ,2015-11,53.0,72.7,43.7234
8477505,Alexander Wennberg,C,CBJ,2015-12,164.5,225.7,43.7234
8477505,Alexander Wennberg,C,CBJ,2016-01,166.5,228.5,43.7234
8477505,Alexander Wennberg,C,CBJ,2016-02,165.5,227.1,43.7234
8477505,Alexander Wennberg,C,CBJ,2016-03,119.0,163.3,43.7234
8477505,Alexander Wennberg,C,CBJ,2016-04,62.5,85.8,43.7234
8477506,Ryan Pulock,D,NYI,2016-02,8.5,19.3,26.4485
8477506,Ryan Pulock,D,NYI,2016-03,52.5,119.1,26.4485
8477506,Ryan Pulock,D,NYI,2016-04,43.0,97.5,26.4485
8477507,Nikita Zadorov,D,COL,2015-10,142.5,204.2,41.8769
8477507,Nikita Zadorov,D,COL,2015-11,11.0,15.8,41.8769
8477507,Nikita Zadorov,D,COL,2016-01,44.0,63.0,41.8769
8477507,Nikita Zadorov,D,COL,2016-03,36.0,51.6,41.8769
8477507,Nikita Zadorov,D,COL,2016-04,26.5,38.0,41.8769
8477508,Curtis Lazar,C,OTT,2015-10,85.5,98.4,52.1234
8477508,Curtis Lazar,C,OTT,2015-11,146.0,168.1,52.1234
8477508,Curtis Lazar,C,OTT,2015-12,138.0,158.9,52.1234
8477508,Curtis Lazar,C,OTT,2016-01,130.0,149.6,52.1234
8477508,Curtis Lazar,C,OTT,2016-02,158.0,181.9,52.1234
8477508,Curtis Lazar,C,OTT,2016-03,238.5,274.5,52.1234
8477508,Curtis Lazar,C,OTT,2016-04,19.0,21.9,52.1234
8477509,Mirco Mueller,D,SJS,2015-10,2.0,6.1,19.8062
8477509,Mirco Mueller,D,SJS,2015-11,20.5,62.1,19.8062
8477509,Mirco Mueller,D,SJS,2015-12,13.0,39.4,19.8062
8477509,Mirco Mueller,D,SJS,2016-04,3.0,9.1,19.8062
8477510,Kerby Rychel,L,CBJ,2015-10,13.0,18.5,42.1744
8477510,Kerby Rychel,L,CBJ,2015-11,73.0,103.9,42.1744
8477510,Kerby Rychel,L,CBJ,2015-12,6.5,9.2,42.1744
8477510,Kerby Rychel,L,CBJ,2016-01,52.5,74.7,42.1744
8477510,Kerby Rychel,L,CBJ,2016-02,69.0,98.2,42.1744
8477511,Anthony Mantha,R,DET,2016-03,62.5,121.9,30.7692
8477511,Anthony Mantha,R,DET,2016-04,-2.5,-4.9,0.0
8477512,Frederik Gauthier,C,TOR,2016-03,23.5,16.5,85.4313
8477512,Frederik Gauthier,C,TOR,2016-04,114.5,80.4,85.4313
8477527,Ross Johnston,L,NYI,2016-04,23.5,16.3,86.6093
8477566,Sergey Tolchinsky,L,CAR,2016-03,3.0,10.9,16.5394
8477566,Sergey Tolchinsky,L,CAR,2016-04,3.5,12.7,16.5394
8477589,Ronalds Kenins,L,VAN,2015-12,57.0,57.5,59.4873
8477589,Ronalds Kenins,L,VAN,2016-01,19.5,19.7,59.4873
8477589,Ronalds Kenins,L,VAN,2016-04,14.0,14.1,59.4873
8477591,Josh Jooris,R,CGY,2015-10,139.0,167.8,49.6952
8477591,Josh Jooris,R,CGY,2015-11,84.5,102.0,49.6952
8477591,Josh Jooris,R,CGY,2015-12,9.5,11.5,49.6952
8477591,Josh Jooris,R,CGY,2016-01,58.5,70.6,49.6952
8477591,Josh Jooris,R,CGY,2016-02,135.5,163.6,49.6952
8477591,Josh Jooris,R,CGY,2016-03,136.5,164.8,49.6952
8477591,Josh Jooris,R,CGY,2016-04,37.0,44.7,49.6952
8477642,Rinat Valiev,D,TOR,2016-03,71.0,122.5,34.7755
8477715,Tyler Gaudet,C,ARI,2015-10,59.0,57.4,61.6577
8477715,Tyler Gaudet,C,ARI,2015-11,25.0,24.3,61.6577
8477715,Tyler Gaudet,C,ARI,2016-02,68.5,66.7,61.6577
8477810,Joel Hanley,D,MTL,2016-03,61.5,84.8,43.5054
8477810,Joel Hanley,D,MTL,2016-04,54.5,75.2,43.5054
8477816,Michael Zalewski,L,VAN,2016-01,20.5,26.0,47.2308
8477816,Michael Zalewski,L,VAN,2016-04,7.5,9.5,47.2308
8477839,Conor Sheary,L,PIT,2015-12,39.0,76.8,30.4803
8477839,Conor Sheary,L,PIT,2016-01,29.5,58.1,30.4803
8477839,Conor Sheary,L,PIT,2016-02,61.5,121.1,30.4803
8477839,Conor Sheary,L,PIT,2016-03,73.5,144.7,30.4803
8477839,Conor Sheary,L,PIT,2016-04,14.5,28.5,30.4803
8477845,Trevor van Riemsdyk,D,CHI,2015-10,106.5,205.2,31.1411
8477845,Trevor van Riemsdyk,D,CHI,2015-11,163.5,315.0,31.1411
8477845,Trevor van Riemsdyk,D,CHI,2015-12,156.5,301.5,31.1411
8477845,Trevor van Riemsdyk,D,CHI,2016-01,138.5,266.8,31.1411
8477845,Trevor van Riemsdyk,D,CHI,2016-02,132.0,254.3,31.1411
8477845,Trevor van Riemsdyk,D,CHI,2016-03,111.0,213.9,31.1411
8477845,Trevor van Riemsdyk,D,CHI,2016-04,42.5,81.9,31.1411
8477846,Ryan Carpenter,C,SJS,2015-12,6.0,7.5,48.3221
8477850,Christian Folin,D,MIN,2015-10,71.0,91.2,46.692
8477850,Christian Folin,D,MIN,2015-11,90.5,116.3,46.692
8477850,Christian Folin,D,MIN,2016-02,117.0,150.3,46.692
8477850,Christian Folin,D,MIN,2016-04,16.5,21.2,46.692
8477851,Jordan Oesterle,D,EDM,2016-02,46.5,92.7,30.1041
8477851,Jordan Oesterle,D,EDM,2016-03,95.0,189.3,30.1041
8477851,Jordan Oesterle,D,EDM,2016-04,43.5,86.7,30.1041
8477887,Patrick Brown,C,CAR,2016-03,32.5,41.0,47.6029
8477887,Patrick Brown,C,CAR,2016-04,37.5,47.3,47.6029
8477901,Daniel Carr,L,MTL,2015-12,151.5,172.8,52.6145
8477901,Daniel Carr,L,MTL,2016-01,62.5,71.3,52.6145
8477901,Daniel Carr,L,MTL,2016-04,29.5,33.6,52.6145
8477902,Dennis Everberg,R,COL,2015-10,12.0,18.3,39.3589
8477902,Dennis Everberg,R,COL,2015-11,76.0,115.9,39.3589
8477903,Garnet Hathaway,R,CGY,2016-02,20.5,11.0,111.6196
8477903,Garnet Hathaway,R,CGY,2016-03,292.5,157.2,111.6196
8477916,Borna Rendulic,C,COL,2015-10,14.0,22.6,37.2011
8477922,Melker Karlsson,C,SJS,2015-11,110.0,131.3,50.2713
8477922,Melker Karlsson,C,SJS,2015-12,110.0,131.3,50.2713
8477922,Melker Karlsson,C,SJS,2016-01,101.5,121.1,50.2713
8477922,Melker Karlsson,C,SJS,2016-02,166.5,198.7,50.2713
8477922,Melker Karlsson,C,SJS,2016-03,208.5,248.8,50.2713
8477922,Melker Karlsson,C,SJS,2016-04,40.0,47.7,50.2713
8477923,Michael Keranen,L,MIN,2015-11,3.0,6.2,29.2683
8477929,Dennis Rasmussen,C,CHI,2015-12,126.0,122.3,61.8304
8477929,Dennis Rasmussen,C,CHI,2016-01,142.5,138.3,61.8304
8477929,Dennis Rasmussen,C,CHI,2016-02,95.0,92.2,61.8304
8477929,Dennis Rasmussen,C,CHI,2016-03,44.0,42.7,61.8304
8477929,Dennis Rasmussen,C,CHI,2016-04,8.0,7.8,61.8304
8477930,Pierre-Edouard Bellemare,L,PHI,2015-10,152.0,168.6,54.1082
8477930,Pierre-Edouard Bellemare,L,PHI,2015-11,107.0,118.7,54.1082
8477930,Pierre-Edouard Bellemare,L,PHI,2015-12,137.0,151.9,54.1082
8477930,Pierre-Edouard Bellemare,L,PHI,2016-01,82.0,90.9,54.1082
8477930,Pierre-Edouard Bellemare,L,PHI,2016-02,180.0,199.6,54.1082
8477930,Pierre-Edouard Bellemare,L,PHI,2016-03,178.0,197.4,54.1082
8477930,Pierre-Edouard Bellemare,L,PHI,2016-04,69.5,77.1,54.1082
8477931,Tomas Nosek,L,DET,2015-12,20.5,28.3,43.3996
8477931,Tomas Nosek,L,DET,2016-01,23.5,32.5,43.3996
8477932,Aaron Ekblad,D,FLA,2015-10,113.0,266.5,25.4433
8477932,Aaron Ekblad,D,FLA,2015-11,130.5,307.7,25.4433
8477932,Aaron Ekblad,D,FLA,2015-12,124.5,293.6,25.4433
8477932,Aaron Ekblad,D,FLA,2016-01,65.5,154.5,25.4433
8477932,Aaron Ekblad,D,FLA,2016-02,116.5,274.7,25.4433
8477932,Aaron Ekblad,D,FLA,2016-03,129.0,304.2,25.4433
8477932,Aaron Ekblad,D,FLA,2016-04,38.0,89.6,25.4433
8477933,Sam Reinhart,C,BUF,2015-10,47.5,109.4,26.0517
8477933,Sam Reinhart,C,BUF,2015-11,77.0,177.3,26.0517
8477933,Sam Reinhart,C,BUF,2015-12,97.5,224.6,26.0517
8477933,Sam Reinhart,C,BUF,2016-01,73.0,168.1,26.0517
8477933,Sam Reinhart,C,BUF,2016-02,124.0,285.6,26.0517
8477933,Sam Reinhart,C,BUF,2016-03,116.5,268.3,26.0517
8477933,Sam Reinhart,C,BUF,2016-04,42.0,96.7,26.0517
8477934,Leon Draisaitl,C,EDM,2015-10,21.5,35.7,36.1321
8477934,Leon Draisaitl,C,EDM,2015-11,151.0,250.7,36.1321
8477934,Leon Draisaitl,C,EDM,2015-12,159.5,264.9,36.1321
8477934,Leon Draisaitl,C,EDM,2016-01,101.5,168.5,36.1321
8477934,Leon Draisaitl,C,EDM,2016-02,122.5,203.4,36.1321
8477934,Leon Draisaitl,C,EDM,2016-03,202.5,336.3,36.1321
8477934,Leon Draisaitl,C,EDM,2016-04,24.5,40.7,36.1321
8477935,Sam Bennett,C,CGY,2015-10,125.0,155.4,48.2572
8477935,Sam Bennett,C,CGY,2015-11,175.5,218.2,48.2572
8477935,Sam Bennett,C,CGY,2015-12,166.0,206.4,48.2572
8477935,Sam Bennett,C,CGY,2016-01,93.0,115.6,48.2572
8477935,Sam Bennett,C,CGY,2016-02,197.0,244.9,48.2572
8477935,Sam Bennett,C,CGY,2016-03,114.5,142.4,48.2572
8477935,Sam Bennett,C,CGY,2016-04,67.0,83.3,48.2572
8477937,Jake Virtanen,R,VAN,2015-10,112.5,103.3,65.3281
8477937,Jake Virtanen,R,VAN,2015-11,164.0,150.6,65.3281
8477937,Jake Virtanen,R,VAN,2016-01,84.0,77.1,65.3281
8477937,Jake Virtanen,R,VAN,2016-02,118.5,108.8,65.3281
8477937,Jake Virtanen,R,VAN,2016-03,176.5,162.1,65.3281
8477937,Jake Virtanen,R,VAN,2016-04,37.0,34.0,65.3281
8477939,William Nylander,C,TOR,2016-02,2.5,4.2,36.0571
8477939,William Nylander,C,TOR,2016-03,171.0,284.5,36.0571
8477939,William Nylander,C,TOR,2016-04,42.5,70.7,36.0571
8477940,Nikolaj Ehlers,L,WPG,2015-10,86.0,219.1,23.5493
8477940,Nikolaj Ehlers,L,WPG,2015-11,88.5,225.5,23.5493
8477940,Nikolaj Ehlers,L,WPG,2015-12,71.5,182.2,23.5493
8477940,Nikolaj Ehlers,L,WPG,2016-01,74.0,188.5,23.5493
8477940,Nikolaj Ehlers,L,WPG,2016-02,59.0,150.3,23.5493
8477940,Nikolaj Ehlers,L,WPG,2016-03,42.0,107.0,23.5493
8477940,Nikolaj Ehlers,L,WPG,2016-04,34.0,86.6,23.5493
8477941,Nick Ritchie,L,ANA,2015-11,126.0,110.0,68.7106
8477941,Nick Ritchie,L,ANA,2015-12,25.5,22.3,68.7106
8477941,Nick Ritchie,L,ANA,2016-02,92.5,80.8,68.7106
8477941,Nick Ritchie,L,ANA,2016-03,165.0,144.1,68.7106
8477941,Nick Ritchie,L,ANA,2016-04,35.5,31.0,68.7106
8477942,Kevin Fiala,L,NSH,2016-01,29.0,65.8,26.4558
8477946,Dylan Larkin,C,DET,2015-10,135.5,239.3,33.9773
8477946,Dylan Larkin,C,DET,2015-11,158.5,279.9,33.9773
8477946,Dylan Larkin,C,DET,2015-12,140.5,248.1,33.9773
8477946,Dylan Larkin,C,DET,2016-01,93.0,164.2,33.9773
8477946,Dylan Larkin,C,DET,2016-02,86.0,151.9,33.9773
8477946,Dylan Larkin,C,DET,2016-03,105.5,186.3,33.9773
8477946,Dylan Larkin,C,DET,2016-04,30.5,53.9,33.9773
8477947,Sonny Milano,L,CBJ,2016-03,12.0,15.8,45.6018
8477947,Sonny Milano,L,CBJ,2016-04,18.5,24.3,45.6018
8477952,Robby Fabbri,C,STL,2015-10,52.5,105.2,29.9474
8477952,Robby Fabbri,C,STL,2015-11,81.0,162.3,29.9474
8477952,Robby Fabbri,C,STL,2015-12,96.0,192.3,29.9474
8477952,Robby Fabbri,C,STL,2016-01,77.0,154.3,29.9474
8477952,Robby Fabbri,C,STL,2016-02,80.5,161.3,29.9474
8477952,Robby Fabbri,C,STL,2016-03,81.0,162.3,29.9474
8477952,Robby Fabbri,C,STL,2016-04,10.5,21.0,29.9474
8477953,Kasperi Kapanen,R,TOR,2016-02,6.0,12.1,29.77
8477953,Kasperi Kapanen,R,TOR,2016-03,14.0,28.2,29.77
8477953,Kasperi Kapanen,R,TOR,2016-04,46.0,92.7,29.77
8477955,Jared McCann,C,VAN,2015-10,68.5,113.9,36.0756
8477955,Jared McCann,C,VAN,2015-11,113.5,188.8,36.0756
8477955,Jared McCann,C,VAN,2015-12,113.0,187.9,36.0756
8477955,Jared McCann,C,VAN,2016-01,41.0,68.2,36.0756
8477955,Jared McCann,C,VAN,2016-02,57.5,95.6,36.0756
8477955,Jared McCann,C,VAN,2016-03,112.5,187.1,36.0756
8477955,Jared McCann,C,VAN,2016-04,13.5,22.5,36.0756
8477956,David Pastrnak,R,BOS,2015-10,102.0,149.4,40.9589
8477956,David Pastrnak,R,BOS,2016-01,83.0,121.6,40.9589
8477956,David Pastrnak,R,BOS,2016-02,148.0,216.8,40.9589
8477956,David Pastrnak,R,BOS,2016-03,107.5,157.5,40.9589
8477956,David Pastrnak,R,BOS,2016-04,45.0,65.9,40.9589
8477958,Nikolay Goldobin,R,SJS,2015-10,9.5,31.9,17.8802
8477958,Nikolay Goldobin,R,SJS,2015-11,20.5,68.8,17.8802
8477997,Nikita Tryamkin,D,VAN,2016-03,139.5,143.1,58.4852
8477997,Nikita Tryamkin,D,VAN,2016-04,82.5,84.6,58.4852
8478004,Brett Lernout,D,MTL,2016-04,4.5,6.5,41.5385
8478029,Chase De Leo,C,WPG,2016-03,12.0,18.8,38.2369
8478042,Viktor Arvidsson,L,NSH,2015-10,24.0,37.4,38.4898
8478042,Viktor Arvidsson,L,NSH,2015-11,9.5,14.8,38.4898
8478042,Viktor Arvidsson,L,NSH,2015-12,82.5,128.6,38.4898
8478042,Viktor Arvidsson,L,NSH,2016-01,31.0,48.3,38.4898
8478042,Viktor Arvidsson,L,NSH,2016-02,113.0,176.2,38.4898
8478042,Viktor Arvidsson,L,NSH,2016-03,126.5,197.2,38.4898
8478042,Viktor Arvidsson,L,NSH,2016-04,59.0,92.0,38.4898
8478137,Jiri Sekac,L,ARI,2015-10,89.5,122.5,43.851
8478137,Jiri Sekac,L,ARI,2015-11,1.5,2.1,43.851
8478137,Jiri Sekac,L,ARI,2015-12,35.5,48.6,43.851
8478137,Jiri Sekac,L,ARI,2016-01,30.0,41.0,43.851
8478137,Jiri Sekac,L,ARI,2016-02,55.0,75.3,43.851
8478137,Jiri Sekac,L,ARI,2016-03,100.0,136.8,43.851
8478137,Jiri Sekac,L,ARI,2016-04,21.0,28.7,43.851
8478366,Frank Vatrano,C,BOS,2015-11,81.0,87.6,55.4896
8478366,Frank Vatrano,C,BOS,2015-12,140.5,151.9,55.4896
8478366,Frank Vatrano,C,BOS,2016-01,101.5,109.8,55.4896
8478366,Frank Vatrano,C,BOS,2016-03,37.5,40.5,55.4896
8478366,Frank Vatrano,C,BOS,2016-04,68.0,73.5,55.4896
8478373,Nikita Soshnikov,R,TOR,2016-02,12.0,10.2,70.5348
8478373,Nikita Soshnikov,R,TOR,2016-03,190.0,161.6,70.5348
8478393,Kyle Baun,R,CHI,2015-10,22.5,18.1,74.5856
8478396,Noah Hanifin,D,CAR,2015-10,53.0,119.8,26.5338
8478396,Noah Hanifin,D,CAR,2015-11,103.0,232.9,26.5338
8478396,Noah Hanifin,D,CAR,2015-12,105.0,237.4,26.5338
8478396,Noah Hanifin,D,CAR,2016-01,114.0,257.8,26.5338
8478396,Noah Hanifin,D,CAR,2016-02,109.5,247.6,26.5338
8478396,Noah Hanifin,D,CAR,2016-03,98.0,221.6,26.5338
8478396,Noah Hanifin,D,CAR,2016-04,43.0,97.2,26.5338
8478401,Pavel Zacha,C,NJD,2016-04,9.0,16.9,32.0475
8478402,Connor McDavid,C,EDM,2015-10,131.0,211.8,37.102
8478402,Connor McDavid,C,EDM,2015-11,5.0,8.1,37.102
8478402,Connor McDavid,C,EDM,2016-02,173.5,280.6,37.102
8478402,Connor McDavid,C,EDM,2016-03,176.0,284.6,37.102
8478402,Connor McDavid,C,EDM,2016-04,40.0,64.7,37.102
8478403,Jack Eichel,C,BUF,2015-10,123.5,227.6,32.5596
8478403,Jack Eichel,C,BUF,2015-11,124.0,228.5,32.5596
8478403,Jack Eichel,C,BUF,2015-12,139.5,257.1,32.5596
8478403,Jack Eichel,C,BUF,2016-01,149.0,274.6,32.5596
8478403,Jack Eichel,C,BUF,2016-02,146.0,269.0,32.5596
8478403,Jack Eichel,C,BUF,2016-03,136.5,251.5,32.5596
8478403,Jack Eichel,C,BUF,2016-04,22.0,40.5,32.5596
8478420,Mikko Rantanen,R,COL,2015-10,42.5,57.1,44.6539
8478420,Mikko Rantanen,R,COL,2016-03,17.5,23.5,44.6539
8478430,Oliver Kylington,D,CGY,2016-04,4.0,17.4,13.8169
8478466,Daniel Sprong,R,PIT,2015-10,21.0,40.7,30.9456
8478466,Daniel Sprong,R,PIT,2015-11,26.0,50.4,30.9456
8478466,Daniel Sprong,R,PIT,2015-12,34.0,65.9,30.9456
8478528,Tanner Kero,C,CHI,2015-10,21.0,25.1,50.1005
8478528,Tanner Kero,C,CHI,2015-11,133.0,159.3,50.1005
8478528,Tanner Kero,C,CHI,2015-12,20.5,24.6,50.1005
8478541,Markus Hannikainen,L,CBJ,2015-11,13.5,10.6,76.627
8478541,Markus Hannikainen,L,CBJ,2016-01,23.0,18.0,76.627
8478542,Evan Rodrigues,C,BUF,2016-04,10.5,23.5,26.8085
8478550,Artemi Panarin,C,CHI,2015-10,90.5,239.9,22.6372
8478550,Artemi Panarin,C,CHI,2015-11,106.5,282.3,22.6372
8478550,Artemi Panarin,C,CHI,2015-12,101.0,267.7,22.6372
8478550,Artemi Panarin,C,CHI,2016-01,84.0,222.6,22.6372
8478550,Artemi Panarin,C,CHI,2016-02,82.0,217.3,22.6372
8478550,Artemi Panarin,C,CHI,2016-03,66.5,176.3,22.6372
8478550,Artemi Panarin,C,CHI,2016-04,28.5,75.5,22.6372
8478561,Andreas Martinsen,L,COL,2015-11,180.0,136.5,79.1349
8478561,Andreas Martinsen,L,COL,2015-12,209.0,158.5,79.1349
8478561,Andreas Martinsen,L,COL,2016-01,156.0,118.3,79.1349
8478561,Andreas Martinsen,L,COL,2016-02,108.0,81.9,79.1349
8478561,Andreas Martinsen,L,COL,2016-03,128.0,97.0,79.1349
8478561,Andreas Martinsen,L,COL,2016-04,24.0,18.2,79.1349
8478562,Jakub Nakladal,D,CGY,2016-02,77.0,108.1,42.7531
8478562,Jakub Nakladal,D,CGY,2016-03,182.5,256.1,42.7531
8478562,Jakub Nakladal,D,CGY,2016-04,13.5,18.9,42.7531
8478563,Evgeny Medvedev,D,PHI,2015-10,78.0,194.7,24.0416
8478563,Evgeny Medvedev,D,PHI,2015-11,22.0,54.9,24.0416
8478563,Evgeny Medvedev,D,PHI,2015-12,81.5,203.4,24.0416
8478563,Evgeny Medvedev,D,PHI,2016-01,84.5,210.9,24.0416
8478563,Evgeny Medvedev,D,PHI,2016-02,62.0,154.7,24.0416
8478563,Evgeny Medvedev,D,PHI,2016-03,8.5,21.2,24.0416
8478563,Evgeny Medvedev,D,PHI,2016-04,3.0,7.5,24.0416
8478564,Joonas Kemppainen,C,BOS,2015-10,74.5,95.9,46.6039
8478564,Joonas Kemppainen,C,BOS,2015-11,136.0,175.1,46.6039
8478564,Joonas Kemppainen,C,BOS,2015-12,34.0,43.8,46.6039
8478564,Joonas Kemppainen,C,BOS,2016-01,112.5,144.8,46.6039
8478564,Joonas Kemppainen,C,BOS,2016-02,71.5,92.1,46.6039
8478566,Sergey Kalinin,C,NJD,2015-10,76.0,89.5,50.9702
8478566,Sergey Kalinin,C,NJD,2015-11,142.0,167.2,50.9702
8478566,Sergey Kalinin,C,NJD,2015-12,157.5,185.4,50.9702
8478566,Sergey Kalinin,C,NJD,2016-01,122.5,144.2,50.9702
8478566,Sergey Kalinin,C,NJD,2016-02,146.0,171.9,50.9702
8478566,Sergey Kalinin,C,NJD,2016-03,191.5,225.4,50.9702
8478566,Sergey Kalinin,C,NJD,2016-04,47.5,55.9,50.9702
8478567,Dean Kukan,D,CBJ,2016-03,14.5,29.8,29.1724
8478567,Dean Kukan,D,CBJ,2016-04,53.0,109.0,29.1724
8478569,Noel Acciari,C,BOS,2016-03,183.0,132.0,83.1604
8478569,Noel Acciari,C,BOS,2016-04,77.5,55.9,83.1604
8478584,Vojtech Mozik,D,NJD,2016-03,43.0,58.2,44.3461
8478584,Vojtech Mozik,D,NJD,2016-04,25.5,34.5,44.3461
8478585,Derek Ryan,C,CAR,2016-03,38.5,64.1,36.0557
8478585,Derek Ryan,C,CAR,2016-04,5.5,9.2,36.0557
8478866,Dominik Simon,C,PIT,2016-03,6.0,18.2,19.7585
8478928,Sergei Plotnikov,L,ARI,2015-10,80.5,66.1,73.0884
8478928,Sergei Plotnikov,L,ARI,2015-11,112.0,91.9,73.0884
8478928,Sergei Plotnikov,L,ARI,2015-12,131.5,108.0,73.0884
8478928,Sergei Plotnikov,L,ARI,2016-01,20.0,16.4,73.0884
8478928,Sergei Plotnikov,L,ARI,2016-02,24.0,19.7,73.0884
8478928,Sergei Plotnikov,L,ARI,2016-03,173.5,142.4,73.0884
8478963,Ryan Johnston,D,MTL,2016-04,19.5,48.8,23.9607
8479268,Casey Nelson,D,BUF,2016-03,25.0,51.9,28.9157
8479268,Casey Nelson,D,BUF,2016-04,25.0,51.9,28.9157
8479293,Brandon Tanev,L,WPG,2016-04,36.0,36.1,59.7841
