player_id,name,position,team,games_played,toi_min,weighted_total,raw_grit_per_60,grit_per_game,grit_z_pos,grit_z_vol,grit_z_blend,raw_blocked_shots,raw_blocked_shots_hd,raw_blocked_shots_non_hd,raw_crease_goals,raw_dz_faceoff_wins,raw_fighting_majors,raw_giveaways_dz,raw_giveaways_nz,raw_giveaways_oz,raw_hits_taken,raw_hits_thrown,raw_penalties_drawn,raw_physical_minors_taken,raw_takeaways_high_danger,raw_takeaways_other
8477955,Jared McCann,L,SEA,82,1077.5,520.0,28.955916473317863,6.341463414634147,-0.5735328042254961,-0.5973693435401112,-0.5806837660198807,43,13,30,4,23,0,14,11,28,40,45,14,5,0,22
8476892,Colton Parayko,D,STL,64,1347.9,839.0,37.34698419764077,13.109375,0.3748224653338113,1.4140883849895614,0.6866022412305364,123,78,45,4,0,0,54,13,15,123,85,3,0,3,20
8482077,Dylan Holloway,L,STL,77,1150.4,966.5,50.408553546592486,12.551948051948052,0.5708520502684057,1.2250689265040764,0.7671171131391068,63,13,50,4,11,0,11,17,34,90,158,12,2,5,26
8474586,Jordan Eberle,R,SEA,42,583.0,251.5,25.883361921097773,5.988095238095238,-0.737437357411984,-0.7010636163623961,-0.7265252350971076,26,1,25,3,0,0,9,4,14,45,13,2,0,9,11
8475170,Brayden Schenn,C,STL,82,1252.4,1219.5,58.4238262535931,14.871951219512194,0.5420436107317622,1.4886161609914366,0.8260153758096644,51,15,36,4,154,5,17,8,24,57,185,8,5,3,9
8478840,Will Borgen,D,NYR,84,1320.5,953.0,43.301779628928436,11.345238095238095,0.9061285317078,0.7776995908993523,0.8675998494652656,104,45,59,1,0,2,49,3,17,177,114,9,1,1,20
8470600,Ryan Suter,D,STL,82,1428.1,473.5,19.893564876409215,5.774390243902439,-1.1824279341705248,-1.2319092646276555,-1.197272333307664,92,54,38,0,0,0,45,4,11,70,32,2,4,0,14
8476826,Yanni Gourde,C,TBL,57,826.9,780.5,56.63320836860564,13.692982456140351,0.44165124363756697,1.1038329523384576,0.640305756247834,34,13,21,4,77,4,9,9,17,65,105,6,3,1,14
8475753,Justin Faulk,D,STL,78,1490.2,596.5,24.01691048181452,7.647435897435898,-0.8145297319253746,-0.556233096009132,-0.7370407411505017,95,64,31,0,0,0,61,6,22,67,75,4,1,4,21
8479293,Brandon Tanev,L,WPG,79,886.5,948.0,64.16243654822335,12.0,1.304549047229018,1.0631022988269285,1.232115022708391,86,21,65,2,2,0,18,11,18,83,156,10,3,3,16
8475181,Nick Leddy,D,STL,31,555.8,98.5,10.633321338611012,3.1774193548387095,-2.0086567483262456,-2.1687317798857313,-2.0566792577940913,25,18,7,0,0,0,29,7,7,27,5,2,0,0,11
8476457,Adam Larsson,D,SEA,82,1511.3,804.5,31.93938992920003,9.810975609756097,-0.10766054730101603,0.2242349191280237,-0.0080919073723041,107,45,62,0,0,1,31,8,9,87,91,4,5,5,27
8479385,Jordan Kyrou,R,STL,82,1245.3,485.5,23.39195374608528,5.920731707317073,-0.8703408215459335,-0.7208311359143846,-0.8254879158564687,36,6,30,6,0,0,17,20,32,75,43,18,1,0,19
8478407,Vince Dunn,D,SEA,62,1205.0,371.0,18.473029045643155,5.983870967741935,-1.3091727255066088,-1.156341895185116,-1.2633234764101609,63,38,25,2,0,1,53,13,7,67,27,7,2,1,19
8478472,Mathieu Joseph,R,STL,60,654.6,622.5,57.057745187901006,10.375,0.9255512969367973,0.5862534920480319,0.8237619554701676,32,0,32,0,10,0,8,7,8,61,118,10,1,2,12
8481598,Philip Broberg,D,STL,68,1269.0,552.0,26.099290780141846,8.117647058823529,-0.6287330412135761,-0.38661070833870476,-0.5560963413511146,88,57,31,1,0,0,68,12,18,132,39,8,2,2,16
8477416,Oliver Bjorkstrand,R,TBL,79,1016.0,496.5,29.320866141732285,6.284810126582278,-0.554064667429096,-0.6139939914217325,-0.5720434646268869,28,9,19,4,1,2,26,7,24,79,74,6,1,2,22
8480023,Robert Thomas,C,STL,70,1137.4,712.5,37.58572182169861,10.178571428571429,-0.6262607199761685,-0.04317483423415059,-0.45133495425356307,43,11,32,5,174,0,21,9,48,62,11,10,4,1,17
8480009,Eeli Tolvanen,R,SEA,81,1053.0,1084.5,61.79487179487179,13.38888888888889,1.1782519753811722,1.4706653815439343,1.2659759972300009,66,6,60,4,0,1,15,11,15,73,232,9,2,2,9
8476905,Chandler Stephenson,C,SEA,78,1168.4,747.5,38.38582677165354,9.583333333333334,-0.5814022213968805,-0.23744429353954855,-0.47821484303968087,41,9,32,1,193,0,21,3,23,56,29,10,1,2,19
8480281,Alexey Toropchenko,R,STL,80,900.4,1074.0,71.56819191470457,13.425,1.6996069717415299,1.4812620216945767,1.6341034867274438,65,17,48,2,1,1,3,8,12,92,219,6,3,1,4
8477573,Nathan Walker,L,STL,73,823.9,1327.5,96.67435368369948,18.184931506849313,3.038888067337203,2.8780421197809587,2.99063428307033,59,13,46,3,17,5,13,14,12,94,279,14,6,1,9
8476889,Radek Faksa,C,STL,70,810.8,1059.5,78.40404538727184,15.135714285714286,1.662249943254116,1.5747012228612047,1.6359853271362426,62,26,36,2,150,0,12,11,9,98,114,7,4,3,7
8482089,Jake Neighbours,L,STL,82,1127.9,1042.0,55.43044596152141,12.707317073170731,0.8387434801617478,1.2706612541228084,0.9683188123500659,62,15,47,5,2,4,13,13,20,109,165,19,6,2,11
8476467,Jamie Oleksiak,D,SEA,82,1317.6,757.0,34.47176684881603,9.231707317073171,0.11828629424254192,0.015271629918372205,0.087381894945291,122,73,49,0,0,0,52,8,15,99,67,8,3,4,18
8477402,Pavel Buchnevich,L,STL,76,1192.4,400.0,20.127474002012747,5.2631578947368425,-1.0444835697851589,-0.9137931592361895,-1.005276446620468,31,11,20,7,25,0,17,11,30,40,38,5,1,0,14
8482858,Ryker Evans,D,SEA,73,1302.2,808.5,37.252342190139764,11.075342465753424,0.3663781999850981,0.6803383522594585,0.4605662456674062,97,57,40,0,0,0,45,10,13,123,117,5,1,1,8
8483524,Shane Wright,C,SEA,79,957.8,814.0,50.99185633743997,10.30379746835443,0.12536450889162593,-0.0023044745676226715,0.08706381385385134,64,22,42,4,128,0,19,11,35,87,52,9,0,4,9
8477986,Brandon Montour,D,SEA,81,1648.2,715.5,26.04659628685839,8.833333333333334,-0.6334346139660006,-0.12843645669598489,-0.48193516678499587,81,40,41,3,0,2,53,13,27,99,78,12,10,4,15
8477444,Andre Burakovsky,L,SEA,79,1012.2,429.0,25.429756965026673,5.430379746835443,-0.7616347854427703,-0.8647226726881436,-0.7925611516163822,30,3,27,4,0,0,8,8,17,90,33,10,0,2,16
8477953,Kasperi Kapanen,R,EDM,67,734.8,464.5,37.92868807838868,6.932835820895522,-0.09488284186408172,-0.42383381967075623,-0.19356813520608407,14,5,9,3,9,0,10,12,17,35,86,12,3,1,8
8475768,Jaden Schwartz,C,SEA,81,1255.1,511.0,24.428332403792528,6.308641975308642,-1.3639398638728888,-1.3062141263256166,-1.346622142608707,46,9,37,3,4,0,10,19,26,79,42,8,0,10,28
8481789,Tye Kartye,L,SEA,63,581.5,893.5,92.19260533104041,14.182539682539682,2.7998104696079493,1.7035585716679373,2.4709349002259455,29,5,24,1,1,1,6,5,13,50,174,24,13,0,4
8482665,Matty Beniers,C,SEA,82,1291.3,990.5,46.02338728413227,12.079268292682928,-0.153196524859753,0.5771607172844524,0.06591064778350862,73,18,55,3,176,0,17,12,29,107,41,17,0,2,24
8480185,Eetu Luostarinen,C,FLA,80,1020.6,1026.0,60.31746031746032,12.825,0.6482116590215079,0.820547181837649,0.6999123158663502,64,12,52,4,4,0,12,10,18,131,173,10,3,0,16
8475745,Charlie Coyle,C,COL,83,1094.4,977.5,53.59100877192982,11.77710843373494,0.2710879865385073,0.4785439908161292,0.33332478782179387,58,19,39,7,125,0,14,7,23,41,101,13,1,3,29
8478542,Evan Rodrigues,C,FLA,82,1127.2,815.0,43.381831085876506,9.939024390243903,-0.30129740209247213,-0.12135644590583514,-0.24731511523648103,26,7,19,4,48,0,15,11,29,96,125,12,3,7,11
8479369,Andrew Peeke,D,BOS,76,1272.5,812.5,38.31041257367387,10.69078947368421,0.46078265432934473,0.5416160035425727,0.4850326590933131,111,63,48,0,0,1,64,12,18,165,99,2,1,0,15
8477935,Sam Bennett,C,FLA,76,1141.6,1003.5,52.741765942536794,13.203947368421053,0.22347453500575062,0.9442252544564964,0.43969975084097435,44,16,28,9,91,2,21,15,16,40,129,18,9,4,21
8481556,John Beecher,C,BOS,78,756.5,837.0,66.38466622604098,10.73076923076923,0.9883742185027922,0.13704744878301067,0.7329761875868577,56,16,40,0,136,0,19,9,15,72,84,9,1,2,10
8480355,Mark Kastelic,C,BOS,61,634.0,1216.0,115.07886435331231,19.934426229508198,3.7184518384885465,3.140869756328979,3.5451772138406765,44,8,36,1,91,10,10,6,9,69,215,11,8,4,8
8484304,Uvis Balinskis,D,FLA,76,1022.0,635.5,37.3091976516634,8.361842105263158,0.37145102775266264,-0.2985206113019946,0.17045953603626549,53,23,30,0,0,1,30,6,10,115,80,10,3,4,18
8480003,Jesper Boqvist,C,FLA,78,925.8,924.0,59.883344134802336,11.846153846153847,0.6238726017964447,0.5010785279122032,0.5870343796311722,27,9,18,4,11,0,11,5,16,110,180,10,2,4,11
8479325,Charlie McAvoy,D,BOS,50,931.3,701.0,45.16267582948567,14.02,1.0721636964178274,1.7425841746610604,1.2732898398907972,67,39,28,3,0,0,35,8,15,111,77,12,6,0,17
8478421,A.J. Greer,L,FLA,81,729.8,1138.5,93.60098657166347,14.055555555555555,2.874940168377255,1.666295661248097,2.512346816238507,38,12,26,1,2,6,15,9,19,81,219,22,20,2,6
8477409,Carter Verhaeghe,C,FLA,81,1239.7,647.5,31.3382269904009,7.993827160493828,-0.976531316389383,-0.756215701536556,-0.9104366319335349,38,9,29,5,3,0,18,12,42,98,87,8,7,2,17
8478443,Brandon Carlo,D,TOR,83,1350.8,796.0,35.35682558483862,9.590361445783133,0.19725409103290295,0.14465131006060672,0.18147325674121406,122,77,45,0,0,1,74,10,15,145,86,4,3,1,16
8477956,David Pastrnak,R,BOS,82,1370.2,529.5,23.18639614654795,6.4573170731707314,-0.8813062335292323,-0.5633726181037172,-0.7859261489015777,26,6,20,7,0,0,25,25,49,78,53,22,1,2,33
8477507,Nikita Zadorov,D,BOS,81,1481.4,1118.0,45.281490481976505,13.802469135802468,1.0827647231652477,1.6641128247502939,1.2571691536407616,86,54,32,0,0,6,74,6,18,124,199,14,14,0,21
8477493,Aleksander Barkov,C,FLA,67,1035.9,747.0,43.26672458731537,11.149253731343284,-0.3077509363475249,0.27362936164208534,-0.1333368469506418,56,27,29,2,79,0,21,2,17,52,85,5,3,3,21
8479638,Justin Brazeau,R,MIN,76,809.9,649.0,48.08000987776269,8.539473684210526,0.44663654713307377,0.04762670220466258,0.3269335936545504,49,13,36,1,0,0,10,11,16,59,123,6,0,4,8
8478859,Niko Mikkola,D,FLA,76,1384.3,845.0,36.62500902983458,11.118421052631579,0.3104055108215954,0.6958783763247671,0.4260473704725469,69,28,41,0,0,0,50,16,26,175,114,13,10,0,14
8479314,Matthew Tkachuk,L,FLA,52,771.8,478.5,37.19875615444416,9.201923076923077,-0.133820853807347,0.24201944218397622,-0.02106876500995003,13,2,11,5,0,0,16,8,18,22,79,16,11,2,7
8478401,Pavel Zacha,C,BOS,82,1210.4,488.0,24.190350297422338,5.951219512195122,-1.3772825134604267,-1.4228670576620974,-1.3909578767209279,26,9,17,2,62,1,19,11,19,41,60,6,0,2,18
8477932,Aaron Ekblad,D,FLA,56,1030.1,551.5,32.123094845160665,9.848214285714286,-0.09126980182556586,0.23766827343435887,0.007411620752411557,50,25,25,0,0,1,23,15,12,49,72,13,9,3,16
8482113,Anton Lundell,C,FLA,79,1057.5,979.0,55.54609929078014,12.39240506329114,0.3807016381815412,0.6793600079571414,0.4702991491142212,48,14,34,6,123,0,14,13,24,72,103,14,5,4,17
8482511,Mason Lohrei,D,BOS,77,1317.1,531.5,24.212284564573686,6.902597402597403,-0.7970978257280945,-0.824923621241475,-0.8054455643821086,97,55,42,0,0,0,62,8,23,119,23,8,1,1,26
8477496,Elias Lindholm,C,BOS,82,1096.9,985.5,53.90646367034369,12.018292682926829,0.2887742077187726,0.5572599434043868,0.3693199284244568,72,24,48,5,163,0,11,9,13,32,94,6,2,3,13
8479987,Morgan Geekie,C,BOS,77,1161.8,836.0,43.17438457565846,10.857142857142858,-0.3129280500273696,0.17829234937400332,-0.16556193020695772,38,13,25,10,32,0,16,10,21,98,108,9,2,7,22
8481043,Cole Koepke,L,BOS,73,764.0,824.5,64.75130890052357,11.294520547945206,1.3359622762367511,0.8560825850304004,1.1919983688748457,33,7,26,5,0,1,9,9,11,74,174,8,1,3,4
8479365,Trent Frederic,C,EDM,58,721.5,809.0,67.27650727650727,13.948275862068966,1.0383759720196861,1.1871537483875534,1.0830093049300462,31,5,26,2,28,4,8,10,13,67,154,6,7,0,11
8482713,Mackie Samoskevich,R,FLA,72,839.2,754.0,53.90848427073403,10.472222222222221,0.7575548644168424,0.6147829078382221,0.7147232774432563,39,9,30,5,0,0,10,5,26,98,128,11,0,2,6
8475179,Dmitry Kulikov,D,FLA,70,1199.9,617.5,30.877573131094252,8.821428571428571,-0.20239926884420306,-0.13273094033387778,-0.18149877029110548,57,22,35,0,0,0,45,12,15,94,103,7,0,3,28
8473419,Brad Marchand,L,FLA,71,983.2,610.0,37.22538649308381,8.591549295774648,-0.13240026592786325,0.06290805188874445,-0.07380777058288093,35,8,27,5,0,0,20,13,30,47,69,23,14,1,16
8477933,Sam Reinhart,C,FLA,79,1240.1,860.0,41.60954761712765,10.886075949367088,-0.4006618360575971,0.18773532056049316,-0.22414268907217,52,20,32,10,73,1,18,12,26,85,92,9,1,2,16
8473422,Nick Foligno,L,CHI,78,1029.3,1038.5,60.53628679685224,13.314102564102564,1.1111131147876128,1.4487196770899415,1.2123950834783113,29,7,22,7,85,4,16,13,15,52,193,8,4,2,10
8482659,Josh Doan,R,UTA,51,615.2,345.5,33.6963589076723,6.7745098039215685,-0.32065524390757766,-0.47029386414834706,-0.3655468299798085,18,5,13,3,3,0,6,5,12,51,45,5,2,2,8
8474013,Ian Cole,D,UTA,82,1424.5,883.5,37.21305721305721,10.774390243902438,0.36287306754483734,0.571773863287234,0.4255433062675563,149,81,68,0,0,1,80,13,20,119,91,6,8,2,18
8477479,Tyler Bertuzzi,L,CHI,82,1108.0,521.5,28.24007220216607,6.359756097560975,-0.6117193143167375,-0.5920014395238387,-0.6058039518788678,37,12,25,7,0,1,11,14,20,53,57,14,2,2,14
8476473,Connor Murphy,D,CHI,68,1241.7,1036.0,50.060401063058706,15.235294117647058,1.509154548254297,2.180985273751903,1.7107037659035786,135,76,59,0,0,2,38,6,16,131,114,10,5,2,12
8483431,Logan Cooley,C,UTA,75,1078.1,689.0,38.34523699100269,9.186666666666667,-0.583677918626053,-0.3669054612206658,-0.5186461814044369,27,12,15,6,56,0,15,13,33,109,57,15,4,4,14
8482699,Dylan Guenther,R,UTA,70,939.1,467.0,29.837078053455436,6.671428571428572,-0.5265274890641453,-0.5005425796656292,-0.5187320162445904,43,14,29,2,0,0,16,11,19,61,50,11,4,3,13
8482700,Nolan Allan,D,CHI,43,607.5,448.5,44.2962962962963,10.430232558139535,0.9948625183878979,0.4476235810566773,0.8306908371885316,41,30,11,0,0,0,15,3,4,89,59,0,2,0,8
8479410,Mikhail Sergachev,D,UTA,77,1446.0,545.0,22.614107883817425,7.077922077922078,-0.9396923070031016,-0.7616775894834205,-0.8862878917471972,89,53,36,0,0,0,54,20,23,82,50,4,7,7,16
8480434,Sean Durzi,D,UTA,30,543.6,257.0,28.366445916114788,8.566666666666666,-0.42645014316062035,-0.2246328901847793,-0.36590496726786803,42,29,13,0,0,1,23,11,8,56,15,4,0,1,9
8477987,Ryan Donato,C,CHI,80,1152.1,836.5,43.56392674247027,10.45625,-0.2910880692379933,0.047451868531817765,-0.18952608790704997,24,10,14,12,57,1,17,8,20,90,102,11,5,3,16
8481609,Vladislav Kolyachonok,D,PIT,35,444.4,214.0,28.892889288928895,6.114285714285714,-0.3794791664400925,-1.109296519590654,-0.5984243723852609,30,23,7,0,0,0,21,6,5,44,27,0,1,0,5
8479343,Clayton Keller,R,UTA,81,1266.8,417.0,19.750552573413326,5.148148148148148,-1.0645903367411311,-0.9475422425769664,-1.0294759084918816,32,8,24,7,2,0,12,13,35,64,11,18,1,6,17
8479976,Juuso Välimäki,D,UTA,43,656.1,369.0,33.744855967078195,8.581395348837209,0.05342895940424618,-0.21931971507929376,-0.028395642940815792,44,22,22,2,0,0,28,6,5,95,22,7,2,0,8
8477021,Alexander Kerfoot,C,UTA,81,1004.4,764.5,45.66905615292712,9.438271604938272,-0.17306237189226933,-0.28478848028879,-0.20658020441122552,63,19,44,7,52,0,22,15,34,110,54,13,0,5,22
8477495,Seth Jones,D,FLA,63,1230.7,638.5,31.12862598521167,10.134920634920634,-0.1799995229734629,0.34109375438027173,-0.0236715397673425,87,48,39,0,0,0,51,6,12,96,84,3,2,3,16
8478831,Kevin Stenlund,C,UTA,82,958.2,977.5,61.20851596743895,11.920731707317072,0.6981693784567949,0.5254187051962825,0.6463441764786412,60,19,41,3,222,0,14,9,17,68,46,13,2,3,10
8474166,Alec Martinez,D,CHI,44,734.6,393.5,32.13994010345766,8.943181818181818,-0.08976681351537037,-0.08881008494633974,-0.08947979494466117,74,58,16,0,0,0,26,3,9,63,23,0,1,0,7
8481568,Alex Vlasic,D,CHI,82,1576.2,792.5,30.16749143509707,9.664634146341463,-0.2657550494176513,0.1714441934329537,-0.1345952765624698,123,71,52,0,0,0,59,10,17,143,50,6,3,6,40
8484144,Connor Bedard,C,CHI,82,1444.2,555.0,23.057748234316577,6.7682926829268295,-1.4407827180793213,-1.156196687669224,-1.3554069089562921,43,10,33,0,72,0,22,8,44,48,46,12,2,4,19
8480891,Michael Kesselring,D,UTA,82,1345.7,695.0,30.98759010180575,8.475609756097562,-0.19258319965801626,-0.2574804528394891,-0.2120523756124581,67,36,31,1,0,5,49,8,17,130,82,11,4,1,19
8481624,Ilya Mikheyev,R,CHI,80,1081.5,268.0,14.868238557558946,3.35,-1.3250359964305667,-1.4752005803345831,-1.3700853716017716,13,2,11,6,0,0,16,10,26,48,30,2,2,4,12
8480798,Philipp Kurashev,C,CHI,51,632.9,318.0,30.146942644967613,6.235294117647059,-1.0433215882407914,-1.3301528640561466,-1.1293709709853978,16,2,14,2,33,0,10,5,9,31,30,8,1,3,9
8480855,Jack McBain,C,UTA,82,970.4,1479.0,91.44682605111294,18.036585365853657,2.393503459323277,2.5214663253668186,2.4318923191363395,57,22,35,6,64,8,19,10,28,111,289,10,3,1,12
8480849,Barrett Hayton,C,UTA,82,1088.6,842.0,46.408230755098295,10.268292682926829,-0.13161998006203587,-0.013892266953483563,-0.09630166612947018,69,34,35,4,129,1,14,4,20,90,29,16,1,2,9
8474673,TJ Brodie,D,CHI,54,816.5,356.0,26.16044090630741,6.592592592592593,-0.6232770296064277,-0.9367537103171024,-0.7173200338196302,58,27,31,0,0,0,28,8,9,95,15,3,1,1,12
8477450,Jason Dickinson,C,CHI,59,778.5,924.5,71.25240847784201,15.669491525423728,1.2612879267595125,1.7489115373176451,1.4075750099269522,45,8,37,1,146,2,7,4,14,75,98,9,3,1,10
8474034,Patrick Maroon,L,CHI,68,717.9,480.5,40.158796489761805,7.0661764705882355,0.024081660315197193,-0.38470561677777576,-0.0985545228126947,10,3,7,2,2,9,15,8,10,40,102,7,5,1,3
8481711,Matias Maccelli,L,UTA,55,677.1,189.5,16.792202038103675,3.4454545454545453,-1.2224027089603902,-1.4471898811951234,-1.2898388606308102,12,3,9,4,2,0,13,9,19,53,5,5,1,2,9
8475791,Taylor Hall,L,CAR,77,1036.0,568.0,32.8957528957529,7.376623376623376,-0.36336334507611484,-0.293606394186356,-0.3424362598091871,48,11,37,4,6,0,15,9,39,102,40,12,1,5,25
8478474,Lawson Crouse,L,UTA,81,968.0,886.5,54.94834710743802,10.944444444444445,0.8130260532040521,0.7533543559620043,0.7951245440314376,47,15,32,3,2,3,18,12,29,55,188,9,4,2,12
8476882,Teuvo Teravainen,C,CHI,82,1100.0,220.0,12.0,2.682926829268293,-2.0607438662851383,-2.48954853763359,-2.1893852676896737,21,3,18,1,14,0,17,13,28,29,27,3,0,2,15
8477951,Nick Schmaltz,C,UTA,82,1216.5,412.5,20.34525277435265,5.030487804878049,-1.592860859508107,-1.7233687432510814,-1.6320132246309993,46,10,36,5,29,0,20,21,38,55,11,11,0,4,24
8479318,Auston Matthews,C,TOR,67,1062.7,845.5,47.73689658417239,12.619402985074627,-0.05712730980768174,0.7534459306847311,0.18604466234004208,73,34,39,4,152,0,23,5,23,33,43,12,2,4,22
8480018,Nick Suzuki,C,MTL,82,1313.5,830.0,37.91397030833651,10.121951219512194,-0.6078572164453767,-0.061654124265640015,-0.4439962887914557,60,17,43,5,136,0,19,11,33,71,53,10,0,3,22
8477503,Max Domi,C,TOR,74,958.9,521.0,32.59985399937428,7.04054054054054,-0.9057972290764473,-1.0673424215885008,-0.9542607868300633,29,2,27,3,73,4,18,11,36,44,32,5,13,3,16
8475233,David Savard,D,MTL,75,1003.0,687.5,41.126620139581256,9.166666666666666,0.7120537821456305,-0.008190914834992662,0.49598037305144355,125,70,55,0,0,0,35,3,9,72,50,4,4,3,11
8475171,Oliver Ekman-Larsson,D,TOR,77,1428.9,683.0,28.679403737140454,8.87012987012987,-0.3985270363555616,-0.1151625981788623,-0.31351770490255176,67,34,33,0,0,0,55,17,14,93,98,12,10,3,23
8483457,Lane Hutson,D,MTL,82,1615.4,708.0,26.29689241054847,8.634146341463415,-0.6111023860261942,-0.20029050000316342,-0.48785882021928495,111,60,51,0,0,0,57,9,34,114,37,12,3,7,41
8481122,Simon Benoit,D,TOR,78,1126.7,1050.0,55.915505458418394,13.461538461538462,2.0315658586685186,1.5411266437585667,1.8844340941955329,83,43,40,0,0,3,43,9,13,127,185,9,7,2,14
8478133,Jake Evans,C,MTL,82,1039.7,1112.5,64.20121188804463,13.567073170731707,0.8659571739332427,1.062739599958042,0.9249919017406825,42,13,29,0,183,0,12,7,35,119,117,15,2,2,9
8482111,Justin Barron,D,NSH,62,1006.1,593.0,35.364277904780835,9.564516129032258,0.19791901106912388,0.13532795770877296,0.1791416950610186,67,46,21,2,0,1,36,9,7,92,74,6,1,1,12
8474157,Max Pacioretty,L,TOR,37,457.5,476.5,62.49180327868852,12.878378378378379,1.2154295881835357,1.3208584105993053,1.2470582349082666,18,6,12,3,0,0,4,7,13,43,103,3,1,1,4
8480144,David Kampf,C,TOR,59,608.9,527.5,51.97897848579405,8.940677966101696,0.18070827034694478,-0.44718945553537665,-0.007661047417751643,25,12,13,2,93,0,10,3,13,45,49,5,0,0,11
8478904,Steven Lorentz,C,TOR,80,750.9,938.0,74.9500599280863,11.725,1.4685995954810096,0.4615372210412734,1.1664808831490887,57,13,44,3,4,1,11,6,5,73,195,5,0,2,10
8478483,Mitch Marner,R,TOR,81,1311.5,419.0,19.16889058330156,5.172839506172839,-1.095618931018146,-0.9402966766619973,-1.0490222547113013,33,9,24,6,4,0,24,13,45,46,45,7,0,4,33
8483515,Juraj Slafkovský,L,MTL,79,1124.5,1063.0,56.7185415740329,13.455696202531646,0.9074565761351365,1.4902696817252588,1.082300507812173,69,21,48,3,1,1,16,13,35,98,189,15,6,1,13
8477989,Christian Dvorak,C,MTL,82,1032.8,864.0,50.19364833462432,10.536585365853659,0.08061236411074539,0.07367113811880355,0.07852999631316283,60,17,43,2,186,0,20,10,30,83,41,9,2,4,9
8476853,Morgan Rielly,D,TOR,82,1587.6,616.0,23.280423280423282,7.512195121951219,-0.880241496908937,-0.6050193969987,-0.797674866935866,127,61,66,0,0,1,57,14,18,139,19,4,1,2,17
8476469,Joel Armia,R,MTL,81,891.5,422.5,28.43522153673584,5.216049382716049,-0.601309128283039,-0.9276169363108017,-0.6992014706913677,27,3,24,0,0,0,16,6,13,50,79,7,1,1,14
8482964,Arber Xhekaj,D,MTL,70,957.2,873.0,54.722106142916836,12.471428571428572,1.9250869202651828,1.1839577430439918,1.7027481670988256,56,25,31,0,0,6,37,9,11,77,167,10,11,2,13
8482476,Emil Heineman,L,MTL,62,642.7,749.0,69.92375914112338,12.080645161290322,1.6118851707390736,1.0867672520169482,1.454349795122436,32,14,18,1,0,0,6,9,16,75,171,1,2,1,6
8479982,Conor Timmins,D,PIT,68,1022.2,626.0,36.74427704950108,9.205882352941176,0.3210469884515869,0.005955619501594658,0.2265195777665892,80,40,40,0,0,0,31,8,15,128,55,6,4,1,10
8481523,Kirby Dach,C,MTL,57,750.0,676.5,54.120000000000005,11.868421052631579,0.3007462860580627,0.5083459360254899,0.3630261810482909,40,15,25,2,21,0,10,8,17,67,97,15,4,3,5
8482087,Kaiden Guhle,D,MTL,55,1041.7,785.5,45.24335221272919,14.281818181818181,1.0793619036988333,1.8370315820864218,1.3066628072151099,87,50,37,0,0,3,28,11,6,117,94,6,7,1,9
8482720,Matthew Knies,L,TOR,78,1151.2,934.0,48.679638637943015,11.974358974358974,0.47862357367556735,1.0555780572998454,0.6517099187628508,37,5,32,6,0,1,12,7,25,81,176,16,5,4,8
8476875,Mike Matheson,D,MTL,80,1573.1,640.0,24.410399847435002,8.0,-0.7794213408109871,-0.4290503113484667,-0.6743100319722309,110,55,55,0,0,0,67,9,19,100,53,8,5,1,26
8477939,William Nylander,R,TOR,82,1334.4,363.5,16.344424460431654,4.432926829268292,-1.2462892771393768,-1.1574206625712358,-1.2196286927689344,29,9,20,8,14,0,20,15,27,49,14,12,1,2,19
8476931,Jake McCabe,D,TOR,66,1243.0,867.0,41.85036202735318,13.136363636363637,0.7766283691149488,1.4238241746004656,0.9707871107606039,100,58,42,0,0,2,44,6,19,127,107,11,6,0,8
8481540,Cole Caufield,R,MTL,82,1227.8,547.0,26.730737905196285,6.670731707317073,-0.6922343253114563,-0.5007470712472016,-0.63478814909218,32,13,19,9,0,0,8,9,25,57,60,14,0,2,16
8475690,Chris Tanev,D,TOR,75,1293.5,698.5,32.400463857750296,9.313333333333333,-0.06652204336542891,0.04471712358384405,-0.03315029328064702,131,77,54,0,0,0,51,10,15,154,20,7,4,1,8
8480995,Pontus Holmberg,R,TOR,68,795.4,646.0,48.73019864219261,9.5,0.4813206827959406,0.3294887499363183,0.4357711029380539,54,15,39,1,37,0,6,5,13,75,46,23,2,1,8
8481618,Alex Newhook,C,MTL,82,1106.8,742.0,40.224069389230216,9.048780487804878,-0.47833973708954647,-0.41190774455478674,-0.45841013932911856,38,15,23,4,45,0,7,4,24,94,86,10,3,4,11
8481582,Nicholas Robertson,L,TOR,69,754.5,491.5,39.08548707753479,7.1231884057971016,-0.03317372657933597,-0.3679757255306967,-0.13361432626474418,39,10,29,4,0,0,12,6,8,43,75,6,1,1,16
8475848,Brendan Gallagher,R,MTL,82,1016.3,580.5,34.27137656203877,7.079268292682927,-0.2899810898408324,-0.38086388155044343,-0.31724592735371565,45,10,35,0,0,1,22,14,17,53,90,17,5,5,10
8475166,John Tavares,C,TOR,75,1152.4,1094.0,56.95938910100659,14.586666666666666,0.45993881693882416,1.3955070735979052,0.7406092939365484,50,19,31,6,209,0,18,11,25,66,88,11,6,4,19
8482073,Braden Schneider,D,NYR,80,1285.5,1062.0,49.56826137689615,13.275,1.4652442571655881,1.4738353886017421,1.4678215965964343,126,62,64,0,0,0,67,7,18,212,137,6,1,3,11
8478463,Anthony Beauvillier,L,WSH,81,1011.6,810.5,48.0723606168446,10.006172839506172,0.44622849947381216,0.4780228511931825,0.4557668049896232,39,11,28,8,4,0,9,4,15,79,137,11,1,1,12
8482055,Drew O'Connor,L,VAN,84,1073.2,693.0,38.74394334699963,8.25,-0.05139328024244776,-0.037318024508986844,-0.047170703522409485,49,12,37,0,12,0,16,15,25,106,80,15,4,6,24
8474578,Erik Karlsson,D,PIT,82,1640.5,422.0,15.434318805242304,5.146341463414634,-1.5802962600271921,-1.4584694624023307,-1.5437482207397335,84,52,32,0,0,0,67,28,30,92,26,5,1,3,34
8477435,Ryan Graves,D,PIT,61,816.4,504.5,37.077413032827046,8.270491803278688,0.35077045601834367,-0.3314740109858582,0.14609711591708308,56,39,17,0,0,1,40,9,7,72,69,9,1,1,17
8480078,Filip Chytil,C,VAN,56,752.4,396.0,31.57894736842105,7.071428571428571,-0.9630351434985255,-1.0572614118083288,-0.9913030239914664,14,6,8,3,37,0,10,4,14,68,18,14,3,1,11
8476885,Jacob Trouba,D,ANA,77,1376.8,1124.0,48.98314933178385,14.597402597402597,1.4130386721603891,1.9508744392509203,1.5743894022875484,181,83,98,0,0,3,53,15,13,58,146,8,3,2,25
8471724,Kris Letang,D,PIT,74,1441.7,730.0,30.38080044392037,9.864864864864865,-0.24672293123529151,0.24367474717114082,-0.09960362771336181,83,57,26,0,0,0,62,9,15,95,107,8,3,3,29
8476389,Vincent Trocheck,C,NYR,82,1320.3,1429.0,64.93978641217905,17.426829268292682,0.9073659219274259,2.3224585865661673,1.3318937213190483,73,34,39,5,177,2,31,12,29,80,196,16,2,5,18
8482157,Will Cuylle,L,NYR,82,1086.2,1313.0,72.52807954336218,16.01219512195122,1.750811905685073,2.24046257972942,1.897707107898377,56,20,36,8,0,2,10,11,22,73,295,9,3,2,6
8474189,Lars Eller,C,WSH,80,954.6,730.5,45.91451917033312,9.13125,-0.15930029928142594,-0.3849919478819987,-0.22700779386159775,39,19,20,2,109,0,17,13,19,101,55,9,3,4,11
8475763,Kevin Hayes,R,PIT,64,630.8,390.5,37.14331008243501,6.1015625,-0.13677860882980536,-0.6677671680868551,-0.2960751766069203,11,4,7,3,59,0,11,8,8,23,50,6,0,1,12
8476459,Mika Zibanejad,C,NYR,82,1139.3,706.5,37.20705696480295,8.615853658536585,-0.6474908560302414,-0.5532032391032496,-0.6192045709521438,35,6,29,5,163,0,22,14,25,37,42,12,2,2,15
8471215,Evgeni Malkin,C,PIT,68,1039.0,622.0,35.91915303176131,9.147058823529411,-0.7196981792743513,-0.3798323795951525,-0.6177384393705916,44,14,30,7,52,0,18,14,36,59,29,21,3,3,25
8480817,K'Andre Miller,D,NYR,74,1401.2,677.0,28.98943762489295,9.14864864864865,-0.37086481231358576,-0.014690673854505393,-0.2640125707758616,83,37,46,0,0,0,54,8,16,81,100,5,1,5,33
8476483,Rickard Rakell,R,PIT,81,1345.3,940.5,41.9460343417825,11.61111111111111,0.1194213578192717,0.9489846356661669,0.36829034117334025,94,27,67,10,5,0,26,14,26,115,112,8,2,4,15
8471675,Sidney Crosby,C,PIT,80,1372.4,855.0,37.37977266103177,10.6875,-0.6378074178583644,0.12292555347196468,-0.40958752645926566,39,9,30,1,204,1,20,12,36,35,58,14,3,5,19
8481726,Adam Edstrom,C,NYR,51,468.9,519.5,66.47472808701215,10.186274509803921,0.993423605914595,-0.04066075887843397,0.6831982964766863,38,6,32,1,0,1,4,5,10,34,94,6,4,1,6
8482109,Alexis Lafrenière,L,NYR,82,1265.2,735.0,34.8561492254189,8.963414634146341,-0.258786557578504,0.17203023212565058,-0.1295415206672576,29,7,22,7,1,0,16,5,16,81,116,10,7,5,18
8479996,Cody Glass,C,NJD,65,769.2,549.0,42.82371294851794,8.446153846153846,-0.33258872415364,-0.6085886236402307,-0.4153886939996172,38,14,24,1,62,0,13,4,12,62,52,7,2,2,10
8475184,Chris Kreider,L,NYR,68,827.1,391.5,28.400435255712733,5.757352941176471,-0.6031647926011848,-0.7687738864910952,-0.6528475207681579,31,13,18,3,2,0,16,6,8,22,76,2,2,1,7
8477969,Marcus Pettersson,D,VAN,78,1478.5,885.5,35.93506932702063,11.352564102564102,0.24884686388449104,0.7803423500611323,0.4082955097374834,114,57,57,1,0,1,56,9,20,192,71,9,3,5,21
8475191,Reilly Smith,R,VGK,79,1014.0,366.0,21.65680473372781,4.632911392405063,-0.9629018546370899,-1.098736108536794,-1.003652130807001,40,7,33,3,1,0,19,14,26,49,40,5,1,6,14
8483768,Victor Mancini,D,VAN,31,464.8,313.0,40.40447504302926,10.096774193548388,0.6476216660423004,0.32733293584164863,0.5515350469821049,41,22,19,0,0,0,18,4,5,57,37,2,1,0,3
8481554,Kaapo Kakko,R,SEA,79,1110.2,493.5,26.670870113493063,6.246835443037975,-0.6954279557198371,-0.6251374883669061,-0.6743408155139577,31,7,24,3,4,0,15,18,22,58,68,13,3,6,10
8479323,Adam Fox,D,NYR,74,1354.7,512.0,22.676607366944708,6.918918918918919,-0.9341159014130301,-0.8190358525192536,-0.8995918867448971,84,37,47,1,0,0,34,12,19,88,30,5,1,2,27
8481708,Zac Jones,D,NYR,46,722.2,294.0,24.425366934367208,6.391304347826087,-0.7780859290114069,-1.009365752503692,-0.8474698760590924,40,12,28,0,0,0,21,4,11,65,27,2,0,6,5
8475842,Sam Carrick,C,NYR,80,859.8,1078.0,75.2267969295185,13.475,1.4841150680278072,1.0326894313991437,1.348687377039208,43,15,28,2,163,4,19,13,18,72,135,8,9,3,12
8476891,Matt Grzelcyk,D,PIT,82,1471.3,537.0,21.899000883572352,6.548780487804878,-1.0034964614397812,-0.9525583411579104,-0.98821502535522,88,39,49,0,0,0,46,10,22,100,39,5,0,5,26
8478550,Artemi Panarin,L,NYR,80,1322.8,160.5,7.280012095554883,2.00625,-1.7298277899022192,-1.8695178628632863,-1.7717348117905392,9,0,9,1,0,0,22,20,40,37,17,8,1,7,14
8478047,Michael Bunting,L,NSH,76,1025.9,547.5,32.020664782142504,7.203947368421052,-0.410044672884105,-0.34427737786058443,-0.3903144843770488,23,5,18,3,0,0,11,12,28,58,67,22,10,2,9
8477380,Jonny Brodzinski,C,NYR,51,559.2,296.0,31.759656652360512,5.803921568627451,-0.9529035386917821,-1.470941083976294,-1.1083148022771356,23,9,14,2,24,0,6,3,14,27,25,5,0,3,8
8478569,Noel Acciari,C,PIT,79,895.9,1288.5,86.29311307065521,16.310126582278482,2.104556582510498,1.957997325177835,2.060588805310699,77,18,59,4,143,0,10,10,11,81,174,14,2,0,11
8478891,Mason Appleton,C,WPG,71,983.8,566.0,34.51921122179305,7.971830985915493,-0.7981869921445689,-0.763394652239318,-0.7877492901729936,32,9,23,2,2,0,10,9,16,107,74,9,2,3,11
8480834,Ty Emberson,D,EDM,76,996.8,921.0,55.43739967897272,12.118421052631579,1.9889077180289123,1.0566150019077452,1.7092199031925621,70,31,39,1,0,2,22,7,13,194,112,6,1,2,28
8475799,Nino Niederreiter,R,WPG,82,1108.0,864.5,46.81407942238267,10.542682926829269,0.37910584519507057,0.6354592788638656,0.4560118752957091,42,16,26,5,3,0,20,12,22,112,147,12,3,6,11
8476392,Adam Lowry,C,WPG,73,978.8,1206.5,73.95790764201064,16.527397260273972,1.4129738154906848,2.028908541168165,1.5977542331939287,55,18,37,6,194,4,14,14,14,84,136,5,2,6,12
8477406,Mattias Janmark,C,EDM,80,933.4,491.5,31.594171844868228,6.14375,-0.9621815715326045,-1.3600303641357916,-1.0815362093135605,43,12,31,1,24,0,12,7,25,81,40,8,2,3,13
8476331,Dylan DeMelo,D,WPG,82,1585.2,940.5,35.59803179409538,11.46951219512195,0.21877528747096062,0.8225298103388163,0.3999016443313173,88,49,39,0,0,0,51,17,14,177,130,8,5,1,25
8481617,Vasily Podkolzin,R,EDM,82,1022.7,1052.5,61.74831328835436,12.835365853658537,1.1757683250250686,1.3082365822367181,1.2155088021885634,61,15,46,2,2,2,13,16,23,90,205,13,2,5,15
8480289,Morgan Barron,C,WPG,74,674.5,774.5,68.89547813194959,10.466216216216216,1.1291448165604667,0.05070456934370102,0.805612742395437,36,6,30,4,31,0,8,10,12,84,121,8,2,5,16
8480113,Alex Iafallo,L,WPG,82,831.7,457.5,33.00468919081399,5.579268292682927,-0.3575521692403991,-0.8210320108848096,-0.49659612173372225,56,10,46,4,2,1,7,5,13,30,51,3,0,3,16
8476967,Brett Kulak,D,EDM,82,1529.8,530.0,20.78703098444241,6.463414634146342,-1.102710004516148,-0.983352931146701,-1.0669028825053137,96,52,44,0,0,0,42,11,23,107,25,4,1,3,19
8476454,Ryan Nugent-Hopkins,C,EDM,78,1102.0,458.0,24.936479128856625,5.871794871794871,-1.3354502274250182,-1.4487890913315158,-1.3694518865969674,37,7,30,3,70,0,17,4,11,50,19,6,1,4,17
8477938,Haydn Fleury,D,WPG,39,565.9,333.5,35.35960417034812,8.551282051282051,0.19750200539942867,-0.23018268442451742,0.06919659845224482,44,22,22,0,0,0,24,7,5,69,45,0,1,0,3
8476525,Colin Miller,D,WPG,60,835.0,605.0,43.473053892215574,10.083333333333334,0.9214101742341017,0.32248432528273757,0.7417324195486924,45,24,21,0,0,0,36,5,9,106,83,12,8,1,11
8477498,Darnell Nurse,D,EDM,76,1491.8,921.5,37.06260892881084,12.125,0.3494495860805259,1.0589882691813173,0.5623111910107632,100,67,33,0,0,3,39,6,19,69,150,8,4,2,12
8480145,Neal Pionk,D,WPG,69,1306.0,779.0,35.78866768759571,11.289855072463768,0.23578443713094344,0.7577209061491562,0.39236537783640724,80,38,42,1,0,0,36,6,17,150,94,4,2,4,18
8476480,Vladislav Namestnikov,C,WPG,78,1021.4,836.0,49.1090659878598,10.717948717948717,0.01980442177243357,0.13286318350566365,0.05372205029240259,60,23,37,4,60,0,11,4,19,94,83,12,3,4,10
8477504,Josh Morrissey,D,WPG,80,1662.1,599.5,21.641297154202515,7.49375,-1.0264896198650049,-0.6116732280498492,-0.9020447023204582,97,34,63,1,0,0,39,14,17,92,45,9,0,3,25
8480845,Rasmus Kupari,C,WPG,59,541.6,686.5,76.05243722304283,11.635593220338983,1.5304052252579936,0.4323572897130626,1.2009908445945143,30,9,21,3,104,0,10,4,15,55,77,9,1,0,6
8475784,Jeff Skinner,L,EDM,72,848.1,447.0,31.623629288998938,6.208333333333333,-0.4312244189217635,-0.6364357561029853,-0.49278782007613,29,6,23,8,3,0,14,11,15,43,44,12,3,3,15
8476460,Mark Scheifele,C,WPG,82,1432.9,1003.5,42.01968036848349,12.237804878048781,-0.3776674283301461,0.6289027293726217,-0.07569638101931572,61,31,30,9,108,1,27,16,48,118,70,21,3,3,21
8480014,Gabriel Vilardi,C,WPG,71,1085.0,546.0,30.193548387096772,7.690140845070423,-1.0407086015104814,-0.8553306217134218,-0.9850952075713635,63,17,46,7,9,0,11,7,13,75,21,13,0,2,18
8480803,Evan Bouchard,D,EDM,82,1636.1,602.5,22.095226453150786,7.347560975609756,-0.9859885828404708,-0.6644089634056536,-0.8895146970100255,98,59,39,1,0,0,68,14,29,86,30,17,3,5,42
8475218,Mattias Ekholm,D,EDM,65,1243.3,460.5,22.223115901230596,7.084615384615384,-0.9745778735433873,-0.7592630686128852,-0.9099834320642366,70,36,34,1,0,0,42,17,17,74,36,4,6,2,27
8477940,Nikolaj Ehlers,L,WPG,69,913.4,396.5,26.04554412086709,5.746376811594203,-0.7287857938559248,-0.7719947814414675,-0.7417484901315875,32,5,27,2,0,1,16,8,22,61,33,18,1,2,11
8477934,Leon Draisaitl,C,EDM,71,1291.1,707.5,32.878940438385875,9.964788732394366,-0.8901500335071594,-0.11294766821003313,-0.6569893239180215,26,2,24,6,126,0,19,6,48,73,21,20,4,1,32
8480049,Dylan Samberg,D,WPG,60,1116.1,582.5,31.314398351402208,9.708333333333334,-0.16342431291618986,0.18720809068912084,-0.05823459183459665,91,48,43,0,0,0,50,4,8,105,47,2,3,7,21
8475786,Zach Hyman,L,EDM,73,1148.9,627.0,32.74436417442771,8.58904109589041,-0.37143913357866565,0.06217203212138337,-0.24135578386865095,43,22,21,11,0,0,8,6,23,90,54,10,3,3,8
8478402,Connor McDavid,C,EDM,67,1255.5,627.5,29.98805256869773,9.365671641791044,-1.0522298824102214,-0.3084831256736124,-0.8291058553892386,13,5,8,9,91,0,19,9,33,60,37,18,2,5,22
8477015,Connor Brown,R,EDM,82,1004.1,356.5,21.302659097699433,4.347560975609756,-0.9817936533829362,-1.1824708813138418,-1.0419968217622078,42,11,31,2,3,0,11,13,24,72,19,3,2,4,17
8478398,Kyle Connor,L,WPG,82,1374.2,354.5,15.478096346965506,4.323170731707317,-1.2925033052183776,-1.1896280866688722,-1.2616407396535259,35,6,29,10,0,1,22,15,30,42,19,7,0,2,26
8478042,Viktor Arvidsson,L,EDM,67,915.6,386.0,25.29488859764089,5.7611940298507465,-0.7688293003389778,-0.7676467366135197,-0.7684745312213404,26,8,18,4,1,0,13,11,35,94,31,7,1,2,11
8482149,Cole Perfetti,C,WPG,82,1104.5,580.5,31.534631054775918,7.079268292682927,-0.96551977166237,-1.0547027408808918,-0.9922746624279265,50,13,37,5,1,0,15,9,23,75,70,8,2,2,16
8470621,Corey Perry,R,EDM,81,860.9,560.0,39.02892321988617,6.91358024691358,-0.03619110956044638,-0.42948427965668357,-0.15417906058931752,37,17,20,8,2,5,11,6,20,68,34,20,5,1,11
8482074,Connor Zary,C,CGY,54,750.6,377.5,30.175859312549957,6.9907407407407405,-1.0417003530619147,-1.0835957162919494,-1.0542689620309251,31,6,25,4,12,0,7,10,19,68,25,7,2,3,5
8479425,Filip Hronek,D,VAN,61,1207.6,545.0,27.078502815501825,8.934426229508198,-0.5413645831940743,-0.09196854645945425,-0.40654577217368826,67,31,36,0,0,0,31,7,20,93,70,3,2,0,12
8478397,Rasmus Andersson,D,CGY,81,1574.7,770.5,29.357972947228042,9.512345679012345,-0.33798290147565346,0.11650816561344407,-0.2016355813489242,140,68,72,0,0,0,49,11,30,103,26,15,10,1,24
8476468,J.T. Miller,C,NYR,72,1019.8,1131.5,66.5718768385958,15.715277777777779,0.9988703252920218,1.7638549197382274,1.2283657036258835,42,13,29,2,154,3,17,8,30,42,161,11,9,3,21
8476456,Jonathan Huberdeau,L,CGY,81,1247.2,587.5,28.263309813983323,7.253086419753086,-0.6104797104895976,-0.3298577483258599,-0.5262931218404763,62,13,49,6,1,0,22,12,32,55,47,16,8,4,15
8481028,Martin Pospisil,C,CGY,81,1044.5,1308.5,75.16515078985161,16.15432098765432,1.4806588298570251,1.9071466338888563,1.6086051710665745,39,12,27,0,14,4,12,15,25,72,295,24,6,0,16
8474574,Tyler Myers,D,VAN,71,1277.7,730.5,34.3038271894811,10.288732394366198,0.10330217584266989,0.39657928945764503,0.19128530992716242,97,52,45,0,0,1,35,5,13,80,75,3,11,2,25
8481167,Brayden Pachal,D,CGY,76,987.2,891.0,54.15316045380875,11.723684210526315,1.874323749716587,0.9142189654934114,1.5862923144496341,71,35,36,0,0,4,42,13,9,88,143,16,13,2,13
8478444,Brock Boeser,R,VAN,75,1117.4,452.5,24.29747628423125,6.033333333333333,-0.8220359779727352,-0.687788704525328,-0.781761795938513,34,5,29,7,0,0,11,5,12,23,71,5,0,1,16
8478856,Conor Garland,R,VAN,81,1210.8,608.0,30.128840436075325,7.506172839506172,-0.5109635073195788,-0.2555906976974278,-0.4343516644329335,58,11,47,4,1,1,14,5,35,84,46,20,1,3,15
8479576,Vincent Desharnais,D,SJS,51,735.0,569.5,46.48979591836735,11.166666666666666,1.1905736337810577,0.7132823363309633,1.0473862445460294,62,34,28,0,0,3,30,0,7,61,78,8,7,0,3
8480800,Quinn Hughes,D,VAN,68,1485.4,333.0,13.450922310488757,4.897058823529412,-1.7572612963323258,-1.5483948407309422,-1.6946013596519107,58,23,35,0,0,1,54,10,21,74,13,12,2,5,19
8476399,Blake Coleman,L,CGY,82,1169.0,879.0,45.115483319076134,10.71951219512195,0.2884947166943244,0.6873490176878353,0.40815100699237766,71,16,55,2,4,0,18,17,31,59,161,9,3,6,17
8479291,Kevin Rooney,C,CGY,70,521.5,721.5,83.01054650047939,10.307142857142857,1.920516966416453,-0.0012126310241847528,1.3439980871842616,32,10,22,3,67,0,14,3,10,68,105,9,1,2,6
8479066,Ryan Lomberg,L,CGY,80,681.5,614.0,54.05722670579604,7.675,0.7654894875274698,-0.20604914075382727,0.4740278990430807,24,7,17,2,1,7,7,5,6,40,120,7,6,0,11
8475762,Derek Forbort,D,VAN,54,799.9,485.0,36.37954744343043,8.981481481481481,0.2885046359010097,-0.07499399364665522,0.17945504703671022,63,29,34,0,0,3,35,8,8,86,49,8,4,0,7
8475172,Nazem Kadri,C,CGY,82,1341.5,1019.0,45.57584793142006,12.426829268292684,-0.17828816242423398,0.6905951284008239,0.0823768248232834,36,12,24,7,150,2,17,9,25,109,54,31,4,4,23
8476927,Teddy Blueger,C,VAN,82,995.7,931.0,56.10123531184092,11.353658536585366,0.4118257656019118,0.3403415081116766,0.39038048835484124,40,16,24,3,146,1,16,8,24,55,102,8,9,1,18
8478498,Jake DeBrusk,L,VAN,82,1148.5,662.0,34.584240313452334,8.073170731707316,-0.2732914615487533,-0.08920776333295707,-0.2180663520840144,50,8,42,7,2,0,13,7,17,72,90,12,1,1,10
8480012,Elias Pettersson,C,VAN,64,953.4,910.0,57.26872246696035,14.21875,0.4772818296997683,1.2754291208012387,0.7167260170302094,69,29,40,1,121,0,11,8,12,76,71,16,1,2,17
8477346,MacKenzie Weegar,D,CGY,81,1575.7,1259.5,47.95963698673605,15.549382716049383,1.3217175975395317,2.294288534873645,1.6134888787397657,145,105,40,1,0,1,104,18,18,165,189,10,6,3,40
8480860,Kevin Bahl,D,CGY,73,1371.2,689.0,30.148774795799294,9.438356164383562,-0.26742500838027033,0.08981743777773443,-0.1602522745328689,90,59,31,0,0,1,45,6,23,72,96,4,3,1,20
8479402,Jake Bean,D,CGY,64,939.1,336.5,21.499307847939516,5.2578125,-1.0391583640138617,-1.418257776814289,-1.1528881878539898,41,28,13,0,0,0,27,8,11,85,22,4,0,1,23
8481535,Nils Hoglander,L,VAN,72,824.0,561.0,40.849514563106794,7.791666666666667,0.060927820494075205,-0.17181384180559864,-0.008894678195826955,28,7,21,3,0,0,11,13,11,68,75,18,5,5,8
8474150,Mikael Backlund,C,CGY,76,1113.4,891.0,48.015088916831324,11.723684210526315,-0.041530242997818205,0.4611077832891245,0.1092611648882646,47,12,35,2,243,0,20,14,23,39,38,7,5,3,27
8480748,Kiefer Sherwood,L,VAN,78,982.5,1694.5,103.48091603053436,21.724358974358974,3.401982209762711,3.9166708979732254,3.556388816225865,32,7,25,3,2,1,11,10,23,94,441,12,3,4,18
8482624,Daniil Miromanov,D,CGY,44,753.6,276.5,22.014331210191084,6.284090909090909,-0.9932063174916833,-1.0480415666101675,-1.0096568922272284,51,32,19,0,0,0,27,9,4,55,19,2,0,0,11
8478046,Danton Heinen,L,PIT,79,928.0,523.0,33.814655172413794,6.620253164556962,-0.3143447631377324,-0.5155597684060303,-0.37470926471822175,40,9,31,6,1,1,14,12,22,53,79,4,1,1,17
8477369,Carson Soucy,D,NYR,75,1194.8,765.5,38.4415801807834,10.206666666666667,0.4724858515547078,0.36697517577130473,0.4408326488196868,88,57,31,0,0,0,47,11,13,121,99,4,8,0,17
8475913,Mark Stone,R,VGK,66,1021.2,377.5,22.179788484136306,5.71969696969697,-0.9350034344536106,-0.7798238588406954,-0.888449561769736,36,10,26,5,0,0,18,20,29,38,30,11,1,5,27
8478038,Devon Toews,D,COL,76,1609.1,449.5,16.760922254676526,5.9144736842105265,-1.4619324189028216,-1.1813760370708615,-1.3777655043532335,79,35,44,1,0,0,40,11,15,48,35,6,1,3,29
8479980,Nicolas Hague,D,VGK,68,1085.5,722.5,39.9355135882082,10.625,0.6057794115573099,0.5178833308068505,0.579410587332172,67,40,27,1,0,4,40,5,9,168,77,5,2,5,13
8478109,Victor Olofsson,L,VGK,56,733.9,240.0,19.621201798610166,4.285714285714286,-1.0714905172222617,-1.2006195091783831,-1.1102292148090982,20,3,17,2,0,0,7,7,8,51,26,2,1,0,7
8476871,Tanner Pearson,L,VGK,78,897.7,604.0,40.369834020274034,7.743589743589744,0.03533939766576547,-0.1859217946688797,-0.031038960034628083,49,7,42,1,1,0,13,11,22,76,95,10,1,1,12
8477964,Ivan Barbashev,C,VGK,70,1110.9,592.5,32.00108020523899,8.464285714285714,-0.9393679417623843,-0.6026708770336974,-0.8383588223437782,36,9,27,5,0,0,23,21,29,67,102,11,1,4,14
8484258,Sam Malinski,D,COL,76,1171.3,793.0,40.62153163152053,10.43421052631579,0.666988155377253,0.44905857987325587,0.6016092827260537,99,45,54,1,0,0,41,10,14,195,52,8,1,3,25
8475188,Brayden McNabb,D,VGK,82,1485.9,847.5,34.22168382798304,10.335365853658537,0.09597308002739506,0.41340168620202467,0.19120166187978394,120,75,45,0,0,0,57,6,14,116,107,3,2,1,19
8477447,Shea Theodore,D,VGK,67,1284.4,304.0,14.201183431952662,4.537313432835821,-1.690320577747115,-1.6781681790387786,-1.686674858134614,70,41,29,0,0,0,53,18,25,81,4,4,0,2,25
8481641,Joel Kiviranta,L,COL,79,873.0,686.5,47.182130584192436,8.689873417721518,0.39873943027905523,0.0917608151059431,0.30664584572712156,42,11,31,3,7,0,8,9,15,87,112,6,2,3,9
8474565,Alex Pietrangelo,D,VGK,71,1379.0,543.5,23.647570703408267,7.654929577464789,-0.8474834189302082,-0.5535298511623111,-0.759297348599839,104,62,42,0,0,0,57,16,17,95,35,6,2,3,17
8476312,Josh Manson,D,COL,48,789.7,523.5,39.77459794858807,10.90625,0.591421998865109,0.619340506752063,0.5997975512311953,42,22,20,0,0,0,45,5,18,70,94,8,4,3,16
8479999,Casey Mittelstadt,C,BOS,81,1195.8,616.0,30.90817862518816,7.604938271604938,-1.0006423083048905,-0.8831384149494163,-0.9653911402982482,33,10,23,4,125,0,22,6,41,83,28,4,2,1,18
8477494,Jonathan Drouin,L,COL,43,649.0,208.5,19.275808936825886,4.848837209302325,-1.089915401702718,-1.035373666604352,-1.0735528811732082,19,9,10,3,1,0,5,4,17,32,14,2,0,0,14
8477492,Nathan MacKinnon,C,COL,79,1492.8,774.0,31.109324758842444,9.79746835443038,-0.9893648958213555,-0.16755647033120152,-0.7428223681743092,56,23,33,2,163,1,22,17,62,59,34,12,1,4,19
8479525,Ross Colton,C,COL,61,776.5,815.0,62.97488731487444,13.360655737704919,0.7972023447993898,0.9953705867411007,0.856652817381903,53,12,41,4,6,0,13,9,21,70,141,9,5,2,13
8476881,Tomas Hertl,C,VGK,73,1042.8,894.0,51.438434982738784,12.246575342465754,0.15040228365705605,0.6317651694512612,0.29481114939531755,64,15,49,4,110,0,15,9,16,65,96,6,1,0,27
8480069,Cale Makar,D,COL,80,1594.4,478.5,18.00677370797792,5.98125,-1.3507735314854674,-1.1572873742441034,-1.2927276843130582,89,32,57,0,0,0,65,10,24,41,42,14,1,2,40
8478403,Jack Eichel,C,VGK,77,1247.6,704.0,33.8570054504649,9.142857142857142,-0.835314067353882,-0.3812036934255435,-0.6990809551753805,42,9,33,10,133,0,18,12,38,52,20,14,0,2,22
8478420,Mikko Rantanen,R,DAL,82,1425.0,664.0,27.957894736842103,8.097560975609756,-0.6267719913602751,-0.08205055797792647,-0.46335556134557043,64,30,34,3,4,0,19,18,33,98,41,19,7,1,31
8479353,Brett Howden,C,VGK,80,1095.3,1001.0,54.834291974801424,12.5125,0.3407936142724817,0.7185557157023149,0.4541222447014317,60,16,44,7,71,2,7,10,23,82,113,13,7,3,18
8481042,Nikolai Kovalenko,R,SJS,57,654.1,555.5,50.95551138969576,9.74561403508772,0.6000293616430437,0.40156306351153614,0.5404894722035913,32,12,20,2,0,0,6,9,22,64,84,11,2,3,13
8481604,Pavel Dorofeyev,L,VGK,82,1177.1,438.5,22.351541925070087,5.347560975609756,-0.9258412957458854,-0.8890254617575978,-0.914796545549399,38,9,29,6,0,0,17,14,18,87,28,8,1,6,17
8479398,Samuel Girard,D,COL,73,1364.9,563.5,24.771045497838667,7.719178082191781,-0.7472433719652252,-0.5303530623683441,-0.6821762790861607,94,37,57,0,0,0,43,15,20,82,54,7,1,1,21
8475177,Calvin de Haan,D,NYR,47,658.6,430.0,39.174005466140294,9.148936170212766,0.5378351992806079,-0.014586954295683671,0.37210855320772035,54,29,25,0,0,0,21,2,12,41,67,3,0,1,6
8480727,Zach Whitecloud,D,VGK,74,1216.0,893.5,44.08717105263158,12.074324324324325,0.9762036892353109,1.0407076969389368,0.9955548915463985,90,57,33,0,0,1,54,5,15,188,113,8,3,0,12
8481186,Logan O'Connor,R,COL,80,967.9,652.5,40.448393429073256,8.15625,0.03953012709920299,-0.06482853259238473,0.008222529191726672,49,8,41,4,3,1,9,6,15,95,65,16,3,5,10
8478434,Keegan Kolesar,R,VGK,82,1041.2,1191.5,68.66116019976948,14.53048780487805,1.5445321874741178,1.805662354411327,1.6228712375552803,58,11,47,5,0,7,6,13,15,128,235,7,1,1,11
8480448,Parker Kelly,C,COL,80,861.3,1065.5,74.22500870776733,13.31875,1.4279490419024796,0.9816936983314768,1.2940724388311786,56,9,47,0,96,1,13,10,13,101,158,11,3,4,12
8478462,Nicolas Roy,C,VGK,71,941.0,774.5,49.3836344314559,10.908450704225352,0.03519831245848285,0.19503782952821488,0.08315016757940245,53,16,37,4,118,1,14,13,22,63,71,5,0,5,11
8478396,Noah Hanifin,D,VGK,80,1542.7,546.5,21.254942633045957,6.83125,-1.0609614171299377,-0.8506612424985723,-0.9978713647405281,90,50,40,1,0,0,70,13,22,128,41,4,2,2,28
8478450,Parker Wotherspoon,D,BOS,55,911.3,509.5,33.54548447273126,9.263636363636364,0.03564039124420314,0.02678960643365997,0.03298515580104018,56,34,22,0,0,0,43,13,5,93,64,8,5,1,14
8476981,Josh Anderson,R,MTL,81,1013.2,1031.5,61.08369522305566,12.734567901234568,1.1403144623902326,1.278657884797256,1.1818174891123396,36,11,25,6,6,1,6,5,21,57,167,23,21,2,12
8479998,Mikey Anderson,D,LAK,77,1497.7,869.0,34.813380516792414,11.285714285714286,0.14876616819395888,0.7562271727098897,0.33100446954873813,93,45,48,1,0,0,32,8,9,151,104,6,3,2,16
8479675,Trevor Moore,L,LAK,71,980.7,471.5,28.846742122973385,6.640845070422535,-0.5793566790529446,-0.5095171679498445,-0.5584048257220146,31,7,24,4,0,0,15,7,16,58,66,10,0,1,18
8481524,Bowen Byram,D,BUF,82,1620.0,693.0,25.666666666666664,8.451219512195122,-0.6673331608316784,-0.2662789071220011,-0.5470168847187752,93,53,40,2,0,0,50,8,10,139,63,8,2,1,11
8476479,Phillip Danault,C,LAK,80,1154.2,924.5,48.059261826373245,11.55625,-0.039053654895168814,0.4064618293281933,0.09460099037183982,63,24,39,3,167,0,34,11,28,54,76,15,3,2,17
8480807,Mattias Samuelsson,D,BUF,62,1023.6,570.0,33.41148886283704,9.193548387096774,0.023684870483536576,0.0015063062828294769,0.017031301223324444,64,43,21,0,0,0,34,8,2,92,80,4,2,2,7
8479661,Tanner Jeannot,L,LAK,67,733.2,1021.5,83.5924713584288,15.246268656716419,2.3410387563095383,2.015704966789363,2.2434386194534857,46,12,34,5,0,8,12,9,14,80,209,10,5,1,2
8478413,Jordan Greenway,L,BUF,34,421.6,453.0,64.46869070208729,13.323529411764707,1.3208860884100457,1.451485942357252,1.3600660445942074,20,7,13,1,1,3,7,1,13,27,88,8,4,0,6
8476441,Joel Edmundson,D,LAK,73,1342.9,680.0,30.38200908481644,9.315068493150685,-0.24661509239388077,0.045343059281202885,-0.15902764689135565,91,58,33,0,0,0,39,9,11,81,88,4,2,1,19
8481522,Peyton Krebs,C,BUF,81,1042.9,1023.0,58.85511554319685,12.62962962962963,0.5662241760264051,0.7567836281945219,0.6233920116768401,33,8,25,2,112,3,20,7,15,108,130,23,4,1,9
8477942,Kevin Fiala,L,LAK,81,1250.1,475.5,22.822174226061914,5.87037037037037,-0.9007355488183142,-0.7356094395641234,-0.8511977160420569,24,3,21,5,1,0,26,24,28,86,57,11,6,4,21
8479359,Beck Malenstyn,L,BUF,76,688.0,942.0,82.15116279069767,12.394736842105264,2.26415255859268,1.1789360170728147,1.93858759613672,55,13,42,2,2,1,14,9,15,100,179,10,4,2,7
8478043,Sam Lafferty,C,BUF,60,564.1,497.5,52.9161496188619,8.291666666666666,0.23325148976290028,-0.6590090202322628,-0.034426663235648663,21,3,18,1,29,0,10,3,8,50,82,7,4,1,4
8477998,Warren Foegele,L,LAK,82,1137.1,740.0,39.04669773986457,9.024390243902438,-0.035242932821628395,0.18992324551322634,0.032306920678828024,39,15,24,16,3,0,12,9,36,81,73,11,2,9,21
8482124,Quinton Byfield,R,LAK,81,1218.4,955.5,47.05351280367695,11.796296296296296,0.39187835117079467,1.0033263800284342,0.5753127598280865,37,16,21,3,130,0,14,13,31,125,78,18,6,1,18
8484145,Zach Benson,L,BUF,75,938.4,528.5,33.791560102301794,7.046666666666667,-0.3155767631179387,-0.39043067937500053,-0.33803293799505724,34,10,24,4,0,0,8,10,18,82,32,22,6,3,14
8477365,Connor Clifton,D,BUF,73,970.4,1084.5,67.05482275350371,14.856164383561644,3.02545169781039,2.044219292819759,2.7310819763132006,82,54,28,1,0,1,39,8,13,143,174,6,11,3,20
8481528,Dylan Cozens,C,OTT,82,1150.8,1111.5,57.9509906152242,13.554878048780488,0.5155337174818794,1.0587594451820292,0.6785014357919243,43,20,23,1,143,2,25,15,20,64,184,9,4,2,9
8481606,Jordan Spence,D,LAK,79,1188.1,594.0,29.997474960020202,7.518987341772152,-0.2809244680205551,-0.6025691945402789,-0.3774178859764722,70,31,39,0,0,0,36,10,21,131,74,1,2,2,8
8478882,Vladislav Gavrikov,D,LAK,82,1616.3,593.0,22.013240116315043,7.2317073170731705,-0.9933036684086063,-0.706201621247584,-0.9071730542602996,100,38,62,0,0,0,31,10,17,96,40,5,4,0,17
8482730,Brandt Clarke,D,LAK,78,1127.0,706.5,37.61313220940551,9.057692307692308,0.39856904988665826,-0.04750195736647057,0.2647477477107196,111,60,51,1,0,0,38,10,10,131,20,14,8,0,18
8475722,Jason Zucker,L,BUF,73,957.8,455.5,28.534140739193987,6.239726027397261,-0.5960323114178179,-0.6272237138223953,-0.6053897321391911,25,8,17,6,2,1,20,13,30,37,64,12,3,3,17
8482671,Owen Power,D,BUF,79,1440.4,511.5,21.306581505137462,6.474683544303797,-1.0563540303070802,-0.9792878225225028,-1.033234167971707,92,53,39,1,0,0,47,8,13,109,23,1,2,6,16
8480035,Henri Jokiharju,D,BOS,60,1000.0,320.0,19.2,5.333333333333333,-1.244310030795372,-1.3910146462364081,-1.2883214154276827,43,20,23,0,0,0,38,10,12,79,39,2,2,1,10
8480802,Ryan McLeod,C,BUF,79,1107.5,576.0,31.205417607223474,7.291139240506329,-0.9839773764680219,-0.9855538493609185,-0.9844503183358908,30,15,15,3,147,0,25,10,22,58,16,4,3,2,22
8473453,Trevor Lewis,C,LAK,60,576.7,562.0,58.470608635339,9.366666666666667,0.5446665008978615,-0.3081583767267135,0.288819037610489,35,8,27,2,28,0,9,5,7,49,98,2,3,0,4
8471685,Anze Kopitar,C,LAK,81,1219.1,929.5,45.746862439504554,11.475308641975309,-0.16870010267234994,0.38004478044523876,-0.004076637737073327,61,27,34,11,214,0,20,15,17,41,26,9,1,5,21
8479420,Tage Thompson,C,BUF,76,1198.7,666.0,33.336114123633934,8.763157894736842,-0.8645182396889319,-0.5051271590456182,-0.7567009154959378,31,12,19,9,74,1,10,13,23,53,66,8,2,1,14
8483468,Jiri Kulich,C,BUF,62,827.2,521.0,37.79013539651837,8.403225806451612,-0.6148001158939715,-0.6225991635043802,-0.6171398301770941,41,16,25,4,65,0,11,3,13,36,37,8,1,1,13
8482155,Alex Laferriere,R,LAK,77,1137.3,776.0,40.939066209443425,10.077922077922079,0.06570492772861208,0.4990773365629791,0.19571665037892216,54,7,47,3,11,0,12,9,23,92,120,12,1,2,11
8480839,Rasmus Dahlin,D,BUF,73,1487.0,851.5,34.357767316745125,11.664383561643836,0.10811488807889287,0.892827049520665,0.34352853651142456,80,52,28,0,0,0,57,7,25,135,86,21,13,2,29
8482097,Jack Quinn,R,BUF,74,927.6,307.0,19.857697283311772,4.148648648648648,-1.0588747325089747,-1.240840792553853,-1.113464550522438,24,5,19,1,0,0,14,13,15,64,36,7,1,3,8
8477960,Adrian Kempe,R,LAK,81,1212.4,576.0,28.505443747937974,7.111111111111111,-0.5975631442963472,-0.37151975233693163,-0.5297501267085225,31,9,22,8,3,0,22,7,33,50,90,11,4,4,6
8477949,Alex Tuch,R,BUF,82,1212.2,705.5,34.91998020128692,8.603658536585366,-0.2553815122322643,0.06646145313895312,-0.15882862262089906,89,27,62,8,15,2,12,16,34,44,56,8,2,1,28
8481532,Alex Turcotte,C,LAK,68,741.0,439.5,35.587044534412954,6.463235294117647,-0.7383180972704968,-1.2557590887574326,-0.8935503947165775,40,8,32,1,10,0,12,8,13,98,45,4,0,1,8
8478055,Gustav Forsling,D,FLA,80,1581.7,527.0,19.991148763988114,6.5875,-1.1737211847868914,-0.938590794984423,-1.1031820678461508,54,30,24,0,0,0,32,15,14,71,74,6,1,3,30
8480801,Brady Tkachuk,L,OTT,72,1070.2,1196.5,67.0809194543076,16.618055555555557,1.4602346920480842,2.418249548860973,1.7476391490919507,45,20,25,4,12,5,14,12,13,59,216,27,16,4,13
8482116,Tim Stützle,C,OTT,82,1334.5,1014.5,45.61258898463844,12.371951219512194,-0.17622824705476736,0.6726844319087647,0.07844555663429224,48,13,35,3,35,0,12,9,30,113,129,33,4,2,17
8474102,David Perron,L,OTT,43,514.9,352.5,41.075937075160226,8.19767441860465,0.07300626533166636,-0.05267272669506954,0.03530256772364559,11,3,8,3,1,0,4,6,11,29,66,5,2,1,10
8479393,Noah Gregor,L,SJS,52,531.7,479.0,54.05303742712055,9.211538461538462,0.7652660116419128,0.24484103275663255,0.6091385179763287,33,5,28,1,0,2,6,5,6,39,90,6,1,1,5
8477220,Nate Schmidt,D,FLA,80,1165.3,568.5,29.271432249206214,7.10625,-0.3457043418471649,-0.7514586704632532,-0.4674306404319914,64,35,29,0,0,2,41,14,22,87,79,6,2,3,18
8476393,Nick Cousins,C,OTT,50,589.5,597.0,60.76335877862596,11.94,0.6732112987410622,0.5317073497423832,0.6307601140414585,33,8,25,2,0,1,6,5,11,69,83,14,9,0,5
8474612,Travis Hamonic,D,OTT,59,913.1,598.0,39.29471032745592,10.135593220338983,0.5486048765596734,0.341336380574503,0.48642432776412226,77,48,29,0,0,1,44,6,8,92,72,5,3,3,13
8478874,Adam Gaudette,R,OTT,81,726.1,546.5,45.1590689987605,6.746913580246914,0.29081978244420154,-0.47839184958272407,0.06005629283612385,31,8,23,7,47,0,13,5,12,57,68,3,0,1,6
8473512,Claude Giroux,R,OTT,81,1087.7,637.5,35.16594649259906,7.87037037037037,-0.2422605100201719,-0.14871860045163512,-0.21419793714961088,35,9,26,1,125,0,12,12,21,35,58,9,1,0,15
8481596,Shane Pinto,C,OTT,70,1011.5,951.5,56.44092931290163,13.592857142857143,0.43087097069011066,1.071154784341613,0.6229561147855613,58,14,44,6,166,0,18,6,13,55,67,14,5,1,17
8480064,Josh Norris,C,BUF,56,734.4,884.0,72.22222222222223,15.785714285714286,1.3156612792514633,1.7868434724226996,1.4570159372028342,41,12,29,3,106,0,6,8,11,40,124,11,4,1,8
8482092,Ridly Greig,C,OTT,78,1052.6,1036.5,59.082272468174054,13.288461538461538,0.5789599035043307,0.9718083716137444,0.6968144439371547,47,10,37,5,72,2,8,9,12,118,131,16,5,3,11
8478469,Thomas Chabot,D,OTT,80,1533.5,679.0,26.566677535050538,8.4875,-0.5870312865368176,-0.25319120637676473,-0.4868792624888017,115,71,44,1,0,0,60,12,20,112,54,2,4,0,29
8482105,Jake Sanderson,D,OTT,80,1472.7,710.5,28.9468323487472,8.88125,-0.3746661925519126,-0.11115116005346753,-0.2956116828023791,109,54,55,1,0,0,55,10,18,185,28,6,1,0,36
8480208,Drake Batherson,R,OTT,82,1218.2,791.0,38.95912001313413,9.646341463414634,-0.03991474187330782,0.3724319820665004,0.08378927530863464,30,4,26,6,0,0,12,9,21,61,139,21,3,0,20
8482095,Tyler Kleven,D,OTT,79,1113.9,938.0,50.52518179369781,11.873417721518987,1.5506237850352644,0.9682333269855995,1.375906647620365,94,55,39,0,0,1,48,3,13,179,104,10,4,3,27
8475324,Nick Jensen,D,OTT,71,1275.5,595.5,28.0125441003528,8.387323943661972,-0.4580264053151799,-0.2893283789043555,-0.40741699739193254,81,42,39,0,0,0,48,12,14,150,49,6,0,5,13
8482245,Artem Zub,D,OTT,56,1007.5,601.0,35.79156327543424,10.732142857142858,0.2360427908228682,0.5565336835478839,0.3321900586403729,87,42,45,0,0,0,30,6,8,74,53,9,6,1,13
8478020,Michael Amadio,R,OTT,72,951.6,747.0,47.09962168978562,10.375,0.39433801665341645,0.5862534920480319,0.4519126592718011,45,12,33,1,13,0,11,11,12,106,106,12,2,4,20
8475279,Ben Chiarot,D,DET,81,1569.8,967.0,36.96012230857434,11.938271604938272,0.3403053990665241,0.9916284980462244,0.5357023287604341,117,63,54,0,0,1,58,10,13,136,114,13,7,5,18
8473507,Jeff Petry,D,DET,44,771.0,446.0,34.708171206225686,10.136363636363637,0.13937905396171726,0.34161429785153175,0.2000496271286616,67,32,35,0,0,0,34,7,6,75,45,2,3,1,15
8476874,Olli Määttä,D,UTA,77,1371.2,584.5,25.576137689614935,7.590909090909091,-0.6754104483296663,-0.5766243854505941,-0.6457746294659447,99,53,46,0,0,0,71,12,17,179,23,6,1,4,20
8478432,Christian Fischer,R,CBJ,46,478.6,463.0,58.04429586293355,10.065217391304348,0.9781785635447083,0.49534920446810843,0.8333297558217283,25,12,13,0,4,1,5,3,7,34,93,7,1,1,2
8481542,Moritz Seider,D,DET,82,1654.9,1162.5,42.147561786210645,14.176829268292684,0.8031454907571466,1.7991582356976108,1.1019493142392858,125,66,59,0,0,0,50,7,16,108,176,15,5,6,18
8479992,Michael Rasmussen,C,DET,77,887.6,886.5,59.92564218116268,11.512987012987013,0.6262440742547378,0.39234197180867814,0.5560734435209198,57,18,39,5,30,2,7,9,22,87,140,7,1,2,5
8480813,Joe Veleno,C,CHI,74,854.7,870.0,61.07406107406108,11.756756756756756,0.690631061584853,0.4719017592215127,0.6250122708758509,45,13,32,4,77,1,16,11,17,75,138,5,0,2,10
8482762,Simon Edvinsson,D,DET,78,1495.8,854.5,34.275972723626154,10.955128205128204,0.10081691050398496,0.636972665534564,0.26166363701315865,117,73,44,0,0,1,50,12,21,156,78,7,3,2,20
8477946,Dylan Larkin,C,DET,82,1299.3,800.5,36.96605864696375,9.762195121951219,-0.6610026118305392,-0.1790686901580244,-0.5164224353287847,24,9,15,2,209,0,28,14,40,47,38,18,4,6,23
8481013,Jonatan Berggren,R,DET,75,911.7,359.5,23.65909838762751,4.793333333333333,-0.8560900662333857,-1.0516610247750708,-0.9147613537958912,19,3,16,0,1,0,11,6,13,72,40,14,1,1,10
8477429,Andrew Copp,C,DET,56,740.5,455.0,36.86698176907495,8.125,-0.6665574330902573,-0.7134044688377741,-0.6806115438145123,32,12,20,4,99,0,7,9,15,35,9,3,1,3,14
8477353,Tyler Motte,C,DET,55,536.3,500.5,55.994779041581204,9.1,0.40585721304081257,-0.3951910944955321,0.16554272077990917,41,14,27,2,9,0,15,2,12,54,72,7,0,3,10
8482078,Lucas Raymond,L,DET,82,1228.1,493.0,24.085986483185412,6.012195121951219,-0.8333178415669458,-0.693991615833021,-0.7915199738467683,33,6,27,4,1,0,21,11,33,85,40,17,4,4,19
8479337,Alex DeBrincat,R,DET,82,1218.0,569.5,28.054187192118228,6.945121951219512,-0.6216352975802218,-0.4202285110031102,-0.5612132616070883,42,10,32,8,2,1,19,14,27,87,32,22,1,5,22
8476979,Erik Gustafsson,D,DET,60,880.6,316.0,21.53077447195094,5.266666666666667,-1.036350810266887,-1.4150637546086064,-1.1499646935694028,42,21,21,0,0,0,54,11,5,108,28,5,5,1,8
8475765,Vladimir Tarasenko,R,DET,80,1058.7,413.0,23.406064040804758,5.1625,-0.8695881118667337,-0.9433307573888906,-0.8917109055233807,37,3,34,0,0,0,18,13,24,72,62,7,0,2,12
8477456,J.T. Compher,L,DET,76,1039.5,689.5,39.7979797979798,9.072368421052632,0.0048339959877974304,0.20400222183660874,0.06458446374244083,51,15,36,2,139,0,20,7,13,65,27,9,3,5,11
8475287,Erik Haula,L,NJD,69,866.3,731.5,50.66374235253377,10.601449275362318,0.5844650249138117,0.6527039946649349,0.6049367158391487,31,9,22,1,111,1,12,8,17,51,95,6,2,3,10
8480192,Johnathan Kovacevic,D,NJD,81,1396.4,666.0,28.616442280148952,8.222222222222221,-0.4041446607447333,-0.3488866167744719,-0.3875672475536549,70,39,31,0,0,4,61,19,12,123,91,5,8,2,24
8480002,Nico Hischier,C,NJD,75,1158.4,1001.5,51.87327348066298,13.353333333333333,0.1747818380423291,0.9929807539171206,0.4202415128047665,55,20,35,7,222,0,14,8,19,66,38,18,1,0,16
8476292,Ondrej Palat,L,NJD,77,972.0,831.5,51.32716049382716,10.7987012987013,0.6198548779421118,0.7105866974119602,0.6470744237830663,74,28,46,4,0,0,16,12,22,76,115,16,0,3,21
8475455,Brenden Dillon,D,NJD,82,1301.8,928.5,42.79459210324167,11.323170731707316,0.8608756238126379,0.7697390846437463,0.8335346620619704,78,38,40,0,0,4,36,17,10,130,168,3,5,2,4
8476462,Dougie Hamilton,D,NJD,64,1064.9,495.5,27.9181143769368,7.7421875,-0.46645172999272155,-0.5220527226315782,-0.4831320277843785,71,38,33,0,0,0,52,12,19,59,66,7,5,4,13
8481559,Jack Hughes,C,NJD,62,1045.8,350.5,20.10900745840505,5.653225806451613,-1.606106134606575,-1.520124065495319,-1.5803115138731982,29,3,26,6,46,0,11,17,27,27,4,11,1,2,18
8481032,Paul Cotter,C,NJD,79,993.5,1152.5,69.60241570206341,14.58860759493671,1.1687798144271624,1.396140539581666,1.2369880319735134,33,4,29,6,6,1,10,11,15,114,232,11,9,3,14
8477508,Curtis Lazar,C,NJD,48,457.5,618.0,81.04918032786885,12.875,1.810551465425027,0.8368658164193026,1.5184457707233097,21,9,12,0,78,0,4,2,3,43,98,6,1,0,3
8482110,Dawson Mercer,C,NJD,82,1178.1,474.0,24.140565317035907,5.780487804878049,-1.3800737466256012,-1.47858922452628,-1.4096283899958046,55,19,36,5,18,0,17,10,15,74,35,3,2,0,9
8475193,Tomas Tatar,L,NJD,74,757.7,385.5,30.52659363864326,5.20945945945946,-0.4897454752757585,-0.929550719105675,-0.6216870484247334,23,6,17,4,2,0,11,5,14,54,52,7,2,2,4
8476474,Stefan Noesen,R,NJD,78,1027.4,701.5,40.96749075335799,8.993589743589743,0.06722122698080295,0.1808849797764252,0.10132035281948962,34,12,22,3,7,1,25,10,16,58,135,11,6,4,9
8478399,Jonas Siegenthaler,D,NJD,55,967.0,630.0,39.0899689762151,11.454545454545455,0.5303371924373437,0.8171307588472755,0.6163752623603231,68,41,27,0,0,0,36,8,6,115,58,12,9,2,9
8482259,Bobby McMann,C,TOR,74,982.2,683.5,41.753207086133166,9.236486486486486,-0.3926074575830631,-0.3506456325293971,-0.3800189100669633,32,8,24,2,0,1,13,7,11,60,135,8,4,4,12
8479414,Nathan Bastian,R,NJD,59,595.1,645.5,65.08149890774659,10.940677966101696,1.3535761687423955,0.7522491001444668,1.1731780481630167,30,4,26,2,1,1,4,9,10,59,134,7,3,0,2
8479407,Jesper Bratt,L,NJD,81,1178.8,521.5,26.54394299287411,6.438271604938271,-0.7021988470543016,-0.5689614235198366,-0.6622276199939621,45,9,36,4,0,0,17,12,21,58,79,9,2,1,5
8478414,Timo Meier,R,NJD,80,1277.1,917.0,43.08198261686634,11.4625,0.18001819712877987,0.9053753858154475,0.39762535373478014,73,24,49,6,2,2,20,7,38,96,127,14,4,5,11
8477407,Anthony Duclair,L,NYI,44,586.1,271.0,27.742706022862993,6.159090909090909,-0.6382511724182764,-0.65088571994477,-0.6420415366762244,31,9,22,1,0,0,13,9,17,36,26,9,1,0,9
8476917,Adam Pelech,D,NYI,60,1141.9,628.0,32.99763551974778,10.466666666666667,-0.013240460421564048,0.46076669842287893,0.12896168723176885,69,37,32,0,0,0,39,11,6,118,65,7,4,1,31
8477500,Bo Horvat,C,NYI,81,1310.6,924.5,42.32412635434152,11.41358024691358,-0.36059843028826205,0.3598983179987532,-0.14444940580215743,39,12,27,4,180,0,21,13,41,55,95,8,3,5,11
8481014,Alexander Romanov,D,NYI,64,1298.2,1101.5,50.90895085503004,17.2109375,1.5848648992305803,2.893672200857244,1.9775070897185794,141,75,66,0,0,0,47,9,17,154,131,8,4,3,17
8480865,Noah Dobson,D,NYI,71,1389.5,737.0,31.824397265203313,10.380281690140846,-0.11792056390023439,0.42960447348988956,0.04633694731680278,111,56,55,2,0,0,54,19,17,153,51,9,1,0,27
8484958,Maxim Tsyplakov,R,NYI,77,1035.1,775.5,44.95217853347503,10.071428571428571,0.2797832691147121,0.49717184682560056,0.3449998424279786,46,11,35,3,1,1,26,11,36,101,138,6,2,6,21
8475754,Brock Nelson,C,COL,80,1248.7,830.0,39.881476735805236,10.375,-0.4975474573490008,0.020934087336630696,-0.3420029939433113,45,21,24,5,158,0,13,6,26,72,33,12,2,1,31
8475314,Anders Lee,L,NYI,82,1197.8,744.5,37.29337118049758,9.079268292682928,-0.12877364201453825,0.2060269575620451,-0.028333462141563244,49,17,32,9,2,1,15,10,35,80,111,9,2,0,11
8481237,Kyle MacLean,C,NYI,81,780.1,748.0,57.531085758236124,9.234567901234568,0.4919914291462093,-0.3512718063621931,0.23901245849368855,36,15,21,3,80,0,10,3,12,40,107,9,1,3,9
8475231,Casey Cizikas,C,NYI,82,994.0,1292.0,77.98792756539235,15.75609756097561,1.6389199779506283,1.7771773822523818,1.6803971992411542,66,27,39,2,105,2,15,8,16,97,199,15,3,4,12
8475151,Kyle Palmieri,C,NYI,82,1239.4,597.5,28.925286428917218,7.286585365853658,-1.111814682346961,-0.9870401096886703,-1.0743823105494739,57,28,29,7,3,0,16,12,20,88,46,12,2,1,15
8478445,Mathew Barzal,C,NYI,30,524.1,188.5,21.579851173440183,6.283333333333333,-1.5236421519690784,-1.3144741759286758,-1.4608917591569575,24,9,15,2,0,0,10,5,16,15,20,3,0,2,7
8477506,Ryan Pulock,D,NYI,74,1329.7,808.0,36.45935173347372,10.91891891891892,0.29562503221217196,0.6239106498126582,0.3941107174923178,107,57,50,0,0,0,49,6,11,110,94,9,1,1,28
8481601,Simon Holmstrom,R,NYI,75,1022.0,369.0,21.66340508806262,4.92,-0.9625497606027178,-1.0144912716312797,-0.9781322139112864,51,6,45,4,1,0,13,8,20,47,25,8,0,2,8
8476419,Jean-Gabriel Pageau,C,NYI,79,1082.1,1085.5,60.18852231771555,13.740506329113924,0.6409826510286278,1.1193434466776706,0.7844908897233407,41,15,26,4,155,1,18,3,19,95,128,12,1,5,14
8479619,Michael Carcone,L,UTA,53,566.6,328.5,34.78644546417225,6.19811320754717,-0.2625048849990195,-0.6394348052022236,-0.37558386105998076,13,2,11,3,1,2,7,9,22,48,45,9,2,0,6
8476429,Scott Mayfield,D,NYI,66,1011.9,688.5,40.82419211384524,10.431818181818182,0.68507017765927,0.4481955735919569,0.614007796439076,82,46,36,0,0,1,47,4,7,78,85,11,4,8,17
8476873,Mark Jankowski,L,CAR,60,634.6,460.0,43.491963441537976,7.666666666666667,0.20188850821382737,-0.20849451925012916,0.07877359997464041,39,11,28,3,64,1,9,8,14,53,27,3,3,1,4
8479371,Dante Fabbro,D,CBJ,68,1309.2,844.5,38.703024747937675,12.419117647058824,0.4958127795999173,1.165087276705723,0.696595128731659,125,69,56,0,0,0,52,15,8,144,60,10,8,8,15
8478975,Mason Marchment,L,DAL,62,829.8,557.0,40.27476500361533,8.983870967741936,0.030267967872577645,0.17803304952019244,0.07459749236686208,25,6,19,5,0,1,19,7,25,86,73,12,4,3,17
8474600,Roman Josi,D,NSH,53,1077.3,426.0,23.725981620718464,8.037735849056604,-0.8404873438311433,-0.41543760849627875,-0.712972423230684,71,45,26,0,0,0,31,11,22,54,37,6,1,1,14
8473994,Jamie Benn,L,DAL,80,990.1,816.5,49.47985052014948,10.20625,0.5213106501060901,0.5367345774979159,0.5259378283236378,47,12,35,7,66,2,23,15,15,68,107,10,6,1,10
8480036,Miro Heiskanen,D,DAL,50,1044.7,403.0,23.14540059347181,8.06,-0.8922886567993518,-0.4074061138134879,-0.7468238939035925,69,37,32,0,0,0,42,9,10,99,13,7,0,1,24
8480027,Jason Robertson,L,DAL,82,1206.4,517.5,25.737732095490713,6.310975609756097,-0.7452059392519726,-0.6063158502338993,-0.7035389125465507,47,12,35,6,1,0,21,27,36,69,53,15,2,1,18
8478468,Jeremy Lauzon,D,NSH,28,428.4,527.0,73.80952380952381,18.821428571428573,3.628127925569606,3.4746353154959024,3.582080142547494,25,14,11,0,0,3,11,1,5,33,122,3,3,0,4
8482702,Logan Stankoven,C,CAR,78,1035.6,632.0,36.61645422943222,8.102564102564102,-0.6806034520303585,-0.7207269330731315,-0.6926404963431904,42,15,27,6,36,0,12,9,20,83,48,16,1,3,15
8476869,Brady Skjei,D,NSH,82,1474.8,475.0,19.3246541903987,5.7926829268292686,-1.2331879816297895,-1.2253104239157717,-1.2308247143155842,73,42,31,1,0,0,58,12,12,84,46,6,2,6,19
8474564,Steven Stamkos,C,NSH,82,1209.3,616.0,30.563135698337884,7.512195121951219,-1.0199874050259874,-0.9134072463324291,-0.9880133574179198,49,14,35,3,66,0,18,7,22,43,61,8,3,3,15
8481581,Thomas Harley,D,DAL,78,1518.9,536.5,21.19296859569425,6.878205128205129,-1.0664909407521337,-0.833722807996038,-0.9966605009253049,98,49,49,1,0,0,68,17,16,147,30,3,1,3,18
8481577,Philip Tomasino,R,PIT,61,708.3,480.0,40.660736975857695,7.868852459016393,0.05085753351826549,-0.14916402458575206,-0.009148933912939777,29,8,21,3,1,0,5,8,16,75,62,8,0,2,14
8476278,Colin Blackwell,C,DAL,63,605.8,549.0,54.37438098382305,8.714285714285714,0.31500835130596155,-0.5210777041254302,0.06418253467654403,20,4,16,1,39,0,11,7,12,64,82,9,2,3,11
8478851,Alexandre Carrier,D,MTL,79,1456.9,921.5,37.95044272084563,11.664556962025317,0.42866498232427286,0.8928896013891553,0.5679323680437376,122,58,64,0,0,0,40,10,12,194,70,9,4,0,20
8476887,Filip Forsberg,L,NSH,82,1265.1,798.5,37.870524069243544,9.737804878048781,-0.097985584473999,0.3992715021478643,0.05119154151255999,52,16,36,4,1,0,35,22,34,55,140,23,1,3,30
8482740,Wyatt Johnston,C,DAL,82,1180.1,827.5,42.07270570290653,10.091463414634147,-0.37469452222699523,-0.07160451120567224,-0.2837675189205983,47,18,29,8,135,0,16,8,21,85,42,11,0,3,23
8480950,Ilya Lyubushkin,D,DAL,80,1198.6,703.0,35.19105623227099,8.7875,0.18246361440707118,-0.1449702187018717,0.08423346447438831,110,44,66,0,0,0,67,18,18,132,76,8,3,2,15
8479351,Sam Steel,C,DAL,79,947.5,582.5,36.886543535620056,7.3734177215189876,-0.6654606876235262,-0.9587004000493368,-0.7534326013512693,22,5,17,3,55,1,12,12,14,93,57,14,1,2,8
8475168,Matt Duchene,C,DAL,82,1193.5,537.0,26.99622957687474,6.548780487804878,-1.2199687364639717,-1.2278394736374587,-1.2223299576160178,22,11,11,5,121,0,21,11,36,53,28,7,0,2,14
8476539,Jonathan Marchessault,R,NSH,78,1154.3,475.0,24.690288486528633,6.089743589743589,-0.8010815221902555,-0.6712353731657451,-0.7621276774829023,28,5,23,12,3,1,25,20,31,57,66,6,2,1,9
8474149,Evgenii Dadonov,R,DAL,80,1003.0,454.0,27.15852442671984,5.675,-0.6694141743660948,-0.7929399798663155,-0.706471916016161,44,11,33,5,0,0,15,16,30,94,43,6,0,1,8
8477446,Michael McCarron,C,NSH,74,843.7,1371.0,97.49911105843309,18.527027027027028,2.7328294670146573,2.6815330904129655,2.7174405540341495,64,26,38,4,196,10,5,6,16,85,144,13,9,2,10
8474568,Luke Schenn,D,WPG,76,1112.9,1311.0,70.68020487015903,17.25,3.3489199905047404,2.9077634752940793,3.216573035941542,91,49,42,0,0,5,45,7,7,100,292,2,5,0,15
8475158,Ryan O'Reilly,C,NSH,79,1202.4,659.5,32.909181636726544,8.348101265822784,-0.8884545374939461,-0.6405903082044473,-0.8140952687070964,63,16,47,3,149,1,18,12,22,34,16,6,0,4,20
8476856,Mathew Dumba,D,DAL,63,910.2,534.0,35.20105471324983,8.476190476190476,0.183355711148241,-0.25727096583276293,0.05116770805393983,58,27,31,0,0,2,38,14,5,94,65,5,8,3,12
8478438,Tommy Novak,C,PIT,54,642.5,314.0,29.32295719844358,5.814814814814815,-1.0895189652028194,-1.4673858258975023,-1.2028790234112243,33,6,27,5,14,0,13,3,30,73,5,3,0,2,10
8476902,Esa Lindell,D,DAL,80,1470.3,796.5,32.50357069985718,9.95625,-0.057322518154500596,0.2766407124482341,0.042866451026319814,131,69,62,1,0,0,64,10,20,171,45,7,2,3,24
8482062,Cole Smith,R,NSH,71,796.6,852.5,64.2103941752448,12.007042253521126,1.3071073332725172,1.0651688158660568,1.234525778050579,36,14,22,1,4,5,11,10,17,111,150,13,3,2,13
8482146,Luke Evangelista,R,NSH,68,856.6,376.0,26.33667989726827,5.529411764705882,-0.7132552382427926,-0.835662180654651,-0.7499773209663501,16,3,13,4,0,0,6,9,18,77,27,15,1,2,11
8480840,Oskar Bäck,C,DAL,73,742.4,457.5,36.97467672413793,6.267123287671233,-0.6605194327142299,-1.3197646921629103,-0.858293010548834,41,13,28,2,39,0,13,17,23,96,27,6,0,1,10
8474679,Gustav Nyquist,R,MIN,79,1099.3,368.5,20.11279905394342,4.6645569620253164,-1.0452664007375339,-1.0894498610824823,-1.0585214388410182,36,12,24,0,1,0,7,13,33,57,41,8,0,2,12
8478449,Roope Hintz,C,DAL,76,982.2,782.5,47.80085522296884,10.296052631578947,-0.05354141959697205,-0.00483217779229594,-0.03892864705556921,51,19,32,5,128,0,18,15,22,53,48,17,4,2,13
8476925,Colton Sissons,C,NSH,72,862.9,808.0,56.182639935102564,11.222222222222221,0.41638977833191154,0.29744428441464704,0.38070613015673216,61,8,53,1,95,0,9,9,13,60,97,5,2,1,15
8478493,Joel Eriksson Ek,C,MIN,46,686.9,667.5,58.30543019362353,14.51086956521739,0.5354056446896356,1.3707689695799203,0.7860146421567209,38,16,22,2,93,0,14,2,7,49,75,8,1,1,9
8482122,Brock Faber,D,MIN,78,1659.1,482.5,17.449219456331747,6.185897435897436,-1.4005203212199662,-1.0834635487842537,-1.3054032894892522,87,39,48,0,0,1,54,20,21,94,29,8,3,1,26
8480893,Kirill Marchenko,R,CBJ,79,1261.2,477.0,22.692673644148428,6.037974683544304,-0.9076437207173561,-0.6864267215653622,-0.8412786209717579,38,7,31,3,4,0,27,14,29,80,47,13,0,4,30
8476923,Damon Severson,D,CBJ,70,1199.3,499.5,24.98957725339782,7.135714285714286,-0.7277452634636494,-0.740829823459469,-0.7316706314623953,90,59,31,0,0,1,52,10,18,54,38,9,2,3,23
8482451,Mikael Pyyhtia,L,CBJ,47,498.5,236.5,28.4653961885657,5.031914893617022,-0.5996994700193126,-0.9816503587192403,-0.7142847366292908,35,9,26,0,1,0,9,6,8,40,23,1,0,1,7
8474716,Jared Spurgeon,D,MIN,66,1181.5,618.0,31.383834109183244,9.363636363636363,-0.15722903051597448,0.06286326899195764,-0.09120134066359484,105,50,55,1,0,0,29,11,9,95,49,1,0,2,15
8476463,Jonas Brodin,D,MIN,50,1052.2,482.0,27.48526896027371,9.64,-0.5050715949954637,0.16255775460761732,-0.3047827901145394,89,46,43,0,0,0,33,6,11,88,26,1,1,1,18
8471677,Jack Johnson,D,CBJ,41,461.7,201.0,26.12085769980507,4.902439024390244,-0.6268087710380019,-1.5464540052274474,-0.9027023412948355,30,17,13,0,0,0,9,3,4,35,17,1,0,0,6
8479671,Mathieu Olivier,R,CBJ,82,1090.2,1514.5,83.3516785910842,18.46951219512195,2.328193734269608,2.961551019248727,2.518200919763344,76,15,61,6,3,15,19,12,15,70,302,12,17,4,17
8478136,Jake Middleton,D,MIN,67,1324.2,847.0,38.377888536474856,12.64179104477612,0.4668030774965661,1.2454137268053567,0.7003862722892032,130,67,63,0,0,2,46,9,9,76,92,8,6,3,17
8481161,Jake Christiansen,D,CBJ,68,822.0,449.5,32.810218978102185,6.610294117647059,-0.02996236911920785,-0.9303681219012817,-0.30008409495383,62,28,34,0,0,1,30,8,9,96,49,0,2,2,5
8482079,Marco Rossi,C,MIN,82,1297.7,780.0,36.06380519380443,9.512195121951219,-0.7115881447021772,-0.2606618630662916,-0.5763102602114115,50,14,36,5,116,0,24,9,21,66,60,16,0,3,15
8482177,Marat Khusnutdinov,C,BOS,75,795.0,500.5,37.77358490566038,6.673333333333333,-0.6157280318763457,-1.1871888261917791,-0.7871662701709756,45,15,30,0,58,0,13,9,21,64,54,1,1,1,4
8477919,Frederick Gaudreau,C,MIN,82,1040.2,709.5,40.92482214958662,8.652439024390244,-0.4390514953324487,-0.5412627747752103,-0.4697148791652772,51,15,36,2,150,0,16,8,16,49,45,3,0,3,19
8482660,Kent Johnson,C,CBJ,68,967.9,188.0,11.654096497572063,2.764705882352941,-2.0801372118370045,-2.46285808795915,-2.194953474673648,24,3,21,5,0,0,13,18,24,39,3,2,1,3,14
8474037,James van Riemsdyk,L,CBJ,71,821.4,403.5,29.474068663257853,5.683098591549296,-0.545892122268084,-0.7905634852713176,-0.6192935311690541,22,7,15,10,2,1,8,4,23,50,29,10,4,0,5
8475220,Marcus Foligno,L,MIN,77,979.3,1106.0,67.7626876340243,14.363636363636363,1.4966034226837985,1.7567005632325965,1.574632564848438,46,9,37,4,0,9,21,9,16,73,247,11,2,1,14
8478500,Ivan Provorov,D,CBJ,82,1622.3,554.5,20.507920853109784,6.762195121951219,-1.127613111209672,-0.8755718661859335,-1.0520007377025502,94,45,49,2,0,0,71,12,25,129,27,10,4,5,17
8476374,Sean Kuraly,C,CBJ,82,884.7,1023.0,69.3794506612411,12.475609756097562,1.1562791081541637,0.706515747504876,1.0213500999593774,41,7,34,2,131,2,14,8,15,49,159,8,3,4,13
8474567,Zach Bogosian,D,MIN,81,1134.2,511.5,27.058719802503965,6.314814814814815,-0.5431296874597376,-1.0369583285345962,-0.6912782797821951,68,28,40,0,0,1,37,5,18,56,77,1,3,2,16
8484166,Adam Fantilli,C,CBJ,82,1280.2,957.0,44.85236681768474,11.670731707317072,-0.21885068677115335,0.4438255322880153,-0.020047821053402776,58,17,41,5,93,0,26,14,37,91,113,17,1,1,19
8482705,Cole Sillinger,C,CBJ,66,932.6,666.5,42.88012009435985,10.098484848484848,-0.3294262141957228,-0.06931290694069539,-0.2513922220192146,35,8,27,1,89,1,14,6,24,75,69,8,0,3,16
8478460,Zach Werenski,D,CBJ,81,1819.2,650.0,21.437994722955146,8.024691358024691,-1.0446289189016722,-0.42014323417357835,-0.857283213483244,115,56,59,3,0,1,58,19,32,127,17,11,1,5,32
8477451,Ryan Hartman,R,MIN,69,938.7,793.0,50.6871204857782,11.492753623188406,0.585712124816723,0.9142531729650658,0.6842744392612259,45,13,32,3,91,2,22,12,29,55,72,22,6,3,18
8477497,Sean Monahan,C,CBJ,54,805.9,572.0,42.5859287752823,10.592592592592593,-0.345920276467957,0.09195036746049316,-0.21455908328942191,34,14,20,7,131,0,17,11,15,29,30,2,3,0,11
8482475,Egor Chinakhov,R,CBJ,30,408.8,222.0,32.58317025440313,7.4,-0.380037977631383,-0.2867466311317942,-0.35205057368150633,13,3,10,1,0,0,8,3,6,17,46,3,1,2,1
8475750,Jon Merrill,D,MIN,70,924.8,477.0,30.94723183391004,6.814285714285714,-0.19618409456847363,-0.8567808816825693,-0.39436313070270235,79,37,42,0,0,0,47,8,8,112,39,2,1,2,12
8478508,Yakov Trenin,C,MIN,76,856.0,1085.0,76.05140186915888,14.276315789473685,1.5303471773472355,1.2942170224577478,1.4595081308803892,40,15,25,2,5,2,20,10,19,91,235,16,4,3,8
8475692,Mats Zuccarello,R,MIN,69,1126.1,484.0,25.7881182843442,7.0144927536231885,-0.7425181022647226,-0.3998719667868102,-0.6397242616213488,51,18,33,3,1,0,23,10,32,47,32,17,7,2,24
8478864,Kirill Kaprizov,L,MIN,41,785.7,246.5,18.82397861779305,6.012195121951219,-1.1140181622228444,-0.693991615833021,-0.9880101983058973,20,5,15,4,0,0,12,6,30,42,13,9,1,1,10
8481557,Matt Boldy,L,MIN,82,1371.6,661.5,28.937007874015748,8.067073170731707,-0.5745414781049415,-0.0909970646717146,-0.42947815407497336,64,18,46,4,5,1,17,15,36,98,50,11,6,7,24
8479944,Zachary Aston-Reese,C,CBJ,79,962.0,849.5,52.983367983367984,10.753164556962025,0.23702013899931362,0.14435667167255373,0.20922109880128564,56,7,49,4,0,1,19,10,10,60,170,9,4,0,11
8475149,Marcus Johansson,L,MIN,72,1078.5,362.5,20.166898470097358,5.034722222222222,-1.0423804826906258,-0.980826560998855,-1.0239143061830944,30,8,22,1,1,0,16,6,15,72,44,8,0,1,7
8476624,Barclay Goodrow,C,SJS,77,865.0,809.5,56.15028901734104,10.512987012987013,0.4145759992788937,0.06596928017560938,0.3099939835479084,51,15,36,0,21,7,10,16,18,61,146,5,4,2,19
8484227,Will Smith,C,SJS,74,1019.4,177.0,10.417892878163626,2.391891891891892,-2.149445917286293,-2.584534393504388,-2.2799724601517215,13,4,9,3,13,0,16,17,30,37,13,4,0,2,10
8480848,Ty Dellandrea,C,SJS,68,726.9,982.5,81.09781262897235,14.448529411764707,1.8132780727408317,1.3504228459007492,1.674421504688807,52,19,33,1,63,3,9,11,11,90,161,10,2,0,8
8480172,Jan Rutta,D,SJS,54,835.6,434.5,31.19913834370512,8.046296296296296,-0.1737081827831575,-0.41234954164555127,-0.24530059044187563,64,34,30,0,0,0,39,4,8,85,39,5,4,0,9
8475726,Tyler Toffoli,C,SJS,78,1076.5,467.0,26.028797027403623,5.987179487179487,-1.2742085854343497,-1.4111307038353922,-1.3152852209546624,32,3,29,8,1,0,11,14,20,32,49,18,1,2,14
8476879,Cody Ceci,D,DAL,85,1583.6,796.0,30.159131093710535,9.364705882352942,-0.2665009860576045,0.06324908356477395,-0.167575965170891,127,63,64,0,0,0,42,12,15,132,62,9,0,1,19
8482737,Zachary Bolduc,R,STL,72,827.8,645.0,46.75042280744141,8.958333333333334,0.375710101083132,0.17053914767668624,0.31415881506119825,42,14,28,4,0,1,17,13,25,69,103,11,4,3,9
8479316,Luke Kunin,C,CBJ,75,925.7,1118.5,72.49648914335098,14.913333333333334,1.3310382648487817,1.502122152864708,1.3823634312535595,76,27,49,3,44,3,8,11,6,62,186,11,7,1,9
8478013,Jake Walman,D,EDM,65,1153.7,622.5,32.37410071942446,9.576923076923077,-0.06887424764898455,0.1398035982246907,-0.00627089388688197,105,72,33,1,0,0,44,12,11,63,49,7,6,3,15
8481567,Henry Thrun,D,SJS,60,966.9,439.5,27.272727272727273,7.325,-0.5240352502971151,-0.6725475336169768,-0.5685889352930735,54,27,27,0,0,1,26,3,6,101,40,3,0,3,9
8481477,Nico Sturm,C,FLA,62,568.0,658.5,69.55985915492958,10.620967741935484,1.1663938489244496,0.10121124132702265,0.8468390666452216,32,8,24,2,71,2,6,4,10,40,105,3,1,1,3
8484801,Macklin Celebrini,C,SJS,70,1151.6,769.0,40.06599513720042,10.985714285714286,-0.48720229144632204,0.22025455258396914,-0.2749652382372346,56,18,38,5,142,0,40,13,42,60,34,20,2,1,26
8482667,William Eklund,L,SJS,77,1202.8,440.5,21.973727968074492,5.720779220779221,-0.945995674376604,-0.779506277217799,-0.8960488552289625,41,6,35,2,2,1,19,10,32,61,48,14,1,3,9
8477505,Alexander Wennberg,C,SJS,77,1127.0,815.5,43.41614906832298,10.590909090909092,-0.2993733380469917,0.09140091848467989,-0.1821410610874902,75,34,41,0,135,0,6,7,21,57,28,14,0,5,24
8480188,Fabian Zetterlund,L,OTT,84,1212.9,996.5,49.29507791244125,11.863095238095237,0.5114540076306499,1.0229282235305377,0.6648962724006162,94,22,72,4,4,0,9,16,22,85,148,14,0,3,16
8475798,Mikael Granlund,C,DAL,83,1250.8,697.5,33.45858650463703,8.403614457831326,-0.8576517315770411,-0.6224723183074761,-0.7870979075961716,50,18,32,2,107,0,22,18,23,90,49,10,1,2,14
8479983,Mario Ferraro,D,SJS,78,1453.0,964.5,39.82794218857536,12.365384615384615,0.5961815441153867,1.1457038041772254,0.7610382221339382,85,42,43,0,0,3,43,10,16,152,139,5,5,5,31
8477404,Jake Guentzel,C,TBL,80,1285.9,645.0,30.095652850143868,8.0625,-1.046197189983241,-0.7338027620648409,-0.9524788616077209,58,21,37,11,27,0,18,14,37,89,27,14,1,6,17
8473533,Jordan Staal,C,CAR,75,981.5,1095.5,66.96892511462048,14.606666666666667,1.0211311418598545,1.402034527430567,1.1354021575310682,45,22,23,6,187,0,10,3,24,56,134,3,3,2,4
8482655,J.J. Moser,D,TBL,54,908.1,398.5,26.329699372315826,7.37962962962963,-0.6081752430189445,-0.6528406253675364,-0.6215748577235221,51,19,32,0,0,0,25,9,10,91,33,2,2,2,19
8482070,Mitchell Chaffee,R,TBL,66,718.0,745.0,62.25626740947076,11.287878787878787,1.2028649938867042,0.8541335909611182,1.0982455730090284,25,3,22,5,1,1,3,4,17,77,130,13,4,4,6
8476906,Shayne Gostisbehere,D,CAR,70,1045.5,397.0,22.783357245337157,5.671428571428572,-0.9245913327474817,-1.2690513109202581,-1.0279293261993145,51,33,18,1,0,0,30,12,23,49,37,7,3,3,22
8476822,Luke Glendening,C,TBL,77,692.2,995.5,86.29008956948859,12.928571428571429,2.1043870675952423,0.8543500677567886,1.729375967643706,54,19,35,1,192,0,10,4,3,71,102,4,1,1,4
8480829,Jesperi Kotkaniemi,C,CAR,78,986.7,732.5,44.542414107631494,9.39102564102564,-0.23622842353475323,-0.3002082726997544,-0.25542237828425357,34,18,16,5,90,2,27,16,18,105,63,9,5,5,13
8483447,Conor Geekie,C,TBL,52,602.2,618.5,61.62404516771836,11.89423076923077,0.7214663422381546,0.5167695227022546,0.6600572963773846,31,9,22,1,25,0,10,8,9,75,96,10,4,0,8
8480835,Jack Drury,C,COL,72,768.0,678.5,53.0078125,9.42361111111111,0.23839063960010412,-0.28957326511983067,0.08000146818412367,40,14,26,2,127,0,15,8,8,96,43,4,0,2,9
8470613,Brent Burns,D,CAR,82,1385.0,239.5,10.375451263537906,2.9207317073170733,-2.031664748651965,-2.261328415681519,-2.100563848760831,68,30,38,0,0,0,56,16,13,41,7,4,1,1,28
8476958,Jaccob Slavin,D,CAR,80,1476.5,600.0,24.381984422621063,7.5,-0.7819566567183843,-0.6094186241399557,-0.7301952469448557,103,39,64,3,0,0,35,12,24,104,13,3,1,7,43
8478519,Anthony Cirelli,C,TBL,80,1226.7,909.0,44.46074834922964,11.3625,-0.24080707700696638,0.3432271203242863,-0.06559681780759058,66,26,40,7,167,0,17,8,27,82,22,15,4,4,14
8478427,Sebastian Aho,C,CAR,79,1170.5,663.5,34.011106364801364,8.39873417721519,-0.8266742812268011,-0.6240651086280893,-0.7658915294471875,31,15,16,0,124,0,21,15,34,62,51,14,2,3,19
8482093,Seth Jarvis,C,CAR,73,1030.0,681.0,39.66990291262136,9.32876712328767,-0.5094095062555137,-0.3205277527109808,-0.4527449801921538,41,13,28,3,2,0,13,12,26,124,81,15,2,2,16
8474151,Ryan McDonagh,D,TBL,82,1442.3,479.0,19.926506274700134,5.841463414634147,-1.179488796302774,-1.2077135153507483,-1.1879562120171663,112,56,56,0,0,0,56,17,28,82,17,3,3,1,21
8475200,Dmitry Orlov,D,CAR,76,1360.5,517.0,22.800441014332968,6.802631578947368,-0.9230670637429891,-0.8609849551386115,-0.9044424311616759,53,24,29,0,0,0,52,20,19,73,93,10,2,1,18
8477426,Nick Paul,L,TBL,76,1118.1,698.5,37.48323048027905,9.19078947368421,-0.11864565138976779,0.23875233731037443,-0.011426254779725115,39,18,21,4,116,0,18,7,19,64,64,3,0,3,16
8480336,Sean Walker,D,CAR,82,1264.5,835.0,39.62040332147093,10.182926829268293,0.5776642565992435,0.3584113469363268,0.5118883837003685,82,35,47,0,0,0,38,15,9,186,83,8,3,2,38
8478458,Jack Roslovic,C,CAR,81,1001.6,469.0,28.095047923322685,5.790123456790123,-1.1583626418687472,-1.4754444108760967,-1.253487172570952,31,13,18,7,54,0,17,9,31,87,13,6,0,3,14
8478178,Darren Raddysh,D,TBL,73,1123.4,458.5,24.48816094000356,6.280821917808219,-0.7724832451725598,-1.0492208114945454,-0.8555045150691554,64,34,30,0,0,0,35,3,14,110,37,5,0,2,7
8478010,Brayden Point,C,TBL,77,1231.5,583.0,28.404384896467725,7.571428571428571,-1.1410194268678528,-0.8940750659917943,-1.0669361186050352,46,17,29,7,89,1,10,8,13,51,20,8,0,2,13
8479542,Brandon Hagel,L,TBL,82,1328.6,732.0,33.057353605298815,8.926829268292684,-0.35474280095148597,0.16129442409310546,-0.19993163343810855,60,20,40,10,0,0,24,20,36,121,54,21,3,3,18
8482809,Jackson Blake,R,CAR,80,940.1,491.5,31.369003297521537,6.14375,-0.4448073703888463,-0.6553874394493261,-0.5079813911069901,37,9,28,6,0,0,17,9,16,111,18,18,1,3,16
8478416,Erik Cernak,D,TBL,76,1207.0,885.0,43.993371996686,11.644736842105264,0.9678346347448422,0.8857397582105453,0.9432061717845531,77,26,51,0,0,2,18,6,14,94,134,9,8,3,14
8475167,Victor Hedman,D,TBL,79,1461.1,527.0,21.641229210868527,6.670886075949367,-1.0264956819885378,-0.9085103833258424,-0.9911000923897291,113,53,60,0,0,0,63,18,22,79,36,4,4,2,21
8480039,Martin Necas,C,COL,79,1212.8,579.0,28.644459102902374,7.329113924050633,-1.1275594820832604,-0.9731599496786499,-1.0812396223618772,25,10,15,3,11,0,14,10,43,98,61,21,2,1,16
8480246,Nick Perbix,D,TBL,74,1066.4,571.0,32.12678169542386,7.716216216216216,-0.09094084914646039,-0.5314215159057984,-0.2230850491742618,62,31,31,1,0,0,39,11,9,145,50,5,3,3,18
8480830,Andrei Svechnikov,R,CAR,72,998.2,732.0,43.999198557403325,10.166666666666666,0.22894682194379337,0.5251190296404808,0.3177984842527996,26,11,15,2,0,1,20,20,40,70,146,16,7,4,8
8482929,Emil Lilleberg,D,TBL,76,1099.0,886.0,48.37124658780709,11.657894736842104,1.358442734540507,0.8904862927576892,1.2180558020056615,53,22,31,0,0,7,36,14,4,189,109,15,13,2,10
8476921,Jordan Martinook,L,CAR,79,1032.4,612.5,35.59666795815575,7.753164556962025,-0.21928379531582676,-0.18311210954167786,-0.20843228958358206,58,16,42,4,8,0,13,18,18,86,75,6,1,1,15
8480762,Eric Robinson,L,CAR,82,941.4,701.0,44.678138942001276,8.548780487804878,0.26516470464904346,0.05035774109013489,0.20072261558137086,23,12,11,7,2,0,12,13,16,106,122,8,1,2,7
8476878,Zemgus Girgensons,C,TBL,82,826.5,1005.5,72.99455535390199,12.262195121951219,1.3589627295076394,0.6368630389246476,1.1423328223327418,45,11,34,2,18,5,5,6,14,138,168,12,2,1,8
8477478,William Carrier,L,CAR,43,488.7,663.5,81.46101903007981,15.430232558139535,2.2273370349637247,2.069688331025673,2.180042423782309,15,5,10,2,1,0,7,3,8,61,151,7,1,2,9
8476453,Nikita Kucherov,R,TBL,78,1353.4,378.5,16.779961578247374,4.852564102564102,-1.2230556728278974,-1.0342800268475085,-1.1664229790337808,32,3,29,5,0,1,27,21,53,53,19,24,0,3,23
8478970,Jalen Chatfield,D,CAR,79,1346.1,562.5,25.07243146868732,7.120253164556962,-0.7203527429789534,-0.7464072161334917,-0.7281690849253148,53,31,22,1,0,1,44,14,19,155,59,5,0,2,23
8482176,Wyatt Kaiser,D,CHI,57,940.6,615.0,39.23027854560919,10.789473684210526,0.5428560650417183,0.5772150126461557,0.5531637493230496,81,59,22,0,0,0,40,6,9,131,48,5,1,3,19
8476461,Sean Couturier,C,PHI,79,1209.6,922.0,45.73412698412699,11.670886075949367,-0.16941412576018774,0.443875913994041,0.014572886166080878,53,20,33,7,193,1,25,18,32,69,54,10,0,3,21
8480028,Morgan Frost,C,CGY,81,1069.8,819.0,45.93381940549636,10.11111111111111,-0.1582182167725017,-0.06519203962209591,-0.13031036362737997,62,28,34,5,116,0,18,15,21,48,64,9,1,5,27
8473446,Erik Johnson,D,COL,36,463.6,298.5,38.63244176013804,8.291666666666666,0.4895151376349713,-0.3238354622200984,0.24550995767845035,23,10,13,0,0,1,15,6,4,40,55,0,1,4,9
8480068,Ryan Poehling,C,PHI,68,824.8,737.0,53.612997090203685,10.838235294117647,0.27232077849174363,0.17212143713724334,0.24226097608539354,63,19,44,8,127,0,14,10,18,69,25,5,2,4,7
8476872,Scott Laughton,C,TOR,80,1007.1,957.5,57.044980637473934,11.96875,0.46473757217366624,0.541090564626834,0.48764346990961654,51,13,38,3,74,2,23,12,21,38,172,7,6,5,10
8482142,Jamie Drysdale,D,PHI,70,1235.0,419.5,20.380566801619434,5.992857142857143,-1.1389760506951507,-1.153100252697158,-1.143213311295753,93,54,39,0,0,0,52,7,7,75,18,2,1,4,15
8478439,Travis Konecny,R,PHI,82,1360.3,539.5,23.7962214217452,6.579268292682927,-0.8487752767783387,-0.5275865913285654,-0.7524186711434067,28,6,22,1,4,1,19,20,39,68,74,18,8,3,14
8480797,Joel Farabee,L,CGY,81,1057.0,735.5,41.75023651844844,9.080246913580247,0.10897657833593662,0.20631412938184543,0.13817784364970925,60,19,41,5,2,2,14,16,26,92,90,13,3,3,14
8481546,Cam York,D,PHI,66,1234.0,667.0,32.43111831442464,10.106060606060606,-0.06378695380938783,0.3306828849550776,0.054553997819951794,89,48,41,0,0,0,48,16,16,164,56,5,1,2,21
8478454,Noah Juulsen,D,VAN,35,487.1,518.0,63.80619995894067,14.8,2.735599087753736,2.0239587426157835,2.52210698421235,36,23,13,0,0,1,27,6,7,78,88,6,4,0,12
8477903,Garnet Hathaway,R,PHI,67,697.4,1203.5,103.54172641238887,17.96268656716418,3.4052261223759994,2.812825360210802,3.2275058937264403,58,19,39,2,1,2,8,10,7,63,243,23,9,2,5
8480015,Owen Tippett,R,PHI,77,1079.7,763.5,42.428452347874405,9.915584415584416,0.14515580985055532,0.4514400931285237,0.2370410948339458,65,8,57,6,1,0,20,15,17,84,105,10,3,3,24
8481178,Egor Zamula,D,PHI,63,965.5,404.5,25.137234593474883,6.420634920634921,-0.7145707990453768,-0.9987851406422176,-0.7998351015244289,82,47,35,0,0,0,35,5,11,67,22,2,0,2,11
8481553,Bobby Brink,R,PHI,79,1013.7,609.5,36.075762059781,7.715189873417722,-0.19372665602779382,-0.1942556064868515,-0.19388534116551112,36,10,26,6,6,0,14,11,25,75,92,7,0,4,15
8480459,Pius Suter,C,VAN,81,1110.4,626.5,33.85266570605187,7.734567901234568,-0.8355573784577529,-0.8408308438117962,-0.8371394180639659,38,12,26,6,111,0,14,9,16,40,54,3,0,3,9
8484387,Matvei Michkov,R,PHI,80,1108.8,368.5,19.940476190476193,4.60625,-1.0544589151291834,-1.1065597720170512,-1.0700891721955437,23,4,19,6,2,0,21,12,36,61,27,15,5,1,8
8477948,Travis Sanheim,D,PHI,82,1763.8,940.0,31.976414559473866,11.463414634146341,-0.10435709029787762,0.8203301967681884,0.17304909582194217,132,75,57,1,0,0,65,15,37,153,77,11,7,3,37
8477499,Rasmus Ristolainen,D,PHI,63,1109.3,701.0,37.91580275849635,11.126984126984127,0.42557429308943545,0.6989673908713213,0.5075922224240011,76,32,44,1,0,0,27,10,7,110,86,5,3,3,18
8482159,Tyson Foerster,R,PHI,81,1133.7,628.5,33.26276792802329,7.7592592592592595,-0.34378503202922794,-0.18132364706899545,-0.29504661654115816,51,6,45,8,0,1,13,15,10,81,73,13,0,2,11
8480058,Pierre-Olivier Joseph,D,PIT,47,670.6,270.5,24.202206978824933,5.75531914893617,-0.7979969804521315,-1.2387889070719598,-0.9302345584380799,27,10,17,0,0,1,34,7,10,54,34,5,4,2,16
8482125,Alexander Holtz,R,VGK,53,585.4,276.5,28.339596856850015,5.216981132075472,-0.6064101997738484,-0.9273435187291045,-0.7026901954604252,18,3,15,1,0,0,7,8,17,59,38,4,1,2,1
8475810,Bryan Rust,R,PIT,71,1124.9,531.0,28.322517557116186,7.47887323943662,-0.6073212901854372,-0.2636016402935553,-0.5042053952178727,43,12,31,10,1,0,13,12,22,55,61,7,1,2,11
8481607,Albert Johansson,D,DET,61,969.3,631.5,39.09006499535747,10.352459016393443,0.5303457595751103,0.4195678160475552,0.49711237651684376,70,41,29,1,0,0,37,5,11,118,65,8,4,3,11
8475718,Justin Holl,D,DET,73,995.0,447.0,26.954773869346734,6.123287671232877,-0.5524040790821882,-1.1060491840178912,-0.7184976105628991,63,27,36,0,0,0,50,4,9,152,32,2,2,0,8
8474141,Patrick Kane,R,DET,72,1079.6,151.5,8.419785105594665,2.1041666666666665,-1.669026921188723,-1.8407846655317373,-1.7205542444916273,21,3,18,2,1,0,21,19,25,16,19,7,0,2,9
8471214,Alex Ovechkin,L,WSH,65,881.1,403.5,27.47701736465781,6.207692307692308,-0.6524242587116906,-0.6366238621411623,-0.6476841397405321,13,2,11,4,0,0,11,6,19,25,102,0,1,0,5
8480796,Martin Fehérváry,D,WSH,81,1290.5,922.5,42.89035257652073,11.38888888888889,0.8694196822877095,0.7934460309049587,0.8466275868728843,99,49,50,1,0,1,39,5,12,150,130,3,3,0,10
8478440,Dylan Strome,C,WSH,82,1177.8,612.5,31.20224146714213,7.469512195121951,-0.9841554492012734,-0.9273377880484746,-0.9671101508554337,51,22,29,11,75,0,12,13,33,34,22,9,4,3,14
8479345,Jakob Chychrun,D,WSH,74,1383.8,603.5,26.167076167076168,8.155405405405405,-0.6226850102265695,-0.3729898898051662,-0.5477764741001485,73,33,40,1,0,0,54,10,13,119,54,9,6,3,29
8479400,Pierre-Luc Dubois,L,WSH,82,1235.6,1148.0,55.74619617999353,14.0,0.8555870862223189,1.6499931379394168,1.0939089017374481,65,26,39,8,196,0,16,7,32,92,57,24,7,0,13
8476880,Tom Wilson,R,WSH,81,1161.2,1160.5,59.96383052015156,14.32716049382716,1.0805755966876887,1.7459968863127557,1.2802019835752088,74,13,61,8,0,3,25,13,41,68,202,24,9,1,12
8475343,Nic Dowd,C,WSH,82,1030.8,1280.0,74.50523864959254,15.609756097560975,1.4436603488353368,1.7294155249402254,1.5293869016668034,54,23,31,6,226,0,20,3,21,107,115,11,2,7,18
8479390,Taylor Raddysh,R,WSH,80,944.0,396.5,25.201271186440678,4.95625,-0.7738232946497247,-1.003853875172366,-0.842832468806517,36,12,24,2,1,0,16,7,19,44,59,7,0,1,10
8479520,Brandon Duhaime,R,WSH,82,908.3,969.0,64.00968842893317,11.817073170731707,1.2964007420266763,1.009423258664201,1.2103074970179337,61,14,47,4,7,9,8,14,11,90,151,12,8,5,6
8477845,Trevor van Riemsdyk,D,WSH,82,1316.5,531.0,24.200531712875048,6.475609756097561,-0.7981464530867894,-0.9789537040054453,-0.8523886283623862,135,53,82,1,0,0,36,10,10,52,8,2,2,0,22
8478233,Andrew Mangiapane,L,WSH,81,944.3,537.0,34.12051254897808,6.62962962962963,-0.29802888792948345,-0.5128082876788268,-0.36246270785428647,40,9,31,3,2,0,11,9,23,52,73,14,3,3,7
8474590,John Carlson,D,WSH,79,1399.9,492.5,21.10865061790128,6.234177215189874,-1.0740140628514105,-1.0660472641184087,-1.07162402323151,93,44,49,0,0,0,61,17,17,74,40,8,3,0,28
8480873,Rasmus Sandin,D,WSH,82,1456.9,909.5,37.45624270711785,11.091463414634147,0.3845708621608707,0.686153768959886,0.4750457342005753,119,49,70,0,0,1,38,3,28,151,87,6,5,1,24
8481656,Aliaksei Protas,C,WSH,76,1120.8,440.0,23.554603854389722,5.7894736842105265,-1.4129261261054584,-1.4756564789018491,-1.4317452319443755,37,14,23,9,1,0,19,5,26,74,19,14,0,2,13
8481580,Connor McMichael,C,WSH,82,1175.8,501.0,25.565572376254465,6.109756097560975,-1.300179631303565,-1.371125045573928,-1.3214632555846737,47,13,34,12,5,0,15,17,26,57,36,8,1,2,15
8480878,Nils Lundkvist,D,DAL,39,574.1,250.5,26.1801079951228,6.423076923076923,-0.6215222684704482,-0.9979042209216242,-0.734436854205801,33,16,17,0,0,0,23,4,4,74,23,1,0,1,5
8480880,Jakub Lauko,C,BOS,56,549.0,594.5,64.97267759562843,10.616071428571429,0.909209991391211,0.099613218355317,0.6663309594804427,38,9,29,0,1,5,11,6,8,49,115,5,5,2,4
8480220,Noah Cates,L,PHI,78,1039.7,914.0,52.74598441858228,11.717948717948717,0.6955416387416089,0.9803356420290134,0.7809798397278302,45,15,30,7,150,0,11,7,12,61,83,9,0,4,14
8483808,Andrei Kuzmenko,L,LAK,66,848.5,329.0,23.26458456098998,4.984848484848484,-0.8771352946848036,-0.9954617807873295,-0.9126332405155613,27,7,20,1,0,0,12,11,26,61,19,13,2,3,18
8474641,Adam Henrique,C,EDM,81,985.6,797.5,48.54910714285714,9.845679012345679,-0.01159010097664663,-0.1518218281419845,-0.05365961912624799,75,13,62,3,140,0,17,10,26,48,54,4,2,4,13
8476458,Ryan Strome,C,ANA,82,1154.5,722.5,37.5487223906453,8.810975609756097,-0.62833512149741,-0.48952076268704103,-0.5866908138542992,34,9,25,5,156,1,22,7,27,31,51,9,6,1,13
8483445,Cutter Gauthier,L,ANA,82,1025.6,492.5,28.812402496099846,6.0060975609756095,-0.581188516731866,-0.6957809171717786,-0.6155662368638397,47,6,41,3,3,0,31,14,28,71,68,8,1,4,17
8475764,Cam Fowler,D,STL,68,1277.2,326.0,15.31475101785155,4.794117647058823,-1.5909644839009864,-1.5855294933644843,-1.5893339867400358,67,41,26,1,0,0,32,5,21,61,8,1,1,2,14
8475462,Radko Gudas,D,ANA,81,1407.2,1311.5,55.91955656623081,16.191358024691358,2.031927311581739,2.5258725414207412,2.1801108805334395,137,67,70,0,0,2,72,12,16,108,232,12,12,3,12
8480806,Isac Lundeström,C,ANA,79,863.6,730.5,50.75266327003242,9.246835443037975,0.11195396584339022,-0.3472680157240939,-0.025812628626855003,58,22,36,0,142,0,10,4,9,52,44,8,0,1,12
8478873,Troy Terry,R,ANA,77,1219.5,398.5,19.60639606396064,5.175324675324675,-1.0722803249477502,-0.9395674151575687,-1.0324664520106956,32,6,26,2,5,0,10,8,36,64,6,25,2,2,17
8483490,Pavel Mintyukov,D,ANA,68,1078.0,582.5,32.42115027829313,8.566176470588236,-0.06467633416302289,-0.22480972186398648,-0.11271635047331197,77,29,48,1,0,0,29,8,22,67,77,4,3,2,10
8477952,Robby Fabbri,C,ANA,44,622.7,440.0,42.39601734382528,10.0,-0.3565678067434354,-0.10145567202577009,-0.2800341663281358,31,6,25,3,16,0,9,5,11,44,56,6,2,2,12
8473986,Alex Killorn,L,ANA,82,1096.1,467.0,25.563361007207373,5.695121951219512,-0.7545077156168778,-0.7870352854484154,-0.764265986566339,25,9,16,1,2,0,17,11,26,68,76,9,5,2,7
8481517,Brett Leason,R,ANA,62,665.3,456.5,41.169397264392,7.362903225806452,0.07799187268099415,-0.2976325095992033,-0.03469544200306508,39,9,30,1,16,0,9,8,11,63,62,5,1,1,3
8475208,Brian Dumoulin,D,NJD,80,1387.0,745.0,32.22782984859409,9.3125,-0.08192500680649555,0.04441650972919184,-0.04402255184578933,85,39,46,1,0,0,30,8,10,134,68,11,2,1,24
8482803,Olen Zellweger,D,ANA,62,1022.0,492.0,28.88454011741683,7.935483870967742,-0.38022410646779686,-0.4523236420312395,-0.40185396713682964,64,29,35,1,0,0,38,8,9,118,36,9,0,1,15
8482745,Mason McTavish,C,ANA,76,1088.7,882.0,48.60843207495177,11.605263157894736,-0.008264003091321265,0.42245838559573484,0.12095271351479556,33,13,20,6,141,0,8,9,24,42,68,21,8,2,14
8481533,Trevor Zegras,C,ANA,57,828.7,343.0,24.8340774707373,6.017543859649122,-1.3411914550421218,-1.4012206018627282,-1.3592001990883036,27,6,21,3,22,0,15,8,23,33,46,2,1,1,12
8478366,Frank Vatrano,R,ANA,81,1149.1,902.5,47.12383604560091,11.141975308641975,0.39562972461275464,0.8113188832817559,0.520336472213455,61,12,49,2,2,0,17,8,21,51,160,19,10,0,11
8479336,Carl Grundstrom,R,SJS,56,527.0,729.0,82.99810246679317,13.017857142857142,2.3093323159662433,1.3617878151609626,2.025068965724659,25,8,17,2,1,0,11,10,14,69,171,5,2,1,4
8484153,Leo Carlsson,C,ANA,76,1010.2,497.0,29.518907147099583,6.5394736842105265,-1.078532880822399,-1.2308769601770475,-1.1242361046287934,37,11,26,2,89,0,18,7,16,35,21,13,1,4,13
8480990,Declan Chisholm,D,MIN,66,1052.5,393.5,22.43230403800475,5.962121212121212,-0.9559134328646003,-1.16418782863499,-1.0183957515957172,64,32,32,0,0,0,50,15,13,109,33,1,0,2,21
8479372,Joshua Mahura,D,SEA,64,840.1,590.5,42.17355076776574,9.2265625,0.8054643115660955,0.013415705968154668,0.5678497298867132,47,25,22,0,0,0,27,4,8,129,87,3,1,1,9
8482679,Matt Coronato,R,CGY,77,1161.8,463.0,23.91117231881563,6.012987012987013,-0.8426432537003105,-0.6937592390357796,-0.7979780493009512,34,2,32,3,3,1,15,8,20,92,35,13,1,6,14
8479442,Troy Stecher,D,EDM,66,869.1,460.0,31.756989989644463,6.96969696969697,-0.12393485857003728,-0.8007183498278986,-0.32696990594739567,65,31,34,0,0,1,31,7,10,113,34,2,2,2,9
8480001,Urho Vaakanainen,D,NYR,51,791.1,339.0,25.71103526734926,6.647058823529412,-0.6633744510873723,-0.9171057459607309,-0.7394938395493798,46,22,24,0,0,0,28,3,7,76,16,8,5,0,10
8480871,Adam Boqvist,D,NYI,35,419.6,128.0,18.303145853193517,3.657142857142857,-1.3243302522033664,-1.9956779424516855,-1.5257345592778622,17,8,9,1,0,0,13,4,3,31,12,1,0,1,3
8478854,Ryan Shea,D,PIT,39,585.8,304.0,31.13690679412769,7.794871794871795,-0.17926068247720528,-0.5030475678783084,-0.2763967480975362,43,25,18,0,0,0,18,4,10,60,20,3,1,2,11
8479591,Michael Eyssimont,C,SEA,77,811.6,777.5,57.47905372104485,10.097402597402597,0.4890742130153083,-0.06966612413943224,0.3214521118688861,31,9,22,1,0,3,5,5,23,115,109,19,8,2,10
8476438,Brandon Saad,L,VGK,72,972.3,293.0,18.080839247145942,4.069444444444445,-1.153660721673316,-1.264082903487174,-1.1867873762174732,24,7,17,4,3,0,10,15,26,55,12,10,0,0,21
8481704,Juuso Parssinen,C,NYR,48,475.5,516.5,65.17350157728706,10.760416666666666,0.920469342175665,0.14672356223687577,0.6883456081940281,33,14,19,3,24,1,8,2,6,41,84,1,3,1,3
8482145,Mavrik Bourque,C,DAL,73,837.3,626.5,44.89430311716231,8.582191780821917,-0.21649949592970047,-0.5641895567384089,-0.320806514172313,41,16,25,4,62,0,13,6,18,102,41,11,0,3,9
8475225,Craig Smith,C,DET,59,623.8,374.0,35.97306829111895,6.338983050847458,-0.7166753788461915,-1.2963116278349711,-0.8905662535428254,32,5,27,2,1,0,12,8,16,38,56,5,1,2,14
8482175,JJ Peterka,R,BUF,77,1175.2,311.0,15.878148400272295,4.038961038961039,-1.2711626416323698,-1.273028119198755,-1.2717222849022853,16,2,14,5,0,0,23,9,40,60,26,12,2,2,15
8477971,Andreas Englund,D,NSH,35,445.2,420.5,56.671159029649594,12.014285714285714,2.0989877090250952,1.0190495713489163,1.7750062677222416,37,26,11,0,0,6,17,3,3,42,73,1,1,3,3
8480043,Timothy Liljegren,D,SJS,68,1167.2,661.5,34.004455106237145,9.727941176470589,0.07659123240793703,0.1942813578574145,0.11189827004278026,95,47,48,0,0,0,43,6,8,121,54,8,6,1,11
8480879,Jacob Bernard-Docker,D,BUF,40,539.6,343.0,38.13936249073387,8.575,0.4455210138971152,-0.22162675163825465,0.2453766842365042,50,25,25,0,0,1,21,0,1,68,29,3,1,0,3
8479941,Justin Danforth,R,CBJ,61,752.2,833.0,66.44509438978994,13.655737704918034,1.426316783892723,1.5489709443216937,1.4631130320214143,36,16,20,5,93,0,6,6,13,59,125,1,2,2,5
8482117,Lukas Reichel,L,CHI,70,747.3,406.5,32.63749498193497,5.807142857142857,-0.3771400404127742,-0.754163263710669,-0.4902470074021426,31,7,24,5,45,0,7,8,17,59,23,2,0,1,12
8478424,Jansen Harkins,C,ANA,62,578.2,704.0,73.05430646835005,11.35483870967742,1.36231272163396,0.3407266843803233,1.055836910457869,35,7,28,1,28,1,15,8,14,41,128,13,5,1,12
8481743,Marc Del Gaizo,D,NSH,46,726.1,468.0,38.67235917917642,10.173913043478262,0.4930766985876193,0.355159744266703,0.4517016122913444,48,26,22,0,0,1,30,3,5,71,69,1,2,4,15
8483464,Marco Kasper,C,DET,77,1059.7,983.0,55.657261489100684,12.766233766233766,0.3869340322139909,0.8013674879462253,0.5112640689336612,50,19,31,7,74,0,18,5,20,72,155,9,1,3,5
8481593,Jayden Struble,D,MTL,56,809.3,677.5,50.22859261089831,12.098214285714286,1.524161140959479,1.0493256809960594,1.3817105029704533,50,22,28,1,0,2,29,8,13,90,118,3,4,1,21
8479378,Logan Stanley,D,WPG,63,902.8,652.0,43.33185644661055,10.34920634920635,0.9088120824487322,0.4183944598623388,0.7616867956728142,64,29,35,0,0,4,33,9,12,114,83,4,9,1,9
8482144,Jack Thompson,D,SJS,31,440.6,240.5,32.75079437131185,7.758064516129032,-0.03526442431890557,-0.5163253014088647,-0.1795826874458933,51,26,25,1,0,0,21,7,7,42,12,0,1,0,5
8481605,Jackson LaCombe,D,ANA,75,1344.7,747.0,33.330854465680076,9.96,0.016490409336675647,0.27799347479417036,0.09494132897392406,96,52,44,5,0,0,44,9,16,130,60,7,3,3,20
8476372,Nick Seeler,D,PHI,77,1206.6,1125.0,55.942317255096974,14.61038961038961,2.0339580936982675,1.9555593304922578,2.0104384647364646,175,100,75,0,0,2,59,7,17,107,119,8,7,6,15
8479324,Ryan Lindgren,D,COL,72,1237.9,770.5,37.3455044833993,10.70138888888889,0.374690440453685,0.5454396008166613,0.4259151885625778,96,50,46,1,0,0,37,7,22,126,70,10,9,0,11
8482742,Zachary L'Heureux,L,NSH,62,684.8,901.5,78.98656542056077,14.540322580645162,2.095338007328605,1.8085483243125489,2.0093011024237883,27,8,19,3,0,4,11,5,15,72,194,9,6,2,12
8481527,Kaedan Korczak,D,VGK,40,591.2,374.0,37.95669824086603,9.35,0.4292231200090204,0.05794413318855338,0.31783942396288023,39,27,12,0,0,0,21,8,7,69,59,0,0,0,7
8476897,Oskar Sundqvist,C,STL,67,743.4,722.0,58.272800645682004,10.776119402985074,0.5335762440215605,0.15184850655511897,0.41905792278162796,46,12,34,2,85,0,11,12,16,58,74,12,3,4,11
8481059,Scott Perunovich,D,NYI,35,522.1,216.5,24.880291131967056,6.185714285714286,-0.7374961239183289,-1.083529617763298,-0.8413061720718196,34,24,10,0,0,0,16,4,8,38,15,3,0,0,9
8482684,Luke Hughes,D,NJD,71,1358.8,380.5,16.801589637915807,5.359154929577465,-1.4583039437237988,-1.381699850740134,-1.4353227158286992,52,28,24,0,0,0,47,9,21,121,17,5,0,5,25
8477488,Brett Pesce,D,NJD,72,1367.7,572.0,25.0932221978504,7.944444444444445,-0.7184977270248124,-0.44909123499196546,-0.6376757794149583,96,50,46,1,0,1,43,8,9,104,23,9,3,2,21
8475760,Nick Bjugstad,C,UTA,66,764.4,722.0,56.671899529042385,10.93939393939394,0.4438204932661072,0.2051368564780218,0.3722154022296816,38,6,32,3,60,0,12,5,18,65,102,9,2,1,11
8479026,Philippe Myers,D,TOR,36,546.7,401.5,44.06438631790744,11.152777777777779,0.9741707616697303,0.708272105420089,0.8944011647948379,34,15,19,1,0,1,32,8,4,58,75,2,3,1,10
8477810,Joel Hanley,D,CGY,53,910.4,538.0,35.45694200351494,10.150943396226415,0.20618680101432135,0.34687375122624053,0.24839288607789708,77,44,33,0,0,1,39,8,16,107,54,5,1,1,5
8481068,Yegor Sharangovich,C,CGY,73,1006.7,324.0,19.310618853680342,4.438356164383562,-1.650868404972207,-1.9166243405603718,-1.7305951856486566,37,7,30,2,25,0,17,10,18,63,12,5,1,0,15
8478115,Pierre Engvall,L,NYI,62,727.6,291.5,24.03793293018142,4.701612903225806,-0.8358812447548408,-1.0785759648698532,-0.9086896607893444,17,6,11,2,3,0,10,8,18,40,47,3,2,2,5
8479395,Dennis Cholowski,D,NJD,39,460.7,125.5,16.344692858693293,3.217948717948718,-1.4990697489153915,-2.1541113542003996,-1.6955822305008938,32,15,17,0,0,0,23,6,7,31,5,0,1,0,7
8476448,William Karlsson,C,VGK,53,751.2,490.0,39.13738019169329,9.245283018867925,-0.5392658016346839,-0.3477746845790295,-0.48181846651798754,35,7,28,3,106,0,17,13,13,60,16,7,0,1,9
8482126,Emil Andrae,D,PHI,42,659.9,374.5,34.05061372935293,8.916666666666666,0.08070965373069687,-0.09837507123073715,0.026984236242266663,44,25,19,0,0,0,24,8,10,81,40,2,2,0,13
8482859,Zack Ostapchuk,C,SJS,56,500.4,678.5,81.35491606714629,12.116071428571429,1.827692774483029,0.5891722558049202,1.4561366188795963,29,11,18,0,35,3,4,6,8,55,109,10,7,0,8
8477392,Hudson Fasching,R,NYI,43,473.1,231.0,29.296131896005072,5.372093023255814,-0.5553841087686792,-0.8818266447435267,-0.6533168695611333,20,4,16,1,0,0,9,8,10,43,28,4,0,2,7
8475413,Justin Dowling,C,NJD,52,524.4,423.0,48.39816933638444,8.134615384615385,-0.02005254503176436,-0.7102662698797636,-0.22711666248616413,27,13,14,0,39,0,7,9,13,56,51,1,1,4,10
8481481,Blake Lizotte,C,PIT,59,669.9,564.0,50.51500223914017,9.559322033898304,0.098629317599141,-0.2452809259657667,-0.004543755470331312,34,12,22,2,71,0,8,17,9,72,57,3,4,0,8
8477931,Tomas Nosek,L,FLA,59,510.6,583.0,68.50763807285546,9.88135593220339,1.536342593054093,0.44139590146200447,1.2078585855764663,26,9,17,0,65,0,6,5,9,58,82,7,1,1,4
8481716,Dmitri Voronkov,L,CBJ,73,1069.2,538.5,30.218855218855218,7.376712328767123,-0.506161694202524,-0.2935802915872137,-0.4423872734179309,64,23,41,7,3,1,14,14,24,33,69,2,2,1,9
8480196,Jacob Bryson,D,BUF,48,644.8,293.5,27.310794044665013,6.114583333333333,-0.5206388100514049,-1.1091891574997066,-0.6972039142858953,46,32,14,0,0,0,26,2,5,80,13,3,0,0,8
8476918,Jimmy Vesey,L,COL,43,446.8,176.0,23.634735899731425,4.093023255813954,-0.857389676256659,-1.2571638092922108,-0.9773219161673246,13,3,10,2,0,0,12,4,7,9,32,4,0,3,4
8483448,Isaiah George,D,NYI,33,511.7,249.5,29.255423099472345,7.5606060606060606,-0.34713272985297333,-0.587555798347048,-0.4192596504011957,32,21,11,0,0,0,20,2,4,81,14,0,1,3,3
8482201,Gage Goncalves,C,TBL,60,739.2,475.0,38.55519480519481,7.916666666666667,-0.5719064725049184,-0.7813987795946633,-0.6347541646318419,20,2,18,0,1,0,11,7,16,101,71,8,0,3,15
8477476,Artturi Lehkonen,L,COL,69,1181.0,482.0,24.487722269263337,6.9855072463768115,-0.811887359732686,-0.40837763112177383,-0.6908344411494123,51,27,24,8,0,0,7,15,26,67,26,9,2,2,8
8478911,Matt Roy,D,WSH,69,1241.7,741.5,35.82991060642667,10.746376811594203,0.23946426345288993,0.5616683922453641,0.3361255020906322,92,37,55,0,0,1,59,8,16,133,99,5,6,1,12
8482726,Samuel Helenius,C,LAK,50,432.0,650.5,90.34722222222221,13.01,2.33185332605157,0.8809261297897668,1.8965751671730289,20,8,12,1,41,3,9,5,8,30,150,0,1,1,3
8480980,Connor Dewar,C,PIT,48,477.8,625.5,78.5475094181666,13.03125,1.6702933643408548,0.8878615494869696,1.4355638198846892,31,3,28,3,14,2,8,11,17,45,123,7,2,2,4
8477851,Jordan Oesterle,D,NSH,37,607.1,355.5,35.13424477021908,9.608108108108109,0.17739471241437435,0.15105318114307914,0.1694922530329858,57,42,15,0,0,0,26,13,10,73,25,2,1,0,13
8478057,Dakota Joshua,C,VAN,57,678.3,871.5,77.08978328173376,15.289473684210526,1.588564828823299,1.624884091612304,1.5994606076600002,31,6,25,4,7,2,8,9,16,66,190,5,4,3,8
8477501,Valeri Nichushkin,R,COL,43,662.3,302.0,27.359202778197194,7.023255813953488,-0.6587090444899368,-0.39730048687158864,-0.5802864772044323,17,3,14,3,0,0,8,3,24,38,53,3,0,0,5
8481563,Drew Helleson,D,ANA,56,860.5,682.5,47.588611272515976,12.1875,1.2886134859003446,1.0815343082802535,1.2264897326143172,66,31,35,0,0,1,27,9,6,97,95,6,7,2,11
8479421,Jacob Moverare,D,LAK,49,571.0,408.5,42.9246935201401,8.33673469387755,0.8724836921064368,-0.307577774162362,0.5184652522257972,59,29,30,0,0,0,16,1,7,83,31,1,1,1,6
8476913,Devin Shore,C,MIN,55,466.2,466.5,60.03861003861004,8.481818181818182,0.6325777039530581,-0.5969487584141562,0.26371976524289387,36,7,29,0,19,0,6,3,4,48,75,4,0,0,7
8481806,Louis Crevier,D,CHI,32,503.2,408.0,48.64864864864865,12.75,1.3831934416723382,1.2844486601706786,1.3535700072218402,46,20,26,0,0,0,22,1,5,57,65,2,1,1,3
8482768,Fedor Svechkov,C,NSH,52,583.5,346.0,35.57840616966581,6.653846153846154,-0.7388024138251673,-1.1935489094133462,-0.875226362501621,32,12,20,1,23,0,12,6,22,53,31,7,0,0,5
8483565,Nick Blankenburg,D,NSH,60,968.3,533.5,33.057936589899825,8.891666666666667,-0.007860204332112448,-0.10739348687031108,-0.03772018909357204,59,40,19,1,0,0,32,3,9,115,44,9,0,2,15
8479339,Patrik Laine,L,MTL,52,590.0,239.0,24.305084745762713,4.596153846153846,-0.821630106745209,-1.1095224421183405,-0.9079978073571484,28,3,25,0,1,0,14,3,16,39,25,5,1,2,8
8481592,Jakob Pelletier,L,PHI,49,523.8,322.0,36.884306987399775,6.571428571428571,-0.15059505564764739,-0.5298871216212538,-0.2643826754397293,16,2,14,5,1,0,10,5,10,44,47,4,1,0,9
8479387,Keaton Middleton,D,COL,41,441.2,375.0,50.99728014505893,9.146341463414634,1.5927459235533097,-0.015522960070418784,1.110265258466191,35,14,21,0,0,2,18,3,2,31,69,2,4,0,6
8482166,Shakir Mukhamadullin,D,SJS,30,486.4,252.5,31.14720394736842,8.416666666666666,-0.17834193723292066,-0.27874338402222615,-0.2084623712697123,38,21,17,0,0,0,22,6,5,46,25,3,2,0,5
8483425,Lian Bichsel,D,DAL,38,546.2,724.5,79.58623214939581,19.06578947368421,4.14354448690453,3.5627852428000124,3.969316713673175,22,10,12,1,0,1,17,4,1,112,148,6,5,2,2
8483493,Frank Nazar,C,CHI,53,719.0,400.0,33.379694019471486,7.547169811320755,-0.8620748993551114,-0.9019924628238633,-0.8740501683957369,33,5,28,0,51,0,12,17,12,56,26,13,0,0,8
8481006,Tyler Tucker,D,STL,38,517.6,527.5,61.14760432766615,13.881578947368421,2.4983906054085936,1.692650631225101,2.256668613153546,35,19,16,0,0,7,15,6,7,80,78,3,5,1,12
8483485,Denton Mateychuk,D,CBJ,45,738.1,437.0,35.52364178295624,9.71111111111111,0.2121379705972044,0.18821013687129529,0.20495962047943164,57,24,33,0,0,0,23,7,4,110,26,4,1,1,18
8484321,Nikolas Matinpalo,D,OTT,41,515.6,313.0,36.423584173778124,7.634146341463414,0.2924337351029859,-0.5610271255861418,0.036395476896247614,29,17,12,1,0,0,24,0,7,105,25,2,0,1,6
8476994,Vinnie Hinostroza,C,MIN,38,449.6,249.0,33.229537366548044,6.552631578947368,-0.8704935474364867,-1.2265825826555599,-0.9773202580022086,14,5,9,1,1,0,10,6,14,42,40,4,0,2,6
8484911,Collin Graf,R,SJS,33,418.1,128.0,18.36881128916527,3.878787878787879,-1.138298934575582,-1.3200301993874175,-1.1928183140191326,16,5,11,0,0,0,9,2,1,18,17,2,0,1,4
8478146,Matthew Highmore,C,OTT,41,401.6,357.5,53.4113545816733,8.71951219512195,0.26101553636951474,-0.5193719235071389,0.02689929840651864,28,10,18,1,0,0,6,3,11,42,49,9,1,0,4
8478507,John Marino,D,UTA,35,660.8,221.5,20.111985472154966,6.328571428571428,-1.162939743706248,-1.0319958141085872,-1.1236565648269496,36,19,17,0,0,0,20,4,5,62,9,2,0,1,8
8482807,Ethan Del Mastro,D,CHI,24,432.1,236.0,32.77019208516547,9.833333333333334,-0.033533697686372516,0.23230016888699306,0.04621646228563715,20,11,9,0,0,0,17,5,3,46,40,2,0,2,4
8477950,Tony DeAngelo,D,NYI,35,699.2,179.5,15.403318077803203,5.128571428571429,-1.5830622449783898,-1.4648797648081604,-1.547607500927321,38,19,19,0,0,0,28,2,11,27,17,3,0,1,4
8474563,Drew Doughty,D,LAK,30,601.2,205.5,20.508982035928142,6.85,-1.1275184290538478,-0.8438974307688916,-1.042432129568361,39,17,22,0,0,0,31,2,13,41,24,0,1,2,3
