player_id,name,position,team,month,weighted_total,games_in_month,raw_grit_per_game
8448208,Jaromir Jagr,R,FLA,2016-10,40.0,9,4.4444
8448208,Jaromir Jagr,R,FLA,2016-11,83.5,14,5.9643
8448208,Jaromir Jagr,R,FLA,2016-12,93.5,15,6.2333
8448208,Jaromir Jagr,R,FLA,2017-01,61.0,13,4.6923
8448208,Jaromir Jagr,R,FLA,2017-02,48.5,11,4.4091
8448208,Jaromir Jagr,R,FLA,2017-03,81.0,15,5.4
8448208,Jaromir Jagr,R,FLA,2017-04,27.5,5,5.5
8462038,Shane Doan,R,ARI,2016-10,83.0,8,10.375
8462038,Shane Doan,R,ARI,2016-11,148.5,13,11.4231
8462038,Shane Doan,R,ARI,2016-12,189.5,16,11.8438
8462038,Shane Doan,R,ARI,2017-01,79.5,12,6.625
8462038,Shane Doan,R,ARI,2017-02,99.0,13,7.6154
8462038,Shane Doan,R,ARI,2017-03,38.0,9,4.2222
8462038,Shane Doan,R,ARI,2017-04,23.0,3,7.6667
8462042,Jarome Iginla,R,LAK,2016-10,70.5,7,10.0714
8462042,Jarome Iginla,R,LAK,2016-11,95.0,14,6.7857
8462042,Jarome Iginla,R,LAK,2016-12,134.0,15,8.9333
8462042,Jarome Iginla,R,LAK,2017-01,86.5,11,7.8636
8462042,Jarome Iginla,R,LAK,2017-02,111.5,14,7.9643
8462042,Jarome Iginla,R,LAK,2017-03,191.0,14,13.6429
8462042,Jarome Iginla,R,LAK,2017-04,43.5,5,8.7
8464989,Matt Cullen,C,PIT,2016-10,175.5,9,19.5
8464989,Matt Cullen,C,PIT,2016-11,151.0,14,10.7857
8464989,Matt Cullen,C,PIT,2016-12,200.5,15,13.3667
8464989,Matt Cullen,C,PIT,2017-01,81.5,5,16.3
8464989,Matt Cullen,C,PIT,2017-02,154.0,12,12.8333
8464989,Matt Cullen,C,PIT,2017-03,173.0,13,13.3077
8464989,Matt Cullen,C,PIT,2017-04,27.5,4,6.875
8465009,Zdeno Chara,D,BOS,2016-10,144.5,8,18.0625
8465009,Zdeno Chara,D,BOS,2016-11,173.5,11,15.7727
8465009,Zdeno Chara,D,BOS,2016-12,241.0,14,17.2143
8465009,Zdeno Chara,D,BOS,2017-01,154.5,14,11.0357
8465009,Zdeno Chara,D,BOS,2017-02,143.5,9,15.9444
8465009,Zdeno Chara,D,BOS,2017-03,189.5,14,13.5357
8465009,Zdeno Chara,D,BOS,2017-04,86.0,5,17.2
8465058,Michal Rozsival,D,CHI,2016-10,63.5,3,21.1667
8465058,Michal Rozsival,D,CHI,2016-11,68.5,5,13.7
8465058,Michal Rozsival,D,CHI,2016-12,77.5,4,19.375
8465058,Michal Rozsival,D,CHI,2017-01,20.5,2,10.25
8465058,Michal Rozsival,D,CHI,2017-02,32.0,2,16.0
8465058,Michal Rozsival,D,CHI,2017-03,27.0,4,6.75
8465058,Michal Rozsival,D,CHI,2017-04,27.0,2,13.5
8465978,Shawn Thornton,L,FLA,2016-10,-4.0,1,-4.0
8465978,Shawn Thornton,L,FLA,2016-11,6.0,3,2.0
8465978,Shawn Thornton,L,FLA,2016-12,42.0,10,4.2
8465978,Shawn Thornton,L,FLA,2017-01,37.0,11,3.3636
8465978,Shawn Thornton,L,FLA,2017-02,120.5,10,12.05
8465978,Shawn Thornton,L,FLA,2017-03,80.5,12,6.7083
8465978,Shawn Thornton,L,FLA,2017-04,22.0,3,7.3333
8466138,Joe Thornton,C,SJS,2016-10,57.5,9,6.3889
8466138,Joe Thornton,C,SJS,2016-11,166.5,15,11.1
8466138,Joe Thornton,C,SJS,2016-12,118.0,13,9.0769
8466138,Joe Thornton,C,SJS,2017-01,133.5,14,9.5357
8466138,Joe Thornton,C,SJS,2017-02,79.5,11,7.2273
8466138,Joe Thornton,C,SJS,2017-03,143.0,16,8.9375
8466139,Patrick Marleau,C,SJS,2016-10,91.0,9,10.1111
8466139,Patrick Marleau,C,SJS,2016-11,123.5,15,8.2333
8466139,Patrick Marleau,C,SJS,2016-12,125.0,13,9.6154
8466139,Patrick Marleau,C,SJS,2017-01,130.0,14,9.2857
8466139,Patrick Marleau,C,SJS,2017-02,92.0,11,8.3636
8466139,Patrick Marleau,C,SJS,2017-03,176.5,16,11.0312
8466139,Patrick Marleau,C,SJS,2017-04,11.0,4,2.75
8466141,Roberto Luongo,G,FLA,2016-10,-2.5,0,0.0
8466141,Roberto Luongo,G,FLA,2016-11,-14.5,0,0.0
8466141,Roberto Luongo,G,FLA,2016-12,-2.0,0,0.0
8466141,Roberto Luongo,G,FLA,2017-01,9.0,0,0.0
8466141,Roberto Luongo,G,FLA,2017-02,3.5,0,0.0
8466148,Marian Hossa,R,CHI,2016-10,71.5,8,8.9375
8466148,Marian Hossa,R,CHI,2016-11,117.5,15,7.8333
8466148,Marian Hossa,R,CHI,2016-12,80.5,11,7.3182
8466148,Marian Hossa,R,CHI,2017-01,62.5,12,5.2083
8466148,Marian Hossa,R,CHI,2017-02,55.0,10,5.5
8466148,Marian Hossa,R,CHI,2017-03,92.0,14,6.5714
8466148,Marian Hossa,R,CHI,2017-04,19.0,3,6.3333
8466251,Jason Chimera,L,NYI,2016-10,70.0,9,7.7778
8466251,Jason Chimera,L,NYI,2016-11,172.0,13,13.2308
8466251,Jason Chimera,L,NYI,2016-12,122.5,14,8.75
8466251,Jason Chimera,L,NYI,2017-01,114.0,12,9.5
8466251,Jason Chimera,L,NYI,2017-02,159.0,13,12.2308
8466251,Jason Chimera,L,NYI,2017-03,182.5,16,11.4062
8466251,Jason Chimera,L,NYI,2017-04,35.0,5,7.0
8466285,Brian Campbell,D,CHI,2016-10,103.0,9,11.4444
8466285,Brian Campbell,D,CHI,2016-11,96.0,15,6.4
8466285,Brian Campbell,D,CHI,2016-12,113.5,14,8.1071
8466285,Brian Campbell,D,CHI,2017-01,110.0,12,9.1667
8466285,Brian Campbell,D,CHI,2017-02,59.0,10,5.9
8466285,Brian Campbell,D,CHI,2017-03,139.5,16,8.7188
8466285,Brian Campbell,D,CHI,2017-04,26.0,4,6.5
8467370,Mike Fisher,C,NSH,2016-10,202.5,7,28.9286
8467370,Mike Fisher,C,NSH,2016-11,181.0,11,16.4545
8467370,Mike Fisher,C,NSH,2016-12,245.5,14,17.5357
8467370,Mike Fisher,C,NSH,2017-01,325.0,14,23.2143
8467370,Mike Fisher,C,NSH,2017-02,255.0,13,19.6154
8467370,Mike Fisher,C,NSH,2017-03,199.0,10,19.9
8467370,Mike Fisher,C,NSH,2017-04,64.5,3,21.5
8467371,Mike Ribeiro,C,NSH,2016-10,56.5,8,7.0625
8467371,Mike Ribeiro,C,NSH,2016-11,92.5,14,6.6071
8467371,Mike Ribeiro,C,NSH,2016-12,87.0,14,6.2143
8467371,Mike Ribeiro,C,NSH,2017-01,31.5,10,3.15
8467400,Francois Beauchemin,D,COL,2016-10,69.5,7,9.9286
8467400,Francois Beauchemin,D,COL,2016-11,165.0,14,11.7857
8467400,Francois Beauchemin,D,COL,2016-12,174.0,15,11.6
8467400,Francois Beauchemin,D,COL,2017-01,122.5,10,12.25
8467400,Francois Beauchemin,D,COL,2017-02,124.5,14,8.8929
8467400,Francois Beauchemin,D,COL,2017-03,156.5,16,9.7812
8467400,Francois Beauchemin,D,COL,2017-04,63.0,5,12.6
8467407,Brian Gionta,R,BUF,2016-10,56.0,8,7.0
8467407,Brian Gionta,R,BUF,2016-11,112.0,14,8.0
8467407,Brian Gionta,R,BUF,2016-12,121.0,14,8.6429
8467407,Brian Gionta,R,BUF,2017-01,115.5,13,8.8846
8467407,Brian Gionta,R,BUF,2017-02,100.0,14,7.1429
8467407,Brian Gionta,R,BUF,2017-03,88.0,14,6.2857
8467407,Brian Gionta,R,BUF,2017-04,24.0,5,4.8
8467493,Chris Neil,R,OTT,2016-10,116.0,8,14.5
8467493,Chris Neil,R,OTT,2016-11,181.5,14,12.9643
8467493,Chris Neil,R,OTT,2016-12,148.5,13,11.4231
8467493,Chris Neil,R,OTT,2017-01,82.5,11,7.5
8467493,Chris Neil,R,OTT,2017-02,71.0,6,11.8333
8467493,Chris Neil,R,OTT,2017-04,11.0,1,11.0
8467496,Andrei Markov,D,MTL,2016-10,65.5,9,7.2778
8467496,Andrei Markov,D,MTL,2016-11,113.0,14,8.0714
8467496,Andrei Markov,D,MTL,2016-12,63.0,8,7.875
8467496,Andrei Markov,D,MTL,2017-01,0.5,1,0.5
8467496,Andrei Markov,D,MTL,2017-02,90.0,13,6.9231
8467496,Andrei Markov,D,MTL,2017-03,84.0,13,6.4615
8467496,Andrei Markov,D,MTL,2017-04,25.0,4,6.25
8467875,Daniel Sedin,L,VAN,2016-10,39.0,9,4.3333
8467875,Daniel Sedin,L,VAN,2016-11,62.5,14,4.4643
8467875,Daniel Sedin,L,VAN,2016-12,42.5,15,2.8333
8467875,Daniel Sedin,L,VAN,2017-01,61.0,12,5.0833
8467875,Daniel Sedin,L,VAN,2017-02,43.0,12,3.5833
8467875,Daniel Sedin,L,VAN,2017-03,53.0,15,3.5333
8467875,Daniel Sedin,L,VAN,2017-04,11.0,5,2.2
8467876,Henrik Sedin,C,VAN,2016-10,64.0,9,7.1111
8467876,Henrik Sedin,C,VAN,2016-11,58.0,14,4.1429
8467876,Henrik Sedin,C,VAN,2016-12,139.5,15,9.3
8467876,Henrik Sedin,C,VAN,2017-01,78.0,12,6.5
8467876,Henrik Sedin,C,VAN,2017-02,78.5,12,6.5417
8467876,Henrik Sedin,C,VAN,2017-03,119.0,15,7.9333
8467876,Henrik Sedin,C,VAN,2017-04,29.5,5,5.9
8467950,Craig Anderson,G,OTT,2016-10,-5.0,0,0.0
8467950,Craig Anderson,G,OTT,2016-11,-9.5,0,0.0
8467950,Craig Anderson,G,OTT,2017-02,-7.5,0,0.0
8467950,Craig Anderson,G,OTT,2017-03,-22.0,0,0.0
8467950,Craig Anderson,G,OTT,2017-04,-2.5,0,0.0
8467967,Chris Kelly,C,OTT,2016-10,77.0,8,9.625
8467967,Chris Kelly,C,OTT,2016-11,183.0,15,12.2
8467967,Chris Kelly,C,OTT,2016-12,88.0,13,6.7692
8467967,Chris Kelly,C,OTT,2017-01,108.0,12,9.0
8467967,Chris Kelly,C,OTT,2017-02,73.5,13,5.6538
8467967,Chris Kelly,C,OTT,2017-03,99.0,15,6.6
8467967,Chris Kelly,C,OTT,2017-04,40.0,6,6.6667
8468001,Derek MacKenzie,C,FLA,2016-10,139.0,9,15.4444
8468001,Derek MacKenzie,C,FLA,2016-11,251.5,14,17.9643
8468001,Derek MacKenzie,C,FLA,2016-12,292.5,15,19.5
8468001,Derek MacKenzie,C,FLA,2017-01,189.0,13,14.5385
8468001,Derek MacKenzie,C,FLA,2017-02,186.5,11,16.9545
8468001,Derek MacKenzie,C,FLA,2017-03,247.5,15,16.5
8468001,Derek MacKenzie,C,FLA,2017-04,71.5,5,14.3
8468011,Ryan Miller,G,VAN,2016-10,-5.0,0,0.0
8468011,Ryan Miller,G,VAN,2016-11,-7.0,0,0.0
8468011,Ryan Miller,G,VAN,2016-12,-2.5,0,0.0
8468011,Ryan Miller,G,VAN,2017-01,-12.5,0,0.0
8468011,Ryan Miller,G,VAN,2017-02,-10.0,0,0.0
8468011,Ryan Miller,G,VAN,2017-03,-19.5,0,0.0
8468011,Ryan Miller,G,VAN,2017-04,-2.5,0,0.0
8468038,Michael Leighton,G,CAR,2016-12,-2.5,0,0.0
8468083,Henrik Zetterberg,L,DET,2016-10,117.0,10,11.7
8468083,Henrik Zetterberg,L,DET,2016-11,158.5,13,12.1923
8468083,Henrik Zetterberg,L,DET,2016-12,162.5,13,12.5
8468083,Henrik Zetterberg,L,DET,2017-01,145.0,14,10.3571
8468083,Henrik Zetterberg,L,DET,2017-02,150.0,11,13.6364
8468083,Henrik Zetterberg,L,DET,2017-03,192.5,16,12.0312
8468083,Henrik Zetterberg,L,DET,2017-04,62.5,5,12.5
8468085,Radim Vrbata,R,ARI,2016-10,56.0,8,7.0
8468085,Radim Vrbata,R,ARI,2016-11,79.5,13,6.1154
8468085,Radim Vrbata,R,ARI,2016-12,100.5,16,6.2812
8468085,Radim Vrbata,R,ARI,2017-01,54.5,12,4.5417
8468085,Radim Vrbata,R,ARI,2017-02,88.5,13,6.8077
8468085,Radim Vrbata,R,ARI,2017-03,85.5,16,5.3438
8468085,Radim Vrbata,R,ARI,2017-04,20.5,3,6.8333
8468208,Joel Ward,R,SJS,2016-10,122.5,9,13.6111
8468208,Joel Ward,R,SJS,2016-11,175.0,15,11.6667
8468208,Joel Ward,R,SJS,2016-12,128.5,11,11.6818
8468208,Joel Ward,R,SJS,2017-01,167.0,14,11.9286
8468208,Joel Ward,R,SJS,2017-02,94.0,11,8.5455
8468208,Joel Ward,R,SJS,2017-03,117.5,15,7.8333
8468208,Joel Ward,R,SJS,2017-04,25.0,3,8.3333
8468309,Mark Streit,D,PIT,2016-10,75.5,10,7.55
8468309,Mark Streit,D,PIT,2016-11,105.5,14,7.5357
8468309,Mark Streit,D,PIT,2016-12,54.5,7,7.7857
8468309,Mark Streit,D,PIT,2017-01,61.5,7,8.7857
8468309,Mark Streit,D,PIT,2017-02,86.5,11,7.8636
8468309,Mark Streit,D,PIT,2017-03,159.5,15,10.6333
8468309,Mark Streit,D,PIT,2017-04,43.0,4,10.75
8468483,Marian Gaborik,R,LAK,2016-11,-2.5,2,-1.25
8468483,Marian Gaborik,R,LAK,2016-12,46.5,13,3.5769
8468483,Marian Gaborik,R,LAK,2017-01,37.5,13,2.8846
8468483,Marian Gaborik,R,LAK,2017-02,79.5,12,6.625
8468483,Marian Gaborik,R,LAK,2017-03,18.0,13,1.3846
8468483,Marian Gaborik,R,LAK,2017-04,14.5,3,4.8333
8468486,Scott Hartnell,L,CBJ,2016-10,38.0,7,5.4286
8468486,Scott Hartnell,L,CBJ,2016-11,116.5,14,8.3214
8468486,Scott Hartnell,L,CBJ,2016-12,176.5,14,12.6071
8468486,Scott Hartnell,L,CBJ,2017-01,118.0,14,8.4286
8468486,Scott Hartnell,L,CBJ,2017-02,87.5,10,8.75
8468486,Scott Hartnell,L,CBJ,2017-03,106.5,15,7.1
8468486,Scott Hartnell,L,CBJ,2017-04,76.5,4,19.125
8468493,Ron Hainsey,D,PIT,2016-10,66.0,8,8.25
8468493,Ron Hainsey,D,PIT,2016-11,170.5,14,12.1786
8468493,Ron Hainsey,D,PIT,2016-12,174.0,14,12.4286
8468493,Ron Hainsey,D,PIT,2017-01,175.5,13,13.5
8468493,Ron Hainsey,D,PIT,2017-02,96.5,9,10.7222
8468493,Ron Hainsey,D,PIT,2017-03,75.5,9,8.3889
8468493,Ron Hainsey,D,PIT,2017-04,47.0,5,9.4
8468498,Brooks Orpik,D,WSH,2016-10,109.5,8,13.6875
8468498,Brooks Orpik,D,WSH,2016-11,182.5,13,14.0385
8468498,Brooks Orpik,D,WSH,2016-12,186.5,14,13.3214
8468498,Brooks Orpik,D,WSH,2017-01,281.0,15,18.7333
8468498,Brooks Orpik,D,WSH,2017-02,170.5,9,18.9444
8468498,Brooks Orpik,D,WSH,2017-03,224.5,15,14.9667
8468498,Brooks Orpik,D,WSH,2017-04,72.0,5,14.4
8468505,Steve Ott,C,MTL,2016-10,125.0,7,17.8571
8468505,Steve Ott,C,MTL,2016-11,169.5,12,14.125
8468505,Steve Ott,C,MTL,2016-12,209.0,13,16.0769
8468505,Steve Ott,C,MTL,2017-01,73.5,5,14.7
8468505,Steve Ott,C,MTL,2017-02,99.5,5,19.9
8468505,Steve Ott,C,MTL,2017-03,181.0,9,20.1111
8468505,Steve Ott,C,MTL,2017-04,32.5,2,16.25
8468508,Justin Williams,R,WSH,2016-10,74.5,8,9.3125
8468508,Justin Williams,R,WSH,2016-11,90.0,13,6.9231
8468508,Justin Williams,R,WSH,2016-12,149.5,14,10.6786
8468508,Justin Williams,R,WSH,2017-01,125.5,15,8.3667
8468508,Justin Williams,R,WSH,2017-02,78.5,11,7.1364
8468508,Justin Williams,R,WSH,2017-03,109.5,15,7.3
8468508,Justin Williams,R,WSH,2017-04,28.0,4,7.0
8468509,Niklas Kronwall,D,DET,2016-11,104.5,10,10.45
8468509,Niklas Kronwall,D,DET,2016-12,162.0,13,12.4615
8468509,Niklas Kronwall,D,DET,2017-01,68.0,6,11.3333
8468509,Niklas Kronwall,D,DET,2017-02,49.5,8,6.1875
8468509,Niklas Kronwall,D,DET,2017-03,144.5,15,9.6333
8468509,Niklas Kronwall,D,DET,2017-04,91.5,5,18.3
8468513,Nick Schultz,D,PHI,2016-10,94.5,7,13.5
8468513,Nick Schultz,D,PHI,2016-11,32.0,2,16.0
8468513,Nick Schultz,D,PHI,2016-12,33.0,2,16.5
8468513,Nick Schultz,D,PHI,2017-01,29.5,2,14.75
8468513,Nick Schultz,D,PHI,2017-02,42.0,3,14.0
8468513,Nick Schultz,D,PHI,2017-03,105.0,8,13.125
8468513,Nick Schultz,D,PHI,2017-04,65.0,4,16.25
8468535,Antoine Vermette,C,ANA,2016-10,162.0,9,18.0
8468535,Antoine Vermette,C,ANA,2016-11,219.5,14,15.6786
8468535,Antoine Vermette,C,ANA,2016-12,290.0,15,19.3333
8468535,Antoine Vermette,C,ANA,2017-01,208.5,14,14.8929
8468535,Antoine Vermette,C,ANA,2017-02,88.0,6,14.6667
8468535,Antoine Vermette,C,ANA,2017-03,147.5,9,16.3889
8468535,Antoine Vermette,C,ANA,2017-04,68.0,5,13.6
8468542,Paul Martin,D,SJS,2016-10,92.5,9,10.2778
8468542,Paul Martin,D,SJS,2016-11,121.5,15,8.1
8468542,Paul Martin,D,SJS,2016-12,122.5,13,9.4231
8468542,Paul Martin,D,SJS,2017-01,109.5,13,8.4231
8468542,Paul Martin,D,SJS,2017-02,87.0,11,7.9091
8468542,Paul Martin,D,SJS,2017-03,114.5,16,7.1562
8468542,Paul Martin,D,SJS,2017-04,28.0,4,7.0
8468575,Dominic Moore,C,BOS,2016-10,80.5,8,10.0625
8468575,Dominic Moore,C,BOS,2016-11,155.0,15,10.3333
8468575,Dominic Moore,C,BOS,2016-12,208.0,16,13.0
8468575,Dominic Moore,C,BOS,2017-01,144.5,14,10.3214
8468575,Dominic Moore,C,BOS,2017-02,103.0,10,10.3
8468575,Dominic Moore,C,BOS,2017-03,156.0,14,11.1429
8468575,Dominic Moore,C,BOS,2017-04,85.5,5,17.1
8468611,Matt Hendricks,C,EDM,2016-11,76.5,5,15.3
8468611,Matt Hendricks,C,EDM,2016-12,175.5,9,19.5
8468611,Matt Hendricks,C,EDM,2017-01,135.5,10,13.55
8468611,Matt Hendricks,C,EDM,2017-02,159.5,10,15.95
8468611,Matt Hendricks,C,EDM,2017-03,108.0,6,18.0
8468611,Matt Hendricks,C,EDM,2017-04,26.5,2,13.25
8468639,John-Michael Liles,D,BOS,2016-10,97.0,8,12.125
8468639,John-Michael Liles,D,BOS,2016-11,125.5,14,8.9643
8468639,John-Michael Liles,D,BOS,2017-01,49.5,7,7.0714
8468639,John-Michael Liles,D,BOS,2017-02,12.0,2,6.0
8468639,John-Michael Liles,D,BOS,2017-03,14.0,2,7.0
8468639,John-Michael Liles,D,BOS,2017-04,24.0,3,8.0
8468674,Deryk Engelland,D,CGY,2016-10,150.5,10,15.05
8468674,Deryk Engelland,D,CGY,2016-11,263.5,16,16.4688
8468674,Deryk Engelland,D,CGY,2016-12,175.5,13,13.5
8468674,Deryk Engelland,D,CGY,2017-01,166.5,13,12.8077
8468674,Deryk Engelland,D,CGY,2017-02,159.5,12,13.2917
8468674,Deryk Engelland,D,CGY,2017-03,213.5,14,15.25
8468674,Deryk Engelland,D,CGY,2017-04,32.5,3,10.8333
8468685,Henrik Lundqvist,G,NYR,2016-10,-7.5,0,0.0
8468685,Henrik Lundqvist,G,NYR,2016-11,1.0,0,0.0
8468685,Henrik Lundqvist,G,NYR,2016-12,-2.0,0,0.0
8468685,Henrik Lundqvist,G,NYR,2017-01,-15.0,0,0.0
8468685,Henrik Lundqvist,G,NYR,2017-02,-11.5,0,0.0
8468685,Henrik Lundqvist,G,NYR,2017-03,3.5,0,0.0
8469455,Jason Spezza,C,DAL,2016-10,62.5,6,10.4167
8469455,Jason Spezza,C,DAL,2016-11,80.5,11,7.3182
8469455,Jason Spezza,C,DAL,2016-12,120.5,14,8.6071
8469455,Jason Spezza,C,DAL,2017-01,79.5,13,6.1154
8469455,Jason Spezza,C,DAL,2017-02,32.0,7,4.5714
8469455,Jason Spezza,C,DAL,2017-03,83.0,12,6.9167
8469455,Jason Spezza,C,DAL,2017-04,10.0,5,2.0
8469459,Mikko Koivu,C,MIN,2016-10,190.5,9,21.1667
8469459,Mikko Koivu,C,MIN,2016-11,216.5,13,16.6538
8469459,Mikko Koivu,C,MIN,2016-12,266.0,14,19.0
8469459,Mikko Koivu,C,MIN,2017-01,181.5,12,15.125
8469459,Mikko Koivu,C,MIN,2017-02,200.5,12,16.7083
8469459,Mikko Koivu,C,MIN,2017-03,207.5,16,12.9688
8469459,Mikko Koivu,C,MIN,2017-04,42.0,4,10.5
8469465,Dan Hamhuis,D,DAL,2016-10,86.0,7,12.2857
8469465,Dan Hamhuis,D,DAL,2016-11,200.5,15,13.3667
8469465,Dan Hamhuis,D,DAL,2016-12,115.5,14,8.25
8469465,Dan Hamhuis,D,DAL,2017-01,111.0,13,8.5385
8469465,Dan Hamhuis,D,DAL,2017-02,116.0,12,9.6667
8469465,Dan Hamhuis,D,DAL,2017-03,125.5,13,9.6538
8469465,Dan Hamhuis,D,DAL,2017-04,51.0,5,10.2
8469466,Ales Hemsky,R,DAL,2017-03,70.5,14,5.0357
8469492,Fedor Tyutin,D,COL,2016-10,56.5,4,14.125
8469492,Fedor Tyutin,D,COL,2016-11,175.5,13,13.5
8469492,Fedor Tyutin,D,COL,2016-12,170.5,13,13.1154
8469492,Fedor Tyutin,D,COL,2017-01,133.5,10,13.35
8469492,Fedor Tyutin,D,COL,2017-02,136.0,12,11.3333
8469492,Fedor Tyutin,D,COL,2017-03,143.0,16,8.9375
8469492,Fedor Tyutin,D,COL,2017-04,16.0,1,16.0
8469500,Michael Cammalleri,L,NJD,2016-10,63.0,8,7.875
8469500,Michael Cammalleri,L,NJD,2016-11,55.5,8,6.9375
8469500,Michael Cammalleri,L,NJD,2016-12,135.5,15,9.0333
8469500,Michael Cammalleri,L,NJD,2017-01,67.5,14,4.8214
8469500,Michael Cammalleri,L,NJD,2017-02,32.0,9,3.5556
8469500,Michael Cammalleri,L,NJD,2017-03,10.0,2,5.0
8469500,Michael Cammalleri,L,NJD,2017-04,45.5,5,9.1
8469501,Chris Thorburn,R,WPG,2016-10,46.5,5,9.3
8469501,Chris Thorburn,R,WPG,2016-11,189.5,15,12.6333
8469501,Chris Thorburn,R,WPG,2016-12,78.5,9,8.7222
8469501,Chris Thorburn,R,WPG,2017-01,66.5,11,6.0455
8469501,Chris Thorburn,R,WPG,2017-02,56.0,7,8.0
8469501,Chris Thorburn,R,WPG,2017-03,82.5,13,6.3462
8469501,Chris Thorburn,R,WPG,2017-04,19.0,4,4.75
8469506,Jason Pominville,R,MIN,2016-10,58.5,9,6.5
8469506,Jason Pominville,R,MIN,2016-11,102.0,13,7.8462
8469506,Jason Pominville,R,MIN,2016-12,113.5,14,8.1071
8469506,Jason Pominville,R,MIN,2017-01,67.5,13,5.1923
8469506,Jason Pominville,R,MIN,2017-02,30.5,10,3.05
8469506,Jason Pominville,R,MIN,2017-03,54.0,14,3.8571
8469506,Jason Pominville,R,MIN,2017-04,34.5,5,6.9
8469508,Jay McClement,C,CAR,2016-10,74.0,8,9.25
8469508,Jay McClement,C,CAR,2016-11,154.5,14,11.0357
8469508,Jay McClement,C,CAR,2016-12,216.0,14,15.4286
8469508,Jay McClement,C,CAR,2017-01,114.0,12,9.5
8469508,Jay McClement,C,CAR,2017-02,65.0,9,7.2222
8469508,Jay McClement,C,CAR,2017-03,51.5,8,6.4375
8469514,Peter Budaj,G,TBL,2016-10,-5.0,0,0.0
8469514,Peter Budaj,G,TBL,2016-11,-5.0,0,0.0
8469514,Peter Budaj,G,TBL,2016-12,-5.0,0,0.0
8469514,Peter Budaj,G,TBL,2017-01,-12.5,0,0.0
8469514,Peter Budaj,G,TBL,2017-02,0.5,0,0.0
8469514,Peter Budaj,G,TBL,2017-03,5.5,0,0.0
8469521,Tomas Plekanec,C,MTL,2016-10,136.5,9,15.1667
8469521,Tomas Plekanec,C,MTL,2016-11,247.0,14,17.6429
8469521,Tomas Plekanec,C,MTL,2016-12,180.0,14,12.8571
8469521,Tomas Plekanec,C,MTL,2017-01,147.0,14,10.5
8469521,Tomas Plekanec,C,MTL,2017-02,207.0,13,15.9231
8469521,Tomas Plekanec,C,MTL,2017-03,134.5,10,13.45
8469521,Tomas Plekanec,C,MTL,2017-04,62.5,4,15.625
8469544,Patrick Sharp,L,DAL,2016-10,37.5,4,9.375
8469544,Patrick Sharp,L,DAL,2016-11,52.5,6,8.75
8469544,Patrick Sharp,L,DAL,2016-12,7.5,2,3.75
8469544,Patrick Sharp,L,DAL,2017-01,87.0,13,6.6923
8469544,Patrick Sharp,L,DAL,2017-02,63.0,12,5.25
8469544,Patrick Sharp,L,DAL,2017-03,74.5,11,6.7727
8469547,Jordin Tootoo,R,CHI,2016-10,52.5,9,5.8333
8469547,Jordin Tootoo,R,CHI,2016-11,48.5,10,4.85
8469547,Jordin Tootoo,R,CHI,2016-12,36.0,10,3.6
8469547,Jordin Tootoo,R,CHI,2017-01,41.5,6,6.9167
8469547,Jordin Tootoo,R,CHI,2017-02,9.0,1,9.0
8469547,Jordin Tootoo,R,CHI,2017-03,73.5,11,6.6818
8469547,Jordin Tootoo,R,CHI,2017-04,20.5,3,6.8333
8469598,Kevin Bieksa,D,ANA,2016-10,109.0,9,12.1111
8469598,Kevin Bieksa,D,ANA,2016-11,226.5,14,16.1786
8469598,Kevin Bieksa,D,ANA,2016-12,176.0,15,11.7333
8469598,Kevin Bieksa,D,ANA,2017-01,203.5,14,14.5357
8469598,Kevin Bieksa,D,ANA,2017-02,134.5,11,12.2273
8469598,Kevin Bieksa,D,ANA,2017-03,128.0,13,9.8462
8469598,Kevin Bieksa,D,ANA,2017-04,44.0,5,8.8
8469608,Mike Smith,G,ARI,2016-11,-17.5,0,0.0
8469608,Mike Smith,G,ARI,2016-12,13.0,0,0.0
8469608,Mike Smith,G,ARI,2017-01,-9.0,0,0.0
8469608,Mike Smith,G,ARI,2017-02,-17.0,0,0.0
8469608,Mike Smith,G,ARI,2017-03,-7.5,0,0.0
8469608,Mike Smith,G,ARI,2017-04,-10.0,0,0.0
8469619,Dennis Seidenberg,D,NYI,2016-10,126.0,9,14.0
8469619,Dennis Seidenberg,D,NYI,2016-11,98.0,6,16.3333
8469619,Dennis Seidenberg,D,NYI,2016-12,205.0,14,14.6429
8469619,Dennis Seidenberg,D,NYI,2017-01,183.0,12,15.25
8469619,Dennis Seidenberg,D,NYI,2017-02,254.5,13,19.5769
8469619,Dennis Seidenberg,D,NYI,2017-03,259.5,14,18.5357
8469619,Dennis Seidenberg,D,NYI,2017-04,103.0,5,20.6
8469638,Jussi Jokinen,L,FLA,2016-10,35.0,4,8.75
8469638,Jussi Jokinen,L,FLA,2016-11,17.0,9,1.8889
8469638,Jussi Jokinen,L,FLA,2016-12,79.5,15,5.3
8469638,Jussi Jokinen,L,FLA,2017-01,103.0,13,7.9231
8469638,Jussi Jokinen,L,FLA,2017-02,68.5,11,6.2273
8469638,Jussi Jokinen,L,FLA,2017-03,85.0,15,5.6667
8469638,Jussi Jokinen,L,FLA,2017-04,18.5,2,9.25
8469665,Johnny Oduya,D,CHI,2016-10,76.5,8,9.5625
8469665,Johnny Oduya,D,CHI,2016-11,127.0,11,11.5455
8469665,Johnny Oduya,D,CHI,2016-12,87.0,9,9.6667
8469665,Johnny Oduya,D,CHI,2017-01,88.5,8,11.0625
8469665,Johnny Oduya,D,CHI,2017-02,4.5,1,4.5
8469665,Johnny Oduya,D,CHI,2017-03,176.0,11,16.0
8469665,Johnny Oduya,D,CHI,2017-04,40.0,4,10.0
8469707,PA Parenteau,R,NSH,2016-10,60.5,8,7.5625
8469707,PA Parenteau,R,NSH,2016-11,101.5,14,7.25
8469707,PA Parenteau,R,NSH,2016-12,94.5,13,7.2692
8469707,PA Parenteau,R,NSH,2017-01,86.5,14,6.1786
8469707,PA Parenteau,R,NSH,2017-02,86.0,10,8.6
8469707,PA Parenteau,R,NSH,2017-03,40.0,5,8.0
8469707,PA Parenteau,R,NSH,2017-04,3.0,3,1.0
8469759,Vernon Fiddler,L,NSH,2016-10,99.5,8,12.4375
8469759,Vernon Fiddler,L,NSH,2016-11,251.0,14,17.9286
8469759,Vernon Fiddler,L,NSH,2016-12,219.0,13,16.8462
8469759,Vernon Fiddler,L,NSH,2017-01,54.5,4,13.625
8469759,Vernon Fiddler,L,NSH,2017-02,169.5,11,15.4091
8469759,Vernon Fiddler,L,NSH,2017-03,117.5,7,16.7857
8469759,Vernon Fiddler,L,NSH,2017-04,33.5,2,16.75
8469760,Zbynek Michalek,D,ARI,2017-03,31.0,2,15.5
8469760,Zbynek Michalek,D,ARI,2017-04,7.5,1,7.5
8469770,Dennis Wideman,D,CGY,2016-10,62.5,7,8.9286
8469770,Dennis Wideman,D,CGY,2016-11,113.5,12,9.4583
8469770,Dennis Wideman,D,CGY,2016-12,153.5,13,11.8077
8469770,Dennis Wideman,D,CGY,2017-01,125.0,13,9.6154
8469770,Dennis Wideman,D,CGY,2017-02,84.5,7,12.0714
8469770,Dennis Wideman,D,CGY,2017-03,11.0,3,3.6667
8469770,Dennis Wideman,D,CGY,2017-04,31.0,2,15.5
8470041,Rick Nash,L,NYR,2016-10,97.0,9,10.7778
8470041,Rick Nash,L,NYR,2016-11,177.0,15,11.8
8470041,Rick Nash,L,NYR,2016-12,36.5,6,6.0833
8470041,Rick Nash,L,NYR,2017-01,124.0,8,15.5
8470041,Rick Nash,L,NYR,2017-02,118.5,13,9.1154
8470041,Rick Nash,L,NYR,2017-03,111.5,14,7.9643
8470041,Rick Nash,L,NYR,2017-04,9.5,2,4.75
8470047,Valtteri Filppula,C,PHI,2016-10,101.5,9,11.2778
8470047,Valtteri Filppula,C,PHI,2016-11,160.0,14,11.4286
8470047,Valtteri Filppula,C,PHI,2016-12,153.5,13,11.8077
8470047,Valtteri Filppula,C,PHI,2017-01,141.5,13,10.8846
8470047,Valtteri Filppula,C,PHI,2017-02,100.0,10,10.0
8470047,Valtteri Filppula,C,PHI,2017-03,175.0,15,11.6667
8470047,Valtteri Filppula,C,PHI,2017-04,44.5,5,8.9
8470104,Tom Gilbert,D,LAK,2016-10,56.0,7,8.0
8470104,Tom Gilbert,D,LAK,2016-11,63.0,6,10.5
8470104,Tom Gilbert,D,LAK,2016-12,54.0,4,13.5
8470104,Tom Gilbert,D,LAK,2017-01,3.0,1,3.0
8470105,Scottie Upshall,R,STL,2016-10,60.5,7,8.6429
8470105,Scottie Upshall,R,STL,2016-11,74.0,13,5.6923
8470105,Scottie Upshall,R,STL,2016-12,94.0,14,6.7143
8470105,Scottie Upshall,R,STL,2017-01,83.5,10,8.35
8470105,Scottie Upshall,R,STL,2017-02,90.0,10,9.0
8470105,Scottie Upshall,R,STL,2017-03,152.5,15,10.1667
8470105,Scottie Upshall,R,STL,2017-04,62.5,4,15.625
8470110,Trevor Daley,D,PIT,2016-10,120.5,9,13.3889
8470110,Trevor Daley,D,PIT,2016-11,88.5,14,6.3214
8470110,Trevor Daley,D,PIT,2016-12,124.0,10,12.4
8470110,Trevor Daley,D,PIT,2017-01,109.0,11,9.9091
8470110,Trevor Daley,D,PIT,2017-02,67.0,10,6.7
8470110,Trevor Daley,D,PIT,2017-04,6.0,2,3.0
8470121,Matt Greene,D,LAK,2016-10,37.5,3,12.5
8470121,Matt Greene,D,LAK,2016-11,164.5,9,18.2778
8470121,Matt Greene,D,LAK,2016-12,125.5,11,11.4091
8470121,Matt Greene,D,LAK,2017-01,21.0,3,7.0
8470140,Kari Lehtonen,G,DAL,2016-10,-2.5,0,0.0
8470140,Kari Lehtonen,G,DAL,2016-11,11.5,0,0.0
8470140,Kari Lehtonen,G,DAL,2016-12,14.0,0,0.0
8470140,Kari Lehtonen,G,DAL,2017-01,-12.5,0,0.0
8470140,Kari Lehtonen,G,DAL,2017-02,-9.5,0,0.0
8470140,Kari Lehtonen,G,DAL,2017-03,-14.5,0,0.0
8470144,Frans Nielsen,C,DET,2016-10,103.5,10,10.35
8470144,Frans Nielsen,C,DET,2016-11,209.0,13,16.0769
8470144,Frans Nielsen,C,DET,2016-12,200.0,13,15.3846
8470144,Frans Nielsen,C,DET,2017-01,168.5,14,12.0357
8470144,Frans Nielsen,C,DET,2017-02,105.5,8,13.1875
8470144,Frans Nielsen,C,DET,2017-03,197.5,16,12.3438
8470144,Frans Nielsen,C,DET,2017-04,84.0,5,16.8
8470147,Curtis McElhinney,G,TOR,2017-01,-5.0,0,0.0
8470147,Curtis McElhinney,G,TOR,2017-02,11.0,0,0.0
8470147,Curtis McElhinney,G,TOR,2017-03,-2.5,0,0.0
8470151,Jay Bouwmeester,D,STL,2016-10,93.5,9,10.3889
8470151,Jay Bouwmeester,D,STL,2016-11,124.5,14,8.8929
8470151,Jay Bouwmeester,D,STL,2016-12,130.0,14,9.2857
8470151,Jay Bouwmeester,D,STL,2017-01,88.0,12,7.3333
8470151,Jay Bouwmeester,D,STL,2017-02,144.5,12,12.0417
8470151,Jay Bouwmeester,D,STL,2017-03,134.0,15,8.9333
8470151,Jay Bouwmeester,D,STL,2017-04,28.5,5,5.7
8470159,Boyd Gordon,C,PHI,2016-10,60.5,8,7.5625
8470159,Boyd Gordon,C,PHI,2016-12,18.5,3,6.1667
8470159,Boyd Gordon,C,PHI,2017-01,8.0,2,4.0
8470162,Matt Stajan,C,CGY,2016-10,116.5,10,11.65
8470162,Matt Stajan,C,CGY,2016-11,210.0,16,13.125
8470162,Matt Stajan,C,CGY,2016-12,134.0,13,10.3077
8470162,Matt Stajan,C,CGY,2017-01,176.5,13,13.5769
8470162,Matt Stajan,C,CGY,2017-02,113.0,12,9.4167
8470162,Matt Stajan,C,CGY,2017-03,102.5,14,7.3214
8470162,Matt Stajan,C,CGY,2017-04,15.5,3,5.1667
8470187,Johnny Boychuk,D,NYI,2016-10,175.0,9,19.4444
8470187,Johnny Boychuk,D,NYI,2016-11,217.0,13,16.6923
8470187,Johnny Boychuk,D,NYI,2016-12,180.5,13,13.8846
8470187,Johnny Boychuk,D,NYI,2017-01,140.5,9,15.6111
8470187,Johnny Boychuk,D,NYI,2017-02,240.5,13,18.5
8470187,Johnny Boychuk,D,NYI,2017-03,76.5,4,19.125
8470187,Johnny Boychuk,D,NYI,2017-04,60.5,5,12.1
8470201,Jiri Hudler,R,DAL,2016-10,6.0,3,2.0
8470201,Jiri Hudler,R,DAL,2016-11,3.0,1,3.0
8470201,Jiri Hudler,R,DAL,2016-12,41.0,9,4.5556
8470201,Jiri Hudler,R,DAL,2017-01,40.0,9,4.4444
8470201,Jiri Hudler,R,DAL,2017-02,12.0,5,2.4
8470201,Jiri Hudler,R,DAL,2017-03,2.0,5,0.4
8470257,Alexander Steen,L,STL,2016-10,95.5,9,10.6111
8470257,Alexander Steen,L,STL,2016-11,92.0,8,11.5
8470257,Alexander Steen,L,STL,2016-12,121.0,14,8.6429
8470257,Alexander Steen,L,STL,2017-01,139.5,13,10.7308
8470257,Alexander Steen,L,STL,2017-02,116.5,12,9.7083
8470257,Alexander Steen,L,STL,2017-03,122.5,15,8.1667
8470257,Alexander Steen,L,STL,2017-04,49.5,5,9.9
8470281,Duncan Keith,D,CHI,2016-10,46.0,9,5.1111
8470281,Duncan Keith,D,CHI,2016-11,89.0,15,5.9333
8470281,Duncan Keith,D,CHI,2016-12,106.0,15,7.0667
8470281,Duncan Keith,D,CHI,2017-01,107.5,13,8.2692
8470281,Duncan Keith,D,CHI,2017-02,57.0,10,5.7
8470281,Duncan Keith,D,CHI,2017-03,82.0,16,5.125
8470281,Duncan Keith,D,CHI,2017-04,13.5,2,6.75
8470318,Jonathan Ericsson,D,DET,2016-10,111.0,10,11.1
8470318,Jonathan Ericsson,D,DET,2016-11,102.0,13,7.8462
8470318,Jonathan Ericsson,D,DET,2016-12,112.0,10,11.2
8470318,Jonathan Ericsson,D,DET,2017-01,148.5,14,10.6071
8470318,Jonathan Ericsson,D,DET,2017-02,45.0,4,11.25
8470320,Cam Ward,G,CAR,2016-10,-12.5,0,0.0
8470320,Cam Ward,G,CAR,2016-11,-20.0,0,0.0
8470320,Cam Ward,G,CAR,2016-12,-9.5,0,0.0
8470320,Cam Ward,G,CAR,2017-01,-4.0,0,0.0
8470320,Cam Ward,G,CAR,2017-02,-7.5,0,0.0
8470320,Cam Ward,G,CAR,2017-03,14.0,0,0.0
8470324,Josh Gorges,D,BUF,2016-10,145.0,8,18.125
8470324,Josh Gorges,D,BUF,2016-11,241.0,14,17.2143
8470324,Josh Gorges,D,BUF,2016-12,163.5,11,14.8636
8470324,Josh Gorges,D,BUF,2017-01,29.5,1,29.5
8470324,Josh Gorges,D,BUF,2017-02,180.5,13,13.8846
8470324,Josh Gorges,D,BUF,2017-03,217.5,14,15.5357
8470324,Josh Gorges,D,BUF,2017-04,52.0,5,10.4
8470358,Alexandre Burrows,L,OTT,2016-10,37.5,5,7.5
8470358,Alexandre Burrows,L,OTT,2016-11,96.0,14,6.8571
8470358,Alexandre Burrows,L,OTT,2016-12,118.5,15,7.9
8470358,Alexandre Burrows,L,OTT,2017-01,89.5,10,8.95
8470358,Alexandre Burrows,L,OTT,2017-02,112.5,11,10.2273
8470358,Alexandre Burrows,L,OTT,2017-03,141.5,14,10.1071
8470358,Alexandre Burrows,L,OTT,2017-04,35.0,6,5.8333
8470543,Chris Kunitz,L,PIT,2016-10,149.0,9,16.5556
8470543,Chris Kunitz,L,PIT,2016-11,143.5,9,15.9444
8470543,Chris Kunitz,L,PIT,2016-12,204.0,14,14.5714
8470543,Chris Kunitz,L,PIT,2017-01,136.5,11,12.4091
8470543,Chris Kunitz,L,PIT,2017-02,193.5,12,16.125
8470543,Chris Kunitz,L,PIT,2017-03,234.5,16,14.6562
8470594,Marc-Andre Fleury,G,PIT,2016-10,-7.0,0,0.0
8470594,Marc-Andre Fleury,G,PIT,2016-11,-5.0,0,0.0
8470594,Marc-Andre Fleury,G,PIT,2016-12,6.0,0,0.0
8470594,Marc-Andre Fleury,G,PIT,2017-01,-7.5,0,0.0
8470594,Marc-Andre Fleury,G,PIT,2017-03,-2.5,0,0.0
8470595,Eric Staal,C,MIN,2016-10,122.0,9,13.5556
8470595,Eric Staal,C,MIN,2016-11,175.0,13,13.4615
8470595,Eric Staal,C,MIN,2016-12,213.5,14,15.25
8470595,Eric Staal,C,MIN,2017-01,119.5,13,9.1923
8470595,Eric Staal,C,MIN,2017-02,103.0,12,8.5833
8470595,Eric Staal,C,MIN,2017-03,185.5,16,11.5938
8470595,Eric Staal,C,MIN,2017-04,36.5,5,7.3
8470598,Thomas Vanek,L,FLA,2016-10,34.5,7,4.9286
8470598,Thomas Vanek,L,FLA,2016-11,16.0,5,3.2
8470598,Thomas Vanek,L,FLA,2016-12,65.0,13,5.0
8470598,Thomas Vanek,L,FLA,2017-01,78.0,13,6.0
8470598,Thomas Vanek,L,FLA,2017-02,45.0,10,4.5
8470598,Thomas Vanek,L,FLA,2017-03,36.5,15,2.4333
8470598,Thomas Vanek,L,FLA,2017-04,18.5,5,3.7
8470599,Milan Michalek,L,TOR,2016-10,75.0,5,15.0
8470600,Ryan Suter,D,MIN,2016-10,102.5,9,11.3889
8470600,Ryan Suter,D,MIN,2016-11,93.0,13,7.1538
8470600,Ryan Suter,D,MIN,2016-12,166.5,14,11.8929
8470600,Ryan Suter,D,MIN,2017-01,131.0,13,10.0769
8470600,Ryan Suter,D,MIN,2017-02,85.0,12,7.0833
8470600,Ryan Suter,D,MIN,2017-03,67.0,16,4.1875
8470600,Ryan Suter,D,MIN,2017-04,71.5,5,14.3
8470601,Braydon Coburn,D,TBL,2016-10,84.0,9,9.3333
8470601,Braydon Coburn,D,TBL,2016-11,129.0,15,8.6
8470601,Braydon Coburn,D,TBL,2016-12,101.5,14,7.25
8470601,Braydon Coburn,D,TBL,2017-01,115.0,11,10.4545
8470601,Braydon Coburn,D,TBL,2017-02,124.5,10,12.45
8470601,Braydon Coburn,D,TBL,2017-03,105.5,15,7.0333
8470601,Braydon Coburn,D,TBL,2017-04,76.0,6,12.6667
8470602,Dion Phaneuf,D,OTT,2016-10,167.0,8,20.875
8470602,Dion Phaneuf,D,OTT,2016-11,189.5,15,12.6333
8470602,Dion Phaneuf,D,OTT,2016-12,292.0,13,22.4615
8470602,Dion Phaneuf,D,OTT,2017-01,148.5,12,12.375
8470602,Dion Phaneuf,D,OTT,2017-02,182.0,13,14.0
8470602,Dion Phaneuf,D,OTT,2017-03,201.5,15,13.4333
8470602,Dion Phaneuf,D,OTT,2017-04,62.0,5,12.4
8470604,Jeff Carter,C,LAK,2016-10,120.5,9,13.3889
8470604,Jeff Carter,C,LAK,2016-11,241.5,14,17.25
8470604,Jeff Carter,C,LAK,2016-12,239.5,14,17.1071
8470604,Jeff Carter,C,LAK,2017-01,166.5,13,12.8077
8470604,Jeff Carter,C,LAK,2017-02,149.5,13,11.5
8470604,Jeff Carter,C,LAK,2017-03,168.5,14,12.0357
8470604,Jeff Carter,C,LAK,2017-04,62.0,5,12.4
8470606,Dustin Brown,L,LAK,2016-10,132.0,9,14.6667
8470606,Dustin Brown,L,LAK,2016-11,175.0,14,12.5
8470606,Dustin Brown,L,LAK,2016-12,217.0,12,18.0833
8470606,Dustin Brown,L,LAK,2017-01,175.5,13,13.5
8470606,Dustin Brown,L,LAK,2017-02,158.0,13,12.1538
8470606,Dustin Brown,L,LAK,2017-03,198.0,14,14.1429
8470606,Dustin Brown,L,LAK,2017-04,63.5,5,12.7
8470607,Brent Seabrook,D,CHI,2016-10,79.0,9,8.7778
8470607,Brent Seabrook,D,CHI,2016-11,189.0,15,12.6
8470607,Brent Seabrook,D,CHI,2016-12,150.5,13,11.5769
8470607,Brent Seabrook,D,CHI,2017-01,131.5,13,10.1154
8470607,Brent Seabrook,D,CHI,2017-02,177.0,10,17.7
8470607,Brent Seabrook,D,CHI,2017-03,181.0,16,11.3125
8470607,Brent Seabrook,D,CHI,2017-04,47.5,3,15.8333
8470610,Zach Parise,L,MIN,2016-10,109.0,8,13.625
8470610,Zach Parise,L,MIN,2016-11,52.5,7,7.5
8470610,Zach Parise,L,MIN,2016-12,152.0,12,12.6667
8470610,Zach Parise,L,MIN,2017-01,127.5,13,9.8077
8470610,Zach Parise,L,MIN,2017-02,125.0,10,12.5
8470610,Zach Parise,L,MIN,2017-03,124.0,14,8.8571
8470610,Zach Parise,L,MIN,2017-04,25.5,5,5.1
8470611,Eric Fehr,C,TOR,2016-10,119.0,9,13.2222
8470611,Eric Fehr,C,TOR,2016-11,115.0,14,8.2143
8470611,Eric Fehr,C,TOR,2016-12,105.0,10,10.5
8470611,Eric Fehr,C,TOR,2017-01,110.5,8,13.8125
8470611,Eric Fehr,C,TOR,2017-02,109.0,11,9.9091
8470611,Eric Fehr,C,TOR,2017-03,19.0,1,19.0
8470612,Ryan Getzlaf,C,ANA,2016-10,80.0,8,10.0
8470612,Ryan Getzlaf,C,ANA,2016-11,213.5,12,17.7917
8470612,Ryan Getzlaf,C,ANA,2016-12,267.0,15,17.8
8470612,Ryan Getzlaf,C,ANA,2017-01,139.0,10,13.9
8470612,Ryan Getzlaf,C,ANA,2017-02,214.5,11,19.5
8470612,Ryan Getzlaf,C,ANA,2017-03,234.5,13,18.0385
8470612,Ryan Getzlaf,C,ANA,2017-04,95.0,5,19.0
8470613,Brent Burns,D,SJS,2016-10,110.0,9,12.2222
8470613,Brent Burns,D,SJS,2016-11,126.0,15,8.4
8470613,Brent Burns,D,SJS,2016-12,147.0,13,11.3077
8470613,Brent Burns,D,SJS,2017-01,79.0,14,5.6429
8470613,Brent Burns,D,SJS,2017-02,85.5,11,7.7727
8470613,Brent Burns,D,SJS,2017-03,155.5,16,9.7188
8470613,Brent Burns,D,SJS,2017-04,30.0,4,7.5
8470614,Mark Stuart,D,WPG,2016-10,59.5,5,11.9
8470614,Mark Stuart,D,WPG,2016-11,101.0,5,20.2
8470614,Mark Stuart,D,WPG,2017-01,117.0,9,13.0
8470614,Mark Stuart,D,WPG,2017-02,84.0,9,9.3333
8470614,Mark Stuart,D,WPG,2017-03,153.0,10,15.3
8470614,Mark Stuart,D,WPG,2017-04,47.5,4,11.875
8470616,Ryan Kesler,C,ANA,2016-10,206.0,9,22.8889
8470616,Ryan Kesler,C,ANA,2016-11,362.5,14,25.8929
8470616,Ryan Kesler,C,ANA,2016-12,342.5,15,22.8333
8470616,Ryan Kesler,C,ANA,2017-01,376.5,14,26.8929
8470616,Ryan Kesler,C,ANA,2017-02,256.0,11,23.2727
8470616,Ryan Kesler,C,ANA,2017-03,371.0,14,26.5
8470616,Ryan Kesler,C,ANA,2017-04,153.5,5,30.7
8470619,Brian Boyle,C,TOR,2016-10,107.0,9,11.8889
8470619,Brian Boyle,C,TOR,2016-11,135.5,13,10.4231
8470619,Brian Boyle,C,TOR,2016-12,183.5,14,13.1071
8470619,Brian Boyle,C,TOR,2017-01,121.5,9,13.5
8470619,Brian Boyle,C,TOR,2017-02,93.0,10,9.3
8470619,Brian Boyle,C,TOR,2017-03,254.5,14,18.1786
8470619,Brian Boyle,C,TOR,2017-04,66.5,6,11.0833
8470621,Corey Perry,R,ANA,2016-10,112.0,9,12.4444
8470621,Corey Perry,R,ANA,2016-11,131.0,14,9.3571
8470621,Corey Perry,R,ANA,2016-12,144.0,15,9.6
8470621,Corey Perry,R,ANA,2017-01,124.0,14,8.8571
8470621,Corey Perry,R,ANA,2017-02,104.0,11,9.4545
8470621,Corey Perry,R,ANA,2017-03,166.0,14,11.8571
8470621,Corey Perry,R,ANA,2017-04,64.0,5,12.8
8470622,Patrick Eaves,R,ANA,2016-10,65.5,7,9.3571
8470622,Patrick Eaves,R,ANA,2016-11,166.5,16,10.4062
8470622,Patrick Eaves,R,ANA,2016-12,123.5,14,8.8214
8470622,Patrick Eaves,R,ANA,2017-01,146.0,13,11.2308
8470622,Patrick Eaves,R,ANA,2017-02,80.0,10,8.0
8470622,Patrick Eaves,R,ANA,2017-03,163.0,14,11.6429
8470622,Patrick Eaves,R,ANA,2017-04,63.5,5,12.7
8470626,Loui Eriksson,L,VAN,2016-10,28.5,9,3.1667
8470626,Loui Eriksson,L,VAN,2016-11,108.5,14,7.75
8470626,Loui Eriksson,L,VAN,2016-12,79.0,15,5.2667
8470626,Loui Eriksson,L,VAN,2017-01,82.0,12,6.8333
8470626,Loui Eriksson,L,VAN,2017-02,63.0,12,5.25
8470626,Loui Eriksson,L,VAN,2017-03,3.5,3,1.1667
8470630,Kevin Klein,D,NYR,2016-10,98.0,6,16.3333
8470630,Kevin Klein,D,NYR,2016-11,241.0,15,16.0667
8470630,Kevin Klein,D,NYR,2016-12,257.5,14,18.3929
8470630,Kevin Klein,D,NYR,2017-01,191.5,11,17.4091
8470630,Kevin Klein,D,NYR,2017-02,104.5,8,13.0625
8470630,Kevin Klein,D,NYR,2017-03,34.0,2,17.0
8470630,Kevin Klein,D,NYR,2017-04,35.0,4,8.75
8470638,Patrice Bergeron,C,BOS,2016-10,86.5,5,17.3
8470638,Patrice Bergeron,C,BOS,2016-11,215.5,15,14.3667
8470638,Patrice Bergeron,C,BOS,2016-12,261.0,16,16.3125
8470638,Patrice Bergeron,C,BOS,2017-01,233.0,14,16.6429
8470638,Patrice Bergeron,C,BOS,2017-02,187.5,10,18.75
8470638,Patrice Bergeron,C,BOS,2017-03,254.0,14,18.1429
8470638,Patrice Bergeron,C,BOS,2017-04,80.5,5,16.1
8470640,Matt Carle,D,NSH,2016-10,34.0,6,5.6667
8470642,Shea Weber,D,MTL,2016-10,155.0,9,17.2222
8470642,Shea Weber,D,MTL,2016-11,183.0,14,13.0714
8470642,Shea Weber,D,MTL,2016-12,212.5,14,15.1786
8470642,Shea Weber,D,MTL,2017-01,174.0,14,12.4286
8470642,Shea Weber,D,MTL,2017-02,157.0,13,12.0769
8470642,Shea Weber,D,MTL,2017-03,160.0,13,12.3077
8470642,Shea Weber,D,MTL,2017-04,3.5,1,3.5
8470644,Colin McDonald,R,PHI,2017-04,41.5,3,13.8333
8470645,Corey Crawford,G,CHI,2016-10,0.5,0,0.0
8470645,Corey Crawford,G,CHI,2016-11,-13.5,0,0.0
8470645,Corey Crawford,G,CHI,2016-12,3.0,0,0.0
8470645,Corey Crawford,G,CHI,2017-01,-4.5,0,0.0
8470645,Corey Crawford,G,CHI,2017-02,3.0,0,0.0
8470645,Corey Crawford,G,CHI,2017-03,-4.5,0,0.0
8470645,Corey Crawford,G,CHI,2017-04,-2.5,0,0.0
8470655,David Backes,R,BOS,2016-10,158.0,5,31.6
8470655,David Backes,R,BOS,2016-11,199.5,13,15.3462
8470655,David Backes,R,BOS,2016-12,255.5,15,17.0333
8470655,David Backes,R,BOS,2017-01,189.5,12,15.7917
8470655,David Backes,R,BOS,2017-02,161.5,10,16.15
8470655,David Backes,R,BOS,2017-03,219.5,14,15.6786
8470655,David Backes,R,BOS,2017-04,78.0,5,15.6
8470657,Jimmy Howard,G,DET,2016-11,-5.0,0,0.0
8470657,Jimmy Howard,G,DET,2016-12,-2.5,0,0.0
8470657,Jimmy Howard,G,DET,2017-03,-2.5,0,0.0
8470657,Jimmy Howard,G,DET,2017-04,-5.0,0,0.0
8470667,Clarke MacArthur,L,OTT,2017-04,22.5,4,5.625
8470724,Kyle Quincey,D,CBJ,2016-10,97.5,8,12.1875
8470724,Kyle Quincey,D,CBJ,2016-11,171.5,14,12.25
8470724,Kyle Quincey,D,CBJ,2016-12,138.0,13,10.6154
8470724,Kyle Quincey,D,CBJ,2017-01,165.0,14,11.7857
8470724,Kyle Quincey,D,CBJ,2017-02,38.5,4,9.625
8470724,Kyle Quincey,D,CBJ,2017-03,157.0,15,10.4667
8470724,Kyle Quincey,D,CBJ,2017-04,62.0,5,12.4
8470740,Lee Stempniak,R,CAR,2016-10,103.5,8,12.9375
8470740,Lee Stempniak,R,CAR,2016-11,139.5,14,9.9643
8470740,Lee Stempniak,R,CAR,2016-12,138.0,14,9.8571
8470740,Lee Stempniak,R,CAR,2017-01,144.0,13,11.0769
8470740,Lee Stempniak,R,CAR,2017-02,112.0,10,11.2
8470740,Lee Stempniak,R,CAR,2017-03,150.0,17,8.8235
8470740,Lee Stempniak,R,CAR,2017-04,46.5,6,7.75
8470750,John Mitchell,C,COL,2016-10,11.0,2,5.5
8470750,John Mitchell,C,COL,2016-11,175.5,14,12.5357
8470750,John Mitchell,C,COL,2016-12,175.5,15,11.7
8470750,John Mitchell,C,COL,2017-01,86.5,8,10.8125
8470750,John Mitchell,C,COL,2017-02,162.0,14,11.5714
8470750,John Mitchell,C,COL,2017-03,124.5,12,10.375
8470755,Brad Richardson,R,ARI,2016-10,134.0,8,16.75
8470755,Brad Richardson,R,ARI,2016-11,148.5,8,18.5625
8470760,Marc Methot,D,OTT,2016-10,104.5,8,13.0625
8470760,Marc Methot,D,OTT,2016-11,152.5,15,10.1667
8470760,Marc Methot,D,OTT,2016-12,160.0,9,17.7778
8470760,Marc Methot,D,OTT,2017-01,164.5,12,13.7083
8470760,Marc Methot,D,OTT,2017-02,151.0,12,12.5833
8470760,Marc Methot,D,OTT,2017-03,150.0,12,12.5
8470775,Nate Thompson,C,ANA,2017-01,11.0,1,11.0
8470775,Nate Thompson,C,ANA,2017-02,153.5,11,13.9545
8470775,Nate Thompson,C,ANA,2017-03,185.0,14,13.2143
8470775,Nate Thompson,C,ANA,2017-04,55.0,4,13.75
8470778,Drew Miller,L,DET,2016-10,89.0,10,8.9
8470778,Drew Miller,L,DET,2016-11,61.0,7,8.7143
8470778,Drew Miller,L,DET,2016-12,99.5,8,12.4375
8470778,Drew Miller,L,DET,2017-01,103.5,10,10.35
8470778,Drew Miller,L,DET,2017-02,5.0,1,5.0
8470778,Drew Miller,L,DET,2017-03,135.0,16,8.4375
8470778,Drew Miller,L,DET,2017-04,33.5,3,11.1667
8470794,Joe Pavelski,C,SJS,2016-10,201.5,9,22.3889
8470794,Joe Pavelski,C,SJS,2016-11,231.5,15,15.4333
8470794,Joe Pavelski,C,SJS,2016-12,212.5,13,16.3462
8470794,Joe Pavelski,C,SJS,2017-01,191.5,14,13.6786
8470794,Joe Pavelski,C,SJS,2017-02,152.5,11,13.8636
8470794,Joe Pavelski,C,SJS,2017-03,236.0,16,14.75
8470794,Joe Pavelski,C,SJS,2017-04,29.5,3,9.8333
8470803,Kyle Brodziak,C,STL,2016-10,53.0,8,6.625
8470803,Kyle Brodziak,C,STL,2016-11,170.0,14,12.1429
8470803,Kyle Brodziak,C,STL,2016-12,139.0,14,9.9286
8470803,Kyle Brodziak,C,STL,2017-01,131.0,11,11.9091
8470803,Kyle Brodziak,C,STL,2017-02,40.0,4,10.0
8470803,Kyle Brodziak,C,STL,2017-03,224.0,14,16.0
8470803,Kyle Brodziak,C,STL,2017-04,74.0,4,18.5
8470828,Toby Enstrom,D,WPG,2016-10,82.0,9,9.1111
8470828,Toby Enstrom,D,WPG,2016-11,106.0,13,8.1538
8470828,Toby Enstrom,D,WPG,2016-12,137.5,14,9.8214
8470828,Toby Enstrom,D,WPG,2017-01,131.5,14,9.3929
8470828,Toby Enstrom,D,WPG,2017-02,68.5,6,11.4167
8470828,Toby Enstrom,D,WPG,2017-03,42.0,4,10.5
8470834,Dustin Byfuglien,D,WPG,2016-10,146.5,9,16.2778
8470834,Dustin Byfuglien,D,WPG,2016-11,263.0,16,16.4375
8470834,Dustin Byfuglien,D,WPG,2016-12,214.0,14,15.2857
8470834,Dustin Byfuglien,D,WPG,2017-01,202.0,14,14.4286
8470834,Dustin Byfuglien,D,WPG,2017-02,200.0,11,18.1818
8470834,Dustin Byfuglien,D,WPG,2017-03,194.5,12,16.2083
8470834,Dustin Byfuglien,D,WPG,2017-04,46.5,4,11.625
8470852,Matt Moulson,L,BUF,2016-10,68.5,8,8.5625
8470852,Matt Moulson,L,BUF,2016-11,31.5,14,2.25
8470852,Matt Moulson,L,BUF,2016-12,86.5,14,6.1786
8470852,Matt Moulson,L,BUF,2017-01,35.5,13,2.7308
8470852,Matt Moulson,L,BUF,2017-02,55.0,14,3.9286
8470852,Matt Moulson,L,BUF,2017-03,53.0,14,3.7857
8470852,Matt Moulson,L,BUF,2017-04,2.0,4,0.5
8470854,Tanner Glass,L,NYR,2017-03,99.0,7,14.1429
8470854,Tanner Glass,L,NYR,2017-04,78.0,4,19.5
8470860,Jaroslav Halak,G,NYI,2016-10,-7.5,0,0.0
8470860,Jaroslav Halak,G,NYI,2016-11,0.5,0,0.0
8470860,Jaroslav Halak,G,NYI,2016-12,-7.0,0,0.0
8470860,Jaroslav Halak,G,NYI,2017-03,-2.5,0,0.0
8470860,Jaroslav Halak,G,NYI,2017-04,-5.0,0,0.0
8470880,Brian Elliott,G,CGY,2016-10,-10.0,0,0.0
8470880,Brian Elliott,G,CGY,2016-11,-10.0,0,0.0
8470880,Brian Elliott,G,CGY,2016-12,-5.0,0,0.0
8470880,Brian Elliott,G,CGY,2017-01,-10.0,0,0.0
8470880,Brian Elliott,G,CGY,2017-02,-5.0,0,0.0
8470880,Brian Elliott,G,CGY,2017-03,-6.0,0,0.0
8470880,Brian Elliott,G,CGY,2017-04,-7.5,0,0.0
8470886,Clayton Stoner,D,ANA,2016-10,108.5,6,18.0833
8470886,Clayton Stoner,D,ANA,2016-11,151.5,8,18.9375
8470966,Mark Giordano,D,CGY,2016-10,156.0,10,15.6
8470966,Mark Giordano,D,CGY,2016-11,225.0,16,14.0625
8470966,Mark Giordano,D,CGY,2016-12,187.5,13,14.4231
8470966,Mark Giordano,D,CGY,2017-01,172.5,13,13.2692
8470966,Mark Giordano,D,CGY,2017-02,190.0,12,15.8333
8470966,Mark Giordano,D,CGY,2017-03,171.0,14,12.2143
8470966,Mark Giordano,D,CGY,2017-04,33.0,3,11.0
8471214,Alex Ovechkin,L,WSH,2016-10,132.5,8,16.5625
8471214,Alex Ovechkin,L,WSH,2016-11,169.5,13,13.0385
8471214,Alex Ovechkin,L,WSH,2016-12,169.0,14,12.0714
8471214,Alex Ovechkin,L,WSH,2017-01,210.0,15,14.0
8471214,Alex Ovechkin,L,WSH,2017-02,153.0,12,12.75
8471214,Alex Ovechkin,L,WSH,2017-03,179.5,15,11.9667
8471214,Alex Ovechkin,L,WSH,2017-04,91.0,5,18.2
8471215,Evgeni Malkin,C,PIT,2016-10,103.0,9,11.4444
8471215,Evgeni Malkin,C,PIT,2016-11,182.5,14,13.0357
8471215,Evgeni Malkin,C,PIT,2016-12,150.0,15,10.0
8471215,Evgeni Malkin,C,PIT,2017-01,162.5,9,18.0556
8471215,Evgeni Malkin,C,PIT,2017-02,127.0,7,18.1429
8471215,Evgeni Malkin,C,PIT,2017-03,121.0,8,15.125
8471217,Andrew Ladd,L,NYI,2016-10,89.0,9,9.8889
8471217,Andrew Ladd,L,NYI,2016-11,102.0,13,7.8462
8471217,Andrew Ladd,L,NYI,2016-12,159.5,14,11.3929
8471217,Andrew Ladd,L,NYI,2017-01,65.5,8,8.1875
8471217,Andrew Ladd,L,NYI,2017-02,119.0,13,9.1538
8471217,Andrew Ladd,L,NYI,2017-03,204.5,16,12.7812
8471217,Andrew Ladd,L,NYI,2017-04,60.0,5,12.0
8471218,Blake Wheeler,R,WPG,2016-10,134.0,9,14.8889
8471218,Blake Wheeler,R,WPG,2016-11,214.5,16,13.4062
8471218,Blake Wheeler,R,WPG,2016-12,146.0,14,10.4286
8471218,Blake Wheeler,R,WPG,2017-01,144.5,14,10.3214
8471218,Blake Wheeler,R,WPG,2017-02,114.0,11,10.3636
8471218,Blake Wheeler,R,WPG,2017-03,114.0,14,8.1429
8471218,Blake Wheeler,R,WPG,2017-04,40.0,4,10.0
8471219,Al Montoya,G,MTL,2016-10,-7.5,0,0.0
8471219,Al Montoya,G,MTL,2016-11,8.5,0,0.0
8471219,Al Montoya,G,MTL,2016-12,-2.5,0,0.0
8471219,Al Montoya,G,MTL,2017-01,-2.5,0,0.0
8471219,Al Montoya,G,MTL,2017-02,-7.5,0,0.0
8471219,Al Montoya,G,MTL,2017-03,-5.0,0,0.0
8471226,Drew Stafford,R,BOS,2016-10,4.5,6,0.75
8471226,Drew Stafford,R,BOS,2016-11,28.5,4,7.125
8471226,Drew Stafford,R,BOS,2016-12,97.5,14,6.9643
8471226,Drew Stafford,R,BOS,2017-01,41.5,10,4.15
8471226,Drew Stafford,R,BOS,2017-02,25.5,6,4.25
8471226,Drew Stafford,R,BOS,2017-03,109.5,13,8.4231
8471226,Drew Stafford,R,BOS,2017-04,22.0,5,4.4
8471227,Devan Dubnyk,G,MIN,2016-10,-2.0,0,0.0
8471227,Devan Dubnyk,G,MIN,2016-11,-1.5,0,0.0
8471227,Devan Dubnyk,G,MIN,2016-12,-11.0,0,0.0
8471227,Devan Dubnyk,G,MIN,2017-01,-7.5,0,0.0
8471227,Devan Dubnyk,G,MIN,2017-02,-2.0,0,0.0
8471227,Devan Dubnyk,G,MIN,2017-03,-12.0,0,0.0
8471227,Devan Dubnyk,G,MIN,2017-04,-2.5,0,0.0
8471228,Alexander Radulov,R,MTL,2016-10,148.0,9,16.4444
8471228,Alexander Radulov,R,MTL,2016-11,100.0,12,8.3333
8471228,Alexander Radulov,R,MTL,2016-12,151.5,14,10.8214
8471228,Alexander Radulov,R,MTL,2017-01,130.5,14,9.3214
8471228,Alexander Radulov,R,MTL,2017-02,191.5,13,14.7308
8471228,Alexander Radulov,R,MTL,2017-03,99.0,10,9.9
8471228,Alexander Radulov,R,MTL,2017-04,47.5,4,11.875
8471232,Lauri Korpikoski,L,CBJ,2016-10,46.5,8,5.8125
8471232,Lauri Korpikoski,L,CBJ,2016-11,100.0,16,6.25
8471232,Lauri Korpikoski,L,CBJ,2016-12,41.0,13,3.1538
8471232,Lauri Korpikoski,L,CBJ,2017-01,78.0,12,6.5
8471232,Lauri Korpikoski,L,CBJ,2017-02,53.5,11,4.8636
8471232,Lauri Korpikoski,L,CBJ,2017-03,28.0,7,4.0
8471232,Lauri Korpikoski,L,CBJ,2017-04,18.0,2,9.0
8471233,Travis Zajac,C,NJD,2016-10,155.5,8,19.4375
8471233,Travis Zajac,C,NJD,2016-11,239.5,14,17.1071
8471233,Travis Zajac,C,NJD,2016-12,268.5,15,17.9
8471233,Travis Zajac,C,NJD,2017-01,176.0,13,13.5385
8471233,Travis Zajac,C,NJD,2017-02,214.0,11,19.4545
8471233,Travis Zajac,C,NJD,2017-03,199.5,14,14.25
8471233,Travis Zajac,C,NJD,2017-04,74.5,5,14.9
8471239,Cory Schneider,G,NJD,2016-10,-4.5,0,0.0
8471239,Cory Schneider,G,NJD,2016-11,-20.0,0,0.0
8471239,Cory Schneider,G,NJD,2016-12,-9.5,0,0.0
8471239,Cory Schneider,G,NJD,2017-01,3.0,0,0.0
8471239,Cory Schneider,G,NJD,2017-02,-2.0,0,0.0
8471239,Cory Schneider,G,NJD,2017-03,3.5,0,0.0
8471239,Cory Schneider,G,NJD,2017-04,-5.0,0,0.0
8471242,Mike Green,D,DET,2016-10,137.0,10,13.7
8471242,Mike Green,D,DET,2016-11,143.5,13,11.0385
8471242,Mike Green,D,DET,2016-12,117.5,9,13.0556
8471242,Mike Green,D,DET,2017-01,102.5,10,10.25
8471242,Mike Green,D,DET,2017-02,72.0,9,8.0
8471242,Mike Green,D,DET,2017-03,193.0,16,12.0625
8471242,Mike Green,D,DET,2017-04,65.0,5,13.0
8471254,Bryan Bickell,L,CAR,2016-10,62.0,7,8.8571
8471254,Bryan Bickell,L,CAR,2017-04,28.5,4,7.125
8471260,Blake Comeau,L,COL,2016-10,83.0,7,11.8571
8471260,Blake Comeau,L,COL,2016-11,155.0,10,15.5
8471260,Blake Comeau,L,COL,2016-12,240.0,15,16.0
8471260,Blake Comeau,L,COL,2017-01,100.5,11,9.1364
8471260,Blake Comeau,L,COL,2017-02,179.0,14,12.7857
8471260,Blake Comeau,L,COL,2017-03,146.5,16,9.1562
8471260,Blake Comeau,L,COL,2017-04,24.0,4,6.0
8471262,Carl Soderberg,C,COL,2016-10,104.0,7,14.8571
8471262,Carl Soderberg,C,COL,2016-11,171.5,14,12.25
8471262,Carl Soderberg,C,COL,2016-12,190.0,15,12.6667
8471262,Carl Soderberg,C,COL,2017-01,121.0,11,11.0
8471262,Carl Soderberg,C,COL,2017-02,62.5,12,5.2083
8471262,Carl Soderberg,C,COL,2017-03,83.5,16,5.2188
8471262,Carl Soderberg,C,COL,2017-04,35.0,5,7.0
8471269,Nicklas Grossmann,D,CGY,2016-10,25.5,2,12.75
8471269,Nicklas Grossmann,D,CGY,2016-11,3.5,1,3.5
8471273,Brandon Dubinsky,C,CBJ,2016-10,145.5,7,20.7857
8471273,Brandon Dubinsky,C,CBJ,2016-11,304.5,12,25.375
8471273,Brandon Dubinsky,C,CBJ,2016-12,260.0,14,18.5714
8471273,Brandon Dubinsky,C,CBJ,2017-01,306.5,14,21.8929
8471273,Brandon Dubinsky,C,CBJ,2017-02,343.0,12,28.5833
8471273,Brandon Dubinsky,C,CBJ,2017-03,427.5,16,26.7188
8471273,Brandon Dubinsky,C,CBJ,2017-04,113.0,5,22.6
8471274,Alex Goligoski,D,ARI,2016-10,61.0,8,7.625
8471274,Alex Goligoski,D,ARI,2016-11,161.0,13,12.3846
8471274,Alex Goligoski,D,ARI,2016-12,231.5,16,14.4688
8471274,Alex Goligoski,D,ARI,2017-01,183.5,12,15.2917
8471274,Alex Goligoski,D,ARI,2017-02,195.0,13,15.0
8471274,Alex Goligoski,D,ARI,2017-03,210.0,16,13.125
8471274,Alex Goligoski,D,ARI,2017-04,34.0,4,8.5
8471276,David Krejci,C,BOS,2016-10,109.5,8,13.6875
8471276,David Krejci,C,BOS,2016-11,223.0,15,14.8667
8471276,David Krejci,C,BOS,2016-12,235.5,16,14.7188
8471276,David Krejci,C,BOS,2017-01,152.0,14,10.8571
8471276,David Krejci,C,BOS,2017-02,153.0,10,15.3
8471276,David Krejci,C,BOS,2017-03,150.5,14,10.75
8471276,David Krejci,C,BOS,2017-04,54.0,5,10.8
8471284,Andrej Sekera,D,EDM,2016-10,121.5,9,13.5
8471284,Andrej Sekera,D,EDM,2016-11,162.0,15,10.8
8471284,Andrej Sekera,D,EDM,2016-12,104.5,12,8.7083
8471284,Andrej Sekera,D,EDM,2017-01,151.5,14,10.8214
8471284,Andrej Sekera,D,EDM,2017-02,134.0,12,11.1667
8471284,Andrej Sekera,D,EDM,2017-03,162.5,13,12.5
8471284,Andrej Sekera,D,EDM,2017-04,54.5,5,10.9
8471296,Alexei Emelin,D,MTL,2016-10,216.5,9,24.0556
8471296,Alexei Emelin,D,MTL,2016-11,267.0,14,19.0714
8471296,Alexei Emelin,D,MTL,2016-12,287.0,12,23.9167
8471296,Alexei Emelin,D,MTL,2017-01,223.0,14,15.9286
8471296,Alexei Emelin,D,MTL,2017-02,249.0,13,19.1538
8471296,Alexei Emelin,D,MTL,2017-03,235.0,11,21.3636
8471296,Alexei Emelin,D,MTL,2017-04,38.0,3,12.6667
8471303,Alexander Edler,D,VAN,2016-10,196.5,9,21.8333
8471303,Alexander Edler,D,VAN,2016-11,154.0,12,12.8333
8471303,Alexander Edler,D,VAN,2016-12,82.0,3,27.3333
8471303,Alexander Edler,D,VAN,2017-01,201.0,12,16.75
8471303,Alexander Edler,D,VAN,2017-02,150.0,12,12.5
8471303,Alexander Edler,D,VAN,2017-03,207.0,15,13.8
8471303,Alexander Edler,D,VAN,2017-04,67.0,5,13.4
8471306,Thomas Greiss,G,NYI,2016-10,-7.5,0,0.0
8471306,Thomas Greiss,G,NYI,2016-11,-2.5,0,0.0
8471306,Thomas Greiss,G,NYI,2016-12,-12.5,0,0.0
8471306,Thomas Greiss,G,NYI,2017-01,-20.0,0,0.0
8471306,Thomas Greiss,G,NYI,2017-02,-1.0,0,0.0
8471306,Thomas Greiss,G,NYI,2017-03,3.5,0,0.0
8471306,Thomas Greiss,G,NYI,2017-04,-2.5,0,0.0
8471331,Kevin Porter,C,PIT,2017-04,33.5,2,16.75
8471338,Torrey Mitchell,C,MTL,2016-10,128.0,9,14.2222
8471338,Torrey Mitchell,C,MTL,2016-11,210.0,14,15.0
8471338,Torrey Mitchell,C,MTL,2016-12,176.0,14,12.5714
8471338,Torrey Mitchell,C,MTL,2017-01,198.5,14,14.1786
8471338,Torrey Mitchell,C,MTL,2017-02,139.0,13,10.6923
8471338,Torrey Mitchell,C,MTL,2017-03,146.0,12,12.1667
8471338,Torrey Mitchell,C,MTL,2017-04,17.5,2,8.75
8471339,Ryan Callahan,R,TBL,2016-10,18.0,1,18.0
8471339,Ryan Callahan,R,TBL,2016-11,199.0,14,14.2143
8471339,Ryan Callahan,R,TBL,2017-01,58.5,3,19.5
8471346,Kris Versteeg,R,CGY,2016-10,51.0,10,5.1
8471346,Kris Versteeg,R,CGY,2016-11,19.0,6,3.1667
8471346,Kris Versteeg,R,CGY,2016-12,77.0,11,7.0
8471346,Kris Versteeg,R,CGY,2017-01,43.0,13,3.3077
8471346,Kris Versteeg,R,CGY,2017-02,101.5,12,8.4583
8471346,Kris Versteeg,R,CGY,2017-03,89.0,14,6.3571
8471346,Kris Versteeg,R,CGY,2017-04,14.5,3,4.8333
8471385,Adam Pardy,D,NSH,2016-12,37.0,4,9.25
8471392,Roman Polak,D,TOR,2016-10,107.0,6,17.8333
8471392,Roman Polak,D,TOR,2016-11,262.5,12,21.875
8471392,Roman Polak,D,TOR,2016-12,171.0,12,14.25
8471392,Roman Polak,D,TOR,2017-01,257.5,13,19.8077
8471392,Roman Polak,D,TOR,2017-02,231.5,14,16.5357
8471392,Roman Polak,D,TOR,2017-03,225.0,12,18.75
8471392,Roman Polak,D,TOR,2017-04,104.5,6,17.4167
8471418,Anton Khudobin,G,BOS,2016-12,-2.5,0,0.0
8471418,Anton Khudobin,G,BOS,2017-03,-7.5,0,0.0
8471426,Troy Brouwer,R,CGY,2016-10,146.5,10,14.65
8471426,Troy Brouwer,R,CGY,2016-11,193.0,16,12.0625
8471426,Troy Brouwer,R,CGY,2016-12,94.5,10,9.45
8471426,Troy Brouwer,R,CGY,2017-01,83.0,8,10.375
8471426,Troy Brouwer,R,CGY,2017-02,161.0,12,13.4167
8471426,Troy Brouwer,R,CGY,2017-03,150.5,14,10.75
8471426,Troy Brouwer,R,CGY,2017-04,27.5,4,6.875
8471436,Matt Hunwick,D,TOR,2016-10,73.0,6,12.1667
8471436,Matt Hunwick,D,TOR,2016-11,118.5,9,13.1667
8471436,Matt Hunwick,D,TOR,2016-12,170.0,12,14.1667
8471436,Matt Hunwick,D,TOR,2017-01,98.5,13,7.5769
8471436,Matt Hunwick,D,TOR,2017-02,127.0,12,10.5833
8471436,Matt Hunwick,D,TOR,2017-03,157.0,14,11.2143
8471436,Matt Hunwick,D,TOR,2017-04,35.5,6,5.9167
8471469,Pekka Rinne,G,NSH,2016-10,-2.5,0,0.0
8471469,Pekka Rinne,G,NSH,2016-11,-5.0,0,0.0
8471469,Pekka Rinne,G,NSH,2016-12,-11.5,0,0.0
8471469,Pekka Rinne,G,NSH,2017-01,-25.0,0,0.0
8471469,Pekka Rinne,G,NSH,2017-02,3.5,0,0.0
8471469,Pekka Rinne,G,NSH,2017-03,-12.5,0,0.0
8471469,Pekka Rinne,G,NSH,2017-04,-5.0,0,0.0
8471476,Daniel Winnik,L,WSH,2016-10,40.0,6,6.6667
8471476,Daniel Winnik,L,WSH,2016-11,31.0,8,3.875
8471476,Daniel Winnik,L,WSH,2016-12,92.0,11,8.3636
8471476,Daniel Winnik,L,WSH,2017-01,139.5,15,9.3
8471476,Daniel Winnik,L,WSH,2017-02,88.5,12,7.375
8471476,Daniel Winnik,L,WSH,2017-03,85.0,15,5.6667
8471476,Daniel Winnik,L,WSH,2017-04,29.5,5,5.9
8471490,Adam Cracknell,R,DAL,2016-10,89.5,8,11.1875
8471490,Adam Cracknell,R,DAL,2016-11,150.0,15,10.0
8471490,Adam Cracknell,R,DAL,2016-12,89.0,12,7.4167
8471490,Adam Cracknell,R,DAL,2017-01,156.0,9,17.3333
8471490,Adam Cracknell,R,DAL,2017-02,111.5,8,13.9375
8471490,Adam Cracknell,R,DAL,2017-03,100.0,12,8.3333
8471490,Adam Cracknell,R,DAL,2017-04,25.5,5,5.1
8471498,Jannik Hansen,R,SJS,2016-10,89.5,9,9.9444
8471498,Jannik Hansen,R,SJS,2016-11,29.0,3,9.6667
8471498,Jannik Hansen,R,SJS,2016-12,48.5,6,8.0833
8471498,Jannik Hansen,R,SJS,2017-02,51.0,10,5.1
8471498,Jannik Hansen,R,SJS,2017-03,133.5,11,12.1364
8471498,Jannik Hansen,R,SJS,2017-04,28.5,4,7.125
8471504,Rene Bourque,R,COL,2016-10,78.0,5,15.6
8471504,Rene Bourque,R,COL,2016-11,106.0,14,7.5714
8471504,Rene Bourque,R,COL,2016-12,114.5,15,7.6333
8471504,Rene Bourque,R,COL,2017-01,59.0,8,7.375
8471504,Rene Bourque,R,COL,2017-02,10.0,3,3.3333
8471504,Rene Bourque,R,COL,2017-03,113.5,15,7.5667
8471504,Rene Bourque,R,COL,2017-04,18.0,5,3.6
8471657,Cody McLeod,L,NSH,2016-10,14.0,3,4.6667
8471657,Cody McLeod,L,NSH,2016-11,98.5,11,8.9545
8471657,Cody McLeod,L,NSH,2016-12,103.5,10,10.35
8471657,Cody McLeod,L,NSH,2017-01,195.5,12,16.2917
8471657,Cody McLeod,L,NSH,2017-02,64.5,5,12.9
8471657,Cody McLeod,L,NSH,2017-03,228.0,14,16.2857
8471657,Cody McLeod,L,NSH,2017-04,53.0,4,13.25
8471663,Mike Blunden,R,OTT,2016-11,16.5,1,16.5
8471663,Mike Blunden,R,OTT,2017-02,31.0,1,31.0
8471664,Mason Raymond,L,ANA,2016-10,6.5,4,1.625
8471669,Paul Stastny,C,STL,2016-10,157.5,9,17.5
8471669,Paul Stastny,C,STL,2016-11,187.5,14,13.3929
8471669,Paul Stastny,C,STL,2016-12,209.0,13,16.0769
8471669,Paul Stastny,C,STL,2017-01,262.5,13,20.1923
8471669,Paul Stastny,C,STL,2017-02,117.5,8,14.6875
8471669,Paul Stastny,C,STL,2017-03,115.5,9,12.8333
8471675,Sidney Crosby,C,PIT,2016-10,38.0,3,12.6667
8471675,Sidney Crosby,C,PIT,2016-11,237.5,14,16.9643
8471675,Sidney Crosby,C,PIT,2016-12,225.5,15,15.0333
8471675,Sidney Crosby,C,PIT,2017-01,144.5,11,13.1364
8471675,Sidney Crosby,C,PIT,2017-02,205.5,12,17.125
8471675,Sidney Crosby,C,PIT,2017-03,212.0,16,13.25
8471675,Sidney Crosby,C,PIT,2017-04,48.5,4,12.125
8471676,Bobby Ryan,R,OTT,2016-10,65.0,8,8.125
8471676,Bobby Ryan,R,OTT,2016-11,109.5,13,8.4231
8471676,Bobby Ryan,R,OTT,2016-12,111.5,10,11.15
8471676,Bobby Ryan,R,OTT,2017-01,147.0,11,13.3636
8471676,Bobby Ryan,R,OTT,2017-02,108.5,8,13.5625
8471676,Bobby Ryan,R,OTT,2017-03,184.0,9,20.4444
8471676,Bobby Ryan,R,OTT,2017-04,31.5,3,10.5
8471677,Jack Johnson,D,CBJ,2016-10,119.5,7,17.0714
8471677,Jack Johnson,D,CBJ,2016-11,136.0,14,9.7143
8471677,Jack Johnson,D,CBJ,2016-12,187.0,14,13.3571
8471677,Jack Johnson,D,CBJ,2017-01,216.0,14,15.4286
8471677,Jack Johnson,D,CBJ,2017-02,138.0,12,11.5
8471677,Jack Johnson,D,CBJ,2017-03,160.5,16,10.0312
8471677,Jack Johnson,D,CBJ,2017-04,60.0,5,12.0
8471678,Benoit Pouliot,L,EDM,2016-10,99.0,9,11.0
8471678,Benoit Pouliot,L,EDM,2016-11,74.5,12,6.2083
8471678,Benoit Pouliot,L,EDM,2016-12,65.5,12,5.4583
8471678,Benoit Pouliot,L,EDM,2017-01,100.0,14,7.1429
8471678,Benoit Pouliot,L,EDM,2017-02,16.5,4,4.125
8471678,Benoit Pouliot,L,EDM,2017-03,62.5,11,5.6818
8471678,Benoit Pouliot,L,EDM,2017-04,41.0,5,8.2
8471679,Carey Price,G,MTL,2016-10,-7.5,0,0.0
8471679,Carey Price,G,MTL,2016-11,-14.5,0,0.0
8471679,Carey Price,G,MTL,2016-12,-3.5,0,0.0
8471679,Carey Price,G,MTL,2017-01,-32.0,0,0.0
8471679,Carey Price,G,MTL,2017-02,-9.5,0,0.0
8471679,Carey Price,G,MTL,2017-03,-3.0,0,0.0
8471681,Jack Skille,R,VAN,2016-10,57.5,6,9.5833
8471681,Jack Skille,R,VAN,2016-11,76.0,10,7.6
8471681,Jack Skille,R,VAN,2016-12,110.0,15,7.3333
8471681,Jack Skille,R,VAN,2017-01,97.5,12,8.125
8471681,Jack Skille,R,VAN,2017-02,72.5,9,8.0556
8471681,Jack Skille,R,VAN,2017-03,31.0,3,10.3333
8471682,Devin Setoguchi,R,LAK,2016-10,63.5,9,7.0556
8471682,Devin Setoguchi,R,LAK,2016-11,121.0,14,8.6429
8471682,Devin Setoguchi,R,LAK,2016-12,97.0,8,12.125
8471682,Devin Setoguchi,R,LAK,2017-01,72.5,11,6.5909
8471682,Devin Setoguchi,R,LAK,2017-02,15.5,3,5.1667
8471685,Anze Kopitar,C,LAK,2016-10,201.0,9,22.3333
8471685,Anze Kopitar,C,LAK,2016-11,175.5,9,19.5
8471685,Anze Kopitar,C,LAK,2016-12,268.5,14,19.1786
8471685,Anze Kopitar,C,LAK,2017-01,196.5,12,16.375
8471685,Anze Kopitar,C,LAK,2017-02,209.0,13,16.0769
8471685,Anze Kopitar,C,LAK,2017-03,234.5,14,16.75
8471685,Anze Kopitar,C,LAK,2017-04,92.0,5,18.4
8471686,Marc Staal,D,NYR,2016-10,91.5,9,10.1667
8471686,Marc Staal,D,NYR,2016-11,178.5,15,11.9
8471686,Marc Staal,D,NYR,2016-12,123.5,15,8.2333
8471686,Marc Staal,D,NYR,2017-01,7.5,2,3.75
8471686,Marc Staal,D,NYR,2017-02,163.0,13,12.5385
8471686,Marc Staal,D,NYR,2017-03,167.5,15,11.1667
8471686,Marc Staal,D,NYR,2017-04,58.5,3,19.5
8471691,Martin Hanzal,C,MIN,2016-10,219.5,8,27.4375
8471691,Martin Hanzal,C,MIN,2016-11,132.5,8,16.5625
8471691,Martin Hanzal,C,MIN,2016-12,395.0,16,24.6875
8471691,Martin Hanzal,C,MIN,2017-01,218.5,9,24.2778
8471691,Martin Hanzal,C,MIN,2017-02,314.0,12,26.1667
8471691,Martin Hanzal,C,MIN,2017-03,229.0,13,17.6154
8471691,Martin Hanzal,C,MIN,2017-04,104.0,5,20.8
8471693,Jakub Kindl,D,FLA,2016-11,59.5,6,9.9167
8471693,Jakub Kindl,D,FLA,2016-12,101.5,12,8.4583
8471693,Jakub Kindl,D,FLA,2017-01,107.0,10,10.7
8471693,Jakub Kindl,D,FLA,2017-03,71.0,9,7.8889
8471693,Jakub Kindl,D,FLA,2017-04,7.0,2,3.5
8471695,Tuukka Rask,G,BOS,2016-11,-7.0,0,0.0
8471695,Tuukka Rask,G,BOS,2016-12,-2.5,0,0.0
8471695,Tuukka Rask,G,BOS,2017-01,-2.5,0,0.0
8471695,Tuukka Rask,G,BOS,2017-02,5.5,0,0.0
8471698,T.J. Oshie,R,WSH,2016-10,99.5,8,12.4375
8471698,T.J. Oshie,R,WSH,2016-11,110.5,9,12.2778
8471698,T.J. Oshie,R,WSH,2016-12,166.0,11,15.0909
8471698,T.J. Oshie,R,WSH,2017-01,158.5,13,12.1923
8471698,T.J. Oshie,R,WSH,2017-02,113.5,9,12.6111
8471698,T.J. Oshie,R,WSH,2017-03,215.5,14,15.3929
8471698,T.J. Oshie,R,WSH,2017-04,45.5,4,11.375
8471699,Andrew Cogliano,C,ANA,2016-10,88.0,9,9.7778
8471699,Andrew Cogliano,C,ANA,2016-11,113.0,14,8.0714
8471699,Andrew Cogliano,C,ANA,2016-12,83.5,15,5.5667
8471699,Andrew Cogliano,C,ANA,2017-01,63.5,14,4.5357
8471699,Andrew Cogliano,C,ANA,2017-02,90.0,11,8.1818
8471699,Andrew Cogliano,C,ANA,2017-03,90.0,14,6.4286
8471699,Andrew Cogliano,C,ANA,2017-04,28.0,5,5.6
8471702,Matt Niskanen,D,WSH,2016-10,115.5,8,14.4375
8471702,Matt Niskanen,D,WSH,2016-11,98.5,13,7.5769
8471702,Matt Niskanen,D,WSH,2016-12,155.5,13,11.9615
8471702,Matt Niskanen,D,WSH,2017-01,221.0,15,14.7333
8471702,Matt Niskanen,D,WSH,2017-02,132.5,10,13.25
8471702,Matt Niskanen,D,WSH,2017-03,190.5,15,12.7
8471702,Matt Niskanen,D,WSH,2017-04,45.0,4,11.25
8471707,James Neal,L,NSH,2016-10,68.5,8,8.5625
8471707,James Neal,L,NSH,2016-11,153.0,12,12.75
8471707,James Neal,L,NSH,2016-12,85.5,12,7.125
8471707,James Neal,L,NSH,2017-01,54.0,9,6.0
8471707,James Neal,L,NSH,2017-02,111.0,13,8.5385
8471707,James Neal,L,NSH,2017-03,118.5,14,8.4643
8471707,James Neal,L,NSH,2017-04,14.0,2,7.0
8471709,Marc-Edouard Vlasic,D,SJS,2016-10,73.0,9,8.1111
8471709,Marc-Edouard Vlasic,D,SJS,2016-11,156.0,15,10.4
8471709,Marc-Edouard Vlasic,D,SJS,2016-12,129.0,11,11.7273
8471709,Marc-Edouard Vlasic,D,SJS,2017-01,98.0,11,8.9091
8471709,Marc-Edouard Vlasic,D,SJS,2017-02,106.5,11,9.6818
8471709,Marc-Edouard Vlasic,D,SJS,2017-03,133.5,14,9.5357
8471709,Marc-Edouard Vlasic,D,SJS,2017-04,33.5,4,8.375
8471710,Taylor Chorney,D,WSH,2016-11,17.5,3,5.8333
8471710,Taylor Chorney,D,WSH,2016-12,48.0,3,16.0
8471710,Taylor Chorney,D,WSH,2017-01,117.0,8,14.625
8471710,Taylor Chorney,D,WSH,2017-02,34.0,3,11.3333
8471710,Taylor Chorney,D,WSH,2017-04,6.0,1,6.0
8471715,Ondrej Pavelec,G,WPG,2017-01,-2.5,0,0.0
8471716,Justin Abdelkader,L,DET,2016-10,144.0,8,18.0
8471716,Justin Abdelkader,L,DET,2016-11,180.0,13,13.8462
8471716,Justin Abdelkader,L,DET,2016-12,3.0,1,3.0
8471716,Justin Abdelkader,L,DET,2017-01,127.0,10,12.7
8471716,Justin Abdelkader,L,DET,2017-02,122.5,11,11.1364
8471716,Justin Abdelkader,L,DET,2017-03,294.5,16,18.4062
8471716,Justin Abdelkader,L,DET,2017-04,52.0,5,10.4
8471717,Adam McQuaid,D,BOS,2016-10,37.5,3,12.5
8471717,Adam McQuaid,D,BOS,2016-11,265.5,15,17.7
8471717,Adam McQuaid,D,BOS,2016-12,270.5,16,16.9062
8471717,Adam McQuaid,D,BOS,2017-01,183.5,14,13.1071
8471717,Adam McQuaid,D,BOS,2017-02,187.5,10,18.75
8471717,Adam McQuaid,D,BOS,2017-03,195.5,14,13.9643
8471717,Adam McQuaid,D,BOS,2017-04,95.0,5,19.0
8471724,Kris Letang,D,PIT,2016-10,73.0,4,18.25
8471724,Kris Letang,D,PIT,2016-11,262.0,14,18.7143
8471724,Kris Letang,D,PIT,2016-12,164.0,8,20.5
8471724,Kris Letang,D,PIT,2017-01,48.5,5,9.7
8471724,Kris Letang,D,PIT,2017-02,162.5,10,16.25
8471729,Kris Russell,D,EDM,2016-10,119.0,9,13.2222
8471729,Kris Russell,D,EDM,2016-11,127.0,8,15.875
8471729,Kris Russell,D,EDM,2016-12,243.5,14,17.3929
8471729,Kris Russell,D,EDM,2017-01,231.5,14,16.5357
8471729,Kris Russell,D,EDM,2017-02,111.5,7,15.9286
8471729,Kris Russell,D,EDM,2017-03,185.0,11,16.8182
8471729,Kris Russell,D,EDM,2017-04,89.5,5,17.9
8471734,Jonathan Quick,G,LAK,2016-10,11.0,0,0.0
8471734,Jonathan Quick,G,LAK,2017-02,3.0,0,0.0
8471734,Jonathan Quick,G,LAK,2017-03,-7.0,0,0.0
8471734,Jonathan Quick,G,LAK,2017-04,-1.5,0,0.0
8471735,Keith Yandle,D,FLA,2016-10,70.5,9,7.8333
8471735,Keith Yandle,D,FLA,2016-11,87.5,14,6.25
8471735,Keith Yandle,D,FLA,2016-12,93.0,15,6.2
8471735,Keith Yandle,D,FLA,2017-01,64.5,13,4.9615
8471735,Keith Yandle,D,FLA,2017-02,30.5,11,2.7727
8471735,Keith Yandle,D,FLA,2017-03,89.0,15,5.9333
8471735,Keith Yandle,D,FLA,2017-04,13.5,5,2.7
8471742,Cody Franson,D,BUF,2016-10,29.0,8,3.625
8471742,Cody Franson,D,BUF,2016-11,141.0,14,10.0714
8471742,Cody Franson,D,BUF,2016-12,95.0,11,8.6364
8471742,Cody Franson,D,BUF,2017-01,125.5,13,9.6538
8471742,Cody Franson,D,BUF,2017-02,90.5,10,9.05
8471742,Cody Franson,D,BUF,2017-03,83.5,9,9.2778
8471742,Cody Franson,D,BUF,2017-04,33.5,3,11.1667
8471743,Vladimir Sobotka,C,STL,2017-04,5.5,1,5.5
8471750,Ben Bishop,G,LAK,2016-10,-2.5,0,0.0
8471750,Ben Bishop,G,LAK,2016-11,0.0,0,0.0
8471750,Ben Bishop,G,LAK,2016-12,11.5,0,0.0
8471750,Ben Bishop,G,LAK,2017-01,-9.5,0,0.0
8471750,Ben Bishop,G,LAK,2017-02,6.0,0,0.0
8471750,Ben Bishop,G,LAK,2017-03,-15.0,0,0.0
8471750,Ben Bishop,G,LAK,2017-04,-5.0,0,0.0
8471760,Cody Bass,C,NSH,2016-10,13.5,2,6.75
8471760,Cody Bass,C,NSH,2016-11,81.0,7,11.5714
8471761,Chris Butler,D,STL,2017-04,8.5,1,8.5
8471762,Chris VandeVelde,C,PHI,2016-10,109.5,10,10.95
8471762,Chris VandeVelde,C,PHI,2016-11,143.5,14,10.25
8471762,Chris VandeVelde,C,PHI,2016-12,191.5,14,13.6786
8471762,Chris VandeVelde,C,PHI,2017-01,97.5,13,7.5
8471762,Chris VandeVelde,C,PHI,2017-02,123.5,11,11.2273
8471762,Chris VandeVelde,C,PHI,2017-03,161.0,15,10.7333
8471762,Chris VandeVelde,C,PHI,2017-04,30.5,4,7.625
8471766,Jared Boll,R,ANA,2016-10,65.5,8,8.1875
8471766,Jared Boll,R,ANA,2016-11,66.5,11,6.0455
8471766,Jared Boll,R,ANA,2016-12,65.0,6,10.8333
8471766,Jared Boll,R,ANA,2017-01,70.0,10,7.0
8471766,Jared Boll,R,ANA,2017-02,58.0,6,9.6667
8471766,Jared Boll,R,ANA,2017-03,94.5,9,10.5
8471766,Jared Boll,R,ANA,2017-04,6.0,1,6.0
8471768,Tom Pyatt,C,OTT,2016-10,78.0,8,9.75
8471768,Tom Pyatt,C,OTT,2016-11,159.5,15,10.6333
8471768,Tom Pyatt,C,OTT,2016-12,168.0,13,12.9231
8471768,Tom Pyatt,C,OTT,2017-01,96.0,12,8.0
8471768,Tom Pyatt,C,OTT,2017-02,104.5,13,8.0385
8471768,Tom Pyatt,C,OTT,2017-03,126.5,15,8.4333
8471768,Tom Pyatt,C,OTT,2017-04,38.0,6,6.3333
8471769,Niklas Hjalmarsson,D,CHI,2016-10,79.5,8,9.9375
8471769,Niklas Hjalmarsson,D,CHI,2016-11,204.5,15,13.6333
8471769,Niklas Hjalmarsson,D,CHI,2016-12,167.5,15,11.1667
8471769,Niklas Hjalmarsson,D,CHI,2017-01,175.0,13,13.4615
8471769,Niklas Hjalmarsson,D,CHI,2017-02,123.0,9,13.6667
8471769,Niklas Hjalmarsson,D,CHI,2017-03,117.5,12,9.7917
8471769,Niklas Hjalmarsson,D,CHI,2017-04,12.0,1,12.0
8471774,Alex Stalock,G,MIN,2017-04,-2.5,0,0.0
8471794,Darren Helm,C,DET,2016-10,133.0,10,13.3
8471794,Darren Helm,C,DET,2016-11,105.5,7,15.0714
8471794,Darren Helm,C,DET,2017-01,80.0,5,16.0
8471794,Darren Helm,C,DET,2017-02,135.0,11,12.2727
8471794,Darren Helm,C,DET,2017-03,96.5,12,8.0417
8471794,Darren Helm,C,DET,2017-04,36.0,5,7.2
8471811,Cal O'Reilly,C,BUF,2016-11,14.5,4,3.625
8471811,Cal O'Reilly,C,BUF,2017-01,33.0,7,4.7143
8471816,Mark Fayne,D,EDM,2016-10,-2.5,1,-2.5
8471816,Mark Fayne,D,EDM,2016-12,18.5,3,6.1667
8471817,Ryan Reaves,R,STL,2016-10,69.5,9,7.7222
8471817,Ryan Reaves,R,STL,2016-11,170.0,12,14.1667
8471817,Ryan Reaves,R,STL,2016-12,145.5,14,10.3929
8471817,Ryan Reaves,R,STL,2017-01,187.5,13,14.4231
8471817,Ryan Reaves,R,STL,2017-02,176.5,12,14.7083
8471817,Ryan Reaves,R,STL,2017-03,293.5,15,19.5667
8471817,Ryan Reaves,R,STL,2017-04,77.5,5,15.5
8471873,Anton Stralman,D,TBL,2016-10,72.5,9,8.0556
8471873,Anton Stralman,D,TBL,2016-11,68.5,6,11.4167
8471873,Anton Stralman,D,TBL,2016-12,146.5,14,10.4643
8471873,Anton Stralman,D,TBL,2017-01,167.0,13,12.8462
8471873,Anton Stralman,D,TBL,2017-02,112.5,10,11.25
8471873,Anton Stralman,D,TBL,2017-03,199.5,15,13.3
8471873,Anton Stralman,D,TBL,2017-04,74.5,6,12.4167
8471887,Patric Hornqvist,R,PIT,2016-10,168.0,9,18.6667
8471887,Patric Hornqvist,R,PIT,2016-11,130.0,8,16.25
8471887,Patric Hornqvist,R,PIT,2016-12,328.0,15,21.8667
8471887,Patric Hornqvist,R,PIT,2017-01,224.5,11,20.4091
8471887,Patric Hornqvist,R,PIT,2017-02,232.5,12,19.375
8471887,Patric Hornqvist,R,PIT,2017-03,236.5,11,21.5
8471887,Patric Hornqvist,R,PIT,2017-04,87.0,4,21.75
8471956,Andrew Desjardins,C,CHI,2016-11,49.5,7,7.0714
8471956,Andrew Desjardins,C,CHI,2016-12,153.5,14,10.9643
8471956,Andrew Desjardins,C,CHI,2017-01,97.5,11,8.8636
8471956,Andrew Desjardins,C,CHI,2017-02,48.5,3,16.1667
8471956,Andrew Desjardins,C,CHI,2017-03,88.5,9,9.8333
8471956,Andrew Desjardins,C,CHI,2017-04,30.5,2,15.25
8471958,Dan Girardi,D,NYR,2016-10,97.0,6,16.1667
8471958,Dan Girardi,D,NYR,2016-11,246.0,14,17.5714
8471958,Dan Girardi,D,NYR,2016-12,236.0,15,15.7333
8471958,Dan Girardi,D,NYR,2017-01,190.0,11,17.2727
8471958,Dan Girardi,D,NYR,2017-02,136.5,10,13.65
8471958,Dan Girardi,D,NYR,2017-03,36.0,3,12.0
8471958,Dan Girardi,D,NYR,2017-04,64.0,4,16.0
8471976,David Desharnais,C,EDM,2016-10,60.0,9,6.6667
8471976,David Desharnais,C,EDM,2016-11,54.0,13,4.1538
8471976,David Desharnais,C,EDM,2016-12,20.0,3,6.6667
8471976,David Desharnais,C,EDM,2017-01,1.5,1,1.5
8471976,David Desharnais,C,EDM,2017-02,39.0,5,7.8
8471976,David Desharnais,C,EDM,2017-03,105.5,13,8.1154
8471976,David Desharnais,C,EDM,2017-04,33.0,5,6.6
8471996,Bracken Kearns,C,NYI,2017-02,32.5,2,16.25
8472382,Andy Greene,D,NJD,2016-10,113.5,8,14.1875
8472382,Andy Greene,D,NJD,2016-11,174.0,14,12.4286
8472382,Andy Greene,D,NJD,2016-12,151.5,15,10.1
8472382,Andy Greene,D,NJD,2017-01,8.5,2,4.25
8472382,Andy Greene,D,NJD,2017-02,126.0,11,11.4545
8472382,Andy Greene,D,NJD,2017-03,111.0,11,10.0909
8472382,Andy Greene,D,NJD,2017-04,50.5,5,10.1
8472410,Stephen Gionta,R,NYI,2017-01,46.0,4,11.5
8472410,Stephen Gionta,R,NYI,2017-02,41.0,7,5.8571
8472410,Stephen Gionta,R,NYI,2017-03,167.0,10,16.7
8472410,Stephen Gionta,R,NYI,2017-04,59.0,5,11.8
8473412,Bryan Little,C,WPG,2016-10,2.0,1,2.0
8473412,Bryan Little,C,WPG,2016-11,7.0,1,7.0
8473412,Bryan Little,C,WPG,2016-12,185.5,14,13.25
8473412,Bryan Little,C,WPG,2017-01,214.5,14,15.3214
8473412,Bryan Little,C,WPG,2017-02,152.0,11,13.8182
8473412,Bryan Little,C,WPG,2017-03,147.5,14,10.5357
8473412,Bryan Little,C,WPG,2017-04,66.5,4,16.625
8473415,Alex Biega,D,VAN,2016-10,7.5,1,7.5
8473415,Alex Biega,D,VAN,2016-12,138.5,9,15.3889
8473415,Alex Biega,D,VAN,2017-01,110.5,8,13.8125
8473415,Alex Biega,D,VAN,2017-02,44.5,3,14.8333
8473415,Alex Biega,D,VAN,2017-03,151.5,12,12.625
8473415,Alex Biega,D,VAN,2017-04,21.5,3,7.1667
8473419,Brad Marchand,C,BOS,2016-10,116.0,8,14.5
8473419,Brad Marchand,C,BOS,2016-11,170.5,15,11.3667
8473419,Brad Marchand,C,BOS,2016-12,168.5,16,10.5312
8473419,Brad Marchand,C,BOS,2017-01,181.5,14,12.9643
8473419,Brad Marchand,C,BOS,2017-02,97.5,10,9.75
8473419,Brad Marchand,C,BOS,2017-03,200.5,14,14.3214
8473419,Brad Marchand,C,BOS,2017-04,36.0,3,12.0
8473422,Nick Foligno,L,CBJ,2016-10,88.5,7,12.6429
8473422,Nick Foligno,L,CBJ,2016-11,181.5,14,12.9643
8473422,Nick Foligno,L,CBJ,2016-12,188.0,12,15.6667
8473422,Nick Foligno,L,CBJ,2017-01,204.5,14,14.6071
8473422,Nick Foligno,L,CBJ,2017-02,178.5,12,14.875
8473422,Nick Foligno,L,CBJ,2017-03,231.0,15,15.4
8473422,Nick Foligno,L,CBJ,2017-04,104.5,5,20.9
8473432,Derek Dorsett,R,VAN,2016-10,92.5,5,18.5
8473432,Derek Dorsett,R,VAN,2016-11,106.5,9,11.8333
8473434,Chad Johnson,G,CGY,2016-10,-5.0,0,0.0
8473434,Chad Johnson,G,CGY,2016-11,-12.5,0,0.0
8473434,Chad Johnson,G,CGY,2016-12,-10.0,0,0.0
8473434,Chad Johnson,G,CGY,2017-01,-12.5,0,0.0
8473434,Chad Johnson,G,CGY,2017-02,-2.5,0,0.0
8473434,Chad Johnson,G,CGY,2017-03,-5.0,0,0.0
8473446,Erik Johnson,D,COL,2016-10,156.5,7,22.3571
8473446,Erik Johnson,D,COL,2016-11,245.0,14,17.5
8473446,Erik Johnson,D,COL,2016-12,18.0,2,9.0
8473446,Erik Johnson,D,COL,2017-02,23.0,2,11.5
8473446,Erik Johnson,D,COL,2017-03,217.5,16,13.5938
8473446,Erik Johnson,D,COL,2017-04,61.0,5,12.2
8473449,Kyle Okposo,R,BUF,2016-10,62.0,7,8.8571
8473449,Kyle Okposo,R,BUF,2016-11,114.5,14,8.1786
8473449,Kyle Okposo,R,BUF,2016-12,120.5,14,8.6071
8473449,Kyle Okposo,R,BUF,2017-01,120.0,13,9.2308
8473449,Kyle Okposo,R,BUF,2017-02,107.0,14,7.6429
8473449,Kyle Okposo,R,BUF,2017-03,4.0,3,1.3333
8473453,Trevor Lewis,C,LAK,2016-10,90.5,9,10.0556
8473453,Trevor Lewis,C,LAK,2016-11,172.5,14,12.3214
8473453,Trevor Lewis,C,LAK,2016-12,231.5,14,16.5357
8473453,Trevor Lewis,C,LAK,2017-01,190.5,13,14.6538
8473453,Trevor Lewis,C,LAK,2017-02,125.5,13,9.6538
8473453,Trevor Lewis,C,LAK,2017-03,174.5,14,12.4643
8473453,Trevor Lewis,C,LAK,2017-04,52.0,5,10.4
8473461,Steve Mason,G,PHI,2016-10,-9.5,0,0.0
8473461,Steve Mason,G,PHI,2016-11,-5.0,0,0.0
8473461,Steve Mason,G,PHI,2016-12,-9.5,0,0.0
8473461,Steve Mason,G,PHI,2017-01,-2.5,0,0.0
8473461,Steve Mason,G,PHI,2017-02,0.0,0,0.0
8473461,Steve Mason,G,PHI,2017-03,-30.5,0,0.0
8473461,Steve Mason,G,PHI,2017-04,-2.5,0,0.0
8473463,Leo Komarov,C,TOR,2016-10,156.5,9,17.3889
8473463,Leo Komarov,C,TOR,2016-11,230.5,14,16.4643
8473463,Leo Komarov,C,TOR,2016-12,208.0,12,17.3333
8473463,Leo Komarov,C,TOR,2017-01,287.0,13,22.0769
8473463,Leo Komarov,C,TOR,2017-02,213.0,14,15.2143
8473463,Leo Komarov,C,TOR,2017-03,142.5,14,10.1786
8473463,Leo Komarov,C,TOR,2017-04,96.0,6,16.0
8473465,Jamie McGinn,L,ARI,2016-10,47.5,3,15.8333
8473465,Jamie McGinn,L,ARI,2016-11,145.5,13,11.1923
8473465,Jamie McGinn,L,ARI,2016-12,168.0,16,10.5
8473465,Jamie McGinn,L,ARI,2017-01,66.0,12,5.5
8473465,Jamie McGinn,L,ARI,2017-02,105.0,11,9.5455
8473465,Jamie McGinn,L,ARI,2017-03,75.0,14,5.3571
8473465,Jamie McGinn,L,ARI,2017-04,12.0,3,4.0
8473466,Ryan White,C,MIN,2016-10,119.0,7,17.0
8473466,Ryan White,C,MIN,2016-11,184.5,13,14.1923
8473466,Ryan White,C,MIN,2016-12,193.5,10,19.35
8473466,Ryan White,C,MIN,2017-01,74.5,5,14.9
8473466,Ryan White,C,MIN,2017-02,144.0,13,11.0769
8473466,Ryan White,C,MIN,2017-03,159.0,13,12.2308
8473466,Ryan White,C,MIN,2017-04,64.5,4,16.125
8473468,Eric Gryba,D,EDM,2016-10,113.0,7,16.1429
8473468,Eric Gryba,D,EDM,2016-11,136.0,7,19.4286
8473468,Eric Gryba,D,EDM,2016-12,98.5,5,19.7
8473468,Eric Gryba,D,EDM,2017-01,97.5,6,16.25
8473468,Eric Gryba,D,EDM,2017-02,185.5,7,26.5
8473468,Eric Gryba,D,EDM,2017-03,92.5,6,15.4167
8473468,Eric Gryba,D,EDM,2017-04,17.5,2,8.75
8473473,Milan Lucic,L,EDM,2016-10,127.5,9,14.1667
8473473,Milan Lucic,L,EDM,2016-11,183.0,15,12.2
8473473,Milan Lucic,L,EDM,2016-12,129.5,14,9.25
8473473,Milan Lucic,L,EDM,2017-01,145.0,14,10.3571
8473473,Milan Lucic,L,EDM,2017-02,136.0,12,11.3333
8473473,Milan Lucic,L,EDM,2017-03,179.5,13,13.8077
8473473,Milan Lucic,L,EDM,2017-04,117.5,5,23.5
8473485,Chris Stewart,R,MIN,2016-10,46.5,9,5.1667
8473485,Chris Stewart,R,MIN,2016-11,109.0,13,8.3846
8473485,Chris Stewart,R,MIN,2016-12,139.5,14,9.9643
8473485,Chris Stewart,R,MIN,2017-01,111.5,13,8.5769
8473485,Chris Stewart,R,MIN,2017-02,84.0,12,7.0
8473485,Chris Stewart,R,MIN,2017-03,67.5,15,4.5
8473485,Chris Stewart,R,MIN,2017-04,26.5,3,8.8333
8473492,Matt Beleskey,L,BOS,2016-10,104.5,8,13.0625
8473492,Matt Beleskey,L,BOS,2016-11,171.5,14,12.25
8473492,Matt Beleskey,L,BOS,2016-12,34.5,2,17.25
8473492,Matt Beleskey,L,BOS,2017-01,60.5,5,12.1
8473492,Matt Beleskey,L,BOS,2017-02,50.5,6,8.4167
8473492,Matt Beleskey,L,BOS,2017-03,98.0,9,10.8889
8473492,Matt Beleskey,L,BOS,2017-04,28.0,5,5.6
8473499,Reto Berra,G,FLA,2017-03,-7.5,0,0.0
8473503,James Reimer,G,FLA,2016-11,11.0,0,0.0
8473503,James Reimer,G,FLA,2016-12,-2.5,0,0.0
8473503,James Reimer,G,FLA,2017-01,-15.0,0,0.0
8473503,James Reimer,G,FLA,2017-02,-2.0,0,0.0
8473503,James Reimer,G,FLA,2017-03,-7.5,0,0.0
8473503,James Reimer,G,FLA,2017-04,-2.5,0,0.0
8473504,Cal Clutterbuck,R,NYI,2016-10,163.0,9,18.1111
8473504,Cal Clutterbuck,R,NYI,2016-11,202.5,12,16.875
8473504,Cal Clutterbuck,R,NYI,2016-12,239.0,14,17.0714
8473504,Cal Clutterbuck,R,NYI,2017-01,88.5,8,11.0625
8473504,Cal Clutterbuck,R,NYI,2017-02,11.5,2,5.75
8473504,Cal Clutterbuck,R,NYI,2017-03,273.5,16,17.0938
8473504,Cal Clutterbuck,R,NYI,2017-04,63.5,5,12.7
8473507,Jeff Petry,D,MTL,2016-10,131.5,8,16.4375
8473507,Jeff Petry,D,MTL,2016-11,202.0,14,14.4286
8473507,Jeff Petry,D,MTL,2016-12,194.0,14,13.8571
8473507,Jeff Petry,D,MTL,2017-01,165.0,13,12.6923
8473507,Jeff Petry,D,MTL,2017-02,188.5,13,14.5
8473507,Jeff Petry,D,MTL,2017-03,193.0,13,14.8462
8473507,Jeff Petry,D,MTL,2017-04,55.0,5,11.0
8473512,Claude Giroux,R,PHI,2016-10,107.5,10,10.75
8473512,Claude Giroux,R,PHI,2016-11,210.0,14,15.0
8473512,Claude Giroux,R,PHI,2016-12,187.0,14,13.3571
8473512,Claude Giroux,R,PHI,2017-01,202.5,13,15.5769
8473512,Claude Giroux,R,PHI,2017-02,148.5,11,13.5
8473512,Claude Giroux,R,PHI,2017-03,197.5,15,13.1667
8473512,Claude Giroux,R,PHI,2017-04,49.0,5,9.8
8473523,Jhonas Enroth,G,ANA,2016-11,-5.0,0,0.0
8473533,Jordan Staal,C,CAR,2016-10,162.5,8,20.3125
8473533,Jordan Staal,C,CAR,2016-11,256.5,13,19.7308
8473533,Jordan Staal,C,CAR,2016-12,159.5,8,19.9375
8473533,Jordan Staal,C,CAR,2017-01,278.0,13,21.3846
8473533,Jordan Staal,C,CAR,2017-02,149.5,10,14.95
8473533,Jordan Staal,C,CAR,2017-03,304.5,17,17.9118
8473533,Jordan Staal,C,CAR,2017-04,99.5,6,16.5833
8473534,Patrik Berglund,C,STL,2016-10,122.0,9,13.5556
8473534,Patrik Berglund,C,STL,2016-11,232.0,14,16.5714
8473534,Patrik Berglund,C,STL,2016-12,254.5,14,18.1786
8473534,Patrik Berglund,C,STL,2017-01,227.5,13,17.5
8473534,Patrik Berglund,C,STL,2017-02,227.0,12,18.9167
8473534,Patrik Berglund,C,STL,2017-03,229.5,15,15.3
8473534,Patrik Berglund,C,STL,2017-04,90.5,5,18.1
8473537,Viktor Stalberg,L,OTT,2016-10,98.0,7,14.0
8473537,Viktor Stalberg,L,OTT,2016-11,165.0,14,11.7857
8473537,Viktor Stalberg,L,OTT,2016-12,156.0,14,11.1429
8473537,Viktor Stalberg,L,OTT,2017-01,154.0,13,11.8462
8473537,Viktor Stalberg,L,OTT,2017-02,98.0,9,10.8889
8473537,Viktor Stalberg,L,OTT,2017-03,143.5,13,11.0385
8473537,Viktor Stalberg,L,OTT,2017-04,53.0,5,10.6
8473541,Jonathan Bernier,G,ANA,2016-11,-5.0,0,0.0
8473541,Jonathan Bernier,G,ANA,2016-12,-5.0,0,0.0
8473541,Jonathan Bernier,G,ANA,2017-01,5.5,0,0.0
8473541,Jonathan Bernier,G,ANA,2017-02,-5.0,0,0.0
8473541,Jonathan Bernier,G,ANA,2017-03,0.5,0,0.0
8473541,Jonathan Bernier,G,ANA,2017-04,-7.5,0,0.0
8473542,Tom Sestito,L,PIT,2016-10,52.0,5,10.4
8473542,Tom Sestito,L,PIT,2016-11,22.5,3,7.5
8473542,Tom Sestito,L,PIT,2017-03,25.0,3,8.3333
8473542,Tom Sestito,L,PIT,2017-04,13.5,2,6.75
8473544,Derick Brassard,C,OTT,2016-10,80.5,8,10.0625
8473544,Derick Brassard,C,OTT,2016-11,199.5,15,13.3
8473544,Derick Brassard,C,OTT,2016-12,180.5,13,13.8846
8473544,Derick Brassard,C,OTT,2017-01,174.5,12,14.5417
8473544,Derick Brassard,C,OTT,2017-02,169.5,13,13.0385
8473544,Derick Brassard,C,OTT,2017-03,142.0,15,9.4667
8473544,Derick Brassard,C,OTT,2017-04,60.0,5,12.0
8473546,Michael Grabner,R,NYR,2016-10,63.5,9,7.0556
8473546,Michael Grabner,R,NYR,2016-11,121.0,15,8.0667
8473546,Michael Grabner,R,NYR,2016-12,95.5,14,6.8214
8473546,Michael Grabner,R,NYR,2017-01,63.0,11,5.7273
8473546,Michael Grabner,R,NYR,2017-02,74.0,13,5.6923
8473546,Michael Grabner,R,NYR,2017-03,48.0,10,4.8
8473546,Michael Grabner,R,NYR,2017-04,26.0,4,6.5
8473548,Phil Kessel,C,PIT,2016-10,24.0,9,2.6667
8473548,Phil Kessel,C,PIT,2016-11,53.5,14,3.8214
8473548,Phil Kessel,C,PIT,2016-12,31.0,15,2.0667
8473548,Phil Kessel,C,PIT,2017-01,53.5,11,4.8636
8473548,Phil Kessel,C,PIT,2017-02,27.0,12,2.25
8473548,Phil Kessel,C,PIT,2017-03,62.5,16,3.9062
8473548,Phil Kessel,C,PIT,2017-04,-2.0,5,-0.4
8473553,Jeff Zatkoff,G,LAK,2016-12,5.5,0,0.0
8473553,Jeff Zatkoff,G,LAK,2017-01,-2.5,0,0.0
8473560,Korbinian Holzer,D,ANA,2016-10,24.0,3,8.0
8473560,Korbinian Holzer,D,ANA,2016-11,80.5,5,16.1
8473560,Korbinian Holzer,D,ANA,2016-12,54.5,5,10.9
8473560,Korbinian Holzer,D,ANA,2017-01,111.5,8,13.9375
8473560,Korbinian Holzer,D,ANA,2017-02,41.5,4,10.375
8473560,Korbinian Holzer,D,ANA,2017-03,26.0,4,6.5
8473560,Korbinian Holzer,D,ANA,2017-04,80.0,3,26.6667
8473563,Nicklas Backstrom,C,WSH,2016-10,109.5,8,13.6875
8473563,Nicklas Backstrom,C,WSH,2016-11,176.0,13,13.5385
8473563,Nicklas Backstrom,C,WSH,2016-12,126.5,14,9.0357
8473563,Nicklas Backstrom,C,WSH,2017-01,153.5,15,10.2333
8473563,Nicklas Backstrom,C,WSH,2017-02,151.0,12,12.5833
8473563,Nicklas Backstrom,C,WSH,2017-03,134.0,15,8.9333
8473563,Nicklas Backstrom,C,WSH,2017-04,61.5,5,12.3
8473564,Michael Frolik,R,CGY,2016-10,76.5,10,7.65
8473564,Michael Frolik,R,CGY,2016-11,142.5,16,8.9062
8473564,Michael Frolik,R,CGY,2016-12,79.0,13,6.0769
8473564,Michael Frolik,R,CGY,2017-01,118.5,13,9.1154
8473564,Michael Frolik,R,CGY,2017-02,85.0,12,7.0833
8473564,Michael Frolik,R,CGY,2017-03,110.0,14,7.8571
8473564,Michael Frolik,R,CGY,2017-04,27.5,4,6.875
8473565,Brian Strait,D,WPG,2017-03,44.0,5,8.8
8473571,Jamie McBain,D,ARI,2016-10,20.5,3,6.8333
8473573,Artem Anisimov,C,CHI,2016-10,57.5,9,6.3889
8473573,Artem Anisimov,C,CHI,2016-11,158.5,14,11.3214
8473573,Artem Anisimov,C,CHI,2016-12,151.0,12,12.5833
8473573,Artem Anisimov,C,CHI,2017-01,136.0,13,10.4615
8473573,Artem Anisimov,C,CHI,2017-02,108.0,10,10.8
8473573,Artem Anisimov,C,CHI,2017-03,41.0,6,6.8333
8473574,Shawn Matthias,C,WPG,2016-10,49.5,9,5.5
8473574,Shawn Matthias,C,WPG,2016-11,8.5,1,8.5
8473574,Shawn Matthias,C,WPG,2016-12,41.5,4,10.375
8473574,Shawn Matthias,C,WPG,2017-01,79.0,14,5.6429
8473574,Shawn Matthias,C,WPG,2017-02,84.5,11,7.6818
8473574,Shawn Matthias,C,WPG,2017-03,39.0,6,6.5
8473575,Semyon Varlamov,G,COL,2016-11,-5.0,0,0.0
8473575,Semyon Varlamov,G,COL,2016-12,-2.5,0,0.0
8473575,Semyon Varlamov,G,COL,2017-01,-2.5,0,0.0
8473579,Nikolay Kulemin,L,NYI,2016-10,59.5,7,8.5
8473579,Nikolay Kulemin,L,NYI,2016-11,121.0,13,9.3077
8473579,Nikolay Kulemin,L,NYI,2016-12,131.5,14,9.3929
8473579,Nikolay Kulemin,L,NYI,2017-01,94.5,12,7.875
8473579,Nikolay Kulemin,L,NYI,2017-02,92.5,13,7.1154
8473579,Nikolay Kulemin,L,NYI,2017-03,78.5,12,6.5417
8473579,Nikolay Kulemin,L,NYI,2017-04,6.5,1,6.5
8473584,Andrew MacDonald,D,PHI,2016-10,86.5,9,9.6111
8473584,Andrew MacDonald,D,PHI,2016-11,93.0,7,13.2857
8473584,Andrew MacDonald,D,PHI,2016-12,133.5,14,9.5357
8473584,Andrew MacDonald,D,PHI,2017-01,138.5,13,10.6538
8473584,Andrew MacDonald,D,PHI,2017-02,107.0,10,10.7
8473584,Andrew MacDonald,D,PHI,2017-03,194.0,15,12.9333
8473584,Andrew MacDonald,D,PHI,2017-04,44.5,5,8.9
8473588,Erik Condra,R,TBL,2016-11,17.0,2,8.5
8473588,Erik Condra,R,TBL,2016-12,35.0,5,7.0
8473588,Erik Condra,R,TBL,2017-01,33.5,4,8.375
8473588,Erik Condra,R,TBL,2017-02,9.0,2,4.5
8473604,Jonathan Toews,C,CHI,2016-10,142.5,9,15.8333
8473604,Jonathan Toews,C,CHI,2016-11,235.5,12,19.625
8473604,Jonathan Toews,C,CHI,2016-12,138.5,9,15.3889
8473604,Jonathan Toews,C,CHI,2017-01,200.5,13,15.4231
8473604,Jonathan Toews,C,CHI,2017-02,158.5,10,15.85
8473604,Jonathan Toews,C,CHI,2017-03,272.0,16,17.0
8473604,Jonathan Toews,C,CHI,2017-04,31.0,3,10.3333
8473607,Michal Neuvirth,G,PHI,2016-10,-7.5,0,0.0
8473607,Michal Neuvirth,G,PHI,2016-11,-7.5,0,0.0
8473607,Michal Neuvirth,G,PHI,2017-01,-2.5,0,0.0
8473607,Michal Neuvirth,G,PHI,2017-02,-2.5,0,0.0
8473607,Michal Neuvirth,G,PHI,2017-03,-2.5,0,0.0
8473614,Richard Bachman,G,VAN,2017-03,1.0,0,0.0
8473614,Richard Bachman,G,VAN,2017-04,-2.5,0,0.0
8473618,Mathieu Perreault,C,WPG,2016-10,135.5,9,15.0556
8473618,Mathieu Perreault,C,WPG,2016-11,23.5,2,11.75
8473618,Mathieu Perreault,C,WPG,2016-12,183.5,14,13.1071
8473618,Mathieu Perreault,C,WPG,2017-01,67.0,11,6.0909
8473618,Mathieu Perreault,C,WPG,2017-02,144.5,11,13.1364
8473618,Mathieu Perreault,C,WPG,2017-03,133.0,14,9.5
8473618,Mathieu Perreault,C,WPG,2017-04,26.5,4,6.625
8473673,David Schlemko,D,SJS,2016-10,113.0,9,12.5556
8473673,David Schlemko,D,SJS,2016-11,169.5,14,12.1071
8473673,David Schlemko,D,SJS,2016-12,76.0,7,10.8571
8473673,David Schlemko,D,SJS,2017-01,120.5,9,13.3889
8473673,David Schlemko,D,SJS,2017-02,115.5,11,10.5
8473673,David Schlemko,D,SJS,2017-03,94.0,8,11.75
8473673,David Schlemko,D,SJS,2017-04,39.5,4,9.875
8473914,Mark Letestu,C,EDM,2016-10,126.5,9,14.0556
8473914,Mark Letestu,C,EDM,2016-11,141.0,12,11.75
8473914,Mark Letestu,C,EDM,2016-12,176.5,14,12.6071
8473914,Mark Letestu,C,EDM,2017-01,153.0,14,10.9286
8473914,Mark Letestu,C,EDM,2017-02,135.5,12,11.2917
8473914,Mark Letestu,C,EDM,2017-03,163.0,13,12.5385
8473914,Mark Letestu,C,EDM,2017-04,47.5,4,11.875
8473933,Ben Lovejoy,D,NJD,2016-10,142.0,8,17.75
8473933,Ben Lovejoy,D,NJD,2016-11,183.0,14,13.0714
8473933,Ben Lovejoy,D,NJD,2016-12,149.0,15,9.9333
8473933,Ben Lovejoy,D,NJD,2017-01,173.5,14,12.3929
8473933,Ben Lovejoy,D,NJD,2017-02,87.0,11,7.9091
8473933,Ben Lovejoy,D,NJD,2017-03,152.0,15,10.1333
8473933,Ben Lovejoy,D,NJD,2017-04,57.5,5,11.5
8473942,Trevor Smith,C,NSH,2016-10,7.0,1,7.0
8473962,Teddy Purcell,R,LAK,2016-10,12.0,2,6.0
8473962,Teddy Purcell,R,LAK,2016-11,39.0,10,3.9
8473986,Alex Killorn,C,TBL,2016-10,90.0,9,10.0
8473986,Alex Killorn,C,TBL,2016-11,151.5,15,10.1
8473986,Alex Killorn,C,TBL,2016-12,121.5,14,8.6786
8473986,Alex Killorn,C,TBL,2017-01,143.0,13,11.0
8473986,Alex Killorn,C,TBL,2017-02,54.5,9,6.0556
8473986,Alex Killorn,C,TBL,2017-03,131.0,15,8.7333
8473986,Alex Killorn,C,TBL,2017-04,54.0,6,9.0
8473989,Luke Gazdic,L,NJD,2016-12,69.5,6,11.5833
8473989,Luke Gazdic,L,NJD,2017-01,18.5,4,4.625
8473989,Luke Gazdic,L,NJD,2017-04,10.5,1,10.5
8473991,Karl Alzner,D,WSH,2016-10,93.5,8,11.6875
8473991,Karl Alzner,D,WSH,2016-11,139.0,13,10.6923
8473991,Karl Alzner,D,WSH,2016-12,195.5,14,13.9643
8473991,Karl Alzner,D,WSH,2017-01,234.0,15,15.6
8473991,Karl Alzner,D,WSH,2017-02,170.0,12,14.1667
8473991,Karl Alzner,D,WSH,2017-03,182.0,15,12.1333
8473991,Karl Alzner,D,WSH,2017-04,44.0,5,8.8
8473992,Justin Falk,D,BUF,2016-11,81.0,9,9.0
8473992,Justin Falk,D,BUF,2016-12,110.0,12,9.1667
8473992,Justin Falk,D,BUF,2017-01,109.5,12,9.125
8473992,Justin Falk,D,BUF,2017-02,96.0,8,12.0
8473992,Justin Falk,D,BUF,2017-03,115.5,8,14.4375
8473992,Justin Falk,D,BUF,2017-04,27.5,3,9.1667
8473994,Jamie Benn,L,DAL,2016-10,121.0,8,15.125
8473994,Jamie Benn,L,DAL,2016-11,256.5,16,16.0312
8473994,Jamie Benn,L,DAL,2016-12,163.0,14,11.6429
8473994,Jamie Benn,L,DAL,2017-01,86.5,9,9.6111
8473994,Jamie Benn,L,DAL,2017-02,173.0,12,14.4167
8473994,Jamie Benn,L,DAL,2017-03,94.0,13,7.2308
8473994,Jamie Benn,L,DAL,2017-04,31.5,5,6.3
8474000,Steven Kampfer,D,NYR,2016-10,6.0,1,6.0
8474000,Steven Kampfer,D,NYR,2017-02,10.5,1,10.5
8474000,Steven Kampfer,D,NYR,2017-03,114.5,7,16.3571
8474000,Steven Kampfer,D,NYR,2017-04,26.0,2,13.0
8474008,Paul Carey,C,WSH,2016-11,9.0,1,9.0
8474008,Paul Carey,C,WSH,2016-12,4.5,2,2.25
8474008,Paul Carey,C,WSH,2017-03,3.0,1,3.0
8474008,Paul Carey,C,WSH,2017-04,8.0,2,4.0
8474009,Nick Bonino,C,PIT,2016-10,190.0,9,21.1111
8474009,Nick Bonino,C,PIT,2016-11,189.0,14,13.5
8474009,Nick Bonino,C,PIT,2016-12,239.5,15,15.9667
8474009,Nick Bonino,C,PIT,2017-01,176.0,11,16.0
8474009,Nick Bonino,C,PIT,2017-02,167.0,11,15.1818
8474009,Nick Bonino,C,PIT,2017-03,231.0,16,14.4375
8474009,Nick Bonino,C,PIT,2017-04,62.0,4,15.5
8474013,Ian Cole,D,PIT,2016-10,156.0,9,17.3333
8474013,Ian Cole,D,PIT,2016-11,282.0,14,20.1429
8474013,Ian Cole,D,PIT,2016-12,308.0,15,20.5333
8474013,Ian Cole,D,PIT,2017-01,236.5,11,21.5
8474013,Ian Cole,D,PIT,2017-02,259.0,12,21.5833
8474013,Ian Cole,D,PIT,2017-03,269.0,16,16.8125
8474013,Ian Cole,D,PIT,2017-04,99.0,4,24.75
8474018,Christopher DiDomenico,C,OTT,2017-03,14.5,2,7.25
8474018,Christopher DiDomenico,C,OTT,2017-04,18.0,1,18.0
8474027,Justin Braun,D,SJS,2016-10,134.0,9,14.8889
8474027,Justin Braun,D,SJS,2016-11,184.5,15,12.3
8474027,Justin Braun,D,SJS,2016-12,151.0,13,11.6154
8474027,Justin Braun,D,SJS,2017-01,242.0,14,17.2857
8474027,Justin Braun,D,SJS,2017-02,132.5,11,12.0455
8474027,Justin Braun,D,SJS,2017-03,270.0,16,16.875
8474027,Justin Braun,D,SJS,2017-04,53.0,3,17.6667
8474031,Kevin Shattenkirk,D,WSH,2016-10,80.5,9,8.9444
8474031,Kevin Shattenkirk,D,WSH,2016-11,132.0,14,9.4286
8474031,Kevin Shattenkirk,D,WSH,2016-12,144.5,14,10.3214
8474031,Kevin Shattenkirk,D,WSH,2017-01,143.5,13,11.0385
8474031,Kevin Shattenkirk,D,WSH,2017-02,101.0,12,8.4167
8474031,Kevin Shattenkirk,D,WSH,2017-03,168.5,13,12.9615
8474031,Kevin Shattenkirk,D,WSH,2017-04,46.5,5,9.3
8474034,Patrick Maroon,L,EDM,2016-10,101.5,9,11.2778
8474034,Patrick Maroon,L,EDM,2016-11,194.5,15,12.9667
8474034,Patrick Maroon,L,EDM,2016-12,232.0,14,16.5714
8474034,Patrick Maroon,L,EDM,2017-01,241.5,14,17.25
8474034,Patrick Maroon,L,EDM,2017-02,139.0,12,11.5833
8474034,Patrick Maroon,L,EDM,2017-03,224.5,13,17.2692
8474034,Patrick Maroon,L,EDM,2017-04,31.5,4,7.875
8474037,James van Riemsdyk,L,TOR,2016-10,87.0,9,9.6667
8474037,James van Riemsdyk,L,TOR,2016-11,177.5,14,12.6786
8474037,James van Riemsdyk,L,TOR,2016-12,119.5,12,9.9583
8474037,James van Riemsdyk,L,TOR,2017-01,114.0,13,8.7692
8474037,James van Riemsdyk,L,TOR,2017-02,94.0,14,6.7143
8474037,James van Riemsdyk,L,TOR,2017-03,111.0,14,7.9286
8474037,James van Riemsdyk,L,TOR,2017-04,44.0,6,7.3333
8474038,Paul Byron,L,MTL,2016-10,80.0,9,8.8889
8474038,Paul Byron,L,MTL,2016-11,179.5,14,12.8214
8474038,Paul Byron,L,MTL,2016-12,136.5,14,9.75
8474038,Paul Byron,L,MTL,2017-01,126.0,13,9.6923
8474038,Paul Byron,L,MTL,2017-02,161.5,13,12.4231
8474038,Paul Byron,L,MTL,2017-03,175.5,13,13.5
8474038,Paul Byron,L,MTL,2017-04,40.0,5,8.0
8474040,Sam Gagner,C,CBJ,2016-10,50.5,6,8.4167
8474040,Sam Gagner,C,CBJ,2016-11,59.5,14,4.25
8474040,Sam Gagner,C,CBJ,2016-12,103.5,14,7.3929
8474040,Sam Gagner,C,CBJ,2017-01,58.0,14,4.1429
8474040,Sam Gagner,C,CBJ,2017-02,70.0,12,5.8333
8474040,Sam Gagner,C,CBJ,2017-03,107.0,16,6.6875
8474040,Sam Gagner,C,CBJ,2017-04,27.5,5,5.5
8474052,Chris Terry,L,MTL,2016-11,45.0,5,9.0
8474052,Chris Terry,L,MTL,2016-12,27.5,7,3.9286
8474052,Chris Terry,L,MTL,2017-01,3.0,2,1.5
8474053,Logan Couture,C,SJS,2016-10,84.0,9,9.3333
8474053,Logan Couture,C,SJS,2016-11,152.5,15,10.1667
8474053,Logan Couture,C,SJS,2016-12,150.0,13,11.5385
8474053,Logan Couture,C,SJS,2017-01,213.0,13,16.3846
8474053,Logan Couture,C,SJS,2017-02,115.0,10,11.5
8474053,Logan Couture,C,SJS,2017-03,121.5,13,9.3462
8474056,P.K. Subban,D,NSH,2016-10,142.0,8,17.75
8474056,P.K. Subban,D,NSH,2016-11,119.5,14,8.5357
8474056,P.K. Subban,D,NSH,2016-12,53.0,7,7.5714
8474056,P.K. Subban,D,NSH,2017-01,84.0,5,16.8
8474056,P.K. Subban,D,NSH,2017-02,184.5,13,14.1923
8474056,P.K. Subban,D,NSH,2017-03,215.0,14,15.3571
8474056,P.K. Subban,D,NSH,2017-04,40.5,5,8.1
8474062,Riley Nash,C,BOS,2016-10,92.5,8,11.5625
8474062,Riley Nash,C,BOS,2016-11,119.0,15,7.9333
8474062,Riley Nash,C,BOS,2016-12,174.5,16,10.9062
8474062,Riley Nash,C,BOS,2017-01,139.0,14,9.9286
8474062,Riley Nash,C,BOS,2017-02,121.0,9,13.4444
8474062,Riley Nash,C,BOS,2017-03,171.5,14,12.25
8474062,Riley Nash,C,BOS,2017-04,69.5,5,13.9
8474066,Thomas Hickey,D,NYI,2016-10,107.0,9,11.8889
8474066,Thomas Hickey,D,NYI,2016-11,276.0,13,21.2308
8474066,Thomas Hickey,D,NYI,2016-12,157.5,14,11.25
8474066,Thomas Hickey,D,NYI,2017-01,95.5,10,9.55
8474066,Thomas Hickey,D,NYI,2017-02,180.5,13,13.8846
8474066,Thomas Hickey,D,NYI,2017-03,114.5,12,9.5417
8474066,Thomas Hickey,D,NYI,2017-04,36.0,5,7.2
8474068,Kyle Turris,C,OTT,2016-10,69.0,8,8.625
8474068,Kyle Turris,C,OTT,2016-11,175.0,15,11.6667
8474068,Kyle Turris,C,OTT,2016-12,162.5,13,12.5
8474068,Kyle Turris,C,OTT,2017-01,171.0,12,14.25
8474068,Kyle Turris,C,OTT,2017-02,144.0,13,11.0769
8474068,Kyle Turris,C,OTT,2017-03,98.5,12,8.2083
8474068,Kyle Turris,C,OTT,2017-04,66.5,5,13.3
8474074,Paul Postma,D,WPG,2016-10,24.5,6,4.0833
8474074,Paul Postma,D,WPG,2016-11,68.0,13,5.2308
8474074,Paul Postma,D,WPG,2016-12,56.5,14,4.0357
8474074,Paul Postma,D,WPG,2017-01,51.5,14,3.6786
8474074,Paul Postma,D,WPG,2017-02,64.5,11,5.8636
8474074,Paul Postma,D,WPG,2017-03,49.0,7,7.0
8474090,Brendan Smith,D,NYR,2016-10,100.5,10,10.05
8474090,Brendan Smith,D,NYR,2016-11,93.5,10,9.35
8474090,Brendan Smith,D,NYR,2016-12,33.0,2,16.5
8474090,Brendan Smith,D,NYR,2017-01,46.5,2,23.25
8474090,Brendan Smith,D,NYR,2017-02,111.0,9,12.3333
8474090,Brendan Smith,D,NYR,2017-03,177.5,15,11.8333
8474090,Brendan Smith,D,NYR,2017-04,62.0,3,20.6667
8474091,Brandon Sutter,C,VAN,2016-10,128.0,9,14.2222
8474091,Brandon Sutter,C,VAN,2016-11,216.0,14,15.4286
8474091,Brandon Sutter,C,VAN,2016-12,260.0,15,17.3333
8474091,Brandon Sutter,C,VAN,2017-01,245.0,12,20.4167
8474091,Brandon Sutter,C,VAN,2017-02,189.5,11,17.2273
8474091,Brandon Sutter,C,VAN,2017-03,270.5,15,18.0333
8474091,Brandon Sutter,C,VAN,2017-04,99.0,5,19.8
8474092,Jeremy Smith,G,COL,2017-03,-2.5,0,0.0
8474098,Colton Sceviour,C,FLA,2016-10,104.0,9,11.5556
8474098,Colton Sceviour,C,FLA,2016-11,140.0,14,10.0
8474098,Colton Sceviour,C,FLA,2016-12,183.0,14,13.0714
8474098,Colton Sceviour,C,FLA,2017-01,142.0,12,11.8333
8474098,Colton Sceviour,C,FLA,2017-02,106.0,11,9.6364
8474098,Colton Sceviour,C,FLA,2017-03,151.0,15,10.0667
8474098,Colton Sceviour,C,FLA,2017-04,43.5,5,8.7
8474100,Dwight King,L,MTL,2016-10,84.0,9,9.3333
8474100,Dwight King,L,MTL,2016-11,108.5,14,7.75
8474100,Dwight King,L,MTL,2016-12,138.5,14,9.8929
8474100,Dwight King,L,MTL,2017-01,108.5,13,8.3462
8474100,Dwight King,L,MTL,2017-02,111.5,13,8.5769
8474100,Dwight King,L,MTL,2017-03,90.0,12,7.5
8474100,Dwight King,L,MTL,2017-04,27.5,5,5.5
8474102,David Perron,L,STL,2016-10,110.5,9,12.2778
8474102,David Perron,L,STL,2016-11,130.5,14,9.3214
8474102,David Perron,L,STL,2016-12,159.5,14,11.3929
8474102,David Perron,L,STL,2017-01,129.5,13,9.9615
8474102,David Perron,L,STL,2017-02,116.0,12,9.6667
8474102,David Perron,L,STL,2017-03,208.0,15,13.8667
8474102,David Perron,L,STL,2017-04,44.5,5,8.9
8474125,Carl Gunnarsson,D,STL,2016-10,51.5,5,10.3
8474125,Carl Gunnarsson,D,STL,2016-11,134.5,14,9.6071
8474125,Carl Gunnarsson,D,STL,2016-12,77.5,9,8.6111
8474125,Carl Gunnarsson,D,STL,2017-01,21.0,4,5.25
8474125,Carl Gunnarsson,D,STL,2017-02,66.0,8,8.25
8474125,Carl Gunnarsson,D,STL,2017-03,128.5,13,9.8846
8474125,Carl Gunnarsson,D,STL,2017-04,20.5,3,6.8333
8474130,Corey Tropp,R,ANA,2017-02,6.0,1,6.0
8474134,Yannick Weber,D,NSH,2016-10,57.5,7,8.2143
8474134,Yannick Weber,D,NSH,2016-11,128.0,14,9.1429
8474134,Yannick Weber,D,NSH,2016-12,99.5,14,7.1071
8474134,Yannick Weber,D,NSH,2017-01,111.0,14,7.9286
8474134,Yannick Weber,D,NSH,2017-02,109.0,13,8.3846
8474134,Yannick Weber,D,NSH,2017-03,59.0,11,5.3636
8474141,Patrick Kane,R,CHI,2016-10,89.5,9,9.9444
8474141,Patrick Kane,R,CHI,2016-11,109.0,15,7.2667
8474141,Patrick Kane,R,CHI,2016-12,101.0,15,6.7333
8474141,Patrick Kane,R,CHI,2017-01,83.0,13,6.3846
8474141,Patrick Kane,R,CHI,2017-02,76.0,10,7.6
8474141,Patrick Kane,R,CHI,2017-03,106.5,16,6.6562
8474141,Patrick Kane,R,CHI,2017-04,16.0,4,4.0
8474145,Robert Bortuzzo,D,STL,2016-10,70.0,4,17.5
8474145,Robert Bortuzzo,D,STL,2016-11,76.5,5,15.3
8474145,Robert Bortuzzo,D,STL,2016-12,31.0,2,15.5
8474145,Robert Bortuzzo,D,STL,2017-01,114.5,8,14.3125
8474145,Robert Bortuzzo,D,STL,2017-02,62.0,5,12.4
8474145,Robert Bortuzzo,D,STL,2017-03,164.5,14,11.75
8474150,Mikael Backlund,C,CGY,2016-10,152.5,10,15.25
8474150,Mikael Backlund,C,CGY,2016-11,248.5,16,15.5312
8474150,Mikael Backlund,C,CGY,2016-12,243.0,13,18.6923
8474150,Mikael Backlund,C,CGY,2017-01,171.0,13,13.1538
8474150,Mikael Backlund,C,CGY,2017-02,145.5,12,12.125
8474150,Mikael Backlund,C,CGY,2017-03,192.0,14,13.7143
8474150,Mikael Backlund,C,CGY,2017-04,71.0,3,23.6667
8474151,Ryan McDonagh,D,NYR,2016-10,109.5,9,12.1667
8474151,Ryan McDonagh,D,NYR,2016-11,204.5,15,13.6333
8474151,Ryan McDonagh,D,NYR,2016-12,153.0,14,10.9286
8474151,Ryan McDonagh,D,NYR,2017-01,161.0,11,14.6364
8474151,Ryan McDonagh,D,NYR,2017-02,194.5,13,14.9615
8474151,Ryan McDonagh,D,NYR,2017-03,215.5,14,15.3929
8474151,Ryan McDonagh,D,NYR,2017-04,18.5,1,18.5
8474152,Scott Darling,G,CHI,2016-10,-5.0,0,0.0
8474152,Scott Darling,G,CHI,2016-11,-5.0,0,0.0
8474152,Scott Darling,G,CHI,2016-12,-15.0,0,0.0
8474152,Scott Darling,G,CHI,2017-01,3.0,0,0.0
8474152,Scott Darling,G,CHI,2017-02,-2.5,0,0.0
8474152,Scott Darling,G,CHI,2017-03,-5.0,0,0.0
8474157,Max Pacioretty,L,MTL,2016-10,112.0,9,12.4444
8474157,Max Pacioretty,L,MTL,2016-11,127.5,14,9.1071
8474157,Max Pacioretty,L,MTL,2016-12,107.0,14,7.6429
8474157,Max Pacioretty,L,MTL,2017-01,102.5,14,7.3214
8474157,Max Pacioretty,L,MTL,2017-02,144.5,13,11.1154
8474157,Max Pacioretty,L,MTL,2017-03,105.5,13,8.1154
8474157,Max Pacioretty,L,MTL,2017-04,19.0,4,4.75
8474161,Jakub Voracek,R,PHI,2016-10,89.5,10,8.95
8474161,Jakub Voracek,R,PHI,2016-11,110.5,14,7.8929
8474161,Jakub Voracek,R,PHI,2016-12,86.0,14,6.1429
8474161,Jakub Voracek,R,PHI,2017-01,85.0,13,6.5385
8474161,Jakub Voracek,R,PHI,2017-02,88.5,11,8.0455
8474161,Jakub Voracek,R,PHI,2017-03,92.5,15,6.1667
8474161,Jakub Voracek,R,PHI,2017-04,18.0,5,3.6
8474162,Jake Muzzin,D,LAK,2016-10,167.0,9,18.5556
8474162,Jake Muzzin,D,LAK,2016-11,204.0,14,14.5714
8474162,Jake Muzzin,D,LAK,2016-12,156.0,14,11.1429
8474162,Jake Muzzin,D,LAK,2017-01,174.5,13,13.4231
8474162,Jake Muzzin,D,LAK,2017-02,173.5,13,13.3462
8474162,Jake Muzzin,D,LAK,2017-03,217.0,14,15.5
8474162,Jake Muzzin,D,LAK,2017-04,73.5,5,14.7
8474166,Alec Martinez,D,LAK,2016-10,149.5,9,16.6111
8474166,Alec Martinez,D,LAK,2016-11,184.0,14,13.1429
8474166,Alec Martinez,D,LAK,2016-12,254.5,14,18.1786
8474166,Alec Martinez,D,LAK,2017-01,178.0,13,13.6923
8474166,Alec Martinez,D,LAK,2017-02,180.5,13,13.8846
8474166,Alec Martinez,D,LAK,2017-03,181.5,14,12.9643
8474166,Alec Martinez,D,LAK,2017-04,64.5,5,12.9
8474176,Carl Hagelin,L,PIT,2016-10,64.5,9,7.1667
8474176,Carl Hagelin,L,PIT,2016-11,89.5,14,6.3929
8474176,Carl Hagelin,L,PIT,2016-12,131.5,15,8.7667
8474176,Carl Hagelin,L,PIT,2017-01,94.0,11,8.5455
8474176,Carl Hagelin,L,PIT,2017-02,68.0,7,9.7143
8474176,Carl Hagelin,L,PIT,2017-03,42.5,5,8.5
8474189,Lars Eller,C,WSH,2016-10,66.5,8,8.3125
8474189,Lars Eller,C,WSH,2016-11,143.5,12,11.9583
8474189,Lars Eller,C,WSH,2016-12,171.0,14,12.2143
8474189,Lars Eller,C,WSH,2017-01,235.0,15,15.6667
8474189,Lars Eller,C,WSH,2017-02,176.0,12,14.6667
8474189,Lars Eller,C,WSH,2017-03,161.5,15,10.7667
8474189,Lars Eller,C,WSH,2017-04,72.5,5,14.5
8474190,Wayne Simmonds,R,PHI,2016-10,195.5,10,19.55
8474190,Wayne Simmonds,R,PHI,2016-11,167.0,14,11.9286
8474190,Wayne Simmonds,R,PHI,2016-12,233.0,14,16.6429
8474190,Wayne Simmonds,R,PHI,2017-01,172.5,13,13.2692
8474190,Wayne Simmonds,R,PHI,2017-02,227.0,11,20.6364
8474190,Wayne Simmonds,R,PHI,2017-03,208.5,15,13.9
8474190,Wayne Simmonds,R,PHI,2017-04,83.0,5,16.6
8474207,Nick Holden,D,NYR,2016-10,111.5,9,12.3889
8474207,Nick Holden,D,NYR,2016-11,209.5,15,13.9667
8474207,Nick Holden,D,NYR,2016-12,181.0,15,12.0667
8474207,Nick Holden,D,NYR,2017-01,155.0,11,14.0909
8474207,Nick Holden,D,NYR,2017-02,153.0,13,11.7692
8474207,Nick Holden,D,NYR,2017-03,190.0,15,12.6667
8474207,Nick Holden,D,NYR,2017-04,32.0,2,16.0
8474218,Jason Demers,D,FLA,2016-10,66.0,9,7.3333
8474218,Jason Demers,D,FLA,2016-11,151.5,14,10.8214
8474218,Jason Demers,D,FLA,2016-12,168.5,15,11.2333
8474218,Jason Demers,D,FLA,2017-01,158.0,13,12.1538
8474218,Jason Demers,D,FLA,2017-02,101.0,11,9.1818
8474218,Jason Demers,D,FLA,2017-03,177.0,15,11.8
8474218,Jason Demers,D,FLA,2017-04,28.0,4,7.0
8474230,Micheal Haley,C,SJS,2016-10,49.5,4,12.375
8474230,Micheal Haley,C,SJS,2016-11,153.5,10,15.35
8474230,Micheal Haley,C,SJS,2016-12,105.5,10,10.55
8474230,Micheal Haley,C,SJS,2017-01,78.5,7,11.2143
8474230,Micheal Haley,C,SJS,2017-02,154.5,10,15.45
8474230,Micheal Haley,C,SJS,2017-03,191.0,15,12.7333
8474230,Micheal Haley,C,SJS,2017-04,43.0,2,21.5
8474250,Zack Smith,C,OTT,2016-10,109.5,8,13.6875
8474250,Zack Smith,C,OTT,2016-11,277.0,15,18.4667
8474250,Zack Smith,C,OTT,2016-12,150.0,12,12.5
8474250,Zack Smith,C,OTT,2017-01,167.0,11,15.1818
8474250,Zack Smith,C,OTT,2017-02,281.0,13,21.6154
8474250,Zack Smith,C,OTT,2017-03,230.5,15,15.3667
8474291,Jay Beagle,C,WSH,2016-10,78.0,8,9.75
8474291,Jay Beagle,C,WSH,2016-11,207.0,13,15.9231
8474291,Jay Beagle,C,WSH,2016-12,236.0,14,16.8571
8474291,Jay Beagle,C,WSH,2017-01,243.5,14,17.3929
8474291,Jay Beagle,C,WSH,2017-02,159.5,12,13.2917
8474291,Jay Beagle,C,WSH,2017-03,175.0,15,11.6667
8474291,Jay Beagle,C,WSH,2017-04,73.5,5,14.7
8474520,Jason Garrison,D,TBL,2016-10,101.0,9,11.2222
8474520,Jason Garrison,D,TBL,2016-11,155.0,15,10.3333
8474520,Jason Garrison,D,TBL,2016-12,112.5,12,9.375
8474520,Jason Garrison,D,TBL,2017-01,104.5,11,9.5
8474520,Jason Garrison,D,TBL,2017-02,108.0,10,10.8
8474520,Jason Garrison,D,TBL,2017-03,112.0,12,9.3333
8474520,Jason Garrison,D,TBL,2017-04,6.0,1,6.0
8474550,Antti Niemi,G,DAL,2016-10,-2.5,0,0.0
8474550,Antti Niemi,G,DAL,2016-11,0.5,0,0.0
8474550,Antti Niemi,G,DAL,2016-12,-5.0,0,0.0
8474550,Antti Niemi,G,DAL,2017-01,0.5,0,0.0
8474550,Antti Niemi,G,DAL,2017-03,-2.5,0,0.0
8474563,Drew Doughty,D,LAK,2016-10,123.0,9,13.6667
8474563,Drew Doughty,D,LAK,2016-11,153.5,14,10.9643
8474563,Drew Doughty,D,LAK,2016-12,175.5,14,12.5357
8474563,Drew Doughty,D,LAK,2017-01,142.5,13,10.9615
8474563,Drew Doughty,D,LAK,2017-02,145.0,13,11.1538
8474563,Drew Doughty,D,LAK,2017-03,158.5,14,11.3214
8474563,Drew Doughty,D,LAK,2017-04,22.0,5,4.4
8474564,Steven Stamkos,C,TBL,2016-10,145.0,9,16.1111
8474564,Steven Stamkos,C,TBL,2016-11,109.0,8,13.625
8474565,Alex Pietrangelo,D,STL,2016-10,105.0,9,11.6667
8474565,Alex Pietrangelo,D,STL,2016-11,213.5,14,15.25
8474565,Alex Pietrangelo,D,STL,2016-12,142.0,13,10.9231
8474565,Alex Pietrangelo,D,STL,2017-01,132.0,13,10.1538
8474565,Alex Pietrangelo,D,STL,2017-02,177.5,12,14.7917
8474565,Alex Pietrangelo,D,STL,2017-03,175.0,15,11.6667
8474565,Alex Pietrangelo,D,STL,2017-04,49.0,4,12.25
8474567,Zach Bogosian,D,BUF,2016-10,72.0,8,9.0
8474567,Zach Bogosian,D,BUF,2016-11,6.5,1,6.5
8474567,Zach Bogosian,D,BUF,2016-12,113.5,7,16.2143
8474567,Zach Bogosian,D,BUF,2017-01,145.0,13,11.1538
8474567,Zach Bogosian,D,BUF,2017-02,64.0,8,8.0
8474567,Zach Bogosian,D,BUF,2017-03,167.5,14,11.9643
8474567,Zach Bogosian,D,BUF,2017-04,19.5,5,3.9
8474568,Luke Schenn,D,ARI,2016-10,120.0,8,15.0
8474568,Luke Schenn,D,ARI,2016-11,212.0,10,21.2
8474568,Luke Schenn,D,ARI,2016-12,301.5,15,20.1
8474568,Luke Schenn,D,ARI,2017-01,266.5,12,22.2083
8474568,Luke Schenn,D,ARI,2017-02,264.0,13,20.3077
8474568,Luke Schenn,D,ARI,2017-03,365.0,16,22.8125
8474568,Luke Schenn,D,ARI,2017-04,54.5,4,13.625
8474569,Colin Wilson,C,NSH,2016-10,45.0,8,5.625
8474569,Colin Wilson,C,NSH,2016-11,99.5,13,7.6538
8474569,Colin Wilson,C,NSH,2016-12,104.5,14,7.4643
8474569,Colin Wilson,C,NSH,2017-01,36.0,6,6.0
8474569,Colin Wilson,C,NSH,2017-02,108.0,13,8.3077
8474569,Colin Wilson,C,NSH,2017-03,79.0,13,6.0769
8474569,Colin Wilson,C,NSH,2017-04,12.0,3,4.0
8474571,Mikkel Boedker,L,SJS,2016-10,58.0,9,6.4444
8474571,Mikkel Boedker,L,SJS,2016-11,80.5,15,5.3667
8474571,Mikkel Boedker,L,SJS,2016-12,133.5,13,10.2692
8474571,Mikkel Boedker,L,SJS,2017-01,75.5,13,5.8077
8474571,Mikkel Boedker,L,SJS,2017-02,65.5,11,5.9545
8474571,Mikkel Boedker,L,SJS,2017-03,137.5,16,8.5938
8474571,Mikkel Boedker,L,SJS,2017-04,54.0,4,13.5
8474573,Josh Bailey,C,NYI,2016-10,72.0,9,8.0
8474573,Josh Bailey,C,NYI,2016-11,89.5,13,6.8846
8474573,Josh Bailey,C,NYI,2016-12,105.5,14,7.5357
8474573,Josh Bailey,C,NYI,2017-01,138.5,12,11.5417
8474573,Josh Bailey,C,NYI,2017-02,70.5,13,5.4231
8474573,Josh Bailey,C,NYI,2017-03,76.5,16,4.7812
8474573,Josh Bailey,C,NYI,2017-04,7.5,5,1.5
8474574,Tyler Myers,D,WPG,2016-10,111.5,8,13.9375
8474574,Tyler Myers,D,WPG,2016-11,20.0,3,6.6667
8474577,Joe Colborne,C,COL,2016-10,87.0,7,12.4286
8474577,Joe Colborne,C,COL,2016-11,100.5,13,7.7308
8474577,Joe Colborne,C,COL,2016-12,98.0,8,12.25
8474577,Joe Colborne,C,COL,2017-01,88.5,9,9.8333
8474577,Joe Colborne,C,COL,2017-02,103.5,14,7.3929
8474577,Joe Colborne,C,COL,2017-03,69.5,10,6.95
8474577,Joe Colborne,C,COL,2017-04,9.5,1,9.5
8474578,Erik Karlsson,D,OTT,2016-10,107.5,8,13.4375
8474578,Erik Karlsson,D,OTT,2016-11,263.5,15,17.5667
8474578,Erik Karlsson,D,OTT,2016-12,148.5,13,11.4231
8474578,Erik Karlsson,D,OTT,2017-01,178.0,12,14.8333
8474578,Erik Karlsson,D,OTT,2017-02,176.0,13,13.5385
8474578,Erik Karlsson,D,OTT,2017-03,238.0,14,17.0
8474578,Erik Karlsson,D,OTT,2017-04,-0.5,2,-0.25
8474579,Luca Sbisa,D,VAN,2016-10,143.5,9,15.9444
8474579,Luca Sbisa,D,VAN,2016-11,188.5,14,13.4643
8474579,Luca Sbisa,D,VAN,2016-12,194.0,15,12.9333
8474579,Luca Sbisa,D,VAN,2017-01,164.0,12,13.6667
8474579,Luca Sbisa,D,VAN,2017-02,150.0,12,12.5
8474579,Luca Sbisa,D,VAN,2017-03,200.0,15,13.3333
8474579,Luca Sbisa,D,VAN,2017-04,59.5,5,11.9
8474581,Jake Gardiner,D,TOR,2016-10,91.0,9,10.1111
8474581,Jake Gardiner,D,TOR,2016-11,90.0,14,6.4286
8474581,Jake Gardiner,D,TOR,2016-12,121.0,12,10.0833
8474581,Jake Gardiner,D,TOR,2017-01,120.0,13,9.2308
8474581,Jake Gardiner,D,TOR,2017-02,124.0,14,8.8571
8474581,Jake Gardiner,D,TOR,2017-03,154.0,14,11.0
8474581,Jake Gardiner,D,TOR,2017-04,49.5,6,8.25
8474584,Michael Del Zotto,D,PHI,2016-11,192.5,9,21.3889
8474584,Michael Del Zotto,D,PHI,2016-12,249.0,12,20.75
8474584,Michael Del Zotto,D,PHI,2017-01,182.5,9,20.2778
8474584,Michael Del Zotto,D,PHI,2017-02,36.5,3,12.1667
8474584,Michael Del Zotto,D,PHI,2017-03,249.0,13,19.1538
8474584,Michael Del Zotto,D,PHI,2017-04,78.5,5,15.7
8474586,Jordan Eberle,C,EDM,2016-10,74.0,9,8.2222
8474586,Jordan Eberle,C,EDM,2016-11,99.0,15,6.6
8474586,Jordan Eberle,C,EDM,2016-12,106.5,14,7.6071
8474586,Jordan Eberle,C,EDM,2017-01,76.0,14,5.4286
8474586,Jordan Eberle,C,EDM,2017-02,93.0,12,7.75
8474586,Jordan Eberle,C,EDM,2017-03,80.5,13,6.1923
8474586,Jordan Eberle,C,EDM,2017-04,39.5,5,7.9
8474589,Tyler Ennis,C,BUF,2016-10,44.0,8,5.5
8474589,Tyler Ennis,C,BUF,2016-11,19.5,4,4.875
8474589,Tyler Ennis,C,BUF,2017-01,53.5,6,8.9167
8474589,Tyler Ennis,C,BUF,2017-02,95.0,14,6.7857
8474589,Tyler Ennis,C,BUF,2017-03,83.5,14,5.9643
8474589,Tyler Ennis,C,BUF,2017-04,29.5,5,5.9
8474590,John Carlson,D,WSH,2016-10,74.5,8,9.3125
8474590,John Carlson,D,WSH,2016-11,102.0,13,7.8462
8474590,John Carlson,D,WSH,2016-12,124.5,14,8.8929
8474590,John Carlson,D,WSH,2017-01,111.0,9,12.3333
8474590,John Carlson,D,WSH,2017-02,143.0,12,11.9167
8474590,John Carlson,D,WSH,2017-03,188.5,15,12.5667
8474590,John Carlson,D,WSH,2017-04,16.0,1,16.0
8474593,Jacob Markstrom,G,VAN,2016-10,-8.0,0,0.0
8474593,Jacob Markstrom,G,VAN,2016-11,-2.5,0,0.0
8474596,Jake Allen,G,STL,2016-10,-7.5,0,0.0
8474596,Jake Allen,G,STL,2016-11,-9.5,0,0.0
8474596,Jake Allen,G,STL,2016-12,-9.5,0,0.0
8474596,Jake Allen,G,STL,2017-02,-10.0,0,0.0
8474596,Jake Allen,G,STL,2017-03,-10.0,0,0.0
8474597,Cody Goloubef,D,COL,2016-12,79.0,7,11.2857
8474597,Cody Goloubef,D,COL,2017-01,71.5,11,6.5
8474597,Cody Goloubef,D,COL,2017-02,71.0,10,7.1
8474597,Cody Goloubef,D,COL,2017-03,31.0,3,10.3333
8474597,Cody Goloubef,D,COL,2017-04,6.0,2,3.0
8474600,Roman Josi,D,NSH,2016-10,70.0,8,8.75
8474600,Roman Josi,D,NSH,2016-11,165.0,14,11.7857
8474600,Roman Josi,D,NSH,2016-12,157.5,14,11.25
8474600,Roman Josi,D,NSH,2017-01,49.5,6,8.25
8474600,Roman Josi,D,NSH,2017-02,136.5,12,11.375
8474600,Roman Josi,D,NSH,2017-03,146.0,14,10.4286
8474600,Roman Josi,D,NSH,2017-04,37.0,4,9.25
8474602,Justin Schultz,D,PIT,2016-10,66.0,9,7.3333
8474602,Justin Schultz,D,PIT,2016-11,137.0,14,9.7857
8474602,Justin Schultz,D,PIT,2016-12,192.0,15,12.8
8474602,Justin Schultz,D,PIT,2017-01,134.0,11,12.1818
8474602,Justin Schultz,D,PIT,2017-02,82.5,9,9.1667
8474602,Justin Schultz,D,PIT,2017-03,228.5,16,14.2812
8474602,Justin Schultz,D,PIT,2017-04,51.5,4,12.875
8474604,Aaron Ness,D,WSH,2017-02,12.5,2,6.25
8474605,Patrick Wiercioch,D,COL,2016-10,65.0,7,9.2857
8474605,Patrick Wiercioch,D,COL,2016-11,123.0,12,10.25
8474605,Patrick Wiercioch,D,COL,2016-12,96.0,13,7.3846
8474605,Patrick Wiercioch,D,COL,2017-01,48.5,9,5.3889
8474605,Patrick Wiercioch,D,COL,2017-02,112.0,11,10.1818
8474605,Patrick Wiercioch,D,COL,2017-03,14.0,4,3.5
8474605,Patrick Wiercioch,D,COL,2017-04,4.5,1,4.5
8474610,Zac Dalpe,C,MIN,2016-10,82.5,9,9.1667
8474611,Cameron Gaunce,D,PIT,2017-01,41.5,3,13.8333
8474611,Cameron Gaunce,D,PIT,2017-02,33.0,3,11.0
8474611,Cameron Gaunce,D,PIT,2017-03,39.5,4,9.875
8474611,Cameron Gaunce,D,PIT,2017-04,23.5,2,11.75
8474612,Travis Hamonic,D,NYI,2016-10,128.5,9,14.2778
8474612,Travis Hamonic,D,NYI,2016-11,150.0,10,15.0
8474612,Travis Hamonic,D,NYI,2016-12,162.5,14,11.6071
8474612,Travis Hamonic,D,NYI,2017-01,27.0,2,13.5
8474612,Travis Hamonic,D,NYI,2017-03,205.5,14,14.6786
8474613,Derek Stepan,C,NYR,2016-10,127.5,9,14.1667
8474613,Derek Stepan,C,NYR,2016-11,184.5,15,12.3
8474613,Derek Stepan,C,NYR,2016-12,210.0,15,14.0
8474613,Derek Stepan,C,NYR,2017-01,127.5,11,11.5909
8474613,Derek Stepan,C,NYR,2017-02,180.5,13,13.8846
8474613,Derek Stepan,C,NYR,2017-03,173.0,15,11.5333
8474613,Derek Stepan,C,NYR,2017-04,26.5,3,8.8333
8474618,Marco Scandella,D,MIN,2016-10,39.5,7,5.6429
8474618,Marco Scandella,D,MIN,2016-11,22.5,4,5.625
8474618,Marco Scandella,D,MIN,2016-12,173.0,14,12.3571
8474618,Marco Scandella,D,MIN,2017-01,126.5,13,9.7308
8474618,Marco Scandella,D,MIN,2017-02,92.5,12,7.7083
8474618,Marco Scandella,D,MIN,2017-03,123.5,16,7.7188
8474618,Marco Scandella,D,MIN,2017-04,31.0,5,6.2
8474625,Jimmy Hayes,R,BOS,2016-10,73.5,8,9.1875
8474625,Jimmy Hayes,R,BOS,2016-11,106.0,13,8.1538
8474625,Jimmy Hayes,R,BOS,2016-12,112.0,12,9.3333
8474625,Jimmy Hayes,R,BOS,2017-01,49.5,6,8.25
8474625,Jimmy Hayes,R,BOS,2017-02,53.0,9,5.8889
8474625,Jimmy Hayes,R,BOS,2017-03,34.0,9,3.7778
8474625,Jimmy Hayes,R,BOS,2017-04,3.0,1,3.0
8474627,Jori Lehtera,C,STL,2016-10,38.0,5,7.6
8474627,Jori Lehtera,C,STL,2016-11,135.5,14,9.6786
8474627,Jori Lehtera,C,STL,2016-12,158.0,13,12.1538
8474627,Jori Lehtera,C,STL,2017-01,164.5,13,12.6538
8474627,Jori Lehtera,C,STL,2017-02,183.0,12,15.25
8474627,Jori Lehtera,C,STL,2017-03,31.5,4,7.875
8474627,Jori Lehtera,C,STL,2017-04,25.5,3,8.5
8474628,Michael Stone,D,CGY,2016-10,42.0,4,10.5
8474628,Michael Stone,D,CGY,2016-11,141.0,8,17.625
8474628,Michael Stone,D,CGY,2016-12,205.0,13,15.7692
8474628,Michael Stone,D,CGY,2017-01,265.5,12,22.125
8474628,Michael Stone,D,CGY,2017-02,170.0,13,13.0769
8474628,Michael Stone,D,CGY,2017-03,149.5,11,13.5909
8474628,Michael Stone,D,CGY,2017-04,55.0,3,18.3333
8474636,Michael Hutchinson,G,WPG,2016-10,-2.5,0,0.0
8474636,Michael Hutchinson,G,WPG,2016-11,-10.0,0,0.0
8474636,Michael Hutchinson,G,WPG,2016-12,-5.0,0,0.0
8474636,Michael Hutchinson,G,WPG,2017-01,-7.5,0,0.0
8474636,Michael Hutchinson,G,WPG,2017-02,-2.5,0,0.0
8474636,Michael Hutchinson,G,WPG,2017-03,-10.0,0,0.0
8474641,Adam Henrique,C,NJD,2016-10,116.0,8,14.5
8474641,Adam Henrique,C,NJD,2016-11,214.0,14,15.2857
8474641,Adam Henrique,C,NJD,2016-12,227.5,15,15.1667
8474641,Adam Henrique,C,NJD,2017-01,246.5,14,17.6071
8474641,Adam Henrique,C,NJD,2017-02,208.0,11,18.9091
8474641,Adam Henrique,C,NJD,2017-03,200.0,15,13.3333
8474641,Adam Henrique,C,NJD,2017-04,67.0,5,13.4
8474642,Lance Bouma,L,CGY,2016-10,104.5,10,10.45
8474642,Lance Bouma,L,CGY,2016-11,77.5,3,25.8333
8474642,Lance Bouma,L,CGY,2016-12,113.5,8,14.1875
8474642,Lance Bouma,L,CGY,2017-01,148.0,13,11.3846
8474642,Lance Bouma,L,CGY,2017-02,124.0,10,12.4
8474642,Lance Bouma,L,CGY,2017-03,138.0,14,9.8571
8474642,Lance Bouma,L,CGY,2017-04,34.5,3,11.5
8474651,Braden Holtby,G,WSH,2016-10,3.0,0,0.0
8474651,Braden Holtby,G,WSH,2016-11,-9.0,0,0.0
8474651,Braden Holtby,G,WSH,2016-12,-10.0,0,0.0
8474651,Braden Holtby,G,WSH,2017-01,-7.5,0,0.0
8474651,Braden Holtby,G,WSH,2017-02,-20.0,0,0.0
8474651,Braden Holtby,G,WSH,2017-03,-2.0,0,0.0
8474651,Braden Holtby,G,WSH,2017-04,0.5,0,0.0
8474660,David Warsofsky,D,PIT,2016-10,29.5,4,7.375
8474660,David Warsofsky,D,PIT,2017-01,4.5,2,2.25
8474660,David Warsofsky,D,PIT,2017-03,18.0,1,18.0
8474668,Dale Weise,R,PHI,2016-10,56.5,7,8.0714
8474668,Dale Weise,R,PHI,2016-11,119.0,13,9.1538
8474668,Dale Weise,R,PHI,2016-12,97.0,13,7.4615
8474668,Dale Weise,R,PHI,2017-01,100.0,8,12.5
8474668,Dale Weise,R,PHI,2017-02,109.5,9,12.1667
8474668,Dale Weise,R,PHI,2017-03,137.5,9,15.2778
8474668,Dale Weise,R,PHI,2017-04,57.5,5,11.5
8474673,TJ Brodie,D,CGY,2016-10,78.0,10,7.8
8474673,TJ Brodie,D,CGY,2016-11,134.0,16,8.375
8474673,TJ Brodie,D,CGY,2016-12,98.0,13,7.5385
8474673,TJ Brodie,D,CGY,2017-01,125.5,13,9.6538
8474673,TJ Brodie,D,CGY,2017-02,144.0,12,12.0
8474673,TJ Brodie,D,CGY,2017-03,120.0,14,8.5714
8474673,TJ Brodie,D,CGY,2017-04,1.0,4,0.25
8474679,Gustav Nyquist,C,DET,2016-10,61.0,10,6.1
8474679,Gustav Nyquist,C,DET,2016-11,90.0,13,6.9231
8474679,Gustav Nyquist,C,DET,2016-12,79.5,13,6.1154
8474679,Gustav Nyquist,C,DET,2017-01,96.0,14,6.8571
8474679,Gustav Nyquist,C,DET,2017-02,35.5,6,5.9167
8474679,Gustav Nyquist,C,DET,2017-03,106.0,15,7.0667
8474679,Gustav Nyquist,C,DET,2017-04,45.5,5,9.1
8474683,Derek Grant,C,BUF,2016-10,83.5,8,10.4375
8474683,Derek Grant,C,BUF,2016-11,154.0,14,11.0
8474683,Derek Grant,C,BUF,2016-12,61.5,10,6.15
8474683,Derek Grant,C,BUF,2017-01,85.5,9,9.5
8474683,Derek Grant,C,BUF,2017-02,38.0,5,7.6
8474685,Matt Calvert,L,CBJ,2016-10,90.0,7,12.8571
8474685,Matt Calvert,L,CBJ,2016-11,83.5,10,8.35
8474685,Matt Calvert,L,CBJ,2016-12,169.0,13,13.0
8474685,Matt Calvert,L,CBJ,2017-01,82.5,12,6.875
8474685,Matt Calvert,L,CBJ,2017-02,50.5,9,5.6111
8474685,Matt Calvert,L,CBJ,2017-03,98.0,10,9.8
8474685,Matt Calvert,L,CBJ,2017-04,35.5,4,8.875
8474688,Greg Pateryn,D,DAL,2016-10,86.0,7,12.2857
8474688,Greg Pateryn,D,DAL,2016-11,142.5,9,15.8333
8474688,Greg Pateryn,D,DAL,2016-12,30.0,3,10.0
8474688,Greg Pateryn,D,DAL,2017-01,5.5,1,5.5
8474688,Greg Pateryn,D,DAL,2017-02,58.5,4,14.625
8474688,Greg Pateryn,D,DAL,2017-03,123.0,8,15.375
8474688,Greg Pateryn,D,DAL,2017-04,40.0,4,10.0
8474697,Mark Borowiecki,D,OTT,2016-10,141.0,8,17.625
8474697,Mark Borowiecki,D,OTT,2016-11,366.5,15,24.4333
8474697,Mark Borowiecki,D,OTT,2016-12,333.5,11,30.3182
8474697,Mark Borowiecki,D,OTT,2017-01,162.0,6,27.0
8474697,Mark Borowiecki,D,OTT,2017-02,342.0,13,26.3077
8474697,Mark Borowiecki,D,OTT,2017-03,346.5,11,31.5
8474697,Mark Borowiecki,D,OTT,2017-04,152.0,6,25.3333
8474707,Philip Larsen,D,VAN,2016-10,38.5,9,4.2778
8474707,Philip Larsen,D,VAN,2016-11,45.0,5,9.0
8474707,Philip Larsen,D,VAN,2016-12,18.0,3,6.0
8474707,Philip Larsen,D,VAN,2017-01,-2.5,1,-2.5
8474707,Philip Larsen,D,VAN,2017-02,5.0,4,1.25
8474707,Philip Larsen,D,VAN,2017-03,29.0,3,9.6667
8474709,Matt Martin,L,TOR,2016-10,202.5,9,22.5
8474709,Matt Martin,L,TOR,2016-11,287.0,14,20.5
8474709,Matt Martin,L,TOR,2016-12,197.5,12,16.4583
8474709,Matt Martin,L,TOR,2017-01,214.0,13,16.4615
8474709,Matt Martin,L,TOR,2017-02,220.5,14,15.75
8474709,Matt Martin,L,TOR,2017-03,201.0,14,14.3571
8474709,Matt Martin,L,TOR,2017-04,99.0,6,16.5
8474715,Cam Atkinson,R,CBJ,2016-10,42.5,7,6.0714
8474715,Cam Atkinson,R,CBJ,2016-11,84.0,14,6.0
8474715,Cam Atkinson,R,CBJ,2016-12,108.0,14,7.7143
8474715,Cam Atkinson,R,CBJ,2017-01,104.5,14,7.4643
8474715,Cam Atkinson,R,CBJ,2017-02,70.0,12,5.8333
8474715,Cam Atkinson,R,CBJ,2017-03,96.0,16,6.0
8474715,Cam Atkinson,R,CBJ,2017-04,30.0,5,6.0
8474716,Jared Spurgeon,D,MIN,2016-10,56.0,5,11.2
8474716,Jared Spurgeon,D,MIN,2016-11,176.0,13,13.5385
8474716,Jared Spurgeon,D,MIN,2016-12,153.5,14,10.9643
8474716,Jared Spurgeon,D,MIN,2017-01,180.0,13,13.8462
8474716,Jared Spurgeon,D,MIN,2017-02,121.0,12,10.0833
8474716,Jared Spurgeon,D,MIN,2017-03,186.5,16,11.6562
8474716,Jared Spurgeon,D,MIN,2017-04,48.0,3,16.0
8474717,Mark Barberio,D,COL,2016-11,20.5,3,6.8333
8474717,Mark Barberio,D,COL,2016-12,42.5,10,4.25
8474717,Mark Barberio,D,COL,2017-01,77.0,13,5.9231
8474717,Mark Barberio,D,COL,2017-02,80.5,13,6.1923
8474717,Mark Barberio,D,COL,2017-03,83.0,16,5.1875
8474717,Mark Barberio,D,COL,2017-04,34.0,5,6.8
8474722,Luke Witkowski,D,TBL,2016-11,35.5,4,8.875
8474722,Luke Witkowski,D,TBL,2016-12,44.5,4,11.125
8474722,Luke Witkowski,D,TBL,2017-01,86.0,6,14.3333
8474722,Luke Witkowski,D,TBL,2017-02,28.5,2,14.25
8474722,Luke Witkowski,D,TBL,2017-03,163.0,12,13.5833
8474722,Luke Witkowski,D,TBL,2017-04,95.5,6,15.9167
8474727,Ben Smith,R,TOR,2016-10,106.5,8,13.3125
8474727,Ben Smith,R,TOR,2016-11,193.5,13,14.8846
8474727,Ben Smith,R,TOR,2016-12,118.5,7,16.9286
8474727,Ben Smith,R,TOR,2017-02,170.0,11,15.4545
8474727,Ben Smith,R,TOR,2017-03,11.5,1,11.5
8474739,Tommy Wingels,C,OTT,2016-10,93.5,9,10.3889
8474739,Tommy Wingels,C,OTT,2016-11,115.5,11,10.5
8474739,Tommy Wingels,C,OTT,2016-12,127.0,9,14.1111
8474739,Tommy Wingels,C,OTT,2017-01,134.5,10,13.45
8474739,Tommy Wingels,C,OTT,2017-02,156.5,13,12.0385
8474739,Tommy Wingels,C,OTT,2017-03,223.0,15,14.8667
8474739,Tommy Wingels,C,OTT,2017-04,49.0,6,8.1667
8474743,Zach Redmond,D,MTL,2016-12,92.5,8,11.5625
8474743,Zach Redmond,D,MTL,2017-01,61.0,8,7.625
8474749,Matt Bartkowski,D,CGY,2017-02,49.0,6,8.1667
8474749,Matt Bartkowski,D,CGY,2017-03,107.0,14,7.6429
8474749,Matt Bartkowski,D,CGY,2017-04,47.5,4,11.875
8474774,Dalton Prout,D,NJD,2016-10,64.5,5,12.9
8474774,Dalton Prout,D,NJD,2016-11,38.0,3,12.6667
8474774,Dalton Prout,D,NJD,2017-01,44.5,6,7.4167
8474774,Dalton Prout,D,NJD,2017-02,1.5,1,1.5
8474774,Dalton Prout,D,NJD,2017-03,90.0,11,8.1818
8474774,Dalton Prout,D,NJD,2017-04,27.5,3,9.1667
8474818,Jordie Benn,D,MTL,2016-10,87.0,6,14.5
8474818,Jordie Benn,D,MTL,2016-11,174.0,16,10.875
8474818,Jordie Benn,D,MTL,2016-12,115.5,13,8.8846
8474818,Jordie Benn,D,MTL,2017-01,146.5,12,12.2083
8474818,Jordie Benn,D,MTL,2017-02,148.0,12,12.3333
8474818,Jordie Benn,D,MTL,2017-03,150.0,12,12.5
8474849,Antoine Roussel,L,DAL,2016-10,97.5,8,12.1875
8474849,Antoine Roussel,L,DAL,2016-11,228.5,16,14.2812
8474849,Antoine Roussel,L,DAL,2016-12,146.0,10,14.6
8474849,Antoine Roussel,L,DAL,2017-01,159.0,13,12.2308
8474849,Antoine Roussel,L,DAL,2017-02,155.0,12,12.9167
8474849,Antoine Roussel,L,DAL,2017-03,6.0,1,6.0
8474870,Tyler Johnson,C,TBL,2016-10,146.5,9,16.2778
8474870,Tyler Johnson,C,TBL,2016-11,198.5,15,13.2333
8474870,Tyler Johnson,C,TBL,2016-12,164.0,14,11.7143
8474870,Tyler Johnson,C,TBL,2017-01,128.0,13,9.8462
8474870,Tyler Johnson,C,TBL,2017-02,144.0,8,18.0
8474870,Tyler Johnson,C,TBL,2017-03,66.0,5,13.2
8474870,Tyler Johnson,C,TBL,2017-04,25.5,2,12.75
8474873,Brian Lashoff,D,DET,2016-12,47.0,5,9.4
8474884,Mike Hoffman,C,OTT,2016-10,60.0,8,7.5
8474884,Mike Hoffman,C,OTT,2016-11,92.0,13,7.0769
8474884,Mike Hoffman,C,OTT,2016-12,97.5,11,8.8636
8474884,Mike Hoffman,C,OTT,2017-01,56.0,11,5.0909
8474884,Mike Hoffman,C,OTT,2017-02,47.0,11,4.2727
8474884,Mike Hoffman,C,OTT,2017-03,48.0,15,3.2
8474884,Mike Hoffman,C,OTT,2017-04,17.5,5,3.5
8474889,Martin Jones,G,SJS,2016-10,-12.5,0,0.0
8474889,Martin Jones,G,SJS,2016-11,-17.5,0,0.0
8474889,Martin Jones,G,SJS,2016-12,6.5,0,0.0
8474889,Martin Jones,G,SJS,2017-01,-7.5,0,0.0
8474889,Martin Jones,G,SJS,2017-02,-7.5,0,0.0
8474889,Martin Jones,G,SJS,2017-03,-2.5,0,0.0
8474889,Martin Jones,G,SJS,2017-04,-5.0,0,0.0
8475098,Tyler Bozak,C,TOR,2016-10,117.0,9,13.0
8475098,Tyler Bozak,C,TOR,2016-11,190.0,14,13.5714
8475098,Tyler Bozak,C,TOR,2016-12,119.0,9,13.2222
8475098,Tyler Bozak,C,TOR,2017-01,136.5,13,10.5
8475098,Tyler Bozak,C,TOR,2017-02,164.5,13,12.6538
8475098,Tyler Bozak,C,TOR,2017-03,208.5,14,14.8929
8475098,Tyler Bozak,C,TOR,2017-04,92.5,6,15.4167
8475147,Jordan Schroeder,C,MIN,2016-11,5.5,2,2.75
8475147,Jordan Schroeder,C,MIN,2016-12,50.0,5,10.0
8475147,Jordan Schroeder,C,MIN,2017-01,53.5,12,4.4583
8475147,Jordan Schroeder,C,MIN,2017-02,52.0,9,5.7778
8475147,Jordan Schroeder,C,MIN,2017-03,35.5,6,5.9167
8475147,Jordan Schroeder,C,MIN,2017-04,15.0,3,5.0
8475149,Marcus Johansson,L,WSH,2016-10,70.0,8,8.75
8475149,Marcus Johansson,L,WSH,2016-11,76.0,13,5.8462
8475149,Marcus Johansson,L,WSH,2016-12,81.5,14,5.8214
8475149,Marcus Johansson,L,WSH,2017-01,90.0,15,6.0
8475149,Marcus Johansson,L,WSH,2017-02,122.0,12,10.1667
8475149,Marcus Johansson,L,WSH,2017-03,77.5,15,5.1667
8475149,Marcus Johansson,L,WSH,2017-04,41.0,5,8.2
8475151,Kyle Palmieri,C,NJD,2016-10,72.0,8,9.0
8475151,Kyle Palmieri,C,NJD,2016-11,155.5,12,12.9583
8475151,Kyle Palmieri,C,NJD,2016-12,203.5,15,13.5667
8475151,Kyle Palmieri,C,NJD,2017-01,195.0,14,13.9286
8475151,Kyle Palmieri,C,NJD,2017-02,127.0,11,11.5455
8475151,Kyle Palmieri,C,NJD,2017-03,168.5,15,11.2333
8475151,Kyle Palmieri,C,NJD,2017-04,41.5,5,8.3
8475155,Simon Despres,D,ANA,2016-10,8.5,1,8.5
8475158,Ryan O'Reilly,C,BUF,2016-10,143.0,8,17.875
8475158,Ryan O'Reilly,C,BUF,2016-11,167.5,8,20.9375
8475158,Ryan O'Reilly,C,BUF,2016-12,176.0,11,16.0
8475158,Ryan O'Reilly,C,BUF,2017-01,275.5,12,22.9583
8475158,Ryan O'Reilly,C,BUF,2017-02,284.5,14,20.3214
8475158,Ryan O'Reilly,C,BUF,2017-03,277.5,14,19.8214
8475158,Ryan O'Reilly,C,BUF,2017-04,95.5,5,19.1
8475160,Kyle Clifford,L,LAK,2016-10,102.0,8,12.75
8475160,Kyle Clifford,L,LAK,2016-11,117.0,12,9.75
8475160,Kyle Clifford,L,LAK,2016-12,99.5,10,9.95
8475160,Kyle Clifford,L,LAK,2017-01,158.5,13,12.1923
8475160,Kyle Clifford,L,LAK,2017-02,139.0,13,10.6923
8475160,Kyle Clifford,L,LAK,2017-03,121.0,13,9.3077
8475160,Kyle Clifford,L,LAK,2017-04,39.5,4,9.875
8475163,Alex Chiasson,R,CGY,2016-10,71.0,10,7.1
8475163,Alex Chiasson,R,CGY,2016-11,108.5,16,6.7812
8475163,Alex Chiasson,R,CGY,2016-12,76.0,13,5.8462
8475163,Alex Chiasson,R,CGY,2017-01,130.0,13,10.0
8475163,Alex Chiasson,R,CGY,2017-02,77.5,11,7.0455
8475163,Alex Chiasson,R,CGY,2017-03,85.5,14,6.1071
8475163,Alex Chiasson,R,CGY,2017-04,24.5,4,6.125
8475164,Jakob Silfverberg,R,ANA,2016-10,77.0,9,8.5556
8475164,Jakob Silfverberg,R,ANA,2016-11,156.5,14,11.1786
8475164,Jakob Silfverberg,R,ANA,2016-12,114.5,15,7.6333
8475164,Jakob Silfverberg,R,ANA,2017-01,127.0,11,11.5455
8475164,Jakob Silfverberg,R,ANA,2017-02,79.5,11,7.2273
8475164,Jakob Silfverberg,R,ANA,2017-03,122.0,14,8.7143
8475164,Jakob Silfverberg,R,ANA,2017-04,38.5,5,7.7
8475165,Anton Lander,C,EDM,2016-10,105.0,8,13.125
8475165,Anton Lander,C,EDM,2016-11,88.5,8,11.0625
8475165,Anton Lander,C,EDM,2017-01,21.5,4,5.375
8475165,Anton Lander,C,EDM,2017-02,23.0,2,11.5
8475166,John Tavares,C,NYI,2016-10,116.0,9,12.8889
8475166,John Tavares,C,NYI,2016-11,100.0,13,7.6923
8475166,John Tavares,C,NYI,2016-12,187.5,14,13.3929
8475166,John Tavares,C,NYI,2017-01,154.0,12,12.8333
8475166,John Tavares,C,NYI,2017-02,211.5,13,16.2692
8475166,John Tavares,C,NYI,2017-03,227.0,16,14.1875
8475167,Victor Hedman,D,TBL,2016-10,149.5,9,16.6111
8475167,Victor Hedman,D,TBL,2016-11,191.5,15,12.7667
8475167,Victor Hedman,D,TBL,2016-12,210.0,14,15.0
8475167,Victor Hedman,D,TBL,2017-01,132.0,10,13.2
8475167,Victor Hedman,D,TBL,2017-02,118.0,10,11.8
8475167,Victor Hedman,D,TBL,2017-03,184.0,15,12.2667
8475167,Victor Hedman,D,TBL,2017-04,77.0,6,12.8333
8475168,Matt Duchene,C,COL,2016-10,100.0,7,14.2857
8475168,Matt Duchene,C,COL,2016-11,159.0,10,15.9
8475168,Matt Duchene,C,COL,2016-12,241.5,15,16.1
8475168,Matt Duchene,C,COL,2017-01,149.0,10,14.9
8475168,Matt Duchene,C,COL,2017-02,234.0,14,16.7143
8475168,Matt Duchene,C,COL,2017-03,232.5,16,14.5312
8475168,Matt Duchene,C,COL,2017-04,63.5,5,12.7
8475169,Evander Kane,L,BUF,2016-10,12.0,1,12.0
8475169,Evander Kane,L,BUF,2016-11,135.0,10,13.5
8475169,Evander Kane,L,BUF,2016-12,231.0,14,16.5
8475169,Evander Kane,L,BUF,2017-01,139.0,13,10.6923
8475169,Evander Kane,L,BUF,2017-02,192.0,13,14.7692
8475169,Evander Kane,L,BUF,2017-03,114.0,14,8.1429
8475169,Evander Kane,L,BUF,2017-04,37.0,5,7.4
8475170,Brayden Schenn,C,PHI,2016-10,108.5,7,15.5
8475170,Brayden Schenn,C,PHI,2016-11,196.5,14,14.0357
8475170,Brayden Schenn,C,PHI,2016-12,212.5,14,15.1786
8475170,Brayden Schenn,C,PHI,2017-01,231.5,13,17.8077
8475170,Brayden Schenn,C,PHI,2017-02,209.0,11,19.0
8475170,Brayden Schenn,C,PHI,2017-03,166.0,15,11.0667
8475170,Brayden Schenn,C,PHI,2017-04,53.5,5,10.7
8475171,Oliver Ekman-Larsson,D,ARI,2016-10,107.5,8,13.4375
8475171,Oliver Ekman-Larsson,D,ARI,2016-11,170.0,13,13.0769
8475171,Oliver Ekman-Larsson,D,ARI,2016-12,172.0,16,10.75
8475171,Oliver Ekman-Larsson,D,ARI,2017-01,157.5,12,13.125
8475171,Oliver Ekman-Larsson,D,ARI,2017-02,171.0,13,13.1538
8475171,Oliver Ekman-Larsson,D,ARI,2017-03,179.5,16,11.2188
8475171,Oliver Ekman-Larsson,D,ARI,2017-04,1.0,1,1.0
8475172,Nazem Kadri,C,TOR,2016-10,157.5,9,17.5
8475172,Nazem Kadri,C,TOR,2016-11,307.0,14,21.9286
8475172,Nazem Kadri,C,TOR,2016-12,203.0,12,16.9167
8475172,Nazem Kadri,C,TOR,2017-01,233.5,13,17.9615
8475172,Nazem Kadri,C,TOR,2017-02,269.0,14,19.2143
8475172,Nazem Kadri,C,TOR,2017-03,264.5,14,18.8929
8475172,Nazem Kadri,C,TOR,2017-04,116.0,6,19.3333
8475175,Magnus Paajarvi,L,STL,2016-10,10.5,3,3.5
8475175,Magnus Paajarvi,L,STL,2017-02,86.5,9,9.6111
8475175,Magnus Paajarvi,L,STL,2017-03,152.0,15,10.1333
8475175,Magnus Paajarvi,L,STL,2017-04,27.0,5,5.4
8475176,Ryan Ellis,D,NSH,2016-10,151.5,8,18.9375
8475176,Ryan Ellis,D,NSH,2016-11,150.5,11,13.6818
8475176,Ryan Ellis,D,NSH,2016-12,121.5,9,13.5
8475176,Ryan Ellis,D,NSH,2017-01,167.0,14,11.9286
8475176,Ryan Ellis,D,NSH,2017-02,143.5,13,11.0385
8475176,Ryan Ellis,D,NSH,2017-03,169.0,12,14.0833
8475176,Ryan Ellis,D,NSH,2017-04,43.0,4,10.75
8475177,Calvin de Haan,D,NYI,2016-10,110.0,9,12.2222
8475177,Calvin de Haan,D,NYI,2016-11,245.0,13,18.8462
8475177,Calvin de Haan,D,NYI,2016-12,283.5,14,20.25
8475177,Calvin de Haan,D,NYI,2017-01,173.5,12,14.4583
8475177,Calvin de Haan,D,NYI,2017-02,179.0,13,13.7692
8475177,Calvin de Haan,D,NYI,2017-03,238.5,16,14.9062
8475177,Calvin de Haan,D,NYI,2017-04,84.0,5,16.8
8475178,Zack Kassian,R,EDM,2016-10,117.5,9,13.0556
8475178,Zack Kassian,R,EDM,2016-11,104.0,12,8.6667
8475178,Zack Kassian,R,EDM,2016-12,154.5,14,11.0357
8475178,Zack Kassian,R,EDM,2017-01,126.0,14,9.0
8475178,Zack Kassian,R,EDM,2017-02,132.0,12,11.0
8475178,Zack Kassian,R,EDM,2017-03,180.0,13,13.8462
8475178,Zack Kassian,R,EDM,2017-04,73.0,5,14.6
8475179,Dmitry Kulikov,D,BUF,2016-10,65.0,7,9.2857
8475179,Dmitry Kulikov,D,BUF,2016-11,77.0,5,15.4
8475179,Dmitry Kulikov,D,BUF,2016-12,106.0,8,13.25
8475179,Dmitry Kulikov,D,BUF,2017-01,89.0,3,29.6667
8475179,Dmitry Kulikov,D,BUF,2017-02,160.0,14,11.4286
8475179,Dmitry Kulikov,D,BUF,2017-03,66.5,5,13.3
8475179,Dmitry Kulikov,D,BUF,2017-04,41.0,5,8.2
8475180,Peter Holland,C,ARI,2016-10,31.0,6,5.1667
8475180,Peter Holland,C,ARI,2016-11,13.0,2,6.5
8475180,Peter Holland,C,ARI,2016-12,70.5,9,7.8333
8475180,Peter Holland,C,ARI,2017-01,118.0,9,13.1111
8475180,Peter Holland,C,ARI,2017-02,53.5,5,10.7
8475180,Peter Holland,C,ARI,2017-03,158.5,15,10.5667
8475180,Peter Holland,C,ARI,2017-04,16.5,2,8.25
8475181,Nick Leddy,D,NYI,2016-10,115.0,8,14.375
8475181,Nick Leddy,D,NYI,2016-11,138.5,13,10.6538
8475181,Nick Leddy,D,NYI,2016-12,137.5,14,9.8214
8475181,Nick Leddy,D,NYI,2017-01,94.5,12,7.875
8475181,Nick Leddy,D,NYI,2017-02,96.5,13,7.4231
8475181,Nick Leddy,D,NYI,2017-03,140.5,16,8.7812
8475181,Nick Leddy,D,NYI,2017-04,47.0,5,9.4
8475184,Chris Kreider,C,NYR,2016-10,108.0,5,21.6
8475184,Chris Kreider,C,NYR,2016-11,134.0,13,10.3077
8475184,Chris Kreider,C,NYR,2016-12,189.5,15,12.6333
8475184,Chris Kreider,C,NYR,2017-01,172.0,11,15.6364
8475184,Chris Kreider,C,NYR,2017-02,106.0,13,8.1538
8475184,Chris Kreider,C,NYR,2017-03,187.5,15,12.5
8475184,Chris Kreider,C,NYR,2017-04,18.0,3,6.0
8475185,Jacob Josefson,C,NJD,2016-10,22.0,3,7.3333
8475185,Jacob Josefson,C,NJD,2016-11,88.0,10,8.8
8475185,Jacob Josefson,C,NJD,2016-12,29.5,3,9.8333
8475185,Jacob Josefson,C,NJD,2017-01,84.5,8,10.5625
8475185,Jacob Josefson,C,NJD,2017-02,121.5,11,11.0455
8475185,Jacob Josefson,C,NJD,2017-04,21.0,3,7.0
8475186,John Moore,D,NJD,2016-10,93.0,8,11.625
8475186,John Moore,D,NJD,2016-11,72.5,14,5.1786
8475186,John Moore,D,NJD,2016-12,111.5,15,7.4333
8475186,John Moore,D,NJD,2017-02,76.5,6,12.75
8475186,John Moore,D,NJD,2017-03,132.0,15,8.8
8475186,John Moore,D,NJD,2017-04,62.5,5,12.5
8475188,Brayden McNabb,D,LAK,2016-10,99.5,8,12.4375
8475188,Brayden McNabb,D,LAK,2016-12,14.0,2,7.0
8475188,Brayden McNabb,D,LAK,2017-01,160.0,11,14.5455
8475188,Brayden McNabb,D,LAK,2017-02,209.5,13,16.1154
8475188,Brayden McNabb,D,LAK,2017-03,157.5,10,15.75
8475188,Brayden McNabb,D,LAK,2017-04,51.0,5,10.2
8475191,Reilly Smith,R,FLA,2016-10,82.0,9,9.1111
8475191,Reilly Smith,R,FLA,2016-11,127.5,14,9.1071
8475191,Reilly Smith,R,FLA,2016-12,92.0,13,7.0769
8475191,Reilly Smith,R,FLA,2017-01,104.5,13,8.0385
8475191,Reilly Smith,R,FLA,2017-02,78.0,11,7.0909
8475191,Reilly Smith,R,FLA,2017-03,92.5,15,6.1667
8475191,Reilly Smith,R,FLA,2017-04,36.0,5,7.2
8475192,Taylor Beck,L,NYR,2016-11,7.5,1,7.5
8475192,Taylor Beck,L,NYR,2016-12,4.5,2,2.25
8475192,Taylor Beck,L,NYR,2017-04,14.0,2,7.0
8475193,Tomas Tatar,C,DET,2016-10,100.0,10,10.0
8475193,Tomas Tatar,C,DET,2016-11,113.0,13,8.6923
8475193,Tomas Tatar,C,DET,2016-12,153.5,13,11.8077
8475193,Tomas Tatar,C,DET,2017-01,105.5,14,7.5357
8475193,Tomas Tatar,C,DET,2017-02,81.0,11,7.3636
8475193,Tomas Tatar,C,DET,2017-03,164.0,16,10.25
8475193,Tomas Tatar,C,DET,2017-04,48.5,5,9.7
8475195,Anders Nilsson,G,BUF,2016-11,3.0,0,0.0
8475195,Anders Nilsson,G,BUF,2017-01,-7.5,0,0.0
8475195,Anders Nilsson,G,BUF,2017-03,-7.5,0,0.0
8475197,Tyson Barrie,D,COL,2016-10,56.5,7,8.0714
8475197,Tyson Barrie,D,COL,2016-11,110.5,14,7.8929
8475197,Tyson Barrie,D,COL,2016-12,80.0,15,5.3333
8475197,Tyson Barrie,D,COL,2017-01,35.0,7,5.0
8475197,Tyson Barrie,D,COL,2017-02,70.5,10,7.05
8475197,Tyson Barrie,D,COL,2017-03,131.0,16,8.1875
8475197,Tyson Barrie,D,COL,2017-04,15.0,5,3.0
8475199,Eric Gelinas,D,COL,2016-10,17.5,3,5.8333
8475199,Eric Gelinas,D,COL,2016-11,10.5,4,2.625
8475199,Eric Gelinas,D,COL,2016-12,75.5,10,7.55
8475199,Eric Gelinas,D,COL,2017-01,74.0,8,9.25
8475199,Eric Gelinas,D,COL,2017-02,15.0,2,7.5
8475200,Dmitry Orlov,D,WSH,2016-10,84.5,8,10.5625
8475200,Dmitry Orlov,D,WSH,2016-11,123.0,13,9.4615
8475200,Dmitry Orlov,D,WSH,2016-12,178.5,14,12.75
8475200,Dmitry Orlov,D,WSH,2017-01,188.0,15,12.5333
8475200,Dmitry Orlov,D,WSH,2017-02,150.0,12,12.5
8475200,Dmitry Orlov,D,WSH,2017-03,141.5,15,9.4333
8475200,Dmitry Orlov,D,WSH,2017-04,27.5,5,5.5
8475204,Brandon Pirri,C,NYR,2016-10,66.0,9,7.3333
8475204,Brandon Pirri,C,NYR,2016-11,167.0,15,11.1333
8475204,Brandon Pirri,C,NYR,2016-12,73.0,13,5.6154
8475204,Brandon Pirri,C,NYR,2017-01,47.5,11,4.3182
8475204,Brandon Pirri,C,NYR,2017-02,41.0,4,10.25
8475204,Brandon Pirri,C,NYR,2017-03,31.5,5,6.3
8475204,Brandon Pirri,C,NYR,2017-04,33.5,3,11.1667
8475208,Brian Dumoulin,D,PIT,2016-10,146.5,9,16.2778
8475208,Brian Dumoulin,D,PIT,2016-11,171.5,13,13.1923
8475208,Brian Dumoulin,D,PIT,2016-12,188.5,13,14.5
8475208,Brian Dumoulin,D,PIT,2017-01,47.0,3,15.6667
8475208,Brian Dumoulin,D,PIT,2017-02,192.5,12,16.0417
8475208,Brian Dumoulin,D,PIT,2017-03,164.0,16,10.25
8475208,Brian Dumoulin,D,PIT,2017-04,83.5,4,20.875
8475209,Richard Panik,R,CHI,2016-10,155.5,9,17.2778
8475209,Richard Panik,R,CHI,2016-11,191.5,15,12.7667
8475209,Richard Panik,R,CHI,2016-12,180.0,15,12.0
8475209,Richard Panik,R,CHI,2017-01,160.5,13,12.3462
8475209,Richard Panik,R,CHI,2017-02,130.0,10,13.0
8475209,Richard Panik,R,CHI,2017-03,203.0,16,12.6875
8475209,Richard Panik,R,CHI,2017-04,30.0,4,7.5
8475210,Anton Rodin,R,VAN,2016-12,4.5,1,4.5
8475210,Anton Rodin,R,VAN,2017-01,3.0,3,1.0
8475213,Drew Shore,C,VAN,2017-03,75.0,9,8.3333
8475213,Drew Shore,C,VAN,2017-04,51.5,5,10.3
8475215,Robin Lehner,G,BUF,2016-10,-2.0,0,0.0
8475215,Robin Lehner,G,BUF,2016-11,-5.0,0,0.0
8475215,Robin Lehner,G,BUF,2016-12,-5.0,0,0.0
8475215,Robin Lehner,G,BUF,2017-01,20.5,0,0.0
8475215,Robin Lehner,G,BUF,2017-02,-4.0,0,0.0
8475215,Robin Lehner,G,BUF,2017-03,-7.5,0,0.0
8475215,Robin Lehner,G,BUF,2017-04,-12.5,0,0.0
8475218,Mattias Ekholm,D,NSH,2016-10,93.5,8,11.6875
8475218,Mattias Ekholm,D,NSH,2016-11,152.5,14,10.8929
8475218,Mattias Ekholm,D,NSH,2016-12,114.0,14,8.1429
8475218,Mattias Ekholm,D,NSH,2017-01,150.5,14,10.75
8475218,Mattias Ekholm,D,NSH,2017-02,72.5,13,5.5769
8475218,Mattias Ekholm,D,NSH,2017-03,151.5,14,10.8214
8475218,Mattias Ekholm,D,NSH,2017-04,41.0,5,8.2
8475220,Marcus Foligno,L,BUF,2016-10,130.0,8,16.25
8475220,Marcus Foligno,L,BUF,2016-11,286.0,14,20.4286
8475220,Marcus Foligno,L,BUF,2016-12,232.5,14,16.6071
8475220,Marcus Foligno,L,BUF,2017-01,269.0,13,20.6923
8475220,Marcus Foligno,L,BUF,2017-02,211.5,14,15.1071
8475220,Marcus Foligno,L,BUF,2017-03,237.0,14,16.9286
8475220,Marcus Foligno,L,BUF,2017-04,45.5,3,15.1667
8475222,Sami Vatanen,D,ANA,2016-10,143.5,9,15.9444
8475222,Sami Vatanen,D,ANA,2016-11,185.0,14,13.2143
8475222,Sami Vatanen,D,ANA,2016-12,163.5,12,13.625
8475222,Sami Vatanen,D,ANA,2017-01,149.5,13,11.5
8475222,Sami Vatanen,D,ANA,2017-02,80.5,6,13.4167
8475222,Sami Vatanen,D,ANA,2017-03,162.5,14,11.6071
8475222,Sami Vatanen,D,ANA,2017-04,15.5,3,5.1667
8475223,Linden Vey,R,CGY,2016-11,3.0,4,0.75
8475225,Craig Smith,C,NSH,2016-10,31.5,7,4.5
8475225,Craig Smith,C,NSH,2016-11,119.5,14,8.5357
8475225,Craig Smith,C,NSH,2016-12,111.0,14,7.9286
8475225,Craig Smith,C,NSH,2017-01,130.0,13,10.0
8475225,Craig Smith,C,NSH,2017-02,84.0,13,6.4615
8475225,Craig Smith,C,NSH,2017-03,99.0,12,8.25
8475225,Craig Smith,C,NSH,2017-04,33.5,5,6.7
8475227,Chris Wideman,D,OTT,2016-10,60.0,8,7.5
8475227,Chris Wideman,D,OTT,2016-11,69.5,10,6.95
8475227,Chris Wideman,D,OTT,2016-12,103.5,13,7.9615
8475227,Chris Wideman,D,OTT,2017-01,119.5,12,9.9583
8475227,Chris Wideman,D,OTT,2017-02,102.0,12,8.5
8475227,Chris Wideman,D,OTT,2017-03,127.5,15,8.5
8475227,Chris Wideman,D,OTT,2017-04,63.0,6,10.5
8475231,Casey Cizikas,C,NYI,2016-10,236.5,9,26.2778
8475231,Casey Cizikas,C,NYI,2016-11,304.0,13,23.3846
8475231,Casey Cizikas,C,NYI,2016-12,186.5,8,23.3125
8475231,Casey Cizikas,C,NYI,2017-01,290.0,12,24.1667
8475231,Casey Cizikas,C,NYI,2017-02,186.0,11,16.9091
8475231,Casey Cizikas,C,NYI,2017-03,155.5,6,25.9167
8475233,David Savard,D,CBJ,2016-10,105.5,7,15.0714
8475233,David Savard,D,CBJ,2016-11,236.5,14,16.8929
8475233,David Savard,D,CBJ,2016-12,186.5,14,13.3214
8475233,David Savard,D,CBJ,2017-01,95.5,10,9.55
8475233,David Savard,D,CBJ,2017-02,108.5,8,13.5625
8475233,David Savard,D,CBJ,2017-03,237.0,16,14.8125
8475233,David Savard,D,CBJ,2017-04,78.0,5,15.6
8475234,J-F Berube,G,NYI,2016-12,-2.5,0,0.0
8475234,J-F Berube,G,NYI,2017-01,-2.5,0,0.0
8475234,J-F Berube,G,NYI,2017-02,-2.5,0,0.0
8475235,Nicolas Deslauriers,L,BUF,2016-10,75.5,7,10.7857
8475235,Nicolas Deslauriers,L,BUF,2016-12,82.5,8,10.3125
8475235,Nicolas Deslauriers,L,BUF,2017-01,112.0,8,14.0
8475235,Nicolas Deslauriers,L,BUF,2017-02,65.0,8,8.125
8475235,Nicolas Deslauriers,L,BUF,2017-03,72.5,8,9.0625
8475235,Nicolas Deslauriers,L,BUF,2017-04,25.0,3,8.3333
8475236,Cody Eakin,C,DAL,2016-11,87.0,7,12.4286
8475236,Cody Eakin,C,DAL,2016-12,108.5,9,12.0556
8475236,Cody Eakin,C,DAL,2017-01,187.0,13,14.3846
8475236,Cody Eakin,C,DAL,2017-02,234.5,12,19.5417
8475236,Cody Eakin,C,DAL,2017-03,235.5,14,16.8214
8475236,Cody Eakin,C,DAL,2017-04,90.5,5,18.1
8475246,Kevin Connauton,D,ARI,2016-10,10.5,2,5.25
8475246,Kevin Connauton,D,ARI,2016-11,76.0,5,15.2
8475246,Kevin Connauton,D,ARI,2016-12,19.5,2,9.75
8475246,Kevin Connauton,D,ARI,2017-01,34.0,3,11.3333
8475246,Kevin Connauton,D,ARI,2017-02,77.5,7,11.0714
8475246,Kevin Connauton,D,ARI,2017-03,11.5,1,11.5
8475246,Kevin Connauton,D,ARI,2017-04,66.5,4,16.625
8475250,Andrej Nestrasil,C,CAR,2016-10,15.5,3,5.1667
8475250,Andrej Nestrasil,C,CAR,2016-11,56.5,8,7.0625
8475250,Andrej Nestrasil,C,CAR,2016-12,16.0,6,2.6667
8475250,Andrej Nestrasil,C,CAR,2017-01,4.5,1,4.5
8475254,Gabriel Dumont,C,TBL,2017-01,160.0,9,17.7778
8475254,Gabriel Dumont,C,TBL,2017-02,137.0,10,13.7
8475254,Gabriel Dumont,C,TBL,2017-03,271.0,15,18.0667
8475254,Gabriel Dumont,C,TBL,2017-04,119.0,5,23.8
8475263,Wade Megan,C,STL,2016-12,10.5,1,10.5
8475263,Wade Megan,C,STL,2017-02,10.5,2,5.25
8475268,Gabriel Bourque,L,COL,2016-10,64.5,5,12.9
8475268,Gabriel Bourque,L,COL,2016-12,12.5,1,12.5
8475274,Seth Helgeson,D,NJD,2016-12,26.5,2,13.25
8475274,Seth Helgeson,D,NJD,2017-01,35.0,3,11.6667
8475274,Seth Helgeson,D,NJD,2017-02,46.0,4,11.5
8475278,Byron Froese,C,TBL,2016-12,10.0,2,5.0
8475278,Byron Froese,C,TBL,2017-03,45.0,4,11.25
8475279,Ben Chiarot,D,WPG,2016-10,56.0,8,7.0
8475279,Ben Chiarot,D,WPG,2016-11,198.0,16,12.375
8475279,Ben Chiarot,D,WPG,2016-12,153.5,14,10.9643
8475279,Ben Chiarot,D,WPG,2017-01,44.0,5,8.8
8475279,Ben Chiarot,D,WPG,2017-02,153.0,8,19.125
8475279,Ben Chiarot,D,WPG,2017-03,100.5,8,12.5625
8475287,Erik Haula,L,MIN,2016-10,32.0,4,8.0
8475287,Erik Haula,L,MIN,2016-11,102.0,11,9.2727
8475287,Erik Haula,L,MIN,2016-12,129.0,11,11.7273
8475287,Erik Haula,L,MIN,2017-01,164.5,13,12.6538
8475287,Erik Haula,L,MIN,2017-02,122.0,12,10.1667
8475287,Erik Haula,L,MIN,2017-03,95.5,16,5.9688
8475287,Erik Haula,L,MIN,2017-04,57.0,5,11.4
8475291,Garrett Mitchell,R,WSH,2017-04,6.0,1,6.0
8475296,Mitch Callahan,R,DET,2017-03,21.5,4,5.375
8475310,Curtis McKenzie,L,DAL,2016-10,41.0,6,6.8333
8475310,Curtis McKenzie,L,DAL,2016-11,151.0,10,15.1
8475310,Curtis McKenzie,L,DAL,2016-12,145.0,11,13.1818
8475310,Curtis McKenzie,L,DAL,2017-01,55.5,4,13.875
8475310,Curtis McKenzie,L,DAL,2017-02,95.5,8,11.9375
8475310,Curtis McKenzie,L,DAL,2017-03,168.0,14,12.0
8475311,Darcy Kuemper,G,MIN,2016-10,-2.5,0,0.0
8475311,Darcy Kuemper,G,MIN,2016-11,-2.5,0,0.0
8475311,Darcy Kuemper,G,MIN,2016-12,-2.5,0,0.0
8475311,Darcy Kuemper,G,MIN,2017-01,-7.5,0,0.0
8475311,Darcy Kuemper,G,MIN,2017-02,0.5,0,0.0
8475311,Darcy Kuemper,G,MIN,2017-03,-2.5,0,0.0
8475314,Anders Lee,C,NYI,2016-10,138.5,9,15.3889
8475314,Anders Lee,C,NYI,2016-11,175.5,13,13.5
8475314,Anders Lee,C,NYI,2016-12,180.0,14,12.8571
8475314,Anders Lee,C,NYI,2017-01,116.5,11,10.5909
8475314,Anders Lee,C,NYI,2017-02,127.0,13,9.7692
8475314,Anders Lee,C,NYI,2017-03,244.0,16,15.25
8475314,Anders Lee,C,NYI,2017-04,78.5,5,15.7
8475321,Phil Varone,C,OTT,2016-10,1.0,3,0.3333
8475321,Phil Varone,C,OTT,2016-12,7.0,1,7.0
8475321,Phil Varone,C,OTT,2017-02,19.0,2,9.5
8475321,Phil Varone,C,OTT,2017-03,2.0,1,2.0
8475323,Marcus Kruger,C,CHI,2016-10,134.5,9,14.9444
8475323,Marcus Kruger,C,CHI,2016-11,236.0,15,15.7333
8475323,Marcus Kruger,C,CHI,2016-12,172.0,15,11.4667
8475323,Marcus Kruger,C,CHI,2017-01,7.0,1,7.0
8475323,Marcus Kruger,C,CHI,2017-02,73.0,10,7.3
8475323,Marcus Kruger,C,CHI,2017-03,200.5,16,12.5312
8475323,Marcus Kruger,C,CHI,2017-04,69.5,4,17.375
8475324,Nick Jensen,D,DET,2016-12,33.0,4,8.25
8475324,Nick Jensen,D,DET,2017-01,121.5,13,9.3462
8475324,Nick Jensen,D,DET,2017-02,95.5,11,8.6818
8475324,Nick Jensen,D,DET,2017-03,203.0,16,12.6875
8475324,Nick Jensen,D,DET,2017-04,69.0,5,13.8
8475325,Jordan Nolan,C,LAK,2016-10,19.5,4,4.875
8475325,Jordan Nolan,C,LAK,2016-11,88.5,9,9.8333
8475325,Jordan Nolan,C,LAK,2016-12,125.0,14,8.9286
8475325,Jordan Nolan,C,LAK,2017-01,104.5,13,8.0385
8475325,Jordan Nolan,C,LAK,2017-02,1.5,2,0.75
8475325,Jordan Nolan,C,LAK,2017-03,32.0,3,10.6667
8475325,Jordan Nolan,C,LAK,2017-04,8.5,1,8.5
8475343,Nic Dowd,C,LAK,2016-10,111.5,7,15.9286
8475343,Nic Dowd,C,LAK,2016-11,206.5,14,14.75
8475343,Nic Dowd,C,LAK,2016-12,177.5,12,14.7917
8475343,Nic Dowd,C,LAK,2017-01,136.5,10,13.65
8475343,Nic Dowd,C,LAK,2017-02,157.5,12,13.125
8475343,Nic Dowd,C,LAK,2017-03,147.0,12,12.25
8475343,Nic Dowd,C,LAK,2017-04,42.5,3,14.1667
8475361,Jonas Gustavsson,G,EDM,2016-11,-7.5,0,0.0
8475413,Justin Dowling,C,DAL,2016-10,8.0,2,4.0
8475413,Justin Dowling,C,DAL,2016-11,21.0,3,7.0
8475413,Justin Dowling,C,DAL,2017-04,19.5,4,4.875
8475430,Brandon Manning,D,PHI,2016-10,142.5,10,14.25
8475430,Brandon Manning,D,PHI,2016-11,166.0,11,15.0909
8475430,Brandon Manning,D,PHI,2016-12,115.5,12,9.625
8475430,Brandon Manning,D,PHI,2017-01,106.5,10,10.65
8475430,Brandon Manning,D,PHI,2017-02,165.5,10,16.55
8475430,Brandon Manning,D,PHI,2017-03,147.0,9,16.3333
8475430,Brandon Manning,D,PHI,2017-04,54.0,3,18.0
8475436,Mike Liambas,L,NSH,2016-12,0.5,1,0.5
8475455,Brenden Dillon,D,SJS,2016-10,96.5,9,10.7222
8475455,Brenden Dillon,D,SJS,2016-11,178.0,14,12.7143
8475455,Brenden Dillon,D,SJS,2016-12,211.5,13,16.2692
8475455,Brenden Dillon,D,SJS,2017-01,217.5,14,15.5357
8475455,Brenden Dillon,D,SJS,2017-02,134.5,11,12.2273
8475455,Brenden Dillon,D,SJS,2017-03,176.0,16,11.0
8475455,Brenden Dillon,D,SJS,2017-04,53.0,4,13.25
8475462,Radko Gudas,D,PHI,2016-10,77.5,4,19.375
8475462,Radko Gudas,D,PHI,2016-11,361.5,14,25.8214
8475462,Radko Gudas,D,PHI,2016-12,249.5,10,24.95
8475462,Radko Gudas,D,PHI,2017-01,244.0,12,20.3333
8475462,Radko Gudas,D,PHI,2017-02,335.5,11,30.5
8475462,Radko Gudas,D,PHI,2017-03,392.5,15,26.1667
8475462,Radko Gudas,D,PHI,2017-04,10.5,1,10.5
8475597,Shane Harper,R,FLA,2016-10,109.5,9,12.1667
8475597,Shane Harper,R,FLA,2016-11,32.0,5,6.4
8475613,Nate Prosser,D,MIN,2016-10,58.0,5,11.6
8475613,Nate Prosser,D,MIN,2016-11,32.0,4,8.0
8475613,Nate Prosser,D,MIN,2016-12,102.5,7,14.6429
8475613,Nate Prosser,D,MIN,2017-01,73.5,6,12.25
8475613,Nate Prosser,D,MIN,2017-02,77.5,6,12.9167
8475613,Nate Prosser,D,MIN,2017-03,74.0,9,8.2222
8475613,Nate Prosser,D,MIN,2017-04,6.0,2,3.0
8475622,Carter Hutton,G,STL,2016-11,-2.5,0,0.0
8475622,Carter Hutton,G,STL,2016-12,-4.5,0,0.0
8475622,Carter Hutton,G,STL,2017-01,-12.5,0,0.0
8475622,Carter Hutton,G,STL,2017-02,-10.0,0,0.0
8475622,Carter Hutton,G,STL,2017-03,-7.0,0,0.0
8475622,Carter Hutton,G,STL,2017-04,-2.5,0,0.0
8475625,Matt Irwin,D,NSH,2016-10,29.0,2,14.5
8475625,Matt Irwin,D,NSH,2016-11,226.0,14,16.1429
8475625,Matt Irwin,D,NSH,2016-12,233.5,14,16.6786
8475625,Matt Irwin,D,NSH,2017-01,209.5,14,14.9643
8475625,Matt Irwin,D,NSH,2017-02,103.5,13,7.9615
8475625,Matt Irwin,D,NSH,2017-03,135.5,12,11.2917
8475625,Matt Irwin,D,NSH,2017-04,68.0,5,13.6
8475660,Cam Talbot,G,EDM,2016-10,6.0,0,0.0
8475660,Cam Talbot,G,EDM,2016-11,-22.0,0,0.0
8475660,Cam Talbot,G,EDM,2016-12,-12.5,0,0.0
8475660,Cam Talbot,G,EDM,2017-01,-12.5,0,0.0
8475660,Cam Talbot,G,EDM,2017-02,-5.0,0,0.0
8475660,Cam Talbot,G,EDM,2017-03,-17.5,0,0.0
8475663,Eddie Lack,G,CAR,2016-10,-5.0,0,0.0
8475663,Eddie Lack,G,CAR,2016-11,5.5,0,0.0
8475663,Eddie Lack,G,CAR,2017-03,0.5,0,0.0
8475683,Sergei Bobrovsky,G,CBJ,2016-10,3.5,0,0.0
8475683,Sergei Bobrovsky,G,CBJ,2016-11,-7.5,0,0.0
8475683,Sergei Bobrovsky,G,CBJ,2016-12,-7.5,0,0.0
8475683,Sergei Bobrovsky,G,CBJ,2017-01,-5.0,0,0.0
8475683,Sergei Bobrovsky,G,CBJ,2017-02,6.0,0,0.0
8475683,Sergei Bobrovsky,G,CBJ,2017-03,-2.0,0,0.0
8475690,Chris Tanev,D,VAN,2016-10,74.0,6,12.3333
8475690,Chris Tanev,D,VAN,2016-11,20.5,1,20.5
8475690,Chris Tanev,D,VAN,2016-12,72.5,8,9.0625
8475690,Chris Tanev,D,VAN,2017-01,104.0,11,9.4545
8475690,Chris Tanev,D,VAN,2017-02,87.5,10,8.75
8475690,Chris Tanev,D,VAN,2017-03,201.0,12,16.75
8475690,Chris Tanev,D,VAN,2017-04,28.5,5,5.7
8475692,Mats Zuccarello,C,NYR,2016-10,91.0,9,10.1111
8475692,Mats Zuccarello,C,NYR,2016-11,160.5,15,10.7
8475692,Mats Zuccarello,C,NYR,2016-12,146.0,15,9.7333
8475692,Mats Zuccarello,C,NYR,2017-01,171.5,11,15.5909
8475692,Mats Zuccarello,C,NYR,2017-02,101.5,13,7.8077
8475692,Mats Zuccarello,C,NYR,2017-03,176.5,15,11.7667
8475692,Mats Zuccarello,C,NYR,2017-04,10.5,2,5.25
8475714,Calle Jarnkrok,C,NSH,2016-10,62.5,8,7.8125
8475714,Calle Jarnkrok,C,NSH,2016-11,108.5,14,7.75
8475714,Calle Jarnkrok,C,NSH,2016-12,126.5,14,9.0357
8475714,Calle Jarnkrok,C,NSH,2017-01,168.0,14,12.0
8475714,Calle Jarnkrok,C,NSH,2017-02,158.0,13,12.1538
8475714,Calle Jarnkrok,C,NSH,2017-03,196.5,14,14.0357
8475714,Calle Jarnkrok,C,NSH,2017-04,23.5,4,5.875
8475715,Oscar Lindberg,C,NYR,2016-10,34.5,4,8.625
8475715,Oscar Lindberg,C,NYR,2016-11,67.5,6,11.25
8475715,Oscar Lindberg,C,NYR,2016-12,200.5,14,14.3214
8475715,Oscar Lindberg,C,NYR,2017-01,111.0,9,12.3333
8475715,Oscar Lindberg,C,NYR,2017-02,158.5,13,12.1923
8475715,Oscar Lindberg,C,NYR,2017-03,187.5,15,12.5
8475715,Oscar Lindberg,C,NYR,2017-04,49.0,4,12.25
8475716,Martin Marincin,D,TOR,2016-10,48.5,6,8.0833
8475716,Martin Marincin,D,TOR,2016-11,78.0,8,9.75
8475716,Martin Marincin,D,TOR,2016-12,7.0,2,3.5
8475716,Martin Marincin,D,TOR,2017-01,75.5,5,15.1
8475716,Martin Marincin,D,TOR,2017-02,16.0,2,8.0
8475716,Martin Marincin,D,TOR,2017-03,18.5,2,9.25
8475717,Calvin Pickard,G,COL,2016-10,-2.5,0,0.0
8475717,Calvin Pickard,G,COL,2016-12,-15.0,0,0.0
8475717,Calvin Pickard,G,COL,2017-01,14.0,0,0.0
8475717,Calvin Pickard,G,COL,2017-02,-7.5,0,0.0
8475717,Calvin Pickard,G,COL,2017-03,-10.0,0,0.0
8475717,Calvin Pickard,G,COL,2017-04,-5.0,0,0.0
8475722,Jason Zucker,L,MIN,2016-10,95.5,9,10.6111
8475722,Jason Zucker,L,MIN,2016-11,126.0,13,9.6923
8475722,Jason Zucker,L,MIN,2016-12,184.0,14,13.1429
8475722,Jason Zucker,L,MIN,2017-01,140.5,13,10.8077
8475722,Jason Zucker,L,MIN,2017-02,149.5,12,12.4583
8475722,Jason Zucker,L,MIN,2017-03,156.0,16,9.75
8475722,Jason Zucker,L,MIN,2017-04,19.0,2,9.5
8475726,Tyler Toffoli,C,LAK,2016-10,47.5,9,5.2778
8475726,Tyler Toffoli,C,LAK,2016-11,110.0,14,7.8571
8475726,Tyler Toffoli,C,LAK,2016-12,56.5,9,6.2778
8475726,Tyler Toffoli,C,LAK,2017-02,85.0,12,7.0833
8475726,Tyler Toffoli,C,LAK,2017-03,62.0,14,4.4286
8475726,Tyler Toffoli,C,LAK,2017-04,8.5,5,1.7
8475727,Ryan Spooner,C,BOS,2016-10,39.0,7,5.5714
8475727,Ryan Spooner,C,BOS,2016-11,68.0,15,4.5333
8475727,Ryan Spooner,C,BOS,2016-12,68.0,16,4.25
8475727,Ryan Spooner,C,BOS,2017-01,60.0,14,4.2857
8475727,Ryan Spooner,C,BOS,2017-02,85.5,10,8.55
8475727,Ryan Spooner,C,BOS,2017-03,26.0,11,2.3636
8475727,Ryan Spooner,C,BOS,2017-04,18.0,5,3.6
8475728,Johan Larsson,L,BUF,2016-10,145.5,8,18.1875
8475728,Johan Larsson,L,BUF,2016-11,268.0,14,19.1429
8475728,Johan Larsson,L,BUF,2016-12,134.5,14,9.6071
8475730,Stephen Johns,D,DAL,2016-10,114.0,6,19.0
8475730,Stephen Johns,D,DAL,2016-11,211.5,11,19.2273
8475730,Stephen Johns,D,DAL,2016-12,130.5,10,13.05
8475730,Stephen Johns,D,DAL,2017-01,183.0,10,18.3
8475730,Stephen Johns,D,DAL,2017-02,219.5,10,21.95
8475730,Stephen Johns,D,DAL,2017-03,200.5,12,16.7083
8475730,Stephen Johns,D,DAL,2017-04,13.0,2,6.5
8475735,Greg McKegg,C,TBL,2016-10,64.5,9,7.1667
8475735,Greg McKegg,C,TBL,2016-11,63.5,10,6.35
8475735,Greg McKegg,C,TBL,2016-12,19.0,1,19.0
8475735,Greg McKegg,C,TBL,2017-01,88.5,9,9.8333
8475735,Greg McKegg,C,TBL,2017-02,6.0,2,3.0
8475735,Greg McKegg,C,TBL,2017-03,127.5,10,12.75
8475735,Greg McKegg,C,TBL,2017-04,45.5,5,9.1
8475738,Jordan Weal,C,PHI,2017-02,35.5,5,7.1
8475738,Jordan Weal,C,PHI,2017-03,113.0,14,8.0714
8475738,Jordan Weal,C,PHI,2017-04,45.0,4,11.25
8475739,Michael Bournival,L,TBL,2016-12,58.0,8,7.25
8475739,Michael Bournival,L,TBL,2017-01,92.0,9,10.2222
8475739,Michael Bournival,L,TBL,2017-04,22.5,2,11.25
8475744,Evgeny Kuznetsov,C,WSH,2016-10,62.0,8,7.75
8475744,Evgeny Kuznetsov,C,WSH,2016-11,119.0,13,9.1538
8475744,Evgeny Kuznetsov,C,WSH,2016-12,114.0,14,8.1429
8475744,Evgeny Kuznetsov,C,WSH,2017-01,153.5,15,10.2333
8475744,Evgeny Kuznetsov,C,WSH,2017-02,136.5,12,11.375
8475744,Evgeny Kuznetsov,C,WSH,2017-03,120.5,15,8.0333
8475744,Evgeny Kuznetsov,C,WSH,2017-04,73.0,5,14.6
8475745,Charlie Coyle,C,MIN,2016-10,146.5,9,16.2778
8475745,Charlie Coyle,C,MIN,2016-11,174.0,13,13.3846
8475745,Charlie Coyle,C,MIN,2016-12,230.0,14,16.4286
8475745,Charlie Coyle,C,MIN,2017-01,107.0,13,8.2308
8475745,Charlie Coyle,C,MIN,2017-02,123.0,12,10.25
8475745,Charlie Coyle,C,MIN,2017-03,127.0,16,7.9375
8475745,Charlie Coyle,C,MIN,2017-04,41.0,5,8.2
8475747,Patrik Nemeth,D,DAL,2016-10,63.5,6,10.5833
8475747,Patrik Nemeth,D,DAL,2016-11,83.0,8,10.375
8475747,Patrik Nemeth,D,DAL,2016-12,9.5,2,4.75
8475747,Patrik Nemeth,D,DAL,2017-01,37.5,4,9.375
8475747,Patrik Nemeth,D,DAL,2017-02,56.5,7,8.0714
8475747,Patrik Nemeth,D,DAL,2017-03,100.0,10,10.0
8475747,Patrik Nemeth,D,DAL,2017-04,21.5,3,7.1667
8475750,Jon Merrill,D,NJD,2016-11,38.5,5,7.7
8475750,Jon Merrill,D,NJD,2016-12,101.0,9,11.2222
8475750,Jon Merrill,D,NJD,2017-01,178.0,13,13.6923
8475750,Jon Merrill,D,NJD,2017-02,84.5,7,12.0714
8475750,Jon Merrill,D,NJD,2017-03,135.0,13,10.3846
8475750,Jon Merrill,D,NJD,2017-04,31.5,4,7.875
8475752,Tyler Pitlick,C,EDM,2016-10,104.5,9,11.6111
8475752,Tyler Pitlick,C,EDM,2016-11,162.0,13,12.4615
8475752,Tyler Pitlick,C,EDM,2016-12,104.0,9,11.5556
8475753,Justin Faulk,D,CAR,2016-10,68.5,8,8.5625
8475753,Justin Faulk,D,CAR,2016-11,144.0,11,13.0909
8475753,Justin Faulk,D,CAR,2016-12,146.0,11,13.2727
8475753,Justin Faulk,D,CAR,2017-01,122.5,12,10.2083
8475753,Justin Faulk,D,CAR,2017-02,132.5,10,13.25
8475753,Justin Faulk,D,CAR,2017-03,186.0,17,10.9412
8475753,Justin Faulk,D,CAR,2017-04,89.0,6,14.8333
8475754,Brock Nelson,C,NYI,2016-10,136.0,9,15.1111
8475754,Brock Nelson,C,NYI,2016-11,166.5,13,12.8077
8475754,Brock Nelson,C,NYI,2016-12,164.0,14,11.7143
8475754,Brock Nelson,C,NYI,2017-01,112.0,12,9.3333
8475754,Brock Nelson,C,NYI,2017-02,143.0,13,11.0
8475754,Brock Nelson,C,NYI,2017-03,160.5,15,10.7
8475754,Brock Nelson,C,NYI,2017-04,67.0,5,13.4
8475755,Alexander Petrovic,D,FLA,2016-10,97.0,9,10.7778
8475755,Alexander Petrovic,D,FLA,2016-11,87.0,7,12.4286
8475755,Alexander Petrovic,D,FLA,2017-01,29.5,2,14.75
8475755,Alexander Petrovic,D,FLA,2017-02,233.0,11,21.1818
8475755,Alexander Petrovic,D,FLA,2017-03,250.5,15,16.7
8475755,Alexander Petrovic,D,FLA,2017-04,48.5,5,9.7
8475758,Devante Smith-Pelly,R,NJD,2016-10,79.5,8,9.9375
8475758,Devante Smith-Pelly,R,NJD,2016-11,113.5,12,9.4583
8475758,Devante Smith-Pelly,R,NJD,2016-12,138.5,11,12.5909
8475758,Devante Smith-Pelly,R,NJD,2017-01,106.0,12,8.8333
8475758,Devante Smith-Pelly,R,NJD,2017-02,84.5,5,16.9
8475758,Devante Smith-Pelly,R,NJD,2017-03,47.0,5,9.4
8475760,Nick Bjugstad,C,FLA,2016-11,46.0,4,11.5
8475760,Nick Bjugstad,C,FLA,2016-12,167.0,15,11.1333
8475760,Nick Bjugstad,C,FLA,2017-01,44.5,4,11.125
8475760,Nick Bjugstad,C,FLA,2017-02,57.0,11,5.1818
8475760,Nick Bjugstad,C,FLA,2017-03,182.5,15,12.1667
8475760,Nick Bjugstad,C,FLA,2017-04,36.0,5,7.2
8475761,Beau Bennett,R,NJD,2016-10,32.5,7,4.6429
8475761,Beau Bennett,R,NJD,2016-11,91.5,13,7.0385
8475761,Beau Bennett,R,NJD,2016-12,91.5,11,8.3182
8475761,Beau Bennett,R,NJD,2017-01,60.5,9,6.7222
8475761,Beau Bennett,R,NJD,2017-02,28.5,5,5.7
8475761,Beau Bennett,R,NJD,2017-03,109.0,15,7.2667
8475761,Beau Bennett,R,NJD,2017-04,46.5,5,9.3
8475762,Derek Forbort,D,LAK,2016-10,122.0,9,13.5556
8475762,Derek Forbort,D,LAK,2016-11,298.5,14,21.3214
8475762,Derek Forbort,D,LAK,2016-12,207.0,14,14.7857
8475762,Derek Forbort,D,LAK,2017-01,237.0,13,18.2308
8475762,Derek Forbort,D,LAK,2017-02,176.5,13,13.5769
8475762,Derek Forbort,D,LAK,2017-03,191.5,14,13.6786
8475762,Derek Forbort,D,LAK,2017-04,71.5,5,14.3
8475763,Kevin Hayes,R,NYR,2016-10,133.0,9,14.7778
8475763,Kevin Hayes,R,NYR,2016-11,207.0,15,13.8
8475763,Kevin Hayes,R,NYR,2016-12,192.0,15,12.8
8475763,Kevin Hayes,R,NYR,2017-01,73.0,8,9.125
8475763,Kevin Hayes,R,NYR,2017-02,115.0,11,10.4545
8475763,Kevin Hayes,R,NYR,2017-03,144.0,15,9.6
8475763,Kevin Hayes,R,NYR,2017-04,33.0,3,11.0
8475764,Cam Fowler,D,ANA,2016-10,66.5,9,7.3889
8475764,Cam Fowler,D,ANA,2016-11,125.0,14,8.9286
8475764,Cam Fowler,D,ANA,2016-12,128.0,15,8.5333
8475764,Cam Fowler,D,ANA,2017-01,154.5,14,11.0357
8475764,Cam Fowler,D,ANA,2017-02,127.5,11,11.5909
8475764,Cam Fowler,D,ANA,2017-03,124.5,14,8.8929
8475764,Cam Fowler,D,ANA,2017-04,29.5,3,9.8333
8475765,Vladimir Tarasenko,R,STL,2016-10,53.5,9,5.9444
8475765,Vladimir Tarasenko,R,STL,2016-11,92.0,14,6.5714
8475765,Vladimir Tarasenko,R,STL,2016-12,107.5,14,7.6786
8475765,Vladimir Tarasenko,R,STL,2017-01,87.5,13,6.7308
8475765,Vladimir Tarasenko,R,STL,2017-02,86.5,12,7.2083
8475765,Vladimir Tarasenko,R,STL,2017-03,148.5,15,9.9
8475765,Vladimir Tarasenko,R,STL,2017-04,27.0,5,5.4
8475766,Austin Watson,L,NSH,2016-10,53.5,4,13.375
8475766,Austin Watson,L,NSH,2016-11,142.5,14,10.1786
8475766,Austin Watson,L,NSH,2016-12,171.0,14,12.2143
8475766,Austin Watson,L,NSH,2017-01,321.5,14,22.9643
8475766,Austin Watson,L,NSH,2017-02,128.5,13,9.8846
8475766,Austin Watson,L,NSH,2017-03,188.5,14,13.4643
8475766,Austin Watson,L,NSH,2017-04,33.0,4,8.25
8475768,Jaden Schwartz,C,STL,2016-10,63.0,5,12.6
8475768,Jaden Schwartz,C,STL,2016-11,173.0,14,12.3571
8475768,Jaden Schwartz,C,STL,2016-12,126.0,14,9.0
8475768,Jaden Schwartz,C,STL,2017-01,106.0,13,8.1538
8475768,Jaden Schwartz,C,STL,2017-02,108.5,12,9.0417
8475768,Jaden Schwartz,C,STL,2017-03,152.5,15,10.1667
8475768,Jaden Schwartz,C,STL,2017-04,36.0,5,7.2
8475769,Quinton Howden,C,WPG,2016-11,29.0,5,5.8
8475770,Emerson Etem,R,ANA,2016-10,16.5,3,5.5
8475772,Riley Sheahan,C,DET,2016-10,67.0,10,6.7
8475772,Riley Sheahan,C,DET,2016-11,126.5,13,9.7308
8475772,Riley Sheahan,C,DET,2016-12,137.0,12,11.4167
8475772,Riley Sheahan,C,DET,2017-01,87.0,13,6.6923
8475772,Riley Sheahan,C,DET,2017-02,79.5,11,7.2273
8475772,Riley Sheahan,C,DET,2017-03,118.5,16,7.4062
8475772,Riley Sheahan,C,DET,2017-04,72.5,5,14.5
8475774,Petter Granberg,D,NSH,2016-12,95.5,8,11.9375
8475774,Petter Granberg,D,NSH,2017-01,23.5,2,11.75
8475780,Chris Wagner,R,ANA,2016-10,130.0,9,14.4444
8475780,Chris Wagner,R,ANA,2016-11,110.5,11,10.0455
8475780,Chris Wagner,R,ANA,2016-12,12.0,1,12.0
8475780,Chris Wagner,R,ANA,2017-01,55.0,4,13.75
8475780,Chris Wagner,R,ANA,2017-03,197.0,13,15.1538
8475780,Chris Wagner,R,ANA,2017-04,88.5,5,17.7
8475784,Jeff Skinner,C,CAR,2016-10,101.0,7,14.4286
8475784,Jeff Skinner,C,CAR,2016-11,133.5,14,9.5357
8475784,Jeff Skinner,C,CAR,2016-12,147.5,14,10.5357
8475784,Jeff Skinner,C,CAR,2017-01,97.0,13,7.4615
8475784,Jeff Skinner,C,CAR,2017-02,46.5,9,5.1667
8475784,Jeff Skinner,C,CAR,2017-03,188.0,16,11.75
8475784,Jeff Skinner,C,CAR,2017-04,58.5,6,9.75
8475786,Zach Hyman,C,TOR,2016-10,119.0,9,13.2222
8475786,Zach Hyman,C,TOR,2016-11,240.5,14,17.1786
8475786,Zach Hyman,C,TOR,2016-12,159.5,12,13.2917
8475786,Zach Hyman,C,TOR,2017-01,192.0,13,14.7692
8475786,Zach Hyman,C,TOR,2017-02,133.5,14,9.5357
8475786,Zach Hyman,C,TOR,2017-03,149.0,14,10.6429
8475786,Zach Hyman,C,TOR,2017-04,51.5,6,8.5833
8475788,Alexander Burmistrov,C,ARI,2016-10,50.5,8,6.3125
8475788,Alexander Burmistrov,C,ARI,2016-11,97.5,12,8.125
8475788,Alexander Burmistrov,C,ARI,2016-12,27.0,3,9.0
8475788,Alexander Burmistrov,C,ARI,2017-01,93.0,7,13.2857
8475788,Alexander Burmistrov,C,ARI,2017-02,127.0,12,10.5833
8475788,Alexander Burmistrov,C,ARI,2017-03,33.0,3,11.0
8475788,Alexander Burmistrov,C,ARI,2017-04,48.0,4,12.0
8475790,Erik Gudbranson,D,VAN,2016-10,124.5,9,13.8333
8475790,Erik Gudbranson,D,VAN,2016-11,205.5,14,14.6786
8475790,Erik Gudbranson,D,VAN,2016-12,145.5,7,20.7857
8475791,Taylor Hall,L,NJD,2016-10,125.0,8,15.625
8475791,Taylor Hall,L,NJD,2016-11,59.0,6,9.8333
8475791,Taylor Hall,L,NJD,2016-12,164.5,13,12.6538
8475791,Taylor Hall,L,NJD,2017-01,102.5,14,7.3214
8475791,Taylor Hall,L,NJD,2017-02,105.0,11,9.5455
8475791,Taylor Hall,L,NJD,2017-03,141.5,15,9.4333
8475791,Taylor Hall,L,NJD,2017-04,57.5,5,11.5
8475792,Brett Connolly,R,WSH,2016-10,30.0,4,7.5
8475792,Brett Connolly,R,WSH,2016-11,116.5,9,12.9444
8475792,Brett Connolly,R,WSH,2016-12,74.0,8,9.25
8475792,Brett Connolly,R,WSH,2017-01,118.0,15,7.8667
8475792,Brett Connolly,R,WSH,2017-02,116.0,12,9.6667
8475792,Brett Connolly,R,WSH,2017-03,90.5,15,6.0333
8475792,Brett Connolly,R,WSH,2017-04,11.0,3,3.6667
8475793,Ryan Johansen,C,NSH,2016-10,115.0,8,14.375
8475793,Ryan Johansen,C,NSH,2016-11,195.5,14,13.9643
8475793,Ryan Johansen,C,NSH,2016-12,211.0,14,15.0714
8475793,Ryan Johansen,C,NSH,2017-01,203.0,14,14.5
8475793,Ryan Johansen,C,NSH,2017-02,125.5,13,9.6538
8475793,Ryan Johansen,C,NSH,2017-03,153.5,14,10.9643
8475793,Ryan Johansen,C,NSH,2017-04,42.0,5,8.4
8475794,Tyler Seguin,C,DAL,2016-10,78.5,8,9.8125
8475794,Tyler Seguin,C,DAL,2016-11,185.5,16,11.5938
8475794,Tyler Seguin,C,DAL,2016-12,129.0,14,9.2143
8475794,Tyler Seguin,C,DAL,2017-01,101.0,13,7.7692
8475794,Tyler Seguin,C,DAL,2017-02,130.0,12,10.8333
8475794,Tyler Seguin,C,DAL,2017-03,80.0,14,5.7143
8475794,Tyler Seguin,C,DAL,2017-04,41.0,5,8.2
8475795,Dylan McIlrath,D,FLA,2016-10,24.0,1,24.0
8475795,Dylan McIlrath,D,FLA,2016-11,9.0,1,9.0
8475795,Dylan McIlrath,D,FLA,2016-12,41.0,3,13.6667
8475795,Dylan McIlrath,D,FLA,2017-01,9.0,1,9.0
8475796,Mark Pysyk,D,FLA,2016-10,57.0,9,6.3333
8475796,Mark Pysyk,D,FLA,2016-11,170.5,14,12.1786
8475796,Mark Pysyk,D,FLA,2016-12,114.0,15,7.6
8475796,Mark Pysyk,D,FLA,2017-01,104.0,13,8.0
8475796,Mark Pysyk,D,FLA,2017-02,73.5,11,6.6818
8475796,Mark Pysyk,D,FLA,2017-03,158.0,15,10.5333
8475796,Mark Pysyk,D,FLA,2017-04,29.5,5,5.9
8475798,Mikael Granlund,C,MIN,2016-10,86.0,9,9.5556
8475798,Mikael Granlund,C,MIN,2016-11,133.5,13,10.2692
8475798,Mikael Granlund,C,MIN,2016-12,142.5,14,10.1786
8475798,Mikael Granlund,C,MIN,2017-01,146.5,13,11.2692
8475798,Mikael Granlund,C,MIN,2017-02,178.5,12,14.875
8475798,Mikael Granlund,C,MIN,2017-03,159.5,16,9.9688
8475798,Mikael Granlund,C,MIN,2017-04,25.5,4,6.375
8475799,Nino Niederreiter,R,MIN,2016-10,83.0,9,9.2222
8475799,Nino Niederreiter,R,MIN,2016-11,151.5,13,11.6538
8475799,Nino Niederreiter,R,MIN,2016-12,167.5,14,11.9643
8475799,Nino Niederreiter,R,MIN,2017-01,159.0,13,12.2308
8475799,Nino Niederreiter,R,MIN,2017-02,137.5,12,11.4583
8475799,Nino Niederreiter,R,MIN,2017-03,153.0,16,9.5625
8475799,Nino Niederreiter,R,MIN,2017-04,56.0,5,11.2
8475800,Teemu Pulkkinen,L,ARI,2016-10,31.0,8,3.875
8475800,Teemu Pulkkinen,L,ARI,2016-12,5.5,1,5.5
8475800,Teemu Pulkkinen,L,ARI,2017-03,13.0,4,3.25
8475807,Joakim Nordstrom,C,CAR,2016-10,91.5,8,11.4375
8475807,Joakim Nordstrom,C,CAR,2016-11,161.5,14,11.5357
8475807,Joakim Nordstrom,C,CAR,2016-12,107.0,14,7.6429
8475807,Joakim Nordstrom,C,CAR,2017-01,121.0,13,9.3077
8475807,Joakim Nordstrom,C,CAR,2017-02,138.0,10,13.8
8475807,Joakim Nordstrom,C,CAR,2017-03,203.0,17,11.9412
8475807,Joakim Nordstrom,C,CAR,2017-04,67.0,6,11.1667
8475808,Michael Chaput,C,VAN,2016-11,123.5,11,11.2273
8475808,Michael Chaput,C,VAN,2016-12,113.0,15,7.5333
8475808,Michael Chaput,C,VAN,2017-01,70.0,12,5.8333
8475808,Michael Chaput,C,VAN,2017-02,72.5,10,7.25
8475808,Michael Chaput,C,VAN,2017-03,149.5,15,9.9667
8475808,Michael Chaput,C,VAN,2017-04,29.5,5,5.9
8475810,Bryan Rust,R,PIT,2016-10,75.0,6,12.5
8475810,Bryan Rust,R,PIT,2016-11,201.5,14,14.3929
8475810,Bryan Rust,R,PIT,2016-12,210.5,15,14.0333
8475810,Bryan Rust,R,PIT,2017-01,138.0,11,12.5455
8475810,Bryan Rust,R,PIT,2017-02,31.5,4,7.875
8475810,Bryan Rust,R,PIT,2017-03,73.0,4,18.25
8475810,Bryan Rust,R,PIT,2017-04,49.0,3,16.3333
8475815,Julian Melchiori,D,WPG,2016-11,21.5,4,5.375
8475815,Julian Melchiori,D,WPG,2017-02,16.0,1,16.0
8475815,Julian Melchiori,D,WPG,2017-03,127.0,9,14.1111
8475815,Julian Melchiori,D,WPG,2017-04,39.0,4,9.75
8475820,Joonas Donskoi,R,SJS,2016-10,80.5,9,8.9444
8475820,Joonas Donskoi,R,SJS,2016-11,172.0,15,11.4667
8475820,Joonas Donskoi,R,SJS,2016-12,84.5,12,7.0417
8475820,Joonas Donskoi,R,SJS,2017-01,63.0,8,7.875
8475820,Joonas Donskoi,R,SJS,2017-03,68.0,13,5.2308
8475820,Joonas Donskoi,R,SJS,2017-04,35.0,4,8.75
8475831,Philipp Grubauer,G,WSH,2016-10,-5.0,0,0.0
8475831,Philipp Grubauer,G,WSH,2016-11,-2.5,0,0.0
8475831,Philipp Grubauer,G,WSH,2017-01,-2.5,0,0.0
8475831,Philipp Grubauer,G,WSH,2017-02,-2.5,0,0.0
8475831,Philipp Grubauer,G,WSH,2017-03,0.5,0,0.0
8475832,Tom Kuhnhackl,R,PIT,2016-10,88.5,9,9.8333
8475832,Tom Kuhnhackl,R,PIT,2016-11,65.5,8,8.1875
8475832,Tom Kuhnhackl,R,PIT,2016-12,92.5,6,15.4167
8475832,Tom Kuhnhackl,R,PIT,2017-01,25.5,3,8.5
8475832,Tom Kuhnhackl,R,PIT,2017-02,147.5,10,14.75
8475832,Tom Kuhnhackl,R,PIT,2017-03,154.5,16,9.6562
8475832,Tom Kuhnhackl,R,PIT,2017-04,62.0,5,12.4
8475834,Marcus Sorensen,L,SJS,2017-02,21.0,3,7.0
8475834,Marcus Sorensen,L,SJS,2017-03,75.0,12,6.25
8475834,Marcus Sorensen,L,SJS,2017-04,31.5,4,7.875
8475839,Louis Domingue,G,ARI,2016-10,-7.5,0,0.0
8475839,Louis Domingue,G,ARI,2016-11,-2.5,0,0.0
8475839,Louis Domingue,G,ARI,2016-12,-2.5,0,0.0
8475839,Louis Domingue,G,ARI,2017-01,-5.0,0,0.0
8475839,Louis Domingue,G,ARI,2017-02,-10.0,0,0.0
8475839,Louis Domingue,G,ARI,2017-03,-5.0,0,0.0
8475841,Tim Heed,D,SJS,2017-01,11.5,1,11.5
8475844,Kenny Agostino,L,STL,2017-02,52.0,7,7.4286
8475848,Brendan Gallagher,R,MTL,2016-10,75.0,9,8.3333
8475848,Brendan Gallagher,R,MTL,2016-11,162.5,14,11.6071
8475848,Brendan Gallagher,R,MTL,2016-12,124.0,14,8.8571
8475848,Brendan Gallagher,R,MTL,2017-01,22.0,2,11.0
8475848,Brendan Gallagher,R,MTL,2017-02,75.0,7,10.7143
8475848,Brendan Gallagher,R,MTL,2017-03,140.5,13,10.8077
8475848,Brendan Gallagher,R,MTL,2017-04,50.0,5,10.0
8475852,Petr Mrazek,G,DET,2016-10,-10.0,0,0.0
8475852,Petr Mrazek,G,DET,2016-11,5.0,0,0.0
8475852,Petr Mrazek,G,DET,2016-12,3.0,0,0.0
8475852,Petr Mrazek,G,DET,2017-01,-5.0,0,0.0
8475852,Petr Mrazek,G,DET,2017-02,-12.0,0,0.0
8475852,Petr Mrazek,G,DET,2017-03,-7.5,0,0.0
8475855,Jesper Fast,R,NYR,2016-10,81.5,9,9.0556
8475855,Jesper Fast,R,NYR,2016-11,157.0,15,10.4667
8475855,Jesper Fast,R,NYR,2016-12,174.5,15,11.6333
8475855,Jesper Fast,R,NYR,2017-01,65.0,7,9.2857
8475855,Jesper Fast,R,NYR,2017-02,151.5,13,11.6538
8475855,Jesper Fast,R,NYR,2017-03,72.5,8,9.0625
8475855,Jesper Fast,R,NYR,2017-04,3.5,1,3.5
8475857,Kevin Gravel,D,LAK,2016-11,183.0,13,14.0769
8475857,Kevin Gravel,D,LAK,2016-12,82.5,11,7.5
8475857,Kevin Gravel,D,LAK,2017-01,129.5,11,11.7727
8475857,Kevin Gravel,D,LAK,2017-02,83.5,7,11.9286
8475857,Kevin Gravel,D,LAK,2017-03,80.0,5,16.0
8475857,Kevin Gravel,D,LAK,2017-04,29.5,2,14.75
8475868,Anthony Bitetto,D,NSH,2016-10,6.5,1,6.5
8475868,Anthony Bitetto,D,NSH,2016-11,31.0,3,10.3333
8475868,Anthony Bitetto,D,NSH,2017-01,120.0,13,9.2308
8475868,Anthony Bitetto,D,NSH,2017-02,4.0,1,4.0
8475868,Anthony Bitetto,D,NSH,2017-03,90.5,7,12.9286
8475868,Anthony Bitetto,D,NSH,2017-04,32.5,4,8.125
8475869,Brandon Davidson,D,MTL,2016-10,10.0,1,10.0
8475869,Brandon Davidson,D,MTL,2016-12,97.5,7,13.9286
8475869,Brandon Davidson,D,MTL,2017-01,85.0,10,8.5
8475869,Brandon Davidson,D,MTL,2017-02,106.0,10,10.6
8475869,Brandon Davidson,D,MTL,2017-03,67.0,5,13.4
8475869,Brandon Davidson,D,MTL,2017-04,45.5,5,9.1
8475876,Zane McIntyre,G,BOS,2016-10,-2.5,0,0.0
8475876,Zane McIntyre,G,BOS,2016-11,-2.5,0,0.0
8475876,Zane McIntyre,G,BOS,2017-01,-5.0,0,0.0
8475878,Freddie Hamilton,C,CGY,2016-10,34.0,2,17.0
8475878,Freddie Hamilton,C,CGY,2016-11,122.0,13,9.3846
8475878,Freddie Hamilton,C,CGY,2016-12,14.0,1,14.0
8475878,Freddie Hamilton,C,CGY,2017-01,51.5,5,10.3
8475878,Freddie Hamilton,C,CGY,2017-02,21.0,1,21.0
8475878,Freddie Hamilton,C,CGY,2017-03,25.0,2,12.5
8475878,Freddie Hamilton,C,CGY,2017-04,29.5,2,14.75
8475883,Frederik Andersen,G,TOR,2016-10,-8.5,0,0.0
8475883,Frederik Andersen,G,TOR,2016-11,-6.5,0,0.0
8475883,Frederik Andersen,G,TOR,2016-12,4.0,0,0.0
8475883,Frederik Andersen,G,TOR,2017-01,-22.5,0,0.0
8475883,Frederik Andersen,G,TOR,2017-02,-9.5,0,0.0
8475883,Frederik Andersen,G,TOR,2017-03,-11.5,0,0.0
8475883,Frederik Andersen,G,TOR,2017-04,-4.5,0,0.0
8475906,John Klingberg,D,DAL,2016-10,95.0,8,11.875
8475906,John Klingberg,D,DAL,2016-11,119.5,14,8.5357
8475906,John Klingberg,D,DAL,2016-12,139.5,14,9.9643
8475906,John Klingberg,D,DAL,2017-01,159.5,13,12.2692
8475906,John Klingberg,D,DAL,2017-02,106.5,12,8.875
8475906,John Klingberg,D,DAL,2017-03,99.5,14,7.1071
8475906,John Klingberg,D,DAL,2017-04,57.5,5,11.5
8475907,Micheal Ferland,L,CGY,2016-10,105.5,10,10.55
8475907,Micheal Ferland,L,CGY,2016-11,193.5,16,12.0938
8475907,Micheal Ferland,L,CGY,2016-12,64.5,13,4.9615
8475907,Micheal Ferland,L,CGY,2017-01,112.5,9,12.5
8475907,Micheal Ferland,L,CGY,2017-02,134.0,12,11.1667
8475907,Micheal Ferland,L,CGY,2017-03,96.0,12,8.0
8475907,Micheal Ferland,L,CGY,2017-04,36.0,4,9.0
8475913,Mark Stone,R,OTT,2016-10,92.0,8,11.5
8475913,Mark Stone,R,OTT,2016-11,152.5,14,10.8929
8475913,Mark Stone,R,OTT,2016-12,181.0,13,13.9231
8475913,Mark Stone,R,OTT,2017-01,119.5,12,9.9583
8475913,Mark Stone,R,OTT,2017-02,108.0,11,9.8182
8475913,Mark Stone,R,OTT,2017-03,70.5,8,8.8125
8475913,Mark Stone,R,OTT,2017-04,51.5,5,10.3
8475949,Marek Hrivik,L,NYR,2016-12,115.5,13,8.8846
8475949,Marek Hrivik,L,NYR,2017-01,22.5,3,7.5
8475958,Michael Sgarbossa,C,FLA,2016-10,26.0,4,6.5
8475958,Michael Sgarbossa,C,FLA,2016-11,28.5,5,5.7
8475958,Michael Sgarbossa,C,FLA,2016-12,8.0,2,4.0
8475958,Michael Sgarbossa,C,FLA,2017-01,172.5,13,13.2692
8475958,Michael Sgarbossa,C,FLA,2017-02,102.0,9,11.3333
8475958,Michael Sgarbossa,C,FLA,2017-03,22.5,1,22.5
8475958,Michael Sgarbossa,C,FLA,2017-04,11.0,4,2.75
8475982,Erik Burgdoerfer,D,BUF,2016-12,15.5,2,7.75
8476043,Ben Street,C,DET,2017-03,3.0,1,3.0
8476043,Ben Street,C,DET,2017-04,12.5,5,2.5
8476116,Ryan Garbutt,C,ANA,2016-10,95.0,9,10.5556
8476116,Ryan Garbutt,C,ANA,2016-11,143.0,14,10.2143
8476116,Ryan Garbutt,C,ANA,2016-12,40.5,4,10.125
8476158,Harry Zolnierczyk,L,NSH,2016-10,13.5,1,13.5
8476158,Harry Zolnierczyk,L,NSH,2017-01,130.5,12,10.875
8476158,Harry Zolnierczyk,L,NSH,2017-02,67.0,8,8.375
8476158,Harry Zolnierczyk,L,NSH,2017-03,6.5,1,6.5
8476158,Harry Zolnierczyk,L,NSH,2017-04,30.0,2,15.0
8476162,Steve Oleksy,D,PIT,2016-11,24.5,1,24.5
8476162,Steve Oleksy,D,PIT,2016-12,81.0,5,16.2
8476162,Steve Oleksy,D,PIT,2017-01,45.0,3,15.0
8476162,Steve Oleksy,D,PIT,2017-02,40.5,2,20.25
8476166,Taylor Fedun,D,BUF,2016-11,18.5,6,3.0833
8476166,Taylor Fedun,D,BUF,2016-12,9.5,2,4.75
8476166,Taylor Fedun,D,BUF,2017-01,57.5,13,4.4231
8476166,Taylor Fedun,D,BUF,2017-02,25.0,4,6.25
8476166,Taylor Fedun,D,BUF,2017-03,9.5,2,4.75
8476177,Matt Read,R,PHI,2016-10,148.5,10,14.85
8476177,Matt Read,R,PHI,2016-11,156.0,14,11.1429
8476177,Matt Read,R,PHI,2016-12,17.5,3,5.8333
8476177,Matt Read,R,PHI,2017-01,99.0,11,9.0
8476177,Matt Read,R,PHI,2017-02,82.0,10,8.2
8476177,Matt Read,R,PHI,2017-03,164.0,15,10.9333
8476191,Kevan Miller,D,BOS,2016-11,70.5,4,17.625
8476191,Kevan Miller,D,BOS,2016-12,274.0,15,18.2667
8476191,Kevan Miller,D,BOS,2017-01,122.5,10,12.25
8476191,Kevan Miller,D,BOS,2017-02,165.0,10,16.5
8476191,Kevan Miller,D,BOS,2017-03,227.0,14,16.2143
8476191,Kevan Miller,D,BOS,2017-04,76.0,5,15.2
8476195,Cory Conacher,C,TBL,2016-10,4.5,1,4.5
8476195,Cory Conacher,C,TBL,2016-12,30.5,6,5.0833
8476195,Cory Conacher,C,TBL,2017-02,-2.5,1,-2.5
8476195,Cory Conacher,C,TBL,2017-04,19.0,3,6.3333
8476200,Paul Thompson,R,FLA,2016-12,153.0,11,13.9091
8476200,Paul Thompson,R,FLA,2017-01,109.5,10,10.95
8476219,Patrick Cannone,C,MIN,2016-12,18.5,3,6.1667
8476234,Keith Kinkaid,G,NJD,2016-11,8.5,0,0.0
8476234,Keith Kinkaid,G,NJD,2016-12,3.0,0,0.0
8476234,Keith Kinkaid,G,NJD,2017-01,3.0,0,0.0
8476234,Keith Kinkaid,G,NJD,2017-02,-2.5,0,0.0
8476234,Keith Kinkaid,G,NJD,2017-03,-4.5,0,0.0
8476234,Keith Kinkaid,G,NJD,2017-04,3.0,0,0.0
8476279,Jyrki Jokipakka,D,OTT,2016-10,49.5,8,6.1875
8476279,Jyrki Jokipakka,D,OTT,2016-11,66.0,7,9.4286
8476279,Jyrki Jokipakka,D,OTT,2016-12,97.0,12,8.0833
8476279,Jyrki Jokipakka,D,OTT,2017-01,34.0,8,4.25
8476279,Jyrki Jokipakka,D,OTT,2017-02,29.0,3,9.6667
8476279,Jyrki Jokipakka,D,OTT,2017-03,10.5,1,10.5
8476279,Jyrki Jokipakka,D,OTT,2017-04,23.5,2,11.75
8476285,Matthew Peca,C,TBL,2016-12,28.5,3,9.5
8476285,Matthew Peca,C,TBL,2017-01,40.5,6,6.75
8476288,Ryan Dzingel,C,OTT,2016-10,68.0,8,8.5
8476288,Ryan Dzingel,C,OTT,2016-11,91.5,15,6.1
8476288,Ryan Dzingel,C,OTT,2016-12,104.5,13,8.0385
8476288,Ryan Dzingel,C,OTT,2017-01,128.5,12,10.7083
8476288,Ryan Dzingel,C,OTT,2017-02,85.5,13,6.5769
8476288,Ryan Dzingel,C,OTT,2017-03,92.0,15,6.1333
8476288,Ryan Dzingel,C,OTT,2017-04,25.0,5,5.0
8476289,Alexey Marchenko,D,TOR,2016-10,56.0,10,5.6
8476289,Alexey Marchenko,D,TOR,2016-11,53.5,9,5.9444
8476289,Alexey Marchenko,D,TOR,2016-12,20.0,3,6.6667
8476289,Alexey Marchenko,D,TOR,2017-01,84.5,8,10.5625
8476289,Alexey Marchenko,D,TOR,2017-02,32.5,3,10.8333
8476289,Alexey Marchenko,D,TOR,2017-03,74.0,8,9.25
8476292,Ondrej Palat,L,TBL,2016-10,152.5,9,16.9444
8476292,Ondrej Palat,L,TBL,2016-11,214.5,15,14.3
8476292,Ondrej Palat,L,TBL,2016-12,122.5,9,13.6111
8476292,Ondrej Palat,L,TBL,2017-01,177.0,13,13.6154
8476292,Ondrej Palat,L,TBL,2017-02,75.5,8,9.4375
8476292,Ondrej Palat,L,TBL,2017-03,254.5,15,16.9667
8476292,Ondrej Palat,L,TBL,2017-04,100.0,6,16.6667
8476293,Scott Wilson,C,PIT,2016-10,129.0,9,14.3333
8476293,Scott Wilson,C,PIT,2016-11,178.0,11,16.1818
8476293,Scott Wilson,C,PIT,2016-12,204.0,15,13.6
8476293,Scott Wilson,C,PIT,2017-01,167.0,11,15.1818
8476293,Scott Wilson,C,PIT,2017-02,163.5,12,13.625
8476293,Scott Wilson,C,PIT,2017-03,163.5,15,10.9
8476293,Scott Wilson,C,PIT,2017-04,58.5,5,11.7
8476300,Nikita Nesterov,D,MTL,2016-10,96.0,9,10.6667
8476300,Nikita Nesterov,D,MTL,2016-11,84.5,10,8.45
8476300,Nikita Nesterov,D,MTL,2016-12,54.0,7,7.7143
8476300,Nikita Nesterov,D,MTL,2017-01,101.0,10,10.1
8476300,Nikita Nesterov,D,MTL,2017-02,73.0,8,9.125
8476300,Nikita Nesterov,D,MTL,2017-04,22.0,4,5.5
8476302,Frank Corrado,D,PIT,2016-11,22.5,1,22.5
8476302,Frank Corrado,D,PIT,2017-01,-1.0,1,-1.0
8476302,Frank Corrado,D,PIT,2017-03,20.0,2,10.0
8476303,Rob O'Gara,D,BOS,2016-10,33.5,3,11.1667
8476310,Lukas Sedlak,C,CBJ,2016-10,55.0,5,11.0
8476310,Lukas Sedlak,C,CBJ,2016-11,124.5,14,8.8929
8476310,Lukas Sedlak,C,CBJ,2016-12,170.0,14,12.1429
8476310,Lukas Sedlak,C,CBJ,2017-01,194.5,14,13.8929
8476310,Lukas Sedlak,C,CBJ,2017-02,100.0,8,12.5
8476310,Lukas Sedlak,C,CBJ,2017-03,76.0,7,10.8571
8476312,Josh Manson,D,ANA,2016-10,121.0,9,13.4444
8476312,Josh Manson,D,ANA,2016-11,219.5,14,15.6786
8476312,Josh Manson,D,ANA,2016-12,192.5,15,12.8333
8476312,Josh Manson,D,ANA,2017-01,257.5,14,18.3929
8476312,Josh Manson,D,ANA,2017-02,180.0,11,16.3636
8476312,Josh Manson,D,ANA,2017-03,192.0,14,13.7143
8476312,Josh Manson,D,ANA,2017-04,68.5,5,13.7
8476316,Laurent Brossoit,G,EDM,2017-03,-2.5,0,0.0
8476316,Laurent Brossoit,G,EDM,2017-04,-2.5,0,0.0
8476323,Max McCormick,L,OTT,2016-11,40.0,4,10.0
8476323,Max McCormick,L,OTT,2016-12,9.5,1,9.5
8476323,Max McCormick,L,OTT,2017-02,16.0,2,8.0
8476326,Josh Archibald,R,PIT,2017-02,43.5,2,21.75
8476326,Josh Archibald,R,PIT,2017-03,33.0,3,11.0
8476326,Josh Archibald,R,PIT,2017-04,68.0,5,13.6
8476331,Dylan DeMelo,D,SJS,2016-11,29.5,2,14.75
8476331,Dylan DeMelo,D,SJS,2016-12,92.5,8,11.5625
8476331,Dylan DeMelo,D,SJS,2017-01,28.5,4,7.125
8476331,Dylan DeMelo,D,SJS,2017-03,138.0,10,13.8
8476331,Dylan DeMelo,D,SJS,2017-04,26.5,1,26.5
8476336,Iiro Pakarinen,R,EDM,2017-02,82.0,8,10.25
8476336,Iiro Pakarinen,R,EDM,2017-03,12.0,3,4.0
8476336,Iiro Pakarinen,R,EDM,2017-04,59.0,3,19.6667
8476344,Tyler Graovac,C,MIN,2016-10,17.0,1,17.0
8476344,Tyler Graovac,C,MIN,2016-11,121.0,13,9.3077
8476344,Tyler Graovac,C,MIN,2016-12,111.5,14,7.9643
8476344,Tyler Graovac,C,MIN,2017-01,99.5,12,8.2917
8476344,Tyler Graovac,C,MIN,2017-02,69.5,8,8.6875
8476344,Tyler Graovac,C,MIN,2017-03,23.0,4,5.75
8476346,Johnny Gaudreau,L,CGY,2016-10,76.0,10,7.6
8476346,Johnny Gaudreau,L,CGY,2016-11,49.5,7,7.0714
8476346,Johnny Gaudreau,L,CGY,2016-12,76.5,12,6.375
8476346,Johnny Gaudreau,L,CGY,2017-01,77.0,13,5.9231
8476346,Johnny Gaudreau,L,CGY,2017-02,47.5,12,3.9583
8476346,Johnny Gaudreau,L,CGY,2017-03,90.0,14,6.4286
8476346,Johnny Gaudreau,L,CGY,2017-04,13.0,4,3.25
8476356,Tobias Rieder,C,ARI,2016-10,61.0,8,7.625
8476356,Tobias Rieder,C,ARI,2016-11,65.0,11,5.9091
8476356,Tobias Rieder,C,ARI,2016-12,145.0,16,9.0625
8476356,Tobias Rieder,C,ARI,2017-01,61.5,12,5.125
8476356,Tobias Rieder,C,ARI,2017-02,70.0,13,5.3846
8476356,Tobias Rieder,C,ARI,2017-03,78.0,16,4.875
8476356,Tobias Rieder,C,ARI,2017-04,29.5,4,7.375
8476368,Fredrik Claesson,D,OTT,2016-11,34.5,6,5.75
8476368,Fredrik Claesson,D,OTT,2016-12,13.5,1,13.5
8476368,Fredrik Claesson,D,OTT,2017-01,35.5,7,5.0714
8476368,Fredrik Claesson,D,OTT,2017-02,32.0,5,6.4
8476368,Fredrik Claesson,D,OTT,2017-03,149.0,8,18.625
8476368,Fredrik Claesson,D,OTT,2017-04,71.5,6,11.9167
8476370,Blake Pietila,L,NJD,2016-11,31.5,2,15.75
8476370,Blake Pietila,L,NJD,2017-03,98.0,8,12.25
8476374,Sean Kuraly,C,BOS,2016-11,20.5,5,4.1
8476374,Sean Kuraly,C,BOS,2017-04,28.0,3,9.3333
8476381,Andrew Shaw,C,MTL,2016-10,112.5,9,12.5
8476381,Andrew Shaw,C,MTL,2016-11,318.5,14,22.75
8476381,Andrew Shaw,C,MTL,2016-12,123.0,6,20.5
8476381,Andrew Shaw,C,MTL,2017-01,89.5,8,11.1875
8476381,Andrew Shaw,C,MTL,2017-02,207.5,13,15.9615
8476381,Andrew Shaw,C,MTL,2017-03,226.0,13,17.3846
8476381,Andrew Shaw,C,MTL,2017-04,78.0,5,15.6
8476386,Shane Prince,C,NYI,2016-10,43.5,4,10.875
8476386,Shane Prince,C,NYI,2016-11,97.0,11,8.8182
8476386,Shane Prince,C,NYI,2016-12,75.0,14,5.3571
8476386,Shane Prince,C,NYI,2017-01,68.5,9,7.6111
8476386,Shane Prince,C,NYI,2017-02,61.0,5,12.2
8476386,Shane Prince,C,NYI,2017-03,28.5,6,4.75
8476386,Shane Prince,C,NYI,2017-04,5.0,1,5.0
8476389,Vincent Trocheck,C,FLA,2016-10,196.0,9,21.7778
8476389,Vincent Trocheck,C,FLA,2016-11,329.0,14,23.5
8476389,Vincent Trocheck,C,FLA,2016-12,432.0,15,28.8
8476389,Vincent Trocheck,C,FLA,2017-01,257.0,13,19.7692
8476389,Vincent Trocheck,C,FLA,2017-02,189.0,11,17.1818
8476389,Vincent Trocheck,C,FLA,2017-03,330.0,15,22.0
8476389,Vincent Trocheck,C,FLA,2017-04,53.0,5,10.6
8476390,Joseph Cramarossa,C,VAN,2016-10,57.5,4,14.375
8476390,Joseph Cramarossa,C,VAN,2016-11,113.5,9,12.6111
8476390,Joseph Cramarossa,C,VAN,2016-12,149.0,13,11.4615
8476390,Joseph Cramarossa,C,VAN,2017-01,153.5,14,10.9643
8476390,Joseph Cramarossa,C,VAN,2017-02,110.0,9,12.2222
8476390,Joseph Cramarossa,C,VAN,2017-03,94.0,10,9.4
8476391,T.J. Tynan,C,CBJ,2017-03,7.5,3,2.5
8476392,Adam Lowry,L,WPG,2016-10,166.5,9,18.5
8476392,Adam Lowry,L,WPG,2016-11,387.5,16,24.2188
8476392,Adam Lowry,L,WPG,2016-12,269.5,14,19.25
8476392,Adam Lowry,L,WPG,2017-01,295.5,14,21.1071
8476392,Adam Lowry,L,WPG,2017-02,304.0,11,27.6364
8476392,Adam Lowry,L,WPG,2017-03,281.0,14,20.0714
8476392,Adam Lowry,L,WPG,2017-04,123.0,4,30.75
8476393,Nick Cousins,C,PHI,2016-10,77.0,8,9.625
8476393,Nick Cousins,C,PHI,2016-11,128.0,12,10.6667
8476393,Nick Cousins,C,PHI,2016-12,139.0,14,9.9286
8476393,Nick Cousins,C,PHI,2017-01,95.0,8,11.875
8476393,Nick Cousins,C,PHI,2017-02,151.0,11,13.7273
8476393,Nick Cousins,C,PHI,2017-03,58.5,6,9.75
8476393,Nick Cousins,C,PHI,2017-04,12.5,1,12.5
8476399,Blake Coleman,C,NJD,2017-01,85.0,5,17.0
8476399,Blake Coleman,C,NJD,2017-02,22.0,1,22.0
8476399,Blake Coleman,C,NJD,2017-03,247.0,13,19.0
8476399,Blake Coleman,C,NJD,2017-04,64.5,4,16.125
8476400,Logan Shaw,R,ANA,2016-11,18.5,3,6.1667
8476400,Logan Shaw,R,ANA,2016-12,103.0,15,6.8667
8476400,Logan Shaw,R,ANA,2017-01,121.5,14,8.6786
8476400,Logan Shaw,R,ANA,2017-02,65.5,11,5.9545
8476400,Logan Shaw,R,ANA,2017-03,28.0,8,3.5
8476400,Logan Shaw,R,ANA,2017-04,38.5,4,9.625
8476403,Klas Dahlbeck,D,CAR,2016-10,47.0,6,7.8333
8476403,Klas Dahlbeck,D,CAR,2016-11,39.5,3,13.1667
8476403,Klas Dahlbeck,D,CAR,2016-12,3.0,1,3.0
8476403,Klas Dahlbeck,D,CAR,2017-01,22.5,3,7.5
8476403,Klas Dahlbeck,D,CAR,2017-02,96.0,8,12.0
8476403,Klas Dahlbeck,D,CAR,2017-03,243.5,16,15.2188
8476403,Klas Dahlbeck,D,CAR,2017-04,67.5,6,11.25
8476404,Andy Andreoff,C,LAK,2016-10,108.5,9,12.0556
8476404,Andy Andreoff,C,LAK,2016-12,86.0,6,14.3333
8476404,Andy Andreoff,C,LAK,2017-01,76.5,6,12.75
8476404,Andy Andreoff,C,LAK,2017-02,43.0,4,10.75
8476404,Andy Andreoff,C,LAK,2017-03,110.0,9,12.2222
8476404,Andy Andreoff,C,LAK,2017-04,11.0,2,5.5
8476406,Nicholas Shore,C,LAK,2016-10,66.5,8,8.3125
8476406,Nicholas Shore,C,LAK,2016-11,154.0,14,11.0
8476406,Nicholas Shore,C,LAK,2016-12,115.5,14,8.25
8476406,Nicholas Shore,C,LAK,2017-01,98.0,13,7.5385
8476406,Nicholas Shore,C,LAK,2017-02,125.0,13,9.6154
8476406,Nicholas Shore,C,LAK,2017-03,34.0,3,11.3333
8476406,Nicholas Shore,C,LAK,2017-04,48.5,5,9.7
8476409,Alan Quine,C,NYI,2016-10,58.5,6,9.75
8476409,Alan Quine,C,NYI,2016-11,70.0,7,10.0
8476409,Alan Quine,C,NYI,2016-12,163.5,13,12.5769
8476409,Alan Quine,C,NYI,2017-01,106.0,12,8.8333
8476409,Alan Quine,C,NYI,2017-02,122.0,12,10.1667
8476409,Alan Quine,C,NYI,2017-03,63.0,6,10.5
8476409,Alan Quine,C,NYI,2017-04,31.5,5,6.3
8476410,Josh Leivo,L,TOR,2016-12,10.5,1,10.5
8476410,Josh Leivo,L,TOR,2017-01,12.5,1,12.5
8476410,Josh Leivo,L,TOR,2017-02,79.5,10,7.95
8476410,Josh Leivo,L,TOR,2017-03,22.0,1,22.0
8476414,Alexandre Grenier,R,VAN,2017-02,6.0,2,3.0
8476414,Alexandre Grenier,R,VAN,2017-03,4.5,1,4.5
8476415,Kyle Rau,C,FLA,2016-10,25.0,4,6.25
8476415,Kyle Rau,C,FLA,2016-11,70.0,11,6.3636
8476415,Kyle Rau,C,FLA,2016-12,48.5,9,5.3889
8476416,Dillon Simpson,D,EDM,2016-12,18.0,3,6.0
8476418,Robbie Russo,D,DET,2017-03,124.0,14,8.8571
8476418,Robbie Russo,D,DET,2017-04,58.0,5,11.6
8476419,Jean-Gabriel Pageau,C,OTT,2016-10,139.0,8,17.375
8476419,Jean-Gabriel Pageau,C,OTT,2016-11,262.5,15,17.5
8476419,Jean-Gabriel Pageau,C,OTT,2016-12,241.0,13,18.5385
8476419,Jean-Gabriel Pageau,C,OTT,2017-01,281.5,12,23.4583
8476419,Jean-Gabriel Pageau,C,OTT,2017-02,289.0,13,22.2308
8476419,Jean-Gabriel Pageau,C,OTT,2017-03,312.0,15,20.8
8476419,Jean-Gabriel Pageau,C,OTT,2017-04,92.5,6,15.4167
8476422,Mike Reilly,D,MIN,2016-10,-2.0,2,-1.0
8476422,Mike Reilly,D,MIN,2016-11,32.0,7,4.5714
8476422,Mike Reilly,D,MIN,2017-01,22.0,5,4.4
8476422,Mike Reilly,D,MIN,2017-02,12.0,3,4.0
8476423,Reid Boucher,C,VAN,2016-10,11.0,3,3.6667
8476423,Reid Boucher,C,VAN,2016-11,72.0,6,12.0
8476423,Reid Boucher,C,VAN,2016-12,25.5,3,8.5
8476423,Reid Boucher,C,VAN,2017-01,3.0,1,3.0
8476423,Reid Boucher,C,VAN,2017-02,53.5,8,6.6875
8476423,Reid Boucher,C,VAN,2017-03,67.0,13,5.1538
8476423,Reid Boucher,C,VAN,2017-04,24.5,5,4.9
8476425,Joseph LaBate,C,VAN,2016-11,20.0,3,6.6667
8476425,Joseph LaBate,C,VAN,2017-02,20.0,2,10.0
8476425,Joseph LaBate,C,VAN,2017-03,76.5,8,9.5625
8476427,Ty Rattie,R,CAR,2016-11,18.5,3,6.1667
8476427,Ty Rattie,R,CAR,2017-01,60.5,5,12.1
8476428,Rocco Grimaldi,C,COL,2016-12,9.0,1,9.0
8476428,Rocco Grimaldi,C,COL,2017-04,28.5,3,9.5
8476429,Scott Mayfield,D,NYI,2016-11,13.0,2,6.5
8476429,Scott Mayfield,D,NYI,2016-12,6.5,1,6.5
8476429,Scott Mayfield,D,NYI,2017-01,57.0,5,11.4
8476429,Scott Mayfield,D,NYI,2017-02,63.0,6,10.5
8476429,Scott Mayfield,D,NYI,2017-03,142.0,7,20.2857
8476429,Scott Mayfield,D,NYI,2017-04,52.5,4,13.125
8476430,Tomas Jurco,R,CHI,2016-11,4.5,1,4.5
8476430,Tomas Jurco,R,CHI,2016-12,22.5,9,2.5
8476430,Tomas Jurco,R,CHI,2017-01,17.0,3,5.6667
8476430,Tomas Jurco,R,CHI,2017-02,15.0,4,3.75
8476430,Tomas Jurco,R,CHI,2017-03,83.5,10,8.35
8476430,Tomas Jurco,R,CHI,2017-04,8.5,2,4.25
8476431,Adam Clendening,D,NYR,2016-10,33.0,5,6.6
8476431,Adam Clendening,D,NYR,2016-11,17.0,2,8.5
8476431,Adam Clendening,D,NYR,2016-12,30.0,3,10.0
8476431,Adam Clendening,D,NYR,2017-01,71.0,9,7.8889
8476431,Adam Clendening,D,NYR,2017-02,77.0,7,11.0
8476431,Adam Clendening,D,NYR,2017-03,18.5,4,4.625
8476431,Adam Clendening,D,NYR,2017-04,24.5,2,12.25
8476432,Boone Jenner,C,CBJ,2016-10,98.0,7,14.0
8476432,Boone Jenner,C,CBJ,2016-11,220.5,14,15.75
8476432,Boone Jenner,C,CBJ,2016-12,215.5,14,15.3929
8476432,Boone Jenner,C,CBJ,2017-01,236.5,14,16.8929
8476432,Boone Jenner,C,CBJ,2017-02,266.5,12,22.2083
8476432,Boone Jenner,C,CBJ,2017-03,322.0,16,20.125
8476432,Boone Jenner,C,CBJ,2017-04,94.0,5,18.8
8476434,John Gibson,G,ANA,2016-10,-7.5,0,0.0
8476434,John Gibson,G,ANA,2016-11,-12.0,0,0.0
8476434,John Gibson,G,ANA,2016-12,-4.5,0,0.0
8476434,John Gibson,G,ANA,2017-01,-6.0,0,0.0
8476434,John Gibson,G,ANA,2017-02,-2.5,0,0.0
8476434,John Gibson,G,ANA,2017-03,5.5,0,0.0
8476436,Dmitrij Jaskin,R,STL,2016-10,67.5,7,9.6429
8476436,Dmitrij Jaskin,R,STL,2016-11,140.0,14,10.0
8476436,Dmitrij Jaskin,R,STL,2016-12,140.0,10,14.0
8476436,Dmitrij Jaskin,R,STL,2017-01,88.5,8,11.0625
8476436,Dmitrij Jaskin,R,STL,2017-02,54.0,4,13.5
8476436,Dmitrij Jaskin,R,STL,2017-03,48.0,4,12.0
8476436,Dmitrij Jaskin,R,STL,2017-04,30.0,4,7.5
8476437,Victor Rask,C,CAR,2016-10,58.5,8,7.3125
8476437,Victor Rask,C,CAR,2016-11,122.0,14,8.7143
8476437,Victor Rask,C,CAR,2016-12,88.5,14,6.3214
8476437,Victor Rask,C,CAR,2017-01,122.5,13,9.4231
8476437,Victor Rask,C,CAR,2017-02,101.0,10,10.1
8476437,Victor Rask,C,CAR,2017-03,151.5,17,8.9118
8476437,Victor Rask,C,CAR,2017-04,29.0,6,4.8333
8476438,Brandon Saad,L,CBJ,2016-10,38.5,7,5.5
8476438,Brandon Saad,L,CBJ,2016-11,75.5,14,5.3929
8476438,Brandon Saad,L,CBJ,2016-12,104.5,14,7.4643
8476438,Brandon Saad,L,CBJ,2017-01,57.5,14,4.1071
8476438,Brandon Saad,L,CBJ,2017-02,55.0,12,4.5833
8476438,Brandon Saad,L,CBJ,2017-03,68.0,16,4.25
8476438,Brandon Saad,L,CBJ,2017-04,52.5,5,10.5
8476439,Brett Ritchie,R,DAL,2016-10,70.0,8,8.75
8476439,Brett Ritchie,R,DAL,2016-11,136.0,16,8.5
8476439,Brett Ritchie,R,DAL,2016-12,129.5,14,9.25
8476439,Brett Ritchie,R,DAL,2017-01,107.5,11,9.7727
8476439,Brett Ritchie,R,DAL,2017-02,117.0,12,9.75
8476439,Brett Ritchie,R,DAL,2017-03,182.0,14,13.0
8476439,Brett Ritchie,R,DAL,2017-04,39.0,3,13.0
8476440,Markus Granlund,C,VAN,2016-10,70.0,9,7.7778
8476440,Markus Granlund,C,VAN,2016-11,82.0,14,5.8571
8476440,Markus Granlund,C,VAN,2016-12,92.0,15,6.1333
8476440,Markus Granlund,C,VAN,2017-01,86.0,12,7.1667
8476440,Markus Granlund,C,VAN,2017-02,51.0,11,4.6364
8476440,Markus Granlund,C,VAN,2017-03,51.5,8,6.4375
8476441,Joel Edmundson,D,STL,2016-10,119.0,9,13.2222
8476441,Joel Edmundson,D,STL,2016-11,50.0,4,12.5
8476441,Joel Edmundson,D,STL,2016-12,193.0,12,16.0833
8476441,Joel Edmundson,D,STL,2017-01,168.5,12,14.0417
8476441,Joel Edmundson,D,STL,2017-02,133.0,12,11.0833
8476441,Joel Edmundson,D,STL,2017-03,131.0,15,8.7333
8476441,Joel Edmundson,D,STL,2017-04,64.5,5,12.9
8476442,Matt Nieto,L,COL,2016-10,37.5,5,7.5
8476442,Matt Nieto,L,COL,2016-11,84.0,8,10.5
8476442,Matt Nieto,L,COL,2016-12,19.5,3,6.5
8476442,Matt Nieto,L,COL,2017-01,91.5,9,10.1667
8476442,Matt Nieto,L,COL,2017-02,80.5,14,5.75
8476442,Matt Nieto,L,COL,2017-03,86.0,15,5.7333
8476442,Matt Nieto,L,COL,2017-04,33.5,5,6.7
8476443,Xavier Ouellet,D,DET,2016-10,27.5,5,5.5
8476443,Xavier Ouellet,D,DET,2016-11,16.0,3,5.3333
8476443,Xavier Ouellet,D,DET,2016-12,180.5,13,13.8846
8476443,Xavier Ouellet,D,DET,2017-01,164.5,14,11.75
8476443,Xavier Ouellet,D,DET,2017-02,87.0,10,8.7
8476443,Xavier Ouellet,D,DET,2017-03,162.5,16,10.1562
8476443,Xavier Ouellet,D,DET,2017-04,48.5,5,9.7
8476447,Miikka Salomaki,R,NSH,2016-10,34.5,2,17.25
8476447,Miikka Salomaki,R,NSH,2017-04,50.5,3,16.8333
8476448,William Karlsson,C,CBJ,2016-10,79.5,7,11.3571
8476448,William Karlsson,C,CBJ,2016-11,113.5,14,8.1071
8476448,William Karlsson,C,CBJ,2016-12,124.5,14,8.8929
8476448,William Karlsson,C,CBJ,2017-01,141.5,14,10.1071
8476448,William Karlsson,C,CBJ,2017-02,89.5,11,8.1364
8476448,William Karlsson,C,CBJ,2017-03,138.5,16,8.6562
8476448,William Karlsson,C,CBJ,2017-04,56.5,5,11.3
8476449,Scott Harrington,D,CBJ,2016-11,20.0,3,6.6667
8476449,Scott Harrington,D,CBJ,2017-01,55.5,6,9.25
8476449,Scott Harrington,D,CBJ,2017-02,53.0,5,10.6
8476449,Scott Harrington,D,CBJ,2017-03,51.5,4,12.875
8476449,Scott Harrington,D,CBJ,2017-04,43.0,4,10.75
8476450,Ryan Sproul,D,DET,2016-10,28.0,5,5.6
8476450,Ryan Sproul,D,DET,2016-11,21.5,7,3.0714
8476450,Ryan Sproul,D,DET,2016-12,26.5,6,4.4167
8476450,Ryan Sproul,D,DET,2017-01,15.5,3,5.1667
8476450,Ryan Sproul,D,DET,2017-02,36.5,4,9.125
8476450,Ryan Sproul,D,DET,2017-03,13.0,2,6.5
8476452,Tyler Wotherspoon,D,CGY,2016-12,11.0,2,5.5
8476452,Tyler Wotherspoon,D,CGY,2017-01,3.0,2,1.5
8476453,Nikita Kucherov,R,TBL,2016-10,51.5,8,6.4375
8476453,Nikita Kucherov,R,TBL,2016-11,163.0,15,10.8667
8476453,Nikita Kucherov,R,TBL,2016-12,24.0,8,3.0
8476453,Nikita Kucherov,R,TBL,2017-01,86.0,13,6.6154
8476453,Nikita Kucherov,R,TBL,2017-02,62.5,10,6.25
8476453,Nikita Kucherov,R,TBL,2017-03,102.5,14,7.3214
8476453,Nikita Kucherov,R,TBL,2017-04,38.0,6,6.3333
8476454,Ryan Nugent-Hopkins,C,EDM,2016-10,64.0,9,7.1111
8476454,Ryan Nugent-Hopkins,C,EDM,2016-11,154.5,15,10.3
8476454,Ryan Nugent-Hopkins,C,EDM,2016-12,128.5,14,9.1786
8476454,Ryan Nugent-Hopkins,C,EDM,2017-01,156.5,14,11.1786
8476454,Ryan Nugent-Hopkins,C,EDM,2017-02,142.0,12,11.8333
8476454,Ryan Nugent-Hopkins,C,EDM,2017-03,137.0,13,10.5385
8476454,Ryan Nugent-Hopkins,C,EDM,2017-04,67.5,5,13.5
8476455,Gabriel Landeskog,L,COL,2016-10,103.5,7,14.7857
8476455,Gabriel Landeskog,L,COL,2016-11,137.0,8,17.125
8476455,Gabriel Landeskog,L,COL,2016-12,196.0,11,17.8182
8476455,Gabriel Landeskog,L,COL,2017-01,139.0,11,12.6364
8476455,Gabriel Landeskog,L,COL,2017-02,154.5,14,11.0357
8476455,Gabriel Landeskog,L,COL,2017-03,192.0,16,12.0
8476455,Gabriel Landeskog,L,COL,2017-04,91.5,5,18.3
8476456,Jonathan Huberdeau,C,FLA,2017-02,94.5,11,8.5909
8476456,Jonathan Huberdeau,C,FLA,2017-03,101.5,15,6.7667
8476456,Jonathan Huberdeau,C,FLA,2017-04,49.0,5,9.8
8476457,Adam Larsson,D,EDM,2016-10,146.0,9,16.2222
8476457,Adam Larsson,D,EDM,2016-11,314.0,15,20.9333
8476457,Adam Larsson,D,EDM,2016-12,266.5,14,19.0357
8476457,Adam Larsson,D,EDM,2017-01,228.5,13,17.5769
8476457,Adam Larsson,D,EDM,2017-02,167.0,10,16.7
8476457,Adam Larsson,D,EDM,2017-03,288.0,13,22.1538
8476457,Adam Larsson,D,EDM,2017-04,131.5,5,26.3
8476458,Ryan Strome,C,NYI,2016-10,70.0,9,7.7778
8476458,Ryan Strome,C,NYI,2016-11,87.0,11,7.9091
8476458,Ryan Strome,C,NYI,2016-12,126.5,13,9.7308
8476458,Ryan Strome,C,NYI,2017-01,85.5,12,7.125
8476458,Ryan Strome,C,NYI,2017-02,116.5,13,8.9615
8476458,Ryan Strome,C,NYI,2017-03,94.0,11,8.5455
8476459,Mika Zibanejad,C,NYR,2016-10,146.5,9,16.2778
8476459,Mika Zibanejad,C,NYR,2016-11,117.5,10,11.75
8476459,Mika Zibanejad,C,NYR,2017-01,81.5,6,13.5833
8476459,Mika Zibanejad,C,NYR,2017-02,134.5,12,11.2083
8476459,Mika Zibanejad,C,NYR,2017-03,201.5,15,13.4333
8476459,Mika Zibanejad,C,NYR,2017-04,53.0,4,13.25
8476460,Mark Scheifele,C,WPG,2016-10,204.5,9,22.7222
8476460,Mark Scheifele,C,WPG,2016-11,254.5,16,15.9062
8476460,Mark Scheifele,C,WPG,2016-12,119.0,11,10.8182
8476460,Mark Scheifele,C,WPG,2017-01,238.5,14,17.0357
8476460,Mark Scheifele,C,WPG,2017-02,184.5,11,16.7727
8476460,Mark Scheifele,C,WPG,2017-03,184.5,14,13.1786
8476460,Mark Scheifele,C,WPG,2017-04,65.0,4,16.25
8476461,Sean Couturier,C,PHI,2016-10,160.0,10,16.0
8476461,Sean Couturier,C,PHI,2016-11,145.0,10,14.5
8476461,Sean Couturier,C,PHI,2016-12,31.0,2,15.5
8476461,Sean Couturier,C,PHI,2017-01,214.0,13,16.4615
8476461,Sean Couturier,C,PHI,2017-02,188.5,11,17.1364
8476461,Sean Couturier,C,PHI,2017-03,220.0,15,14.6667
8476461,Sean Couturier,C,PHI,2017-04,94.0,5,18.8
8476462,Dougie Hamilton,D,CGY,2016-10,78.5,10,7.85
8476462,Dougie Hamilton,D,CGY,2016-11,162.0,16,10.125
8476462,Dougie Hamilton,D,CGY,2016-12,93.5,12,7.7917
8476462,Dougie Hamilton,D,CGY,2017-01,109.5,13,8.4231
8476462,Dougie Hamilton,D,CGY,2017-02,95.0,12,7.9167
8476462,Dougie Hamilton,D,CGY,2017-03,49.5,14,3.5357
8476462,Dougie Hamilton,D,CGY,2017-04,20.5,4,5.125
8476463,Jonas Brodin,D,MIN,2016-10,95.5,9,10.6111
8476463,Jonas Brodin,D,MIN,2016-11,132.5,13,10.1923
8476463,Jonas Brodin,D,MIN,2016-12,111.5,14,7.9643
8476463,Jonas Brodin,D,MIN,2017-01,52.5,7,7.5
8476463,Jonas Brodin,D,MIN,2017-02,15.5,4,3.875
8476463,Jonas Brodin,D,MIN,2017-03,88.5,16,5.5312
8476463,Jonas Brodin,D,MIN,2017-04,23.5,5,4.7
8476464,Duncan Siemens,D,COL,2017-04,36.0,3,12.0
8476465,Ryan Murphy,D,CAR,2016-11,33.5,4,8.375
8476465,Ryan Murphy,D,CAR,2016-12,24.0,3,8.0
8476465,Ryan Murphy,D,CAR,2017-01,25.5,4,6.375
8476465,Ryan Murphy,D,CAR,2017-02,18.0,3,6.0
8476465,Ryan Murphy,D,CAR,2017-03,92.0,13,7.0769
8476466,Sven Baertschi,L,VAN,2016-10,49.5,9,5.5
8476466,Sven Baertschi,L,VAN,2016-11,93.0,12,7.75
8476466,Sven Baertschi,L,VAN,2016-12,126.0,14,9.0
8476466,Sven Baertschi,L,VAN,2017-01,112.0,12,9.3333
8476466,Sven Baertschi,L,VAN,2017-02,30.0,3,10.0
8476466,Sven Baertschi,L,VAN,2017-03,130.0,15,8.6667
8476466,Sven Baertschi,L,VAN,2017-04,39.5,3,13.1667
8476467,Jamie Oleksiak,D,DAL,2016-10,8.5,2,4.25
8476467,Jamie Oleksiak,D,DAL,2016-11,111.5,8,13.9375
8476467,Jamie Oleksiak,D,DAL,2016-12,108.5,7,15.5
8476467,Jamie Oleksiak,D,DAL,2017-01,35.5,3,11.8333
8476467,Jamie Oleksiak,D,DAL,2017-02,49.0,7,7.0
8476467,Jamie Oleksiak,D,DAL,2017-03,147.5,12,12.2917
8476467,Jamie Oleksiak,D,DAL,2017-04,13.0,2,6.5
8476468,J.T. Miller,C,NYR,2016-10,141.0,9,15.6667
8476468,J.T. Miller,C,NYR,2016-11,199.0,15,13.2667
8476468,J.T. Miller,C,NYR,2016-12,120.0,15,8.0
8476468,J.T. Miller,C,NYR,2017-01,129.5,11,11.7727
8476468,J.T. Miller,C,NYR,2017-02,148.5,13,11.4231
8476468,J.T. Miller,C,NYR,2017-03,162.0,15,10.8
8476468,J.T. Miller,C,NYR,2017-04,16.0,4,4.0
8476469,Joel Armia,R,WPG,2016-10,47.5,8,5.9375
8476469,Joel Armia,R,WPG,2016-11,26.0,2,13.0
8476469,Joel Armia,R,WPG,2016-12,26.0,4,6.5
8476469,Joel Armia,R,WPG,2017-01,128.5,14,9.1786
8476469,Joel Armia,R,WPG,2017-02,89.0,11,8.0909
8476469,Joel Armia,R,WPG,2017-03,207.0,14,14.7857
8476469,Joel Armia,R,WPG,2017-04,27.0,4,6.75
8476470,Nathan Beaulieu,D,MTL,2016-10,110.0,9,12.2222
8476470,Nathan Beaulieu,D,MTL,2016-11,175.5,11,15.9545
8476470,Nathan Beaulieu,D,MTL,2016-12,100.0,11,9.0909
8476470,Nathan Beaulieu,D,MTL,2017-01,143.0,14,10.2143
8476470,Nathan Beaulieu,D,MTL,2017-02,94.0,13,7.2308
8476470,Nathan Beaulieu,D,MTL,2017-03,130.5,11,11.8636
8476470,Nathan Beaulieu,D,MTL,2017-04,43.0,5,8.6
8476471,Mark McNeill,C,DAL,2017-04,7.5,1,7.5
8476472,Oscar Klefbom,D,EDM,2016-10,77.0,9,8.5556
8476472,Oscar Klefbom,D,EDM,2016-11,163.5,15,10.9
8476472,Oscar Klefbom,D,EDM,2016-12,122.0,14,8.7143
8476472,Oscar Klefbom,D,EDM,2017-01,126.5,14,9.0357
8476472,Oscar Klefbom,D,EDM,2017-02,124.5,12,10.375
8476472,Oscar Klefbom,D,EDM,2017-03,164.0,13,12.6154
8476472,Oscar Klefbom,D,EDM,2017-04,40.5,5,8.1
8476473,Connor Murphy,D,ARI,2016-10,141.5,8,17.6875
8476473,Connor Murphy,D,ARI,2016-11,194.0,12,16.1667
8476473,Connor Murphy,D,ARI,2016-12,191.0,13,14.6923
8476473,Connor Murphy,D,ARI,2017-01,137.0,11,12.4545
8476473,Connor Murphy,D,ARI,2017-02,207.0,13,15.9231
8476473,Connor Murphy,D,ARI,2017-03,335.5,16,20.9688
8476473,Connor Murphy,D,ARI,2017-04,96.5,4,24.125
8476474,Stefan Noesen,R,NJD,2016-12,46.5,7,6.6429
8476474,Stefan Noesen,R,NJD,2017-01,41.5,7,5.9286
8476474,Stefan Noesen,R,NJD,2017-02,82.5,11,7.5
8476474,Stefan Noesen,R,NJD,2017-03,132.5,14,9.4643
8476474,Stefan Noesen,R,NJD,2017-04,34.5,5,6.9
8476476,Joe Morrow,D,BOS,2016-10,25.5,2,12.75
8476476,Joe Morrow,D,BOS,2016-11,78.0,7,11.1429
8476476,Joe Morrow,D,BOS,2016-12,41.0,4,10.25
8476476,Joe Morrow,D,BOS,2017-01,54.5,4,13.625
8476477,Matt Puempel,L,NYR,2016-10,26.0,4,6.5
8476477,Matt Puempel,L,NYR,2016-11,69.0,12,5.75
8476477,Matt Puempel,L,NYR,2016-12,95.5,10,9.55
8476477,Matt Puempel,L,NYR,2017-01,10.0,3,3.3333
8476477,Matt Puempel,L,NYR,2017-02,18.5,4,4.625
8476477,Matt Puempel,L,NYR,2017-03,36.5,5,7.3
8476477,Matt Puempel,L,NYR,2017-04,4.5,2,2.25
8476479,Phillip Danault,L,MTL,2016-10,110.0,9,12.2222
8476479,Phillip Danault,L,MTL,2016-11,200.5,14,14.3214
8476479,Phillip Danault,L,MTL,2016-12,188.5,14,13.4643
8476479,Phillip Danault,L,MTL,2017-01,188.0,14,13.4286
8476479,Phillip Danault,L,MTL,2017-02,185.5,13,14.2692
8476479,Phillip Danault,L,MTL,2017-03,190.0,13,14.6154
8476479,Phillip Danault,L,MTL,2017-04,31.0,5,6.2
8476480,Vladislav Namestnikov,C,TBL,2016-10,70.0,9,7.7778
8476480,Vladislav Namestnikov,C,TBL,2016-11,131.5,15,8.7667
8476480,Vladislav Namestnikov,C,TBL,2016-12,103.5,10,10.35
8476480,Vladislav Namestnikov,C,TBL,2017-01,130.5,13,10.0385
8476480,Vladislav Namestnikov,C,TBL,2017-02,78.5,10,7.85
8476480,Vladislav Namestnikov,C,TBL,2017-03,103.5,11,9.4091
8476480,Vladislav Namestnikov,C,TBL,2017-04,89.5,6,14.9167
8476482,Nicklas Jensen,L,NYR,2016-12,22.5,4,5.625
8476482,Nicklas Jensen,L,NYR,2017-01,17.0,3,5.6667
8476483,Rickard Rakell,R,ANA,2016-11,177.0,14,12.6429
8476483,Rickard Rakell,R,ANA,2016-12,110.5,13,8.5
8476483,Rickard Rakell,R,ANA,2017-01,153.5,14,10.9643
8476483,Rickard Rakell,R,ANA,2017-02,93.0,11,8.4545
8476483,Rickard Rakell,R,ANA,2017-03,141.5,14,10.1071
8476483,Rickard Rakell,R,ANA,2017-04,55.0,5,11.0
8476495,Seth Griffith,C,FLA,2016-10,12.0,3,4.0
8476495,Seth Griffith,C,FLA,2016-11,43.0,6,7.1667
8476495,Seth Griffith,C,FLA,2016-12,103.0,13,7.9231
8476495,Seth Griffith,C,FLA,2017-01,8.0,2,4.0
8476511,Samuel Henley,R,COL,2016-12,6.0,1,6.0
8476525,Colin Miller,D,BOS,2016-10,68.0,8,8.5
8476525,Colin Miller,D,BOS,2016-11,63.5,9,7.0556
8476525,Colin Miller,D,BOS,2016-12,122.0,13,9.3846
8476525,Colin Miller,D,BOS,2017-01,107.0,7,15.2857
8476525,Colin Miller,D,BOS,2017-02,97.0,9,10.7778
8476525,Colin Miller,D,BOS,2017-03,93.0,12,7.75
8476525,Colin Miller,D,BOS,2017-04,57.5,3,19.1667
8476526,Ben Thomson,L,NJD,2017-04,51.0,3,17.0
8476539,Jonathan Marchessault,C,FLA,2016-10,76.5,9,8.5
8476539,Jonathan Marchessault,C,FLA,2016-11,197.5,14,14.1071
8476539,Jonathan Marchessault,C,FLA,2016-12,68.5,8,8.5625
8476539,Jonathan Marchessault,C,FLA,2017-01,186.0,13,14.3077
8476539,Jonathan Marchessault,C,FLA,2017-02,105.0,11,9.5455
8476539,Jonathan Marchessault,C,FLA,2017-03,161.0,15,10.7333
8476539,Jonathan Marchessault,C,FLA,2017-04,27.0,5,5.4
8476545,Kurtis Gabriel,R,MIN,2016-12,100.5,10,10.05
8476545,Kurtis Gabriel,R,MIN,2017-01,20.5,3,6.8333
8476619,Zack Mitchell,R,MIN,2016-11,72.0,10,7.2
8476619,Zack Mitchell,R,MIN,2017-02,3.5,1,3.5
8476624,Barclay Goodrow,C,SJS,2017-01,11.0,1,11.0
8476624,Barclay Goodrow,C,SJS,2017-02,9.0,1,9.0
8476624,Barclay Goodrow,C,SJS,2017-04,1.5,1,1.5
8476766,Cole Schneider,L,BUF,2016-11,16.0,4,4.0
8476769,Bobby Farnham,R,MTL,2017-01,44.5,3,14.8333
8476779,Brad Hunt,D,NSH,2016-12,11.0,6,1.8333
8476779,Brad Hunt,D,NSH,2017-01,7.0,3,2.3333
8476779,Brad Hunt,D,NSH,2017-04,10.0,3,3.3333
8476792,Torey Krug,D,BOS,2016-10,72.0,8,9.0
8476792,Torey Krug,D,BOS,2016-11,131.5,15,8.7667
8476792,Torey Krug,D,BOS,2016-12,126.5,16,7.9062
8476792,Torey Krug,D,BOS,2017-01,120.0,14,8.5714
8476792,Torey Krug,D,BOS,2017-02,79.0,10,7.9
8476792,Torey Krug,D,BOS,2017-03,178.5,14,12.75
8476792,Torey Krug,D,BOS,2017-04,30.0,4,7.5
8476798,Karl Stollery,D,NJD,2017-01,148.0,9,16.4444
8476798,Karl Stollery,D,NJD,2017-02,28.5,1,28.5
8476798,Karl Stollery,D,NJD,2017-03,14.0,1,14.0
8476805,Spencer Abbott,L,CHI,2017-01,6.5,1,6.5
8476806,JT Brown,R,TBL,2016-10,74.5,8,9.3125
8476806,JT Brown,R,TBL,2016-11,157.5,12,13.125
8476806,JT Brown,R,TBL,2016-12,121.5,12,10.125
8476806,JT Brown,R,TBL,2017-01,84.5,6,14.0833
8476806,JT Brown,R,TBL,2017-02,47.5,10,4.75
8476806,JT Brown,R,TBL,2017-03,132.0,13,10.1538
8476806,JT Brown,R,TBL,2017-04,12.0,3,4.0
8476807,Matt Tennyson,D,CAR,2016-11,99.0,9,11.0
8476807,Matt Tennyson,D,CAR,2016-12,143.0,13,11.0
8476807,Matt Tennyson,D,CAR,2017-01,95.5,8,11.9375
8476807,Matt Tennyson,D,CAR,2017-02,21.0,3,7.0
8476807,Matt Tennyson,D,CAR,2017-03,72.0,6,12.0
8476807,Matt Tennyson,D,CAR,2017-04,98.0,6,16.3333
8476808,Brian Flynn,C,MTL,2016-10,63.0,7,9.0
8476808,Brian Flynn,C,MTL,2016-11,30.0,5,6.0
8476808,Brian Flynn,C,MTL,2016-12,124.0,14,8.8571
8476808,Brian Flynn,C,MTL,2017-01,77.0,14,5.5
8476808,Brian Flynn,C,MTL,2017-02,52.0,8,6.5
8476808,Brian Flynn,C,MTL,2017-03,1.5,1,1.5
8476808,Brian Flynn,C,MTL,2017-04,6.0,2,3.0
8476822,Luke Glendening,C,DET,2016-10,234.5,10,23.45
8476822,Luke Glendening,C,DET,2016-11,243.0,13,18.6923
8476822,Luke Glendening,C,DET,2016-12,256.5,13,19.7308
8476822,Luke Glendening,C,DET,2017-01,212.5,14,15.1786
8476822,Luke Glendening,C,DET,2017-02,177.5,11,16.1364
8476822,Luke Glendening,C,DET,2017-03,166.0,13,12.7692
8476826,Yanni Gourde,C,TBL,2016-12,10.5,2,5.25
8476826,Yanni Gourde,C,TBL,2017-03,148.5,12,12.375
8476826,Yanni Gourde,C,TBL,2017-04,40.0,6,6.6667
8476850,Ryan Murray,D,CBJ,2016-10,20.0,2,10.0
8476850,Ryan Murray,D,CBJ,2016-11,109.0,14,7.7857
8476850,Ryan Murray,D,CBJ,2016-12,91.0,14,6.5
8476850,Ryan Murray,D,CBJ,2017-01,133.0,14,9.5
8476850,Ryan Murray,D,CBJ,2017-02,114.5,12,9.5417
8476850,Ryan Murray,D,CBJ,2017-03,29.5,4,7.375
8476851,Alex Galchenyuk,C,MTL,2016-10,69.5,9,7.7222
8476851,Alex Galchenyuk,C,MTL,2016-11,102.0,14,7.2857
8476851,Alex Galchenyuk,C,MTL,2016-12,7.0,2,3.5
8476851,Alex Galchenyuk,C,MTL,2017-01,43.0,5,8.6
8476851,Alex Galchenyuk,C,MTL,2017-02,90.0,13,6.9231
8476851,Alex Galchenyuk,C,MTL,2017-03,127.5,13,9.8077
8476851,Alex Galchenyuk,C,MTL,2017-04,17.5,5,3.5
8476853,Morgan Rielly,D,TOR,2016-10,82.5,9,9.1667
8476853,Morgan Rielly,D,TOR,2016-11,119.5,14,8.5357
8476853,Morgan Rielly,D,TOR,2016-12,105.5,12,8.7917
8476853,Morgan Rielly,D,TOR,2017-01,52.0,7,7.4286
8476853,Morgan Rielly,D,TOR,2017-02,133.0,14,9.5
8476853,Morgan Rielly,D,TOR,2017-03,176.0,14,12.5714
8476853,Morgan Rielly,D,TOR,2017-04,52.0,6,8.6667
8476854,Hampus Lindholm,D,ANA,2016-11,114.0,10,11.4
8476854,Hampus Lindholm,D,ANA,2016-12,232.0,15,15.4667
8476854,Hampus Lindholm,D,ANA,2017-01,154.0,14,11.0
8476854,Hampus Lindholm,D,ANA,2017-02,182.0,11,16.5455
8476854,Hampus Lindholm,D,ANA,2017-03,139.0,14,9.9286
8476854,Hampus Lindholm,D,ANA,2017-04,20.5,2,10.25
8476855,Nail Yakupov,R,STL,2016-10,80.5,9,8.9444
8476855,Nail Yakupov,R,STL,2016-11,30.5,7,4.3571
8476855,Nail Yakupov,R,STL,2016-12,30.0,5,6.0
8476855,Nail Yakupov,R,STL,2017-01,48.0,8,6.0
8476855,Nail Yakupov,R,STL,2017-02,6.5,3,2.1667
8476855,Nail Yakupov,R,STL,2017-03,64.0,8,8.0
8476856,Mathew Dumba,D,MIN,2016-10,97.0,9,10.7778
8476856,Mathew Dumba,D,MIN,2016-11,156.0,13,12.0
8476856,Mathew Dumba,D,MIN,2016-12,93.5,14,6.6786
8476856,Mathew Dumba,D,MIN,2017-01,111.5,13,8.5769
8476856,Mathew Dumba,D,MIN,2017-02,115.0,8,14.375
8476856,Mathew Dumba,D,MIN,2017-03,146.5,14,10.4643
8476856,Mathew Dumba,D,MIN,2017-04,39.0,5,7.8
8476857,Pontus Aberg,L,NSH,2016-11,35.5,9,3.9444
8476857,Pontus Aberg,L,NSH,2017-01,11.0,2,5.5
8476857,Pontus Aberg,L,NSH,2017-02,37.5,4,9.375
8476858,Phillip Di Giuseppe,L,CAR,2016-10,36.5,6,6.0833
8476858,Phillip Di Giuseppe,L,CAR,2016-11,47.0,6,7.8333
8476858,Phillip Di Giuseppe,L,CAR,2016-12,62.5,6,10.4167
8476858,Phillip Di Giuseppe,L,CAR,2017-02,62.0,5,12.4
8476858,Phillip Di Giuseppe,L,CAR,2017-03,146.0,11,13.2727
8476858,Phillip Di Giuseppe,L,CAR,2017-04,21.5,2,10.75
8476866,Nicolas Kerdiles,L,ANA,2017-02,6.5,1,6.5
8476867,Brendan Gaunce,C,VAN,2016-10,43.5,9,4.8333
8476867,Brendan Gaunce,C,VAN,2016-11,141.0,14,10.0714
8476867,Brendan Gaunce,C,VAN,2016-12,75.5,10,7.55
8476867,Brendan Gaunce,C,VAN,2017-01,100.0,12,8.3333
8476867,Brendan Gaunce,C,VAN,2017-02,80.0,7,11.4286
8476867,Brendan Gaunce,C,VAN,2017-03,49.5,5,9.9
8476869,Brady Skjei,D,NYR,2016-10,76.5,9,8.5
8476869,Brady Skjei,D,NYR,2016-11,145.5,15,9.7
8476869,Brady Skjei,D,NYR,2016-12,165.0,14,11.7857
8476869,Brady Skjei,D,NYR,2017-01,117.5,11,10.6818
8476869,Brady Skjei,D,NYR,2017-02,157.0,13,12.0769
8476869,Brady Skjei,D,NYR,2017-03,180.0,15,12.0
8476869,Brady Skjei,D,NYR,2017-04,53.5,3,17.8333
8476871,Tanner Pearson,L,LAK,2016-10,72.0,7,10.2857
8476871,Tanner Pearson,L,LAK,2016-11,148.5,14,10.6071
8476871,Tanner Pearson,L,LAK,2016-12,169.0,14,12.0714
8476871,Tanner Pearson,L,LAK,2017-01,121.0,13,9.3077
8476871,Tanner Pearson,L,LAK,2017-02,119.0,13,9.1538
8476871,Tanner Pearson,L,LAK,2017-03,185.5,14,13.25
8476871,Tanner Pearson,L,LAK,2017-04,28.5,5,5.7
8476872,Scott Laughton,L,PHI,2016-11,24.0,2,12.0
8476873,Mark Jankowski,C,CGY,2016-11,9.0,1,9.0
8476874,Olli Määttä,D,PIT,2016-10,101.0,9,11.2222
8476874,Olli Määttä,D,PIT,2016-11,163.0,14,11.6429
8476874,Olli Määttä,D,PIT,2016-12,247.5,13,19.0385
8476874,Olli Määttä,D,PIT,2017-01,186.5,11,16.9545
8476874,Olli Määttä,D,PIT,2017-02,67.0,7,9.5714
8476874,Olli Määttä,D,PIT,2017-04,12.0,1,12.0
8476875,Mike Matheson,D,FLA,2016-10,74.5,8,9.3125
8476875,Mike Matheson,D,FLA,2016-11,141.5,14,10.1071
8476875,Mike Matheson,D,FLA,2016-12,144.0,15,9.6
8476875,Mike Matheson,D,FLA,2017-01,165.5,13,12.7308
8476875,Mike Matheson,D,FLA,2017-02,89.5,11,8.1364
8476875,Mike Matheson,D,FLA,2017-03,192.0,15,12.8
8476875,Mike Matheson,D,FLA,2017-04,37.0,5,7.4
8476877,Jordan Schmaltz,D,STL,2017-03,26.0,4,6.5
8476877,Jordan Schmaltz,D,STL,2017-04,45.5,5,9.1
8476878,Zemgus Girgensons,C,BUF,2016-10,102.5,8,12.8125
8476878,Zemgus Girgensons,C,BUF,2016-11,148.0,14,10.5714
8476878,Zemgus Girgensons,C,BUF,2016-12,131.0,14,9.3571
8476878,Zemgus Girgensons,C,BUF,2017-01,183.0,13,14.0769
8476878,Zemgus Girgensons,C,BUF,2017-02,112.0,7,16.0
8476878,Zemgus Girgensons,C,BUF,2017-03,236.0,14,16.8571
8476878,Zemgus Girgensons,C,BUF,2017-04,45.0,5,9.0
8476879,Cody Ceci,D,OTT,2016-10,147.0,8,18.375
8476879,Cody Ceci,D,OTT,2016-11,193.0,15,12.8667
8476879,Cody Ceci,D,OTT,2016-12,258.5,13,19.8846
8476879,Cody Ceci,D,OTT,2017-01,108.5,12,9.0417
8476879,Cody Ceci,D,OTT,2017-02,109.0,13,8.3846
8476879,Cody Ceci,D,OTT,2017-03,252.0,15,16.8
8476879,Cody Ceci,D,OTT,2017-04,17.0,3,5.6667
8476880,Tom Wilson,R,WSH,2016-10,105.5,8,13.1875
8476880,Tom Wilson,R,WSH,2016-11,162.5,13,12.5
8476880,Tom Wilson,R,WSH,2016-12,259.5,14,18.5357
8476880,Tom Wilson,R,WSH,2017-01,261.0,15,17.4
8476880,Tom Wilson,R,WSH,2017-02,262.5,12,21.875
8476880,Tom Wilson,R,WSH,2017-03,310.0,15,20.6667
8476880,Tom Wilson,R,WSH,2017-04,115.0,5,23.0
8476881,Tomas Hertl,C,SJS,2016-10,169.5,9,18.8333
8476881,Tomas Hertl,C,SJS,2016-11,89.5,8,11.1875
8476881,Tomas Hertl,C,SJS,2017-01,44.5,2,22.25
8476881,Tomas Hertl,C,SJS,2017-02,174.0,11,15.8182
8476881,Tomas Hertl,C,SJS,2017-03,224.5,16,14.0312
8476881,Tomas Hertl,C,SJS,2017-04,82.0,3,27.3333
8476882,Teuvo Teravainen,L,CAR,2016-10,39.5,8,4.9375
8476882,Teuvo Teravainen,L,CAR,2016-11,110.0,14,7.8571
8476882,Teuvo Teravainen,L,CAR,2016-12,94.0,14,6.7143
8476882,Teuvo Teravainen,L,CAR,2017-01,61.5,12,5.125
8476882,Teuvo Teravainen,L,CAR,2017-02,88.0,10,8.8
8476882,Teuvo Teravainen,L,CAR,2017-03,88.0,17,5.1765
8476882,Teuvo Teravainen,L,CAR,2017-04,46.5,6,7.75
8476883,Andrei Vasilevskiy,G,TBL,2016-10,-5.0,0,0.0
8476883,Andrei Vasilevskiy,G,TBL,2016-11,0.5,0,0.0
8476883,Andrei Vasilevskiy,G,TBL,2016-12,-12.0,0,0.0
8476883,Andrei Vasilevskiy,G,TBL,2017-01,-5.0,0,0.0
8476883,Andrei Vasilevskiy,G,TBL,2017-02,-2.5,0,0.0
8476883,Andrei Vasilevskiy,G,TBL,2017-03,0.5,0,0.0
8476883,Andrei Vasilevskiy,G,TBL,2017-04,-10.0,0,0.0
8476884,Derrick Pouliot,D,PIT,2016-10,6.0,1,6.0
8476884,Derrick Pouliot,D,PIT,2016-12,53.0,6,8.8333
8476884,Derrick Pouliot,D,PIT,2017-03,28.5,3,9.5
8476884,Derrick Pouliot,D,PIT,2017-04,3.0,1,3.0
8476885,Jacob Trouba,D,WPG,2016-11,159.5,10,15.95
8476885,Jacob Trouba,D,WPG,2016-12,157.0,14,11.2143
8476885,Jacob Trouba,D,WPG,2017-01,215.5,14,15.3929
8476885,Jacob Trouba,D,WPG,2017-02,135.5,9,15.0556
8476885,Jacob Trouba,D,WPG,2017-03,166.0,9,18.4444
8476885,Jacob Trouba,D,WPG,2017-04,54.5,4,13.625
8476886,Slater Koekkoek,D,TBL,2016-11,142.5,15,9.5
8476886,Slater Koekkoek,D,TBL,2016-12,100.0,11,9.0909
8476886,Slater Koekkoek,D,TBL,2017-01,25.5,3,8.5
8476887,Filip Forsberg,L,NSH,2016-10,107.5,8,13.4375
8476887,Filip Forsberg,L,NSH,2016-11,127.0,14,9.0714
8476887,Filip Forsberg,L,NSH,2016-12,140.5,14,10.0357
8476887,Filip Forsberg,L,NSH,2017-01,106.5,14,7.6071
8476887,Filip Forsberg,L,NSH,2017-02,135.5,13,10.4231
8476887,Filip Forsberg,L,NSH,2017-03,120.0,14,8.5714
8476887,Filip Forsberg,L,NSH,2017-04,58.0,5,11.6
8476888,Mikhail Grigorenko,C,COL,2016-10,31.0,7,4.4286
8476888,Mikhail Grigorenko,C,COL,2016-11,117.5,13,9.0385
8476888,Mikhail Grigorenko,C,COL,2016-12,79.5,14,5.6786
8476888,Mikhail Grigorenko,C,COL,2017-01,75.0,10,7.5
8476888,Mikhail Grigorenko,C,COL,2017-02,68.5,14,4.8929
8476888,Mikhail Grigorenko,C,COL,2017-03,50.0,13,3.8462
8476888,Mikhail Grigorenko,C,COL,2017-04,10.5,4,2.625
8476889,Radek Faksa,C,DAL,2016-10,135.5,8,16.9375
8476889,Radek Faksa,C,DAL,2016-11,353.0,16,22.0625
8476889,Radek Faksa,C,DAL,2016-12,301.0,14,21.5
8476889,Radek Faksa,C,DAL,2017-01,207.0,11,18.8182
8476889,Radek Faksa,C,DAL,2017-02,176.0,12,14.6667
8476889,Radek Faksa,C,DAL,2017-03,213.5,14,15.25
8476889,Radek Faksa,C,DAL,2017-04,92.0,5,18.4
8476891,Matt Grzelcyk,D,BOS,2016-12,7.0,2,3.5
8476892,Colton Parayko,D,STL,2016-10,119.5,9,13.2778
8476892,Colton Parayko,D,STL,2016-11,158.0,14,11.2857
8476892,Colton Parayko,D,STL,2016-12,186.0,14,13.2857
8476892,Colton Parayko,D,STL,2017-01,183.5,13,14.1154
8476892,Colton Parayko,D,STL,2017-02,157.5,12,13.125
8476892,Colton Parayko,D,STL,2017-03,121.0,14,8.6429
8476892,Colton Parayko,D,STL,2017-04,55.5,5,11.1
8476897,Oskar Sundqvist,C,PIT,2017-03,69.0,9,7.6667
8476897,Oskar Sundqvist,C,PIT,2017-04,11.0,1,11.0
8476899,Matt Murray,G,PIT,2016-11,5.5,0,0.0
8476899,Matt Murray,G,PIT,2016-12,11.0,0,0.0
8476899,Matt Murray,G,PIT,2017-01,0.5,0,0.0
8476899,Matt Murray,G,PIT,2017-02,-2.5,0,0.0
8476899,Matt Murray,G,PIT,2017-03,-5.0,0,0.0
8476902,Esa Lindell,D,DAL,2016-10,46.0,5,9.2
8476902,Esa Lindell,D,DAL,2016-11,142.5,10,14.25
8476902,Esa Lindell,D,DAL,2016-12,212.0,14,15.1429
8476902,Esa Lindell,D,DAL,2017-01,168.0,13,12.9231
8476902,Esa Lindell,D,DAL,2017-02,102.5,12,8.5417
8476902,Esa Lindell,D,DAL,2017-03,177.0,14,12.6429
8476902,Esa Lindell,D,DAL,2017-04,41.5,5,8.3
8476903,Jon Gillies,G,CGY,2017-04,-2.5,0,0.0
8476904,Chris Driedger,G,OTT,2016-10,-2.5,0,0.0
8476905,Chandler Stephenson,C,WSH,2017-01,15.0,2,7.5
8476905,Chandler Stephenson,C,WSH,2017-02,4.0,1,4.0
8476906,Shayne Gostisbehere,D,PHI,2016-10,72.5,10,7.25
8476906,Shayne Gostisbehere,D,PHI,2016-11,86.0,13,6.6154
8476906,Shayne Gostisbehere,D,PHI,2016-12,99.5,13,7.6538
8476906,Shayne Gostisbehere,D,PHI,2017-01,86.0,12,7.1667
8476906,Shayne Gostisbehere,D,PHI,2017-02,80.5,8,10.0625
8476906,Shayne Gostisbehere,D,PHI,2017-03,107.0,15,7.1333
8476906,Shayne Gostisbehere,D,PHI,2017-04,35.0,5,7.0
8476911,Tanner Richard,C,TBL,2016-12,38.5,3,12.8333
8476913,Devin Shore,C,DAL,2016-10,107.0,8,13.375
8476913,Devin Shore,C,DAL,2016-11,136.0,16,8.5
8476913,Devin Shore,C,DAL,2016-12,160.0,14,11.4286
8476913,Devin Shore,C,DAL,2017-01,128.5,13,9.8846
8476913,Devin Shore,C,DAL,2017-02,84.5,12,7.0417
8476913,Devin Shore,C,DAL,2017-03,123.0,14,8.7857
8476913,Devin Shore,C,DAL,2017-04,33.5,5,6.7
8476914,Joonas Korpisalo,G,CBJ,2017-01,0.5,0,0.0
8476914,Joonas Korpisalo,G,CBJ,2017-03,-2.5,0,0.0
8476915,Jujhar Khaira,L,EDM,2017-01,18.0,3,6.0
8476915,Jujhar Khaira,L,EDM,2017-02,41.5,4,10.375
8476915,Jujhar Khaira,L,EDM,2017-03,40.0,3,13.3333
8476917,Adam Pelech,D,NYI,2016-11,104.5,9,11.6111
8476917,Adam Pelech,D,NYI,2017-01,99.5,10,9.95
8476917,Adam Pelech,D,NYI,2017-02,50.5,7,7.2143
8476917,Adam Pelech,D,NYI,2017-03,228.0,13,17.5385
8476917,Adam Pelech,D,NYI,2017-04,91.0,5,18.2
8476918,Jimmy Vesey,L,NYR,2016-10,94.5,9,10.5
8476918,Jimmy Vesey,L,NYR,2016-11,124.0,15,8.2667
8476918,Jimmy Vesey,L,NYR,2016-12,120.5,14,8.6071
8476918,Jimmy Vesey,L,NYR,2017-01,73.5,11,6.6818
8476918,Jimmy Vesey,L,NYR,2017-02,101.5,13,7.8077
8476918,Jimmy Vesey,L,NYR,2017-03,117.0,14,8.3571
8476918,Jimmy Vesey,L,NYR,2017-04,33.0,4,8.25
8476919,Chris Tierney,C,SJS,2016-10,85.0,9,9.4444
8476919,Chris Tierney,C,SJS,2016-11,134.0,15,8.9333
8476919,Chris Tierney,C,SJS,2016-12,113.0,13,8.6923
8476919,Chris Tierney,C,SJS,2017-01,117.5,14,8.3929
8476919,Chris Tierney,C,SJS,2017-02,137.5,11,12.5
8476919,Chris Tierney,C,SJS,2017-03,203.0,14,14.5
8476919,Chris Tierney,C,SJS,2017-04,69.0,4,17.25
8476921,Jordan Martinook,L,ARI,2016-10,87.5,8,10.9375
8476921,Jordan Martinook,L,ARI,2016-11,217.5,13,16.7308
8476921,Jordan Martinook,L,ARI,2016-12,264.5,16,16.5312
8476921,Jordan Martinook,L,ARI,2017-01,65.5,7,9.3571
8476921,Jordan Martinook,L,ARI,2017-02,163.0,13,12.5385
8476921,Jordan Martinook,L,ARI,2017-03,282.0,16,17.625
8476921,Jordan Martinook,L,ARI,2017-04,34.5,4,8.625
8476922,Boo Nieves,C,NYR,2016-11,4.5,1,4.5
8476923,Damon Severson,D,NJD,2016-10,69.0,8,8.625
8476923,Damon Severson,D,NJD,2016-11,117.5,14,8.3929
8476923,Damon Severson,D,NJD,2016-12,158.0,15,10.5333
8476923,Damon Severson,D,NJD,2017-01,121.0,14,8.6429
8476923,Damon Severson,D,NJD,2017-02,65.5,11,5.9545
8476923,Damon Severson,D,NJD,2017-03,93.0,14,6.6429
8476923,Damon Severson,D,NJD,2017-04,32.5,4,8.125
8476924,Martin Frk,R,CAR,2016-10,19.0,2,9.5
8476925,Colton Sissons,C,NSH,2016-10,96.5,7,13.7857
8476925,Colton Sissons,C,NSH,2016-11,184.0,12,15.3333
8476925,Colton Sissons,C,NSH,2016-12,72.5,7,10.3571
8476925,Colton Sissons,C,NSH,2017-01,85.5,11,7.7727
8476925,Colton Sissons,C,NSH,2017-02,29.0,5,5.8
8476925,Colton Sissons,C,NSH,2017-03,186.0,11,16.9091
8476925,Colton Sissons,C,NSH,2017-04,74.0,5,14.8
8476931,Jake McCabe,D,BUF,2016-10,78.0,8,9.75
8476931,Jake McCabe,D,BUF,2016-11,156.0,14,11.1429
8476931,Jake McCabe,D,BUF,2016-12,227.5,14,16.25
8476931,Jake McCabe,D,BUF,2017-01,110.0,9,12.2222
8476931,Jake McCabe,D,BUF,2017-02,104.0,13,8.0
8476931,Jake McCabe,D,BUF,2017-03,160.5,14,11.4643
8476931,Jake McCabe,D,BUF,2017-04,37.0,4,9.25
8476932,Anthony Stolarz,G,PHI,2016-11,-2.5,0,0.0
8476932,Anthony Stolarz,G,PHI,2016-12,-2.5,0,0.0
8476932,Anthony Stolarz,G,PHI,2017-04,-2.5,0,0.0
8476934,Brock McGinn,L,CAR,2016-11,48.0,6,8.0
8476934,Brock McGinn,L,CAR,2016-12,131.5,14,9.3929
8476934,Brock McGinn,L,CAR,2017-01,166.5,13,12.8077
8476934,Brock McGinn,L,CAR,2017-02,85.0,9,9.4444
8476934,Brock McGinn,L,CAR,2017-03,121.0,9,13.4444
8476934,Brock McGinn,L,CAR,2017-04,65.5,6,10.9167
8476941,Connor Carrick,D,TOR,2016-10,102.0,9,11.3333
8476941,Connor Carrick,D,TOR,2016-11,118.5,12,9.875
8476941,Connor Carrick,D,TOR,2016-12,125.0,10,12.5
8476941,Connor Carrick,D,TOR,2017-01,138.5,13,10.6538
8476941,Connor Carrick,D,TOR,2017-02,149.0,11,13.5455
8476941,Connor Carrick,D,TOR,2017-03,72.5,6,12.0833
8476941,Connor Carrick,D,TOR,2017-04,41.5,6,6.9167
8476945,Connor Hellebuyck,G,WPG,2016-10,-2.5,0,0.0
8476945,Connor Hellebuyck,G,WPG,2016-11,-15.0,0,0.0
8476945,Connor Hellebuyck,G,WPG,2016-12,-10.0,0,0.0
8476945,Connor Hellebuyck,G,WPG,2017-01,-12.0,0,0.0
8476945,Connor Hellebuyck,G,WPG,2017-02,-4.5,0,0.0
8476945,Connor Hellebuyck,G,WPG,2017-03,-9.0,0,0.0
8476945,Connor Hellebuyck,G,WPG,2017-04,-2.5,0,0.0
8476948,Charles Hudon,L,MTL,2016-11,45.5,3,15.1667
8476955,Taylor Leier,L,PHI,2016-12,73.0,10,7.3
8476958,Jaccob Slavin,D,CAR,2016-10,92.5,8,11.5625
8476958,Jaccob Slavin,D,CAR,2016-11,173.5,14,12.3929
8476958,Jaccob Slavin,D,CAR,2016-12,187.0,14,13.3571
8476958,Jaccob Slavin,D,CAR,2017-01,126.0,13,9.6923
8476958,Jaccob Slavin,D,CAR,2017-02,124.0,10,12.4
8476958,Jaccob Slavin,D,CAR,2017-03,207.5,17,12.2059
8476958,Jaccob Slavin,D,CAR,2017-04,71.5,6,11.9167
8476960,Andreas Athanasiou,C,DET,2016-10,31.5,8,3.9375
8476960,Andreas Athanasiou,C,DET,2016-11,51.5,5,10.3
8476960,Andreas Athanasiou,C,DET,2016-12,87.0,9,9.6667
8476960,Andreas Athanasiou,C,DET,2017-01,91.5,13,7.0385
8476960,Andreas Athanasiou,C,DET,2017-02,67.0,11,6.0909
8476960,Andreas Athanasiou,C,DET,2017-03,133.5,15,8.9
8476960,Andreas Athanasiou,C,DET,2017-04,4.5,3,1.5
8476966,Gemel Smith,C,DAL,2016-10,31.0,3,10.3333
8476966,Gemel Smith,C,DAL,2016-11,65.5,9,7.2778
8476966,Gemel Smith,C,DAL,2017-04,32.5,5,6.5
8476967,Brett Kulak,D,CGY,2016-10,15.0,3,5.0
8476967,Brett Kulak,D,CGY,2016-11,52.0,12,4.3333
8476967,Brett Kulak,D,CGY,2017-01,19.0,3,6.3333
8476967,Brett Kulak,D,CGY,2017-02,16.5,3,5.5
8476975,Cedric Paquette,C,TBL,2016-10,105.0,9,11.6667
8476975,Cedric Paquette,C,TBL,2016-11,245.5,14,17.5357
8476975,Cedric Paquette,C,TBL,2016-12,169.5,8,21.1875
8476975,Cedric Paquette,C,TBL,2017-01,242.5,12,20.2083
8476975,Cedric Paquette,C,TBL,2017-02,171.5,10,17.15
8476975,Cedric Paquette,C,TBL,2017-03,88.5,5,17.7
8476981,Josh Anderson,R,CBJ,2016-10,87.5,7,12.5
8476981,Josh Anderson,R,CBJ,2016-11,174.0,14,12.4286
8476981,Josh Anderson,R,CBJ,2016-12,191.5,14,13.6786
8476981,Josh Anderson,R,CBJ,2017-01,151.5,14,10.8214
8476981,Josh Anderson,R,CBJ,2017-02,112.0,11,10.1818
8476981,Josh Anderson,R,CBJ,2017-03,199.0,13,15.3077
8476981,Josh Anderson,R,CBJ,2017-04,86.5,5,17.3
8476982,Danny O'Regan,C,SJS,2016-11,8.5,1,8.5
8476982,Danny O'Regan,C,SJS,2017-03,9.0,1,9.0
8476982,Danny O'Regan,C,SJS,2017-04,8.5,1,8.5
8476983,Paul LaDue,D,LAK,2017-02,21.0,6,3.5
8476983,Paul LaDue,D,LAK,2017-03,115.0,13,8.8462
8476983,Paul LaDue,D,LAK,2017-04,20.5,3,6.8333
8476988,Matt Benning,D,EDM,2016-11,202.0,15,13.4667
8476988,Matt Benning,D,EDM,2016-12,159.5,11,14.5
8476988,Matt Benning,D,EDM,2017-01,143.0,13,11.0
8476988,Matt Benning,D,EDM,2017-02,69.5,10,6.95
8476988,Matt Benning,D,EDM,2017-03,80.5,9,8.9444
8476988,Matt Benning,D,EDM,2017-04,38.5,4,9.625
8476989,Petteri Lindbohm,D,STL,2016-11,49.0,5,9.8
8476989,Petteri Lindbohm,D,STL,2017-04,14.5,2,7.25
8476992,Marek Mazanec,G,NSH,2016-10,-2.5,0,0.0
8476992,Marek Mazanec,G,NSH,2016-11,-2.5,0,0.0
8476994,Vinnie Hinostroza,C,CHI,2016-10,31.0,5,6.2
8476994,Vinnie Hinostroza,C,CHI,2016-11,56.5,10,5.65
8476994,Vinnie Hinostroza,C,CHI,2016-12,178.5,15,11.9
8476994,Vinnie Hinostroza,C,CHI,2017-01,121.0,13,9.3077
8476994,Vinnie Hinostroza,C,CHI,2017-02,26.0,5,5.2
8476994,Vinnie Hinostroza,C,CHI,2017-04,3.0,1,3.0
8476999,Linus Ullmark,G,BUF,2017-04,-2.5,0,0.0
8477003,Riley Barber,R,WSH,2017-02,9.0,3,3.0
8477006,Christoph Bertschy,C,MIN,2016-10,7.5,1,7.5
8477006,Christoph Bertschy,C,MIN,2016-11,32.5,4,8.125
8477009,Jake Dotchin,D,TBL,2017-01,61.0,4,15.25
8477009,Jake Dotchin,D,TBL,2017-02,134.5,10,13.45
8477009,Jake Dotchin,D,TBL,2017-03,184.5,15,12.3
8477009,Jake Dotchin,D,TBL,2017-04,56.0,6,9.3333
8477010,Joseph Blandisi,C,NJD,2017-02,77.5,10,7.75
8477010,Joseph Blandisi,C,NJD,2017-03,176.0,14,12.5714
8477010,Joseph Blandisi,C,NJD,2017-04,35.0,3,11.6667
8477015,Connor Brown,R,TOR,2016-10,86.0,9,9.5556
8477015,Connor Brown,R,TOR,2016-11,122.5,14,8.75
8477015,Connor Brown,R,TOR,2016-12,88.5,12,7.375
8477015,Connor Brown,R,TOR,2017-01,91.0,13,7.0
8477015,Connor Brown,R,TOR,2017-02,98.5,14,7.0357
8477015,Connor Brown,R,TOR,2017-03,78.5,14,5.6071
8477015,Connor Brown,R,TOR,2017-04,21.0,6,3.5
8477018,Ben Hutton,D,VAN,2016-10,78.0,9,8.6667
8477018,Ben Hutton,D,VAN,2016-11,171.0,14,12.2143
8477018,Ben Hutton,D,VAN,2016-12,113.0,15,7.5333
8477018,Ben Hutton,D,VAN,2017-01,41.0,3,13.6667
8477018,Ben Hutton,D,VAN,2017-02,90.5,10,9.05
8477018,Ben Hutton,D,VAN,2017-03,171.0,15,11.4
8477018,Ben Hutton,D,VAN,2017-04,28.0,5,5.6
8477041,Brady Austin,D,BUF,2017-03,29.5,5,5.9
8477070,Liam O'Brien,C,WSH,2017-01,2.0,1,2.0
8477091,Evan McEneny,D,VAN,2017-02,1.5,1,1.5
8477126,Jayson Megna,C,VAN,2016-10,20.0,2,10.0
8477126,Jayson Megna,C,VAN,2016-11,56.0,5,11.2
8477126,Jayson Megna,C,VAN,2016-12,96.5,14,6.8929
8477126,Jayson Megna,C,VAN,2017-01,91.5,11,8.3182
8477126,Jayson Megna,C,VAN,2017-02,77.0,11,7.0
8477126,Jayson Megna,C,VAN,2017-03,139.0,10,13.9
8477126,Jayson Megna,C,VAN,2017-04,46.0,5,9.2
8477180,Aaron Dell,G,SJS,2016-11,-2.5,0,0.0
8477180,Aaron Dell,G,SJS,2016-12,-5.0,0,0.0
8477180,Aaron Dell,G,SJS,2017-01,-12.5,0,0.0
8477180,Aaron Dell,G,SJS,2017-02,-2.5,0,0.0
8477180,Aaron Dell,G,SJS,2017-03,-10.0,0,0.0
8477180,Aaron Dell,G,SJS,2017-04,-2.5,0,0.0
8477202,Andrew Hammond,G,OTT,2016-10,-2.5,0,0.0
8477202,Andrew Hammond,G,OTT,2017-02,-10.0,0,0.0
8477205,Andrej Sustr,D,TBL,2016-10,66.5,9,7.3889
8477205,Andrej Sustr,D,TBL,2016-11,165.5,15,11.0333
8477205,Andrej Sustr,D,TBL,2016-12,91.0,14,6.5
8477205,Andrej Sustr,D,TBL,2017-01,99.0,12,8.25
8477205,Andrej Sustr,D,TBL,2017-02,65.5,9,7.2778
8477205,Andrej Sustr,D,TBL,2017-03,87.0,15,5.8
8477205,Andrej Sustr,D,TBL,2017-04,40.0,6,6.6667
8477210,Buddy Robinson,R,OTT,2016-12,35.0,4,8.75
8477213,Tim Schaller,C,BOS,2016-10,47.0,6,7.8333
8477213,Tim Schaller,C,BOS,2016-11,103.5,14,7.3929
8477213,Tim Schaller,C,BOS,2016-12,132.0,13,10.1538
8477213,Tim Schaller,C,BOS,2017-01,138.0,14,9.8571
8477213,Tim Schaller,C,BOS,2017-02,103.0,8,12.875
8477213,Tim Schaller,C,BOS,2017-03,7.5,3,2.5
8477213,Tim Schaller,C,BOS,2017-04,19.5,1,19.5
8477215,Danny DeKeyser,D,DET,2016-10,160.5,10,16.05
8477215,Danny DeKeyser,D,DET,2016-11,135.5,13,10.4231
8477215,Danny DeKeyser,D,DET,2016-12,182.5,13,14.0385
8477215,Danny DeKeyser,D,DET,2017-01,194.0,14,13.8571
8477215,Danny DeKeyser,D,DET,2017-02,162.5,11,14.7727
8477215,Danny DeKeyser,D,DET,2017-03,196.5,16,12.2812
8477215,Danny DeKeyser,D,DET,2017-04,68.5,5,13.7
8477220,Nate Schmidt,D,WSH,2016-10,53.5,8,6.6875
8477220,Nate Schmidt,D,WSH,2016-11,58.0,10,5.8
8477220,Nate Schmidt,D,WSH,2016-12,93.5,12,7.7917
8477220,Nate Schmidt,D,WSH,2017-01,76.5,13,5.8846
8477220,Nate Schmidt,D,WSH,2017-02,92.0,11,8.3636
8477220,Nate Schmidt,D,WSH,2017-03,17.5,2,8.75
8477220,Nate Schmidt,D,WSH,2017-04,16.0,4,4.0
8477225,Jared Coreau,G,DET,2016-12,-2.5,0,0.0
8477225,Jared Coreau,G,DET,2017-01,-10.0,0,0.0
8477225,Jared Coreau,G,DET,2017-02,-5.0,0,0.0
8477237,Mike Condon,G,OTT,2016-11,-7.5,0,0.0
8477237,Mike Condon,G,OTT,2016-12,-2.0,0,0.0
8477237,Mike Condon,G,OTT,2017-01,-11.0,0,0.0
8477237,Mike Condon,G,OTT,2017-02,0.5,0,0.0
8477237,Mike Condon,G,OTT,2017-03,-5.0,0,0.0
8477237,Mike Condon,G,OTT,2017-04,-12.5,0,0.0
8477240,Carter Rowney,R,PIT,2017-01,11.5,1,11.5
8477240,Carter Rowney,R,PIT,2017-02,100.5,8,12.5625
8477240,Carter Rowney,R,PIT,2017-03,158.0,13,12.1538
8477240,Carter Rowney,R,PIT,2017-04,134.0,5,26.8
8477244,Chad Ruhwedel,D,PIT,2016-12,29.5,5,5.9
8477244,Chad Ruhwedel,D,PIT,2017-01,64.0,6,10.6667
8477244,Chad Ruhwedel,D,PIT,2017-02,50.0,5,10.0
8477244,Chad Ruhwedel,D,PIT,2017-03,119.0,15,7.9333
8477244,Chad Ruhwedel,D,PIT,2017-04,27.0,3,9.0
8477290,Michael Raffl,L,PHI,2016-10,36.0,3,12.0
8477290,Michael Raffl,L,PHI,2016-11,132.5,12,11.0417
8477290,Michael Raffl,L,PHI,2016-12,207.5,13,15.9615
8477290,Michael Raffl,L,PHI,2017-01,137.5,13,10.5769
8477290,Michael Raffl,L,PHI,2017-02,126.0,11,11.4545
8477293,Antti Raanta,G,NYR,2016-11,-2.0,0,0.0
8477293,Antti Raanta,G,NYR,2016-12,-4.5,0,0.0
8477293,Antti Raanta,G,NYR,2017-01,-2.5,0,0.0
8477293,Antti Raanta,G,NYR,2017-03,-12.5,0,0.0
8477312,Antoine Bibeau,G,TOR,2016-12,6.0,0,0.0
8477320,Anton Blidh,L,BOS,2016-12,145.0,12,12.0833
8477320,Anton Blidh,L,BOS,2017-01,66.0,7,9.4286
8477326,Joel Vermin,R,TBL,2016-12,82.5,8,10.3125
8477326,Joel Vermin,R,TBL,2017-01,9.0,1,9.0
8477326,Joel Vermin,R,TBL,2017-02,12.5,2,6.25
8477326,Joel Vermin,R,TBL,2017-03,26.5,5,5.3
8477326,Joel Vermin,R,TBL,2017-04,12.0,2,6.0
8477346,MacKenzie Weegar,D,FLA,2017-04,18.5,3,6.1667
8477353,Tyler Motte,C,CHI,2016-10,104.5,9,11.6111
8477353,Tyler Motte,C,CHI,2016-11,117.5,10,11.75
8477353,Tyler Motte,C,CHI,2016-12,101.5,13,7.8077
8477353,Tyler Motte,C,CHI,2017-01,1.5,1,1.5
8477380,Jonny Brodzinski,C,LAK,2017-03,23.0,3,7.6667
8477380,Jonny Brodzinski,C,LAK,2017-04,43.5,3,14.5
8477391,Sean Malone,C,BUF,2017-04,6.5,1,6.5
8477392,Hudson Fasching,R,BUF,2016-10,39.0,6,6.5
8477392,Hudson Fasching,R,BUF,2017-03,39.0,4,9.75
8477401,John Hayden,C,CHI,2017-03,157.5,9,17.5
8477401,John Hayden,C,CHI,2017-04,53.5,3,17.8333
8477402,Pavel Buchnevich,L,NYR,2016-10,17.5,4,4.375
8477402,Pavel Buchnevich,L,NYR,2016-11,29.0,6,4.8333
8477402,Pavel Buchnevich,L,NYR,2017-01,59.0,8,7.375
8477402,Pavel Buchnevich,L,NYR,2017-02,41.0,8,5.125
8477402,Pavel Buchnevich,L,NYR,2017-03,57.0,12,4.75
8477402,Pavel Buchnevich,L,NYR,2017-04,13.5,3,4.5
8477404,Jake Guentzel,C,PIT,2016-11,89.5,5,17.9
8477404,Jake Guentzel,C,PIT,2017-01,112.5,7,16.0714
8477404,Jake Guentzel,C,PIT,2017-02,140.5,12,11.7083
8477404,Jake Guentzel,C,PIT,2017-03,166.0,12,13.8333
8477404,Jake Guentzel,C,PIT,2017-04,54.5,4,13.625
8477407,Anthony Duclair,L,ARI,2016-10,35.5,8,4.4375
8477407,Anthony Duclair,L,ARI,2016-11,83.5,13,6.4231
8477407,Anthony Duclair,L,ARI,2016-12,89.5,13,6.8846
8477407,Anthony Duclair,L,ARI,2017-01,62.5,7,8.9286
8477407,Anthony Duclair,L,ARI,2017-03,64.5,13,4.9615
8477407,Anthony Duclair,L,ARI,2017-04,12.5,4,3.125
8477413,Sven Andrighetto,R,COL,2016-11,32.5,4,8.125
8477413,Sven Andrighetto,R,COL,2016-12,24.5,4,6.125
8477413,Sven Andrighetto,R,COL,2017-01,116.5,12,9.7083
8477413,Sven Andrighetto,R,COL,2017-02,50.5,7,7.2143
8477413,Sven Andrighetto,R,COL,2017-03,126.5,14,9.0357
8477413,Sven Andrighetto,R,COL,2017-04,23.5,5,4.7
8477415,Anton Slepyshev,L,EDM,2016-10,19.0,3,6.3333
8477415,Anton Slepyshev,L,EDM,2016-11,60.5,8,7.5625
8477415,Anton Slepyshev,L,EDM,2016-12,28.5,4,7.125
8477415,Anton Slepyshev,L,EDM,2017-01,71.5,9,7.9444
8477415,Anton Slepyshev,L,EDM,2017-02,105.0,9,11.6667
8477415,Anton Slepyshev,L,EDM,2017-03,63.5,6,10.5833
8477415,Anton Slepyshev,L,EDM,2017-04,31.5,2,15.75
8477416,Oliver Bjorkstrand,R,CBJ,2016-10,15.0,3,5.0
8477416,Oliver Bjorkstrand,R,CBJ,2016-12,10.5,2,5.25
8477416,Oliver Bjorkstrand,R,CBJ,2017-02,32.5,6,5.4167
8477416,Oliver Bjorkstrand,R,CBJ,2017-03,101.0,11,9.1818
8477416,Oliver Bjorkstrand,R,CBJ,2017-04,15.0,4,3.75
8477417,Peter Cehlarik,L,BOS,2017-02,37.5,7,5.3571
8477417,Peter Cehlarik,L,BOS,2017-03,13.0,4,3.25
8477424,Juuse Saros,G,NSH,2016-11,-5.0,0,0.0
8477424,Juuse Saros,G,NSH,2016-12,-5.0,0,0.0
8477424,Juuse Saros,G,NSH,2017-01,-5.0,0,0.0
8477424,Juuse Saros,G,NSH,2017-02,-2.5,0,0.0
8477424,Juuse Saros,G,NSH,2017-03,0.5,0,0.0
8477425,Miles Wood,L,NJD,2016-10,24.0,2,12.0
8477425,Miles Wood,L,NJD,2016-11,3.0,1,3.0
8477425,Miles Wood,L,NJD,2016-12,214.0,15,14.2667
8477425,Miles Wood,L,NJD,2017-01,167.5,14,11.9643
8477425,Miles Wood,L,NJD,2017-02,125.5,11,11.4091
8477425,Miles Wood,L,NJD,2017-03,109.0,13,8.3846
8477425,Miles Wood,L,NJD,2017-04,54.0,4,13.5
8477426,Nick Paul,L,OTT,2017-04,17.5,1,17.5
8477429,Andrew Copp,C,WPG,2016-11,155.5,15,10.3667
8477429,Andrew Copp,C,WPG,2016-12,88.5,11,8.0455
8477429,Andrew Copp,C,WPG,2017-01,118.0,14,8.4286
8477429,Andrew Copp,C,WPG,2017-02,50.5,6,8.4167
8477429,Andrew Copp,C,WPG,2017-03,149.5,14,10.6786
8477429,Andrew Copp,C,WPG,2017-04,27.5,4,6.875
8477433,Ben Harpur,D,OTT,2016-12,18.0,1,18.0
8477433,Ben Harpur,D,OTT,2017-04,20.0,5,4.0
8477444,Andre Burakovsky,L,WSH,2016-10,38.5,8,4.8125
8477444,Andre Burakovsky,L,WSH,2016-11,74.0,13,5.6923
8477444,Andre Burakovsky,L,WSH,2016-12,74.5,11,6.7727
8477444,Andre Burakovsky,L,WSH,2017-01,128.5,15,8.5667
8477444,Andre Burakovsky,L,WSH,2017-02,26.5,5,5.3
8477444,Andre Burakovsky,L,WSH,2017-03,27.0,7,3.8571
8477444,Andre Burakovsky,L,WSH,2017-04,27.0,5,5.4
8477445,Hunter Shinkaruk,C,CGY,2016-11,49.5,7,7.0714
8477446,Michael McCarron,R,MTL,2016-12,119.5,8,14.9375
8477446,Michael McCarron,R,MTL,2017-01,111.5,7,15.9286
8477446,Michael McCarron,R,MTL,2017-02,79.0,7,11.2857
8477446,Michael McCarron,R,MTL,2017-03,106.5,6,17.75
8477446,Michael McCarron,R,MTL,2017-04,44.5,3,14.8333
8477447,Shea Theodore,D,ANA,2016-10,4.0,4,1.0
8477447,Shea Theodore,D,ANA,2016-11,6.5,5,1.3
8477447,Shea Theodore,D,ANA,2016-12,75.5,12,6.2917
8477447,Shea Theodore,D,ANA,2017-01,30.5,4,7.625
8477447,Shea Theodore,D,ANA,2017-02,32.5,5,6.5
8477447,Shea Theodore,D,ANA,2017-04,17.0,4,4.25
8477448,Marko Dano,C,WPG,2016-11,179.0,15,11.9333
8477448,Marko Dano,C,WPG,2016-12,165.0,13,12.6923
8477448,Marko Dano,C,WPG,2017-03,115.0,10,11.5
8477450,Jason Dickinson,C,DAL,2016-12,7.5,2,3.75
8477450,Jason Dickinson,C,DAL,2017-03,27.5,3,9.1667
8477450,Jason Dickinson,C,DAL,2017-04,52.0,5,10.4
8477451,Ryan Hartman,R,CHI,2016-10,64.5,6,10.75
8477451,Ryan Hartman,R,CHI,2016-11,142.0,13,10.9231
8477451,Ryan Hartman,R,CHI,2016-12,222.5,15,14.8333
8477451,Ryan Hartman,R,CHI,2017-01,143.5,13,11.0385
8477451,Ryan Hartman,R,CHI,2017-02,96.0,10,9.6
8477451,Ryan Hartman,R,CHI,2017-03,227.0,15,15.1333
8477451,Ryan Hartman,R,CHI,2017-04,42.5,4,10.625
8477452,Ian McCoshen,D,FLA,2017-04,20.5,3,6.8333
8477454,Adam Erne,L,TBL,2017-01,55.0,4,13.75
8477454,Adam Erne,L,TBL,2017-02,19.5,1,19.5
8477454,Adam Erne,L,TBL,2017-03,193.5,15,12.9
8477454,Adam Erne,L,TBL,2017-04,63.5,6,10.5833
8477455,Jacob de la Rose,L,MTL,2017-01,65.5,6,10.9167
8477455,Jacob de la Rose,L,MTL,2017-02,54.0,3,18.0
8477456,J.T. Compher,L,COL,2017-03,178.0,16,11.125
8477456,J.T. Compher,L,COL,2017-04,47.5,5,9.5
8477458,Valentin Zykov,L,CAR,2017-03,17.0,2,8.5
8477460,Laurent Dauphin,C,ARI,2016-10,82.0,7,11.7143
8477460,Laurent Dauphin,C,ARI,2016-11,105.0,10,10.5
8477460,Laurent Dauphin,C,ARI,2016-12,23.0,3,7.6667
8477460,Laurent Dauphin,C,ARI,2017-01,71.0,4,17.75
8477461,Remi Elie,L,DAL,2017-03,166.5,13,12.8077
8477461,Remi Elie,L,DAL,2017-04,29.5,5,5.9
8477462,Robert Hagg,D,PHI,2017-04,22.0,1,22.0
8477463,Steven Santini,D,NJD,2017-01,163.5,14,11.6786
8477463,Steven Santini,D,NJD,2017-02,129.0,11,11.7273
8477463,Steven Santini,D,NJD,2017-03,145.5,12,12.125
8477463,Steven Santini,D,NJD,2017-04,9.0,1,9.0
8477464,Nic Petan,C,WPG,2016-11,103.5,13,7.9615
8477464,Nic Petan,C,WPG,2016-12,18.5,5,3.7
8477464,Nic Petan,C,WPG,2017-01,34.0,14,2.4286
8477464,Nic Petan,C,WPG,2017-02,52.0,11,4.7273
8477464,Nic Petan,C,WPG,2017-03,19.0,9,2.1111
8477464,Nic Petan,C,WPG,2017-04,6.0,2,3.0
8477466,Nick Sorensen,R,ANA,2016-10,25.0,5,5.0
8477467,Gustav Olofsson,D,MIN,2016-11,11.5,1,11.5
8477467,Gustav Olofsson,D,MIN,2017-02,69.0,7,9.8571
8477467,Gustav Olofsson,D,MIN,2017-03,34.5,5,6.9
8477473,Justin Bailey,R,BUF,2016-11,12.0,2,6.0
8477473,Justin Bailey,R,BUF,2016-12,12.5,1,12.5
8477473,Justin Bailey,R,BUF,2017-01,40.5,6,6.75
8477473,Justin Bailey,R,BUF,2017-02,113.0,13,8.6923
8477473,Justin Bailey,R,BUF,2017-03,52.5,10,5.25
8477476,Artturi Lehkonen,L,MTL,2016-10,88.5,9,9.8333
8477476,Artturi Lehkonen,L,MTL,2016-11,25.5,5,5.1
8477476,Artturi Lehkonen,L,MTL,2016-12,151.5,14,10.8214
8477476,Artturi Lehkonen,L,MTL,2017-01,112.5,14,8.0357
8477476,Artturi Lehkonen,L,MTL,2017-02,104.5,13,8.0385
8477476,Artturi Lehkonen,L,MTL,2017-03,100.5,13,7.7308
8477476,Artturi Lehkonen,L,MTL,2017-04,22.5,5,4.5
8477478,William Carrier,L,BUF,2016-11,203.5,12,16.9583
8477478,William Carrier,L,BUF,2016-12,131.5,12,10.9583
8477478,William Carrier,L,BUF,2017-01,114.0,10,11.4
8477478,William Carrier,L,BUF,2017-02,12.0,1,12.0
8477478,William Carrier,L,BUF,2017-03,31.5,3,10.5
8477478,William Carrier,L,BUF,2017-04,33.5,3,11.1667
8477479,Tyler Bertuzzi,L,DET,2016-11,60.0,7,8.5714
8477482,Zachary Sanford,L,STL,2016-10,30.0,6,5.0
8477482,Zachary Sanford,L,STL,2016-11,59.5,13,4.5769
8477482,Zachary Sanford,L,STL,2016-12,11.5,1,11.5
8477482,Zachary Sanford,L,STL,2017-02,51.0,6,8.5
8477482,Zachary Sanford,L,STL,2017-03,66.5,9,7.3889
8477482,Zachary Sanford,L,STL,2017-04,43.0,4,10.75
8477484,Spencer Martin,G,COL,2017-01,-2.5,0,0.0
8477488,Brett Pesce,D,CAR,2016-10,89.0,8,11.125
8477488,Brett Pesce,D,CAR,2016-11,171.5,14,12.25
8477488,Brett Pesce,D,CAR,2016-12,196.0,14,14.0
8477488,Brett Pesce,D,CAR,2017-01,146.0,13,11.2308
8477488,Brett Pesce,D,CAR,2017-02,128.0,10,12.8
8477488,Brett Pesce,D,CAR,2017-03,225.5,17,13.2647
8477488,Brett Pesce,D,CAR,2017-04,57.0,6,9.5
8477491,Nick Baptiste,R,BUF,2016-10,19.0,3,6.3333
8477491,Nick Baptiste,R,BUF,2016-11,34.5,9,3.8333
8477491,Nick Baptiste,R,BUF,2017-02,8.0,2,4.0
8477492,Nathan MacKinnon,C,COL,2016-10,80.5,7,11.5
8477492,Nathan MacKinnon,C,COL,2016-11,206.0,14,14.7143
8477492,Nathan MacKinnon,C,COL,2016-12,234.5,15,15.6333
8477492,Nathan MacKinnon,C,COL,2017-01,179.5,11,16.3182
8477492,Nathan MacKinnon,C,COL,2017-02,164.0,14,11.7143
8477492,Nathan MacKinnon,C,COL,2017-03,162.0,16,10.125
8477492,Nathan MacKinnon,C,COL,2017-04,72.5,5,14.5
8477493,Aleksander Barkov,C,FLA,2016-10,75.0,9,8.3333
8477493,Aleksander Barkov,C,FLA,2016-11,208.5,14,14.8929
8477493,Aleksander Barkov,C,FLA,2016-12,196.0,13,15.0769
8477493,Aleksander Barkov,C,FLA,2017-02,228.0,11,20.7273
8477493,Aleksander Barkov,C,FLA,2017-03,175.5,14,12.5357
8477494,Jonathan Drouin,L,TBL,2016-10,68.0,9,7.5556
8477494,Jonathan Drouin,L,TBL,2016-11,27.5,8,3.4375
8477494,Jonathan Drouin,L,TBL,2016-12,100.0,13,7.6923
8477494,Jonathan Drouin,L,TBL,2017-01,71.5,13,5.5
8477494,Jonathan Drouin,L,TBL,2017-02,70.5,9,7.8333
8477494,Jonathan Drouin,L,TBL,2017-03,102.0,15,6.8
8477494,Jonathan Drouin,L,TBL,2017-04,35.5,6,5.9167
8477495,Seth Jones,D,CBJ,2016-10,94.0,7,13.4286
8477495,Seth Jones,D,CBJ,2016-11,90.5,8,11.3125
8477495,Seth Jones,D,CBJ,2016-12,213.5,14,15.25
8477495,Seth Jones,D,CBJ,2017-01,138.0,14,9.8571
8477495,Seth Jones,D,CBJ,2017-02,105.0,12,8.75
8477495,Seth Jones,D,CBJ,2017-03,135.5,16,8.4688
8477495,Seth Jones,D,CBJ,2017-04,37.0,4,9.25
8477496,Elias Lindholm,C,CAR,2016-10,122.5,8,15.3125
8477496,Elias Lindholm,C,CAR,2016-11,222.0,14,15.8571
8477496,Elias Lindholm,C,CAR,2016-12,108.5,8,13.5625
8477496,Elias Lindholm,C,CAR,2017-01,122.5,9,13.6111
8477496,Elias Lindholm,C,CAR,2017-02,141.5,10,14.15
8477496,Elias Lindholm,C,CAR,2017-03,234.5,17,13.7941
8477496,Elias Lindholm,C,CAR,2017-04,102.0,6,17.0
8477497,Sean Monahan,C,CGY,2016-10,90.5,10,9.05
8477497,Sean Monahan,C,CGY,2016-11,153.0,16,9.5625
8477497,Sean Monahan,C,CGY,2016-12,139.0,13,10.6923
8477497,Sean Monahan,C,CGY,2017-01,127.0,13,9.7692
8477497,Sean Monahan,C,CGY,2017-02,134.5,12,11.2083
8477497,Sean Monahan,C,CGY,2017-03,106.0,14,7.5714
8477497,Sean Monahan,C,CGY,2017-04,25.0,4,6.25
8477498,Darnell Nurse,D,EDM,2016-10,110.5,9,12.2778
8477498,Darnell Nurse,D,EDM,2016-11,194.0,15,12.9333
8477498,Darnell Nurse,D,EDM,2016-12,0.0,1,0.0
8477498,Darnell Nurse,D,EDM,2017-02,28.0,2,14.0
8477498,Darnell Nurse,D,EDM,2017-03,185.5,13,14.2692
8477498,Darnell Nurse,D,EDM,2017-04,45.5,4,11.375
8477499,Rasmus Ristolainen,D,BUF,2016-10,131.0,8,16.375
8477499,Rasmus Ristolainen,D,BUF,2016-11,244.0,14,17.4286
8477499,Rasmus Ristolainen,D,BUF,2016-12,312.0,14,22.2857
8477499,Rasmus Ristolainen,D,BUF,2017-01,242.0,13,18.6154
8477499,Rasmus Ristolainen,D,BUF,2017-02,271.0,14,19.3571
8477499,Rasmus Ristolainen,D,BUF,2017-03,171.5,11,15.5909
8477499,Rasmus Ristolainen,D,BUF,2017-04,71.5,5,14.3
8477500,Bo Horvat,C,VAN,2016-10,153.0,9,17.0
8477500,Bo Horvat,C,VAN,2016-11,234.5,14,16.75
8477500,Bo Horvat,C,VAN,2016-12,222.0,15,14.8
8477500,Bo Horvat,C,VAN,2017-01,184.0,12,15.3333
8477500,Bo Horvat,C,VAN,2017-02,142.0,11,12.9091
8477500,Bo Horvat,C,VAN,2017-03,236.0,15,15.7333
8477500,Bo Horvat,C,VAN,2017-04,74.0,5,14.8
8477502,Samuel Morin,D,PHI,2017-04,26.0,1,26.0
8477503,Max Domi,C,ARI,2016-10,88.0,8,11.0
8477503,Max Domi,C,ARI,2016-11,67.0,13,5.1538
8477503,Max Domi,C,ARI,2016-12,62.0,5,12.4
8477503,Max Domi,C,ARI,2017-02,59.5,13,4.5769
8477503,Max Domi,C,ARI,2017-03,83.5,16,5.2188
8477503,Max Domi,C,ARI,2017-04,12.0,4,3.0
8477504,Josh Morrissey,D,WPG,2016-10,83.5,9,9.2778
8477504,Josh Morrissey,D,WPG,2016-11,208.0,16,13.0
8477504,Josh Morrissey,D,WPG,2016-12,153.5,14,10.9643
8477504,Josh Morrissey,D,WPG,2017-01,194.0,14,13.8571
8477504,Josh Morrissey,D,WPG,2017-02,226.0,11,20.5455
8477504,Josh Morrissey,D,WPG,2017-03,197.5,14,14.1071
8477504,Josh Morrissey,D,WPG,2017-04,63.0,4,15.75
8477505,Alexander Wennberg,C,CBJ,2016-10,95.0,7,13.5714
8477505,Alexander Wennberg,C,CBJ,2016-11,158.5,14,11.3214
8477505,Alexander Wennberg,C,CBJ,2016-12,169.5,14,12.1071
8477505,Alexander Wennberg,C,CBJ,2017-01,160.5,14,11.4643
8477505,Alexander Wennberg,C,CBJ,2017-02,171.5,12,14.2917
8477505,Alexander Wennberg,C,CBJ,2017-03,180.0,15,12.0
8477505,Alexander Wennberg,C,CBJ,2017-04,38.0,4,9.5
8477506,Ryan Pulock,D,NYI,2016-10,7.0,1,7.0
8477507,Nikita Zadorov,D,COL,2016-10,121.5,7,17.3571
8477507,Nikita Zadorov,D,COL,2016-11,162.5,13,12.5
8477507,Nikita Zadorov,D,COL,2016-12,277.0,15,18.4667
8477507,Nikita Zadorov,D,COL,2017-01,157.0,11,14.2727
8477507,Nikita Zadorov,D,COL,2017-02,171.5,10,17.15
8477508,Curtis Lazar,C,CGY,2016-11,79.0,6,13.1667
8477508,Curtis Lazar,C,CGY,2016-12,84.5,10,8.45
8477508,Curtis Lazar,C,CGY,2017-01,104.0,11,9.4545
8477508,Curtis Lazar,C,CGY,2017-02,83.0,6,13.8333
8477508,Curtis Lazar,C,CGY,2017-03,14.0,2,7.0
8477508,Curtis Lazar,C,CGY,2017-04,37.5,2,18.75
8477509,Mirco Mueller,D,SJS,2017-01,33.5,4,8.375
8477511,Anthony Mantha,R,DET,2016-11,64.0,8,8.0
8477511,Anthony Mantha,R,DET,2016-12,92.5,13,7.1154
8477511,Anthony Mantha,R,DET,2017-01,135.0,14,9.6429
8477511,Anthony Mantha,R,DET,2017-02,136.5,11,12.4091
8477511,Anthony Mantha,R,DET,2017-03,76.5,14,5.4643
8477512,Frederik Gauthier,C,TOR,2016-12,84.5,5,16.9
8477512,Frederik Gauthier,C,TOR,2017-01,179.5,13,13.8077
8477512,Frederik Gauthier,C,TOR,2017-02,41.5,3,13.8333
8477520,Jean-Sebastien Dea,C,PIT,2017-04,12.0,1,12.0
8477566,Sergey Tolchinsky,L,CAR,2017-04,7.5,2,3.75
8477591,Josh Jooris,R,ARI,2016-10,64.0,5,12.8
8477591,Josh Jooris,R,ARI,2016-11,56.0,5,11.2
8477591,Josh Jooris,R,ARI,2016-12,80.5,8,10.0625
8477591,Josh Jooris,R,ARI,2017-01,89.0,8,11.125
8477591,Josh Jooris,R,ARI,2017-02,88.0,8,11.0
8477591,Josh Jooris,R,ARI,2017-03,206.0,16,12.875
8477591,Josh Jooris,R,ARI,2017-04,45.0,4,11.25
8477715,Tyler Gaudet,C,ARI,2016-11,1.5,1,1.5
8477715,Tyler Gaudet,C,ARI,2016-12,22.0,3,7.3333
8477810,Joel Hanley,D,MTL,2016-11,46.5,5,9.3
8477810,Joel Hanley,D,MTL,2016-12,15.5,2,7.75
8477816,Michael Zalewski,L,VAN,2016-10,3.0,1,3.0
8477831,Pheonix Copley,G,STL,2017-01,-2.5,0,0.0
8477839,Conor Sheary,L,PIT,2016-10,48.5,4,12.125
8477839,Conor Sheary,L,PIT,2016-11,96.0,12,8.0
8477839,Conor Sheary,L,PIT,2016-12,118.0,15,7.8667
8477839,Conor Sheary,L,PIT,2017-01,140.0,11,12.7273
8477839,Conor Sheary,L,PIT,2017-03,109.0,15,7.2667
8477839,Conor Sheary,L,PIT,2017-04,21.5,4,5.375
8477845,Trevor van Riemsdyk,D,CHI,2016-10,37.5,2,18.75
8477845,Trevor van Riemsdyk,D,CHI,2016-12,77.0,13,5.9231
8477845,Trevor van Riemsdyk,D,CHI,2017-01,136.0,13,10.4615
8477845,Trevor van Riemsdyk,D,CHI,2017-02,99.5,10,9.95
8477845,Trevor van Riemsdyk,D,CHI,2017-03,167.5,16,10.4688
8477845,Trevor van Riemsdyk,D,CHI,2017-04,39.5,4,9.875
8477846,Ryan Carpenter,C,SJS,2016-11,45.5,3,15.1667
8477846,Ryan Carpenter,C,SJS,2017-01,53.0,6,8.8333
8477846,Ryan Carpenter,C,SJS,2017-02,18.5,2,9.25
8477850,Christian Folin,D,MIN,2016-10,136.0,8,17.0
8477850,Christian Folin,D,MIN,2016-11,129.0,11,11.7273
8477850,Christian Folin,D,MIN,2016-12,84.0,7,12.0
8477850,Christian Folin,D,MIN,2017-01,84.0,8,10.5
8477850,Christian Folin,D,MIN,2017-02,104.0,8,13.0
8477850,Christian Folin,D,MIN,2017-03,26.0,4,6.5
8477850,Christian Folin,D,MIN,2017-04,41.5,5,8.3
8477851,Jordan Oesterle,D,EDM,2017-02,17.5,2,8.75
8477881,Connor Jones,C,NYI,2017-04,81.0,4,20.25
8477887,Patrick Brown,C,CAR,2017-03,133.0,14,9.5
8477901,Daniel Carr,L,MTL,2016-10,6.0,2,3.0
8477901,Daniel Carr,L,MTL,2016-11,85.0,9,9.4444
8477901,Daniel Carr,L,MTL,2016-12,65.5,12,5.4583
8477901,Daniel Carr,L,MTL,2017-01,44.0,8,5.5
8477901,Daniel Carr,L,MTL,2017-02,15.0,2,7.5
8477903,Garnet Hathaway,R,CGY,2016-11,136.5,9,15.1667
8477903,Garnet Hathaway,R,CGY,2016-12,136.5,10,13.65
8477903,Garnet Hathaway,R,CGY,2017-01,75.5,5,15.1
8477903,Garnet Hathaway,R,CGY,2017-02,19.5,2,9.75
8477919,Frederick Gaudreau,C,NSH,2016-10,8.5,1,8.5
8477919,Frederick Gaudreau,C,NSH,2016-11,1.5,2,0.75
8477919,Frederick Gaudreau,C,NSH,2016-12,17.0,5,3.4
8477919,Frederick Gaudreau,C,NSH,2017-01,9.5,1,9.5
8477922,Melker Karlsson,C,SJS,2016-10,89.0,9,9.8889
8477922,Melker Karlsson,C,SJS,2016-11,80.0,8,10.0
8477922,Melker Karlsson,C,SJS,2016-12,133.5,13,10.2692
8477922,Melker Karlsson,C,SJS,2017-01,139.0,14,9.9286
8477922,Melker Karlsson,C,SJS,2017-02,92.0,11,8.3636
8477922,Melker Karlsson,C,SJS,2017-03,113.5,8,14.1875
8477922,Melker Karlsson,C,SJS,2017-04,48.0,4,12.0
8477929,Dennis Rasmussen,C,CHI,2016-10,81.0,7,11.5714
8477929,Dennis Rasmussen,C,CHI,2016-11,174.5,14,12.4643
8477929,Dennis Rasmussen,C,CHI,2016-12,184.5,15,12.3
8477929,Dennis Rasmussen,C,CHI,2017-01,107.0,12,8.9167
8477929,Dennis Rasmussen,C,CHI,2017-02,104.5,9,11.6111
8477929,Dennis Rasmussen,C,CHI,2017-03,71.0,8,8.875
8477929,Dennis Rasmussen,C,CHI,2017-04,45.0,3,15.0
8477930,Pierre-Edouard Bellemare,L,PHI,2016-10,114.5,10,11.45
8477930,Pierre-Edouard Bellemare,L,PHI,2016-11,217.5,14,15.5357
8477930,Pierre-Edouard Bellemare,L,PHI,2016-12,243.5,14,17.3929
8477930,Pierre-Edouard Bellemare,L,PHI,2017-01,142.0,13,10.9231
8477930,Pierre-Edouard Bellemare,L,PHI,2017-02,122.0,11,11.0909
8477930,Pierre-Edouard Bellemare,L,PHI,2017-03,153.5,15,10.2333
8477930,Pierre-Edouard Bellemare,L,PHI,2017-04,28.5,5,5.7
8477931,Tomas Nosek,L,DET,2017-03,79.0,6,13.1667
8477931,Tomas Nosek,L,DET,2017-04,44.5,5,8.9
8477932,Aaron Ekblad,D,FLA,2016-10,146.5,9,16.2778
8477932,Aaron Ekblad,D,FLA,2016-11,171.0,14,12.2143
8477932,Aaron Ekblad,D,FLA,2016-12,127.5,15,8.5
8477932,Aaron Ekblad,D,FLA,2017-01,119.5,13,9.1923
8477932,Aaron Ekblad,D,FLA,2017-02,86.0,11,7.8182
8477932,Aaron Ekblad,D,FLA,2017-03,65.0,6,10.8333
8477933,Sam Reinhart,C,BUF,2016-10,46.5,8,5.8125
8477933,Sam Reinhart,C,BUF,2016-11,123.0,14,8.7857
8477933,Sam Reinhart,C,BUF,2016-12,111.0,14,7.9286
8477933,Sam Reinhart,C,BUF,2017-01,100.0,13,7.6923
8477933,Sam Reinhart,C,BUF,2017-02,86.0,12,7.1667
8477933,Sam Reinhart,C,BUF,2017-03,90.5,14,6.4643
8477933,Sam Reinhart,C,BUF,2017-04,10.5,5,2.1
8477934,Leon Draisaitl,C,EDM,2016-10,83.5,9,9.2778
8477934,Leon Draisaitl,C,EDM,2016-11,153.5,15,10.2333
8477934,Leon Draisaitl,C,EDM,2016-12,191.0,14,13.6429
8477934,Leon Draisaitl,C,EDM,2017-01,115.5,14,8.25
8477934,Leon Draisaitl,C,EDM,2017-02,158.5,12,13.2083
8477934,Leon Draisaitl,C,EDM,2017-03,150.0,13,11.5385
8477934,Leon Draisaitl,C,EDM,2017-04,63.0,5,12.6
8477935,Sam Bennett,C,CGY,2016-10,186.0,10,18.6
8477935,Sam Bennett,C,CGY,2016-11,190.0,16,11.875
8477935,Sam Bennett,C,CGY,2016-12,185.0,13,14.2308
8477935,Sam Bennett,C,CGY,2017-01,185.0,12,15.4167
8477935,Sam Bennett,C,CGY,2017-02,159.5,12,13.2917
8477935,Sam Bennett,C,CGY,2017-03,177.5,14,12.6786
8477935,Sam Bennett,C,CGY,2017-04,67.5,4,16.875
8477937,Jake Virtanen,R,VAN,2016-10,78.5,7,11.2143
8477937,Jake Virtanen,R,VAN,2016-11,18.5,3,6.1667
8477939,William Nylander,C,TOR,2016-10,62.5,9,6.9444
8477939,William Nylander,C,TOR,2016-11,75.5,13,5.8077
8477939,William Nylander,C,TOR,2016-12,78.5,12,6.5417
8477939,William Nylander,C,TOR,2017-01,60.5,13,4.6538
8477939,William Nylander,C,TOR,2017-02,82.5,14,5.8929
8477939,William Nylander,C,TOR,2017-03,58.0,14,4.1429
8477939,William Nylander,C,TOR,2017-04,36.0,6,6.0
8477940,Nikolaj Ehlers,L,WPG,2016-10,85.5,9,9.5
8477940,Nikolaj Ehlers,L,WPG,2016-11,125.5,16,7.8438
8477940,Nikolaj Ehlers,L,WPG,2016-12,96.0,14,6.8571
8477940,Nikolaj Ehlers,L,WPG,2017-01,123.5,14,8.8214
8477940,Nikolaj Ehlers,L,WPG,2017-02,74.5,11,6.7727
8477940,Nikolaj Ehlers,L,WPG,2017-03,118.5,14,8.4643
8477940,Nikolaj Ehlers,L,WPG,2017-04,37.5,4,9.375
8477941,Nick Ritchie,L,ANA,2016-10,176.0,9,19.5556
8477941,Nick Ritchie,L,ANA,2016-11,175.5,12,14.625
8477941,Nick Ritchie,L,ANA,2016-12,223.5,15,14.9
8477941,Nick Ritchie,L,ANA,2017-01,224.0,14,16.0
8477941,Nick Ritchie,L,ANA,2017-02,104.5,11,9.5
8477941,Nick Ritchie,L,ANA,2017-03,176.0,12,14.6667
8477941,Nick Ritchie,L,ANA,2017-04,48.0,4,12.0
8477942,Kevin Fiala,L,NSH,2016-10,43.5,8,5.4375
8477942,Kevin Fiala,L,NSH,2016-11,59.5,4,14.875
8477942,Kevin Fiala,L,NSH,2016-12,153.0,14,10.9286
8477942,Kevin Fiala,L,NSH,2017-01,49.5,6,8.25
8477942,Kevin Fiala,L,NSH,2017-02,24.0,6,4.0
8477942,Kevin Fiala,L,NSH,2017-03,67.0,11,6.0909
8477942,Kevin Fiala,L,NSH,2017-04,29.5,5,5.9
8477943,Brendan Perlini,L,ARI,2016-12,72.5,12,6.0417
8477943,Brendan Perlini,L,ARI,2017-01,72.0,12,6.0
8477943,Brendan Perlini,L,ARI,2017-02,67.0,13,5.1538
8477943,Brendan Perlini,L,ARI,2017-03,80.0,16,5.0
8477943,Brendan Perlini,L,ARI,2017-04,8.5,4,2.125
8477944,Jakub Vrana,L,WSH,2016-12,68.0,12,5.6667
8477944,Jakub Vrana,L,WSH,2017-03,36.5,8,4.5625
8477945,Julius Honka,D,DAL,2016-11,35.5,5,7.1
8477945,Julius Honka,D,DAL,2016-12,4.5,3,1.5
8477945,Julius Honka,D,DAL,2017-01,15.0,2,7.5
8477945,Julius Honka,D,DAL,2017-03,10.5,1,10.5
8477945,Julius Honka,D,DAL,2017-04,58.5,5,11.7
8477946,Dylan Larkin,C,DET,2016-10,119.5,10,11.95
8477946,Dylan Larkin,C,DET,2016-11,107.5,13,8.2692
8477946,Dylan Larkin,C,DET,2016-12,123.5,13,9.5
8477946,Dylan Larkin,C,DET,2017-01,98.5,12,8.2083
8477946,Dylan Larkin,C,DET,2017-02,73.5,11,6.6818
8477946,Dylan Larkin,C,DET,2017-03,188.0,16,11.75
8477946,Dylan Larkin,C,DET,2017-04,86.0,5,17.2
8477947,Sonny Milano,L,CBJ,2016-11,5.0,2,2.5
8477947,Sonny Milano,L,CBJ,2017-04,16.5,2,8.25
8477949,Alex Tuch,R,MIN,2017-02,53.0,6,8.8333
8477950,Tony DeAngelo,D,ARI,2016-11,49.5,10,4.95
8477950,Tony DeAngelo,D,ARI,2016-12,99.5,10,9.95
8477950,Tony DeAngelo,D,ARI,2017-02,41.0,3,13.6667
8477950,Tony DeAngelo,D,ARI,2017-03,76.5,13,5.8846
8477950,Tony DeAngelo,D,ARI,2017-04,47.5,3,15.8333
8477951,Nick Schmaltz,C,CHI,2016-10,46.5,9,5.1667
8477951,Nick Schmaltz,C,CHI,2016-11,81.0,15,5.4
8477951,Nick Schmaltz,C,CHI,2016-12,8.0,2,4.0
8477951,Nick Schmaltz,C,CHI,2017-01,56.0,7,8.0
8477951,Nick Schmaltz,C,CHI,2017-02,46.0,10,4.6
8477951,Nick Schmaltz,C,CHI,2017-03,125.5,14,8.9643
8477951,Nick Schmaltz,C,CHI,2017-04,19.0,4,4.75
8477952,Robby Fabbri,C,STL,2016-10,100.5,9,11.1667
8477952,Robby Fabbri,C,STL,2016-11,147.0,13,11.3077
8477952,Robby Fabbri,C,STL,2016-12,91.0,14,6.5
8477952,Robby Fabbri,C,STL,2017-01,128.5,13,9.8846
8477952,Robby Fabbri,C,STL,2017-02,10.5,2,5.25
8477953,Kasperi Kapanen,R,TOR,2017-03,14.5,2,7.25
8477953,Kasperi Kapanen,R,TOR,2017-04,28.0,6,4.6667
8477955,Jared McCann,C,FLA,2016-10,48.5,9,5.3889
8477955,Jared McCann,C,FLA,2016-11,48.0,8,6.0
8477955,Jared McCann,C,FLA,2017-01,105.5,12,8.7917
8477956,David Pastrnak,R,BOS,2016-10,79.5,7,11.3571
8477956,David Pastrnak,R,BOS,2016-11,86.5,11,7.8636
8477956,David Pastrnak,R,BOS,2016-12,192.0,14,13.7143
8477956,David Pastrnak,R,BOS,2017-01,157.0,14,11.2143
8477956,David Pastrnak,R,BOS,2017-02,144.5,10,14.45
8477956,David Pastrnak,R,BOS,2017-03,141.5,14,10.1071
8477956,David Pastrnak,R,BOS,2017-04,40.0,5,8.0
8477957,Nikita Scherbak,R,MTL,2017-01,17.5,3,5.8333
8477958,Nikolay Goldobin,R,VAN,2017-02,19.0,2,9.5
8477958,Nikolay Goldobin,R,VAN,2017-03,23.5,8,2.9375
8477958,Nikolay Goldobin,R,VAN,2017-04,13.5,4,3.375
8477959,Joshua Ho-Sang,C,NYI,2017-03,108.5,16,6.7812
8477959,Joshua Ho-Sang,C,NYI,2017-04,26.0,5,5.2
8477960,Adrian Kempe,L,LAK,2017-02,43.0,7,6.1429
8477960,Adrian Kempe,L,LAK,2017-03,119.0,14,8.5
8477960,Adrian Kempe,L,LAK,2017-04,18.5,4,4.625
8477961,John Quenneville,C,NJD,2016-12,16.0,2,8.0
8477961,John Quenneville,C,NJD,2017-03,87.0,9,9.6667
8477961,John Quenneville,C,NJD,2017-04,7.0,1,7.0
8477964,Ivan Barbashev,C,STL,2017-01,25.5,2,12.75
8477964,Ivan Barbashev,C,STL,2017-02,121.0,11,11.0
8477964,Ivan Barbashev,C,STL,2017-03,102.0,12,8.5
8477964,Ivan Barbashev,C,STL,2017-04,62.0,5,12.4
8477971,Andreas Englund,D,OTT,2016-12,47.5,4,11.875
8477971,Andreas Englund,D,OTT,2017-04,6.0,1,6.0
8477973,Vladislav Kamenev,C,NSH,2017-01,14.5,2,7.25
8477986,Brandon Montour,D,ANA,2016-12,5.0,2,2.5
8477986,Brandon Montour,D,ANA,2017-01,17.5,3,5.8333
8477986,Brandon Montour,D,ANA,2017-02,45.5,7,6.5
8477986,Brandon Montour,D,ANA,2017-03,93.5,11,8.5
8477986,Brandon Montour,D,ANA,2017-04,66.5,4,16.625
8477989,Christian Dvorak,L,ARI,2016-10,66.5,7,9.5
8477989,Christian Dvorak,L,ARI,2016-11,109.0,10,10.9
8477989,Christian Dvorak,L,ARI,2016-12,152.0,16,9.5
8477989,Christian Dvorak,L,ARI,2017-01,150.5,12,12.5417
8477989,Christian Dvorak,L,ARI,2017-02,195.5,13,15.0385
8477989,Christian Dvorak,L,ARI,2017-03,272.5,16,17.0312
8477989,Christian Dvorak,L,ARI,2017-04,55.0,4,13.75
8477997,Nikita Tryamkin,D,VAN,2016-11,209.0,13,16.0769
8477997,Nikita Tryamkin,D,VAN,2016-12,164.5,15,10.9667
8477997,Nikita Tryamkin,D,VAN,2017-01,168.5,12,14.0417
8477997,Nikita Tryamkin,D,VAN,2017-02,148.0,10,14.8
8477997,Nikita Tryamkin,D,VAN,2017-03,125.0,11,11.3636
8477997,Nikita Tryamkin,D,VAN,2017-04,76.5,5,15.3
8478004,Brett Lernout,D,MTL,2017-04,44.0,2,22.0
8478010,Brayden Point,C,TBL,2016-10,51.5,9,5.7222
8478010,Brayden Point,C,TBL,2016-11,86.0,15,5.7333
8478010,Brayden Point,C,TBL,2016-12,81.5,12,6.7917
8478010,Brayden Point,C,TBL,2017-01,13.0,1,13.0
8478010,Brayden Point,C,TBL,2017-02,92.5,10,9.25
8478010,Brayden Point,C,TBL,2017-03,202.0,15,13.4667
8478010,Brayden Point,C,TBL,2017-04,72.5,6,12.0833
8478027,Lucas Wallmark,C,CAR,2017-03,54.0,6,9.0
8478027,Lucas Wallmark,C,CAR,2017-04,16.5,2,8.25
8478031,Nelson Nogier,D,WPG,2017-03,58.5,6,9.75
8478031,Nelson Nogier,D,WPG,2017-04,0.5,4,0.125
8478042,Viktor Arvidsson,L,NSH,2016-10,95.5,8,11.9375
8478042,Viktor Arvidsson,L,NSH,2016-11,145.5,14,10.3929
8478042,Viktor Arvidsson,L,NSH,2016-12,123.5,14,8.8214
8478042,Viktor Arvidsson,L,NSH,2017-01,134.0,12,11.1667
8478042,Viktor Arvidsson,L,NSH,2017-02,123.5,13,9.5
8478042,Viktor Arvidsson,L,NSH,2017-03,137.5,14,9.8214
8478042,Viktor Arvidsson,L,NSH,2017-04,39.5,5,7.9
8478046,Danton Heinen,C,BOS,2016-10,24.0,6,4.0
8478046,Danton Heinen,C,BOS,2016-11,5.0,1,5.0
8478046,Danton Heinen,C,BOS,2016-12,5.0,1,5.0
8478055,Gustav Forsling,D,CHI,2016-10,28.5,7,4.0714
8478055,Gustav Forsling,D,CHI,2016-11,53.5,14,3.8214
8478055,Gustav Forsling,D,CHI,2016-12,47.5,10,4.75
8478055,Gustav Forsling,D,CHI,2017-01,10.0,2,5.0
8478055,Gustav Forsling,D,CHI,2017-02,15.5,3,5.1667
8478055,Gustav Forsling,D,CHI,2017-04,7.5,2,3.75
8478073,Anton Lindholm,D,COL,2017-03,102.0,9,11.3333
8478073,Anton Lindholm,D,COL,2017-04,58.5,3,19.5
8478099,Kevin Labanc,R,SJS,2016-11,41.0,11,3.7273
8478099,Kevin Labanc,R,SJS,2016-12,72.5,13,5.5769
8478099,Kevin Labanc,R,SJS,2017-01,66.5,14,4.75
8478099,Kevin Labanc,R,SJS,2017-02,57.0,9,6.3333
8478099,Kevin Labanc,R,SJS,2017-03,10.0,4,2.5
8478099,Kevin Labanc,R,SJS,2017-04,15.5,4,3.875
8478131,Ondrej Kase,R,ANA,2016-11,46.5,7,6.6429
8478131,Ondrej Kase,R,ANA,2016-12,130.5,15,8.7
8478131,Ondrej Kase,R,ANA,2017-01,97.5,14,6.9643
8478131,Ondrej Kase,R,ANA,2017-02,72.0,9,8.0
8478131,Ondrej Kase,R,ANA,2017-03,39.5,6,6.5833
8478131,Ondrej Kase,R,ANA,2017-04,10.5,2,5.25
8478366,Frank Vatrano,C,BOS,2016-12,27.5,5,5.5
8478366,Frank Vatrano,C,BOS,2017-01,104.0,14,7.4286
8478366,Frank Vatrano,C,BOS,2017-02,76.0,10,7.6
8478366,Frank Vatrano,C,BOS,2017-03,123.5,13,9.5
8478366,Frank Vatrano,C,BOS,2017-04,4.5,2,2.25
8478371,Matt Lorito,R,DET,2017-04,5.0,2,2.5
8478373,Nikita Soshnikov,R,TOR,2016-11,160.0,14,11.4286
8478373,Nikita Soshnikov,R,TOR,2016-12,126.0,12,10.5
8478373,Nikita Soshnikov,R,TOR,2017-01,109.5,12,9.125
8478373,Nikita Soshnikov,R,TOR,2017-02,104.0,9,11.5556
8478373,Nikita Soshnikov,R,TOR,2017-03,111.0,9,12.3333
8478376,Casey Bailey,C,OTT,2016-12,12.5,3,4.1667
8478376,Casey Bailey,C,OTT,2017-01,13.0,2,6.5
8478376,Casey Bailey,C,OTT,2017-02,18.0,2,9.0
8478396,Noah Hanifin,D,CAR,2016-10,28.5,8,3.5625
8478396,Noah Hanifin,D,CAR,2016-11,103.5,14,7.3929
8478396,Noah Hanifin,D,CAR,2016-12,85.0,14,6.0714
8478396,Noah Hanifin,D,CAR,2017-01,99.0,12,8.25
8478396,Noah Hanifin,D,CAR,2017-02,67.5,10,6.75
8478396,Noah Hanifin,D,CAR,2017-03,166.0,17,9.7647
8478396,Noah Hanifin,D,CAR,2017-04,58.5,6,9.75
8478397,Rasmus Andersson,D,CGY,2017-04,26.0,1,26.0
8478398,Kyle Connor,L,WPG,2016-10,28.0,8,3.5
8478398,Kyle Connor,L,WPG,2016-11,41.5,11,3.7727
8478398,Kyle Connor,L,WPG,2017-04,14.0,1,14.0
8478400,Colin White,C,OTT,2017-04,8.5,2,4.25
8478401,Pavel Zacha,C,NJD,2016-10,105.5,8,13.1875
8478401,Pavel Zacha,C,NJD,2016-11,97.0,14,6.9286
8478401,Pavel Zacha,C,NJD,2016-12,57.0,8,7.125
8478401,Pavel Zacha,C,NJD,2017-01,77.0,13,5.9231
8478401,Pavel Zacha,C,NJD,2017-02,47.0,9,5.2222
8478401,Pavel Zacha,C,NJD,2017-03,104.5,13,8.0385
8478401,Pavel Zacha,C,NJD,2017-04,47.0,5,9.4
8478402,Connor McDavid,C,EDM,2016-10,139.0,9,15.4444
8478402,Connor McDavid,C,EDM,2016-11,182.0,15,12.1333
8478402,Connor McDavid,C,EDM,2016-12,196.5,14,14.0357
8478402,Connor McDavid,C,EDM,2017-01,183.0,14,13.0714
8478402,Connor McDavid,C,EDM,2017-02,136.5,12,11.375
8478402,Connor McDavid,C,EDM,2017-03,191.5,13,14.7308
8478402,Connor McDavid,C,EDM,2017-04,42.5,5,8.5
8478403,Jack Eichel,C,BUF,2016-11,8.5,1,8.5
8478403,Jack Eichel,C,BUF,2016-12,178.5,14,12.75
8478403,Jack Eichel,C,BUF,2017-01,182.0,13,14.0
8478403,Jack Eichel,C,BUF,2017-02,150.5,14,10.75
8478403,Jack Eichel,C,BUF,2017-03,148.5,14,10.6071
8478403,Jack Eichel,C,BUF,2017-04,48.0,5,9.6
8478414,Timo Meier,R,SJS,2016-12,78.5,7,11.2143
8478414,Timo Meier,R,SJS,2017-01,139.5,12,11.625
8478414,Timo Meier,R,SJS,2017-02,84.0,7,12.0
8478414,Timo Meier,R,SJS,2017-03,37.5,6,6.25
8478414,Timo Meier,R,SJS,2017-04,22.0,2,11.0
8478417,Jakob Forsbacka Karlsson,C,BOS,2017-04,5.0,1,5.0
8478420,Mikko Rantanen,R,COL,2016-10,16.0,2,8.0
8478420,Mikko Rantanen,R,COL,2016-11,110.0,14,7.8571
8478420,Mikko Rantanen,R,COL,2016-12,106.5,15,7.1
8478420,Mikko Rantanen,R,COL,2017-01,90.0,11,8.1818
8478420,Mikko Rantanen,R,COL,2017-02,87.0,14,6.2143
8478420,Mikko Rantanen,R,COL,2017-03,115.5,16,7.2188
8478420,Mikko Rantanen,R,COL,2017-04,28.0,3,9.3333
8478421,A.J. Greer,L,COL,2016-11,52.5,5,10.5
8478425,Brendan Guhle,D,BUF,2016-12,41.5,3,13.8333
8478427,Sebastian Aho,R,CAR,2016-10,35.5,8,4.4375
8478427,Sebastian Aho,R,CAR,2016-11,84.0,14,6.0
8478427,Sebastian Aho,R,CAR,2016-12,131.0,14,9.3571
8478427,Sebastian Aho,R,CAR,2017-01,108.0,13,8.3077
8478427,Sebastian Aho,R,CAR,2017-02,84.0,10,8.4
8478427,Sebastian Aho,R,CAR,2017-03,115.5,17,6.7941
8478427,Sebastian Aho,R,CAR,2017-04,74.5,6,12.4167
8478431,Evgeny Svechnikov,L,DET,2017-04,27.5,2,13.75
8478432,Christian Fischer,R,ARI,2017-01,19.5,3,6.5
8478432,Christian Fischer,R,ARI,2017-03,14.0,4,3.5
8478439,Travis Konecny,C,PHI,2016-10,136.5,10,13.65
8478439,Travis Konecny,C,PHI,2016-11,201.5,14,14.3929
8478439,Travis Konecny,C,PHI,2016-12,102.0,13,7.8462
8478439,Travis Konecny,C,PHI,2017-01,165.5,13,12.7308
8478439,Travis Konecny,C,PHI,2017-02,7.5,1,7.5
8478439,Travis Konecny,C,PHI,2017-03,144.0,14,10.2857
8478439,Travis Konecny,C,PHI,2017-04,40.0,5,8.0
8478440,Dylan Strome,C,ARI,2016-10,25.0,3,8.3333
8478440,Dylan Strome,C,ARI,2016-11,17.5,4,4.375
8478443,Brandon Carlo,D,BOS,2016-10,127.0,8,15.875
8478443,Brandon Carlo,D,BOS,2016-11,142.5,15,9.5
8478443,Brandon Carlo,D,BOS,2016-12,176.0,16,11.0
8478443,Brandon Carlo,D,BOS,2017-01,161.0,14,11.5
8478443,Brandon Carlo,D,BOS,2017-02,81.0,10,8.1
8478443,Brandon Carlo,D,BOS,2017-03,159.0,14,11.3571
8478443,Brandon Carlo,D,BOS,2017-04,64.0,5,12.8
8478444,Brock Boeser,R,VAN,2017-03,29.0,4,7.25
8478444,Brock Boeser,R,VAN,2017-04,7.5,5,1.5
8478445,Mathew Barzal,C,NYI,2016-10,12.0,2,6.0
8478458,Jack Roslovic,C,WPG,2017-04,5.5,1,5.5
8478460,Zach Werenski,D,CBJ,2016-10,53.5,7,7.6429
8478460,Zach Werenski,D,CBJ,2016-11,104.5,14,7.4643
8478460,Zach Werenski,D,CBJ,2016-12,112.5,14,8.0357
8478460,Zach Werenski,D,CBJ,2017-01,105.5,14,7.5357
8478460,Zach Werenski,D,CBJ,2017-02,64.5,12,5.375
8478460,Zach Werenski,D,CBJ,2017-03,121.0,16,7.5625
8478460,Zach Werenski,D,CBJ,2017-04,12.0,1,12.0
8478463,Anthony Beauvillier,L,NYI,2016-10,60.5,8,7.5625
8478463,Anthony Beauvillier,L,NYI,2016-11,61.5,10,6.15
8478463,Anthony Beauvillier,L,NYI,2016-12,62.5,8,7.8125
8478463,Anthony Beauvillier,L,NYI,2017-01,52.5,8,6.5625
8478463,Anthony Beauvillier,L,NYI,2017-02,120.5,13,9.2692
8478463,Anthony Beauvillier,L,NYI,2017-03,159.5,14,11.3929
8478463,Anthony Beauvillier,L,NYI,2017-04,49.0,5,9.8
8478469,Thomas Chabot,D,OTT,2016-10,0.5,1,0.5
8478474,Lawson Crouse,L,ARI,2016-10,31.0,5,6.2
8478474,Lawson Crouse,L,ARI,2016-11,150.5,12,12.5417
8478474,Lawson Crouse,L,ARI,2016-12,243.5,16,15.2188
8478474,Lawson Crouse,L,ARI,2017-01,129.5,12,10.7917
8478474,Lawson Crouse,L,ARI,2017-02,70.5,7,10.0714
8478474,Lawson Crouse,L,ARI,2017-03,154.5,16,9.6562
8478474,Lawson Crouse,L,ARI,2017-04,30.5,4,7.625
8478480,Blake Speers,C,NJD,2016-10,11.0,3,3.6667
8478483,Mitch Marner,C,TOR,2016-10,85.5,9,9.5
8478483,Mitch Marner,C,TOR,2016-11,120.0,14,8.5714
8478483,Mitch Marner,C,TOR,2016-12,62.0,12,5.1667
8478483,Mitch Marner,C,TOR,2017-01,111.0,13,8.5385
8478483,Mitch Marner,C,TOR,2017-02,123.5,9,13.7222
8478483,Mitch Marner,C,TOR,2017-03,102.5,14,7.3214
8478483,Mitch Marner,C,TOR,2017-04,37.0,6,6.1667
8478491,Jacob Larsson,D,ANA,2016-10,19.0,4,4.75
8478493,Joel Eriksson Ek,C,MIN,2016-10,48.0,5,9.6
8478493,Joel Eriksson Ek,C,MIN,2016-11,32.0,4,8.0
8478493,Joel Eriksson Ek,C,MIN,2017-03,16.5,1,16.5
8478493,Joel Eriksson Ek,C,MIN,2017-04,43.5,5,8.7
8478495,Denis Gurianov,R,DAL,2017-04,15.0,1,15.0
8478500,Ivan Provorov,D,PHI,2016-10,124.5,10,12.45
8478500,Ivan Provorov,D,PHI,2016-11,187.5,14,13.3929
8478500,Ivan Provorov,D,PHI,2016-12,198.0,14,14.1429
8478500,Ivan Provorov,D,PHI,2017-01,163.5,13,12.5769
8478500,Ivan Provorov,D,PHI,2017-02,175.0,11,15.9091
8478500,Ivan Provorov,D,PHI,2017-03,184.5,15,12.3
8478500,Ivan Provorov,D,PHI,2017-04,48.5,5,9.7
8478506,Gabriel Carlsson,D,CBJ,2017-04,25.5,2,12.75
8478512,Austin Czarnik,C,BOS,2016-10,35.5,4,8.875
8478512,Austin Czarnik,C,BOS,2016-11,92.0,15,6.1333
8478512,Austin Czarnik,C,BOS,2016-12,104.0,16,6.5
8478512,Austin Czarnik,C,BOS,2017-01,72.0,11,6.5455
8478512,Austin Czarnik,C,BOS,2017-02,7.0,1,7.0
8478512,Austin Czarnik,C,BOS,2017-03,12.5,2,6.25
8478528,Tanner Kero,C,CHI,2016-12,53.0,4,13.25
8478528,Tanner Kero,C,CHI,2017-01,234.0,13,18.0
8478528,Tanner Kero,C,CHI,2017-02,88.0,10,8.8
8478528,Tanner Kero,C,CHI,2017-03,178.5,16,11.1562
8478528,Tanner Kero,C,CHI,2017-04,66.0,4,16.5
8478541,Markus Hannikainen,L,CBJ,2016-11,40.0,4,10.0
8478541,Markus Hannikainen,L,CBJ,2016-12,10.5,1,10.5
8478541,Markus Hannikainen,L,CBJ,2017-01,29.0,1,29.0
8478541,Markus Hannikainen,L,CBJ,2017-02,21.0,4,5.25
8478542,Evan Rodrigues,C,BUF,2016-11,7.0,2,3.5
8478542,Evan Rodrigues,C,BUF,2017-02,77.0,9,8.5556
8478542,Evan Rodrigues,C,BUF,2017-03,101.5,14,7.25
8478542,Evan Rodrigues,C,BUF,2017-04,33.0,5,6.6
8478550,Artemi Panarin,C,CHI,2016-10,53.0,9,5.8889
8478550,Artemi Panarin,C,CHI,2016-11,116.0,15,7.7333
8478550,Artemi Panarin,C,CHI,2016-12,76.0,15,5.0667
8478550,Artemi Panarin,C,CHI,2017-01,60.0,13,4.6154
8478550,Artemi Panarin,C,CHI,2017-02,43.0,10,4.3
8478550,Artemi Panarin,C,CHI,2017-03,113.5,16,7.0938
8478550,Artemi Panarin,C,CHI,2017-04,18.5,4,4.625
8478561,Andreas Martinsen,L,MTL,2016-10,88.0,7,12.5714
8478561,Andreas Martinsen,L,MTL,2016-11,223.5,14,15.9643
8478561,Andreas Martinsen,L,MTL,2016-12,159.0,14,11.3571
8478561,Andreas Martinsen,L,MTL,2017-01,86.5,7,12.3571
8478561,Andreas Martinsen,L,MTL,2017-02,125.0,13,9.6154
8478561,Andreas Martinsen,L,MTL,2017-03,69.0,5,13.8
8478561,Andreas Martinsen,L,MTL,2017-04,49.5,4,12.375
8478562,Jakub Nakladal,D,CAR,2016-10,24.5,2,12.25
8478562,Jakub Nakladal,D,CAR,2016-11,1.5,1,1.5
8478566,Sergey Kalinin,C,NJD,2016-10,40.5,4,10.125
8478566,Sergey Kalinin,C,NJD,2016-11,91.0,13,7.0
8478566,Sergey Kalinin,C,NJD,2016-12,127.5,12,10.625
8478566,Sergey Kalinin,C,NJD,2017-01,76.0,8,9.5
8478566,Sergey Kalinin,C,NJD,2017-02,52.5,6,8.75
8478569,Noel Acciari,C,BOS,2016-10,108.0,8,13.5
8478569,Noel Acciari,C,BOS,2016-11,46.5,4,11.625
8478569,Noel Acciari,C,BOS,2016-12,72.0,6,12.0
8478569,Noel Acciari,C,BOS,2017-01,6.0,1,6.0
8478569,Noel Acciari,C,BOS,2017-03,104.5,6,17.4167
8478569,Noel Acciari,C,BOS,2017-04,56.5,4,14.125
8478585,Derek Ryan,C,CAR,2016-11,77.5,9,8.6111
8478585,Derek Ryan,C,CAR,2016-12,123.0,14,8.7857
8478585,Derek Ryan,C,CAR,2017-01,95.5,13,7.3462
8478585,Derek Ryan,C,CAR,2017-02,92.0,8,11.5
8478585,Derek Ryan,C,CAR,2017-03,194.0,17,11.4118
8478585,Derek Ryan,C,CAR,2017-04,49.0,6,8.1667
8478843,Denis Malgin,C,FLA,2016-10,87.0,9,9.6667
8478843,Denis Malgin,C,FLA,2016-11,87.5,14,6.25
8478843,Denis Malgin,C,FLA,2016-12,61.5,11,5.5909
8478843,Denis Malgin,C,FLA,2017-01,34.0,5,6.8
8478843,Denis Malgin,C,FLA,2017-02,6.5,1,6.5
8478843,Denis Malgin,C,FLA,2017-03,31.0,3,10.3333
8478843,Denis Malgin,C,FLA,2017-04,37.0,4,9.25
8478851,Alexandre Carrier,D,NSH,2017-01,11.5,2,5.75
8478866,Dominik Simon,C,PIT,2017-04,12.5,2,6.25
8478906,Markus Nutivaara,D,CBJ,2016-10,32.0,7,4.5714
8478906,Markus Nutivaara,D,CBJ,2016-11,68.0,14,4.8571
8478906,Markus Nutivaara,D,CBJ,2016-12,90.0,14,6.4286
8478906,Markus Nutivaara,D,CBJ,2017-01,21.5,7,3.0714
8478906,Markus Nutivaara,D,CBJ,2017-02,35.0,11,3.1818
8478906,Markus Nutivaara,D,CBJ,2017-03,44.0,9,4.8889
8478906,Markus Nutivaara,D,CBJ,2017-04,29.0,4,7.25
8478963,Ryan Johnston,D,MTL,2016-12,9.5,2,4.75
8478963,Ryan Johnston,D,MTL,2017-01,11.5,5,2.3
8479249,Andrew Poturalski,C,CAR,2017-04,16.0,2,8.0
8479250,Nick Lappin,R,NJD,2016-10,16.5,2,8.25
8479250,Nick Lappin,R,NJD,2016-11,128.0,14,9.1429
8479250,Nick Lappin,R,NJD,2016-12,108.0,13,8.3077
8479250,Nick Lappin,R,NJD,2017-01,22.0,6,3.6667
8479250,Nick Lappin,R,NJD,2017-03,32.0,8,4.0
8479252,Dan Renouf,D,DET,2017-03,13.5,1,13.5
8479268,Casey Nelson,D,BUF,2016-11,68.5,7,9.7857
8479268,Casey Nelson,D,BUF,2017-01,3.0,1,3.0
8479268,Casey Nelson,D,BUF,2017-03,13.5,2,6.75
8479290,Kalle Kossila,C,ANA,2017-01,3.0,1,3.0
8479291,Kevin Rooney,C,NJD,2017-03,33.0,4,8.25
8479293,Brandon Tanev,L,WPG,2016-10,98.0,9,10.8889
8479293,Brandon Tanev,L,WPG,2016-11,293.5,16,18.3438
8479293,Brandon Tanev,L,WPG,2016-12,152.5,10,15.25
8479293,Brandon Tanev,L,WPG,2017-01,36.5,4,9.125
8479293,Brandon Tanev,L,WPG,2017-02,25.5,3,8.5
8479293,Brandon Tanev,L,WPG,2017-03,63.0,5,12.6
8479293,Brandon Tanev,L,WPG,2017-04,46.5,4,11.625
8479314,Matthew Tkachuk,L,CGY,2016-10,78.0,8,9.75
8479314,Matthew Tkachuk,L,CGY,2016-11,193.5,14,13.8214
8479314,Matthew Tkachuk,L,CGY,2016-12,179.0,13,13.7692
8479314,Matthew Tkachuk,L,CGY,2017-01,155.5,13,11.9615
8479314,Matthew Tkachuk,L,CGY,2017-02,126.0,12,10.5
8479314,Matthew Tkachuk,L,CGY,2017-03,137.5,12,11.4583
8479314,Matthew Tkachuk,L,CGY,2017-04,32.0,4,8.0
8479318,Auston Matthews,C,TOR,2016-10,101.5,9,11.2778
8479318,Auston Matthews,C,TOR,2016-11,167.0,14,11.9286
8479318,Auston Matthews,C,TOR,2016-12,166.5,12,13.875
8479318,Auston Matthews,C,TOR,2017-01,144.0,13,11.0769
8479318,Auston Matthews,C,TOR,2017-02,220.5,14,15.75
8479318,Auston Matthews,C,TOR,2017-03,157.0,14,11.2143
8479318,Auston Matthews,C,TOR,2017-04,41.0,6,6.8333
8479339,Patrik Laine,R,WPG,2016-10,55.0,9,6.1111
8479339,Patrik Laine,R,WPG,2016-11,136.0,16,8.5
8479339,Patrik Laine,R,WPG,2016-12,151.0,14,10.7857
8479339,Patrik Laine,R,WPG,2017-01,35.0,6,5.8333
8479339,Patrik Laine,R,WPG,2017-02,96.0,11,8.7273
8479339,Patrik Laine,R,WPG,2017-03,113.0,13,8.6923
8479339,Patrik Laine,R,WPG,2017-04,16.5,4,4.125
8479343,Clayton Keller,C,ARI,2017-03,5.0,2,2.5
8479343,Clayton Keller,C,ARI,2017-04,1.5,1,1.5
8479344,Jesse Puljujarvi,R,EDM,2016-10,29.0,7,4.1429
8479344,Jesse Puljujarvi,R,EDM,2016-11,70.0,13,5.3846
8479344,Jesse Puljujarvi,R,EDM,2016-12,23.5,6,3.9167
8479344,Jesse Puljujarvi,R,EDM,2017-01,3.5,2,1.75
8479345,Jakob Chychrun,D,ARI,2016-10,56.5,7,8.0714
8479345,Jakob Chychrun,D,ARI,2016-11,101.0,8,12.625
8479345,Jakob Chychrun,D,ARI,2016-12,185.5,14,13.25
8479345,Jakob Chychrun,D,ARI,2017-01,135.5,11,12.3182
8479345,Jakob Chychrun,D,ARI,2017-02,93.0,9,10.3333
8479345,Jakob Chychrun,D,ARI,2017-03,231.0,16,14.4375
8479345,Jakob Chychrun,D,ARI,2017-04,13.0,3,4.3333
8479370,Tyson Jost,C,COL,2017-03,13.0,1,13.0
8479370,Tyson Jost,C,COL,2017-04,50.5,5,10.1
8479410,Mikhail Sergachev,D,MTL,2016-10,30.0,3,10.0
8479410,Mikhail Sergachev,D,MTL,2017-04,10.5,1,10.5
8479423,Alex Nylander,L,BUF,2017-04,11.0,4,2.75
8479442,Troy Stecher,D,VAN,2016-10,18.5,3,6.1667
8479442,Troy Stecher,D,VAN,2016-11,127.5,11,11.5909
8479442,Troy Stecher,D,VAN,2016-12,133.5,15,8.9
8479442,Troy Stecher,D,VAN,2017-01,96.0,12,8.0
8479442,Troy Stecher,D,VAN,2017-02,109.5,11,9.9545
8479442,Troy Stecher,D,VAN,2017-03,116.0,14,8.2857
8479442,Troy Stecher,D,VAN,2017-04,47.0,5,9.4
8479458,Nikita Zaitsev,D,TOR,2016-10,95.0,9,10.5556
8479458,Nikita Zaitsev,D,TOR,2016-11,234.5,14,16.75
8479458,Nikita Zaitsev,D,TOR,2016-12,180.5,12,15.0417
8479458,Nikita Zaitsev,D,TOR,2017-01,252.5,13,19.4231
8479458,Nikita Zaitsev,D,TOR,2017-02,278.0,14,19.8571
8479458,Nikita Zaitsev,D,TOR,2017-03,178.5,14,12.75
8479458,Nikita Zaitsev,D,TOR,2017-04,104.5,6,17.4167
8479465,Drake Caggiula,C,EDM,2016-11,61.5,6,10.25
8479465,Drake Caggiula,C,EDM,2016-12,175.5,14,12.5357
8479465,Drake Caggiula,C,EDM,2017-01,149.5,14,10.6786
8479465,Drake Caggiula,C,EDM,2017-02,92.0,11,8.3636
8479465,Drake Caggiula,C,EDM,2017-03,100.0,10,10.0
8479465,Drake Caggiula,C,EDM,2017-04,68.5,5,13.7
8479482,Michal Kempny,D,CHI,2016-10,82.5,8,10.3125
8479482,Michal Kempny,D,CHI,2016-11,145.5,11,13.2273
8479482,Michal Kempny,D,CHI,2016-12,65.0,6,10.8333
8479482,Michal Kempny,D,CHI,2017-01,121.5,11,11.0455
8479482,Michal Kempny,D,CHI,2017-02,53.0,7,7.5714
8479482,Michal Kempny,D,CHI,2017-03,44.0,5,8.8
8479482,Michal Kempny,D,CHI,2017-04,11.0,2,5.5
8479483,Yohann Auvitu,D,NJD,2016-10,31.5,8,3.9375
8479483,Yohann Auvitu,D,NJD,2016-11,46.5,10,4.65
8479483,Yohann Auvitu,D,NJD,2016-12,20.0,6,3.3333
8479648,Roman Lyubimov,L,PHI,2016-10,51.0,7,7.2857
8479648,Roman Lyubimov,L,PHI,2016-11,63.0,7,9.0
8479648,Roman Lyubimov,L,PHI,2016-12,80.0,13,6.1538
8479648,Roman Lyubimov,L,PHI,2017-01,26.0,10,2.6
8479648,Roman Lyubimov,L,PHI,2017-02,28.0,7,4.0
8479648,Roman Lyubimov,L,PHI,2017-03,3.0,2,1.5
8479648,Roman Lyubimov,L,PHI,2017-04,7.5,1,7.5
8479969,Griffen Molino,C,VAN,2017-04,17.5,4,4.375
8480081,Michael Kapla,D,NJD,2017-03,6.0,1,6.0
8480081,Michael Kapla,D,NJD,2017-04,36.5,4,9.125
8480083,C.J. Smith,L,BUF,2017-04,1.5,2,0.75
8480087,Mike Vecchione,R,PHI,2017-04,10.5,2,5.25
