player_id,name,position,team,games_played,toi_min,weighted_total,raw_grit_per_60,grit_per_game,grit_z_pos,grit_z_vol,grit_z_blend,raw_blocked_shots,raw_blocked_shots_hd,raw_blocked_shots_non_hd,raw_crease_goals,raw_dz_faceoff_wins,raw_fighting_majors,raw_giveaways_dz,raw_giveaways_nz,raw_giveaways_oz,raw_hits_taken,raw_hits_thrown,raw_penalties_drawn,raw_physical_minors_taken,raw_takeaways_high_danger,raw_takeaways_other
8474600,Roman Josi,D,NSH,67,1686.2,948.5,33.75044478709524,14.156716417910447,-0.37044098282964427,0.6244172024848226,-0.07198352723530418,146,76,70,1,0,0,16,6,7,108,51,16,3,4,20
8476449,Scott Harrington,D,ANA,45,739.7,501.5,40.67865350817899,11.144444444444444,0.23132436735527756,-0.2796824999484937,0.07802230716414618,78,40,38,0,0,0,7,0,3,39,51,0,4,1,4
8475168,Matt Duchene,C,NSH,71,1300.7,487.5,22.487891135542398,6.866197183098592,-1.465844589324265,-1.2717829396749059,-1.4076260944294572,32,4,28,7,20,0,15,9,36,62,27,12,2,5,30
8474053,Logan Couture,C,SJS,82,1568.8,1494.0,57.1392146863845,18.21951219512195,0.6101831370418243,1.5609315209442112,0.8954076522125403,70,25,45,12,247,1,12,2,21,69,128,5,1,8,63
8475793,Ryan Johansen,C,NSH,55,867.0,669.0,46.29757785467128,12.163636363636364,-0.03936026723259808,0.04995723533722728,-0.012565016461650468,19,8,11,5,138,0,6,6,9,49,49,6,1,2,18
8479983,Mario Ferraro,D,SJS,72,1555.4,1251.5,48.27697055419827,17.381944444444443,0.8912935025372519,1.592433279636658,1.1016354356670737,145,82,63,0,0,0,18,6,3,154,129,11,2,10,32
8478099,Kevin Labanc,R,SJS,72,1031.5,500.5,29.112942317014056,6.951388888888889,-0.5746791464562446,-0.8006929293791021,-0.6424832813331018,28,3,25,1,1,0,9,5,12,56,70,6,5,2,35
8476988,Matt Benning,D,SJS,77,1523.0,1039.5,40.95206828627708,13.5,0.25507243071647995,0.42731112333728194,0.30674403850272053,125,86,39,0,0,0,34,4,5,129,102,20,3,5,13
8478508,Yakov Trenin,C,NSH,77,1166.3,902.0,46.40315527737289,11.714285714285714,-0.033034919905382265,-0.062158220012701236,-0.041771909937577956,30,8,22,5,3,1,20,8,15,81,167,11,4,9,35
8476925,Colton Sissons,C,NSH,82,1297.8,1710.5,79.07998150716598,20.859756097560975,1.924696858021136,2.219686877778759,2.013193863948423,72,19,53,5,336,0,12,3,12,71,164,19,3,3,29
8482062,Cole Smith,L,NSH,69,879.2,1043.0,71.17834394904459,15.115942028985508,1.9283938268521639,1.6225156933784548,1.836630386810051,25,4,21,3,0,6,8,4,3,116,198,15,5,2,27
8474578,Erik Karlsson,D,SJS,82,2100.4,707.5,20.21043610740811,8.628048780487806,-1.5464892793890854,-1.0349504807377328,-1.3930276397936796,90,52,38,3,0,0,50,17,34,98,33,14,0,14,67
8475798,Mikael Granlund,C,PIT,79,1408.2,913.0,38.90072432893055,11.556962025316455,-0.48252004970888207,-0.10141134460839933,-0.3681874381787372,60,16,44,4,63,0,7,6,20,124,78,11,3,3,35
8471709,Marc-Edouard Vlasic,D,SJS,78,1362.7,717.0,31.569677845453874,9.192307692307692,-0.5598564630987258,-0.8655944867353992,-0.6515778701897278,116,75,41,0,0,0,29,4,4,77,45,5,1,14,20
8474151,Ryan McDonagh,D,NSH,71,1528.6,899.5,35.30681669501505,12.669014084507042,-0.23525875551925857,0.177900005901229,-0.11131112709311229,165,109,56,1,0,0,48,3,8,51,63,6,1,8,39
8476881,Tomas Hertl,C,SJS,79,1523.2,1198.0,47.19012605042017,15.164556962025317,0.01411401921923029,0.7987034090515758,0.24949083616893392,57,20,37,10,171,0,7,3,29,79,91,15,1,5,45
8476887,Filip Forsberg,L,NSH,50,873.6,637.0,43.75,12.74,0.29628896685283496,0.9173450474144021,0.4826057910213051,20,5,15,9,0,0,8,4,17,44,86,18,2,4,30
8478851,Alexandre Carrier,D,NSH,43,769.2,668.0,52.10608424336973,15.534883720930232,1.223879894319874,1.038058686234987,1.168133531894408,67,42,25,1,0,1,6,3,3,118,57,8,2,0,14
8480009,Eeli Tolvanen,R,SEA,61,885.5,600.0,40.65499717673631,9.836065573770492,0.11212293922300176,0.05546824646573571,0.09512653139582194,51,5,46,3,1,0,2,2,8,47,91,5,1,1,19
8479393,Noah Gregor,C,SJS,57,739.5,632.0,51.27789046653144,11.087719298245615,0.25901988130695563,-0.21848998261908087,0.11576692212914466,34,6,28,5,2,2,5,1,4,39,97,9,4,4,21
8478904,Steven Lorentz,C,SJS,80,946.7,1049.5,66.5152635470582,13.11875,1.1719203350441425,0.288263334163565,0.9068232347799692,46,9,37,4,105,0,5,4,6,92,133,6,0,6,40
8478414,Timo Meier,R,NJD,78,1512.3,1164.5,46.20115056536402,14.929487179487179,0.4421430059356454,1.567176596270935,0.7796530830362323,37,7,30,14,4,1,13,7,45,127,154,27,3,3,55
8478067,Oskar Lindblom,L,SJS,73,771.9,452.5,35.17294986397202,6.198630136986301,-0.21408253926052567,-1.0241088919145585,-0.45709044505673546,24,7,17,6,2,0,7,1,5,59,64,3,0,1,14
8475799,Nino Niederreiter,R,WPG,78,1270.4,1089.0,51.43261964735516,13.961538461538462,0.7534379980618976,1.2798930622583562,0.9113745173208352,33,10,23,11,1,0,8,5,9,120,165,23,4,4,29
8481477,Nico Sturm,C,SJS,74,1090.0,1295.5,71.3119266055046,17.506756756756758,1.459297684101526,1.3830951238210971,1.4364369160173973,45,17,28,6,256,1,7,4,8,94,100,9,3,3,37
8479996,Cody Glass,C,NSH,72,1063.2,796.0,44.92099322799097,11.055555555555555,-0.12183411122544,-0.22651501309954192,-0.15323838178767057,31,12,19,7,102,0,7,5,11,75,62,9,3,5,30
8474009,Nick Bonino,C,PIT,62,986.7,704.0,42.809364548494976,11.35483870967742,-0.24834586423225866,-0.15184222214792226,-0.21939477160695772,79,21,58,5,100,0,8,3,6,36,19,4,0,5,35
8478431,Evgeny Svechnikov,L,SJS,59,634.1,606.0,57.34111338905535,10.271186440677965,1.1050188798322098,0.1846104810178958,0.8288963601879156,21,2,19,4,1,0,5,2,14,64,100,10,2,3,21
8477034,Jaycob Megna,D,SEA,54,1018.8,621.0,36.57243816254417,11.5,-0.12533032000727562,-0.17296648133931988,-0.13962116840688887,66,29,37,0,0,1,18,5,3,76,86,5,2,3,11
8479371,Dante Fabbro,D,NSH,79,1378.3,1093.5,47.602118551839226,13.841772151898734,0.8326776946319927,0.5298902076807519,0.7418414485466204,129,86,43,0,0,0,38,1,3,165,113,8,8,3,16
8478468,Jeremy Lauzon,D,NSH,67,1128.4,1267.5,67.39631336405529,18.917910447761194,2.551947574096378,2.0534362763044944,2.402394184758813,75,51,24,1,0,4,19,2,2,105,250,10,9,0,3
8476453,Nikita Kucherov,R,TBL,88,1772.4,777.5,26.320243737305347,8.835227272727273,-0.7408567666918469,-0.24157679194101425,-0.5910727742665971,28,10,18,7,0,0,20,21,57,107,61,38,3,8,49
8475184,Chris Kreider,L,NYR,86,1589.3,950.0,35.86484615868621,11.046511627906977,-0.17291172313993033,0.41472407656884896,0.0033790167727034692,24,4,20,27,3,0,13,4,22,64,128,11,4,8,23
8479323,Adam Fox,D,NYR,89,2160.6,870.0,24.159955567897807,9.775280898876405,-1.2034447700672053,-0.6906216067205466,-1.0495978210632078,125,71,54,3,0,0,38,9,27,97,25,14,2,12,76
8477426,Nick Paul,L,TBL,86,1392.5,1251.5,53.9245960502693,14.55232558139535,0.9017213507045382,1.4552364544178897,1.0677758818185437,46,18,28,3,176,1,16,6,13,122,111,18,3,5,55
8482109,Alexis Lafrenière,L,NYR,88,1333.2,899.5,40.481548154815485,10.221590909090908,0.10180197372231328,0.1698907140288381,0.12222859581427072,28,3,25,7,1,1,8,5,23,127,141,14,1,3,29
8479525,Ross Colton,C,TBL,87,1081.2,1248.0,69.25638179800222,14.344827586206897,1.3361460241973528,0.5941764269132292,1.1135551450121157,28,8,20,11,40,2,6,3,11,118,188,17,11,5,33
8482073,Braden Schneider,D,NYR,88,1378.2,1189.5,51.78493687418372,13.517045454545455,1.1959859080300161,0.4324271256498668,0.9669182733159714,130,83,47,0,0,2,43,3,6,182,147,8,1,8,15
8470621,Corey Perry,R,TBL,87,1003.1,587.5,35.141062705612605,6.752873563218391,-0.2159799628245096,-0.8596115303925291,-0.40906943309491545,25,9,16,5,0,9,10,6,10,83,48,16,5,8,22
8471817,Ryan Reaves,R,MIN,73,680.4,869.0,76.63139329805998,11.904109589041095,2.2528738013223033,0.6692559215602949,1.7777884373937007,24,4,20,4,1,7,10,3,3,55,196,7,2,4,11
8480817,K'Andre Miller,D,NYR,86,1891.1,1060.0,33.63121992491143,12.325581395348838,-0.3807965298160475,0.0748225298934636,-0.24411081190319414,105,62,43,2,0,0,55,5,8,93,162,4,4,11,50
8477930,Pierre-Edouard Bellemare,L,TBL,79,891.5,869.0,58.485698261357264,11.0,1.1731266203591668,0.4009196005774852,0.9414645144246623,48,16,32,2,119,2,13,2,6,107,67,9,1,2,28
8481554,Kaapo Kakko,R,NYR,89,1349.2,564.5,25.103765194189148,6.342696629213483,-0.8132424909628162,-0.9813504996026907,-0.8636748935547784,27,3,24,11,0,0,4,9,17,90,26,14,1,3,44
8479542,Brandon Hagel,L,TBL,87,1636.5,1154.5,42.32813932172319,13.270114942528735,0.21168211900344616,1.0746811658456255,0.47058183305609996,58,15,43,11,5,0,14,12,22,189,68,30,8,12,80
8475167,Victor Hedman,D,TBL,81,1920.8,997.0,31.143273635985004,12.308641975308642,-0.5968927720151266,0.06973835265029396,-0.39690343461550043,136,78,58,0,0,0,48,12,19,103,95,13,6,6,42
8479324,Ryan Lindgren,D,NYR,70,1326.0,826.5,37.39819004524887,11.807142857142857,-0.05360775926087774,-0.08078099204969896,-0.061759729097524106,92,46,46,0,0,1,11,3,3,120,68,11,10,5,8
8474564,Steven Stamkos,C,TBL,87,1655.7,1157.5,41.946004710998366,13.304597701149426,-0.30007141976101204,0.33463335648403036,-0.10965998688749931,51,23,28,8,177,0,11,5,38,89,92,17,4,5,20
8476624,Barclay Goodrow,C,NYR,89,1248.4,1179.0,56.66453059916693,13.247191011235955,0.5817438964776784,0.3203100720087954,0.5033137491370135,64,16,48,8,118,6,14,7,12,100,122,12,6,3,27
8474034,Patrick Maroon,L,TBL,86,887.0,957.5,64.76888387824125,11.133720930232558,1.5470032860683793,0.44060746905265585,1.2150845409636624,12,6,6,4,0,12,8,2,9,111,172,9,11,8,18
8480078,Filip Chytil,C,NYR,81,1191.9,741.5,37.32695695947646,9.154320987654321,-0.5768074926991373,-0.7008834815001159,-0.6140302893394309,38,12,26,7,73,0,13,0,22,98,36,18,3,1,29
8476885,Jacob Trouba,D,NYR,89,1896.1,1563.0,49.45941669743158,17.56179775280899,0.9939975557930689,1.6464142362057739,1.1897225599168804,196,111,85,0,0,5,37,6,6,82,218,12,5,9,23
8476480,Vladislav Namestnikov,C,WPG,77,972.1,872.5,53.85248431231354,11.331168831168831,0.4132687716886696,-0.15774798685729297,0.24196374412488084,39,8,31,6,14,1,2,5,4,108,108,16,4,3,31
8478550,Artemi Panarin,L,NYR,89,1743.1,308.0,10.601801388331134,3.460674157303371,-1.6761719354471845,-1.836723915033849,-1.7243375293231837,11,1,10,5,2,0,31,22,49,44,26,16,4,3,33
8479984,Cal Foote,D,NSH,50,756.1,537.0,42.61341092448089,10.74,0.39937212991772897,-0.4010719711164285,0.15923889960748172,52,34,18,0,0,3,14,1,1,67,58,4,11,0,8
8479410,Mikhail Sergachev,D,TBL,85,2042.6,1286.5,37.79007147752864,15.135294117647058,-0.019570004796413694,0.9181263412787386,0.261738899026132,149,91,58,0,0,1,28,9,8,133,128,12,9,13,42
8476918,Jimmy Vesey,L,NYR,88,1169.6,687.0,35.242818057455544,7.806818181818182,-0.20992508016071,-0.5468047369432414,-0.31098897719546936,40,9,31,3,1,2,10,5,14,49,98,10,2,4,52
8478416,Erik Cernak,D,TBL,71,1356.3,1296.0,57.332448573324484,18.253521126760564,1.6778276732945876,1.8540272612130084,1.7306875496701135,100,59,41,0,0,1,23,4,4,123,209,15,10,4,17
8476389,Vincent Trocheck,C,NYR,89,1708.5,1577.0,55.38191395961369,17.719101123595507,0.5048998561020167,1.4360762097804074,0.7842527622055339,44,13,31,7,219,2,19,5,40,104,182,21,7,4,51
8478010,Brayden Point,C,TBL,88,1736.2,913.5,31.56894367008409,10.380681818181818,-0.921781191034896,-0.39489971773656674,-0.7637167490453971,37,12,25,23,71,1,12,8,25,99,37,16,0,5,46
8473986,Alex Killorn,L,TBL,88,1529.9,668.5,26.217399830054248,7.596590909090909,-0.7469764231012046,-0.6091993997337517,-0.7056433160909686,31,6,25,8,1,1,17,15,22,115,61,15,4,6,34
8476459,Mika Zibanejad,C,NYR,89,1773.2,1313.5,44.44507105797429,14.758426966292134,-0.15034752772155918,0.6973717441954328,0.1039682538535384,48,20,28,14,255,0,24,7,36,71,71,24,0,3,54
8478911,Matt Roy,D,LAK,88,1669.2,1166.5,41.930265995686554,13.255681818181818,0.3400360209965372,0.35398175685690164,0.3442197417546465,153,89,64,2,0,0,44,1,0,191,119,2,7,2,5
8481032,Paul Cotter,C,VGK,55,705.5,903.0,76.79659815733523,16.418181818181818,1.7878949509535451,1.11148969697412,1.5849733747597177,17,2,15,6,2,1,5,3,3,132,168,10,1,2,15
8481481,Blake Lizotte,C,LAK,84,1077.5,1224.0,68.15777262180974,14.571428571428571,1.2703262263801243,0.6507146174723917,1.0844427437078044,39,12,27,6,124,1,12,0,4,178,96,31,3,5,27
8475191,Reilly Smith,R,VGK,100,1692.6,632.0,22.403403048564343,6.32,-0.9739256947982405,-0.9880867736735325,-0.9781740184608281,32,3,29,11,3,0,15,3,20,92,69,9,0,3,27
8477942,Kevin Fiala,L,LAK,72,1269.7,592.0,27.975112231235723,8.222222222222221,-0.6423849480278688,-0.4235143822400707,-0.5767237782915293,18,3,15,7,5,0,12,4,21,91,53,20,9,0,18
8475188,Brayden McNabb,D,VGK,103,2029.4,1684.5,49.80289740810092,16.354368932038835,1.0238313553304144,1.284017996031073,1.101887347540612,198,127,71,1,0,2,24,3,3,155,201,11,3,15,23
8477960,Adrian Kempe,R,LAK,88,1662.3,754.5,27.23335138061722,8.573863636363637,-0.686522920466189,-0.3191485348697571,-0.5763106047872594,32,8,24,8,5,1,22,4,13,63,119,14,7,2,22
8476448,William Karlsson,C,VGK,104,1814.3,1178.0,38.95717356556248,11.326923076923077,-0.47913806690501787,-0.15880732586404542,-0.38303884459272614,50,12,38,3,234,0,2,9,22,129,50,15,3,4,40
8481560,Arthur Kaliyev,R,LAK,58,678.3,307.0,27.156125608137994,5.293103448275862,-0.6911181872753955,-1.292865802742169,-0.8716424719154275,10,2,8,0,0,0,6,3,5,80,40,7,0,0,8
8474166,Alec Martinez,D,VGK,99,1908.9,1362.0,42.80999528524281,13.757575757575758,0.4164469123697614,0.5046196027274504,0.44289871947706805,244,176,68,2,0,1,20,5,5,145,48,7,3,9,20
8471303,Alexander Edler,D,LAK,68,994.4,843.5,50.89501206757844,12.404411764705882,1.118689461799207,0.09848258254017282,0.8126273980214966,104,63,41,0,0,0,24,1,2,104,106,5,3,0,6
8479336,Carl Grundstrom,R,LAK,63,671.5,660.5,59.01712583767684,10.484126984126984,1.20474885506864,0.24781043233993916,0.9176673282500297,17,6,11,3,1,0,11,1,3,67,144,5,2,1,13
8471685,Anze Kopitar,C,LAK,88,1800.5,1446.0,48.18661482921411,16.431818181818183,0.07381558677273366,1.1148920446075719,0.3861385241231851,87,39,48,12,306,0,31,3,15,87,68,11,0,6,40
8478434,Keegan Kolesar,R,VGK,96,1065.1,1326.0,74.69721152943386,13.8125,2.137781637152226,1.2356590081802603,1.867144848460636,31,2,29,6,3,6,9,1,6,124,279,14,7,1,13
8480434,Sean Durzi,D,LAK,78,1520.6,925.0,36.49875049322636,11.85897435897436,-0.13173063037846838,-0.06522434716659634,-0.11177874541490676,142,92,50,2,0,2,51,2,8,112,68,9,8,2,19
8480727,Zach Whitecloud,D,VGK,81,1421.0,925.5,39.078114004222385,11.425925925925926,0.0923058628820772,-0.19519898521623116,0.006054408452584696,97,67,30,1,0,1,19,1,5,140,90,5,7,6,18
8479998,Mikey Anderson,D,LAK,83,1803.3,1292.5,43.00449176509732,15.572289156626505,0.4333403471696116,1.0492855089058089,0.6181238956904708,129,79,50,0,0,0,25,2,4,165,162,14,8,1,17
8480336,Sean Walker,D,LAK,72,1065.4,812.5,45.757461986108495,11.284722222222221,0.6724558466859585,-0.23757969573159324,0.39944518396069295,104,68,36,0,0,0,28,2,2,116,77,8,5,2,11
8474563,Drew Doughty,D,LAK,87,2294.0,1013.5,26.508282476024412,11.649425287356323,-0.9994754872254449,-0.12811815455313674,-0.7380682874237524,104,67,37,1,0,0,52,4,3,160,115,19,3,7,15
8479353,Brett Howden,C,VGK,76,1013.0,819.0,48.50937808489635,10.776315789473685,0.09315295686958912,-0.2961868686344517,-0.023648990781623122,34,9,25,2,31,1,6,0,1,87,107,15,9,4,20
8478042,Viktor Arvidsson,R,LAK,83,1437.1,739.5,30.87467817131724,8.909638554216867,-0.4698482585548462,-0.21949180384160558,-0.394741322140874,48,10,38,11,2,0,15,2,18,178,25,24,0,0,19
8476479,Phillip Danault,C,LAK,88,1623.4,1422.0,52.556363188370085,16.15909090909091,0.33561565156795187,1.0468450919385401,0.5489844836791283,75,30,45,9,260,1,16,6,10,98,81,23,5,3,24
8476539,Jonathan Marchessault,R,VGK,98,1685.8,600.5,21.372642069047338,6.127551020408164,-1.0352604223812367,-1.0452049060177986,-1.0382437674722054,17,0,17,8,2,1,10,1,19,89,76,6,2,2,38
8478020,Michael Amadio,R,VGK,83,1011.8,573.5,34.00869737102194,6.909638554216867,-0.28336058811175263,-0.8130842714702456,-0.44227769311930054,27,3,24,6,9,0,2,4,7,92,56,7,0,4,32
8480113,Alex Iafallo,L,LAK,65,1075.1,463.5,25.867361175704588,7.130769230769231,-0.7678052339843204,-0.7474535194886914,-0.7616997196356317,33,9,24,6,2,0,4,1,4,50,27,12,4,2,26
8478462,Nicolas Roy,C,VGK,87,1389.7,990.5,42.7646254587321,11.385057471264368,-0.25102626951789914,-0.1443024751367017,-0.2190091312035399,41,8,33,6,151,0,7,3,3,74,83,11,0,6,39
8479675,Trevor Moore,L,LAK,65,1117.8,532.5,28.5829307568438,8.192307692307692,-0.6062171220925693,-0.432392902055029,-0.5540698560813071,23,4,19,4,1,0,9,5,6,87,60,13,1,4,23
8474565,Alex Pietrangelo,D,VGK,94,2242.4,1221.0,32.67035319300749,12.98936170212766,-0.46425479856675633,0.2740487561858092,-0.24276373214098662,177,112,65,3,1,0,32,4,16,164,65,6,4,16,40
8482124,Quinton Byfield,C,LAK,59,836.3,451.5,32.39268205189525,7.6525423728813555,-0.8724294334489915,-1.0755854953357886,-0.9333762520150306,16,3,13,0,14,0,10,2,7,89,53,10,3,3,13
8475913,Mark Stone,R,VGK,65,1249.3,486.5,23.365084447290485,7.484615384615385,-0.9167015004557832,-0.6424333136774706,-0.8344210444222895,23,5,18,10,0,0,5,2,15,45,31,10,2,5,42
8478403,Jack Eichel,C,VGK,89,1675.2,974.0,34.88538681948424,10.9438202247191,-0.7230866759186252,-0.25439359191879357,-0.5824787507186756,56,13,43,9,121,0,13,4,37,86,59,17,0,4,43
8476905,Chandler Stephenson,C,VGK,103,1943.5,1269.0,39.176742989452016,12.320388349514563,-0.4659832385998857,0.08906771687127238,-0.29946795195853826,56,10,46,5,204,0,6,0,24,125,74,16,3,4,60
8477447,Shea Theodore,D,VGK,76,1601.8,521.0,19.515545011861658,6.855263157894737,-1.6068456283800385,-1.5670322343053753,-1.5949016101576394,86,50,36,1,0,0,13,5,6,63,16,7,0,4,24
8474590,John Carlson,D,WSH,40,935.6,515.5,33.05899957246687,12.8875,-0.430498031984111,0.24347610690507243,-0.22830579031735598,87,49,38,0,0,0,20,1,12,38,42,5,0,3,18
8476854,Hampus Lindholm,D,BOS,87,2006.6,903.5,27.015847702581482,10.385057471264368,-0.9553897532937705,-0.5076039965900693,-0.8210540262826601,100,70,30,0,0,0,43,10,12,139,78,16,11,2,29
8477839,Conor Sheary,L,WSH,82,1292.8,646.5,30.00464108910891,7.884146341463414,-0.5216192204798482,-0.5238540303927438,-0.5222896634537169,39,8,31,4,7,0,12,5,17,96,57,14,2,4,44
8475762,Derek Forbort,D,BOS,61,1065.5,826.5,46.5415297982168,13.549180327868852,0.7405578425288716,0.4420720480424441,0.6510121041829433,88,56,32,1,0,1,16,4,4,98,106,4,3,5,9
8475343,Nic Dowd,C,WSH,65,867.8,1453.0,100.46093569946993,22.353846153846153,3.205671123095278,2.592470554037556,3.0217109523779615,61,21,40,4,258,0,17,6,11,85,136,20,7,3,25
8471276,David Krejci,C,BOS,74,1281.3,682.0,31.936314680402717,9.216216216216216,-0.8997712841935148,-0.6854402819760188,-0.835471983528266,38,14,24,4,102,0,8,7,21,70,41,12,2,1,16
8478401,Pavel Zacha,C,BOS,89,1439.2,544.0,22.679266259032794,6.112359550561798,-1.4543789360161061,-1.4598695699132482,-1.4560261261852487,21,7,14,3,35,0,15,11,9,63,67,9,3,3,28
8477365,Connor Clifton,D,BOS,81,1436.7,1520.0,63.47880559615787,18.765432098765434,2.211683513253797,2.0076716072543856,2.1504799414539737,120,77,43,2,0,4,29,9,9,198,208,16,14,6,14
8478443,Brandon Carlo,D,BOS,82,1552.1,1131.0,43.72140970298306,13.792682926829269,0.495609887726724,0.5151566264606872,0.5014739093469129,116,78,38,1,0,2,20,1,0,158,128,6,4,5,23
8480796,Martin Fehérváry,D,WSH,67,1340.0,1402.0,62.776119402985074,20.925373134328357,2.1506501033021133,2.6559537227895906,2.3022411891483565,128,50,78,0,0,1,23,2,8,153,217,16,5,2,11
8475225,Craig Smith,C,WSH,64,704.0,421.5,35.92329545454545,6.5859375,-0.6609035647696284,-1.341709270108014,-0.865145276371144,21,3,18,3,0,0,6,7,8,80,48,6,1,3,19
8475745,Charlie Coyle,C,BOS,89,1514.2,1228.0,48.65935807687228,13.797752808988765,0.10213854788995384,0.4576782648500241,0.20880046297797492,63,20,43,5,216,0,13,9,20,68,68,24,3,7,52
8471698,T.J. Oshie,R,WSH,58,970.0,849.0,52.51546391752577,14.637931034482758,0.8178719062574175,1.480643830488201,1.0167034835266524,34,7,27,5,1,3,9,4,13,57,125,22,5,6,38
8477511,Anthony Mantha,R,WSH,67,952.6,540.5,34.04366995591014,8.067164179104477,-0.28127956835099666,-0.4695350254600357,-0.3377562054837084,24,5,19,6,2,3,7,5,21,43,68,12,5,4,19
8474189,Lars Eller,C,COL,84,1242.5,1285.0,62.05231388329979,15.297619047619047,0.9045364000627178,0.8319031303331861,0.8827464191438583,42,15,27,4,255,0,15,3,18,118,93,15,1,8,32
8475744,Evgeny Kuznetsov,C,WSH,81,1462.8,773.0,31.706316652994257,9.54320987654321,-0.9135509102793375,-0.6038535675090893,-0.8206417074482629,29,6,23,9,136,0,25,5,33,34,43,15,5,8,35
8478440,Dylan Strome,C,WSH,81,1351.7,674.0,29.91788118665384,8.320987654320987,-1.020699533606568,-0.9088047257666014,-0.987131091254578,43,24,19,10,104,0,15,3,24,45,20,6,0,3,42
8475324,Nick Jensen,D,WSH,77,1587.5,1110.5,41.971653543307085,14.422077922077921,0.34363083072150574,0.7040624865323384,0.4517603274647555,128,73,55,2,0,0,49,3,7,169,107,17,1,10,26
8471214,Alex Ovechkin,L,WSH,73,1474.9,873.5,35.53461251610278,11.965753424657533,-0.19256205033420015,0.6875515798091228,0.07147203870879673,23,4,19,8,0,0,11,6,35,34,188,10,4,2,29
8477931,Tomas Nosek,L,BOS,73,912.0,893.0,58.75,12.232876712328768,1.188853714672497,0.7668327655540443,1.062247429936961,31,10,21,3,186,2,12,2,8,82,69,6,2,0,20
8481656,Aliaksei Protas,C,WSH,58,668.0,332.5,29.865269461077844,5.732758620689655,-1.0238516037105418,-1.5545820871097251,-1.1830707487302967,15,2,13,4,12,0,9,4,8,52,39,2,1,3,14
8475791,Taylor Hall,L,BOS,68,1073.0,587.5,32.851817334575955,8.639705882352942,-0.35219994397762,-0.29960680423425523,-0.33642200205461054,33,11,22,5,1,0,10,8,23,122,35,20,3,0,24
8478498,Jake DeBrusk,L,BOS,71,1186.6,708.5,35.8250463509186,9.97887323943662,-0.17527998349882182,0.09785302379525705,-0.09334008131059815,22,3,19,13,1,0,7,2,9,91,85,12,1,6,22
8470638,Patrice Bergeron,C,BOS,81,1415.1,1399.5,59.33856264574942,17.27777777777778,0.7419503215439959,1.3259636107568826,0.9171543083078619,54,24,30,4,362,0,7,2,12,69,66,13,3,3,35
8477956,David Pastrnak,R,BOS,89,1748.2,890.0,30.54570415284292,10.0,-0.48942363267742967,0.10412336676316515,-0.31135953284525125,33,10,23,9,1,0,19,20,70,130,91,29,5,5,47
8477845,Trevor van Riemsdyk,D,WSH,75,1429.9,816.5,34.261137142457514,10.886666666666667,-0.32608363500233045,-0.35705161344014447,-0.33537402853367465,160,78,82,1,0,1,33,2,5,92,21,9,2,6,24
8473422,Nick Foligno,L,BOS,66,810.8,848.0,62.752836704489404,12.848484848484848,1.427039776919555,0.949542941870622,1.2837907264048751,29,4,25,4,15,3,4,4,10,57,147,15,7,2,19
8476958,Jaccob Slavin,D,CAR,91,2009.3,808.5,24.142736276315134,8.884615384615385,-1.2049403908613148,-0.957944887454876,-1.130841739839383,103,38,65,2,0,0,28,6,6,122,36,7,0,10,78
8471669,Paul Stastny,C,CAR,88,1051.1,423.0,24.146132622966416,4.806818181818182,-1.3664961387563748,-1.7856093129098998,-1.4922300910024322,18,4,14,5,61,0,2,1,5,34,21,7,1,1,19
8480871,Adam Boqvist,D,CBJ,46,857.1,333.5,23.34616730836542,7.25,-1.2741282030711234,-1.448556391277099,-1.326456659532916,47,25,22,1,0,0,18,2,4,46,23,8,0,1,10
8478458,Jack Roslovic,C,CBJ,77,1266.4,742.5,35.17845862286797,9.642857142857142,-0.7055281780809299,-0.5789910271893934,-0.667567032813469,53,17,36,1,122,0,13,8,24,53,42,16,0,1,30
8479369,Andrew Peeke,D,CBJ,80,1699.8,1507.0,53.19449346981998,18.8375,1.3184161569625046,2.0293019808179626,1.5316819041191418,197,112,85,0,0,0,25,2,4,112,180,14,5,6,18
8482093,Seth Jarvis,C,CAR,97,1627.3,896.5,33.05475327229153,9.242268041237113,-0.8327634677794549,-0.6789402085275096,-0.7866164900038712,48,12,36,11,3,0,6,7,17,179,73,14,1,4,33
8476374,Sean Kuraly,C,CBJ,71,1070.2,1662.0,93.17884507568678,23.408450704225352,2.769387007751091,2.855600182426284,2.795250960153649,46,14,32,2,323,0,9,2,6,67,187,17,8,7,23
8476921,Jordan Martinook,L,CAR,97,1554.9,788.5,30.426393980320274,8.128865979381443,-0.49652310294742935,-0.4512221635182689,-0.4829328211186812,31,6,25,6,5,1,5,5,10,119,81,18,3,6,39
8480762,Eric Robinson,L,CBJ,72,1004.2,704.5,42.09320852419836,9.784722222222221,0.19770272246692455,0.04022973309480435,0.15046082565528848,32,3,29,5,0,0,8,5,4,64,124,10,0,0,30
8474613,Derek Stepan,C,CAR,84,794.5,510.5,38.55254877281309,6.0773809523809526,-0.503379919811166,-1.4685969223009987,-0.7929450205581159,21,5,16,3,91,0,5,4,1,52,29,5,1,2,22
8479671,Mathieu Olivier,R,CBJ,66,767.6,1000.5,78.20479416362689,15.159090909090908,2.346497944441901,1.6353221184870432,2.1331451966554438,58,13,45,2,0,9,3,4,1,62,178,8,12,3,14
8476869,Brady Skjei,D,CAR,96,2123.1,643.5,18.18567189487071,6.703125,-1.722354787264384,-1.612694798805857,-1.689456790726826,62,34,28,2,0,0,31,9,14,74,71,7,5,7,40
8477488,Brett Pesce,D,CAR,97,2156.6,882.5,24.552536399888712,9.097938144329897,-1.1693462676476734,-0.8939184498426613,-1.0867179223061696,110,61,49,1,0,1,19,1,6,114,37,15,5,10,50
8478427,Sebastian Aho,C,CAR,90,1768.9,1050.5,35.6323138673752,11.672222222222222,-0.6783368337165161,-0.07265329234234262,-0.49663177130426406,21,6,15,13,120,0,12,8,43,91,59,31,6,7,56
8476882,Teuvo Teravainen,L,CAR,74,1262.4,274.5,13.04657794676806,3.7094594594594597,-1.5306971772900726,-1.7628853743255644,-1.6003536364007198,18,3,15,6,5,0,14,7,28,43,15,1,0,4,32
8480829,Jesperi Kotkaniemi,C,CAR,97,1460.8,964.5,39.61527929901424,9.943298969072165,-0.4397096812180548,-0.5040291411858062,-0.4590055192083802,21,7,14,7,87,0,10,13,25,128,105,16,6,6,23
8480830,Andrei Svechnikov,R,CAR,64,1155.1,899.0,46.69725564886157,14.046875,0.47166339985191513,1.3052206254804917,0.721730567540488,17,4,13,6,1,1,8,11,30,89,140,24,10,3,32
8476346,Johnny Gaudreau,L,CBJ,80,1553.5,409.0,15.796588348889603,5.1125,-1.3670596878853352,-1.3464682260043241,-1.3608822493210317,18,3,15,8,0,0,7,9,34,30,5,23,2,5,44
8476432,Boone Jenner,C,CBJ,68,1374.1,1549.0,67.6369987628266,22.779411764705884,1.2391256585625812,2.6986515116299343,1.676983414482787,70,16,54,12,267,1,6,0,19,70,129,22,1,4,24
8475177,Calvin de Haan,D,CAR,53,717.2,551.0,46.09592861126603,10.39622641509434,0.7018541364046281,-0.5042517631655576,0.3400223665335724,49,24,25,0,0,0,16,1,0,70,84,3,3,1,14
8482705,Cole Sillinger,C,CBJ,64,851.8,754.5,53.14627846912421,11.7890625,0.3709586155172421,-0.04350100121914588,0.24662073049632569,36,16,20,2,69,0,4,4,7,70,105,4,2,1,16
8474679,Gustav Nyquist,C,MIN,51,898.6,398.0,26.574671711551304,7.803921568627451,-1.2209976709974562,-1.037815554453083,-1.166043036034144,30,7,23,3,4,0,3,4,12,35,41,5,1,4,27
8473533,Jordan Staal,C,CAR,96,1583.7,1550.5,58.74218602007956,16.151041666666668,0.7062202459400816,1.0448367617382388,0.8078052006795287,39,12,27,5,326,0,11,7,12,95,155,13,2,1,32
8478970,Jalen Chatfield,D,CAR,93,1333.5,764.5,34.39820022497188,8.220430107526882,-0.31417870875556736,-1.157292661050952,-0.5671128944441827,63,36,27,1,0,1,16,2,3,151,78,4,5,2,26
8480039,Martin Necas,C,CAR,97,1803.0,791.5,26.339434276206322,8.15979381443299,-1.235091200133187,-0.9490234742757278,-1.1492708823759492,21,6,15,8,53,0,21,8,36,110,57,28,3,3,42
8475790,Erik Gudbranson,D,CBJ,70,1490.9,1100.5,44.28868468710175,15.721428571428572,0.5448818486638262,1.0940480342459362,0.7096317043384591,137,70,67,1,0,3,29,3,2,115,119,9,11,7,6
8475855,Jesper Fast,R,CAR,95,1430.1,792.0,33.22844556324733,8.336842105263157,-0.32978893864789804,-0.38949563263328313,-0.34770094684351355,40,7,33,4,1,0,9,7,11,133,104,16,1,2,22
8470613,Brent Burns,D,CAR,97,2293.6,636.5,16.650680153470525,6.561855670103093,-1.855679991509985,-1.6550952062882494,-1.7955045559434641,86,41,45,4,0,0,26,13,13,47,40,8,3,14,41
8479339,Patrik Laine,L,CBJ,55,1051.7,292.5,16.68726823238566,5.318181818181818,-1.3140603901786216,-1.2854226370038786,-1.3054690642261986,27,3,24,0,5,0,14,7,19,40,27,8,2,0,24
8481540,Cole Caufield,R,MTL,46,830.3,293.0,21.17306997470794,6.369565217391305,-1.0471358234516293,-0.9733760038236053,-1.025007877563222,12,1,11,8,0,0,13,2,8,40,18,10,0,3,16
8478047,Michael Bunting,L,TOR,89,1397.2,948.0,40.70999141139421,10.651685393258427,0.11539533356893295,0.29754113711407043,0.1700390746324742,18,2,16,9,0,1,14,11,13,96,85,42,20,8,41
8476981,Josh Anderson,R,MTL,69,1170.2,898.5,46.06904802597846,13.021739130434783,0.4342823346187783,1.0009641602455672,0.6042868823068149,49,8,41,6,1,2,14,1,10,67,139,16,8,1,29
8482964,Arber Xhekaj,D,MTL,51,778.8,801.5,61.748844375963024,15.715686274509803,2.0614237908079582,1.0923245481260662,1.7706940180033905,46,27,19,0,0,9,35,3,0,70,159,7,8,3,11
8477021,Alexander Kerfoot,C,TOR,93,1354.7,826.5,36.60589060308555,8.887096774193548,-0.6200079709210126,-0.7675573906531922,-0.6642727968406664,46,11,35,4,18,0,18,8,12,186,54,18,3,8,37
8480887,Jordan Harris,D,MTL,65,1212.4,795.5,39.36819531507753,12.238461538461538,0.11750153591046436,0.04867448038742515,0.09685341925355259,98,53,45,1,0,0,24,1,4,160,53,10,1,3,15
8477989,Christian Dvorak,C,MTL,64,1079.1,794.0,44.147901028634976,12.40625,-0.16815155819237926,0.11049067031571987,-0.08455888963994951,66,21,45,4,212,0,25,3,6,41,13,6,0,3,17
8475166,John Tavares,C,TOR,91,1618.5,1286.5,47.692307692307686,14.137362637362637,0.044200691397880645,0.5424127825467717,0.19366431874254797,36,13,23,19,176,0,17,6,31,118,112,8,2,10,36
8478843,Denis Malgin,C,COL,65,709.8,515.5,43.57565511411666,7.930769230769231,-0.20243591628036572,-1.0061663659593065,-0.443555051184048,18,4,14,5,2,0,7,4,13,76,68,8,1,1,28
8470966,Mark Giordano,D,TOR,89,1641.9,978.0,35.73908276996163,10.98876404494382,-0.19771330092409192,-0.32640822860215896,-0.23632177922751202,147,89,58,0,0,1,42,4,2,172,60,7,6,4,16
8480144,David Kampf,C,TOR,93,1410.3,1366.0,58.11529461816635,14.688172043010752,0.6686619711491408,0.679842754918019,0.6720162062798043,29,10,19,2,343,0,18,3,9,136,74,10,1,8,49
8479944,Zachary Aston-Reese,C,TOR,83,894.8,940.5,63.064371926687535,11.331325301204819,0.9651707523316001,-0.15770894672380542,0.6283068426149784,43,6,37,2,1,1,3,2,7,130,163,8,4,3,15
8475227,Chris Wideman,D,MTL,46,621.5,383.5,37.02333065164923,8.33695652173913,-0.08616702578140283,-1.1223185626485108,-0.39701248684153523,51,33,18,0,0,1,33,1,3,68,25,6,9,3,4
8474149,Evgenii Dadonov,R,DAL,73,1074.8,408.0,22.77633048008932,5.589041095890411,-0.9517349028732988,-1.2050326234863014,-1.0277242190571996,43,4,39,3,0,0,19,4,9,59,33,9,3,2,19
8477979,Nicolas Aube-Kubel,R,WSH,53,601.6,623.5,62.184175531914896,11.764150943396226,1.3932019825133017,0.6277167226431447,1.1635564045522546,9,0,9,2,2,1,9,2,7,84,117,11,5,1,13
8478133,Jake Evans,C,MTL,54,782.5,735.5,56.39616613418531,13.62037037037037,0.5656656630083046,0.413420372031752,0.5199920757153388,41,9,32,1,175,2,19,3,7,57,27,12,3,1,18
8474673,TJ Brodie,D,TOR,69,1487.3,774.0,31.22436630135144,11.217391304347826,-0.5898492838443444,-0.2577883167827527,-0.49023099372586687,111,62,49,0,0,0,26,9,8,108,47,15,2,6,20
8482087,Kaiden Guhle,D,MTL,44,902.7,652.0,43.33665669657693,14.818181818181818,0.4621912889293038,0.8229486355104968,0.5704184929036616,77,49,28,0,0,1,45,3,3,76,84,9,3,5,18
8481523,Kirby Dach,C,MTL,58,1072.8,752.0,42.05816554809844,12.96551724137931,-0.29335164736067276,0.2500309191618049,-0.13033687740392946,38,11,27,10,29,1,16,3,12,117,53,17,4,4,23
8480018,Nick Suzuki,C,MTL,82,1729.8,1200.0,41.62330905306972,14.634146341463415,-0.3194047399458781,0.6663630456123085,-0.0236744042784221,56,17,39,16,208,1,26,4,22,75,50,25,3,4,38
8477939,William Nylander,R,TOR,93,1726.7,687.0,23.87212602073319,7.387096774193548,-0.886530338180185,-0.6713764699774777,-0.8219841777193728,26,7,19,19,1,0,16,5,16,98,18,17,2,8,62
8475233,David Savard,D,MTL,62,1388.0,898.5,38.84005763688761,14.491935483870968,0.07162893483038386,0.7250294514631773,0.2676490898202219,176,122,54,1,0,0,57,1,3,75,61,7,2,5,10
8478483,Mitch Marner,R,TOR,91,1967.5,811.5,24.747141041931386,8.917582417582418,-0.8344631673979062,-0.2171340951127746,-0.6492644457123666,45,8,37,9,0,0,34,10,50,117,53,21,1,10,94
8475714,Calle Jarnkrok,C,TOR,84,1208.8,591.0,29.334877564526803,7.035714285714286,-1.055628406736962,-1.2294874913945406,-1.1077861321342355,19,5,14,7,13,0,4,3,5,116,50,11,3,3,18
8474884,Mike Hoffman,L,MTL,67,1050.1,277.5,15.855632796876492,4.141791044776119,-1.3635462883634972,-1.6345709880446053,-1.4448536982678295,24,3,21,3,7,0,18,4,19,32,24,4,4,5,14
8479318,Auston Matthews,C,TOR,85,1752.2,1304.0,44.65243693642278,15.341176470588236,-0.13792383739614686,0.8427709466301404,0.1562845978117393,92,37,55,11,123,0,21,4,30,99,78,28,0,14,54
8475718,Justin Holl,D,TOR,88,1777.3,1337.0,45.13588026782198,15.193181818181818,0.6184669506478035,0.9355006863873597,0.7135770713696704,139,86,53,0,0,1,48,4,4,242,151,11,3,5,23
8476853,Morgan Rielly,D,TOR,76,1676.4,673.5,24.105225483178238,8.861842105263158,-1.2081984762447768,-0.9647800322449691,-1.1351729430448345,85,54,31,0,0,1,41,8,16,104,70,7,4,6,14
8480873,Rasmus Sandin,D,WSH,71,1372.2,1012.0,44.250109313511146,14.253521126760564,0.5415312967200573,0.6534720518598046,0.5751135232619815,87,52,35,1,0,3,33,6,9,162,136,9,3,2,23
8480192,Johnathan Kovacevic,D,MTL,77,1341.3,693.0,30.99977633639007,9.0,-0.6093565568428776,-0.9233134871850722,-0.7035436359455359,86,53,33,0,0,1,82,8,0,102,93,12,3,6,30
8477495,Seth Jones,D,CHI,72,1760.5,986.5,33.62113036069299,13.70138888888889,-0.38167288189918347,0.4877557432526343,-0.12084429435363808,125,74,51,3,0,0,39,10,17,96,106,7,2,11,35
8477476,Artturi Lehkonen,L,COL,71,1454.3,816.0,33.66568108368288,11.492957746478874,-0.303771537845541,0.5472276031620094,-0.04847179554327588,43,12,31,8,1,0,1,3,8,135,93,9,2,4,22
8475797,Jarred Tinordi,D,CHI,44,724.1,851.0,70.51512222068776,19.34090909090909,2.822838821650724,2.18039458244963,2.6301055498903954,68,47,21,1,0,4,16,3,1,65,139,9,6,1,10
8478542,Evan Rodrigues,C,COL,76,1366.3,665.5,29.224914001317426,8.756578947368421,-1.0622165362142593,-0.8001223053961177,-0.9835882669688167,27,8,19,8,40,0,10,3,19,108,34,18,4,2,27
8476473,Connor Murphy,D,CHI,80,1551.2,1403.0,54.26766374419804,17.5375,1.4116288057102089,1.6391215377781723,1.4798766253305977,160,94,66,1,0,5,32,2,3,122,165,21,6,4,22
8481618,Alex Newhook,C,COL,89,1208.9,727.5,36.10720489701381,8.174157303370787,-0.6498851948321963,-0.9454397048853819,-0.7385515478481519,26,9,17,4,73,0,7,2,11,125,60,7,2,4,22
8473446,Erik Johnson,D,COL,70,1185.9,876.0,44.32076903617506,12.514285714285714,0.5476686078872889,0.13146001817524244,0.422806030973675,102,48,54,0,0,0,7,5,5,93,121,1,1,1,15
8478043,Sam Lafferty,C,TOR,70,1022.6,1021.5,59.93545863485234,14.592857142857143,0.777711513214386,0.6560611637535301,0.7412164083761292,33,9,24,5,131,3,15,6,13,83,125,12,3,1,26
8479398,Samuel Girard,D,COL,83,1781.1,873.0,29.408792319353207,10.518072289156626,-0.7475450977332913,-0.4676810884546397,-0.6635858949496958,116,58,58,1,0,0,18,4,14,101,67,10,0,11,31
8477501,Valeri Nichushkin,R,COL,55,1114.3,595.5,32.064973525980434,10.827272727272728,-0.39902054701712153,0.34965479655501197,-0.1744179439454815,37,9,28,11,0,0,6,2,18,62,54,11,0,4,27
8477456,J.T. Compher,L,COL,89,1842.8,1454.0,47.34100282179293,16.337078651685392,0.5099691353897216,1.9849444439685187,0.9524617279633607,82,24,58,10,340,1,5,3,20,97,37,15,3,4,24
8477492,Nathan MacKinnon,C,COL,78,1750.7,1085.0,37.18512594962015,13.91025641025641,-0.5853048624601561,0.4857485313620595,-0.2639888443134914,40,11,29,6,172,0,7,3,37,73,53,33,6,2,41
8473604,Jonathan Toews,C,CHI,53,938.7,738.0,47.171620325982744,13.924528301886792,0.013005305522559648,0.48930944672104976,0.1558965478821067,23,4,19,8,203,1,14,8,20,31,9,10,2,6,31
8478420,Mikko Rantanen,R,COL,89,1972.5,1115.0,33.91634980988593,12.52808988764045,-0.2888556666195608,0.8544509241589181,0.05413631061398286,41,13,28,22,12,0,11,6,28,130,77,30,9,6,55
8480069,Cale Makar,D,COL,66,1736.8,724.0,25.011515430677107,10.969696969696969,-1.1294805984236218,-0.33213099773084337,-0.8902757182157882,78,40,38,1,0,0,27,3,18,44,65,21,4,9,41
8480025,MacKenzie Entwistle,R,CHI,66,786.5,702.5,53.59186268277177,10.643939393939394,0.8819222790877633,0.2952421536890532,0.7059182414681503,28,6,22,1,27,0,8,5,8,77,126,9,0,2,13
8471677,Jack Johnson,D,COL,83,1588.9,974.0,36.78016237648688,11.734939759036145,-0.10728796023183718,-0.10245194344056237,-0.10583715519445473,127,61,66,0,0,0,32,4,4,93,117,10,6,5,11
8481524,Bowen Byram,D,COL,49,1072.3,711.5,39.81161988249557,14.520408163265307,0.15601618678708737,0.7335752073559566,0.3292838929577481,54,30,24,4,0,2,17,0,3,116,82,7,5,2,11
8474870,Tyler Johnson,C,CHI,56,927.7,434.0,28.069418993209013,7.75,-1.1314444741021434,-1.0512692820232672,-1.1073919164784805,25,5,20,7,7,0,12,1,9,34,49,5,1,3,30
8480798,Philipp Kurashev,C,CHI,70,1219.4,556.5,27.382319173363946,7.95,-1.1726099515098554,-1.0013681833993107,-1.121237421076692,34,11,23,2,19,0,7,5,11,67,38,18,1,5,37
8476960,Andreas Athanasiou,C,CHI,81,1296.3,684.5,31.682480907197412,8.450617283950617,-0.9149789558511109,-0.8764614211029259,-0.9034236954266555,44,8,36,11,15,0,8,14,27,68,43,15,1,7,51
8481186,Logan O'Connor,R,COL,89,1250.9,942.5,45.20745063554241,10.589887640449438,0.383013570784336,0.2791997968221742,0.3518694385956874,50,10,40,3,1,1,5,4,11,144,116,14,6,5,37
8476278,Colin Blackwell,C,CHI,53,625.5,414.5,39.76019184652278,7.820754716981132,-0.4310276905839983,-1.0336155914723393,-0.6118040608505005,17,2,15,1,7,0,8,4,3,46,49,17,2,2,18
8476915,Jujhar Khaira,L,CHI,51,707.8,756.0,64.08589997174343,14.823529411764707,1.5063627955171714,1.5357287298675326,1.5151725758222798,40,7,33,4,72,3,7,8,5,35,108,2,5,2,21
8478038,Devon Toews,D,COL,87,2174.8,1002.0,27.64392128011771,11.517241379310345,-0.9008369920327237,-0.16779167440245252,-0.6809233967436423,138,74,64,3,0,0,25,6,8,58,93,14,3,4,41
8471699,Andrew Cogliano,C,COL,83,1035.2,720.0,41.73106646058733,8.674698795180722,-0.3129487855174808,-0.8205518531444324,-0.4652297058055662,54,7,47,5,16,0,5,1,3,90,55,23,1,2,22
8479390,Taylor Raddysh,R,CHI,78,1292.3,637.5,29.598390466609924,8.173076923076923,-0.5457928861080075,-0.4381005219360733,-0.5134851768564273,38,10,28,8,1,0,9,6,14,62,82,9,1,2,31
8474683,Derek Grant,C,ANA,46,682.9,627.0,55.08859276614439,13.630434782608695,0.4873264168225735,0.4159314981702361,0.46590794122687224,26,8,18,2,155,0,8,3,3,26,36,5,4,2,16
8476470,Nathan Beaulieu,D,ANA,52,792.1,515.5,39.04809998737533,9.913461538461538,0.08969892708012019,-0.6491482350491243,-0.13195522155865316,80,55,25,0,0,5,13,2,1,32,49,2,2,1,9
8476826,Yanni Gourde,C,SEA,95,1662.8,1374.0,49.579023334135194,14.463157894736842,0.15723746987635548,0.6237004888940092,0.29717637558165155,54,14,40,6,156,4,8,3,16,103,118,27,6,11,54
8479368,Max Jones,L,ANA,69,877.2,785.5,53.72777017783858,11.384057971014492,0.8900093616918373,0.5149065599409558,0.7774785211665729,18,5,13,6,1,3,4,3,11,67,110,25,10,1,21
8476467,Jamie Oleksiak,D,SEA,89,1739.2,1086.5,37.4827506899724,12.207865168539326,-0.04626305184335082,0.03949132256307308,-0.020536739521423653,115,72,43,4,0,5,29,2,7,101,126,5,6,9,33
8480806,Isac Lundeström,C,ANA,61,874.4,639.0,43.84720951509607,10.475409836065573,-0.18616656758368968,-0.37126455692222093,-0.24169596438524904,43,12,31,3,132,0,4,1,8,38,20,8,1,2,21
8475164,Jakob Silfverberg,R,ANA,81,1229.5,409.5,19.983733224888166,5.055555555555555,-1.117906493863332,-1.363369122652084,-1.1915452824999577,51,12,39,1,8,0,11,5,3,61,10,12,1,3,25
8475764,Cam Fowler,D,ANA,82,1982.2,565.5,17.11734436484714,6.896341463414634,-1.8151468084199278,-1.5547030408845466,-1.7370136781593133,104,59,45,2,0,0,34,3,11,72,18,4,0,8,26
8478407,Vince Dunn,D,SEA,95,2241.5,936.5,25.068034798126256,9.857894736842105,-1.1245714800187787,-0.6658259883369508,-0.9869478325142302,80,51,29,0,0,1,43,6,5,100,115,21,6,10,40
8480031,Maxime Comtois,L,ANA,64,883.9,594.5,40.35524380586039,9.2890625,0.0942863197640712,-0.10688020571420301,0.03393636212058893,27,4,23,3,6,4,17,3,16,80,81,16,5,0,11
8475768,Jaden Schwartz,C,SEA,85,1492.6,630.5,25.345035508508644,7.41764705882353,-1.2946675510848518,-1.1341931665013125,-1.24652523570979,25,6,19,11,7,0,6,3,22,88,55,8,1,7,37
8475179,Dmitry Kulikov,D,PIT,67,1304.8,798.0,36.69527896995709,11.91044776119403,-0.1146607018612635,-0.04977518187210677,-0.09519504586451648,108,61,47,1,0,0,42,0,3,76,96,7,4,5,14
8477987,Ryan Donato,C,SEA,85,926.1,675.0,43.731778425655975,7.9411764705882355,-0.1930822671185334,-1.00356970245625,-0.43622849771984834,12,5,7,8,13,2,3,6,6,85,69,16,7,3,33
8474031,Kevin Shattenkirk,D,ANA,75,1447.8,834.0,34.562784915043515,11.12,-0.2998833305931523,-0.28701922622787446,-0.29602409928356893,115,70,45,0,0,0,28,4,1,73,79,4,9,10,21
8479293,Brandon Tanev,L,SEA,96,1353.7,1239.5,54.93831720469823,12.911458333333334,0.9620421351420257,0.9682332350038159,0.9638994651005628,68,13,55,8,1,2,14,3,7,105,190,25,6,6,27
8476458,Ryan Strome,C,ANA,82,1397.2,695.5,29.866876610363583,8.481707317073171,-1.0237553162924666,-0.8687042870575726,-0.9772400075219984,24,8,16,7,124,3,17,1,30,54,29,10,8,4,25
8478840,Will Borgen,D,SEA,96,1589.0,1239.0,46.78414096916299,12.90625,0.7616303884235874,0.24910370944891577,0.6078723847311859,89,49,40,0,0,3,19,2,2,131,203,15,8,2,12
8474602,Justin Schultz,D,SEA,87,1521.3,533.5,21.0412147505423,6.132183908045977,-1.474330107915164,-1.7840563743506594,-1.5672479878458128,72,45,27,2,0,0,21,1,2,97,30,2,5,3,11
8482665,Matty Beniers,C,SEA,94,1616.5,1153.5,42.814723167336844,12.27127659574468,-0.24802481902674373,0.07681406452894064,-0.1505731539600384,48,15,33,6,127,0,11,15,22,158,79,24,1,6,49
8478873,Troy Terry,R,ANA,70,1355.8,571.0,25.269213748340466,8.157142857142857,-0.8033975878286029,-0.4428296926946534,-0.695227219288418,23,7,16,7,0,0,11,3,13,90,12,32,3,5,38
8482745,Mason McTavish,C,ANA,80,1230.0,802.5,39.146341463414636,10.03125,-0.46780465274831895,-0.4820848758437635,-0.47208871967695226,37,19,18,8,98,0,12,7,13,47,55,22,3,4,25
8477369,Carson Soucy,D,SEA,92,1474.8,1064.5,43.30756712774614,11.570652173913043,0.45966464816559255,-0.15176102247846182,0.2762369469723762,96,65,31,1,0,2,22,4,6,108,143,8,10,5,24
8474586,Jordan Eberle,R,SEA,96,1621.8,530.5,19.62634110247873,5.526041666666667,-1.1391728678374062,-1.2237306168123603,-1.1645401925298924,25,3,22,8,0,0,9,5,19,66,44,9,0,8,47
8476457,Adam Larsson,D,SEA,96,2290.9,1549.5,40.58230389803134,16.140625,0.22295570249184218,1.2198651482618579,0.5220285362228468,173,102,71,2,0,1,19,7,4,107,222,6,5,8,24
8477505,Alexander Wennberg,C,SEA,96,1802.8,1267.0,42.16773907255381,13.197916666666666,-0.2867868858585259,0.30801585236888085,-0.10834606439030386,63,15,48,10,246,0,11,5,10,94,43,10,1,5,79
8477416,Oliver Bjorkstrand,R,SEA,95,1511.4,681.5,27.05438666137356,7.173684210526316,-0.6971720937662113,-0.7347165151225709,-0.7084354201731191,38,8,30,4,5,0,7,4,9,101,63,12,1,6,50
8481533,Trevor Zegras,C,ANA,81,1525.0,802.5,31.57377049180328,9.907407407407407,-0.921492006822219,-0.5129842829778108,-0.7989396896688965,29,10,19,12,36,0,18,4,53,96,46,28,11,4,27
8478366,Frank Vatrano,R,ANA,81,1351.0,855.0,37.97187268689859,10.555555555555555,-0.04753454968638227,0.2690101633266762,0.04742886421753527,75,18,57,7,2,0,15,2,17,70,86,22,9,2,19
8477934,Leon Draisaitl,C,EDM,92,2016.4,1430.0,42.551081134695494,15.543478260869565,-0.26382012245276987,0.8932463545732982,0.08329982065505054,40,16,24,16,246,0,24,11,67,134,66,22,4,15,62
8476454,Ryan Nugent-Hopkins,C,EDM,94,1865.2,889.0,28.5974694402745,9.457446808510639,-1.0998079518371426,-0.6252519240900215,-0.9574411435130062,26,11,15,12,141,1,8,3,20,65,48,10,0,7,49
8480012,Elias Pettersson,C,VAN,80,1644.4,1468.0,53.56360982729262,18.35,0.3959617433016232,1.5934889450464274,0.7552199038250644,89,32,57,18,165,0,15,6,26,91,74,39,1,10,46
8477335,Kyle Burroughs,D,VAN,48,833.4,1078.0,77.60979121670266,22.458333333333332,3.439062458193415,3.1160545609512273,3.3421600890207586,84,52,32,0,0,8,9,2,2,129,165,10,3,1,4
8478057,Dakota Joshua,C,VAN,79,910.2,1179.5,77.75214238628872,14.930379746835444,1.8451434514376879,0.7402749074982089,1.5136828882558442,30,2,28,8,5,4,4,2,7,105,222,17,3,2,28
8477498,Darnell Nurse,D,EDM,93,2180.0,1230.0,33.85321100917431,13.225806451612904,-0.3615149885205527,0.34501500011548997,-0.14955599192973984,164,119,45,1,0,2,57,7,12,81,146,9,10,6,35
8475169,Evander Kane,L,EDM,53,1003.6,739.5,44.21084097249901,13.952830188679245,0.32371099394640457,1.2773084796707133,0.6097902396636972,15,2,13,3,4,1,9,5,18,69,124,18,14,1,13
8474568,Luke Schenn,D,TOR,70,1144.8,1507.5,79.00943396226415,21.535714285714285,3.560631617094974,2.8391407849843424,3.3441843674617844,98,59,39,0,0,6,23,3,7,80,318,4,13,4,7
8480803,Evan Bouchard,D,EDM,94,1794.4,797.5,26.666295140436915,8.48404255319149,-0.9857509373220222,-1.0781723373277061,-1.0134773573237275,77,50,27,0,0,0,47,7,19,98,95,8,5,6,60
8478402,Connor McDavid,C,EDM,94,2120.2,1503.5,42.54787284218471,15.99468085106383,-0.26401233745422303,1.0058238793366414,0.1169385275830363,40,16,24,19,170,0,16,7,54,108,89,45,4,17,65
8479388,Riley Stillman,D,BUF,50,732.1,532.5,43.64157901925966,10.65,0.4886760118462064,-0.42808446332687555,0.21364786929428178,44,30,14,1,0,4,12,0,2,47,81,4,5,1,5
8475197,Tyson Barrie,D,NSH,85,1681.2,742.0,26.48108493932905,8.729411764705882,-1.0018377912281873,-1.0045275160530833,-1.002644708675656,90,49,41,2,0,0,32,6,10,113,55,12,2,11,21
8476468,J.T. Miller,C,VAN,81,1675.0,1543.0,55.27164179104478,19.049382716049383,0.49829323748152793,1.767988774493781,0.8792018985852038,51,13,38,10,175,4,19,9,18,77,200,20,4,7,51
8475171,Oliver Ekman-Larsson,D,VAN,54,1089.5,467.5,25.745754933455714,8.657407407407407,-1.0657065538910755,-1.0261388176157866,-1.0538362330084887,43,29,14,0,0,0,22,0,3,70,58,8,3,2,9
8478585,Derek Ryan,C,EDM,91,1023.5,870.5,51.03077674645823,9.565934065934066,0.2442148210129461,-0.5981837574293767,-0.008504752519750747,42,16,26,5,114,0,5,1,9,97,54,9,2,7,36
8480802,Ryan McLeod,C,EDM,69,983.8,582.0,35.49501931286847,8.434782608695652,-0.6865624156749324,-0.8804122595608075,-0.744717368840695,20,7,13,6,88,0,19,2,20,72,40,6,3,4,19
8478444,Brock Boeser,R,VAN,74,1275.9,474.0,22.290148130731247,6.405405405405405,-0.9806648512765761,-0.9627387710018231,-0.9752870271941502,32,5,27,8,4,0,6,3,12,30,49,7,4,4,19
8480800,Quinn Hughes,D,VAN,78,2001.6,683.0,20.47362110311751,8.756410256410257,-1.5236297470795985,-0.9964242210879914,-1.3654680892821163,71,42,29,0,0,0,22,10,13,96,29,18,8,8,48
8483808,Andrei Kuzmenko,L,VAN,81,1315.6,549.0,25.038005472788083,6.777777777777778,-0.8171554782394184,-0.8522200533051995,-0.8276748507591526,18,2,16,26,0,0,8,6,15,58,13,11,1,4,28
8475786,Zach Hyman,L,EDM,91,1819.6,972.5,32.067487359859314,10.686813186813186,-0.39887096305031067,0.3079669339433298,-0.18681959395221853,19,3,16,23,1,1,4,4,22,157,77,23,4,8,25
8482496,Nils Aman,C,VAN,68,863.8,624.5,43.37809678166242,9.183823529411764,-0.2142720175810237,-0.6935224352706381,-0.358047142887908,41,13,28,3,69,0,2,4,1,88,44,7,2,0,9
8476879,Cody Ceci,D,EDM,92,1838.5,1033.0,33.71226543377753,11.228260869565217,-0.37375713753051926,-0.25452593849646704,-0.3379877778203036,110,69,41,0,0,0,34,4,1,150,139,5,2,3,17
8478856,Conor Garland,R,VAN,81,1224.2,649.5,31.833033818003596,8.018518518518519,-0.41282196081443573,-0.4839728743133577,-0.4341672348641123,20,3,17,7,1,1,10,7,20,93,47,27,3,6,40
8476967,Brett Kulak,D,EDM,94,1632.0,923.0,33.93382352941176,9.819148936170214,-0.35451320444866763,-0.677455106546251,-0.4513957750779426,106,71,35,0,0,1,35,1,4,109,105,9,6,3,24
8471215,Evgeni Malkin,C,PIT,82,1523.6,942.5,37.116040955631405,11.49390243902439,-0.5894438778944737,-0.1171450577821304,-0.4477542318607707,33,11,22,9,75,0,25,20,60,99,53,28,7,14,68
8477384,Joshua Brown,D,ARI,68,1071.8,1080.0,60.45904086583318,15.882352941176471,1.9493949689017938,1.1423476818491167,1.7072807827859906,118,84,34,1,0,7,21,4,4,65,152,8,8,3,7
8471675,Sidney Crosby,C,PIT,82,1651.8,1276.5,46.36759898292772,15.567073170731707,-0.03516516618606783,0.8991334141935687,0.2451244079278231,47,13,34,16,194,0,14,14,39,88,71,23,5,9,50
8480855,Jack McBain,C,ARI,82,1146.5,1822.0,95.35106846925426,22.21951219512195,2.8995291071225746,2.558953493423341,2.7973564230128045,51,13,38,6,171,4,14,6,10,127,304,13,10,2,24
8480058,Pierre-Olivier Joseph,D,PIT,75,1143.7,590.5,30.97840342747224,7.873333333333333,-0.6112129495321262,-1.2614698711528913,-0.8062900260183558,36,20,16,0,0,0,28,1,4,59,88,11,6,8,30
8477953,Kasperi Kapanen,R,STL,66,903.1,582.0,38.66681430627837,8.818181818181818,-0.006182523602975792,-0.2466358186537585,-0.0783185121182106,20,6,14,5,11,0,6,2,12,58,99,8,0,0,17
8475760,Nick Bjugstad,C,EDM,78,1263.6,1552.0,73.69420702754036,19.897435897435898,1.6020247057943284,1.9795827017074237,1.715292104568257,44,15,29,15,235,0,17,2,12,101,168,16,3,3,30
8473507,Jeff Petry,D,PIT,61,1362.9,1149.0,50.58331499009464,18.83606557377049,1.0916163021218934,2.0288714538473953,1.372792847639544,111,65,46,0,0,0,29,4,3,109,190,3,5,4,19
8475208,Brian Dumoulin,D,PIT,82,1692.5,1216.0,43.10782865583457,14.829268292682928,0.4423159082049311,0.8262761166894139,0.5575039707502759,142,85,57,0,0,0,31,4,5,179,123,10,3,5,31
8471724,Kris Letang,D,PIT,64,1590.9,1179.5,44.48425419573826,18.4296875,0.5618684838227815,1.9069016254893747,0.9653784263227594,108,59,49,2,0,0,49,6,29,137,162,12,7,12,35
8477404,Jake Guentzel,L,PIT,78,1569.0,1029.5,39.36902485659655,13.198717948717949,0.03560203524776132,1.0534908069769198,0.3409686667665089,46,12,34,14,1,0,11,4,33,153,83,32,3,8,36
8470604,Jeff Carter,C,PIT,79,1082.8,1270.5,70.40081270779461,16.082278481012658,1.4047110905837314,1.027679969193148,1.2916017541665563,54,20,34,5,312,0,13,6,14,78,80,5,3,2,24
8476329,Travis Boyd,C,ARI,82,1355.5,1054.0,46.654371080782,12.853658536585366,-0.017984095875141985,0.22212155786245177,0.05404760024613614,59,20,39,7,188,0,9,3,22,101,39,15,2,4,31
8475810,Bryan Rust,R,PIT,81,1449.9,831.0,34.38857852265673,10.25925925925926,-0.26075601982439595,0.18107053849280377,-0.12820805232923602,50,8,42,12,0,1,23,11,24,101,98,15,2,7,30
8475722,Jason Zucker,L,PIT,78,1221.2,1167.5,57.36161152964298,14.967948717948717,1.106238607677834,1.5785918360330242,1.2479445761843913,29,5,24,13,0,1,11,7,21,115,198,23,2,4,31
8482655,J.J. Moser,D,ARI,82,1726.2,975.0,33.88946819603754,11.890243902439025,-0.35836578796557,-0.05583914384144626,-0.26760779472833285,137,81,56,1,0,1,38,1,4,137,80,11,5,3,11
8479442,Troy Stecher,D,CGY,81,1325.9,788.0,35.6587977977223,9.728395061728396,-0.20468663506848062,-0.7046938657287788,-0.35468880426657007,92,60,32,0,0,2,25,6,7,109,70,10,7,5,16
8476326,Josh Archibald,R,PIT,62,618.6,977.5,94.81086323957322,15.766129032258064,3.334630734911763,1.8154887472247685,2.8788881386056646,28,5,23,2,0,1,3,0,2,72,195,23,4,2,12
8477969,Marcus Pettersson,D,PIT,68,1399.7,1232.5,52.8327498749732,18.125,1.2869960930190396,1.8154530841519236,1.4455331903589048,131,85,46,0,0,2,27,4,12,173,133,9,9,9,16
8477951,Nick Schmaltz,C,ARI,63,1241.7,434.5,20.995409519207538,6.896825396825397,-1.5552620458337307,-1.2641410321056212,-1.4679257417152978,28,4,24,6,5,0,17,9,29,54,12,13,1,11,50
8478432,Christian Fischer,R,ARI,80,1187.8,791.5,39.981478363360836,9.89375,0.07204566256884995,0.07258876692039386,0.07220859387431312,37,6,31,8,3,0,9,8,15,91,126,11,1,3,16
8480849,Barrett Hayton,C,ARI,82,1434.8,1317.0,55.073877892389184,16.0609756097561,0.4864448203126752,1.022364785795413,0.6472208099574965,33,11,22,7,222,0,16,7,18,138,83,36,3,2,33
8478474,Lawson Crouse,L,ARI,77,1367.1,1059.0,46.47794601711653,13.753246753246753,0.45861353010838607,1.218072867702626,0.686451331386658,58,11,47,7,8,1,13,4,15,60,194,9,6,3,29
8477941,Nick Ritchie,L,CGY,74,1002.6,1070.5,64.06343506882106,14.466216216216216,1.5050260368230584,1.429679519136581,1.4824220815171152,32,4,28,6,0,1,8,2,9,85,218,9,14,4,4
8479343,Clayton Keller,R,ARI,82,1701.5,613.0,21.616220981486922,7.475609756097561,-1.020766425677515,-0.6451061503046915,-0.908068343065668,34,5,29,12,2,1,15,10,38,67,18,24,3,8,50
8477070,Liam O'Brien,C,ARI,56,639.9,957.0,89.73277074542898,17.089285714285715,2.562926038194279,1.2789338055061301,2.177728368387834,28,5,23,1,0,8,15,2,3,81,203,13,10,1,5
8476483,Rickard Rakell,R,PIT,82,1511.9,1041.0,41.312256101594016,12.695121951219512,0.1512326823241912,0.904025411555418,0.3770705010935593,53,16,37,10,0,0,9,13,20,158,141,12,3,5,24
8478046,Danton Heinen,L,PIT,65,699.2,515.0,44.19336384439359,7.923076923076923,0.3226710293837362,-0.5122995803896533,0.07217984645171935,26,2,24,5,2,0,5,4,7,63,76,4,1,1,23
8480068,Ryan Poehling,C,PIT,53,623.9,730.0,70.20355826254207,13.773584905660377,1.3928931957523152,0.45164824021240335,1.1105197090903416,41,9,32,2,101,0,3,1,0,60,57,12,0,0,29
8476934,Brock McGinn,L,ANA,75,977.5,684.5,42.0153452685422,9.126666666666667,0.19306952265698055,-0.15507867743467427,0.08862506262948411,43,7,36,2,0,1,11,3,5,74,84,22,3,7,16
8481711,Matias Maccelli,L,ARI,64,1003.6,305.0,18.234356317257873,4.765625,-1.222001971090037,-1.4494194196086663,-1.2902272056456257,20,7,13,2,0,0,18,8,20,55,24,12,1,2,21
8480172,Jan Rutta,D,PIT,56,958.7,661.0,41.36851987065818,11.803571428571429,0.29124428170987166,-0.08185291634376418,0.1793151222937809,70,41,29,0,0,0,19,1,1,97,71,7,6,2,11
8476372,Nick Seeler,D,PHI,77,1115.7,1239.5,66.65770368378597,16.0974025974026,2.4877939478430813,1.20689242811209,2.103523491923784,161,97,64,1,0,4,23,0,1,109,126,18,6,1,8
8474090,Brendan Smith,D,NJD,63,981.7,870.0,53.17306712845065,13.80952380952381,1.3165551232759671,0.5202112288229467,1.077651954940061,76,55,21,0,0,3,26,0,5,87,102,15,11,8,17
8480028,Morgan Frost,C,PHI,81,1323.8,930.0,42.15138238404593,11.481481481481481,-0.2877668466615833,-0.12024415491889393,-0.23751003913877647,53,19,34,6,101,0,8,4,14,60,85,15,1,6,31
8479322,Wade Allison,R,PHI,60,773.7,1063.5,82.47382706475378,17.725,2.6005238294304456,2.396874272978788,2.539428962494948,62,15,47,8,1,2,3,1,3,93,190,5,1,0,20
8481068,Yegor Sharangovich,C,NJD,78,1114.2,432.0,23.263327948303715,5.538461538461538,-1.4193866720393618,-1.6030602764227861,-1.4744887533543891,41,11,30,1,3,0,17,4,9,74,22,12,0,5,35
8478439,Travis Konecny,R,PHI,60,1207.0,853.0,42.402651201325604,14.216666666666667,0.21611589747190585,1.3556141526802148,0.5579653740343985,38,12,26,12,9,1,7,5,14,92,55,31,12,2,32
8477435,Ryan Graves,D,NJD,88,1754.0,1004.5,34.361459521094645,11.414772727272727,-0.3173699062822012,-0.19854649290224347,-0.28172288226821385,152,99,53,2,0,0,41,2,4,112,83,5,7,4,19
8478399,Jonas Siegenthaler,D,NJD,91,1841.0,1247.5,40.65725149375339,13.708791208791208,0.22946544664085264,0.48997746668264125,0.3076190526533892,151,105,46,0,0,0,32,1,3,170,101,15,11,8,21
8480220,Noah Cates,L,PHI,82,1456.9,1181.0,48.637518017708835,14.402439024390244,0.587117385982191,1.410750688799379,0.8342073768273475,65,30,35,6,144,0,8,2,3,124,86,9,1,8,52
8477948,Travis Sanheim,D,PHI,81,1652.6,1007.0,36.56057122110614,12.432098765432098,-0.12636105023749342,0.10679252577847889,-0.05641497743270172,137,82,55,3,0,0,34,2,6,141,61,16,8,1,21
8480015,Owen Tippett,R,PHI,77,1341.9,978.0,43.7290409121395,12.7012987012987,0.295041810654786,0.9058586477161333,0.4782868617731902,69,15,54,5,2,0,11,3,11,107,125,16,3,4,40
8477950,Tony DeAngelo,D,PHI,70,1544.1,574.0,22.304254905770353,8.2,-1.364625878163042,-1.1634245290557133,-1.3042654734308434,79,45,34,1,0,3,42,3,12,50,52,13,3,8,17
8478500,Ivan Provorov,D,PHI,82,1887.9,1104.0,35.08660416335611,13.463414634146341,-0.25438581657698667,0.41633043544685616,-0.05317094096983381,162,110,52,4,0,0,73,6,6,144,97,9,5,5,29
8479415,Michael McLeod,C,NJD,92,1157.5,1468.5,76.12095032397409,15.96195652173913,1.747415584176722,0.9976589794114682,1.5224886027471458,51,10,41,2,305,3,13,5,11,114,127,15,1,2,29
8476872,Scott Laughton,C,PHI,78,1426.2,1447.0,60.87505258729491,18.55128205128205,0.8340044018232332,1.6437099225077165,1.0769160580285781,57,24,33,8,240,0,26,1,15,56,156,18,6,3,32
8475287,Erik Haula,L,NJD,92,1541.4,1204.0,46.86648501362398,13.08695652173913,0.48173327753743783,1.0203204363638925,0.6433094251853742,54,8,46,9,220,1,16,7,7,72,92,10,2,2,47
8475193,Tomas Tatar,L,NJD,94,1406.6,590.0,25.167069529361584,6.276595744680851,-0.8094756097655444,-1.0009689931837713,-0.8669236247910124,30,6,24,6,2,0,13,5,17,86,65,9,4,3,32
8482110,Dawson Mercer,C,NJD,94,1557.5,748.5,28.834670947030496,7.962765957446808,-1.0855967513893812,-0.9981830068913987,-1.0593726280399864,63,9,54,19,21,0,13,3,19,97,36,7,3,2,20
8475235,Nicolas Deslauriers,L,PHI,80,807.5,1281.5,95.21981424148606,16.01875,3.3589650847712917,1.8904656990331041,2.9184152690498353,26,5,21,3,0,14,5,0,3,60,306,9,8,3,10
8481559,Jack Hughes,C,NJD,90,1794.0,639.5,21.387959866220736,7.105555555555555,-1.5317435962946155,-1.2120617109226828,-1.4358390306830355,30,5,25,11,17,0,10,10,65,106,12,22,0,3,57
8476462,Dougie Hamilton,D,NJD,94,2036.0,620.5,18.285854616895875,6.601063829787234,-1.7136531887374098,-1.643327316198762,-1.6925554269758152,86,42,44,1,0,0,45,9,20,76,64,6,9,4,17
8480003,Jesper Boqvist,C,NJD,76,872.2,502.0,34.533363907360695,6.605263157894737,-0.7441770485507797,-1.3368874123051235,-0.9219901576770828,20,5,15,3,22,0,10,2,16,100,50,8,0,2,20
8474037,James van Riemsdyk,L,PHI,61,936.6,389.0,24.919923126201155,6.377049180327869,-0.8241818875663061,-0.9711547918100272,-0.8682737588394224,20,2,18,9,1,0,3,2,5,59,18,6,4,0,24
8480797,Joel Farabee,L,PHI,82,1394.9,708.5,30.475302889095992,8.640243902439025,-0.4936128117589271,-0.2994471218989894,-0.43536310480094575,45,8,37,6,1,3,13,8,19,103,71,17,4,3,22
8477425,Miles Wood,L,NJD,84,1007.7,700.0,41.67907115212861,8.333333333333334,0.17305976119598213,-0.3905370229273681,0.003980725958977055,19,5,14,3,0,2,8,5,20,93,100,22,6,2,14
8476923,Damon Severson,D,NJD,93,1838.9,707.0,23.06813856109631,7.602150537634409,-1.2982770232348007,-1.3428623506687185,-1.311652621464976,115,72,43,1,0,0,20,11,10,66,44,7,3,3,25
8479414,Nathan Bastian,R,NJD,55,669.8,669.5,59.973126306360115,12.172727272727272,1.261635009551691,0.7489806384142784,1.1078386982104673,38,10,28,5,4,3,1,1,4,60,99,8,4,4,7
8476292,Ondrej Palat,L,NJD,61,963.4,536.5,33.41291260120407,8.795081967213115,-0.31881235363357135,-0.2534917674229418,-0.29921617777038245,44,10,34,2,0,0,8,4,13,57,70,9,1,4,18
8475763,Kevin Hayes,C,PHI,81,1422.8,627.0,26.44082091650267,7.7407407407407405,-1.2290169306747782,-1.0535795180706728,-1.1763857068935466,22,6,16,4,79,1,12,5,18,49,52,12,2,3,37
8474027,Justin Braun,D,PHI,51,764.1,450.5,35.3749509226541,8.833333333333334,-0.2293408019752178,-0.9733366209081221,-0.4525395476550891,49,28,21,0,0,1,10,0,0,71,47,3,1,5,5
8478507,John Marino,D,NJD,76,1620.9,663.0,24.541921154913936,8.723684210526315,-1.1702682789303454,-1.006246577304866,-1.1210617684427016,81,46,35,0,0,0,23,5,10,112,44,8,0,6,37
8479407,Jesper Bratt,L,NJD,94,1641.3,432.0,15.792359714860172,4.595744680851064,-1.3673113098630751,-1.4998392585312452,-1.4070696944635261,23,5,18,8,0,0,12,5,27,68,24,9,1,3,38
8482245,Artem Zub,D,OTT,53,1073.4,865.0,48.351034097261035,16.32075471698113,0.8977264602787629,1.2739290657821116,1.0105872419297675,67,45,22,1,0,1,26,2,3,111,131,7,10,3,5
8476878,Zemgus Girgensons,L,BUF,80,1038.2,859.5,49.672510113658255,10.74375,0.6487038832566202,0.3248655656625658,0.5515523879784039,49,12,37,3,42,0,3,0,5,113,96,14,2,3,19
8482116,Tim Stützle,L,OTT,78,1658.7,1330.5,48.12805208898535,17.057692307692307,0.5568019641026052,2.198819863106539,1.0494073338037853,49,17,32,17,66,0,27,9,26,147,114,35,10,9,52
8477353,Tyler Motte,C,NYR,62,779.5,846.5,65.15715202052598,13.653225806451612,1.0905532501637807,0.42161798381286775,0.8898726702585067,60,6,54,2,8,0,8,7,12,69,118,23,1,5,24
8478469,Thomas Chabot,D,OTT,68,1698.1,890.0,31.446911253754195,13.088235294117647,-0.570519635069909,0.3037245576685697,-0.30824637724836534,123,68,55,0,0,0,47,4,14,141,79,11,4,5,14
8474612,Travis Hamonic,D,OTT,75,1392.0,1072.0,46.206896551724135,14.293333333333333,0.7114925096461642,0.6654212398590006,0.697671128710015,143,89,54,3,0,1,59,4,1,112,109,13,11,2,20
8480839,Rasmus Dahlin,D,BUF,78,2012.1,1204.5,35.9176979275384,15.442307692307692,-0.18219927454662044,1.0102730278789815,0.17554241618106017,132,81,51,0,0,0,36,3,22,136,105,20,16,10,35
8480208,Drake Batherson,R,OTT,82,1525.7,843.0,33.151995805204166,10.28048780487805,-0.33433802924847594,0.1873710908818161,-0.1778252932093883,35,5,30,9,1,1,9,9,20,101,115,16,1,5,33
8480196,Jacob Bryson,D,BUF,59,860.6,517.0,36.04462003253544,8.76271186440678,-0.17117516600218194,-0.9945328640111095,-0.4181824754048602,69,45,24,0,0,0,7,0,1,92,34,3,0,0,13
8480073,Erik Brannstrom,D,OTT,74,1192.4,749.5,37.713854411271384,10.128378378378379,-0.026190011700476964,-0.5846433521141514,-0.1937260138245793,103,58,45,0,0,0,33,4,11,101,49,15,4,8,20
8481596,Shane Pinto,C,OTT,82,1310.3,1028.0,47.073189345951306,12.536585365853659,0.007108115379769684,0.1430100600439843,0.04787869877903407,49,22,27,7,149,0,17,4,11,89,71,21,0,1,37
8477949,Alex Tuch,R,BUF,74,1417.4,665.5,28.17129956257937,8.993243243243244,-0.6307109549661252,-0.19467824700935957,-0.49990114257909546,46,11,35,8,3,0,11,3,24,52,54,13,2,8,56
8473512,Claude Giroux,R,OTT,82,1541.3,1372.0,53.40945954713554,16.73170731707317,0.8710685051703857,2.1020687456107825,1.2403685773025046,30,8,22,17,309,0,14,4,14,52,75,20,1,3,49
8475766,Austin Watson,L,OTT,75,767.5,1003.5,78.44951140065146,13.38,2.361059676372032,1.1072946370555672,1.9849301645770925,61,14,47,3,2,13,14,2,5,83,165,9,10,2,17
8480950,Ilya Lyubushkin,D,BUF,68,1020.6,949.0,55.7907113462669,13.955882352941176,1.5439165745267218,0.564139106756213,1.2499833341955693,104,69,35,0,0,0,15,4,1,84,99,11,11,9,18
8482105,Jake Sanderson,D,OTT,77,1687.9,1004.5,35.70709165234907,13.045454545454545,-0.20049196231665967,0.2908843950016905,-0.0530790551211546,147,88,59,0,0,0,38,4,10,188,43,15,2,4,29
8473449,Kyle Okposo,R,BUF,75,1100.1,783.5,42.732478865557674,10.446666666666667,0.23574206720185556,0.23669235120022827,0.23602715240136737,25,5,20,2,70,0,6,4,12,82,78,18,9,2,26
8480801,Brady Tkachuk,L,OTT,82,1527.8,1460.0,57.33734782039534,17.804878048780488,1.1047948122427815,2.420581777021273,1.499530901676329,9,2,7,17,37,8,16,8,27,93,242,32,18,7,23
8482175,JJ Peterka,R,BUF,77,1050.8,339.5,19.385230300723258,4.409090909090909,-1.1535200013017708,-1.555237395016897,-1.2740352194163085,10,5,5,5,1,0,8,3,8,65,18,12,2,3,19
8479999,Casey Mittelstadt,C,BUF,82,1289.7,762.0,35.450104675505926,9.292682926829269,-0.6892533383563564,-0.6663614176372613,-0.6823857621406278,16,2,14,8,96,0,7,5,30,113,30,15,2,8,42
8478472,Mathieu Joseph,R,OTT,56,785.4,610.5,46.63865546218487,10.901785714285714,0.4681764357956969,0.3717699704707214,0.4392544961982042,28,3,25,1,1,0,9,2,7,71,80,23,2,2,23
8480035,Henri Jokiharju,D,BUF,60,1261.5,572.0,27.205707491082045,9.533333333333333,-0.938899048883352,-0.7632394592713118,-0.8862011719997398,58,35,23,1,0,0,25,2,5,95,63,5,3,2,18
8482671,Owen Power,D,BUF,79,1880.3,669.5,21.363612189544224,8.474683544303797,-1.44632754396392,-1.0809813390463316,-1.3367236824886435,86,51,35,2,0,0,32,8,12,141,27,11,4,5,20
8481528,Dylan Cozens,C,BUF,81,1336.2,1113.0,49.97754827121688,13.74074074074074,0.1811138686469814,0.4434534406480221,0.2598157402472936,30,8,22,9,186,1,6,3,11,92,55,25,10,1,35
8479420,Tage Thompson,C,BUF,78,1450.0,922.5,38.172413793103445,11.826923076923077,-0.5261545407136238,-0.03405457930415418,-0.37852455229078286,26,5,21,17,88,1,12,3,25,84,55,24,2,3,40
8475784,Jeff Skinner,L,BUF,79,1374.4,604.0,26.36786961583236,7.6455696202531644,-0.7380228213413699,-0.594662702723715,-0.6950147857560733,14,4,10,14,3,0,7,9,30,59,21,30,7,4,37
8481522,Peyton Krebs,C,BUF,74,1023.9,849.0,49.75095224142983,11.472972972972974,0.16753806280994962,-0.12236707453002289,0.08056652160795787,20,7,13,4,87,2,5,3,20,95,93,16,5,2,17
8480807,Mattias Samuelsson,D,BUF,55,1219.7,822.0,40.436172829384276,14.945454545454545,0.21026315565362533,0.8611481194444623,0.40552864479087647,91,53,38,0,0,0,19,0,2,98,107,4,1,4,17
8482097,Jack Quinn,R,BUF,75,1038.5,534.0,30.852190659605203,7.12,-0.4711863625695359,-0.7506497866220766,-0.555025389785298,19,4,15,6,3,1,7,7,16,89,43,19,1,2,26
8474207,Nick Holden,D,OTT,65,1086.0,611.0,33.75690607734806,9.4,-0.36987977274661027,-0.8032579662497518,-0.49989323079755266,69,47,22,0,0,0,27,3,1,89,79,4,3,0,10
8478109,Victor Olofsson,L,BUF,75,1076.6,283.0,15.771874419468698,3.7733333333333334,-1.368530273364082,-1.7439278491206676,-1.4811495460910575,15,3,12,4,0,0,7,5,10,45,16,10,0,1,23
8477932,Aaron Ekblad,D,FLA,91,2140.0,730.0,20.467289719626166,8.021978021978022,-1.5241796738149505,-1.2168558323291248,-1.4319825213692026,80,52,28,3,0,0,43,8,14,55,77,16,11,5,24
8477933,Sam Reinhart,C,FLA,103,2083.8,970.0,27.92974373740282,9.41747572815534,-1.139812688473969,-0.6352249282046009,-0.9884363603931585,49,15,34,11,83,0,12,5,21,153,58,15,0,9,26
8481014,Alexander Romanov,D,NYI,80,1549.5,1382.0,53.51403678606002,17.275,1.34617081957988,1.5603351021643674,1.4104201043552262,129,86,43,0,0,1,44,6,5,165,198,14,8,8,17
8470610,Zach Parise,L,NYI,88,1413.7,838.5,35.58746551602179,9.528409090909092,-0.1894170686979189,-0.035843038956087814,-0.14334485977536957,83,20,63,9,1,0,7,2,16,85,89,11,1,1,17
8477493,Aleksander Barkov,C,FLA,89,1904.9,1215.0,38.26972544490524,13.651685393258427,-0.520324411687164,0.42123364225949395,-0.2378569955031666,48,23,25,10,249,0,9,8,21,87,52,13,1,6,50
8479066,Ryan Lomberg,L,FLA,95,1083.4,996.5,55.187373084733245,10.489473684210527,0.9768620350591228,0.2493973127880693,0.7586226183778068,24,7,17,5,2,4,3,1,9,92,149,21,17,3,27
8476393,Nick Cousins,C,FLA,100,1174.0,799.5,40.8603066439523,7.995,-0.36511768809020345,-0.9901404362089206,-0.5526245125258186,36,9,27,4,20,2,3,4,11,116,87,19,4,5,15
8479372,Joshua Mahura,D,FLA,103,1425.6,842.5,35.45875420875421,8.179611650485437,-0.22206187666611,-1.1695438638606683,-0.5063064728244775,70,39,31,1,0,0,15,4,6,145,101,11,4,0,12
8478463,Anthony Beauvillier,L,VAN,82,1333.9,643.5,28.945198290726438,7.847560975609756,-0.5846606400910221,-0.5347124291908286,-0.569676176820964,30,5,25,2,0,0,10,4,20,117,78,12,2,6,26
8475462,Radko Gudas,D,FLA,93,1607.2,1725.5,64.41637630662021,18.553763440860216,2.293118352996362,1.9441416297781577,2.1884253360309005,124,82,42,0,0,3,25,7,4,121,312,18,13,4,16
8476429,Scott Mayfield,D,NYI,88,1853.0,1182.5,38.2892606583918,13.4375,0.023788208606783455,0.4085524481911381,0.13921748048208984,168,113,55,3,0,1,56,3,5,93,107,18,12,6,15
8475754,Brock Nelson,C,NYI,88,1617.6,923.0,34.23590504451039,10.488636363636363,-0.7619983835951537,-0.36796446563840857,-0.6437882082081301,43,17,26,7,115,0,11,2,27,74,50,20,6,5,43
8475314,Anders Lee,L,NYI,88,1514.7,1044.0,41.35472370766488,11.863636363636363,0.1537596881977343,0.6572436206898524,0.30480486794536976,57,9,48,16,3,2,7,6,22,102,125,19,5,5,20
8477935,Sam Bennett,C,FLA,83,1514.1,1193.0,47.275609272835354,14.373493975903614,0.019235484193364887,0.6013288486104725,0.19386349351849716,35,15,20,5,135,0,5,8,27,58,150,21,7,7,31
8476419,Jean-Gabriel Pageau,C,NYI,76,1334.0,1700.5,76.48425787106447,22.375,1.769182041087121,2.5977485548535513,2.01775199521705,61,16,45,8,318,0,8,5,22,101,175,9,3,3,30
8478055,Gustav Forsling,D,FLA,103,2468.1,814.5,19.80065637534946,7.907766990291262,-1.5820816314512478,-1.2511349945934107,-1.4827976403938967,106,71,35,0,0,0,34,6,7,105,69,8,4,6,34
8474709,Matt Martin,L,NYI,87,965.5,1284.0,79.7928534438115,14.758620689655173,2.4409943265046112,1.5164640656037227,2.1636352482343444,43,9,34,2,2,7,9,1,10,78,295,11,5,1,14
8482113,Anton Lundell,C,FLA,94,1574.6,637.5,24.29188365299124,6.781914893617022,-1.3577639130151566,-1.2928118338732693,-1.3382782892725904,32,9,23,8,76,1,21,6,14,68,29,16,0,5,32
8475151,Kyle Palmieri,C,NYI,61,1037.9,545.5,31.534829945081412,8.942622950819672,-0.9238250101938171,-0.7537033045730349,-0.8727884985075824,17,1,16,5,0,0,9,3,8,69,76,17,3,2,11
8478445,Mathew Barzal,C,NYI,64,1188.2,451.0,22.773943780508333,7.046875,-1.448706622825574,-1.2267028318731144,-1.382105485539836,34,14,20,4,13,0,13,5,50,43,25,8,2,11,38
8475231,Casey Cizikas,C,NYI,87,1262.7,1604.0,76.2176288904728,18.436781609195403,1.7532077838398075,1.6151414332424543,1.7117878786606016,58,22,36,3,243,2,9,4,15,98,188,18,5,4,31
8480185,Eetu Luostarinen,C,FLA,98,1577.7,827.0,31.450846168473092,8.438775510204081,-0.9288566404733356,-0.8794160087009683,-0.9140244509416253,51,19,32,6,48,0,15,7,20,117,64,14,1,2,45
8474573,Josh Bailey,R,NYI,64,968.9,217.5,13.46888223758902,3.3984375,-1.5055682491007545,-1.8551955205266821,-1.6104564305285325,31,12,19,3,6,0,21,5,21,25,11,3,0,1,20
8477506,Ryan Pulock,D,NYI,88,1855.1,1068.0,34.54261225809929,12.136363636363637,-0.30163547266318846,0.01803093833050806,-0.20573554936507948,128,79,49,0,0,0,29,1,7,110,140,7,1,4,18
8477409,Carter Verhaeghe,C,FLA,102,1837.0,670.5,21.899836690255853,6.573529411764706,-1.501076067026306,-1.344805156281835,-1.4541947938029645,31,7,24,9,1,0,12,6,38,106,29,28,7,6,29
8476917,Adam Pelech,D,NYI,67,1463.5,851.5,34.90946361462248,12.708955223880597,-0.26977176244438605,0.189887891636835,-0.13187386622001973,110,76,34,0,0,0,33,2,3,97,77,9,7,3,28
8479314,Matthew Tkachuk,L,FLA,99,2047.0,1005.5,29.472398632144603,10.156565656565656,-0.5532899441051325,0.15059146397651804,-0.34212552168063737,31,6,25,26,1,3,14,10,38,63,68,36,20,1,37
8480865,Noah Dobson,D,NYI,84,1711.0,804.0,28.194038573933373,9.571428571428571,-0.8530553013702661,-0.7518056001346146,-0.8226803909995706,104,63,41,0,0,0,28,3,18,120,60,7,3,7,32
8477986,Brandon Montour,D,FLA,101,2496.4,914.0,21.9676333920846,9.049504950495049,-1.393863906521864,-0.9084551306336714,-1.2482412737554063,93,50,43,5,0,1,32,5,15,76,92,21,7,6,27
8478400,Colin White,C,FLA,89,811.1,529.0,39.13204290469732,5.943820224719101,-0.4686613070201439,-1.501921057517706,-0.7786392321694124,29,11,18,6,24,0,3,4,9,56,61,6,1,2,12
8471686,Marc Staal,D,FLA,103,1931.4,1091.5,33.9080459770115,10.597087378640778,-0.35675217248088775,-0.4439655941302127,-0.3829161989756852,122,61,61,0,0,1,17,4,4,86,152,12,5,2,12
8478115,Pierre Engvall,L,NYI,76,1036.4,401.0,23.214974913160937,5.276315789473684,-0.9256336656874944,-1.2978483166492152,-1.0372980609760105,6,1,5,3,7,0,12,3,23,93,47,6,0,6,19
8475825,Jani Hakanpää,D,DAL,97,1892.8,1492.0,47.295012679628066,15.381443298969073,0.8060033145469068,0.9920052617572812,0.861803898710019,128,79,49,1,0,2,37,6,8,188,224,16,8,1,12
8470794,Joe Pavelski,C,DAL,96,1703.0,1081.5,38.10334703464475,11.265625,-0.5302924636221125,-0.174101532774032,-0.4234351843676883,64,18,46,14,107,0,17,11,29,61,93,25,0,3,29
8478449,Roope Hintz,C,DAL,92,1623.9,764.0,28.228339183447254,8.304347826086957,-1.1219232585350127,-0.9129564543155617,-1.0592332172691774,45,17,28,11,60,0,12,3,23,83,47,16,2,0,26
8475794,Tyler Seguin,C,DAL,95,1571.2,908.5,34.693228105906314,9.563157894736841,-0.7345992756225092,-0.598876427392925,-0.6938824211536339,23,4,19,8,154,0,10,3,20,50,84,14,2,4,24
8476902,Esa Lindell,D,DAL,101,2029.0,992.5,29.349433218334156,9.826732673267326,-0.7527008676659563,-0.6751789327766751,-0.729444287199172,147,90,57,0,0,0,40,6,10,135,87,4,2,8,23
8480848,Ty Dellandrea,C,DAL,97,1394.1,990.0,42.608134280180764,10.206185567010309,-0.2604019583029927,-0.4384374909326677,-0.3138126180918952,39,11,28,1,42,2,12,6,7,153,125,24,3,2,20
8480036,Miro Heiskanen,D,DAL,98,2542.0,802.0,18.92997639653816,8.183673469387756,-1.6577065243263611,-1.1683247544000115,-1.5108919933484561,96,44,52,1,0,0,37,13,15,148,49,10,6,6,47
8476525,Colin Miller,D,DAL,89,1487.8,794.5,32.04059685441592,8.926966292134832,-0.5189537198724145,-0.9452337367940491,-0.6468377249489048,70,35,35,0,0,1,35,8,5,111,108,13,3,6,23
8481641,Joel Kiviranta,L,DAL,85,1040.3,744.0,42.910698836873976,8.75294117647059,0.24634692478547976,-0.26599899540528077,0.09264314872825158,20,6,14,3,2,0,6,1,6,120,117,12,1,0,29
8476889,Radek Faksa,C,DAL,100,1371.6,1226.5,53.65266841644795,12.265,0.40129741540333186,0.07524801941255073,0.3034825966060975,69,19,50,7,148,1,6,3,9,163,89,10,5,3,23
8480878,Nils Lundkvist,D,DAL,60,978.5,526.0,32.25344915687277,8.766666666666667,-0.5004659482878455,-0.9933458743973421,-0.6483299261206945,67,35,32,1,0,0,21,4,7,94,49,4,3,0,6
8478975,Mason Marchment,L,DAL,86,1320.8,818.5,37.18201090248334,9.517441860465116,-0.09453473531431474,-0.0390980716472336,-0.07790373621419039,39,7,32,3,0,2,10,8,23,112,88,25,7,7,31
8473994,Jamie Benn,L,DAL,99,1571.9,1138.5,43.45696291112666,11.5,0.27885199516403225,0.5493177174846452,0.35999171186021617,38,4,34,14,145,2,17,4,27,62,97,19,5,4,51
8476822,Luke Glendening,C,DAL,87,1038.7,1228.0,70.9348223741215,14.114942528735632,1.4367046411854998,0.5368188422879919,1.1667389015162473,60,12,48,1,207,2,2,1,5,86,114,16,5,2,9
8480027,Jason Robertson,L,DAL,101,1901.4,617.0,19.469864310508044,6.108910891089109,-1.1484839123950692,-1.0507372261975059,-1.1191599065358002,19,4,15,12,0,0,12,17,37,82,57,11,1,5,57
8478495,Denis Gurianov,R,MTL,66,871.0,325.5,22.422502870264065,4.931818181818182,-0.9727891729623197,-1.4000939091594116,-1.1009805938214472,27,8,19,2,0,0,17,4,13,39,43,7,1,1,15
8482740,Wyatt Johnston,C,DAL,101,1592.0,507.5,19.126884422110553,5.024752475247524,-1.6672089936405758,-1.7312335095601004,-1.6864163484164332,31,8,23,6,48,0,18,14,23,76,22,5,0,10,37
8470600,Ryan Suter,D,DAL,101,2114.8,760.0,21.562322678267446,7.524752475247524,-1.429068091824718,-1.3660925124168233,-1.4101754180023496,115,60,55,1,0,0,35,7,3,51,81,6,7,4,19
8475220,Marcus Foligno,L,MIN,71,1057.8,1179.5,66.90300623936473,16.612676056338028,1.6739927785398776,2.066740715718422,1.7918171596934407,40,5,35,3,0,7,6,1,18,73,237,19,6,3,24
8478493,Joel Eriksson Ek,C,MIN,79,1481.9,1526.5,61.80578986436331,19.32278481012658,0.8897666699028756,1.8362040987964936,1.173697898570961,55,13,42,16,208,0,5,1,8,118,119,19,9,7,37
8471274,Alex Goligoski,D,MIN,46,812.7,418.0,30.860095976375046,9.08695652173913,-0.6214888126888373,-0.8972144608947851,-0.7042065071506216,67,31,36,2,0,0,11,3,3,43,33,3,0,0,9
8478136,Jake Middleton,D,MIN,85,1627.2,1074.5,39.62020648967552,12.641176470588235,0.1393905405345557,0.16954485779968217,0.14843683571409363,155,77,78,0,0,4,20,2,1,67,115,10,5,5,13
8480884,Calen Addison,D,MIN,62,999.4,330.0,19.811887132279367,5.32258064516129,-1.581106158475643,-2.02704972804205,-1.714889229345565,38,22,16,0,0,0,13,4,4,69,19,5,3,4,7
8481557,Matt Boldy,L,MIN,87,1623.8,768.0,28.377879049143985,8.827586206896552,-0.6184185838107744,-0.24384463150189978,-0.506046398118112,26,5,21,12,9,1,17,6,19,126,65,15,4,3,48
8476856,Mathew Dumba,D,MIN,85,1818.2,939.0,30.986690133098666,11.047058823529412,-0.6104931888387178,-0.30891170357490333,-0.5200187432595734,116,65,51,1,0,3,25,3,7,59,104,15,9,4,13
8474716,Jared Spurgeon,D,MIN,85,1867.9,1015.5,32.61951924621233,11.947058823529412,-0.46867009680992033,-0.038786781470432366,-0.33970510220807393,179,103,76,2,0,0,15,3,2,77,66,7,2,3,12
8480980,Connor Dewar,C,MIN,87,956.4,939.0,58.90840652446675,10.793103448275861,0.7161788374291498,-0.29199825554668807,0.41372570953639837,50,11,39,2,78,2,1,1,8,74,124,13,1,2,16
8479520,Brandon Duhaime,R,MIN,57,616.4,756.0,73.58857884490591,13.263157894736842,2.0718132069862047,1.0726163402625255,1.7720541469691007,18,2,16,5,2,4,6,1,3,46,146,14,4,3,16
8478864,Kirill Kaprizov,L,MIN,73,1551.9,874.0,33.79083703846897,11.972602739726028,-0.29632421829742234,0.6895844307256597,-0.0005516235904977351,28,2,26,17,0,0,7,5,42,104,66,29,4,5,45
8479351,Sam Steel,C,MIN,70,1050.4,568.0,32.44478293983244,8.114285714285714,-0.8693079686146914,-0.9603779952439181,-0.8966289766034593,15,7,8,5,84,0,10,4,8,76,46,4,1,5,16
8475692,Mats Zuccarello,R,MIN,84,1704.1,699.0,24.61123173522681,8.321428571428571,-0.8425503578022472,-0.39407031142515786,-0.7080063438891204,51,13,38,9,3,0,12,11,21,73,51,21,2,3,42
8477451,Ryan Hartman,R,MIN,64,1055.9,884.0,50.23202954825267,13.8125,0.6819977047925511,1.2356590081802603,0.8480960958088638,48,12,36,5,86,2,14,6,12,52,62,27,12,3,27
8476463,Jonas Brodin,D,MIN,66,1526.5,839.0,32.97739927939732,12.712121212121213,-0.4375856113153682,0.19083812755559051,-0.24905848965408056,130,70,60,0,0,0,17,2,4,99,50,7,5,4,23
8479370,Tyson Jost,C,BUF,71,940.3,803.0,51.238966287355105,11.309859154929578,0.25668785854662596,-0.16306486813559082,0.13076204054196092,32,11,21,4,64,2,2,0,6,122,61,15,4,5,19
8477919,Frederick Gaudreau,C,MIN,88,1421.7,1036.5,43.7434057818105,11.778409090909092,-0.19238564975193517,-0.04615908530777973,-0.1485176804186885,52,16,36,9,226,0,9,1,11,55,42,9,0,3,39
8479346,Dillon Dube,C,CGY,82,1243.2,900.5,43.46042471042471,10.981707317073171,-0.2093395923443937,-0.24494055425811645,-0.2200198809185105,21,5,16,3,12,1,11,0,17,142,136,18,6,1,23
8475690,Chris Tanev,D,CGY,65,1307.8,852.5,39.11148493653464,13.115384615384615,0.09520437122345674,0.3118731224379353,0.1602049965878003,130,66,64,0,0,1,27,3,4,136,51,7,2,7,17
8476399,Blake Coleman,C,CGY,82,1246.7,807.0,38.83853372904468,9.841463414634147,-0.4862460086752972,-0.5294376714129905,-0.49920350749660514,39,4,35,6,1,0,14,4,14,81,107,21,5,5,31
8474150,Mikael Backlund,C,CGY,82,1489.4,1260.0,50.758694776420036,15.365853658536585,0.22791386463490693,0.8489280405780028,0.41421811741783565,31,9,22,9,245,0,12,8,23,71,97,12,5,6,54
8473473,Milan Lucic,L,CGY,77,870.6,804.5,55.44452101998622,10.448051948051948,0.9921634471912174,0.23710349749815257,0.765645462283298,15,3,12,2,0,3,9,3,15,94,168,3,5,4,25
8475726,Tyler Toffoli,R,CGY,82,1362.1,575.5,25.350561632772923,7.0182926829268295,-0.798557037564995,-0.7808361352807525,-0.7932407668797222,14,3,11,12,3,0,16,3,13,61,59,15,1,7,34
8477507,Nikita Zadorov,D,CGY,82,1532.2,1058.0,41.430622634120866,12.902439024390244,0.29663835869384664,0.24795988779366307,0.28203481742379155,75,42,33,0,0,2,40,10,7,96,174,17,13,4,27
8474628,Michael Stone,D,CGY,48,639.0,494.5,46.431924882629104,10.302083333333334,0.731037857917279,-0.5325077549737427,0.35197417404997255,59,20,39,0,0,1,9,3,3,54,54,6,6,0,6
8477496,Elias Lindholm,C,CGY,80,1492.1,1460.0,58.70920179612627,18.25,0.7042440973707718,1.5685383957344488,0.9635323868798749,50,12,38,13,317,0,12,7,14,67,98,14,1,9,33
8473453,Trevor Lewis,C,CGY,82,993.7,932.5,56.304719734326255,11.371951219512194,0.5601869325550449,-0.14757255694307975,0.34785908570560753,33,14,19,3,45,0,10,1,2,110,158,4,1,1,28
8477346,MacKenzie Weegar,D,CGY,81,1709.0,1216.5,42.70918665886483,15.018518518518519,0.4076909494944803,0.8830774528139613,0.5503069004903245,117,67,50,0,0,1,40,11,11,120,186,9,6,10,28
8475172,Nazem Kadri,C,CGY,82,1411.1,1228.5,52.23584437672738,14.981707317073171,0.31641275044886896,0.7530814182210135,0.44741335078051225,31,11,20,7,128,0,10,5,35,141,99,38,5,12,22
8476456,Jonathan Huberdeau,C,CGY,79,1332.3,629.0,28.32695338887638,7.962025316455696,-1.1160150910047295,-0.998367800887111,-1.0807209039694439,27,6,21,8,0,0,14,10,38,63,65,22,5,4,30
8478397,Rasmus Andersson,D,CGY,79,1902.9,842.5,26.564717010878134,10.664556962025317,-0.9945737371489171,-0.4237153541789128,-0.8233162222579158,136,60,76,1,0,0,37,3,11,94,50,14,4,9,20
8478396,Noah Hanifin,D,CGY,81,1834.0,902.5,29.525627044711015,11.141975308641975,-0.7373971515253855,-0.2804235834110575,-0.6003050810910872,129,66,63,1,0,1,36,7,10,95,76,4,4,4,54
8478233,Andrew Mangiapane,L,CGY,82,1379.4,764.5,33.25358851674641,9.323170731707316,-0.3282928243846079,-0.09675701100140537,-0.2588320803696471,26,7,19,7,0,0,9,7,16,76,86,21,8,10,38
8478452,Caleb Jones,D,CHI,73,1402.3,965.5,41.310703843685374,13.226027397260275,0.2862225389884499,0.3450813144774737,0.303880171635157,118,83,35,0,0,0,40,4,5,98,116,8,6,3,26
8477478,William Carrier,L,VGK,74,884.5,831.5,56.40474844544941,11.236486486486486,1.0493011238484222,0.47110789911465534,0.875843156428292,22,1,21,8,0,0,2,3,3,86,133,15,8,1,18
8481147,Reese Johnson,C,CHI,57,627.6,885.0,84.60803059273422,15.526315789473685,2.255892956707343,0.888964223684515,1.8458143368004944,23,6,17,1,51,2,6,0,1,43,178,7,7,3,10
8473548,Phil Kessel,R,VGK,86,1097.5,346.0,18.915717539863326,4.023255813953488,-1.1814580372347747,-1.6697517981270733,-1.3279461655024642,28,6,22,6,2,0,7,5,15,47,10,5,2,4,32
8479980,Nicolas Hague,D,VGK,103,1873.8,1210.5,38.76080691642651,11.75242718446602,0.06474543298010771,-0.09720328851605924,0.016160816531257623,133,76,57,0,0,1,18,5,2,197,117,12,4,8,11
8480014,Gabriel Vilardi,R,LAK,68,1063.2,669.5,37.78216704288939,9.845588235294118,-0.05882285437338491,0.058294536541836355,-0.02368763709881853,33,10,23,9,10,0,10,1,5,96,41,27,2,3,20
8477955,Jared McCann,L,SEA,87,1407.0,690.5,29.445628997867807,7.936781609195402,-0.5548828528962988,-0.5082320811640814,-0.5408876213766336,28,3,25,7,4,0,11,3,14,75,65,22,2,4,52
8479987,Morgan Geekie,C,SEA,82,868.5,759.0,52.43523316062176,9.25609756097561,0.32835851763100304,-0.6754896673855462,0.027204062126038264,33,7,26,4,119,2,3,5,6,69,53,8,2,5,24
8477444,Andre Burakovsky,L,SEA,49,811.1,323.5,23.930464800887684,6.6020408163265305,-0.8830589289404049,-0.904378121605902,-0.8894546867400539,15,4,11,2,0,0,5,6,6,68,17,10,0,4,27
8482660,Kent Johnson,C,CBJ,79,1146.8,383.5,20.064527380537147,4.8544303797468356,-1.6110329928517626,-1.7737298079871944,-1.6598420373923921,30,6,24,4,4,0,9,5,26,69,15,11,1,2,24
8477946,Dylan Larkin,C,DET,80,1564.5,1072.5,41.1313518696069,13.40625,-0.34887884507075884,0.35999616343550234,-0.13621634251888048,27,10,17,3,229,1,14,7,26,64,47,23,9,7,49
8477429,Andrew Copp,C,DET,82,1488.7,972.0,39.1751192315443,11.853658536585366,-0.46608052107258485,-0.027383935257330697,-0.3344715453280086,45,18,27,3,269,1,20,6,18,56,32,9,4,2,24
8474102,David Perron,L,DET,82,1387.3,845.5,36.56743314351618,10.310975609756097,-0.13110476481085437,0.1964197565468865,-0.0328474084035321,24,5,19,8,0,0,10,4,18,72,107,28,10,1,39
8479992,Michael Rasmussen,C,DET,56,845.5,1080.0,76.64104080425784,19.285714285714285,1.7785752094563716,1.8269547993227946,1.7930890864162985,48,21,27,3,73,1,3,0,5,103,119,26,9,2,16
8480813,Joe Veleno,C,DET,81,1034.8,1147.0,66.50560494781601,14.160493827160494,1.1713416697070098,0.5481841414637333,0.9843944112340268,44,18,26,4,95,0,8,0,9,109,152,13,6,2,28
8477330,Dominik Kubalik,L,DET,81,1208.0,582.0,28.907284768211923,7.185185185185185,-0.5869166583351637,-0.7313030691586246,-0.630232581582202,26,7,19,4,1,0,9,5,5,45,89,19,4,0,12
8476874,Olli Määttä,D,DET,78,1459.2,974.0,40.04934210526316,12.487179487179487,0.17666409195125193,0.1233243876356695,0.1606621806565772,128,78,50,1,0,0,33,2,3,168,78,7,2,4,19
8479425,Filip Hronek,D,VAN,64,1388.8,661.5,28.578629032258064,10.3359375,-0.8196508210567263,-0.5223468059362483,-0.7304596165205829,58,36,22,0,0,0,23,5,4,71,102,10,4,2,10
8481542,Moritz Seider,D,DET,82,1898.2,1586.5,50.1475081656306,19.347560975609756,1.05376330766194,2.1823910711569807,1.392351636710452,190,127,63,1,0,0,33,6,7,87,207,20,8,5,24
8477479,Tyler Bertuzzi,L,BOS,50,824.4,455.0,33.114992721979625,9.1,-0.3365398724249334,-0.162993243669723,-0.28447588379837024,22,2,20,7,0,1,8,1,20,41,54,10,2,5,14
8482078,Lucas Raymond,L,DET,74,1285.8,603.5,28.161455902939807,8.155405405405405,-0.6312966952050458,-0.4433453618267631,-0.5749112951915609,20,7,13,7,2,0,7,7,13,96,43,23,4,2,31
8475279,Ben Chiarot,D,DET,76,1566.2,1263.5,48.40377984931681,16.625,0.9023078127227244,1.3652448806444724,1.0411889330992488,163,107,56,0,0,1,14,1,4,106,147,6,9,0,9
8477454,Adam Erne,L,DET,61,816.2,850.0,62.484685126194556,13.934426229508198,1.4110836005290093,1.2718462539014739,1.3693123965407485,55,11,44,2,5,1,5,3,9,51,160,8,4,2,14
8476460,Mark Scheifele,C,WPG,85,1729.1,1132.5,39.29790064195247,13.323529411764707,-0.458724449610677,0.33935692227669695,-0.2193000380444648,38,11,27,18,141,1,17,4,24,108,50,26,0,9,52
8475455,Brenden Dillon,D,WPG,87,1719.2,1181.0,41.21684504420661,13.574712643678161,0.27807021915945934,0.4497352867303735,0.3295697394307336,108,59,49,0,0,4,43,2,2,99,198,14,6,4,14
8476392,Adam Lowry,C,WPG,87,1373.4,1498.5,65.46526867627784,17.224137931034484,1.1090131141674606,1.3125801743443273,1.1700832322205206,46,11,35,8,252,6,14,4,6,121,161,9,2,3,25
8482149,Cole Perfetti,C,WPG,51,763.4,338.0,26.565365470264606,6.627450980392157,-1.2215552258888613,-1.3313514287116504,-1.254494086735698,22,2,20,3,1,0,8,3,7,51,35,5,2,3,16
8479400,Pierre-Luc Dubois,L,WPG,78,1452.0,1193.0,49.29752066115702,15.294871794871796,0.6263903921828339,1.675621374010783,0.9411596867312185,47,21,26,9,106,1,25,3,19,121,71,40,17,3,37
8477357,Saku Maenalanen,R,WPG,69,703.8,650.5,55.45609548167093,9.427536231884059,0.9928521776228681,-0.06578172360880051,0.6752620072533675,31,9,22,2,0,0,10,1,5,59,113,13,1,3,20
8477504,Josh Morrissey,D,WPG,81,1939.8,889.0,27.497680173213734,10.975308641975309,-0.9135390964943998,-0.33044671713410745,-0.7386113826863121,119,53,66,1,0,1,49,3,7,72,89,17,7,9,27
8476331,Dylan DeMelo,D,WPG,80,1591.2,946.5,35.69004524886878,11.83125,-0.20197256652081644,-0.0735455030647575,-0.16344444748399875,102,59,43,1,0,0,42,2,2,108,120,15,5,5,15
8478891,Mason Appleton,C,WPG,46,747.7,366.5,29.410191253176404,7.967391304347826,-1.0511162181741769,-0.9970289574320103,-1.0348900399515268,11,1,10,4,0,0,8,1,2,59,47,11,0,0,12
8477220,Nate Schmidt,D,WPG,76,1418.2,507.5,21.470878578479763,6.677631578947368,-1.437010677411613,-1.6203463636681001,-1.492011383288559,85,37,48,1,0,0,39,5,6,49,45,6,3,7,14
8480145,Neal Pionk,D,WPG,87,1935.6,1297.0,40.20458772473652,14.908045977011493,0.19014830386345447,0.8499203565147744,0.3880799196588504,129,86,43,2,0,2,45,2,4,144,169,13,9,7,22
8480289,Morgan Barron,C,WPG,75,993.0,788.0,47.61329305135952,10.506666666666666,0.03946677163413562,-0.36346580598973377,-0.08141300165302519,44,7,37,5,3,1,12,1,3,92,118,12,4,2,17
8471218,Blake Wheeler,R,WPG,77,1317.2,636.5,28.993319161858487,8.266233766233766,-0.5817972405438995,-0.41045192173309114,-0.5303936449006569,35,8,27,8,15,0,14,4,9,67,54,13,5,2,43
8478398,Kyle Connor,L,WPG,87,1795.1,474.5,15.859840677399589,5.454022988505747,-1.363295901308967,-1.245105489254807,-1.327838777692719,24,4,20,4,1,0,8,3,29,71,43,9,0,8,34
8477940,Nikolaj Ehlers,L,WPG,46,725.3,336.5,27.836757203915624,7.315217391304348,-0.6506176693658385,-0.6927100001078897,-0.6632453685884538,10,2,8,1,1,1,10,4,9,37,36,17,0,2,28
8476474,Stefan Noesen,R,CAR,93,1217.3,702.0,34.60116651606013,7.548387096774194,-0.2481061165762895,-0.6235061096848452,-0.36072611450885617,18,5,13,10,8,2,7,3,21,72,99,11,3,4,23
8479365,Trent Frederic,C,BOS,84,993.0,821.5,49.637462235649544,9.779761904761905,0.16073865734655876,-0.5448325370598992,-0.05093270097537862,36,6,30,8,4,7,9,5,6,126,105,12,1,1,23
8480188,Fabian Zetterlund,L,SJS,67,888.2,414.5,28.00045034902049,6.186567164179104,-0.6408772206471498,-1.0276891368123389,-0.7569207954967065,20,2,18,1,2,0,6,9,8,72,53,9,1,2,19
8480459,Pius Suter,C,DET,79,1110.9,586.0,31.650013502565486,7.417721518987341,-0.9169241407765908,-1.134174588281423,-0.9820992750280404,37,13,24,5,77,0,9,0,6,26,39,9,1,5,26
8480002,Nico Hischier,C,NJD,93,1800.2,1458.0,48.59460059993334,15.67741935483871,0.09825880236111409,0.9266653932730728,0.3467807796347017,61,15,46,13,288,0,15,3,23,117,34,30,3,6,58
8477494,Jonathan Drouin,L,MTL,58,864.7,376.5,26.124667514744996,6.491379310344827,-0.7524943961431203,-0.9372220398094923,-0.8079126892430318,23,10,13,1,44,0,10,3,6,23,29,8,0,1,30
8479337,Alex DeBrincat,R,OTT,82,1558.5,843.5,32.473532242540905,10.286585365853659,-0.3747095398293668,0.1891808240148302,-0.20554243067610767,38,9,29,6,2,1,19,7,13,84,109,24,5,7,37
8479458,Nikita Zaitsev,D,CHI,46,757.3,633.5,50.19146969496897,13.771739130434783,1.0575816864322658,0.5088705804944291,0.8929683546509147,72,54,18,0,0,0,22,1,0,66,95,3,1,0,7
8473504,Cal Clutterbuck,R,NYI,55,672.7,839.5,74.87735989296863,15.263636363636364,2.148501242396795,1.6663508156585407,2.0038561143753184,33,5,28,1,0,0,7,3,5,53,194,6,6,0,10
8481122,Simon Benoit,D,ANA,78,1509.2,1297.0,51.56374238006891,16.628205128205128,1.1767735563863788,1.3662068639853,1.233603548666055,128,86,42,0,0,2,29,3,3,97,216,10,5,2,7
8480023,Robert Thomas,C,STL,73,1412.1,878.5,37.3273847461228,12.034246575342467,-0.576781863174843,0.017673772404294134,-0.39844517250110184,29,9,20,2,212,0,12,5,23,66,15,14,3,3,64
8480281,Alexey Toropchenko,R,STL,69,833.3,769.0,55.370214808592344,11.144927536231885,0.9877419068689368,0.443933547507097,0.8245993990603848,46,6,40,3,0,0,11,2,10,92,122,10,5,2,16
8478569,Noel Acciari,C,TOR,77,1102.1,1629.0,88.68523727429454,21.155844155844157,2.500166284524819,2.293562474767583,2.438185141597648,81,20,61,3,139,1,9,1,3,116,244,16,2,5,28
8477402,Pavel Buchnevich,L,STL,63,1225.5,570.5,27.93145654834761,9.055555555555555,-0.644982649600397,-0.17618418739480385,-0.504343110938719,23,12,11,10,19,0,9,6,16,55,54,8,2,9,26
8475753,Justin Faulk,D,STL,82,1916.9,991.5,31.034482758620683,12.091463414634147,-0.6063420514825363,0.004554639555894766,-0.42307304417100694,140,77,63,2,0,0,45,6,7,64,112,6,2,12,39
8475181,Nick Leddy,D,STL,78,1647.7,664.0,24.179158827456455,8.512820512820513,-1.2017768272152765,-1.0695349549909112,-1.1621042655479668,96,64,32,0,0,0,26,2,6,46,43,14,1,9,34
8476892,Colton Parayko,D,STL,79,1817.2,1145.5,37.82192383887299,14.5,-0.01680339539559292,0.7274499256755829,0.2064726009257598,144,80,64,0,0,0,44,1,4,118,115,7,8,15,44
8476792,Torey Krug,D,STL,63,1170.8,587.0,30.08199521694568,9.317460317460318,-0.6890725265790163,-0.8280313277125955,-0.73076016691909,87,51,36,0,0,1,16,6,8,42,40,11,6,4,15
8475170,Brayden Schenn,C,STL,82,1511.2,1227.0,48.716251985177344,14.963414634146341,0.10554717183268263,0.7485172933468708,0.29843820828693907,41,12,29,8,167,2,18,3,26,71,140,16,3,5,36
8478859,Niko Mikkola,D,NYR,81,1411.9,1089.5,46.29931298250584,13.450617283950617,0.7195195492564104,0.4124894540860078,0.6274105207052896,106,64,42,1,0,2,28,3,3,150,151,7,5,2,7
8479385,Jordan Kyrou,C,STL,79,1422.3,510.5,21.53554102510019,6.462025316455696,-1.5229017239986427,-1.3726260405667847,-1.4778190189690852,35,9,26,5,2,0,11,9,35,95,14,11,2,13,41
8475158,Ryan O'Reilly,C,TOR,53,950.8,827.0,52.18763146823727,15.60377358490566,0.3135242219732581,0.9082903691297413,0.491954066120203,23,8,15,10,199,0,6,0,4,34,18,8,2,10,36
8476438,Brandon Saad,L,STL,71,1182.5,383.0,19.433403805496827,5.394366197183099,-1.1506534698257835,-1.2628114002408157,-1.184300848950293,31,12,19,6,0,0,11,4,11,29,24,9,2,5,29
8479977,Kailer Yamamoto,R,EDM,70,1138.0,672.5,35.45694200351494,9.607142857142858,-0.19718378109959966,-0.012475153663889002,-0.14177119286888645,24,4,20,3,0,0,8,1,8,102,77,16,2,10,35
8477998,Warren Foegele,L,EDM,79,993.4,736.0,44.4533923897725,9.316455696202532,0.33814385025253924,-0.0987500082491549,0.20707569270203097,22,3,19,5,2,0,9,2,16,78,96,17,6,6,43
8477450,Jason Dickinson,C,CHI,78,1243.2,1270.5,61.317567567567565,16.28846153846154,0.8605163290525194,1.0791237746148759,0.9260985627212264,80,25,55,2,163,0,21,5,10,115,112,12,4,10,44
8478104,Sammy Blais,L,STL,71,837.6,1175.0,84.16905444126076,16.549295774647888,2.701397175817708,2.047929686814698,2.5053569291168047,35,6,29,5,1,0,10,4,9,107,238,19,5,3,13
8478841,Colton White,D,ANA,46,668.4,398.5,35.77199281867146,8.66304347826087,-0.19485482367784407,-1.0244472140599346,-0.4437325407924712,37,26,11,0,0,0,8,1,3,92,34,3,2,1,6
8479976,Juuso Välimäki,D,ARI,78,1417.7,768.5,32.524511532764336,9.852564102564102,-0.47692220817881054,-0.6674259185248542,-0.5340733212826236,98,54,44,2,0,1,39,6,4,147,53,11,4,5,12
8479972,Mason Shaw,C,MIN,59,666.1,653.0,58.81999699744783,11.067796610169491,0.7108820518937607,-0.22346080273178565,0.4305791955060968,27,7,20,3,5,7,10,2,6,84,87,14,5,2,15
8478466,Daniel Sprong,R,SEA,76,839.1,335.0,23.954236682159454,4.407894736842105,-0.8816443993929025,-1.555592414435335,-1.0838288039056323,17,2,15,6,0,0,11,2,8,42,33,6,2,3,18
8483565,Nick Blankenburg,D,CBJ,36,690.3,471.5,40.982181660147766,13.097222222222221,0.2576879963990489,0.3064218835065772,0.27230816253130735,49,26,23,1,0,0,10,1,2,48,61,5,1,2,10
8474574,Tyler Myers,D,VAN,78,1630.7,953.5,35.0830931501809,12.224358974358974,-0.25469077362403003,0.04444175368778272,-0.1649510154304862,144,83,61,0,0,2,40,2,6,89,93,4,8,4,21
8481624,Ilya Mikheyev,R,VAN,46,778.0,234.5,18.08483290488432,5.0978260869565215,-1.2308992595472592,-1.3508233881309473,-1.2668764981223655,14,3,11,4,0,0,4,3,3,27,13,11,0,0,12
8482222,Alexander Barabanov,L,SJS,68,1227.6,525.5,25.684261974584558,7.727941176470588,-0.7787004268025658,-0.5702151350649591,-0.7161548392812838,37,9,28,6,0,0,10,7,18,96,40,9,1,4,24
8479772,Zack MacEwen,C,LAK,56,648.1,796.5,73.73862058324332,14.223214285714286,1.6046856077056382,0.5638332404038963,1.2924298975151156,29,4,25,1,3,8,10,1,2,78,150,9,8,1,12
8480246,Nick Perbix,D,TBL,75,1175.0,757.5,38.680851063829785,10.1,0.057800685271976265,-0.5931608046129413,-0.137487761693499,65,40,25,0,0,0,20,4,4,151,73,12,1,5,22
8474013,Ian Cole,D,TBL,84,1625.0,1097.0,40.50461538461539,13.05952380952381,0.2162078896930121,0.29510712706922104,0.23987766090587476,123,71,52,1,0,1,34,4,7,146,117,6,10,7,26
8480049,Dylan Samberg,D,WPG,68,1018.5,754.0,44.41826215022091,11.088235294117647,0.5561365943865819,-0.29655304700803214,0.30032970196819764,93,47,46,0,0,1,33,3,3,89,91,8,3,3,17
8476410,Josh Leivo,L,STL,51,606.5,369.5,36.55399835119538,7.245098039215686,-0.1319041929455094,-0.7135211597253047,-0.30638928297944795,13,2,11,1,1,1,5,2,3,34,55,7,2,2,28
8476891,Matt Grzelcyk,D,BOS,79,1344.5,586.0,26.15098549646709,7.417721518987341,-1.0305093302690325,-1.3982166554418776,-1.140821527820886,78,41,37,0,0,0,16,6,11,94,51,4,3,1,12
8480860,Kevin Bahl,D,NJD,53,737.5,427.0,34.73898305084746,8.056603773584905,-0.2845792401474758,-1.2064633007117713,-0.5611444583167644,38,23,15,0,0,1,9,1,2,50,64,2,3,0,8
8478413,Jordan Greenway,L,BUF,62,837.3,670.5,48.04729487638839,10.814516129032258,0.551996561362857,0.34586868624095807,0.4901581988262873,39,12,27,4,0,0,4,3,6,56,107,11,4,3,9
8476931,Jake McCabe,D,TOR,76,1480.1,1302.5,52.800486453618,17.138157894736842,1.2841937800646255,1.519263476581232,1.3547146890196073,151,100,51,0,0,2,32,2,8,116,163,15,1,7,25
8475750,Jon Merrill,D,MIN,75,1138.5,799.5,42.134387351778656,10.66,0.35776544634643787,-0.42508307530349265,0.12291088985145873,107,67,40,0,0,0,12,0,2,121,47,8,6,4,14
8480157,Calle Rosen,D,STL,49,764.5,291.0,22.838456507521254,5.938775510204081,-1.318226581189106,-1.8421057392410956,-1.475390328604703,51,37,14,0,0,0,24,0,1,48,16,2,1,3,7
8480222,Sebastian Aho,D,NYI,77,1285.5,581.0,27.117852975495918,7.545454545454546,-0.9465298529577336,-1.3598790178589644,-1.0705346024281028,69,40,29,1,0,0,23,3,12,104,38,16,0,0,14
8477244,Chad Ruhwedel,D,PIT,47,684.7,578.0,50.64991967284942,12.297872340425531,1.097401403560872,0.06650596733485617,0.7881327726930671,51,32,19,0,0,0,9,0,1,52,90,3,2,8,6
8479439,Jacob MacDonald,D,SJS,58,698.3,488.5,41.9733638837176,8.422413793103448,0.34377938623383303,-1.0966695195701253,-0.08835528550735444,43,20,23,0,0,1,16,7,11,76,69,6,2,1,9
8480853,Liam Foudy,C,CBJ,62,752.4,440.5,35.12759170653907,7.104838709677419,-0.7085757132926398,-1.212240567906998,-0.8596751696769472,18,3,15,4,3,0,1,3,3,46,60,9,0,0,23
8473544,Derick Brassard,C,OTT,62,755.2,606.0,48.146186440677965,9.774193548387096,0.07139344392412976,-0.5462218725630626,-0.11389115102202796,10,3,7,6,63,0,10,2,12,30,90,8,3,5,11
8475747,Patrik Nemeth,D,ARI,75,1332.8,972.5,43.78001200480192,12.966666666666667,0.500699924140949,0.2672370954235215,0.4306610755257207,118,76,42,0,0,0,27,0,3,127,116,6,2,1,12
8475752,Tyler Pitlick,C,STL,61,614.6,642.0,62.67491051090139,10.524590163934427,0.9418373666288719,-0.35899379496551004,0.5515880181505572,29,8,21,2,1,0,1,3,2,70,103,12,2,2,17
8473419,Brad Marchand,L,BOS,80,1497.1,842.5,33.765279540444865,10.53125,-0.2978449997493416,0.26179636597702266,-0.1299525900314323,22,5,17,5,3,0,16,16,52,99,81,41,14,1,41
8477499,Rasmus Ristolainen,D,PHI,74,1407.8,1265.0,53.91390822560023,17.094594594594593,1.3809025643253277,1.5061884398506333,1.4184883269829194,142,85,57,2,0,0,40,2,1,154,162,6,6,4,20
8470595,Eric Staal,C,FLA,93,1269.5,759.0,35.87239070500197,8.161290322580646,-0.6639533666423025,-0.9486500872723889,-0.7493623828313284,45,21,24,7,145,0,11,5,15,43,27,9,2,4,29
8480326,Sheldon Dries,C,VAN,63,726.5,687.5,56.77907777013076,10.912698412698413,0.5886066387492339,-0.2621586549737964,0.3333770506323248,40,12,28,6,73,3,9,2,7,32,84,9,1,1,3
8479945,Gavin Bayreuther,D,CBJ,51,813.3,552.0,40.72298045001845,10.823529411764707,0.2351744848607553,-0.3760015535093468,0.05182167334972468,71,36,35,0,0,1,8,1,0,60,54,5,4,1,8
8479383,Boris Katchouk,L,CHI,58,701.2,487.0,41.67142042213348,8.39655172413793,0.17260450973673297,-0.37177404262876196,0.009290944027084483,15,2,13,2,1,1,8,5,4,42,85,10,3,3,21
8477851,Jordan Oesterle,D,DET,52,814.1,465.0,34.27097408180813,8.942307692307692,-0.32522922522754183,-0.9406291873199744,-0.5098492138552716,68,38,30,0,0,1,16,0,2,59,41,5,2,1,3
8476469,Joel Armia,R,MTL,43,642.7,335.0,31.274311498366266,7.790697674418604,-0.4460683505696564,-0.5515892428266118,-0.47772461824674295,25,9,16,2,1,0,7,5,1,41,37,5,3,1,17
8480845,Rasmus Kupari,C,LAK,72,713.0,664.0,55.8765778401122,9.222222222222221,0.5345361246745569,-0.68394175048581,0.16899276212644682,34,8,26,0,62,0,9,1,2,79,80,9,2,2,14
8475625,Matt Irwin,D,WSH,61,795.3,827.5,62.42927197284044,13.565573770491802,2.1205238796757158,0.44699235627749817,1.6184644226562503,75,47,28,0,0,4,16,0,2,104,117,7,3,1,8
8479580,Dylan Gambrell,C,OTT,60,683.3,580.0,50.92931362505489,9.666666666666666,0.23813596942368648,-0.573050420210351,-0.005219947466524766,45,16,29,3,40,0,12,0,5,71,60,5,1,1,13
8478451,Ethan Bear,D,VAN,61,1130.2,608.5,32.304016988143694,9.975409836065573,-0.4960737641147221,-0.6305551471993526,-0.5364181790401112,82,56,26,0,0,1,24,1,3,99,39,9,2,3,14
8476441,Joel Edmundson,D,MTL,61,1193.5,931.5,46.82865521575199,15.270491803278688,0.7654967747097471,0.958704412723126,0.8234590661137607,149,90,59,1,0,2,62,5,4,51,112,12,6,3,9
8476873,Mark Jankowski,C,NSH,50,622.0,555.5,53.58520900321543,11.11,0.3972557916520886,-0.2129308251407983,0.2141998066142225,31,7,24,0,100,0,7,3,2,42,45,6,3,0,15
8477947,Sonny Milano,L,WSH,64,826.0,515.5,37.445520581113804,8.0546875,-0.07885477199065878,-0.4732380568287543,-0.19716975744208742,15,5,10,10,0,0,3,2,16,115,39,7,0,4,17
8480043,Timothy Liljegren,D,TOR,72,1276.2,882.0,41.46685472496473,12.25,0.2997853794769014,0.0521376204144058,0.2254910517581527,93,55,38,0,0,0,33,2,2,144,107,7,6,2,9
8479325,Charlie McAvoy,D,BOS,74,1672.6,1069.5,38.36541910797561,14.452702702702704,0.030403124226152416,0.7132541715109337,0.2352584384115868,131,81,50,1,0,0,24,7,14,140,84,16,9,3,23
8477406,Mattias Janmark,C,EDM,71,1010.0,433.0,25.722772277227723,6.098591549295775,-1.2720366116352189,-1.463304761858401,-1.3294170567021735,26,5,21,4,3,0,13,3,10,97,20,10,4,3,24
8480205,Emil Bemstrom,R,CBJ,55,666.0,245.5,22.117117117117118,4.463636363636364,-0.9909609434786745,-1.5390485095361157,-1.1553872132959069,21,3,18,1,0,0,4,2,3,38,16,8,0,1,15
8481013,Jonatan Berggren,R,DET,67,901.8,381.0,25.34930139720559,5.686567164179104,-0.7986320270210849,-1.176087253719499,-0.9118685950306091,28,4,24,7,1,0,9,2,15,68,20,6,3,2,14
8480011,Klim Kostin,C,EDM,69,666.2,839.5,75.60792554788351,12.166666666666666,1.7166792788833878,0.050713312589105164,1.216889488995103,15,2,13,4,1,4,6,0,10,70,157,20,7,2,10
8481704,Juuso Parssinen,C,NSH,45,645.0,599.5,55.76744186046512,13.322222222222223,0.5279975773270357,0.3390307713052986,0.4713075355205145,18,7,11,4,45,1,3,6,8,50,76,9,2,4,22
8479591,Michael Eyssimont,C,TBL,54,661.7,743.5,67.41725857639412,13.768518518518519,1.225960599543657,0.45038414879023847,0.9932876643176314,19,7,12,1,2,3,6,2,7,102,107,18,6,6,23
8478013,Jake Walman,D,DET,63,1242.3,780.5,37.69620864525477,12.38888888888889,-0.0277226749030093,0.09382356518361437,0.0087411971229778,121,80,41,1,0,1,32,2,2,43,47,17,6,6,27
8477887,Patrick Brown,C,OTT,61,694.0,982.5,84.94236311239193,16.10655737704918,2.275923463756138,1.0337376871211448,1.90326773076564,42,10,32,2,91,2,10,1,2,70,167,6,1,1,8
8476875,Mike Matheson,D,MTL,48,1173.7,553.0,28.26957484876885,11.520833333333334,-0.8464944261559112,-0.16671358962393845,-0.6425601751963194,80,42,38,1,0,1,64,2,7,60,53,9,5,7,35
8474567,Zach Bogosian,D,TBL,51,752.8,626.5,49.933581296493095,12.284313725490197,1.0351822021405757,0.0624365008867987,0.7433584917644426,50,31,19,0,0,0,15,5,5,52,114,5,6,0,5
8479345,Jakob Chychrun,D,OTT,48,1089.8,595.0,32.758304276013945,12.395833333333334,-0.4566156069091122,0.09590786242207486,-0.290858566109756,83,52,31,2,0,0,27,3,16,78,55,4,0,4,14
8478438,Tommy Novak,C,NSH,51,747.3,436.0,35.00602167804095,8.549019607843137,-0.7158592085244136,-0.8519095007559901,-0.7566742961938866,23,11,12,4,39,0,8,2,5,76,9,11,0,5,21
8480893,Kirill Marchenko,R,CBJ,59,955.2,523.0,32.85175879396985,8.864406779661017,-0.352203427396375,-0.2329164241785202,-0.31641732643101855,39,5,34,8,0,0,4,3,12,61,34,12,2,2,29
8481072,Tim Berni,D,CBJ,59,1000.9,763.5,45.768808072734544,12.940677966101696,0.6734413368850304,0.2594368779616223,0.5492399992080079,74,47,27,0,0,0,18,6,1,76,122,2,3,2,17
8481598,Philip Broberg,D,EDM,55,641.7,281.5,26.320710612435718,5.118181818181818,-1.015767468705996,-2.088397747171022,-1.3375565522455037,35,20,15,1,0,0,26,0,0,54,28,3,0,4,8
8478519,Anthony Cirelli,C,TBL,64,1067.4,1004.5,56.464305789769526,15.6953125,0.569748041392793,0.9311298312800044,0.6781625783589564,46,20,26,9,170,1,4,2,9,63,34,19,6,8,32
8477392,Hudson Fasching,R,NYI,55,681.7,392.0,34.5019803432595,7.127272727272727,-0.25400812199715594,-0.7484912685579725,-0.4023530659654009,22,4,18,5,0,0,2,1,9,42,45,8,0,3,13
8481546,Cam York,D,PHI,54,1060.9,560.0,31.671222546894143,10.37037037037037,-0.55103656674721,-0.5120121654622154,-0.5393292463617116,69,36,33,0,0,0,20,1,2,88,44,13,1,1,12
8478831,Kevin Stenlund,C,WPG,59,697.3,689.0,59.285816721640614,11.677966101694915,0.7387902113467039,-0.07122016286208782,0.49578709908406626,28,6,22,3,159,0,8,2,2,57,31,6,2,1,24
8482111,Justin Barron,D,MTL,39,635.8,327.5,30.905945265806864,8.397435897435898,-0.6175064682154808,-1.104166355260715,-0.7635044343290511,38,20,18,0,0,0,25,4,5,37,49,8,1,0,5
8473563,Nicklas Backstrom,C,WSH,39,658.2,389.5,35.50592525068368,9.987179487179487,-0.685909019874533,-0.49308071087708727,-0.6280605271752993,23,10,13,3,65,0,8,3,11,26,24,3,2,3,13
8479576,Vincent Desharnais,D,EDM,48,650.7,434.0,40.018441678192715,9.041666666666666,0.17398016497019536,-0.9108077037543099,-0.15145619564715618,48,39,9,0,0,1,14,2,0,45,45,6,7,1,4
8477407,Anthony Duclair,L,FLA,40,603.5,154.0,15.310687655343827,3.85,-1.3959728765520074,-1.7211734711949032,-1.493533054944876,9,0,9,0,0,0,3,2,4,27,20,4,0,2,4
